{"features":[{"type":"Feature","properties":{"yomi":"やましろ","id_url":"K01.html","name":"山城","number":8,"pref":"京都府","id":"K01"},"geometry":{"type":"Polygon","coordinates":[[[135.795219,35.321208],[135.795406,35.321124],[135.796344,35.320916],[135.796894,35.320666],[135.797381,35.320399],[135.797906,35.319966],[135.798544,35.319566],[135.799306,35.319266],[135.800793,35.318816],[135.801368,35.318525],[135.801731,35.31825],[135.802856,35.317691],[135.803356,35.317375],[135.804043,35.317217],[135.804643,35.317125],[135.805831,35.316833],[135.806931,35.317008],[135.807418,35.31705],[135.808493,35.316917],[135.809018,35.316783],[135.809268,35.316508],[135.809368,35.316108],[135.809293,35.3152],[135.810055,35.315117],[135.810418,35.315],[135.81053,35.314575],[135.810493,35.314434],[135.810718,35.314192],[135.81113,35.313875],[135.811268,35.313492],[135.81118,35.3129],[135.811243,35.3125],[135.811455,35.311775],[135.81143,35.310717],[135.811318,35.310067],[135.811093,35.309792],[135.810743,35.309617],[135.810443,35.309526],[135.810193,35.309409],[135.810193,35.309117],[135.81038,35.308759],[135.810743,35.308284],[135.811543,35.308059],[135.811818,35.307926],[135.813293,35.307401],[135.814367,35.307068],[135.814505,35.307001],[135.814642,35.306818],[135.814967,35.305918],[135.815405,35.30416],[135.815542,35.303685],[135.815742,35.30326],[135.815705,35.302893],[135.81563,35.302602],[135.815655,35.302335],[135.81563,35.302043],[135.81538,35.301727],[135.81513,35.301518],[135.814967,35.301227],[135.815055,35.301027],[135.815292,35.300843],[135.81568,35.300643],[135.816342,35.300102],[135.816892,35.299918],[135.818342,35.299852],[135.81898,35.299735],[135.819442,35.299494],[135.819855,35.299194],[135.819992,35.298677],[135.820242,35.298269],[135.82068,35.297885],[135.82118,35.297369],[135.821367,35.297077],[135.821417,35.296719],[135.821367,35.296535],[135.821342,35.295994],[135.821367,35.295502],[135.821305,35.294669],[135.821255,35.294619],[135.820867,35.294577],[135.820617,35.294444],[135.820517,35.294219],[135.820567,35.293402],[135.820292,35.292619],[135.820267,35.292253],[135.820455,35.291603],[135.82018,35.291286],[135.820067,35.290969],[135.820617,35.290003],[135.82098,35.289553],[135.821855,35.288895],[135.822017,35.28872],[135.822654,35.287703],[135.823092,35.287203],[135.823804,35.286278],[135.824129,35.285895],[135.824379,35.285445],[135.824542,35.285312],[135.824879,35.285153],[135.825154,35.284862],[135.825342,35.284412],[135.825617,35.283329],[135.825554,35.282904],[135.825204,35.282045],[135.825279,35.28182],[135.825754,35.281437],[135.826817,35.280712],[135.827229,35.280312],[135.827567,35.279654],[135.828304,35.278821],[135.828466,35.278329],[135.828691,35.277896],[135.829091,35.277379],[135.829541,35.276929],[135.829891,35.276654],[135.830666,35.276479],[135.831454,35.276229],[135.831679,35.276096],[135.832479,35.275329],[135.832966,35.275096],[135.833541,35.274763],[135.834341,35.274171],[135.834891,35.274155],[135.835441,35.274238],[135.836178,35.274513],[135.836841,35.274713],[135.837416,35.27478],[135.837966,35.274671],[135.838028,35.274846],[135.838053,35.275188],[135.838191,35.275505],[135.838491,35.275654],[135.838691,35.275679],[135.839753,35.275521],[135.840253,35.275638],[135.840365,35.275863],[135.84039,35.277121],[135.840665,35.277571],[135.841103,35.277888],[135.84179,35.278154],[135.842453,35.278271],[135.843278,35.278313],[135.844677,35.278338],[135.84539,35.278488],[135.846027,35.278738],[135.84644,35.279096],[135.846552,35.279279],[135.848065,35.279188],[135.848202,35.279321],[135.84864,35.279479],[135.849165,35.279746],[135.84949,35.280062],[135.849677,35.280429],[135.850177,35.282137],[135.850377,35.282721],[135.85079,35.283329],[135.851114,35.283712],[135.851252,35.284095],[135.851427,35.285062],[135.851589,35.285587],[135.851777,35.286012],[135.852114,35.286303],[135.853564,35.28682],[135.853902,35.287137],[135.854389,35.287878],[135.854777,35.28822],[135.855252,35.288462],[135.855852,35.288645],[135.856977,35.289045],[135.858401,35.289295],[135.858439,35.289136],[135.858401,35.288212],[135.858439,35.28772],[135.858564,35.287045],[135.858789,35.286678],[135.859389,35.286028],[135.859664,35.285554],[135.859914,35.284445],[135.860076,35.28357],[135.860239,35.28332],[135.860601,35.28312],[135.860764,35.282987],[135.860676,35.282987],[135.859714,35.282421],[135.858864,35.281721],[135.858676,35.281362],[135.858564,35.280912],[135.858589,35.280196],[135.858476,35.279138],[135.858501,35.278663],[135.858451,35.278371],[135.858226,35.278096],[135.856164,35.276971],[135.855202,35.27623],[135.854814,35.275896],[135.854627,35.27558],[135.854514,35.275196],[135.854839,35.27353],[135.855064,35.272672],[135.855114,35.27213],[135.855052,35.271613],[135.854814,35.271322],[135.854402,35.271047],[135.853514,35.270597],[135.853077,35.270147],[135.852639,35.269405],[135.852439,35.269155],[135.852189,35.269005],[135.851102,35.268714],[135.850689,35.26853],[135.849864,35.267947],[135.849477,35.267855],[135.848865,35.267672],[135.848427,35.267497],[135.847665,35.266955],[135.847252,35.26648],[135.846915,35.265897],[135.846315,35.264481],[135.846252,35.264114],[135.84614,35.263756],[135.845677,35.263122],[135.845202,35.262747],[135.844902,35.262406],[135.844652,35.261839],[135.844627,35.261439],[135.844952,35.260698],[135.845452,35.259773],[135.84594,35.258665],[135.846052,35.258173],[135.846027,35.257065],[135.84559,35.256931],[135.845252,35.256748],[135.845002,35.25639],[135.844627,35.256073],[135.844215,35.255807],[135.84369,35.255623],[135.843415,35.255448],[135.84319,35.255082],[135.843115,35.254707],[135.84294,35.25434],[135.84259,35.253982],[135.842453,35.253732],[135.842365,35.25349],[135.84234,35.253215],[135.842365,35.253198],[135.842328,35.253148],[135.842878,35.252632],[135.843478,35.252199],[135.843653,35.252049],[135.843977,35.25184],[135.84409,35.251799],[135.844115,35.251732],[135.84409,35.251615],[135.843952,35.25139],[135.843115,35.250632],[135.842815,35.250316],[135.842728,35.250116],[135.84279,35.249932],[135.84279,35.249666],[135.842615,35.249532],[135.84224,35.249332],[135.841878,35.249107],[135.84099,35.248749],[135.840828,35.248682],[135.840578,35.248432],[135.840528,35.248299],[135.84014,35.247966],[135.840115,35.247824],[135.840003,35.247649],[135.839778,35.246933],[135.839728,35.246391],[135.83969,35.245916],[135.839578,35.245291],[135.839603,35.245108],[135.83974,35.244866],[135.839878,35.244725],[135.839928,35.244258],[135.839878,35.243941],[135.83979,35.243758],[135.839628,35.243608],[135.839103,35.243358],[135.838828,35.243133],[135.838578,35.242842],[135.838141,35.242442],[135.837728,35.242167],[135.837566,35.242033],[135.837291,35.241608],[135.836903,35.241292],[135.836491,35.241117],[135.836128,35.241117],[135.835228,35.2413],[135.834841,35.24125],[135.834679,35.241208],[135.834591,35.241117],[135.834504,35.240942],[135.834566,35.240733],[135.834754,35.240492],[135.834866,35.2404],[135.835053,35.240083],[135.835029,35.239925],[135.835141,35.239684],[135.835241,35.239567],[135.835541,35.239409],[135.836291,35.239142],[135.836503,35.239025],[135.836641,35.238917],[135.837078,35.238217],[135.837378,35.237676],[135.837491,35.237542],[135.837678,35.237067],[135.837791,35.236617],[135.837866,35.236059],[135.837891,35.235434],[135.837666,35.234693],[135.837428,35.234468],[135.837341,35.234243],[135.837453,35.234043],[135.837503,35.233818],[135.837416,35.233501],[135.837141,35.232784],[135.837091,35.232509],[135.837141,35.232018],[135.837003,35.231835],[135.837028,35.231435],[135.837216,35.231143],[135.837303,35.23076],[135.837603,35.230243],[135.837678,35.229477],[135.837678,35.229277],[135.837728,35.229093],[135.837678,35.228377],[135.837703,35.227927],[135.837641,35.227635],[135.837666,35.227077],[135.837778,35.226802],[135.837916,35.226627],[135.838053,35.226202],[135.837991,35.22606],[135.837716,35.226019],[135.837166,35.225819],[135.836591,35.225344],[135.836341,35.225235],[135.835704,35.224785],[135.835079,35.224335],[135.834941,35.224177],[135.834554,35.223977],[135.834366,35.22391],[135.834004,35.223869],[135.832991,35.223619],[135.832741,35.223485],[135.832404,35.223102],[135.832329,35.222969],[135.831992,35.222727],[135.831667,35.222594],[135.831329,35.222569],[135.830892,35.222702],[135.830792,35.222685],[135.830429,35.222394],[135.830179,35.222027],[135.830042,35.221894],[135.829817,35.221494],[135.829792,35.221269],[135.829679,35.221019],[135.829454,35.220727],[135.829267,35.220327],[135.829292,35.219986],[135.829479,35.219744],[135.830092,35.219336],[135.830529,35.218911],[135.830742,35.218411],[135.830742,35.218186],[135.830629,35.217944],[135.830654,35.217894],[135.830492,35.217694],[135.830242,35.217536],[135.829917,35.217086],[135.829854,35.216936],[135.829879,35.216886],[135.829804,35.216661],[135.829829,35.216053],[135.829967,35.215653],[135.830104,35.215469],[135.830317,35.215294],[135.830367,35.215178],[135.830779,35.214819],[135.831304,35.214636],[135.831929,35.214461],[135.832379,35.214253],[135.832504,35.214161],[135.832479,35.213961],[135.831929,35.212995],[135.831729,35.212503],[135.831654,35.211986],[135.831379,35.21127],[135.831017,35.210645],[135.830992,35.210461],[135.831092,35.210328],[135.831754,35.210053],[135.832104,35.209828],[135.832517,35.209537],[135.833617,35.208928],[135.833829,35.20877],[135.834129,35.208387],[135.834354,35.208078],[135.834604,35.207828],[135.834929,35.207353],[135.835392,35.206862],[135.835529,35.206587],[135.835604,35.20632],[135.835554,35.20607],[135.835579,35.206028],[135.835442,35.205737],[135.835392,35.205262],[135.835517,35.204662],[135.835579,35.204229],[135.835879,35.203737],[135.835929,35.203354],[135.835929,35.20322],[135.835792,35.203037],[135.835704,35.202862],[135.835129,35.202229],[135.835154,35.20212],[135.835267,35.202029],[135.835429,35.201787],[135.835454,35.201312],[135.835567,35.201062],[135.835704,35.200904],[135.835917,35.200521],[135.836167,35.200296],[135.836654,35.200029],[135.836904,35.199804],[135.836954,35.199671],[135.836954,35.199329],[135.836867,35.199037],[135.837142,35.198096],[135.837054,35.197179],[135.837242,35.196838],[135.837329,35.196213],[135.837704,35.195738],[135.837954,35.195446],[135.838279,35.194705],[135.838604,35.194296],[135.838829,35.193896],[135.838991,35.193238],[135.839154,35.193013],[135.839316,35.192705],[135.839641,35.191713],[135.839854,35.191372],[135.840029,35.191197],[135.840291,35.191014],[135.840541,35.190905],[135.841004,35.190747],[135.841391,35.190589],[135.841616,35.190405],[135.841754,35.19023],[135.841941,35.189797],[135.842129,35.188497],[135.842266,35.187939],[135.842341,35.187797],[135.842129,35.187731],[135.841991,35.187597],[135.841441,35.187331],[135.841104,35.187106],[135.840879,35.186839],[135.840779,35.186431],[135.840666,35.186297],[135.84058,35.186101],[135.840791,35.185672],[135.840904,35.185148],[135.841016,35.184231],[135.840954,35.183714],[135.840591,35.182948],[135.840204,35.182256],[135.840179,35.181873],[135.840229,35.181673],[135.840454,35.181398],[135.840529,35.18124],[135.840554,35.180906],[135.840529,35.180281],[135.840741,35.179848],[135.841179,35.179532],[135.841429,35.179398],[135.842116,35.179223],[135.842879,35.179107],[135.843129,35.178948],[135.843316,35.178748],[135.843079,35.178407],[135.842766,35.178073],[135.842691,35.177715],[135.843116,35.17679],[135.843141,35.17639],[135.842954,35.175715],[135.842454,35.174524],[135.842366,35.173941],[135.842429,35.173741],[135.842916,35.173241],[135.843216,35.172999],[135.843541,35.172657],[135.843841,35.172233],[135.843953,35.171983],[135.843978,35.171758],[135.843866,35.170858],[135.843866,35.170616],[135.843978,35.170299],[135.844241,35.169875],[135.844128,35.16985],[135.844178,35.169441],[135.844078,35.169175],[135.844053,35.168816],[135.844316,35.168608],[135.844566,35.1683],[135.844928,35.167641],[135.845666,35.167042],[135.845716,35.1667],[135.845366,35.165983],[135.845253,35.1656],[135.845391,35.165283],[135.845591,35.164992],[135.846378,35.164292],[135.846628,35.163934],[135.846678,35.163467],[135.846653,35.162992],[135.846741,35.162501],[135.846991,35.162276],[135.84844,35.161326],[135.84954,35.160792],[135.850415,35.160293],[135.850778,35.160318],[135.851328,35.160276],[135.85294,35.160226],[135.85429,35.160093],[135.855415,35.159801],[135.855877,35.159643],[135.85609,35.159509],[135.856152,35.159443],[135.856177,35.158135],[135.856365,35.157685],[135.856615,35.157301],[135.856865,35.15706],[135.85689,35.156701],[135.856502,35.155618],[135.856452,35.15506],[135.85664,35.15411],[135.856727,35.153819],[135.856727,35.153577],[135.856015,35.153369],[135.855352,35.153102],[135.854615,35.152719],[135.854177,35.152402],[135.853815,35.151777],[135.853552,35.150852],[135.85349,35.150427],[135.853715,35.149794],[135.85344,35.149686],[135.853027,35.149461],[135.852777,35.149036],[135.852752,35.148627],[135.852915,35.148202],[135.852915,35.147752],[135.852777,35.147594],[135.85229,35.147186],[135.85239,35.146852],[135.852615,35.146427],[135.85259,35.146069],[135.852528,35.145911],[135.85229,35.145661],[135.851878,35.145461],[135.851715,35.145411],[135.851215,35.145144],[135.85059,35.144378],[135.85034,35.143569],[135.85009,35.143278],[135.849628,35.142894],[135.848965,35.142494],[135.848728,35.142111],[135.84869,35.141994],[135.848753,35.141611],[135.84889,35.141278],[135.84944,35.140786],[135.84979,35.140178],[135.849628,35.139595],[135.84954,35.138986],[135.849653,35.138645],[135.850015,35.13847],[135.850478,35.138328],[135.850665,35.138103],[135.850428,35.137703],[135.85004,35.137253],[135.849815,35.13687],[135.850128,35.135295],[135.850565,35.13512],[135.851078,35.134978],[135.851853,35.134603],[135.85204,35.134462],[135.852178,35.134287],[135.852403,35.133653],[135.852128,35.13172],[135.85194,35.131229],[135.85174,35.130979],[135.851303,35.130712],[135.851165,35.130237],[135.851028,35.129945],[135.850841,35.129679],[135.850703,35.129387],[135.850953,35.129004],[135.851028,35.128554],[135.851003,35.128437],[135.850778,35.128079],[135.850403,35.127679],[135.849928,35.127296],[135.849666,35.127004],[135.849578,35.126646],[135.849528,35.126012],[135.849416,35.125696],[135.849278,35.125496],[135.849553,35.125404],[135.849666,35.125204],[135.849603,35.124796],[135.849741,35.124371],[135.849941,35.124104],[135.850041,35.124038],[135.850241,35.123829],[135.850316,35.123338],[135.850316,35.123138],[135.850078,35.122863],[135.849927,35.12255],[135.849666,35.122013],[135.849641,35.12188],[135.849966,35.120863],[135.850178,35.120621],[135.850241,35.12048],[135.849528,35.120188],[135.849228,35.119896],[135.849066,35.119405],[135.848891,35.11913],[135.848678,35.118997],[135.848341,35.118905],[135.848153,35.118705],[135.848178,35.118413],[135.848103,35.117738],[135.847904,35.117272],[135.847854,35.116055],[135.847779,35.115539],[135.847554,35.11473],[135.847504,35.11428],[135.847416,35.114055],[135.847141,35.113806],[135.846541,35.113697],[135.845741,35.113831],[135.844891,35.114122],[135.844816,35.114072],[135.844654,35.113806],[135.844566,35.113381],[135.844679,35.112681],[135.845004,35.112256],[135.845229,35.111714],[135.845141,35.111514],[135.845029,35.111489],[135.844379,35.111464],[135.843741,35.110548],[135.843466,35.110006],[135.843416,35.109689],[135.843466,35.109014],[135.843604,35.108698],[135.843716,35.10859],[135.843854,35.108165],[135.843879,35.10769],[135.843779,35.107373],[135.843667,35.106765],[135.843417,35.10654],[135.843142,35.10614],[135.843092,35.105715],[135.843229,35.105282],[135.843479,35.10504],[135.843642,35.104748],[135.843617,35.104365],[135.843142,35.103532],[135.843092,35.102815],[135.843117,35.102474],[135.842929,35.102115],[135.842679,35.101849],[135.842104,35.101532],[135.841879,35.101465],[135.841554,35.101149],[135.841442,35.100832],[135.841092,35.100449],[135.840679,35.100291],[135.840379,35.100357],[135.839617,35.099891],[135.839442,35.099616],[135.839367,35.099324],[135.83898,35.098874],[135.838955,35.098424],[135.838655,35.097799],[135.838192,35.097458],[135.837992,35.097033],[135.837917,35.096558],[135.837755,35.096133],[135.83758,35.095908],[135.837555,35.095799],[135.83778,35.094808],[135.837667,35.094291],[135.836705,35.092716],[135.83613,35.092292],[135.835692,35.091817],[135.83523,35.091167],[135.835255,35.09105],[135.835642,35.090875],[135.836542,35.090558],[135.836817,35.090358],[135.83698,35.090292],[135.83783,35.089434],[135.83808,35.088942],[135.838242,35.088825],[135.838605,35.088717],[135.838792,35.088425],[135.839042,35.088217],[135.83918,35.087992],[135.839292,35.087684],[135.839392,35.087592],[135.839617,35.0873],[135.839867,35.086551],[135.840017,35.086092],[135.84003,35.085867],[135.839942,35.085642],[135.839667,35.085392],[135.839367,35.085051],[135.83923,35.084784],[135.83918,35.084442],[135.838917,35.083676],[135.838505,35.082743],[135.838405,35.082176],[135.838405,35.081751],[135.838355,35.081209],[135.838217,35.080685],[135.838105,35.08046],[135.838055,35.080143],[135.838192,35.079426],[135.83823,35.07906],[135.838142,35.078951],[135.83798,35.078926],[135.83773,35.078968],[135.836805,35.079076],[135.836605,35.07901],[135.83653,35.078735],[135.836555,35.077901],[135.836393,35.077651],[135.836043,35.077443],[135.83538,35.07726],[135.835005,35.076943],[135.834918,35.076693],[135.834593,35.076335],[135.83423,35.076127],[135.83413,35.075927],[135.833968,35.074752],[135.83313,35.073452],[135.832855,35.073135],[135.832093,35.07196],[135.83188,35.071527],[135.831855,35.071302],[135.83193,35.071127],[135.832568,35.070769],[135.832655,35.070652],[135.832743,35.070177],[135.832855,35.069794],[135.83343,35.069302],[135.833705,35.068919],[135.83413,35.068219],[135.83438,35.067503],[135.834193,35.066819],[135.834193,35.066503],[135.834243,35.066169],[135.834218,35.066103],[135.834418,35.065469],[135.834843,35.064503],[135.83523,35.063803],[135.835705,35.062836],[135.835818,35.062403],[135.83573,35.061862],[135.83573,35.061528],[135.83608,35.059678],[135.836055,35.05947],[135.835893,35.058995],[135.835643,35.058745],[135.835405,35.058179],[135.835043,35.057545],[135.835031,35.057162],[135.834868,35.056596],[135.834843,35.055671],[135.834681,35.055487],[135.834406,35.055329],[135.834056,35.054737],[135.833693,35.054471],[135.833231,35.053987],[135.833343,35.053379],[135.833268,35.053129],[135.833043,35.052929],[135.831481,35.052604],[135.831181,35.052646],[135.830856,35.052846],[135.830131,35.053071],[135.829069,35.053179],[135.828519,35.053287],[135.828231,35.053396],[135.827794,35.053754],[135.826944,35.053821],[135.826756,35.053796],[135.826069,35.053546],[135.825607,35.053312],[135.825444,35.052971],[135.825282,35.052429],[135.825057,35.052204],[135.824619,35.052113],[135.824344,35.052021],[135.823907,35.051454],[135.823607,35.051229],[135.822844,35.050929],[135.82207,35.050879],[135.821995,35.050829],[135.821832,35.050563],[135.821645,35.049863],[135.821457,35.049521],[135.82137,35.049471],[135.82077,35.049355],[135.819095,35.049188],[135.818732,35.049096],[135.81857,35.049005],[135.81797,35.048438],[135.817533,35.04823],[135.816795,35.048113],[135.816495,35.047913],[135.81627,35.047705],[135.815733,35.047046],[135.815458,35.046546],[135.815345,35.046163],[135.815183,35.045805],[135.814808,35.045372],[135.814695,35.04508],[135.814758,35.04483],[135.815033,35.044605],[135.815995,35.04398],[135.816133,35.04373],[135.816033,35.043347],[135.815895,35.04323],[135.815733,35.042939],[135.815458,35.042147],[135.815495,35.04163],[135.815658,35.041356],[135.816345,35.040797],[135.816433,35.040772],[135.817183,35.039939],[135.817395,35.039739],[135.817845,35.039631],[135.81817,35.039497],[135.818583,35.039247],[135.819195,35.038823],[135.819795,35.038214],[135.820045,35.037881],[135.820632,35.037298],[135.82082,35.037048],[135.820907,35.036756],[135.821632,35.036015],[135.82237,35.035948],[135.822807,35.03589],[135.823332,35.035865],[135.823495,35.03589],[135.823957,35.036048],[135.824295,35.035848],[135.82457,35.035556],[135.824682,35.03529],[135.824857,35.03409],[135.82497,35.03389],[135.825382,35.033482],[135.825632,35.03319],[135.825657,35.032857],[135.825557,35.032173],[135.825582,35.031932],[135.826082,35.031499],[135.826357,35.031207],[135.826857,35.030849],[135.827619,35.030515],[135.827794,35.030224],[135.827844,35.029882],[135.828044,35.029524],[135.828044,35.029274],[135.827994,35.029007],[135.828082,35.028374],[135.828057,35.028032],[135.827894,35.027649],[135.827532,35.027241],[135.827457,35.026924],[135.827544,35.026607],[135.827569,35.026183],[135.827432,35.025883],[135.827169,35.025774],[135.826832,35.025724],[135.826644,35.025633],[135.826557,35.025433],[135.826757,35.024774],[135.826794,35.024441],[135.826682,35.024099],[135.826457,35.023874],[135.826432,35.023624],[135.82647,35.023533],[135.827044,35.022858],[135.827132,35.022358],[135.827682,35.022183],[135.827869,35.022183],[135.828619,35.02235],[135.828857,35.022283],[135.829144,35.021925],[135.829282,35.021808],[135.829519,35.021791],[135.829694,35.021808],[135.829969,35.0217],[135.830157,35.021541],[135.830382,35.021541],[135.830594,35.021616],[135.830794,35.02155],[135.831032,35.02155],[135.831257,35.021733],[135.831444,35.021775],[135.831807,35.021733],[135.832019,35.021733],[135.832294,35.021808],[135.832519,35.021783],[135.832819,35.021808],[135.833044,35.021941],[135.833256,35.02215],[135.833531,35.022308],[135.833781,35.022375],[135.834106,35.0224],[135.834431,35.022316],[135.834431,35.0222],[135.834519,35.022],[135.834519,35.021591],[135.834644,35.020375],[135.834919,35.019858],[135.834944,35.019858],[135.834981,35.01965],[135.834844,35.019225],[135.834894,35.018975],[135.835094,35.018792],[135.835144,35.018525],[135.835019,35.018209],[135.834794,35.017984],[135.834681,35.017684],[135.834694,35.017392],[135.835356,35.016534],[135.835606,35.016084],[135.835856,35.015301],[135.835894,35.014442],[135.835869,35.014034],[135.835681,35.013267],[135.835594,35.013084],[135.835569,35.012901],[135.835431,35.012742],[135.835294,35.012792],[135.835019,35.012809],[135.834506,35.012534],[135.834369,35.012509],[135.834231,35.012534],[135.830444,35.011701],[135.830144,35.011676],[135.829869,35.011742],[135.829732,35.011692],[135.829619,35.011717],[135.829344,35.011692],[135.829019,35.011801],[135.828857,35.011801],[135.828769,35.011734],[135.828557,35.011667],[135.828307,35.011684],[135.828032,35.011934],[135.827557,35.012067],[135.826845,35.012109],[135.82652,35.012192],[135.826207,35.012242],[135.825745,35.012101],[135.825445,35.012101],[135.825057,35.012142],[135.824757,35.012209],[135.824507,35.012367],[135.824257,35.013017],[135.824095,35.013084],[135.823595,35.013176],[135.823207,35.013284],[135.822882,35.013326],[135.822282,35.013326],[135.821945,35.013367],[135.821433,35.013542],[135.821158,35.0137],[135.820958,35.014017],[135.82082,35.014559],[135.820783,35.015009],[135.82087,35.015392],[135.820858,35.015642],[135.820783,35.015709],[135.820533,35.015642],[135.820283,35.015392],[135.820258,35.01505],[135.820408,35.014692],[135.820433,35.014192],[135.82022,35.0134],[135.82022,35.012901],[135.82047,35.012859],[135.82077,35.012859],[135.821045,35.012817],[135.82132,35.012734],[135.822257,35.012126],[135.82237,35.012017],[135.822645,35.011409],[135.823032,35.010801],[135.823145,35.010509],[135.82332,35.010392],[135.823645,35.010234],[135.823782,35.009943],[135.823782,35.009693],[135.823982,35.009359],[135.823957,35.009109],[135.82387,35.008976],[135.823907,35.008793],[135.823982,35.008751],[135.825007,35.008484],[135.825582,35.008418],[135.826869,35.008401],[135.827232,35.008493],[135.827694,35.009109],[135.827832,35.009068],[135.827969,35.008884],[135.828244,35.008751],[135.828657,35.008776],[135.828894,35.008843],[135.829282,35.009368],[135.829607,35.009551],[135.830432,35.009776],[135.830844,35.009826],[135.831694,35.009809],[135.832157,35.009701],[135.832819,35.009368],[135.832906,35.009276],[135.832994,35.008985],[135.832994,35.008576],[135.833081,35.008126],[135.833531,35.006635],[135.833619,35.005752],[135.833956,35.004835],[135.834169,35.004468],[135.835219,35.003435],[135.835419,35.003302],[135.835469,35.003227],[135.835569,35.002994],[135.835656,35.002927],[135.835931,35.002385],[135.836044,35.002044],[135.836344,35.001502],[135.836506,35.001302],[135.836531,35.001169],[135.836394,35.000652],[135.836394,35.000352],[135.836281,35.000019],[135.836094,34.999727],[135.835819,34.999452],[135.835319,34.999277],[135.834994,34.999294],[135.834194,34.999227],[135.833719,34.999302],[135.833619,34.999619],[135.833556,35.000019],[135.833531,35.00081],[135.833394,35.000902],[135.832406,35.000852],[135.832356,35.000694],[135.832406,34.999777],[135.832481,34.999169],[135.832406,34.998894],[135.831519,34.997611],[135.831269,34.997161],[135.831081,34.996686],[135.830781,34.996302],[135.830394,34.995902],[135.829657,34.995336],[135.829269,34.994869],[135.829182,34.994436],[135.829432,34.993828],[135.829369,34.993469],[135.827119,34.99162],[135.826919,34.991378],[135.826957,34.991195],[135.827194,34.991153],[135.828769,34.991061],[135.829319,34.991061],[135.829894,34.990945],[135.831106,34.990828],[135.831706,34.990828],[135.834731,34.990711],[135.835556,34.990645],[135.838193,34.990237],[135.839106,34.99017],[135.841355,34.98992],[135.84193,34.989895],[135.842568,34.989937],[135.843118,34.989737],[135.843393,34.989537],[135.843643,34.98967],[135.843643,34.990095],[135.844168,34.99032],[135.844905,34.990503],[135.847243,34.991062],[135.848592,34.991287],[135.84898,34.99147],[135.84928,34.991537],[135.849692,34.991037],[135.84988,34.990545],[135.849967,34.99007],[135.84983,34.98872],[135.849692,34.988179],[135.849192,34.987412],[135.849055,34.986912],[135.84908,34.986329],[135.849055,34.985204],[135.849105,34.984637],[135.849355,34.984437],[135.849467,34.984437],[135.849905,34.98477],[135.850292,34.984546],[135.850892,34.984054],[135.851767,34.984187],[135.852017,34.984346],[135.85208,34.984412],[135.852267,34.984479],[135.852754,34.984229],[135.852867,34.984204],[135.853392,34.984204],[135.853829,34.984254],[135.854354,34.984429],[135.854904,34.984679],[135.855154,34.984587],[135.855567,34.984179],[135.855779,34.983887],[135.855842,34.983529],[135.856054,34.983262],[135.856554,34.983029],[135.856717,34.982646],[135.856629,34.982196],[135.856304,34.981521],[135.856329,34.981121],[135.856829,34.980146],[135.856879,34.979921],[135.856817,34.979521],[135.856604,34.979138],[135.856242,34.978704],[135.855804,34.978321],[135.855504,34.977963],[135.855167,34.977671],[135.854342,34.977246],[135.854129,34.976971],[135.854317,34.976388],[135.854729,34.975463],[135.854842,34.97508],[135.854754,34.974722],[135.854429,34.974155],[135.854179,34.973822],[135.853729,34.973688],[135.852904,34.973147],[135.852579,34.972288],[135.852354,34.971414],[135.852379,34.971072],[135.852579,34.97083],[135.852879,34.970755],[135.853929,34.971005],[135.854279,34.970914],[135.854579,34.970714],[135.854854,34.970422],[135.855654,34.969989],[135.855979,34.96963],[135.856254,34.969222],[135.856454,34.968547],[135.856254,34.967556],[135.856229,34.967106],[135.856391,34.966764],[135.857216,34.966406],[135.857679,34.965997],[135.857979,34.965639],[135.858704,34.965214],[135.859004,34.964939],[135.859241,34.964381],[135.859929,34.963498],[135.860179,34.963248],[135.861116,34.963048],[135.861228,34.962998],[135.861466,34.962731],[135.861941,34.961765],[135.862216,34.961331],[135.862653,34.961081],[135.863091,34.960923],[135.863278,34.960723],[135.863528,34.960207],[135.863553,34.959957],[135.863666,34.959598],[135.863691,34.959173],[135.863553,34.958223],[135.863578,34.958065],[135.863803,34.95784],[135.864491,34.957482],[135.865591,34.957165],[135.866166,34.957049],[135.867016,34.956824],[135.867753,34.956665],[135.868303,34.956624],[135.868715,34.956757],[135.869265,34.956799],[135.869765,34.95669],[135.870253,34.956299],[135.870665,34.955649],[135.870803,34.955516],[135.871103,34.955491],[135.871578,34.955716],[135.871953,34.955674],[135.872165,34.955604],[135.87224,34.955582],[135.872265,34.955607],[135.872428,34.955599],[135.872453,34.955624],[135.87284,34.955624],[135.873228,34.955574],[135.87399,34.955349],[135.874315,34.955191],[135.87459,34.954757],[135.874715,34.954374],[135.874965,34.954099],[135.87529,34.953849],[135.875452,34.953608],[135.875452,34.953308],[135.875715,34.952474],[135.875802,34.952116],[135.875827,34.951708],[135.875765,34.951216],[135.87584,34.950583],[135.876052,34.949975],[135.876327,34.9497],[135.876765,34.94945],[135.877115,34.948642],[135.877765,34.948317],[135.878502,34.947525],[135.878715,34.947167],[135.878765,34.946875],[135.87869,34.9466],[135.878465,34.946334],[135.877552,34.945592],[135.877165,34.945234],[135.876865,34.944875],[135.876415,34.944092],[135.876228,34.943617],[135.87619,34.943101],[135.876328,34.942809],[135.87654,34.942534],[135.877053,34.941542],[135.877078,34.941434],[135.877003,34.941134],[135.876803,34.940934],[135.876665,34.940693],[135.87669,34.940393],[135.87734,34.939943],[135.877727,34.939534],[135.87834,34.938384],[135.878477,34.937935],[135.878502,34.937168],[135.878627,34.936785],[135.878927,34.936393],[135.879877,34.934568],[135.879602,34.934343],[135.879165,34.934143],[135.87864,34.93381],[135.877703,34.932935],[135.87734,34.932735],[135.876953,34.932668],[135.87674,34.932535],[135.87649,34.931819],[135.87604,34.93096],[135.875928,34.930827],[135.875678,34.930652],[135.875378,34.930519],[135.875028,34.930452],[135.874665,34.930202],[135.87414,34.92971],[135.873253,34.928611],[135.873003,34.928027],[135.872866,34.927169],[135.872641,34.926952],[135.872253,34.926752],[135.872164,34.92679],[135.871328,34.926519],[135.870703,34.926094],[135.870753,34.925961],[135.871391,34.925194],[135.871666,34.924719],[135.871803,34.924336],[135.871828,34.924044],[135.871691,34.923728],[135.871441,34.923503],[135.871053,34.923253],[135.870691,34.923078],[135.870391,34.922786],[135.870341,34.921903],[135.870203,34.921636],[135.869728,34.921003],[135.869453,34.920736],[135.868878,34.919945],[135.868878,34.919903],[135.868678,34.919753],[135.868591,34.919636],[135.868503,34.919386],[135.868703,34.919212],[135.868916,34.918762],[135.869116,34.918245],[135.869228,34.917662],[135.869203,34.91662],[135.869341,34.916262],[135.869728,34.91602],[135.870466,34.915662],[135.871066,34.915145],[135.871178,34.91497],[135.871316,34.914429],[135.871291,34.91312],[135.871403,34.911437],[135.871266,34.910554],[135.870941,34.909745],[135.870566,34.908996],[135.870066,34.908229],[135.869666,34.907846],[135.868953,34.907504],[135.867803,34.907121],[135.867478,34.906987],[135.866716,34.906579],[135.865179,34.905421],[135.863129,34.903729],[135.863054,34.903612],[135.862891,34.902937],[135.863579,34.902062],[135.864066,34.901546],[135.864541,34.900938],[135.865604,34.899688],[135.866454,34.898471],[135.866929,34.897554],[135.867254,34.896788],[135.867641,34.89508],[135.867679,34.894405],[135.867591,34.893705],[135.867354,34.893071],[135.867054,34.89253],[135.866754,34.892305],[135.867129,34.891988],[135.867954,34.891613],[135.868454,34.891413],[135.868454,34.891363],[135.868578,34.891347],[135.869241,34.89108],[135.870041,34.890605],[135.870803,34.890072],[135.871266,34.889713],[135.871703,34.889222],[135.872164,34.888845],[135.872228,34.888797],[135.872316,34.888797],[135.872828,34.888822],[135.873628,34.888755],[135.874028,34.888913],[135.874303,34.888888],[135.874528,34.888213],[135.875241,34.886955],[135.875678,34.88648],[135.875815,34.88628],[135.876253,34.886239],[135.877103,34.886572],[135.87784,34.886622],[135.877978,34.886505],[135.87819,34.88608],[135.87844,34.885314],[135.87874,34.885089],[135.879978,34.884689],[135.880665,34.884255],[135.881153,34.883872],[135.881215,34.883789],[135.881453,34.883739],[135.881727,34.883789],[135.882215,34.883947],[135.882352,34.884214],[135.88279,34.88433],[135.88334,34.884305],[135.884127,34.884514],[135.885315,34.883856],[135.886077,34.883589],[135.886977,34.883072],[135.888539,34.881631],[135.888702,34.881006],[135.888677,34.880256],[135.888352,34.879806],[135.887702,34.879539],[135.886852,34.879381],[135.886027,34.878814],[135.885565,34.878139],[135.885277,34.877123],[135.885352,34.876406],[135.885027,34.875998],[135.885002,34.875706],[135.885027,34.87559],[135.88549,34.875415],[135.886315,34.875598],[135.886965,34.87569],[135.887677,34.875548],[135.888452,34.875465],[135.88899,34.875332],[135.889515,34.874923],[135.889764,34.874832],[135.890939,34.874632],[135.891539,34.874607],[135.892252,34.874457],[135.892964,34.874232],[135.893677,34.873848],[135.894489,34.873465],[135.895889,34.87304],[135.896301,34.872632],[135.897176,34.871465],[135.897201,34.871332],[135.897364,34.871199],[135.897501,34.871174],[135.898301,34.871265],[135.899501,34.871307],[135.900151,34.87149],[135.900476,34.871715],[135.900889,34.871832],[135.902088,34.872507],[135.902988,34.87309],[135.903101,34.87314],[135.904251,34.87379],[135.904926,34.87404],[135.905201,34.87409],[135.906626,34.874065],[135.907176,34.874024],[135.907388,34.874049],[135.907363,34.874157],[135.906676,34.87544],[135.906901,34.875865],[135.9076,34.876473],[135.9081,34.87659],[135.908238,34.876548],[135.909163,34.876973],[135.909488,34.877265],[135.9093,34.877648],[135.909188,34.877782],[135.909213,34.878298],[135.909263,34.878598],[135.909675,34.879115],[135.909863,34.879565],[135.909863,34.880015],[135.9097,34.880348],[135.910438,34.880807],[135.910525,34.881007],[135.910788,34.881273],[135.911225,34.881498],[135.911338,34.881706],[135.911313,34.882065],[135.911613,34.882265],[135.911963,34.882673],[135.912125,34.883056],[135.91245,34.883573],[135.912837,34.883848],[135.912862,34.883465],[135.912975,34.883348],[135.9133,34.883398],[135.913825,34.883731],[135.914425,34.883915],[135.914612,34.88394],[135.915,34.883731],[135.91565,34.88349],[135.91585,34.88349],[135.916087,34.88369],[135.916825,34.883806],[135.9173,34.884073],[135.917975,34.884573],[135.918712,34.884665],[135.919012,34.884598],[135.919612,34.884306],[135.919999,34.88439],[135.920162,34.884373],[135.920899,34.884098],[135.921399,34.88399],[135.921999,34.88379],[135.922512,34.883765],[135.922974,34.883698],[135.923424,34.88359],[135.923661,34.883857],[135.924049,34.884807],[135.924186,34.884873],[135.924424,34.884915],[135.924674,34.885323],[135.925161,34.885573],[135.925661,34.88559],[135.925924,34.885665],[135.926311,34.885907],[135.926561,34.886206],[135.926936,34.886381],[135.926936,34.886473],[135.927099,34.886815],[135.927811,34.88704],[135.927949,34.887148],[135.927974,34.887215],[135.928199,34.887423],[135.928461,34.88789],[135.928761,34.88819],[135.929173,34.888298],[135.929748,34.888415],[135.929936,34.888481],[135.930411,34.888573],[135.930948,34.888506],[135.931336,34.888323],[135.931561,34.888073],[135.932536,34.88774],[135.932873,34.887715],[135.933448,34.88779],[135.933573,34.887873],[135.933935,34.888532],[135.93431,34.888732],[135.93456,34.889073],[135.93511,34.890373],[135.935485,34.891073],[135.936173,34.891798],[135.93691,34.892115],[135.937648,34.89229],[135.93906,34.893198],[135.939697,34.89344],[135.940672,34.893623],[135.94106,34.893673],[135.94131,34.893515],[135.941247,34.893448],[135.940847,34.89324],[135.940597,34.892723],[135.94041,34.892181],[135.94041,34.891398],[135.94036,34.890948],[135.940385,34.89029],[135.940085,34.889865],[135.94006,34.889348],[135.93981,34.888832],[135.93976,34.888582],[135.940085,34.888357],[135.940609,34.887773],[135.940634,34.886332],[135.940822,34.885832],[135.941072,34.885498],[135.941272,34.884482],[135.940972,34.883965],[135.940809,34.88284],[135.940784,34.882299],[135.940509,34.882099],[135.939872,34.88194],[135.939709,34.881599],[135.939847,34.881065],[135.940047,34.880565],[135.940209,34.88034],[135.940759,34.879957],[135.941272,34.879807],[135.941734,34.879582],[135.942259,34.878949],[135.943134,34.878407],[135.943384,34.878182],[135.942896,34.877599],[135.942921,34.877124],[135.943196,34.876024],[135.943821,34.875416],[135.943883,34.875257],[135.943821,34.874857],[135.943546,34.874407],[135.943308,34.873882],[135.943383,34.873391],[135.943833,34.872982],[135.943658,34.872582],[135.943308,34.872107],[135.943071,34.871499],[135.942846,34.870191],[135.942521,34.869766],[135.942271,34.869341],[135.942033,34.869024],[135.941621,34.868349],[135.941546,34.867741],[135.941409,34.8672],[135.941346,34.866383],[135.941159,34.8656],[135.940971,34.865058],[135.941221,34.864633],[135.941271,34.864358],[135.941196,34.864133],[135.941196,34.863733],[135.941609,34.863392],[135.941571,34.863375],[135.941659,34.8633],[135.941771,34.863075],[135.942346,34.862767],[135.942446,34.862558],[135.942146,34.862317],[135.942121,34.861933],[135.942371,34.8615],[135.942696,34.861325],[135.943134,34.860533],[135.943109,34.860175],[135.943134,34.859859],[135.943471,34.859617],[135.943821,34.859434],[135.944559,34.859484],[135.945271,34.858442],[135.945334,34.858267],[135.945196,34.85775],[135.944971,34.857275],[135.945034,34.857209],[135.945496,34.856801],[135.946209,34.855592],[135.946396,34.855051],[135.946734,34.854442],[135.946971,34.853793],[135.946946,34.853359],[135.946509,34.852276],[135.946159,34.851826],[135.946047,34.851759],[135.946272,34.851693],[135.946759,34.851376],[135.947284,34.851293],[135.947659,34.851359],[135.948096,34.851718],[135.948534,34.851968],[135.948896,34.851926],[135.949171,34.851651],[135.949496,34.851634],[135.951209,34.852443],[135.951434,34.852468],[135.952009,34.852334],[135.952521,34.852334],[135.952984,34.852651],[135.953321,34.853101],[135.953721,34.853368],[135.954158,34.853434],[135.954933,34.853443],[135.955696,34.853709],[135.956208,34.854026],[135.956733,34.854434],[135.957033,34.854768],[135.958183,34.854884],[135.958783,34.855001],[135.958783,34.854818],[135.958921,34.854409],[135.959133,34.853984],[135.959683,34.853876],[135.960395,34.854193],[135.96072,34.854418],[135.961408,34.854618],[135.961733,34.853784],[135.962058,34.853401],[135.962908,34.85311],[135.962958,34.853001],[135.962908,34.85246],[135.962671,34.851851],[135.962746,34.851401],[135.962721,34.85086],[135.962746,34.850435],[135.962908,34.850318],[135.963571,34.85021],[135.965121,34.849827],[135.965871,34.849585],[135.966521,34.849268],[135.966933,34.848885],[135.967096,34.84821],[135.967121,34.847285],[135.967508,34.846885],[135.967833,34.846752],[135.968133,34.846727],[135.968733,34.84686],[135.969396,34.847135],[135.970383,34.847069],[135.971008,34.846419],[135.971695,34.846352],[135.972158,34.845785],[135.971908,34.845094],[135.971496,34.844485],[135.970958,34.84351],[135.971308,34.842994],[135.971471,34.842902],[135.971533,34.842094],[135.971346,34.841127],[135.971096,34.840344],[135.970121,34.838744],[135.969784,34.838061],[135.969896,34.837836],[135.971046,34.838428],[135.971534,34.838428],[135.972309,34.838094],[135.972709,34.837953],[135.973121,34.837936],[135.973346,34.838003],[135.973671,34.838203],[135.974021,34.838544],[135.974483,34.838611],[135.975446,34.838519],[135.976533,34.838569],[135.977521,34.838461],[135.978396,34.838619],[135.979183,34.838886],[135.979321,34.838911],[135.979845,34.839111],[135.980858,34.839136],[135.981558,34.839211],[135.982108,34.839411],[135.983095,34.839978],[135.98377,34.840536],[135.984832,34.841711],[135.985107,34.841619],[135.985932,34.841528],[135.98612,34.841553],[135.986145,34.841536],[135.986532,34.841619],[135.986832,34.841553],[135.98692,34.841419],[135.987407,34.840878],[135.98817,34.840994],[135.98872,34.841128],[135.989532,34.841286],[135.989845,34.841586],[135.990032,34.841853],[135.990495,34.842036],[135.991557,34.842803],[135.992132,34.842644],[135.992844,34.842128],[135.993119,34.842219],[135.993657,34.842261],[135.994207,34.842086],[135.994757,34.842086],[135.995032,34.842403],[135.995057,34.842536],[135.995357,34.842961],[135.995819,34.843119],[135.996144,34.843461],[135.996694,34.843461],[135.997044,34.843553],[135.997154,34.843742],[135.997257,34.843694],[135.997444,34.843836],[135.997669,34.844103],[135.997769,34.844328],[135.997907,34.844461],[135.998544,34.844486],[135.998794,34.844603],[135.999169,34.844894],[135.999531,34.844978],[135.999969,34.845028],[136.000956,34.845094],[136.001644,34.845044],[136.001806,34.845003],[136.003018,34.844503],[136.004068,34.844394],[136.004256,34.844328],[136.004718,34.84392],[136.005406,34.84297],[136.005406,34.842903],[136.005331,34.84277],[136.004643,34.842411],[136.004281,34.842161],[136.004143,34.84187],[136.004093,34.841578],[136.003956,34.841395],[136.003793,34.841261],[136.003731,34.841078],[136.003893,34.84092],[136.004031,34.84067],[136.004118,34.839978],[136.004031,34.838937],[136.003931,34.838603],[136.003569,34.838237],[136.003519,34.838103],[136.003181,34.837812],[136.002744,34.837612],[136.002631,34.83732],[136.002694,34.83682],[136.002669,34.836579],[136.002956,34.836437],[136.003081,34.835987],[136.003106,34.835762],[136.003019,34.835245],[136.002719,34.834279],[136.002781,34.834029],[136.002981,34.833646],[136.003019,34.833446],[136.002956,34.833312],[136.002631,34.833104],[136.002519,34.832971],[136.002506,34.832771],[136.002594,34.832521],[136.002981,34.831962],[136.003719,34.831488],[136.003856,34.831329],[136.003981,34.831079],[136.004031,34.830379],[136.004006,34.829821],[136.004069,34.829638],[136.004331,34.829371],[136.004444,34.828671],[136.004769,34.828405],[136.005006,34.828271],[136.005269,34.827746],[136.005444,34.826622],[136.005731,34.826238],[136.006031,34.826105],[136.006531,34.82613],[136.007119,34.826288],[136.007319,34.826288],[136.007581,34.826222],[136.007731,34.826147],[136.008118,34.826063],[136.008706,34.826013],[136.009056,34.826013],[136.009556,34.826105],[136.009856,34.826105],[136.010706,34.825763],[136.011493,34.825605],[136.011993,34.825247],[136.012118,34.825205],[136.012555,34.825297],[136.01288,34.82543],[136.013993,34.826038],[136.014555,34.826238],[136.01558,34.826438],[136.015768,34.826663],[136.015793,34.826863],[136.01573,34.827338],[136.015768,34.827522],[136.016055,34.827813],[136.01618,34.827988],[136.016142,34.828505],[136.01618,34.828713],[136.01633,34.828872],[136.01668,34.828438],[136.016855,34.828305],[136.01768,34.828238],[136.017817,34.828147],[136.018292,34.827272],[136.018405,34.82698],[136.018492,34.826863],[136.018855,34.826614],[136.020817,34.82558],[136.021167,34.825314],[136.021554,34.824656],[136.021692,34.824481],[136.021904,34.824431],[136.022342,34.824431],[136.022554,34.824389],[136.022817,34.824114],[136.022954,34.823956],[136.023192,34.823847],[136.023817,34.823731],[136.024042,34.823647],[136.024992,34.823081],[136.025104,34.822897],[136.025217,34.822564],[136.025279,34.822514],[136.025479,34.822473],[136.025979,34.822539],[136.026104,34.822539],[136.026254,34.822473],[136.026367,34.822289],[136.026454,34.822064],[136.026654,34.821798],[136.026842,34.821731],[136.027191,34.821748],[136.027516,34.821839],[136.027629,34.821839],[136.027779,34.821798],[136.027866,34.821706],[136.028154,34.820556],[136.028391,34.819815],[136.028479,34.819256],[136.028529,34.818848],[136.028804,34.818173],[136.029091,34.817565],[136.029116,34.817248],[136.029004,34.81664],[136.028766,34.816098],[136.027854,34.815357],[136.027642,34.815115],[136.027404,34.814907],[136.027267,34.81484],[136.026767,34.814707],[136.026204,34.814707],[136.026117,34.814482],[136.025942,34.814324],[136.025754,34.814324],[136.025529,34.814482],[136.025054,34.814932],[136.024942,34.814957],[136.024704,34.81489],[136.024317,34.814548],[136.02388,34.814282],[136.023755,34.814149],[136.02373,34.813924],[136.023617,34.813807],[136.023405,34.813699],[136.022967,34.813582],[136.022842,34.81334],[136.022667,34.813115],[136.022467,34.812957],[136.022167,34.81284],[136.021755,34.812732],[136.020817,34.812324],[136.020555,34.812257],[136.01988,34.81224],[136.01958,34.812282],[136.019205,34.812415],[136.01888,34.81269],[136.01873,34.812707],[136.018518,34.812549],[136.01823,34.81219],[136.01788,34.812015],[136.017405,34.811382],[136.016905,34.811157],[136.016693,34.810932],[136.01663,34.810166],[136.016518,34.810057],[136.016218,34.809991],[136.015756,34.809832],[136.015518,34.809632],[136.015168,34.809182],[136.015043,34.808974],[136.015043,34.808749],[136.015168,34.808549],[136.015218,34.808282],[136.015218,34.807916],[136.015131,34.807649],[136.014806,34.807199],[136.014743,34.806791],[136.014418,34.806233],[136.014331,34.806008],[136.013743,34.805333],[136.013656,34.805083],[136.013631,34.804858],[136.013443,34.804608],[136.012918,34.804116],[136.012706,34.80385],[136.012443,34.803283],[136.012268,34.803125],[136.011656,34.802766],[136.011419,34.802541],[136.011331,34.802316],[136.011231,34.801691],[136.011006,34.801192],[136.010731,34.800767],[136.010644,34.800317],[136.010444,34.800067],[136.010319,34.8],[136.009881,34.799867],[136.009819,34.7998],[136.010031,34.799508],[136.010469,34.799283],[136.010581,34.799258],[136.010469,34.799258],[136.010256,34.798942],[136.010169,34.798717],[136.010206,34.798492],[136.010294,34.798358],[136.010694,34.798242],[136.010881,34.798109],[136.010994,34.797909],[136.011081,34.797567],[136.011281,34.797075],[136.011281,34.796892],[136.011106,34.79665],[136.011131,34.796467],[136.011043,34.796042],[136.011043,34.795859],[136.011131,34.79575],[136.011343,34.795659],[136.011631,34.795634],[136.012518,34.795434],[136.012606,34.795476],[136.012693,34.795592],[136.012906,34.796267],[136.013168,34.796575],[136.013843,34.797142],[136.014168,34.7973],[136.014493,34.797409],[136.014868,34.797459],[136.015343,34.797567],[136.015731,34.797817],[136.015868,34.797834],[136.015993,34.797817],[136.01628,34.797434],[136.016368,34.796892],[136.016305,34.796484],[136.016218,34.796309],[136.016343,34.795834],[136.016418,34.794576],[136.016955,34.794351],[136.01733,34.794034],[136.017718,34.793584],[136.01798,34.793401],[136.01833,34.793243],[136.01868,34.793043],[136.01913,34.792726],[136.01953,34.792318],[136.01983,34.792143],[136.020067,34.792118],[136.021242,34.792184],[136.021355,34.792143],[136.021417,34.792051],[136.021442,34.791868],[136.021742,34.791643],[136.022092,34.791576],[136.02203,34.791035],[136.02188,34.790718],[136.02173,34.79061],[136.021292,34.790568],[136.02068,34.790543],[136.02033,34.790501],[136.020092,34.79041],[136.020005,34.790293],[136.020005,34.790093],[136.020205,34.789643],[136.02038,34.789443],[136.020617,34.78926],[136.02073,34.78906],[136.02073,34.788901],[136.02053,34.788676],[136.020142,34.788268],[136.020117,34.788135],[136.020167,34.788018],[136.020317,34.787885],[136.020342,34.787727],[136.020317,34.787568],[136.01988,34.78681],[136.019842,34.78656],[136.019905,34.786402],[136.02023,34.786135],[136.020842,34.785727],[136.021017,34.785502],[136.02113,34.784894],[136.02143,34.784419],[136.021892,34.783944],[136.02198,34.78361],[136.02198,34.78341],[136.02228,34.782869],[136.022417,34.782352],[136.02278,34.782127],[136.02313,34.782036],[136.023392,34.782144],[136.023542,34.782261],[136.023867,34.782302],[136.023979,34.782277],[136.024592,34.781894],[136.025154,34.781444],[136.025442,34.781286],[136.026917,34.781019],[136.028091,34.780636],[136.028179,34.780744],[136.028241,34.780769],[136.029241,34.780544],[136.029504,34.780636],[136.029616,34.780953],[136.029741,34.780994],[136.029791,34.780953],[136.029916,34.780678],[136.029966,34.780228],[136.030116,34.779911],[136.030354,34.779753],[136.030554,34.779686],[136.030729,34.779578],[136.030854,34.779461],[136.031116,34.779553],[136.031204,34.779736],[136.031529,34.779961],[136.031829,34.780094],[136.032054,34.780111],[136.032416,34.780003],[136.032553,34.779844],[136.032791,34.779753],[136.033378,34.779728],[136.033528,34.779661],[136.033816,34.778895],[136.033941,34.778245],[136.033928,34.777886],[136.033753,34.777411],[136.033728,34.775812],[136.033666,34.77552],[136.033691,34.775095],[136.034016,34.774578],[136.034103,34.774303],[136.034128,34.774012],[136.033953,34.773387],[136.033891,34.772954],[136.033566,34.772104],[136.033178,34.77147],[136.032916,34.771204],[136.032566,34.770979],[136.032241,34.770687],[136.031654,34.769962],[136.030979,34.768929],[136.030554,34.768029],[136.030291,34.767037],[136.030029,34.766504],[136.029816,34.765829],[136.029704,34.765513],[136.029529,34.765263],[136.029429,34.764904],[136.029729,34.764429],[136.029929,34.764179],[136.030541,34.763038],[136.030991,34.762446],[136.031104,34.76213],[136.031079,34.76193],[136.030804,34.761388],[136.030604,34.761146],[136.029979,34.760696],[136.029242,34.760288],[136.029129,34.76013],[136.028779,34.759005],[136.028654,34.75878],[136.028567,34.758688],[136.028417,34.758397],[136.028679,34.75748],[136.028829,34.757255],[136.029592,34.756664],[136.029942,34.75628],[136.030117,34.756039],[136.030329,34.75588],[136.030529,34.755814],[136.030792,34.755789],[136.031117,34.755805],[136.031504,34.75588],[136.032592,34.756172],[136.034329,34.756864],[136.034616,34.756864],[136.034941,34.756822],[136.035616,34.756572],[136.036616,34.756389],[136.037204,34.756347],[136.037641,34.756389],[136.037941,34.756455],[136.038116,34.756389],[136.038203,34.756189],[136.037991,34.755689],[136.037754,34.755356],[136.037466,34.754747],[136.037404,34.754472],[136.037429,34.754097],[136.038054,34.753397],[136.038254,34.753256],[136.038854,34.752506],[136.038991,34.752148],[136.039129,34.750998],[136.038991,34.750098],[136.039016,34.749715],[136.039191,34.749465],[136.040116,34.748898],[136.040641,34.748631],[136.040941,34.748515],[136.041379,34.748498],[136.042179,34.748248],[136.042791,34.747957],[136.043003,34.747773],[136.043091,34.747523],[136.043091,34.747207],[136.043166,34.746873],[136.043304,34.746732],[136.043529,34.746715],[136.043853,34.746732],[136.044216,34.746715],[136.044578,34.746573],[136.044991,34.746373],[136.045703,34.745807],[136.046028,34.745407],[136.046528,34.744932],[136.046903,34.744615],[136.047566,34.744249],[136.047678,34.744115],[136.048003,34.742741],[136.048253,34.742249],[136.048753,34.741591],[136.048941,34.741274],[136.049603,34.740641],[136.050016,34.740374],[136.050453,34.740174],[136.050891,34.740016],[136.051391,34.739966],[136.051991,34.740099],[136.052353,34.740216],[136.052653,34.740166],[136.052928,34.740008],[136.053153,34.739691],[136.053528,34.738999],[136.053753,34.738766],[136.053941,34.738683],[136.054215,34.738633],[136.05524,34.738591],[136.055515,34.738433],[136.055428,34.738383],[136.055178,34.738341],[136.054803,34.738316],[136.054278,34.738341],[136.052903,34.738474],[136.052241,34.738566],[136.051578,34.738641],[136.050891,34.738641],[136.050128,34.738549],[136.049953,34.738508],[136.049653,34.738349],[136.049303,34.738099],[136.048991,34.737941],[136.048666,34.737874],[136.047754,34.737783],[136.047379,34.737449],[136.047154,34.737333],[136.046829,34.737241],[136.046141,34.737158],[136.045004,34.737224],[136.044629,34.737158],[136.043854,34.736799],[136.043079,34.736124],[136.042804,34.735758],[136.042592,34.735358],[136.042067,34.734658],[136.041904,34.734316],[136.041817,34.733958],[136.041767,34.733033],[136.041492,34.732341],[136.041292,34.731458],[136.041017,34.73065],[136.040967,34.730242],[136.041017,34.729858],[136.041317,34.729025],[136.04168,34.728283],[136.041705,34.728075],[136.041617,34.727875],[136.04123,34.727425],[136.04113,34.727067],[136.041067,34.726234],[136.040905,34.725575],[136.040742,34.725192],[136.040167,34.724159],[136.039992,34.7238],[136.03978,34.723059],[136.039755,34.722651],[136.03983,34.721684],[136.039605,34.720917],[136.03953,34.720351],[136.03958,34.720084],[136.038955,34.719742],[136.038543,34.719251],[136.03763,34.719201],[136.037218,34.719026],[136.036168,34.718417],[136.035618,34.718259],[136.035068,34.718167],[136.034143,34.717767],[136.033806,34.717543],[136.033593,34.717293],[136.033531,34.717176],[136.033456,34.716751],[136.033731,34.716051],[136.033693,34.715943],[136.033318,34.715718],[136.032293,34.715351],[136.031718,34.715018],[136.031581,34.714751],[136.031306,34.713801],[136.031218,34.713735],[136.030318,34.713734],[136.029744,34.713826],[136.029544,34.713851],[136.029294,34.713734],[136.029019,34.713484],[136.028744,34.713176],[136.028581,34.712901],[136.028531,34.712635],[136.028581,34.712226],[136.028506,34.711951],[136.028169,34.711618],[136.028506,34.711418],[136.028719,34.71101],[136.028606,34.710651],[136.028419,34.710401],[136.028119,34.710151],[136.027844,34.70986],[136.027919,34.709702],[136.028119,34.709543],[136.028256,34.709318],[136.028306,34.709093],[136.028194,34.708393],[136.028194,34.707993],[136.028306,34.707452],[136.028444,34.707085],[136.028856,34.706277],[136.028769,34.706277],[136.028306,34.706119],[136.027894,34.706052],[136.027456,34.706027],[136.026931,34.706094],[136.025144,34.70646],[136.022944,34.707202],[136.019757,34.708468],[136.019294,34.708585],[136.018957,34.708626],[136.018632,34.708585],[136.017532,34.708335],[136.016907,34.708135],[136.015582,34.707885],[136.01437,34.707801],[136.013607,34.707818],[136.013357,34.70796],[136.013057,34.708201],[136.012945,34.708518],[136.01297,34.708835],[136.013107,34.709268],[136.013582,34.710459],[136.01377,34.711318],[136.01372,34.711634],[136.013495,34.712243],[136.01347,34.712851],[136.013407,34.713142],[136.01322,34.713476],[136.01292,34.713859],[136.012532,34.714226],[136.011457,34.715009],[136.01047,34.715642],[136.010032,34.715959],[136.009595,34.716434],[136.00937,34.716617],[136.009095,34.716684],[136.00767,34.716725],[136.00712,34.716709],[136.006682,34.71675],[136.006232,34.716842],[136.005857,34.717],[136.005383,34.717342],[136.00522,34.717358],[136.00487,34.717275],[136.00462,34.717158],[136.00432,34.716683],[136.00407,34.716533],[136.00357,34.716325],[136.002808,34.7159],[136.002608,34.71565],[136.002533,34.715175],[136.002333,34.714817],[136.002083,34.714525],[136.001733,34.714275],[136.000495,34.7136],[136.000246,34.7134],[136.000021,34.71315],[135.999833,34.712992],[135.999646,34.712925],[135.999283,34.713017],[135.998896,34.713217],[135.998571,34.71345],[135.998271,34.713559],[135.997221,34.713267],[135.997157,34.713289],[135.997133,34.713334],[135.996858,34.713375],[135.996646,34.71335],[135.996421,34.713217],[135.996121,34.712975],[135.995796,34.712834],[135.995383,34.712725],[135.994533,34.712525],[135.993521,34.712434],[135.992984,34.712325],[135.992509,34.712284],[135.992046,34.7123],[135.991771,34.712442],[135.991721,34.712509],[135.991721,34.712775],[135.991921,34.713042],[135.992221,34.713384],[135.992321,34.713675],[135.992434,34.714192],[135.992359,34.714525],[135.992196,34.714617],[135.991809,34.714483],[135.991459,34.714325],[135.991321,34.714234],[135.991071,34.713992],[135.990821,34.713859],[135.990521,34.7139],[135.990221,34.7141],[135.990121,34.714242],[135.990009,34.714575],[135.989846,34.714842],[135.989571,34.714892],[135.989021,34.714917],[135.988259,34.714892],[135.987821,34.715008],[135.987521,34.715142],[135.987121,34.715183],[135.986621,34.715142],[135.986246,34.715208],[135.986134,34.715325],[135.986109,34.71555],[135.986159,34.71645],[135.986084,34.7171],[135.986309,34.717641],[135.986084,34.717791],[135.985209,34.71865],[135.985109,34.718875],[135.985046,34.719166],[135.985084,34.719616],[135.985159,34.720091],[135.985659,34.721524],[135.985884,34.722582],[135.985884,34.722782],[135.985721,34.723207],[135.985696,34.723641],[135.985909,34.724241],[135.985746,34.72469],[135.985646,34.724874],[135.985559,34.72534],[135.985971,34.72624],[135.985896,34.726649],[135.985671,34.727115],[135.985271,34.727748],[135.984696,34.728765],[135.984346,34.729682],[135.984096,34.729973],[135.983421,34.73049],[135.982896,34.731323],[135.982734,34.731773],[135.982734,34.732115],[135.982934,34.732356],[135.983346,34.73274],[135.983534,34.733189],[135.983759,34.734106],[135.983734,34.734248],[135.983571,34.734423],[135.983134,34.734473],[135.981821,34.734656],[135.981409,34.734806],[135.981221,34.735106],[135.981084,34.735773],[135.981009,34.736697],[135.980896,34.737056],[135.980546,34.737239],[135.980046,34.737122],[135.979946,34.736989],[135.979671,34.736764],[135.979259,34.736681],[135.978821,34.736706],[135.978384,34.736856],[135.977971,34.737106],[135.977596,34.737447],[135.977296,34.737806],[135.976471,34.738972],[135.976346,34.739355],[135.976446,34.739855],[135.976534,34.739964],[135.976584,34.740297],[135.976459,34.74073],[135.976234,34.741022],[135.976046,34.74113],[135.975697,34.740972],[135.974897,34.740347],[135.974759,34.740305],[135.974572,34.740397],[135.974347,34.740705],[135.974047,34.74098],[135.973422,34.741163],[135.973209,34.741297],[135.973072,34.741563],[135.972984,34.741838],[135.972684,34.741972],[135.972309,34.741997],[135.971872,34.741947],[135.971409,34.741813],[135.971272,34.741722],[135.970697,34.740913],[135.970359,34.740713],[135.970034,34.740555],[135.969847,34.740513],[135.969622,34.740472],[135.969297,34.74058],[135.968809,34.740872],[135.968347,34.74108],[135.967822,34.741438],[135.967522,34.741755],[135.96666,34.742471],[135.96616,34.742946],[135.965947,34.742988],[135.965647,34.74288],[135.964247,34.742055],[135.963897,34.741671],[135.963735,34.741288],[135.963535,34.740997],[135.962472,34.740413],[135.962172,34.740013],[135.961872,34.739963],[135.96141,34.740147],[135.96081,34.740505],[135.95911,34.740238],[135.95851,34.740355],[135.958348,34.740671],[135.957973,34.742063],[135.957885,34.742646],[135.957948,34.743204],[135.958085,34.743704],[135.957998,34.744154],[135.95776,34.744604],[135.957348,34.745054],[135.956773,34.745296],[135.95656,34.745454],[135.956373,34.745862],[135.956373,34.745954],[135.955773,34.746512],[135.955548,34.746829],[135.955385,34.747687],[135.955173,34.748071],[135.954848,34.748246],[135.95451,34.748137],[135.95411,34.747846],[135.95356,34.747104],[135.953223,34.746921],[135.952873,34.746921],[135.952223,34.746862],[135.951786,34.746679],[135.951373,34.746412],[135.950898,34.745962],[135.950161,34.745087],[135.950111,34.744862],[135.949886,34.744346],[135.949611,34.744237],[135.948798,34.744371],[135.948136,34.744346],[135.947923,34.744237],[135.947599,34.743854],[135.947024,34.742912],[135.946411,34.742129],[135.946011,34.741904],[135.945074,34.741771],[135.944361,34.741587],[135.943874,34.741321],[135.943687,34.740804],[135.943624,34.740288],[135.943374,34.739729],[135.943212,34.739163],[135.943187,34.738038],[135.943012,34.737663],[135.942637,34.73748],[135.942224,34.737546],[135.941974,34.737796],[135.941649,34.738671],[135.941224,34.738988],[135.941024,34.739038],[135.9401,34.739104],[135.939612,34.739288],[135.939175,34.739396],[135.938925,34.739304],[135.938762,34.738996],[135.938487,34.738813],[135.938275,34.738946],[135.9381,34.739262],[135.93775,34.739671],[135.937287,34.740004],[135.9368,34.740187],[135.936363,34.740187],[135.936088,34.740029],[135.935763,34.739646],[135.935375,34.739404],[135.934825,34.739204],[135.93445,34.738912],[135.934113,34.738487],[135.933788,34.738196],[135.933325,34.737987],[135.932776,34.737837],[135.932201,34.737721],[135.931826,34.737812],[135.931488,34.738037],[135.931063,34.738104],[135.930651,34.738104],[135.930263,34.738312],[135.929726,34.738762],[135.929476,34.738895],[135.928826,34.73917],[135.928276,34.739329],[135.927814,34.739595],[135.927426,34.739937],[135.927076,34.740137],[135.926114,34.740112],[135.925739,34.740295],[135.924889,34.740903],[135.924314,34.74122],[135.923914,34.741486],[135.923664,34.741761],[135.923477,34.742145],[135.923364,34.742545],[135.923564,34.742861],[135.923802,34.743153],[135.923914,34.74347],[135.923914,34.743628],[135.923777,34.743936],[135.923202,34.744619],[135.923214,34.745061],[135.923452,34.745311],[135.923589,34.745403],[135.924027,34.745578],[135.924464,34.745869],[135.924789,34.746228],[135.925314,34.747178],[135.925726,34.748069],[135.926001,34.748361],[135.926526,34.748811],[135.926876,34.749619],[135.927076,34.749911],[135.928163,34.751011],[135.928801,34.751711],[135.928963,34.752019],[135.928988,34.752386],[135.928826,34.752761],[135.928501,34.753211],[135.928576,34.753252],[135.928351,34.753469],[135.928076,34.753652],[135.927426,34.754327],[135.927351,34.754527],[135.927426,34.754844],[135.927701,34.755402],[135.928026,34.755744],[135.928876,34.756435],[135.929038,34.75666],[135.929013,34.756819],[135.928851,34.756927],[135.927538,34.75691],[135.926963,34.756952],[135.926538,34.757069],[135.925714,34.75756],[135.925064,34.757744],[135.924564,34.757769],[135.924264,34.757652],[135.923889,34.75696],[135.923589,34.756735],[135.923476,34.756535],[135.923501,34.75626],[135.922926,34.755727],[135.922402,34.755052],[135.922002,34.75476],[135.921614,34.754494],[135.921314,34.75411],[135.921202,34.753252],[135.921202,34.753202],[135.920927,34.75291],[135.920764,34.752869],[135.920527,34.752869],[135.919952,34.753052],[135.919652,34.75321],[135.919652,34.753252],[135.919402,34.75341],[135.918065,34.753644],[135.917677,34.753594],[135.91744,34.753527],[135.917077,34.753577],[135.916677,34.753735],[135.91634,34.753735],[135.91624,34.75371],[135.916102,34.753527],[135.91599,34.753285],[135.915902,34.753252],[135.916127,34.75321],[135.916015,34.75306],[135.915528,34.752702],[135.915278,34.752477],[135.915003,34.751894],[135.915003,34.751194],[135.914953,34.75101],[135.914403,34.750569],[135.913803,34.749844],[135.913628,34.749535],[135.913603,34.749019],[135.913653,34.747977],[135.913416,34.747536],[135.913353,34.747261],[135.913628,34.746836],[135.913566,34.746636],[135.913353,34.746494],[135.912778,34.746344],[135.912428,34.746211],[135.912153,34.745986],[135.911928,34.745644],[135.911853,34.745419],[135.911816,34.744452],[135.911766,34.744144],[135.911791,34.743894],[135.911566,34.743511],[135.911166,34.743177],[135.910416,34.742661],[135.910041,34.742302],[135.909404,34.741827],[135.908567,34.741402],[135.908317,34.741136],[135.908067,34.740277],[135.907817,34.739827],[135.907517,34.739494],[135.906229,34.738369],[135.906067,34.738194],[135.905467,34.737069],[135.905142,34.736778],[135.90473,34.736603],[135.903742,34.736486],[135.90333,34.736353],[135.903167,34.736086],[135.903005,34.73552],[135.902955,34.735053],[135.90303,34.734445],[135.90328,34.734062],[135.90338,34.733795],[135.903267,34.733362],[135.90303,34.732937],[135.901792,34.731704],[135.901305,34.731254],[135.900942,34.731029],[135.90073,34.730987],[135.900317,34.731054],[135.899555,34.731304],[135.89903,34.731437],[135.898567,34.731504],[135.89813,34.731437],[135.89783,34.731262],[135.89748,34.730921],[135.89728,34.730588],[135.897142,34.730204],[135.89698,34.729446],[135.897117,34.729063],[135.897367,34.728904],[135.897505,34.728696],[135.897555,34.728296],[135.89758,34.727396],[135.897555,34.726921],[135.897305,34.725938],[135.897142,34.725488],[135.896917,34.725197],[135.896455,34.725063],[135.895992,34.72508],[135.89563,34.724997],[135.895417,34.724813],[135.895192,34.72443],[135.894867,34.72398],[135.894617,34.72353],[135.894592,34.723172],[135.894705,34.722997],[135.89478,34.722947],[135.894867,34.722814],[135.893955,34.721039],[135.893742,34.720139],[135.89363,34.719781],[135.893417,34.719489],[135.893055,34.719223],[135.892643,34.718681],[135.892343,34.718189],[135.892293,34.717831],[135.892393,34.717448],[135.892393,34.716973],[135.89223,34.715823],[135.89223,34.715607],[135.891905,34.714682],[135.89168,34.714232],[135.891655,34.713915],[135.89173,34.713648],[135.891518,34.713174],[135.89108,34.712524],[135.891018,34.712365],[135.891018,34.711899],[135.890693,34.711266],[135.89028,34.710007],[135.890218,34.709557],[135.890305,34.708749],[135.890193,34.708433],[135.88998,34.708366],[135.88978,34.708433],[135.889505,34.708641],[135.889318,34.708974],[135.889218,34.709357],[135.88918,34.709849],[135.889218,34.710324],[135.889155,34.710574],[135.888968,34.710799],[135.888693,34.710957],[135.887768,34.711341],[135.887355,34.711582],[135.88698,34.711899],[135.88638,34.71269],[135.885668,34.713407],[135.885231,34.713615],[135.884693,34.713365],[135.884256,34.713207],[135.883868,34.713124],[135.883481,34.713124],[135.883018,34.713232],[135.882556,34.713415],[135.882118,34.71364],[135.881681,34.713907],[135.881306,34.71409],[135.880893,34.713982],[135.880369,34.71344],[135.879831,34.712949],[135.879331,34.712657],[135.878731,34.712432],[135.878081,34.712299],[135.877831,34.712274],[135.877419,34.712299],[135.877206,34.712482],[135.876819,34.713624],[135.876631,34.713832],[135.876519,34.713874],[135.876169,34.713874],[135.875844,34.713807],[135.875519,34.713674],[135.874994,34.713407],[135.874307,34.712957],[135.873907,34.712665],[135.873469,34.71224],[135.873019,34.711674],[135.872807,34.711515],[135.872582,34.711449],[135.872168,34.711429],[135.872057,34.71149],[135.871507,34.711515],[135.871144,34.711465],[135.870569,34.711174],[135.870082,34.710974],[135.86917,34.710732],[135.868595,34.710616],[135.867857,34.710549],[135.867345,34.710232],[135.866332,34.709941],[135.865957,34.709699],[135.865633,34.709424],[135.865545,34.708816],[135.86542,34.708674],[135.865045,34.708566],[135.864683,34.708491],[135.864345,34.708032],[135.864333,34.708016],[135.864308,34.707991],[135.864158,34.707791],[135.864145,34.707682],[135.864208,34.706849],[135.863995,34.706624],[135.86342,34.706374],[135.862133,34.706899],[135.861695,34.706866],[135.861108,34.706849],[135.860833,34.707007],[135.860371,34.707032],[135.859908,34.707224],[135.859846,34.707232],[135.859433,34.707257],[135.858733,34.707032],[135.858571,34.706991],[135.858233,34.706957],[135.857971,34.706866],[135.857833,34.706674],[135.857233,34.706557],[135.856471,34.706549],[135.856071,34.706474],[135.855184,34.706107],[135.853696,34.706016],[135.851122,34.705857],[135.850722,34.706066],[135.850397,34.706099],[135.848909,34.706007],[135.848909,34.706391],[135.848997,34.707091],[135.849172,34.707474],[135.849384,34.707807],[135.849472,34.70819],[135.849222,34.708374],[135.848059,34.708665],[135.847484,34.708782],[135.846847,34.708849],[135.846222,34.708865],[135.845822,34.708957],[135.845484,34.709074],[135.844872,34.70914],[135.844297,34.709049],[135.843647,34.709007],[135.843072,34.709074],[135.84186,34.709273],[135.84131,34.709548],[135.840872,34.710023],[135.84051,34.710273],[135.839747,34.710398],[135.83961,34.710657],[135.839472,34.71149],[135.839247,34.711731],[135.838835,34.711823],[135.837685,34.711823],[135.83711,34.71194],[135.836335,34.712281],[135.83571,34.712406],[135.83436,34.712365],[135.833898,34.712456],[135.832661,34.713048],[135.832161,34.713339],[135.831986,34.713381],[135.831611,34.713406],[135.831286,34.713339],[135.830973,34.713214],[135.830536,34.713564],[135.830236,34.713631],[135.830073,34.713481],[135.829886,34.713114],[135.829611,34.712781],[135.829186,34.712614],[135.828623,34.712531],[135.827949,34.712373],[135.827849,34.712373],[135.827586,34.712531],[135.827411,34.712781],[135.826961,34.713498],[135.826636,34.713656],[135.825786,34.713414],[135.825349,34.713339],[135.824911,34.713423],[135.824624,34.713548],[135.824474,34.713514],[135.824161,34.712756],[135.823699,34.712464],[135.822986,34.712223],[135.821937,34.712106],[135.821199,34.711948],[135.820324,34.711681],[135.819687,34.711706],[135.818949,34.712064],[135.817574,34.712856],[135.817025,34.713397],[135.81655,34.714139],[135.816387,34.714147],[135.8159,34.714231],[135.815325,34.714381],[135.814737,34.71473],[135.81455,34.714814],[135.814037,34.715014],[135.8134,34.715064],[135.813362,34.715039],[135.812975,34.714872],[135.812162,34.714305],[135.811775,34.71428],[135.811688,34.714255],[135.810813,34.714322],[135.810188,34.714505],[135.80975,34.71478],[135.8096,34.714955],[135.809713,34.715139],[135.81015,34.71518],[135.811088,34.71493],[135.811525,34.714864],[135.8118,34.71493],[135.811937,34.715155],[135.81205,34.716014],[135.812162,34.716397],[135.8121,34.716689],[135.8118,34.717072],[135.811637,34.717347],[135.811412,34.71748],[135.811062,34.717505],[135.810575,34.71748],[135.809388,34.717672],[135.80845,34.717663],[135.808088,34.717747],[135.8076,34.718005],[135.80705,34.718072],[135.806588,34.717963],[135.806088,34.717938],[135.805601,34.718097],[135.805151,34.718413],[135.804688,34.718813],[135.804301,34.719405],[135.804051,34.719888],[135.803913,34.720463],[135.803751,34.721713],[135.803613,34.721904],[135.803451,34.721996],[135.803038,34.722013],[135.801951,34.721996],[135.801038,34.722088],[135.799826,34.722471],[135.799276,34.723012],[135.799114,34.723121],[135.798839,34.722971],[135.798401,34.722471],[135.797964,34.722179],[135.797489,34.721546],[135.797339,34.721054],[135.797214,34.720896],[135.797001,34.720871],[135.796701,34.720696],[135.795976,34.720571],[135.795689,34.720663],[135.795589,34.721146],[135.795339,34.721471],[135.795226,34.721646],[135.795126,34.721962],[135.795364,34.722196],[135.795451,34.722387],[135.795364,34.722721],[135.795226,34.723171],[135.795076,34.723412],[135.794951,34.723537],[135.793164,34.724187],[135.791589,34.724912],[135.790964,34.724871],[135.790289,34.724687],[135.789602,34.724554],[135.788477,34.724487],[135.787789,34.724529],[135.787389,34.724529],[135.787327,34.724562],[135.787327,34.724512],[135.787214,34.724379],[135.787027,34.724287],[135.786164,34.724271],[135.786027,34.724346],[135.786027,34.724496],[135.785977,34.724537],[135.785589,34.724562],[135.784527,34.724437],[135.784277,34.724221],[135.784139,34.723929],[135.783865,34.723679],[135.782852,34.723479],[135.782102,34.723179],[135.781415,34.723079],[135.78039,34.722987],[135.779765,34.723079],[135.779215,34.723221],[135.77889,34.723446],[135.77864,34.723554],[135.778277,34.723479],[135.77764,34.723179],[135.776865,34.723362],[135.77664,34.723471],[135.776128,34.723895],[135.77589,34.724045],[135.774915,34.724179],[135.774228,34.724362],[135.77394,34.724345],[135.773753,34.724262],[135.77349,34.724254],[135.773403,34.724395],[135.77334,34.72462],[135.774115,34.725112],[135.77414,34.725229],[135.774078,34.72547],[135.773853,34.725679],[135.77339,34.725862],[135.77249,34.725904],[135.77194,34.725904],[135.77174,34.725862],[135.77144,34.725429],[135.771203,34.725337],[135.770816,34.725179],[135.770603,34.725229],[135.769916,34.725529],[135.769541,34.72577],[135.769141,34.72577],[135.768666,34.725729],[135.767791,34.725804],[135.767241,34.725487],[135.766603,34.72532],[135.765404,34.725529],[135.764816,34.725578],[135.764266,34.725695],[135.763804,34.725895],[135.763641,34.726012],[135.763254,34.72617],[135.762679,34.726145],[135.762104,34.726053],[135.761516,34.726012],[135.761141,34.726112],[135.760391,34.726845],[135.759579,34.727337],[135.758117,34.728045],[135.757104,34.728403],[135.756742,34.728495],[135.756492,34.728428],[135.755967,34.727795],[135.755704,34.727595],[135.755492,34.727512],[135.754904,34.727986],[135.754679,34.728503],[135.754729,34.728686],[135.754904,34.728878],[135.755267,34.729453],[135.755479,34.730303],[135.755417,34.730978],[135.755454,34.732169],[135.755429,34.733586],[135.755429,34.733727],[135.755454,34.733952],[135.755829,34.734344],[135.756204,34.734669],[135.756304,34.734736],[135.756704,34.734852],[135.756892,34.734986],[135.757029,34.735136],[135.757167,34.735411],[135.757229,34.735636],[135.757204,34.735811],[135.757192,34.736011],[135.757067,34.736219],[135.756867,34.73636],[135.756542,34.73651],[135.756179,34.736702],[135.755992,34.736977],[135.755629,34.737219],[135.755129,34.737427],[135.754542,34.737985],[135.754454,34.738077],[135.754154,34.738369],[135.753442,34.738544],[135.753017,34.738777],[135.752742,34.739118],[135.752517,34.739402],[135.752005,34.739793],[135.751467,34.740268],[135.751092,34.740677],[135.75068,34.740885],[135.75018,34.741135],[135.749192,34.74161],[135.749105,34.741668],[135.74873,34.742276],[135.748392,34.742635],[135.747705,34.743243],[135.747505,34.743468],[135.747455,34.743784],[135.747505,34.744101],[135.748142,34.745501],[135.748142,34.745634],[135.74803,34.745884],[135.747817,34.746134],[135.747242,34.746467],[135.747169,34.746451],[135.746855,34.746651],[135.74618,34.746909],[135.745305,34.747026],[135.745143,34.747076],[135.74353,34.747326],[135.742993,34.747551],[135.74248,34.747701],[135.740955,34.747967],[135.739918,34.748042],[135.73948,34.748117],[135.739268,34.748209],[135.739055,34.748459],[135.73898,34.748776],[135.73868,34.749167],[135.738355,34.749309],[135.737956,34.749426],[135.736668,34.749734],[135.736368,34.749892],[135.736243,34.750076],[135.736218,34.750326],[135.736331,34.750709],[135.736556,34.750909],[135.736781,34.751267],[135.736793,34.751442],[135.736743,34.751651],[135.736681,34.751717],[135.736393,34.752259],[135.736443,34.752892],[135.736593,34.75325],[135.736555,34.754142],[135.736668,34.75485],[135.736555,34.755275],[135.736005,34.755258],[135.734781,34.755034],[135.733743,34.754742],[135.733306,34.754775],[135.733168,34.754825],[135.733081,34.755],[135.733168,34.755342],[135.733331,34.755658],[135.733443,34.756267],[135.733006,34.756517],[135.732543,34.7567],[135.732268,34.756875],[135.731993,34.757217],[135.732018,34.757508],[135.732531,34.758467],[135.732643,34.758825],[135.732668,34.759141],[135.732481,34.759475],[135.732343,34.759816],[135.732268,34.760383],[135.732131,34.760858],[135.732106,34.761175],[135.732131,34.761258],[135.732106,34.7616],[135.731743,34.762375],[135.731693,34.762758],[135.731768,34.763099],[135.731968,34.763433],[135.732068,34.763774],[135.732106,34.764041],[135.731906,34.764383],[135.731468,34.764816],[135.731368,34.764858],[135.730981,34.764924],[135.730793,34.765083],[135.730431,34.765583],[135.730218,34.766058],[135.730081,34.766483],[135.729968,34.767582],[135.730081,34.767866],[135.730405,34.768224],[135.73043,34.768449],[135.730343,34.768816],[135.73038,34.769124],[135.73073,34.769699],[135.73078,34.769949],[135.730705,34.770282],[135.730655,34.770374],[135.73013,34.770824],[135.72983,34.771249],[135.72978,34.772174],[135.729555,34.773332],[135.729755,34.774457],[135.729693,34.77484],[135.729255,34.775432],[135.728955,34.775998],[135.729205,34.776898],[135.72918,34.777265],[135.729068,34.777557],[135.72873,34.777898],[135.729343,34.779248],[135.72953,34.779548],[135.730155,34.78014],[135.730843,34.781173],[135.731093,34.781331],[135.731717,34.781556],[135.731905,34.781739],[135.732017,34.782214],[135.732042,34.782581],[135.732155,34.782689],[135.73253,34.782914],[135.73303,34.783139],[135.733542,34.783764],[135.734017,34.784039],[135.734617,34.784164],[135.735592,34.784364],[135.736117,34.784631],[135.736279,34.784931],[135.736417,34.785514],[135.736854,34.786081],[135.737129,34.786264],[135.737479,34.786622],[135.737679,34.787006],[135.737892,34.787256],[135.738467,34.787547],[135.738929,34.787664],[135.739367,34.787739],[135.739754,34.787889],[135.740079,34.788122],[135.740516,34.788272],[135.740704,34.78843],[135.740766,34.788705],[135.740604,34.789064],[135.740379,34.789355],[135.740267,34.78963],[135.740291,34.78988],[135.740242,34.790122],[135.739942,34.79028],[135.739392,34.790664],[135.739254,34.790922],[135.739304,34.791255],[135.739529,34.79148],[135.739804,34.791688],[135.740017,34.791913],[135.740191,34.79223],[135.740266,34.792613],[135.740516,34.793263],[135.740729,34.793422],[135.741091,34.793538],[135.741466,34.793605],[135.741904,34.793605],[135.742066,34.79363],[135.742841,34.793605],[135.743166,34.793696],[135.743354,34.79388],[135.743491,34.794196],[135.743691,34.795296],[135.743816,34.795713],[135.744154,34.796255],[135.744779,34.797154],[135.745491,34.798054],[135.745791,34.798354],[135.745903,34.798538],[135.746041,34.799238],[135.746366,34.800746],[135.746553,34.801204],[135.746603,34.801671],[135.746553,34.802104],[135.746416,34.802596],[135.745903,34.803954],[135.745691,34.804154],[135.745041,34.80437],[135.744716,34.80442],[135.743954,34.804762],[135.743054,34.805237],[135.742816,34.805545],[135.742566,34.806229],[135.742291,34.806478],[135.742041,34.806878],[135.741966,34.807353],[135.741879,34.808287],[135.741666,34.80862],[135.741391,34.808928],[135.740516,34.810136],[135.739442,34.811303],[135.739142,34.811536],[135.738842,34.811645],[135.738542,34.81167],[135.738267,34.811736],[135.737917,34.812028],[135.737867,34.812519],[135.737754,34.812878],[135.737567,34.813178],[135.737292,34.813361],[135.736992,34.813453],[135.736767,34.813586],[135.736692,34.813878],[135.736767,34.814686],[135.736742,34.815069],[135.736367,34.816319],[135.736092,34.816769],[135.735979,34.817036],[135.736004,34.817561],[135.735892,34.817919],[135.735342,34.818886],[135.735292,34.819336],[135.735105,34.819877],[135.73493,34.819994],[135.734392,34.820086],[135.73398,34.820244],[135.733592,34.820485],[135.733317,34.820735],[135.732755,34.822027],[135.73248,34.82241],[135.73218,34.82261],[135.73158,34.822677],[135.731142,34.822677],[135.730592,34.822294],[135.730367,34.822177],[135.730042,34.822177],[135.729605,34.822294],[135.72898,34.822494],[135.72818,34.822927],[135.727643,34.823127],[135.72663,34.823102],[135.725918,34.823019],[135.724905,34.823035],[135.72438,34.823118],[135.724143,34.823235],[135.724006,34.823443],[135.723506,34.82441],[135.723018,34.82506],[135.723018,34.825202],[135.723293,34.825968],[135.723243,34.82631],[135.722418,34.827343],[135.722231,34.828018],[135.721543,34.828385],[135.721031,34.829035],[135.720731,34.829351],[135.720643,34.829376],[135.719993,34.829443],[135.719681,34.829551],[135.719431,34.82976],[135.719293,34.830026],[135.719343,34.830543],[135.719343,34.830884],[135.719218,34.831176],[135.718781,34.831718],[135.718156,34.832101],[135.717956,34.832326],[135.718019,34.832709],[135.718181,34.833026],[135.718181,34.833251],[135.717981,34.833459],[135.717769,34.833843],[135.717631,34.834243],[135.717356,34.835442],[135.716894,34.835734],[135.715931,34.836209],[135.715769,34.836384],[135.715769,34.836434],[135.715644,34.836576],[135.715669,34.836701],[135.715644,34.837125],[135.715669,34.837467],[135.715644,34.837734],[135.715481,34.83805],[135.715256,34.8383],[135.714706,34.838725],[135.714431,34.839067],[135.713969,34.839333],[135.713669,34.839583],[135.713344,34.839917],[135.712956,34.840233],[135.712656,34.840325],[135.712269,34.840166],[135.711994,34.840216],[135.711781,34.840508],[135.711456,34.841275],[135.711294,34.841425],[135.711069,34.841499],[135.711044,34.841633],[135.711206,34.841808],[135.711669,34.841991],[135.711781,34.842124],[135.711669,34.842333],[135.711456,34.842558],[135.711393,34.843208],[135.711231,34.843908],[135.711018,34.844132],[135.710356,34.844174],[135.709968,34.844824],[135.710056,34.845166],[135.710193,34.846632],[135.710006,34.846857],[135.709481,34.847032],[135.709118,34.847241],[135.708856,34.847507],[135.708606,34.847957],[135.708419,34.848299],[135.708194,34.848566],[135.707869,34.848857],[135.707344,34.849582],[135.707094,34.849666],[135.707019,34.849649],[135.706956,34.849666],[135.706519,34.849691],[135.706169,34.849849],[135.705919,34.850099],[135.705456,34.850816],[135.705106,34.851157],[135.704581,34.851316],[135.703681,34.851491],[135.703181,34.851691],[135.702719,34.851807],[135.702206,34.851782],[135.701981,34.851624],[135.701732,34.851266],[135.701407,34.850999],[135.701057,34.850907],[135.700669,34.850749],[135.700119,34.850457],[135.699219,34.850141],[135.698757,34.849891],[135.698394,34.849824],[135.697719,34.849257],[135.697407,34.848966],[135.697007,34.848832],[135.696482,34.848649],[135.696182,34.848499],[135.69582,34.848249],[135.695307,34.848116],[135.694895,34.848157],[135.694732,34.848316],[135.694707,34.848674],[135.694782,34.849015],[135.69462,34.849324],[135.69402,34.849865],[135.693832,34.850565],[135.693745,34.851065],[135.69352,34.85169],[135.693145,34.851965],[135.69262,34.85219],[135.692245,34.852415],[135.691882,34.852723],[135.69167,34.853332],[135.691695,34.853557],[135.691882,34.853873],[135.692132,34.854123],[135.692295,34.854373],[135.692407,34.854615],[135.692432,34.85509],[135.692295,34.855432],[135.69117,34.855857],[135.69087,34.856123],[135.690707,34.85644],[135.69082,34.857432],[135.690982,34.857857],[135.691357,34.858448],[135.691832,34.858915],[135.692182,34.859215],[135.692945,34.859707],[135.69347,34.860115],[135.694157,34.860515],[135.694644,34.86074],[135.694757,34.860899],[135.694782,34.861174],[135.694694,34.86144],[135.693682,34.861082],[135.693282,34.861015],[135.692845,34.861057],[135.692295,34.861307],[135.691557,34.86144],[135.691257,34.862273],[135.691195,34.862473],[135.691195,34.862973],[135.691307,34.863423],[135.691695,34.864231],[135.691882,34.864548],[135.691995,34.864998],[135.691857,34.865514],[135.691745,34.865672],[135.691445,34.865922],[135.691357,34.866322],[135.691382,34.86718],[135.691145,34.868264],[135.691107,34.868872],[135.691032,34.868963],[135.690595,34.869138],[135.689632,34.869363],[135.68942,34.869338],[135.689008,34.869205],[135.688733,34.869072],[135.688508,34.869047],[135.688108,34.86918],[135.687583,34.86948],[135.68627,34.870355],[135.685058,34.870763],[135.684408,34.871363],[135.683558,34.871679],[135.683258,34.871887],[135.682708,34.872154],[135.682383,34.872379],[135.682158,34.872671],[135.682021,34.873437],[135.681996,34.874629],[135.681883,34.87517],[135.681971,34.87562],[135.682133,34.875979],[135.682383,34.876295],[135.683008,34.876928],[135.683333,34.87747],[135.683395,34.877778],[135.683283,34.878162],[135.68317,34.87832],[135.683008,34.87877],[135.682958,34.87922],[135.68282,34.879628],[135.68232,34.880145],[135.682045,34.88062],[135.68177,34.880753],[135.680796,34.881094],[135.680083,34.881319],[135.679971,34.881319],[135.680058,34.881519],[135.680546,34.883794],[135.681283,34.885594],[135.681908,34.886719],[135.682683,34.887802],[135.681495,34.888452],[135.680683,34.888969],[135.680208,34.889219],[135.679833,34.88951],[135.679558,34.889852],[135.67857,34.891985],[135.67832,34.892568],[135.678045,34.893043],[135.677745,34.893426],[135.677033,34.894101],[135.676983,34.894235],[135.676921,34.894668],[135.676896,34.895226],[135.676758,34.895226],[135.676083,34.895093],[135.675396,34.894893],[135.675096,34.894934],[135.675171,34.895318],[135.675833,34.896418],[135.676046,34.896826],[135.67632,34.897768],[135.676158,34.898043],[135.675308,34.898401],[135.675146,34.898534],[135.675233,34.898717],[135.675721,34.899209],[135.675721,34.899301],[135.675583,34.899459],[135.674871,34.900001],[135.674733,34.900092],[135.674433,34.900159],[135.674108,34.900159],[135.673646,34.900109],[135.673446,34.900242],[135.673196,34.900875],[135.673033,34.901125],[135.672758,34.901417],[135.672358,34.901709],[135.671233,34.902359],[135.670321,34.9027],[135.669884,34.902925],[135.669009,34.903642],[135.668571,34.903775],[135.667921,34.903867],[135.667584,34.903958],[135.667459,34.90405],[135.667096,34.904183],[135.667009,34.904225],[135.666634,34.904317],[135.666221,34.904317],[135.665834,34.904358],[135.665484,34.904292],[135.665234,34.904208],[135.665021,34.903975],[135.664909,34.903458],[135.664722,34.903192],[135.664634,34.902833],[135.664584,34.902783],[135.664497,34.90245],[135.664247,34.902108],[135.663947,34.902083],[135.663897,34.902133],[135.663834,34.902308],[135.663897,34.90265],[135.664334,34.903683],[135.664384,34.904183],[135.664272,34.904583],[135.664009,34.9049],[135.663897,34.904966],[135.663484,34.905125],[135.663022,34.905125],[135.662684,34.905083],[135.662634,34.904991],[135.662909,34.9045],[135.662959,34.90425],[135.662822,34.903958],[135.662559,34.90375],[135.662197,34.903683],[135.661322,34.903958],[135.660797,34.904383],[135.660034,34.905166],[135.658585,34.906158],[135.658085,34.906433],[135.657385,34.906608],[135.65681,34.906675],[135.656472,34.906808],[135.655547,34.907691],[135.654772,34.908658],[135.654235,34.909133],[135.65376,34.909466],[135.653272,34.909691],[135.652147,34.909916],[135.65166,34.909916],[135.651435,34.909849],[135.650998,34.909574],[135.65051,34.909374],[135.648973,34.909416],[135.648673,34.909466],[135.648423,34.910091],[135.64826,34.910407],[135.64821,34.911041],[135.648235,34.91144],[135.648348,34.911915],[135.648348,34.912415],[135.64826,34.912974],[135.64826,34.913424],[135.648423,34.91394],[135.648885,34.91489],[135.648673,34.915223],[135.648423,34.915448],[135.648285,34.915857],[135.648198,34.916265],[135.648198,34.916598],[135.648285,34.916848],[135.648398,34.916873],[135.649547,34.916665],[135.650285,34.916665],[135.650835,34.916715],[135.652035,34.916915],[135.652422,34.91689],[135.65256,34.916848],[135.652835,34.916465],[135.652935,34.916215],[135.65316,34.916132],[135.653297,34.916148],[135.65341,34.916448],[135.65346,34.917273],[135.653435,34.917682],[135.653272,34.917865],[135.65296,34.917932],[135.652085,34.918248],[135.651735,34.91849],[135.651435,34.918765],[135.65116,34.919148],[135.650972,34.919481],[135.65086,34.919823],[135.650935,34.919898],[135.650472,34.92099],[135.650385,34.921864],[135.650585,34.922681],[135.65071,34.923064],[135.650572,34.923348],[135.650122,34.924123],[135.649685,34.924389],[135.649435,34.924531],[135.649285,34.924639],[135.649435,34.924797],[135.64956,34.924889],[135.649485,34.925247],[135.649135,34.925656],[135.648447,34.926122],[135.647897,34.926281],[135.64716,34.926614],[135.64671,34.926697],[135.64636,34.926805],[135.646085,34.927205],[135.645785,34.927389],[135.644948,34.927697],[135.644623,34.927989],[135.64411,34.928647],[135.643485,34.929313],[135.643198,34.929838],[135.642898,34.930622],[135.642535,34.930888],[135.64156,34.93088],[135.641135,34.930838],[135.640923,34.930997],[135.64081,34.931263],[135.640398,34.931621],[135.639923,34.931755],[135.639698,34.931771],[135.639248,34.931888],[135.63851,34.932196],[135.63806,34.932146],[135.637673,34.931855],[135.637273,34.931438],[135.636798,34.931188],[135.636448,34.93123],[135.636198,34.931388],[135.635511,34.932063],[135.634961,34.932288],[135.634511,34.932371],[135.634211,34.932529],[135.634136,34.932821],[135.634273,34.933704],[135.634173,34.933863],[135.633411,34.934421],[135.632636,34.934904],[135.631823,34.934979],[135.631436,34.935037],[135.631098,34.935262],[135.630724,34.935371],[135.630424,34.935404],[135.630074,34.935304],[135.629749,34.935271],[135.629236,34.935404],[135.629161,34.935379],[135.628774,34.935037],[135.628311,34.934337],[135.628036,34.934012],[135.627799,34.933937],[135.626924,34.934054],[135.626224,34.934171],[135.625599,34.934537],[135.625049,34.934696],[135.624274,34.935287],[135.623912,34.935279],[135.623762,34.935237],[135.623099,34.934579],[135.622974,34.934346],[135.622787,34.934004],[135.622537,34.933787],[135.622187,34.933671],[135.621812,34.933237],[135.621537,34.933104],[135.621187,34.933079],[135.621074,34.933129],[135.620749,34.933104],[135.620175,34.932762],[135.619512,34.932312],[135.619075,34.932087],[135.618937,34.931937],[135.618887,34.931596],[135.61875,34.931296],[135.618337,34.931038],[135.618062,34.930971],[135.617925,34.930904],[135.6177,34.930704],[135.617612,34.930479],[135.617612,34.930321],[135.617537,34.930046],[135.617262,34.929713],[135.617237,34.929579],[135.617287,34.929421],[135.617263,34.929238],[135.617213,34.929213],[135.617013,34.928963],[135.616763,34.928705],[135.616538,34.928638],[135.616375,34.928546],[135.61635,34.928496],[135.616025,34.928296],[135.615775,34.928271],[135.61545,34.92818],[135.6152,34.927888],[135.615125,34.927713],[135.614925,34.927721],[135.613563,34.928005],[135.612738,34.928238],[135.612501,34.928255],[135.611626,34.92848],[135.611351,34.92848],[135.610501,34.928371],[135.610313,34.928413],[135.609738,34.928321],[135.609563,34.928238],[135.609238,34.928163],[135.608726,34.928221],[135.608414,34.92833],[135.608039,34.928421],[135.607626,34.928355],[135.607076,34.92813],[135.606451,34.927746],[135.605851,34.927521],[135.605514,34.927455],[135.604527,34.92743],[135.603377,34.92728],[135.602889,34.927346],[135.601439,34.927771],[135.600265,34.928046],[135.60029,34.928071],[135.600227,34.928221],[135.600065,34.928355],[135.599827,34.928288],[135.599577,34.928405],[135.599577,34.92858],[135.59964,34.928696],[135.599777,34.92883],[135.600839,34.929463],[135.600927,34.929596],[135.601389,34.929905],[135.601364,34.930063],[135.601089,34.930288],[135.600789,34.930429],[135.600602,34.930629],[135.600627,34.930854],[135.600964,34.931263],[135.601427,34.931713],[135.601939,34.932313],[135.602114,34.932588],[135.602114,34.932746],[135.601977,34.933196],[135.602089,34.933396],[135.602302,34.933621],[135.602877,34.934087],[135.603014,34.934296],[135.603164,34.934787],[135.603276,34.935054],[135.603789,34.935304],[135.603789,34.935479],[135.603739,34.935621],[135.603439,34.935712],[135.603251,34.935871],[135.603276,34.936046],[135.603464,34.936254],[135.603764,34.936404],[135.604089,34.936496],[135.604264,34.936446],[135.604226,34.936387],[135.604364,34.936162],[135.604564,34.936137],[135.604889,34.936179],[135.605101,34.936312],[135.605376,34.936271],[135.605514,34.936129],[135.605651,34.935304],[135.605714,34.935212],[135.605814,34.935146],[135.606089,34.935187],[135.606314,34.935346],[135.606451,34.935571],[135.606701,34.936129],[135.606913,34.936271],[135.607076,34.936312],[135.607376,34.936471],[135.607463,34.936579],[135.607488,34.93672],[135.607401,34.936937],[135.606888,34.937387],[135.606788,34.93757],[135.606926,34.937904],[135.607063,34.937954],[135.607526,34.937995],[135.607713,34.938154],[135.607938,34.93847],[135.607963,34.938654],[135.607938,34.938687],[135.607963,34.938987],[135.608076,34.93932],[135.608213,34.93957],[135.608438,34.93977],[135.608788,34.939979],[135.609063,34.94007],[135.609688,34.939929],[135.609963,34.939687],[135.610188,34.93957],[135.610575,34.939754],[135.610738,34.939904],[135.610925,34.940312],[135.611013,34.940828],[135.610925,34.941387],[135.610688,34.941995],[135.61085,34.94222],[135.611075,34.942312],[135.611238,34.942328],[135.611263,34.942312],[135.611475,34.942312],[135.612025,34.942087],[135.612625,34.941862],[135.613038,34.941862],[135.613038,34.942037],[135.6129,34.942195],[135.6129,34.942245],[135.612575,34.942537],[135.611913,34.94307],[135.61165,34.943228],[135.611375,34.943545],[135.6114,34.94397],[135.611463,34.944062],[135.611788,34.944378],[135.612063,34.94487],[135.612775,34.945545],[135.613237,34.94582],[135.613675,34.94592],[135.6138,34.946078],[135.61385,34.946353],[135.613687,34.946445],[135.613325,34.946461],[135.613137,34.94652],[135.612725,34.94652],[135.612675,34.946595],[135.612787,34.946803],[135.613412,34.947211],[135.613687,34.947478],[135.613987,34.948011],[135.614237,34.94857],[135.614262,34.948919],[135.614237,34.949119],[135.614125,34.949428],[135.614075,34.949744],[135.614112,34.950153],[135.614325,34.950378],[135.6145,34.950378],[135.6146,34.950286],[135.6148,34.950261],[135.614875,34.950353],[135.614825,34.950978],[135.6149,34.951111],[135.6151,34.951269],[135.6154,34.951453],[135.61545,34.951544],[135.615375,34.951744],[135.614862,34.952194],[135.614825,34.952403],[135.614962,34.952528],[135.615925,34.952611],[135.61615,34.952686],[135.616225,34.952819],[135.61615,34.952978],[135.6159,34.953186],[135.615262,34.953478],[135.615187,34.953769],[135.6155,34.954261],[135.616012,34.954644],[135.61615,34.954869],[135.616537,34.955252],[135.617112,34.955586],[135.617274,34.955877],[135.617224,34.956036],[135.617012,34.956461],[135.617037,34.956952],[135.616924,34.957136],[135.616837,34.957177],[135.616587,34.957369],[135.616637,34.957494],[135.616649,34.957552],[135.616812,34.957544],[135.617299,34.957352],[135.617499,34.957402],[135.617999,34.957544],[135.618212,34.957627],[135.618537,34.957927],[135.618624,34.958052],[135.618799,34.958461],[135.618737,34.958977],[135.618524,34.959652],[135.618362,34.959902],[135.618174,34.960327],[135.617812,34.960977],[135.617462,34.96141],[135.617024,34.961769],[135.615987,34.962485],[135.615662,34.962802],[135.615362,34.963543],[135.615287,34.963952],[135.615312,34.964052],[135.615287,34.964827],[135.615362,34.965068],[135.615425,34.966118],[135.615287,34.966418],[135.614987,34.966693],[135.61455,34.96696],[135.6139,34.96721],[135.613762,34.967301],[135.613712,34.967526],[135.613762,34.967768],[135.613825,34.968468],[135.613762,34.968943],[135.61355,34.969884],[135.6135,34.970309],[135.613437,34.970443],[135.613387,34.970893],[135.613287,34.971359],[135.61435,34.971343],[135.61455,34.971276],[135.614762,34.971293],[135.615362,34.971676],[135.615612,34.972034],[135.615775,34.972234],[135.616187,34.972443],[135.616987,34.972576],[135.6175,34.972701],[135.618025,34.972851],[135.618162,34.972943],[135.618762,34.973176],[135.619312,34.973268],[135.620187,34.973601],[135.620462,34.973659],[135.620899,34.974101],[135.620924,34.974076],[135.621099,34.974168],[135.621587,34.974318],[135.621924,34.974318],[135.622186,34.974358],[135.622812,34.974468],[135.623112,34.974451],[135.623387,34.974393],[135.623862,34.974393],[135.624212,34.974218],[135.624499,34.973993],[135.624812,34.973859],[135.625237,34.973793],[135.626149,34.973776],[135.626274,34.973643],[135.626636,34.972901],[135.626886,34.972701],[135.627261,34.97261],[135.627661,34.972743],[135.627724,34.972793],[135.628161,34.973301],[135.628736,34.973526],[135.629286,34.973826],[135.630024,34.974385],[135.630374,34.974576],[135.630774,34.974643],[135.631549,34.974643],[135.632236,34.974585],[135.634098,34.974793],[135.634411,34.974976],[135.634973,34.975326],[135.635336,34.975393],[135.635848,34.975418],[135.636048,34.975426],[135.636411,34.975418],[135.636623,34.975401],[135.636911,34.975326],[135.637098,34.975218],[135.637361,34.975068],[135.637761,34.974993],[135.637823,34.975043],[135.638261,34.975501],[135.638473,34.975526],[135.638761,34.97551],[135.640898,34.975343],[135.641098,34.97536],[135.641248,34.975593],[135.641148,34.975993],[135.640473,34.97746],[135.640135,34.978451],[135.63971,34.979051],[135.639348,34.979418],[135.639023,34.979884],[135.63851,34.980426],[135.638111,34.980759],[135.637836,34.981209],[135.637648,34.981634],[135.637523,34.982292],[135.637523,34.982459],[135.637698,34.982492],[135.638173,34.982492],[135.637985,34.982909],[135.637823,34.983892],[135.637923,34.984701],[135.638023,34.985176],[135.638585,34.9864],[135.638698,34.986875],[135.638773,34.987325],[135.638623,34.987659],[135.637848,34.98885],[135.637698,34.989258],[135.637748,34.989592],[135.637873,34.989933],[135.638023,34.990167],[135.638398,34.991133],[135.638585,34.991808],[135.63851,34.992825],[135.638585,34.993233],[135.638898,34.993483],[135.639085,34.993683],[135.63916,34.994066],[135.639135,34.994383],[135.63921,34.994908],[135.638835,34.995741],[135.638922,34.996258],[135.638985,34.996616],[135.638897,34.997341],[135.638897,34.997658],[135.638972,34.997791],[135.639922,34.998316],[135.640247,34.998699],[135.640397,34.999082],[135.640572,34.999332],[135.641222,34.999649],[135.64151,34.999924],[135.64176,35.000241],[135.64201,35.000466],[135.642434,35.000566],[135.642709,35.000341],[135.642947,35.000091],[135.643184,35.000007],[135.643522,34.999982],[135.644147,35.000191],[135.645234,35.000807],[135.645759,35.001149],[135.645934,35.001349],[135.645984,35.001624],[135.645747,35.002207],[135.645747,35.002591],[135.645947,35.002932],[135.646209,35.003282],[135.646409,35.003482],[135.646484,35.003799],[135.646496,35.004632],[135.646721,35.005332],[135.646696,35.006024],[135.646771,35.006298],[135.646771,35.006657],[135.646646,35.007065],[135.646809,35.007532],[135.646809,35.007782],[135.646696,35.007915],[135.646421,35.008057],[135.646371,35.008057],[135.646234,35.008123],[135.646209,35.008298],[135.646071,35.008457],[135.645796,35.00864],[135.645584,35.009023],[135.645359,35.00929],[135.645034,35.00959],[135.644521,35.009856],[135.644321,35.010065],[135.644296,35.010714],[135.644109,35.011189],[135.643896,35.011414],[135.643546,35.012364],[135.643159,35.013106],[135.642509,35.013447],[135.642097,35.013739],[135.641684,35.013922],[135.641384,35.014481],[135.641034,35.014706],[135.639959,35.015205],[135.639797,35.01543],[135.639884,35.01568],[135.639997,35.015864],[135.639834,35.016064],[135.639122,35.016539],[135.638759,35.016605],[135.638484,35.016539],[135.638247,35.016605],[135.637909,35.016789],[135.637609,35.01688],[135.637584,35.017014],[135.637697,35.01733],[135.637697,35.017689],[135.637422,35.01803],[135.637159,35.018522],[135.636634,35.01873],[135.636447,35.019047],[135.636559,35.019205],[135.637072,35.019288],[135.637984,35.01958],[135.638534,35.019805],[135.638972,35.020072],[135.639297,35.02043],[135.639522,35.020855],[135.639772,35.021755],[135.639922,35.023038],[135.639997,35.023488],[135.639897,35.023696],[135.639397,35.023963],[135.638959,35.02428],[135.638884,35.024638],[135.638934,35.024779],[135.639347,35.025404],[135.639322,35.025496],[135.638909,35.025363],[135.638609,35.025179],[135.638397,35.025163],[135.638147,35.025338],[135.638147,35.025654],[135.638447,35.026013],[135.638209,35.026379],[135.638347,35.026846],[135.638122,35.027146],[135.638047,35.027679],[135.637797,35.027863],[135.636759,35.028296],[135.636572,35.028471],[135.636522,35.028812],[135.636409,35.029012],[135.636134,35.029129],[135.635859,35.029329],[135.635447,35.029937],[135.635322,35.030012],[135.635097,35.030212],[135.635322,35.030704],[135.635047,35.031046],[135.63491,35.031087],[135.63431,35.031587],[135.634097,35.031837],[135.634122,35.032312],[135.634072,35.032354],[135.633385,35.032537],[135.632972,35.033079],[135.632622,35.033187],[135.632285,35.033345],[135.63201,35.033645],[135.631822,35.033979],[135.631585,35.034137],[135.63076,35.03407],[135.63056,35.03412],[135.630485,35.03432],[135.62991,35.03482],[135.629748,35.035228],[135.629673,35.035995],[135.629535,35.036328],[135.629535,35.03667],[135.629585,35.036978],[135.629398,35.037162],[135.628935,35.037345],[135.62831,35.037662],[135.627948,35.037778],[135.627785,35.03802],[135.62726,35.03832],[135.62691,35.039128],[135.62661,35.039445],[135.626423,35.039578],[135.626285,35.039603],[135.62541,35.039336],[135.624686,35.039045],[135.623536,35.038303],[135.623211,35.038237],[135.622636,35.03817],[135.622185,35.038151],[135.621948,35.038103],[135.621673,35.038145],[135.621486,35.038353],[135.621323,35.038845],[135.621098,35.039253],[135.620773,35.039636],[135.619836,35.039995],[135.619098,35.040986],[135.617898,35.04177],[135.617561,35.042086],[135.617186,35.042719],[135.617099,35.043261],[135.617349,35.043753],[135.617648,35.044636],[135.617673,35.045153],[135.617536,35.045536],[135.617648,35.046186],[135.617873,35.046927],[135.617973,35.047586],[135.618086,35.048661],[135.618086,35.049202],[135.617948,35.050327],[135.617898,35.051185],[135.617973,35.051769],[135.617973,35.05231],[135.618111,35.052985],[135.618086,35.053577],[135.617873,35.053952],[135.617398,35.054227],[135.617373,35.054294],[135.617486,35.054943],[135.617373,35.05531],[135.617486,35.055668],[135.617923,35.05616],[135.618498,35.056635],[135.618823,35.057018],[135.619123,35.058776],[135.619373,35.059385],[135.620086,35.060443],[135.620611,35.061368],[135.621048,35.061909],[135.621236,35.062268],[135.621423,35.063259],[135.621673,35.063618],[135.622161,35.064109],[135.622161,35.064709],[135.621148,35.065709],[135.619836,35.066859],[135.619461,35.067401],[135.619123,35.068034],[135.618661,35.068434],[135.618336,35.068501],[135.617761,35.068459],[135.617073,35.068276],[135.616474,35.068076],[135.614524,35.067759],[135.612474,35.067284],[135.610611,35.066901],[135.608449,35.066559],[135.608549,35.066001],[135.608387,35.065301],[135.608037,35.064601],[135.607737,35.064334],[135.606987,35.063093],[135.606724,35.062801],[135.605899,35.062168],[135.605462,35.062051],[135.604937,35.062101],[135.60415,35.062276],[135.603487,35.062526],[135.603025,35.062643],[135.602725,35.062776],[135.60245,35.063068],[135.60225,35.063518],[135.602062,35.063834],[135.6017,35.064168],[135.601575,35.064601],[135.60165,35.065134],[135.6019,35.066126],[135.6017,35.066443],[135.600825,35.067368],[135.60075,35.067568],[135.600687,35.068268],[135.600412,35.069101],[135.600087,35.070492],[135.599513,35.070701],[135.598225,35.071084],[135.596175,35.071259],[135.595975,35.071392],[135.5959,35.071826],[135.595351,35.072276],[135.595126,35.072659],[135.594713,35.073867],[135.594363,35.074142],[135.593813,35.074209],[135.593188,35.074234],[135.592751,35.074409],[135.592576,35.074525],[135.592388,35.07495],[135.592138,35.075492],[135.591763,35.07585],[135.591263,35.076075],[135.590714,35.076259],[135.590551,35.076775],[135.590176,35.077042],[135.590114,35.077384],[135.590139,35.077467],[135.590576,35.077809],[135.590963,35.078375],[135.591151,35.0788],[135.591263,35.078892],[135.592201,35.079367],[135.591926,35.079658],[135.591726,35.08015],[135.591788,35.080875],[135.591726,35.081008],[135.591726,35.0815],[135.591788,35.081683],[135.592363,35.0827],[135.592413,35.083008],[135.591976,35.083841],[135.591863,35.084383],[135.591976,35.084833],[135.592438,35.085375],[135.593263,35.086141],[135.593651,35.086391],[135.593838,35.086483],[135.594088,35.086549],[135.594113,35.086574],[135.594125,35.086799],[135.594088,35.086908],[135.593788,35.087274],[135.5937,35.087583],[135.593813,35.087916],[135.593975,35.088166],[135.59425,35.088458],[135.595375,35.089374],[135.595875,35.089874],[135.59605,35.090091],[135.59615,35.090324],[135.5964,35.090641],[135.596975,35.091041],[135.597538,35.09154],[135.597975,35.092057],[135.598137,35.092407],[135.598137,35.092857],[135.598062,35.09329],[135.598075,35.093582],[135.597875,35.09439],[135.59825,35.09474],[135.5988,35.09509],[135.598975,35.095107],[135.599462,35.094948],[135.599712,35.094957],[135.599962,35.09494],[135.600362,35.095057],[135.600575,35.095357],[135.6007,35.095448],[135.600962,35.095398],[135.601412,35.094998],[135.601687,35.094757],[135.602037,35.094548],[135.602474,35.094523],[135.602787,35.094498],[135.603362,35.094557],[135.603799,35.094515],[135.604124,35.094357],[135.604374,35.094157],[135.604887,35.093273],[135.605112,35.092832],[135.605187,35.092765],[135.605687,35.092857],[135.606149,35.093048],[135.606862,35.093523],[135.607799,35.09419],[135.609561,35.095223],[135.610486,35.09559],[135.611011,35.095748],[135.611611,35.09599],[135.612498,35.096373],[135.612861,35.096481],[135.613073,35.09664],[135.613211,35.096848],[135.613736,35.097181],[135.614473,35.097381],[135.614561,35.097439],[135.614836,35.097856],[135.615686,35.099381],[135.615911,35.099639],[135.615961,35.099897],[135.616161,35.100297],[135.616273,35.100589],[135.616436,35.100814],[135.617236,35.100956],[135.617598,35.100931],[135.617698,35.100589],[135.617811,35.100497],[135.617636,35.099714],[135.617611,35.099314],[135.617498,35.098831],[135.617473,35.098189],[135.617136,35.097714],[135.616948,35.097264],[135.616886,35.096998],[135.616886,35.096723],[135.616948,35.096481],[135.617273,35.096006],[135.617323,35.095473],[135.617136,35.094656],[135.616936,35.094048],[135.616798,35.093781],[135.616661,35.093265],[135.616686,35.092948],[135.616661,35.092932],[135.616798,35.092773],[135.616836,35.092232],[135.616898,35.09209],[135.617111,35.091865],[135.617061,35.091848],[135.617611,35.091423],[135.617723,35.091348],[135.617773,35.09124],[135.617773,35.090882],[135.617861,35.090657],[135.618261,35.090457],[135.618423,35.09034],[135.618586,35.090157],[135.618786,35.089724],[135.618886,35.089324],[135.618936,35.088424],[135.619098,35.088207],[135.619373,35.08809],[135.619623,35.087865],[135.619835,35.087415],[135.62011,35.086549],[135.62011,35.086432],[135.620298,35.086074],[135.620748,35.084949],[135.621048,35.084541],[135.621348,35.083891],[135.621723,35.083216],[135.622174,35.082748],[135.622285,35.082766],[135.622585,35.082558],[135.622773,35.082308],[135.622885,35.082083],[135.622973,35.081683],[135.623135,35.081391],[135.623398,35.080691],[135.62346,35.080083],[135.62351,35.079925],[135.623535,35.079566],[135.623498,35.078666],[135.623698,35.07835],[135.623773,35.078075],[135.623748,35.077716],[135.623773,35.077241],[135.62371,35.076933],[135.623735,35.076525],[135.62371,35.07605],[135.623598,35.075558],[135.623598,35.075358],[135.624548,35.074542],[135.624685,35.073733],[135.62466,35.073617],[135.624523,35.073417],[135.624573,35.073075],[135.62476,35.072625],[135.62496,35.072359],[135.625223,35.072292],[135.625773,35.072284],[135.62591,35.072192],[135.625885,35.0719],[135.625698,35.071609],[135.625523,35.071142],[135.625635,35.07085],[135.625848,35.070667],[135.625985,35.070484],[135.625935,35.070217],[135.625798,35.069875],[135.625848,35.069584],[135.62601,35.069334],[135.62606,35.069159],[135.625923,35.068934],[135.62581,35.068617],[135.62581,35.068209],[135.625873,35.067917],[135.626085,35.067601],[135.626223,35.067217],[135.62646,35.067017],[135.626523,35.066926],[135.626523,35.066634],[135.626435,35.066367],[135.62681,35.065576],[135.627085,35.065509],[135.627698,35.065434],[135.628435,35.065301],[135.628923,35.065051],[135.629773,35.064759],[135.63016,35.064442],[135.63046,35.064326],[135.631173,35.063893],[135.632048,35.063801],[135.63251,35.063643],[135.632848,35.063601],[135.632948,35.063618],[135.633448,35.063484],[135.63386,35.063659],[135.633748,35.062609],[135.634347,35.062468],[135.634647,35.062243],[135.635022,35.061834],[135.635197,35.061834],[135.635272,35.062018],[135.635772,35.062284],[135.635935,35.062618],[135.635885,35.062959],[135.635772,35.063301],[135.635947,35.063726],[135.637535,35.064826],[135.637897,35.064842],[135.63841,35.064617],[135.639259,35.064726],[135.639672,35.064926],[135.639984,35.065176],[135.640084,35.065201],[135.640472,35.065017],[135.640797,35.065034],[135.641297,35.065326],[135.641522,35.066226],[135.641822,35.066951],[135.641722,35.067267],[135.641747,35.067642],[135.641809,35.067759],[135.641809,35.068234],[135.641859,35.068617],[135.641759,35.069017],[135.641972,35.069492],[135.641847,35.070192],[135.642009,35.070525],[135.642059,35.070867],[135.641959,35.0712],[135.642009,35.071517],[135.642622,35.072142],[135.642847,35.072483],[135.642897,35.072725],[135.642734,35.073],[135.641997,35.073658],[135.641422,35.074375],[135.641509,35.074716],[135.641647,35.074916],[135.642171,35.076241],[135.642221,35.076216],[135.643021,35.076125],[135.643734,35.076375],[135.644234,35.076508],[135.644584,35.07675],[135.644621,35.076891],[135.644371,35.076958],[135.644146,35.077091],[135.644046,35.077316],[135.643584,35.077541],[135.643109,35.0777],[135.642921,35.077816],[135.642784,35.077974],[135.642046,35.078266],[135.641796,35.078491],[135.640947,35.078833],[135.640734,35.078766],[135.640397,35.078816],[135.639884,35.079241],[135.639384,35.079491],[135.639059,35.079741],[135.638897,35.080124],[135.638597,35.080466],[135.638084,35.080799],[135.635097,35.082607],[135.634747,35.082924],[135.634609,35.083199],[135.634384,35.083491],[135.633597,35.084166],[135.633459,35.084507],[135.633484,35.084666],[135.633459,35.084999],[135.63226,35.086174],[135.632097,35.08649],[135.63201,35.086549],[135.63201,35.08669],[135.631872,35.08694],[135.631847,35.087182],[135.632359,35.087599],[135.632597,35.088024],[135.633022,35.089173],[135.633409,35.089782],[135.633622,35.090307],[135.633697,35.090665],[135.633659,35.091448],[135.634334,35.092473],[135.634647,35.093798],[135.634997,35.094256],[135.635259,35.095089],[135.635934,35.096131],[135.636572,35.095664],[135.637759,35.095239],[135.638471,35.094981],[135.639309,35.094531],[135.640346,35.094539],[135.641384,35.094598],[135.641684,35.094573],[135.642159,35.094489],[135.643183,35.093731],[135.643596,35.09349],[135.643521,35.09279],[135.643546,35.092456],[135.643533,35.091873],[135.643558,35.091823],[135.643534,35.091665],[135.644058,35.091473],[135.644283,35.091115],[135.644233,35.090748],[135.644308,35.090457],[135.644271,35.089765],[135.644621,35.08979],[135.645121,35.089723],[135.645783,35.089415],[135.645946,35.089298],[135.646608,35.089015],[135.646796,35.088907],[135.647633,35.088232],[135.648233,35.087882],[135.650658,35.08684],[135.650633,35.087449],[135.650646,35.088057],[135.650446,35.088932],[135.650421,35.089382],[135.650333,35.08954],[135.650383,35.089765],[135.650783,35.090265],[135.651495,35.090965],[135.651958,35.091356],[135.652258,35.091673],[135.652583,35.091923],[135.653158,35.091948],[135.653683,35.092065],[135.654308,35.092406],[135.654308,35.092606],[135.654133,35.09304],[135.65372,35.093506],[135.65327,35.094089],[135.652858,35.094506],[135.652633,35.094914],[135.652595,35.095248],[135.652758,35.095948],[135.652695,35.096289],[135.652233,35.096781],[135.652358,35.097589],[135.65232,35.097856],[135.651958,35.098214],[135.651545,35.098414],[135.651295,35.098772],[135.65127,35.099156],[135.65112,35.099939],[135.650783,35.100839],[135.65017,35.101797],[135.650545,35.102563],[135.650895,35.102955],[135.651145,35.103088],[135.651795,35.103138],[135.65227,35.103322],[135.652595,35.103705],[135.652882,35.10423],[135.65307,35.10468],[135.653532,35.105313],[135.653832,35.105563],[135.654432,35.105838],[135.65407,35.106288],[135.653732,35.106596],[135.653707,35.106796],[135.654357,35.107771],[135.654732,35.108829],[135.65467,35.108921],[135.654457,35.108988],[135.654207,35.108988],[135.653707,35.109046],[135.652557,35.109246],[135.651645,35.109529],[135.651182,35.109729],[135.65057,35.109838],[135.649758,35.109804],[135.649258,35.109938],[135.649008,35.110229],[135.648645,35.111146],[135.64847,35.111346],[135.648195,35.111887],[135.648158,35.112087],[135.648233,35.112629],[135.64872,35.113237],[135.64927,35.113804],[135.649758,35.114462],[135.64932,35.114612],[135.649095,35.11482],[135.648145,35.11647],[135.64817,35.116695],[135.647945,35.117128],[135.64717,35.117887],[135.64692,35.118062],[135.647595,35.118628],[135.648145,35.11902],[135.64847,35.119195],[135.648683,35.119153],[135.649433,35.118578],[135.64972,35.11822],[135.649883,35.117678],[135.650195,35.116987],[135.650807,35.116229],[135.651332,35.115962],[135.652045,35.11572],[135.652382,35.115495],[135.652432,35.115387],[135.652845,35.115137],[135.653295,35.115095],[135.65392,35.114904],[135.654195,35.11477],[135.654332,35.114904],[135.655357,35.116462],[135.655445,35.116645],[135.655845,35.116987],[135.656345,35.117237],[135.65702,35.117287],[135.657957,35.117045],[135.658369,35.117003],[135.658732,35.116853],[135.659832,35.116162],[135.659919,35.116145],[135.661332,35.117054],[135.662619,35.117787],[135.663469,35.118128],[135.663957,35.118653],[135.664332,35.118837],[135.664532,35.119128],[135.664544,35.11967],[135.664732,35.12012],[135.665332,35.120845],[135.665844,35.121137],[135.666482,35.121328],[135.667269,35.121328],[135.667544,35.121378],[135.667982,35.121612],[135.668394,35.122086],[135.668857,35.122536],[135.669207,35.122811],[135.670031,35.122886],[135.670244,35.12302],[135.670456,35.12372],[135.670582,35.125653],[135.670769,35.126219],[135.671144,35.126561],[135.672044,35.126903],[135.672269,35.127086],[135.672231,35.127469],[135.672344,35.127719],[135.672756,35.127969],[135.673319,35.128469],[135.673481,35.128919],[135.673531,35.129344],[135.673719,35.129619],[135.674319,35.129853],[135.674344,35.130369],[135.674119,35.131244],[135.674119,35.131352],[135.674306,35.131852],[135.674631,35.132327],[135.675469,35.133686],[135.675569,35.13411],[135.675369,35.134985],[135.675444,35.135977],[135.675731,35.13681],[135.675781,35.137443],[135.675619,35.13771],[135.675481,35.137777],[135.675032,35.137868],[135.674432,35.138177],[135.674207,35.138327],[135.673819,35.138752],[135.673457,35.139335],[135.672957,35.140368],[135.672832,35.140885],[135.672632,35.141426],[135.672494,35.142051],[135.672457,35.142609],[135.672694,35.143468],[135.672744,35.143918],[135.672495,35.144709],[135.672407,35.145267],[135.672595,35.145651],[135.673007,35.146017],[135.673495,35.146334],[135.673682,35.146692],[135.67357,35.147326],[135.673157,35.148984],[135.672857,35.14925],[135.672657,35.149609],[135.672732,35.150242],[135.672757,35.150875],[135.672507,35.151842],[135.672583,35.152492],[135.672695,35.154],[135.672857,35.154541],[135.673157,35.155016],[135.673307,35.155666],[135.672945,35.156724],[135.672607,35.157308],[135.67252,35.157866],[135.672757,35.158474],[135.67317,35.158933],[135.67412,35.159458],[135.67432,35.159683],[135.674395,35.159908],[135.67447,35.160382],[135.67462,35.161532],[135.674482,35.162449],[135.674257,35.162924],[135.674382,35.163257],[135.674332,35.163774],[135.674544,35.164232],[135.675844,35.165232],[135.675769,35.165565],[135.675732,35.165924],[135.677157,35.16614],[135.677544,35.166415],[135.678306,35.166599],[135.678806,35.166849],[135.679069,35.167082],[135.679706,35.166765],[135.680781,35.166032],[135.681344,35.165774],[135.681669,35.165682],[135.681994,35.165666],[135.682856,35.165716],[135.683268,35.165649],[135.683868,35.165607],[135.684368,35.165641],[135.684418,35.165682],[135.684906,35.165757],[135.685456,35.165966],[135.685706,35.166232],[135.685706,35.166299],[135.685968,35.166907],[135.686268,35.167299],[135.686731,35.167774],[135.68698,35.167799],[135.687555,35.167507],[135.688468,35.166891],[135.689018,35.166557],[135.689743,35.166266],[135.690455,35.166116],[135.692017,35.166199],[135.69353,35.166407],[135.694105,35.166349],[135.694805,35.165974],[135.695155,35.165883],[135.695867,35.166024],[135.696942,35.165924],[135.697742,35.165908],[135.698429,35.165933],[135.698979,35.165916],[135.699892,35.165449],[135.700104,35.165183],[135.700279,35.164866],[135.700392,35.164891],[135.700392,35.164916],[135.701104,35.165216],[135.702079,35.165516],[135.702716,35.165608],[135.703379,35.165616],[135.704004,35.165691],[135.704854,35.166058],[135.705566,35.165991],[135.706228,35.165799],[135.706953,35.165416],[135.708628,35.164425],[135.709628,35.164133],[135.709766,35.164158],[135.710416,35.164524],[135.710666,35.164749],[135.711065,35.165341],[135.711965,35.165866],[135.712378,35.166166],[135.712653,35.166591],[135.712703,35.166883],[135.712965,35.167857],[135.71354,35.168757],[135.713753,35.168941],[135.713978,35.168941],[135.714253,35.168857],[135.71489,35.168566],[135.715465,35.168666],[135.715765,35.168866],[135.716177,35.169007],[135.717102,35.168966],[135.71779,35.168791],[135.718065,35.168774],[135.718815,35.168649],[135.719415,35.168424],[135.719965,35.168274],[135.720327,35.168324],[135.720127,35.168882],[135.720215,35.169082],[135.720702,35.169832],[135.721077,35.170107],[135.721527,35.170207],[135.721789,35.170199],[135.722089,35.170099],[135.722539,35.170082],[135.722714,35.170091],[135.722902,35.170282],[135.723039,35.170541],[135.723227,35.170724],[135.723727,35.170874],[135.723727,35.171182],[135.723689,35.171382],[135.723789,35.171499],[135.723989,35.171507],[135.724889,35.171099],[135.725152,35.170849],[135.725389,35.170782],[135.725702,35.170824],[135.726214,35.170991],[135.726414,35.170932],[135.726689,35.170749],[135.726901,35.170299],[135.727164,35.170182],[135.727439,35.170224],[135.727701,35.170349],[135.728301,35.170799],[135.728526,35.170891],[135.728639,35.170899],[135.728989,35.170782],[135.729364,35.170566],[135.729826,35.170149],[135.730114,35.170049],[135.730489,35.170007],[135.730901,35.169874],[135.730839,35.169649],[135.730864,35.169307],[135.730839,35.168991],[135.730601,35.168449],[135.730689,35.168116],[135.731276,35.167466],[135.731351,35.167266],[135.731389,35.166724],[135.731776,35.166499],[135.732051,35.166233],[135.732464,35.165516],[135.732913,35.165075],[135.733026,35.164875],[135.733201,35.163925],[135.733476,35.162983],[135.733563,35.16285],[135.733901,35.162242],[135.734488,35.161733],[135.735176,35.161175],[135.735676,35.160975],[135.736226,35.160933],[135.736988,35.160992],[135.737538,35.160967],[135.739063,35.159967],[135.7403,35.1591],[135.741463,35.158459],[135.74185,35.158034],[135.741988,35.157584],[135.742163,35.156351],[135.742825,35.155884],[135.743088,35.155501],[135.743312,35.154918],[135.743475,35.153884],[135.74355,35.152893],[135.744162,35.151551],[135.744412,35.150743],[135.744475,35.150426],[135.744612,35.150093],[135.744912,35.14996],[135.7453,35.149877],[135.746587,35.149977],[135.747112,35.149977],[135.747173,35.14994],[135.74725,35.149968],[135.747687,35.149877],[135.748074,35.149702],[135.748737,35.149518],[135.749224,35.149518],[135.750349,35.149335],[135.751087,35.14911],[135.751012,35.14821],[135.751037,35.148102],[135.751562,35.14776],[135.752412,35.147402],[135.752599,35.147202],[135.753012,35.147002],[135.753424,35.146952],[135.753862,35.147135],[135.754162,35.147852],[135.754662,35.147718],[135.755324,35.147743],[135.756111,35.148127],[135.758036,35.149293],[135.758936,35.150085],[135.758986,35.150485],[135.759261,35.150393],[135.759736,35.150443],[135.760011,35.150735],[135.760249,35.150843],[135.760686,35.150751],[135.761211,35.15051],[135.761436,35.150535],[135.761811,35.150893],[135.762011,35.151343],[135.762311,35.15136],[135.763211,35.151093],[135.763686,35.150893],[135.763986,35.151135],[135.764473,35.15186],[135.764561,35.15186],[135.764836,35.15161],[135.765461,35.151318],[135.766011,35.150893],[135.766611,35.150985],[135.767086,35.151118],[135.76766,35.151501],[135.76821,35.151951],[135.768535,35.152376],[135.768785,35.152918],[135.76916,35.15341],[135.769848,35.153793],[135.770485,35.153768],[135.770885,35.153793],[135.771523,35.154734],[135.771985,35.155076],[135.77231,35.155476],[135.772373,35.155976],[135.77261,35.156468],[135.77336,35.157234],[135.773298,35.157459],[135.773085,35.157726],[135.772885,35.158201],[135.77286,35.159326],[135.772523,35.159575],[135.77201,35.159725],[135.77151,35.160134],[135.771373,35.160584],[135.771398,35.161142],[135.771123,35.161575],[135.770935,35.16175],[135.770873,35.161909],[135.77091,35.162517],[135.770873,35.162858],[135.77066,35.163325],[135.77071,35.16425],[135.770623,35.165308],[135.76991,35.16645],[135.76996,35.166791],[135.770185,35.167441],[135.770185,35.167891],[135.769985,35.168791],[135.77026,35.169149],[135.770423,35.169491],[135.770448,35.169874],[135.77036,35.170016],[135.770235,35.170508],[135.77026,35.171024],[135.770423,35.171358],[135.77081,35.171782],[135.770923,35.172074],[135.770785,35.172666],[135.770835,35.172799],[135.770948,35.172866],[135.77131,35.173199],[135.771498,35.173332],[135.771798,35.173782],[135.771973,35.173916],[135.772248,35.174049],[135.772898,35.174499],[135.77296,35.174632],[135.772935,35.174974],[135.772823,35.175149],[135.772735,35.175557],[135.772798,35.175715],[135.773235,35.176115],[135.77356,35.176274],[135.775185,35.177015],[135.775298,35.177124],[135.775323,35.177349],[135.775273,35.177507],[135.774998,35.17784],[135.77491,35.178223],[135.775135,35.178873],[135.775085,35.179032],[135.774948,35.17919],[135.774285,35.179465],[135.774123,35.179573],[135.773848,35.17989],[135.773773,35.18009],[135.773773,35.180407],[135.773985,35.180806],[135.774073,35.181106],[135.774048,35.181348],[135.773935,35.181465],[135.77386,35.181481],[135.773223,35.181481],[135.77276,35.181465],[135.772648,35.18144],[135.772298,35.18169],[135.771848,35.182098],[135.77101,35.182615],[135.770323,35.183081],[135.769798,35.183306],[135.769523,35.18349],[135.769411,35.183848],[135.769423,35.184164],[135.769536,35.185198],[135.769498,35.185689],[135.769636,35.185898],[135.769586,35.186073],[135.769373,35.186256],[135.769311,35.186706],[135.769236,35.186839],[135.769073,35.186881],[135.768711,35.186864],[135.768573,35.186997],[135.768386,35.187539],[135.768086,35.187981],[135.767698,35.188297],[135.767311,35.188506],[135.766498,35.188639],[135.766048,35.188839],[135.765861,35.188822],[135.765474,35.188689],[135.765311,35.188689],[135.764961,35.188889],[135.764824,35.189047],[135.764574,35.189539],[135.764436,35.189947],[135.764336,35.191022],[135.764249,35.19118],[135.764036,35.19138],[135.763586,35.191589],[135.762986,35.191747],[135.762274,35.191855],[135.761699,35.192014],[135.761561,35.19213],[135.761236,35.19258],[135.761149,35.192647],[135.760661,35.193005],[135.760324,35.193272],[135.759812,35.193572],[135.759074,35.194155],[135.758824,35.194263],[135.758599,35.194397],[135.757999,35.194963],[135.757887,35.195188],[135.757724,35.195388],[135.757374,35.195747],[135.757262,35.195797],[135.756712,35.195838],[135.756524,35.19598],[135.756387,35.196313],[135.755812,35.198205],[135.755599,35.199055],[135.755324,35.199821],[135.755187,35.200129],[135.754974,35.200963],[135.754637,35.201396],[135.754337,35.201663],[135.753624,35.202179],[135.753349,35.202446],[135.753274,35.202813],[135.753299,35.202829],[135.753162,35.204379],[135.753062,35.204737],[135.753749,35.205729],[135.753887,35.206021],[135.754049,35.206629],[135.754024,35.20667],[135.754049,35.20732],[135.754162,35.207545],[135.754624,35.208129],[135.754962,35.208379],[135.755174,35.208445],[135.755449,35.208487],[135.755899,35.208604],[135.756112,35.208737],[135.756387,35.20907],[135.756912,35.210212],[135.757324,35.210978],[135.757662,35.211337],[135.757874,35.21172],[135.758324,35.21237],[135.758487,35.212528],[135.758674,35.212595],[135.759012,35.212611],[135.759174,35.212686],[135.759287,35.21282],[135.759587,35.213445],[135.760137,35.214028],[135.760249,35.21407],[135.761174,35.21432],[135.761924,35.214636],[135.762274,35.214878],[135.762336,35.215036],[135.762424,35.216228],[135.762361,35.216428],[135.762261,35.216586],[135.762012,35.216769],[135.761712,35.217219],[135.761712,35.217419],[135.761762,35.217753],[135.762099,35.218678],[135.762324,35.219127],[135.762462,35.219844],[135.762712,35.220377],[135.762987,35.220719],[135.763124,35.221594],[135.763099,35.22186],[135.762987,35.222269],[135.762712,35.222827],[135.762637,35.223144],[135.762524,35.224044],[135.762362,35.224585],[135.762199,35.224852],[135.761862,35.225077],[135.761699,35.225143],[135.761399,35.22521],[135.761287,35.22526],[135.761124,35.225418],[135.761074,35.225793],[135.760987,35.226068],[135.760712,35.22631],[135.760524,35.22656],[135.760499,35.226693],[135.760524,35.22701],[135.760749,35.227552],[135.760724,35.227818],[135.760587,35.228001],[135.760562,35.228135],[135.760749,35.228585],[135.761299,35.229276],[135.761412,35.229726],[135.761224,35.230176],[135.761112,35.23036],[135.760974,35.230718],[135.760862,35.231251],[135.760862,35.231476],[135.761037,35.232643],[135.760925,35.233459],[135.760737,35.233926],[135.760487,35.234334],[135.760387,35.234692],[135.760212,35.234759],[135.76005,35.234784],[135.759425,35.234892],[135.759362,35.234942],[135.759262,35.235367],[135.759262,35.235659],[135.759175,35.235975],[135.759062,35.23615],[135.75885,35.236334],[135.7586,35.236492],[135.758112,35.23705],[135.757637,35.238067],[135.757612,35.238267],[135.757425,35.238967],[135.756875,35.23995],[135.756875,35.240017],[135.756413,35.240875],[135.756,35.241391],[135.755813,35.241725],[135.75565,35.241933],[135.75565,35.242],[135.755375,35.242608],[135.755325,35.242783],[135.75515,35.243233],[135.755163,35.243349],[135.755025,35.243816],[135.75505,35.243949],[135.754613,35.244808],[135.754225,35.245099],[135.753738,35.245324],[135.753563,35.245349],[135.753213,35.245258],[135.752913,35.245257],[135.752388,35.245349],[135.751975,35.245349],[135.75165,35.245083],[135.751363,35.244699],[135.751175,35.244366],[135.750788,35.244049],[135.750575,35.244008],[135.7501,35.244074],[135.749688,35.244049],[135.749438,35.244099],[135.749363,35.244166],[135.748288,35.244458],[135.747988,35.244566],[135.747913,35.244633],[135.7478,35.244841],[135.747688,35.244932],[135.747525,35.244882],[135.747172,35.244746],[135.747138,35.244783],[135.746875,35.244716],[135.7466,35.244691],[135.746188,35.244741],[135.745813,35.244658],[135.745376,35.244391],[135.744951,35.244066],[135.744551,35.243816],[135.744301,35.243799],[135.743876,35.243708],[135.743226,35.243499],[135.742638,35.243258],[135.741963,35.243083],[135.739688,35.243191],[135.739451,35.243366],[135.739226,35.243849],[135.738876,35.244274],[135.738438,35.244682],[135.738201,35.244799],[135.737826,35.244782],[135.737676,35.244991],[135.737388,35.245091],[135.736113,35.245082],[135.735326,35.244874],[135.733714,35.245291],[135.733226,35.245574],[135.733089,35.245732],[135.732964,35.246141],[135.732801,35.246424],[135.732414,35.24684],[135.732051,35.247707],[135.731801,35.248165],[135.731401,35.248532],[135.730839,35.248774],[135.730026,35.248999],[135.729701,35.249199],[135.728726,35.249607],[135.728176,35.24999],[135.728176,35.25034],[135.728351,35.250798],[135.728601,35.25119],[135.728951,35.251457],[135.729401,35.251857],[135.729851,35.252465],[135.730014,35.252956],[135.730126,35.253073],[135.730476,35.253206],[135.731026,35.253681],[135.731526,35.25429],[135.731826,35.254515],[135.732626,35.254848],[135.732851,35.255006],[135.732926,35.255323],[135.732926,35.255481],[135.732763,35.255614],[135.732413,35.255814],[135.732188,35.256039],[135.731863,35.256498],[135.731613,35.257281],[135.731201,35.257664],[135.731013,35.258073],[135.731013,35.258497],[135.731313,35.259472],[135.731376,35.259831],[135.731038,35.260322],[135.731238,35.261089],[135.731263,35.261605],[135.731563,35.26253],[135.731926,35.263114],[135.732113,35.263547],[135.732176,35.26433],[135.732288,35.264672],[135.732288,35.264988],[135.732151,35.26548],[135.732313,35.266072],[135.732176,35.266205],[135.731188,35.266163],[135.730863,35.266047],[135.730451,35.266072],[135.730276,35.266205],[135.730063,35.266297],[135.729926,35.266322],[135.729626,35.266455],[135.729376,35.26663],[135.729101,35.266771],[135.728826,35.267088],[135.728251,35.26733],[135.728088,35.267488],[135.727676,35.267646],[135.727338,35.267713],[135.727238,35.267988],[135.727176,35.26848],[135.726938,35.269338],[135.726763,35.270104],[135.726438,35.270463],[135.726226,35.270579],[135.725776,35.271029],[135.725588,35.271438],[135.725638,35.271754],[135.725951,35.272154],[135.726413,35.273012],[135.726776,35.273487],[135.727676,35.273729],[135.727951,35.273912],[135.728313,35.274404],[135.728726,35.274612],[135.728888,35.274837],[135.729163,35.275487],[135.7293,35.275712],[135.72975,35.275937],[135.730875,35.277195],[135.731563,35.277853],[135.731563,35.27792],[135.731363,35.27812],[135.730825,35.27857],[135.730688,35.27862],[135.730438,35.279003],[135.730138,35.279045],[135.729663,35.279203],[135.729563,35.279403],[135.729613,35.279811],[135.729913,35.280553],[135.729975,35.281145],[135.729888,35.281503],[135.729638,35.282111],[135.729475,35.282811],[135.729175,35.283486],[135.729125,35.283803],[135.729263,35.284069],[135.729425,35.284361],[135.729675,35.284478],[135.72995,35.284544],[135.73055,35.284878],[135.7314,35.284836],[135.732537,35.284903],[135.732725,35.284969],[135.733325,35.285327],[135.73355,35.285619],[135.73355,35.286094],[135.733437,35.286361],[135.733437,35.286661],[135.7338,35.287036],[135.734162,35.287111],[135.734575,35.287244],[135.734787,35.287444],[135.734925,35.287627],[135.735812,35.287761],[135.736299,35.287736],[135.736849,35.287536],[135.737212,35.287469],[135.737537,35.287444],[135.738474,35.287036],[135.740512,35.286986],[135.740949,35.287036],[135.741686,35.287302],[135.742736,35.286986],[135.742874,35.286877],[135.743499,35.286494],[135.743749,35.286469],[135.744349,35.286761],[135.744599,35.286761],[135.745236,35.286669],[135.745786,35.286802],[135.746161,35.286852],[135.746549,35.286669],[135.746849,35.286644],[135.747074,35.286711],[135.74717,35.286708],[135.747811,35.286619],[135.748261,35.286661],[135.748561,35.286777],[135.749136,35.287319],[135.749573,35.287386],[135.750011,35.287361],[135.750398,35.287386],[135.750998,35.287561],[135.751473,35.287361],[135.751723,35.287377],[135.752023,35.287469],[135.752848,35.287427],[135.753085,35.287469],[135.754185,35.287402],[135.75471,35.287469],[135.756035,35.287719],[135.756523,35.287786],[135.75686,35.287936],[135.75711,35.288277],[135.757385,35.288544],[135.75746,35.288544],[135.757735,35.28846],[135.757985,35.288185],[135.75831,35.288052],[135.758472,35.288027],[135.758747,35.288094],[135.759547,35.288094],[135.759935,35.288144],[135.76046,35.288277],[135.760947,35.288252],[135.761585,35.288002],[135.76211,35.287869],[135.762797,35.287844],[135.763234,35.287911],[135.763284,35.288002],[135.763622,35.288227],[135.764197,35.28836],[135.764684,35.288319],[135.764934,35.288477],[135.765097,35.288702],[135.765509,35.288902],[135.765734,35.289102],[135.765897,35.289419],[135.766172,35.289535],[135.766646,35.289527],[135.766809,35.289552],[135.767196,35.28971],[135.767771,35.289827],[135.768184,35.289735],[135.768421,35.289594],[135.769171,35.289527],[135.770209,35.288944],[135.770546,35.288894],[135.770684,35.288852],[135.771121,35.288469],[135.771446,35.288244],[135.771834,35.28811],[135.771946,35.288019],[135.772108,35.287544],[135.772059,35.287044],[135.772134,35.286819],[135.772359,35.286802],[135.772546,35.286727],[135.772683,35.286552],[135.773508,35.286011],[135.773946,35.285469],[135.774221,35.284969],[135.774359,35.284119],[135.774658,35.284044],[135.775046,35.284203],[135.775271,35.284344],[135.775683,35.284494],[135.775846,35.284836],[135.776146,35.284944],[135.776583,35.284969],[135.776808,35.285086],[135.776996,35.285394],[135.776971,35.285694],[135.776896,35.285986],[135.776896,35.286236],[135.777246,35.286527],[135.777333,35.286636],[135.777583,35.286819],[135.778233,35.286911],[135.779008,35.287336],[135.77937,35.287377],[135.779745,35.287352],[135.78002,35.287494],[135.780158,35.287852],[135.780195,35.288819],[135.780495,35.289227],[135.780908,35.289677],[135.781395,35.289994],[135.781595,35.290169],[135.781508,35.291119],[135.78132,35.291502],[135.780958,35.291977],[135.78082,35.292402],[135.780795,35.292835],[135.780658,35.293035],[135.780195,35.293127],[135.77942,35.293352],[135.778758,35.293602],[135.77827,35.293827],[135.777908,35.294052],[135.777695,35.294685],[135.777883,35.295018],[135.777933,35.29536],[135.777833,35.295627],[135.77752,35.296102],[135.777495,35.296393],[135.77772,35.296735],[135.778045,35.297051],[135.778383,35.297476],[135.778358,35.297568],[135.777995,35.298043],[135.777833,35.298718],[135.77797,35.299118],[135.778158,35.299526],[135.77822,35.300068],[135.778045,35.300768],[135.778108,35.301101],[135.778295,35.301418],[135.778408,35.301851],[135.778358,35.302159],[135.777833,35.302684],[135.777745,35.302701],[135.777583,35.302859],[135.77767,35.303134],[135.777645,35.303451],[135.777508,35.303926],[135.777445,35.305142],[135.778083,35.305159],[135.77877,35.305092],[135.77967,35.305117],[135.780082,35.305276],[135.780445,35.305476],[135.780582,35.305476],[135.781082,35.305317],[135.781707,35.305159],[135.781895,35.305267],[135.782232,35.305834],[135.783074,35.306735],[135.783795,35.307159],[135.785307,35.307501],[135.785882,35.307409],[135.786157,35.307517],[135.786469,35.307726],[135.787619,35.307942],[135.787782,35.308017],[135.788007,35.308484],[135.788219,35.308825],[135.788494,35.309117],[135.788669,35.309525],[135.789082,35.310084],[135.789544,35.310625],[135.789794,35.311075],[135.789982,35.31155],[135.790044,35.311975],[135.790044,35.312359],[135.789882,35.31265],[135.789769,35.313058],[135.789844,35.3136],[135.790069,35.313917],[135.790394,35.314142],[135.790919,35.314908],[135.791369,35.315242],[135.791882,35.315517],[135.792219,35.31585],[135.792407,35.316283],[135.792744,35.316841],[135.793181,35.317266],[135.793619,35.317541],[135.794081,35.317875],[135.794356,35.31815],[135.794606,35.318825],[135.794394,35.319408],[135.793894,35.320466],[135.793894,35.320558],[135.793981,35.320716],[135.795219,35.321208]]]}}],"type":"FeatureCollection"}