{"type":"FeatureCollection","features":[{"type":"Feature","properties":{"yomi":"いず","id_url":"K14.html","number":4,"name":"伊豆","id":"K14","pref":"静岡県"},"geometry":{"coordinates":[[[139.001563,35.189824],[139.001813,35.189533],[139.002501,35.188158],[139.002738,35.187858],[139.003151,35.1875],[139.003426,35.187316],[139.003801,35.187141],[139.004763,35.186592],[139.005338,35.186275],[139.006213,35.185942],[139.006725,35.18555],[139.007275,35.1849],[139.008363,35.183792],[139.008963,35.183359],[139.009888,35.182842],[139.010575,35.182567],[139.011475,35.182301],[139.011862,35.182276],[139.01265,35.182342],[139.013137,35.182292],[139.013525,35.182226],[139.0138,35.182251],[139.014862,35.182176],[139.015762,35.182201],[139.016287,35.182217],[139.016587,35.182176],[139.017024,35.182017],[139.017462,35.181809],[139.017624,35.181792],[139.017924,35.181834],[139.018149,35.182084],[139.018286,35.182376],[139.018449,35.182467],[139.018686,35.182376],[139.019074,35.182059],[139.019399,35.181851],[139.019761,35.181742],[139.020411,35.181742],[139.020849,35.181809],[139.021473,35.182034],[139.021536,35.181959],[139.021561,35.181784],[139.021336,35.180834],[139.021199,35.180251],[139.021336,35.179868],[139.021799,35.179259],[139.022236,35.17896],[139.022561,35.178851],[139.022886,35.178668],[139.023411,35.178101],[139.023873,35.177876],[139.024423,35.177201],[139.024473,35.176635],[139.024548,35.17646],[139.024773,35.176185],[139.024961,35.176027],[139.025186,35.17596],[139.025511,35.17596],[139.025811,35.175893],[139.026161,35.175643],[139.026786,35.174918],[139.026948,35.174602],[139.026923,35.174219],[139.026873,35.174085],[139.026536,35.173702],[139.026161,35.173385],[139.026123,35.173002],[139.026373,35.172527],[139.026748,35.171894],[139.027223,35.171494],[139.027598,35.171311],[139.028861,35.170611],[139.029023,35.170386],[139.029023,35.170311],[139.028848,35.170019],[139.028636,35.169703],[139.028223,35.169261],[139.027936,35.168719],[139.028124,35.167794],[139.028074,35.167594],[139.027961,35.167553],[139.027624,35.167261],[139.027799,35.167053],[139.028774,35.16667],[139.029161,35.16642],[139.029436,35.166061],[139.029511,35.165137],[139.029424,35.164687],[139.029174,35.164153],[139.028399,35.162987],[139.028087,35.16222],[139.027424,35.161679],[139.026824,35.160945],[139.026462,35.160604],[139.026299,35.16027],[139.026349,35.159912],[139.026487,35.15977],[139.026862,35.15977],[139.027337,35.159821],[139.027687,35.159729],[139.028024,35.159496],[139.029174,35.159271],[139.029887,35.159087],[139.030512,35.158771],[139.030599,35.158679],[139.030587,35.158279],[139.030674,35.157871],[139.031237,35.156879],[139.031162,35.156613],[139.030849,35.156296],[139.030437,35.156004],[139.030074,35.155696],[139.029199,35.155271],[139.028762,35.155021],[139.028675,35.15473],[139.028862,35.153963],[139.028887,35.153471],[139.029075,35.153088],[139.029212,35.152996],[139.029237,35.152863],[139.028912,35.15253],[139.028737,35.151963],[139.028625,35.151047],[139.0287,35.150705],[139.029,35.150413],[139.0299,35.149913],[139.03035,35.149847],[139.030587,35.149847],[139.030975,35.149847],[139.031749,35.14993],[139.035474,35.149897],[139.036986,35.149955],[139.037761,35.150089],[139.038336,35.150247],[139.038999,35.150489],[139.039786,35.150689],[139.040948,35.150372],[139.041386,35.150214],[139.041598,35.15008],[139.041961,35.149939],[139.042448,35.149914],[139.042911,35.149956],[139.043735,35.149931],[139.045298,35.149772],[139.046623,35.149722],[139.04816,35.149739],[139.048847,35.149531],[139.049472,35.149289],[139.050022,35.148989],[139.050422,35.148606],[139.050885,35.147731],[139.05121,35.147298],[139.051622,35.146981],[139.052472,35.146798],[139.052972,35.146798],[139.053434,35.146915],[139.053759,35.147048],[139.054047,35.147198],[139.054422,35.147198],[139.054947,35.147106],[139.055472,35.147065],[139.056046,35.147056],[139.056596,35.146965],[139.057521,35.146623],[139.058096,35.146556],[139.058321,35.146598],[139.058509,35.146873],[139.058571,35.147006],[139.059059,35.147048],[139.059496,35.146981],[139.059796,35.146823],[139.059933,35.146415],[139.060233,35.146006],[139.060258,35.145923],[139.060696,35.145765],[139.061196,35.145623],[139.061771,35.145582],[139.062158,35.145465],[139.062258,35.145282],[139.062321,35.145057],[139.062508,35.144948],[139.062996,35.144832],[139.063608,35.14474],[139.064421,35.144465],[139.065383,35.144215],[139.065796,35.144032],[139.066146,35.144007],[139.066645,35.144215],[139.067083,35.144457],[139.067283,35.144523],[139.067795,35.144615],[139.068508,35.144474],[139.069233,35.144515],[139.06942,35.144582],[139.069883,35.144624],[139.070295,35.14474],[139.070657,35.144899],[139.070795,35.144874],[139.071395,35.144624],[139.071695,35.144532],[139.071895,35.144574],[139.072032,35.144774],[139.072245,35.14489],[139.072495,35.144907],[139.07272,35.145049],[139.072932,35.145024],[139.073507,35.144799],[139.073707,35.144815],[139.074095,35.144932],[139.074807,35.14499],[139.074907,35.145107],[139.075457,35.145082],[139.076282,35.144874],[139.076807,35.144624],[139.077345,35.143907],[139.077732,35.143566],[139.078745,35.143024],[139.079594,35.142641],[139.081044,35.142382],[139.081232,35.142316],[139.081919,35.141974],[139.082407,35.141641],[139.082932,35.141341],[139.083444,35.141166],[139.084569,35.141024],[139.085344,35.141041],[139.086082,35.141016],[139.087619,35.140808],[139.088694,35.140608],[139.089869,35.140216],[139.090331,35.140216],[139.092006,35.140524],[139.092719,35.140683],[139.093744,35.140724],[139.096668,35.140575],[139.098206,35.140458],[139.099606,35.140433],[139.100818,35.140358],[139.101368,35.140475],[139.102443,35.14085],[139.10588,35.141333],[139.106155,35.141358],[139.107218,35.141733],[139.107392,35.1418],[139.10813,35.141866],[139.108792,35.141858],[139.110355,35.141725],[139.111117,35.141608],[139.11153,35.1414],[139.11133,35.1412],[139.11058,35.139492],[139.110367,35.139542],[139.110055,35.139292],[139.109917,35.138892],[139.109905,35.137158],[139.110005,35.135834],[139.110117,35.135175],[139.109967,35.134076],[139.109717,35.133584],[139.109355,35.133134],[139.109105,35.132684],[139.108968,35.132217],[139.108993,35.131784],[139.109392,35.130793],[139.109392,35.130409],[139.109255,35.130276],[139.10903,35.130143],[139.108843,35.129901],[139.108368,35.129609],[139.106143,35.12851],[139.105593,35.12811],[139.105143,35.12766],[139.104893,35.12721],[139.104443,35.126043],[139.10448,35.125868],[139.104368,35.125776],[139.10428,35.125593],[139.104168,35.12546],[139.104005,35.125418],[139.10368,35.125235],[139.102318,35.124235],[139.101743,35.123627],[139.100768,35.122485],[139.099918,35.121494],[139.099306,35.12006],[139.098856,35.119252],[139.098718,35.118911],[139.098556,35.118777],[139.098443,35.118736],[139.098193,35.118244],[139.097781,35.117861],[139.097393,35.117636],[139.097306,35.117236],[139.097218,35.117119],[139.096981,35.116961],[139.096781,35.117011],[139.096569,35.116919],[139.095931,35.116519],[139.095769,35.116319],[139.095731,35.116336],[139.095594,35.116202],[139.095431,35.116202],[139.095319,35.116319],[139.095219,35.116319],[139.094906,35.116252],[139.094256,35.116211],[139.094056,35.116119],[139.093919,35.116011],[139.093481,35.115919],[139.093369,35.115919],[139.092881,35.115694],[139.091744,35.115027],[139.091169,35.114736],[139.090507,35.114469],[139.089819,35.114269],[139.089407,35.114044],[139.089019,35.113686],[139.088769,35.113194],[139.088444,35.112903],[139.088307,35.112853],[139.087919,35.112611],[139.087032,35.111603],[139.086782,35.111261],[139.086644,35.110928],[139.086607,35.110436],[139.086694,35.10992],[139.086957,35.109036],[139.087119,35.107978],[139.087082,35.107645],[139.086969,35.107287],[139.086669,35.106745],[139.084569,35.104028],[139.082545,35.101362],[139.082232,35.100895],[139.081845,35.100512],[139.081657,35.100379],[139.081132,35.100129],[139.080557,35.099904],[139.079732,35.099887],[139.079107,35.099887],[139.078632,35.099804],[139.07822,35.099579],[139.077233,35.09877],[139.076733,35.098345],[139.076433,35.097987],[139.075895,35.09707],[139.075733,35.09682],[139.076195,35.096529],[139.07542,35.095179],[139.074758,35.093696],[139.07467,35.092796],[139.074683,35.091904],[139.074745,35.091746],[139.07547,35.090796],[139.075795,35.090504],[139.077707,35.089146],[139.07782,35.089105],[139.077957,35.089213],[139.078257,35.088963],[139.078482,35.08973],[139.07917,35.089121],[139.07982,35.088621],[139.080395,35.08828],[139.080882,35.088055],[139.080919,35.088013],[139.080882,35.087722],[139.080994,35.087647],[139.081069,35.087247],[139.081432,35.087155],[139.081457,35.087038],[139.081257,35.086972],[139.081457,35.086638],[139.081466,35.086616],[139.081432,35.086605],[139.081432,35.08658],[139.081844,35.086447],[139.081757,35.086155],[139.081982,35.085955],[139.081907,35.085755],[139.081844,35.08573],[139.081569,35.085838],[139.081432,35.08593],[139.081294,35.085813],[139.081769,35.08543],[139.081632,35.085322],[139.081544,35.085297],[139.081494,35.08518],[139.080232,35.084972],[139.080232,35.084839],[139.080344,35.084747],[139.080319,35.084589],[139.080182,35.084314],[139.079969,35.08418],[139.079969,35.083797],[139.079719,35.08368],[139.079507,35.08368],[139.07942,35.083864],[139.079307,35.083855],[139.079282,35.083589],[139.079182,35.083522],[139.078932,35.083764],[139.078432,35.083855],[139.078182,35.083764],[139.077995,35.083514],[139.078057,35.083372],[139.07817,35.083239],[139.078307,35.083155],[139.07817,35.082922],[139.077895,35.082739],[139.07757,35.08258],[139.077232,35.082714],[139.076957,35.08278],[139.076682,35.08273],[139.076245,35.082464],[139.075757,35.081939],[139.075382,35.08178],[139.07502,35.081522],[139.074857,35.081164],[139.07462,35.080755],[139.074482,35.080397],[139.074495,35.079622],[139.074357,35.079222],[139.07417,35.078814],[139.074182,35.078497],[139.07442,35.078206],[139.074845,35.077348],[139.07507,35.077281],[139.075157,35.076989],[139.075157,35.076673],[139.075495,35.075773],[139.07567,35.075098],[139.076245,35.07429],[139.076695,35.07389],[139.077245,35.073506],[139.077907,35.073148],[139.078157,35.072907],[139.078182,35.072657],[139.077945,35.072023],[139.07792,35.071548],[139.078257,35.070599],[139.078432,35.070265],[139.079057,35.070315],[139.079469,35.070249],[139.079557,35.070049],[139.079582,35.069757],[139.079532,35.069574],[139.079369,35.069549],[139.079344,35.069507],[139.079369,35.069349],[139.079644,35.069374],[139.079619,35.069124],[139.079507,35.068916],[139.079457,35.068899],[139.079457,35.068674],[139.079157,35.068624],[139.079044,35.068666],[139.078994,35.068757],[139.078607,35.068774],[139.077545,35.067774],[139.07747,35.067574],[139.077495,35.067524],[139.077857,35.067391],[139.07772,35.067191],[139.07767,35.067166],[139.07742,35.067166],[139.077332,35.067366],[139.07692,35.067407],[139.07667,35.067366],[139.076595,35.067299],[139.076545,35.067024],[139.076482,35.066932],[139.07622,35.066682],[139.07587,35.065932],[139.075545,35.065124],[139.074782,35.064141],[139.074595,35.063691],[139.074195,35.062241],[139.074345,35.061866],[139.074645,35.061483],[139.074732,35.061141],[139.074682,35.060717],[139.074332,35.060308],[139.07402,35.060458],[139.073833,35.060258],[139.073445,35.060483],[139.07317,35.060233],[139.07282,35.060025],[139.072883,35.059908],[139.072545,35.059683],[139.072358,35.059842],[139.070995,35.059267],[139.070308,35.058783],[139.070071,35.058467],[139.069908,35.058083],[139.069521,35.057583],[139.069121,35.0572],[139.068733,35.056925],[139.068658,35.056809],[139.069058,35.0551],[139.069121,35.054601],[139.069521,35.052984],[139.069796,35.052509],[139.069846,35.052468],[139.070096,35.052126],[139.070683,35.051568],[139.071021,35.051143],[139.071271,35.050718],[139.071658,35.050201],[139.071408,35.050193],[139.071546,35.04986],[139.071946,35.04921],[139.072333,35.048851],[139.073358,35.04766],[139.073908,35.046877],[139.07422,35.04681],[139.075695,35.047002],[139.077332,35.047302],[139.077282,35.04751],[139.077495,35.047527],[139.07767,35.047377],[139.07832,35.04756],[139.079332,35.048018],[139.079695,35.048085],[139.07997,35.048068],[139.079995,35.04721],[139.081657,35.046119],[139.082119,35.045919],[139.082207,35.045694],[139.082294,35.045935],[139.082669,35.045811],[139.082732,35.045469],[139.083007,35.045444],[139.083669,35.045319],[139.085232,35.044919],[139.086169,35.044744],[139.086194,35.045202],[139.088569,35.046211],[139.088844,35.046052],[139.089231,35.046369],[139.089281,35.046461],[139.088981,35.046502],[139.089006,35.046686],[139.089469,35.046644],[139.089306,35.047027],[139.089181,35.047594],[139.089181,35.047977],[139.089094,35.048177],[139.089069,35.048177],[139.089044,35.048494],[139.089319,35.048585],[139.090031,35.048677],[139.090331,35.04891],[139.090493,35.049244],[139.090681,35.049477],[139.091143,35.04961],[139.091718,35.04971],[139.092131,35.049619],[139.09358,35.049769],[139.093805,35.049769],[139.094268,35.04961],[139.095355,35.048694],[139.09598,35.048252],[139.09623,35.048202],[139.096805,35.047961],[139.097505,35.047494],[139.09853,35.046644],[139.099155,35.046286],[139.099542,35.046178],[139.099767,35.045994],[139.100242,35.045228],[139.10043,35.045003],[139.100405,35.044778],[139.100443,35.044103],[139.100418,35.043695],[139.100155,35.043128],[139.09993,35.04277],[139.09993,35.042561],[139.099693,35.041753],[139.099655,35.040828],[139.099518,35.040512],[139.09933,35.039603],[139.099281,35.039103],[139.099268,35.037912],[139.099218,35.037345],[139.099218,35.036779],[139.099093,35.035812],[139.098768,35.034929],[139.098344,35.033571],[139.098156,35.033121],[139.098106,35.032821],[139.098219,35.032579],[139.098444,35.032529],[139.098631,35.032079],[139.098481,35.031746],[139.098556,35.031471],[139.099044,35.029421],[139.098981,35.028221],[139.099144,35.027888],[139.099169,35.02753],[139.099119,35.027213],[139.099207,35.026688],[139.099182,35.026222],[139.099082,35.025672],[139.098919,35.02513],[139.098682,35.02463],[139.098357,35.023755],[139.098094,35.023272],[139.097857,35.022255],[139.097732,35.021239],[139.097782,35.020922],[139.098007,35.020456],[139.097882,35.019931],[139.09772,35.019006],[139.09772,35.018622],[139.097807,35.018331],[139.097782,35.018056],[139.097645,35.017739],[139.09752,35.017248],[139.09747,35.016839],[139.09747,35.016389],[139.097608,35.015939],[139.097645,35.015573],[139.097633,35.014423],[139.097745,35.013656],[139.097945,35.013181],[139.098195,35.012715],[139.09847,35.012307],[139.099083,35.011682],[139.099608,35.011048],[139.099883,35.010623],[139.100108,35.010149],[139.10022,35.009565],[139.100195,35.009182],[139.100008,35.008824],[139.099545,35.008432],[139.099308,35.00814],[139.099195,35.008065],[139.099145,35.00809],[139.098895,35.007957],[139.098433,35.00759],[139.098133,35.007524],[139.097308,35.007399],[139.096796,35.007265],[139.096321,35.007215],[139.096158,35.007074],[139.096058,35.007032],[139.095746,35.007165],[139.095471,35.00714],[139.095171,35.007432],[139.093983,35.007765],[139.093521,35.007624],[139.092458,35.007615],[139.092508,35.007982],[139.091821,35.00824],[139.091296,35.008532],[139.091208,35.008307],[139.090334,35.008457],[139.090434,35.009248],[139.090221,35.00929],[139.089646,35.009265],[139.089146,35.009132],[139.088634,35.008948],[139.088246,35.008915],[139.087971,35.008848],[139.087671,35.008623],[139.087271,35.00819],[139.086721,35.007848],[139.086534,35.007823],[139.086359,35.007848],[139.086171,35.00764],[139.085572,35.007182],[139.084947,35.006507],[139.084597,35.005982],[139.084009,35.004982],[139.083922,35.00469],[139.083659,35.003899],[139.083634,35.003516],[139.083534,35.003316],[139.083347,35.003107],[139.083234,35.002157],[139.083072,35.001732],[139.082909,35.000933],[139.082997,35.000616],[139.083347,35.000216],[139.083409,35.000191],[139.083547,34.999966],[139.083759,34.999916],[139.084059,34.999783],[139.084347,34.999449],[139.084809,34.999158],[139.084897,34.998949],[139.084922,34.998566],[139.084834,34.998316],[139.084697,34.998275],[139.084534,34.997883],[139.084597,34.997658],[139.084809,34.997233],[139.086022,34.9959],[139.086272,34.995675],[139.086797,34.995042],[139.086847,34.994908],[139.087184,34.994542],[139.087484,34.994092],[139.088697,34.993642],[139.089359,34.993309],[139.089984,34.9929],[139.091009,34.991975],[139.091747,34.991026],[139.093009,34.991167],[139.093509,34.990442],[139.093834,34.989884],[139.094584,34.987734],[139.094496,34.987709],[139.094672,34.98676],[139.094972,34.984176],[139.094559,34.984135],[139.094559,34.983635],[139.094347,34.982277],[139.094072,34.981235],[139.093797,34.980285],[139.093884,34.979669],[139.094109,34.979085],[139.094409,34.978519],[139.093834,34.978269],[139.093997,34.978069],[139.094409,34.978002],[139.094497,34.977844],[139.094247,34.977569],[139.095759,34.975694],[139.096447,34.975336],[139.096809,34.974994],[139.097434,34.974478],[139.097984,34.973844],[139.098284,34.973644],[139.098672,34.973286],[139.098784,34.973369],[139.099084,34.973078],[139.099859,34.973061],[139.100234,34.973353],[139.101034,34.972953],[139.101009,34.972903],[139.104471,34.970945],[139.104334,34.970787],[139.105046,34.970545],[139.104946,34.97022],[139.105046,34.970153],[139.105759,34.969887],[139.106171,34.969937],[139.106696,34.970137],[139.106509,34.97032],[139.108484,34.971728],[139.106746,34.972562],[139.106221,34.972745],[139.105509,34.972945],[139.105596,34.973145],[139.104521,34.973395],[139.104271,34.973478],[139.103971,34.973703],[139.104034,34.973795],[139.104471,34.973528],[139.105646,34.973261],[139.105709,34.973286],[139.106496,34.97317],[139.106884,34.972995],[139.107134,34.973245],[139.107321,34.973128],[139.107184,34.972853],[139.108896,34.972003],[139.109846,34.972687],[139.110046,34.972662],[139.110321,34.972845],[139.110946,34.973095],[139.111658,34.973237],[139.112458,34.973262],[139.112521,34.973212],[139.112983,34.973128],[139.113508,34.97317],[139.114846,34.973037],[139.115733,34.973062],[139.117733,34.973229],[139.11837,34.973162],[139.119158,34.97312],[139.119908,34.97292],[139.121445,34.972179],[139.121633,34.972137],[139.121855,34.971974],[139.121945,34.971962],[139.122133,34.972029],[139.122308,34.971979],[139.12277,34.971687],[139.123258,34.971487],[139.123583,34.971396],[139.123695,34.971512],[139.123895,34.971487],[139.124083,34.971354],[139.124195,34.971129],[139.124595,34.970696],[139.125695,34.969821],[139.126157,34.969504],[139.126407,34.969529],[139.127607,34.969146],[139.12802,34.969121],[139.12822,34.969138],[139.128432,34.969054],[139.128595,34.968963],[139.128732,34.968779],[139.12887,34.968463],[139.12892,34.968171],[139.128795,34.968104],[139.128345,34.968063],[139.12777,34.968104],[139.127557,34.968021],[139.12747,34.967613],[139.127633,34.967346],[139.127633,34.967271],[139.127533,34.967229],[139.127445,34.966979],[139.127558,34.966488],[139.127795,34.965971],[139.128208,34.96563],[139.128645,34.965496],[139.128595,34.965338],[139.12837,34.965113],[139.128045,34.965005],[139.127883,34.964821],[139.127995,34.964396],[139.128433,34.963763],[139.128733,34.963738],[139.129033,34.96363],[139.129408,34.963088],[139.129795,34.963088],[139.13007,34.962905],[139.130158,34.96273],[139.130595,34.962505],[139.130945,34.962413],[139.131058,34.962138],[139.13037,34.961488],[139.13037,34.961155],[139.130558,34.960905],[139.13037,34.960705],[139.13012,34.960747],[139.129958,34.960722],[139.129683,34.960813],[139.129545,34.960788],[139.12917,34.960614],[139.128595,34.960047],[139.128558,34.958839],[139.128758,34.958405],[139.128883,34.95823],[139.129083,34.95773],[139.129183,34.957172],[139.129383,34.956764],[139.12952,34.956314],[139.129521,34.956022],[139.129658,34.955531],[139.129983,34.954964],[139.130496,34.954489],[139.131183,34.954014],[139.13157,34.954014],[139.131783,34.953789],[139.13162,34.953681],[139.131895,34.953206],[139.132833,34.952598],[139.132495,34.952489],[139.132608,34.952214],[139.132995,34.952189],[139.132995,34.952056],[139.133595,34.951814],[139.133733,34.952031],[139.13452,34.951656],[139.135158,34.951289],[139.13537,34.951581],[139.135183,34.951698],[139.13557,34.952214],[139.135158,34.952373],[139.135191,34.952425],[139.136108,34.952548],[139.136683,34.952981],[139.13672,34.953089],[139.136995,34.953431],[139.138582,34.952906],[139.138982,34.952864],[139.139507,34.953223],[139.139695,34.953314],[139.140195,34.953448],[139.140795,34.953556],[139.141395,34.953606],[139.141807,34.953714],[139.141945,34.954006],[139.142032,34.954773],[139.142332,34.955222],[139.142819,34.955539],[139.143457,34.955831],[139.143707,34.955856],[139.143707,34.955989],[139.143919,34.956006],[139.144194,34.955989],[139.144519,34.956056],[139.145232,34.955914],[139.145507,34.955672],[139.145507,34.955397],[139.145619,34.955239],[139.145919,34.955264],[139.146244,34.955131],[139.146544,34.955222],[139.146769,34.955239],[139.146794,34.954881],[139.146682,34.954773],[139.146494,34.954698],[139.146494,34.954614],[139.146657,34.954564],[139.146932,34.954431],[139.146907,34.954139],[139.146707,34.953981],[139.146382,34.954098],[139.146382,34.953981],[139.146569,34.953798],[139.147069,34.953664],[139.146769,34.953423],[139.146519,34.953398],[139.146269,34.953531],[139.146169,34.953464],[139.146107,34.953348],[139.145757,34.953373],[139.145594,34.953506],[139.145344,34.953331],[139.145069,34.952948],[139.145044,34.952564],[139.145119,34.952314],[139.145319,34.952089],[139.145619,34.951889],[139.145894,34.951823],[139.146019,34.951981],[139.146194,34.951889],[139.146244,34.951689],[139.146219,34.951573],[139.146382,34.951464],[139.146157,34.951281],[139.145807,34.951056],[139.145782,34.950856],[139.146057,34.950581],[139.146157,34.950423],[139.14652,34.950265],[139.146657,34.95004],[139.146795,34.949998],[139.146982,34.949865],[139.147232,34.949798],[139.147282,34.949681],[139.14682,34.949548],[139.14627,34.94944],[139.145907,34.94829],[139.14597,34.947723],[139.146157,34.947365],[139.14637,34.946557],[139.146432,34.946132],[139.14657,34.945832],[139.146682,34.945832],[139.146725,34.945867],[139.146732,34.945832],[139.14692,34.94559],[139.146982,34.945382],[139.146945,34.945182],[139.146707,34.945207],[139.146507,34.944982],[139.146207,34.944865],[139.145857,34.944798],[139.145795,34.944373],[139.14602,34.944257],[139.146232,34.944257],[139.146482,34.944123],[139.146432,34.944057],[139.146182,34.944107],[139.145995,34.944057],[139.14572,34.944148],[139.145682,34.943965],[139.145745,34.943923],[139.145582,34.94354],[139.145358,34.942865],[139.145408,34.942665],[139.145658,34.942574],[139.145908,34.942549],[139.146157,34.942599],[139.146158,34.942349],[139.146045,34.942282],[139.145633,34.942232],[139.144833,34.942349],[139.144508,34.942215],[139.144395,34.94179],[139.144158,34.941649],[139.143745,34.941674],[139.143608,34.941582],[139.143308,34.940957],[139.143383,34.940665],[139.143708,34.940299],[139.14377,34.939899],[139.14387,34.939474],[139.144233,34.939016],[139.144583,34.938657],[139.145658,34.937782],[139.146208,34.937282],[139.14672,34.936883],[139.147295,34.936766],[139.14782,34.936541],[139.147958,34.936249],[139.148095,34.936199],[139.148283,34.936199],[139.148333,34.936316],[139.148583,34.936249],[139.14872,34.936049],[139.148633,34.935999],[139.148808,34.935891],[139.148883,34.935891],[139.148808,34.935816],[139.148283,34.935908],[139.147895,34.935824],[139.14757,34.935458],[139.147133,34.935083],[139.14732,34.934899],[139.147245,34.934741],[139.146745,34.934899],[139.146558,34.934791],[139.146195,34.934316],[139.145871,34.933799],[139.145708,34.933033],[139.145808,34.932541],[139.146083,34.932091],[139.146446,34.931775],[139.146996,34.931566],[139.147183,34.931391],[139.147646,34.931183],[139.148108,34.930891],[139.148171,34.930783],[139.148058,34.930283],[139.147758,34.929991],[139.147208,34.929925],[139.146496,34.930108],[139.146221,34.929925],[139.145996,34.9295],[139.145646,34.928283],[139.145584,34.928033],[139.145833,34.927808],[139.145921,34.927633],[139.145896,34.927608],[139.145646,34.927675],[139.145371,34.927808],[139.145259,34.927608],[139.145009,34.927567],[139.145121,34.927367],[139.145096,34.927225],[139.144934,34.92725],[139.144709,34.927367],[139.144546,34.927208],[139.144546,34.927117],[139.144734,34.926958],[139.144934,34.926533],[139.144821,34.926375],[139.144734,34.926417],[139.144496,34.926442],[139.143971,34.926308],[139.143759,34.926017],[139.142959,34.924417],[139.142297,34.923359],[139.141884,34.922842],[139.141397,34.922367],[139.141259,34.922284],[139.140685,34.921692],[139.140247,34.920867],[139.140185,34.920367],[139.14021,34.919984],[139.140322,34.919517],[139.140372,34.919034],[139.140272,34.918192],[139.140135,34.917967],[139.140085,34.917776],[139.13971,34.917151],[139.13981,34.916476],[139.139973,34.915976],[139.13996,34.915609],[139.140035,34.915384],[139.140148,34.915267],[139.140073,34.914659],[139.139823,34.913667],[139.13986,34.912859],[139.139985,34.912434],[139.14011,34.912159],[139.140435,34.912084],[139.140648,34.911826],[139.140935,34.911543],[139.140773,34.911434],[139.140623,34.911443],[139.140385,34.911609],[139.140323,34.911609],[139.14016,34.911184],[139.140173,34.911059],[139.14036,34.910901],[139.140635,34.910601],[139.140585,34.910576],[139.140185,34.910576],[139.139923,34.910651],[139.140048,34.910243],[139.14026,34.910193],[139.140285,34.910034],[139.140223,34.909976],[139.139636,34.909851],[139.139511,34.909776],[139.139511,34.909659],[139.139748,34.909634],[139.140085,34.909684],[139.14036,34.909618],[139.140485,34.909451],[139.14006,34.909309],[139.139661,34.909251],[139.139248,34.909268],[139.138898,34.909193],[139.138886,34.909134],[139.139173,34.909093],[139.139461,34.908993],[139.139636,34.908759],[139.139623,34.908634],[139.139586,34.908609],[139.138811,34.908651],[139.138598,34.908618],[139.138586,34.908559],[139.138723,34.908526],[139.139011,34.908109],[139.139086,34.907909],[139.138698,34.907868],[139.138561,34.907818],[139.138673,34.907601],[139.138573,34.907343],[139.138923,34.907209],[139.139173,34.907051],[139.139173,34.906951],[139.138986,34.906893],[139.138248,34.907076],[139.138186,34.907059],[139.138286,34.906943],[139.138673,34.90676],[139.138961,34.906551],[139.139023,34.906385],[139.138861,34.906376],[139.138598,34.906485],[139.137973,34.906526],[139.137698,34.906343],[139.137673,34.906143],[139.138048,34.905985],[139.138211,34.905651],[139.138161,34.905443],[139.137911,34.905443],[139.137448,34.905551],[139.137149,34.905535],[139.137211,34.905351],[139.137236,34.90516],[139.137074,34.905193],[139.136761,34.905326],[139.136711,34.905293],[139.136686,34.905101],[139.136886,34.904876],[139.137099,34.904576],[139.137111,34.90431],[139.136974,34.904293],[139.136661,34.904401],[139.136299,34.90461],[139.135974,34.904635],[139.136174,34.90411],[139.136136,34.90391],[139.135999,34.903901],[139.135924,34.903993],[139.135724,34.904101],[139.135324,34.904201],[139.135086,34.904085],[139.134824,34.903801],[139.134486,34.903543],[139.134112,34.902868],[139.134024,34.90246],[139.133937,34.902343],[139.133799,34.901493],[139.133624,34.901243],[139.133449,34.900685],[139.133087,34.900035],[139.132849,34.899735],[139.132774,34.899685],[139.131999,34.898768],[139.131862,34.89846],[139.131912,34.898101],[139.132224,34.897826],[139.132524,34.897493],[139.132624,34.897085],[139.132487,34.896351],[139.132537,34.895801],[139.132624,34.895568],[139.132799,34.895476],[139.133299,34.895593],[139.134137,34.895451],[139.134599,34.89541],[139.134949,34.89556],[139.135386,34.895643],[139.135511,34.895626],[139.135936,34.895701],[139.136199,34.895576],[139.136599,34.895126],[139.136849,34.894968],[139.137424,34.894918],[139.138074,34.894918],[139.138199,34.894843],[139.138386,34.89481],[139.138424,34.894943],[139.138648,34.894926],[139.138823,34.894985],[139.138998,34.89486],[139.139136,34.89461],[139.139298,34.894476],[139.139811,34.894443],[139.139811,34.894302],[139.139761,34.894235],[139.139973,34.894243],[139.140011,34.894102],[139.139786,34.893868],[139.140173,34.893927],[139.140036,34.893718],[139.139748,34.893568],[139.139761,34.893443],[139.140098,34.893568],[139.140136,34.89356],[139.140136,34.893377],[139.140448,34.893243],[139.140398,34.893135],[139.140073,34.892985],[139.140073,34.892902],[139.140261,34.892677],[139.140148,34.892343],[139.140286,34.892377],[139.140561,34.892268],[139.140823,34.891977],[139.140136,34.89181],[139.139873,34.891843],[139.139798,34.891743],[139.139848,34.891702],[139.139861,34.891385],[139.139923,34.891352],[139.140111,34.891327],[139.140286,34.891377],[139.140473,34.891193],[139.140848,34.890918],[139.140823,34.89086],[139.140536,34.890827],[139.139898,34.890902],[139.139648,34.89101],[139.139523,34.891035],[139.139548,34.89081],[139.139248,34.89066],[139.138998,34.890668],[139.138623,34.89076],[139.138761,34.890585],[139.138986,34.890068],[139.138973,34.88991],[139.139073,34.889635],[139.139073,34.889418],[139.138936,34.889385],[139.138798,34.889493],[139.138686,34.889677],[139.138361,34.889752],[139.138286,34.88986],[139.137998,34.890035],[139.137848,34.890018],[139.137286,34.889726],[139.136749,34.889268],[139.136661,34.888818],[139.136449,34.888793],[139.136261,34.88866],[139.136161,34.888543],[139.135811,34.88836],[139.135774,34.888101],[139.135486,34.887968],[139.135274,34.887985],[139.135086,34.887718],[139.135099,34.887651],[139.135736,34.88746],[139.135786,34.887201],[139.135499,34.887068],[139.134799,34.887093],[139.134899,34.886951],[139.135011,34.886893],[139.135024,34.886785],[139.134736,34.886701],[139.134611,34.886576],[139.134674,34.886535],[139.135061,34.886518],[139.135124,34.886351],[139.134711,34.886226],[139.134236,34.88616],[139.134061,34.885926],[139.133911,34.885568],[139.133999,34.885018],[139.133849,34.88466],[139.133699,34.884551],[139.133399,34.884518],[139.133311,34.884293],[139.133111,34.88416],[139.132986,34.884176],[139.132636,34.884109],[139.132199,34.883709],[139.132086,34.883351],[139.132136,34.882993],[139.131949,34.882801],[139.131886,34.882584],[139.131961,34.882584],[139.132236,34.882734],[139.132436,34.882934],[139.132686,34.882959],[139.132649,34.882609],[139.132649,34.882393],[139.132536,34.882193],[139.132161,34.882068],[139.131999,34.881876],[139.132199,34.881809],[139.132686,34.881818],[139.132661,34.881651],[139.132561,34.881609],[139.132399,34.881451],[139.132511,34.881326],[139.132036,34.880976],[139.131961,34.880676],[139.132111,34.880501],[139.132024,34.880226],[139.132099,34.879951],[139.131986,34.879609],[139.131936,34.879559],[139.131461,34.879559],[139.131286,34.879243],[139.131449,34.879009],[139.131486,34.878843],[139.131361,34.878684],[139.131174,34.878784],[139.131099,34.878734],[139.131136,34.878693],[139.131074,34.878568],[139.130874,34.878643],[139.130661,34.878543],[139.130411,34.878068],[139.130449,34.877843],[139.130224,34.877584],[139.129986,34.877651],[139.129861,34.877768],[139.129774,34.877718],[139.129761,34.877659],[139.129474,34.877626],[139.129186,34.877667],[139.128811,34.877451],[139.128361,34.877301],[139.127986,34.877301],[139.127961,34.876984],[139.127886,34.876767],[139.127599,34.876667],[139.127299,34.876967],[139.127324,34.877159],[139.126999,34.877217],[139.126636,34.877067],[139.126561,34.876917],[139.126186,34.876925],[139.126086,34.876875],[139.126111,34.876759],[139.126349,34.876692],[139.126536,34.876309],[139.126536,34.876176],[139.126324,34.876142],[139.126136,34.876217],[139.126099,34.876275],[139.125536,34.876417],[139.125499,34.876409],[139.125524,34.87635],[139.125786,34.876317],[139.126111,34.876],[139.126174,34.87585],[139.126036,34.875759],[139.125786,34.875809],[139.125624,34.875892],[139.125574,34.876025],[139.125261,34.876192],[139.125161,34.8762],[139.125161,34.876142],[139.125299,34.876009],[139.125374,34.875775],[139.125349,34.875725],[139.125186,34.875709],[139.124711,34.875859],[139.124774,34.8757],[139.124699,34.87565],[139.124499,34.875692],[139.124336,34.875834],[139.124336,34.876009],[139.124112,34.876059],[139.124062,34.876017],[139.124149,34.875859],[139.124299,34.875709],[139.124324,34.875542],[139.124186,34.875467],[139.123799,34.87555],[139.123886,34.875375],[139.124086,34.87505],[139.124099,34.874934],[139.124036,34.874642],[139.123974,34.87465],[139.123786,34.8748],[139.123661,34.874842],[139.123437,34.875009],[139.123362,34.875259],[139.123149,34.875425],[139.123012,34.8754],[139.123087,34.875208],[139.123212,34.875034],[139.123137,34.874925],[139.123074,34.874917],[139.122799,34.874983],[139.122549,34.87515],[139.122262,34.874808],[139.122087,34.874742],[139.121999,34.874642],[139.121901,34.874625],[139.121802,34.874724],[139.121737,34.874467],[139.121537,34.874467],[139.121399,34.874625],[139.121162,34.874175],[139.121049,34.874108],[139.120712,34.874083],[139.120687,34.874267],[139.120474,34.8744],[139.120449,34.874383],[139.120449,34.873925],[139.120274,34.873883],[139.120037,34.874016],[139.119949,34.873791],[139.119837,34.873775],[139.119624,34.87395],[139.119599,34.873725],[139.119237,34.873525],[139.119262,34.873025],[139.119212,34.873008],[139.119074,34.873075],[139.118749,34.873116],[139.118574,34.873075],[139.118474,34.872916],[139.118524,34.872808],[139.118574,34.872491],[139.118437,34.872266],[139.118199,34.872083],[139.118024,34.871833],[139.117749,34.871766],[139.117399,34.871749],[139.116962,34.871566],[139.116799,34.871541],[139.116737,34.871366],[139.116549,34.871158],[139.116499,34.871141],[139.116362,34.871299],[139.116087,34.871299],[139.115812,34.871182],[139.115587,34.871141],[139.115537,34.871024],[139.115287,34.871182],[139.114962,34.871207],[139.114799,34.871257],[139.114749,34.871191],[139.114437,34.871166],[139.114112,34.87119],[139.113949,34.871349],[139.113941,34.871403],[139.113649,34.871374],[139.113599,34.871257],[139.113624,34.870965],[139.113349,34.87094],[139.113374,34.870849],[139.113324,34.870624],[139.113074,34.870607],[139.112987,34.870849],[139.112987,34.871124],[139.112687,34.87119],[139.112637,34.871124],[139.112524,34.871149],[139.112362,34.87124],[139.112287,34.87099],[139.112112,34.87094],[139.111949,34.871173],[139.111874,34.871373],[139.111487,34.871148],[139.111399,34.870857],[139.111162,34.870582],[139.110887,34.870498],[139.110799,34.870582],[139.110799,34.870898],[139.110724,34.871057],[139.110449,34.871015],[139.110474,34.871215],[139.110424,34.871398],[139.110149,34.871265],[139.110099,34.871056],[139.109849,34.870973],[139.109324,34.871065],[139.108587,34.870631],[139.108537,34.870548],[139.108612,34.870181],[139.108377,34.870136],[139.108399,34.870073],[139.108424,34.86989],[139.108312,34.86989],[139.107924,34.870048],[139.107899,34.870231],[139.107924,34.870431],[139.107574,34.870431],[139.107412,34.870639],[139.107112,34.870656],[139.106924,34.870523],[139.106862,34.870523],[139.106837,34.870273],[139.106724,34.869939],[139.106749,34.869873],[139.106474,34.869823],[139.106262,34.869939],[139.106212,34.870122],[139.105112,34.870306],[139.104699,34.870081],[139.103824,34.870255],[139.102787,34.869789],[139.102699,34.869589],[139.102599,34.869739],[139.102162,34.869447],[139.102149,34.869338],[139.102649,34.868839],[139.102837,34.86868],[139.103049,34.868047],[139.102999,34.867506],[139.102887,34.867355],[139.102837,34.86733],[139.102637,34.867489],[139.102037,34.867397],[139.101962,34.867289],[139.101949,34.866989],[139.101787,34.866855],[139.101924,34.86663],[139.101812,34.866472],[139.101512,34.866364],[139.101697,34.865858],[139.101674,34.865797],[139.101399,34.865864],[139.101324,34.865847],[139.101287,34.865547],[139.101074,34.865214],[139.101099,34.864381],[139.101174,34.863972],[139.100962,34.863814],[139.100524,34.863747],[139.100325,34.863614],[139.09995,34.863589],[139.099725,34.86348],[139.099512,34.86348],[139.099012,34.863347],[139.098737,34.863297],[139.098637,34.863347],[139.098525,34.863189],[139.098362,34.86278],[139.098525,34.862605],[139.098712,34.861922],[139.099062,34.861539],[139.09925,34.861156],[139.099337,34.860706],[139.099062,34.860056],[139.0987,34.859622],[139.09825,34.857914],[139.098012,34.857639],[139.097537,34.857556],[139.097437,34.857573],[139.097275,34.857531],[139.097025,34.857306],[139.096337,34.857306],[139.0962,34.857331],[139.095962,34.857306],[139.095625,34.857397],[139.095387,34.857148],[139.095325,34.856989],[139.095075,34.856698],[139.094725,34.856523],[139.094613,34.856139],[139.094338,34.855956],[139.094063,34.855939],[139.093575,34.856023],[139.092038,34.856139],[139.091688,34.856281],[139.0913,34.856531],[139.091113,34.856914],[139.090675,34.857205],[139.090138,34.857855],[139.089775,34.858089],[139.089538,34.85813],[139.08945,34.857905],[139.088413,34.858064],[139.088063,34.858288],[139.088063,34.85843],[139.087675,34.85843],[139.08705,34.858338],[139.086463,34.857413],[139.086138,34.857097],[139.085913,34.85613],[139.08605,34.855839],[139.086025,34.855789],[139.085675,34.85568],[139.085363,34.854981],[139.085663,34.854731],[139.085888,34.854489],[139.085988,34.854172],[139.085963,34.854122],[139.085688,34.854081],[139.085451,34.853964],[139.084813,34.854014],[139.084738,34.853972],[139.084351,34.853947],[139.084076,34.854014],[139.083776,34.854039],[139.083638,34.854106],[139.083338,34.854014],[139.082926,34.853722],[139.082763,34.853456],[139.082651,34.853047],[139.082651,34.852639],[139.082538,34.852239],[139.082176,34.850864],[139.082039,34.849915],[139.081901,34.849398],[139.081739,34.84899],[139.081676,34.848498],[139.082276,34.848248],[139.082064,34.84804],[139.081951,34.848023],[139.081864,34.848065],[139.081764,34.84789],[139.081814,34.847865],[139.081764,34.84764],[139.081489,34.847573],[139.081264,34.847215],[139.080601,34.846382],[139.079377,34.84494],[139.078964,34.844332],[139.077914,34.842982],[139.077202,34.842166],[139.076839,34.841674],[139.076765,34.841199],[139.076902,34.840858],[139.076977,34.840499],[139.07714,34.840233],[139.077327,34.840408],[139.077415,34.840074],[139.077577,34.8396],[139.077852,34.838991],[139.077952,34.838383],[139.077952,34.83815],[139.077815,34.837367],[139.077615,34.837025],[139.07754,34.83665],[139.077452,34.836442],[139.076952,34.835509],[139.076702,34.834875],[139.07664,34.8344],[139.076465,34.833642],[139.076303,34.833317],[139.07594,34.832826],[139.07569,34.832259],[139.07539,34.831092],[139.07534,34.830068],[139.07549,34.829284],[139.075803,34.828934],[139.076053,34.828818],[139.076453,34.828401],[139.07739,34.827818],[139.077965,34.827385],[139.078465,34.826843],[139.07894,34.826135],[139.079303,34.825293],[139.079378,34.824727],[139.07929,34.824352],[139.07934,34.823835],[139.07924,34.823644],[139.07919,34.82331],[139.079003,34.82311],[139.079028,34.822852],[139.078815,34.822677],[139.078528,34.822869],[139.078203,34.822852],[139.07789,34.822502],[139.077478,34.822377],[139.077541,34.821952],[139.077391,34.821869],[139.077141,34.821952],[139.076866,34.821869],[139.076578,34.821969],[139.076541,34.821869],[139.076728,34.821411],[139.077278,34.821152],[139.077453,34.821011],[139.077603,34.820777],[139.077791,34.820702],[139.078278,34.820319],[139.078603,34.820252],[139.078653,34.819977],[139.078503,34.819836],[139.078503,34.819561],[139.078416,34.819403],[139.077853,34.819153],[139.077603,34.819186],[139.077328,34.819078],[139.076278,34.818911],[139.075803,34.818586],[139.074579,34.817753],[139.074354,34.817386],[139.074354,34.817294],[139.073854,34.817253],[139.073529,34.817011],[139.073191,34.816611],[139.072741,34.81617],[139.071841,34.815245],[139.071466,34.814661],[139.071316,34.814103],[139.071429,34.813237],[139.071391,34.812662],[139.071317,34.81232],[139.071029,34.811912],[139.070504,34.811329],[139.069892,34.81067],[139.068667,34.809679],[139.068254,34.809212],[139.067617,34.808604],[139.067255,34.808196],[139.066967,34.807787],[139.066517,34.807279],[139.06628,34.807079],[139.065067,34.805854],[139.064842,34.805488],[139.064905,34.805313],[139.06463,34.804846],[139.064555,34.803938],[139.06443,34.803355],[139.064193,34.802838],[139.063855,34.80243],[139.062855,34.801697],[139.062268,34.801013],[139.06203,34.800588],[139.061993,34.80023],[139.061905,34.800113],[139.06188,34.799863],[139.062043,34.799672],[139.062505,34.799813],[139.06228,34.799347],[139.062168,34.798989],[139.06223,34.798522],[139.062418,34.798139],[139.062668,34.797514],[139.062568,34.797039],[139.062343,34.796347],[139.062393,34.795639],[139.062368,34.795039],[139.062106,34.793589],[139.062093,34.792823],[139.061818,34.791048],[139.061693,34.79059],[139.061306,34.78989],[139.060968,34.789481],[139.059844,34.788307],[139.059206,34.787432],[139.059144,34.787273],[139.059156,34.786998],[139.059206,34.786973],[139.059319,34.786832],[139.059448,34.786554],[139.059319,34.786548],[139.059106,34.786748],[139.058894,34.786615],[139.058856,34.786557],[139.058981,34.786365],[139.058756,34.786323],[139.058481,34.786173],[139.058344,34.785907],[139.058444,34.785657],[139.058294,34.785565],[139.058244,34.785315],[139.058381,34.785215],[139.058256,34.785115],[139.058331,34.784924],[139.058756,34.784732],[139.058831,34.784665],[139.058706,34.784399],[139.058556,34.784482],[139.058381,34.78454],[139.058269,34.784665],[139.057969,34.784765],[139.057794,34.784949],[139.057706,34.784924],[139.057419,34.784999],[139.057269,34.784957],[139.056932,34.784965],[139.056607,34.784849],[139.056344,34.784615],[139.056344,34.78414],[139.056232,34.784074],[139.055944,34.784115],[139.055844,34.784107],[139.055469,34.783949],[139.055007,34.783665],[139.054557,34.783265],[139.054382,34.782932],[139.054319,34.782616],[139.054357,34.782199],[139.054432,34.781807],[139.054632,34.781424],[139.054632,34.781216],[139.054482,34.781049],[139.054369,34.780849],[139.054182,34.780732],[139.053994,34.780724],[139.053807,34.780632],[139.053395,34.780741],[139.052707,34.780991],[139.052357,34.780882],[139.052095,34.780674],[139.051457,34.780366],[139.050732,34.779857],[139.04967,34.779266],[139.049107,34.779008],[139.048633,34.778716],[139.04757,34.777849],[139.046383,34.777183],[139.045883,34.776799],[139.045658,34.776416],[139.04522,34.776199],[139.045108,34.776041],[139.043546,34.775216],[139.043171,34.77495],[139.043321,34.774666],[139.042471,34.774175],[139.042358,34.774291],[139.041846,34.77385],[139.041808,34.773666],[139.041908,34.773441],[139.042033,34.772758],[139.042096,34.772625],[139.042858,34.772683],[139.042908,34.772392],[139.042121,34.772308],[139.042233,34.771608],[139.042646,34.771192],[139.043133,34.771133],[139.043558,34.771125],[139.043746,34.7714],[139.043771,34.771892],[139.044546,34.771942],[139.044971,34.772067],[139.045708,34.772042],[139.045821,34.771975],[139.046595,34.771475],[139.047545,34.771034],[139.048233,34.770475],[139.048358,34.770217],[139.048645,34.769775],[139.048783,34.769284],[139.04877,34.768825],[139.048595,34.768409],[139.048345,34.768159],[139.047858,34.767776],[139.047158,34.767576],[139.047121,34.767292],[139.046908,34.767009],[139.046721,34.766842],[139.046446,34.766792],[139.045483,34.766917],[139.045058,34.767026],[139.044558,34.767034],[139.043996,34.766959],[139.042721,34.766692],[139.042371,34.766725],[139.042083,34.766534],[139.041921,34.766467],[139.040134,34.766084],[139.039184,34.765867],[139.038234,34.76575],[139.037921,34.765734],[139.037084,34.765767],[139.035772,34.765942],[139.034347,34.76635],[139.034222,34.76655],[139.032334,34.767542],[139.031984,34.767558],[139.031334,34.767675],[139.030484,34.767983],[139.029885,34.768008],[139.02926,34.7679],[139.02756,34.767241],[139.027122,34.766891],[139.02701,34.766733],[139.02651,34.765091],[139.026235,34.764558],[139.025947,34.764208],[139.025878,34.764159],[139.025835,34.764108],[139.02536,34.763758],[139.02466,34.763358],[139.023385,34.762433],[139.023123,34.761883],[139.023123,34.761292],[139.023448,34.760642],[139.023573,34.760125],[139.023573,34.759608],[139.023398,34.759192],[139.023335,34.758908],[139.023348,34.758425],[139.02326,34.758267],[139.023123,34.758275],[139.02311,34.758025],[139.02296,34.757792],[139.022898,34.75755],[139.02276,34.757317],[139.022623,34.757167],[139.022485,34.756809],[139.02236,34.75655],[139.022423,34.756309],[139.022323,34.756142],[139.021985,34.756084],[139.021848,34.75595],[139.021485,34.7557],[139.021135,34.754942],[139.020885,34.754842],[139.020623,34.754659],[139.020285,34.754309],[139.01971,34.754142],[139.019098,34.754117],[139.018173,34.754125],[139.017773,34.754092],[139.017311,34.754134],[139.016236,34.754075],[139.016111,34.754125],[139.015486,34.754042],[139.015048,34.753817],[139.014423,34.753325],[139.013511,34.753167],[139.013523,34.751959],[139.013561,34.751892],[139.013523,34.751634],[139.012773,34.751609],[139.012223,34.751492],[139.012061,34.751534],[139.011274,34.75155],[139.010599,34.751717],[139.010161,34.751975],[139.009874,34.752408],[139.009649,34.752867],[139.009586,34.753233],[139.009011,34.753175],[139.008661,34.753233],[139.008324,34.7531],[139.008149,34.752467],[139.007699,34.752425],[139.007124,34.752325],[139.006711,34.752425],[139.006349,34.752575],[139.006274,34.752542],[139.005661,34.752442],[139.004936,34.752175],[139.004512,34.751833],[139.004224,34.7515],[139.003612,34.7505],[139.003037,34.749033],[139.002762,34.74865],[139.002024,34.748442],[139.001799,34.748217],[139.001512,34.747417],[139.001337,34.746567],[139.000787,34.746492],[139.000362,34.746333],[138.999774,34.746058],[138.999549,34.745925],[138.999099,34.745475],[138.998762,34.744992],[138.998412,34.744392],[138.997587,34.742659],[138.996962,34.742209],[138.997449,34.741767],[138.997987,34.741375],[138.998224,34.740884],[138.998499,34.739592],[138.998812,34.739651],[138.998937,34.739209],[138.999049,34.739126],[138.999237,34.739184],[138.999337,34.739017],[138.999374,34.738617],[138.999674,34.738642],[138.999787,34.738417],[138.999574,34.737492],[138.999699,34.737101],[139.000099,34.736693],[139.000586,34.736359],[139.000524,34.735968],[139.000074,34.735859],[138.999599,34.735351],[138.999337,34.735193],[138.999212,34.735018],[138.998987,34.734876],[138.998837,34.734376],[138.998824,34.734151],[138.998637,34.733884],[138.998324,34.733768],[138.998062,34.733743],[138.997649,34.733834],[138.997349,34.733659],[138.997262,34.733426],[138.997349,34.733168],[138.99687,34.732389],[138.996624,34.732035],[138.996749,34.731693],[138.996637,34.731176],[138.996687,34.73101],[138.996662,34.730701],[138.996762,34.730576],[138.99687,34.730564],[138.997137,34.730543],[138.997549,34.730318],[138.997749,34.729785],[138.997674,34.729518],[138.997512,34.729452],[138.997049,34.72941],[138.996897,34.729491],[138.99687,34.729472],[138.996749,34.729385],[138.996562,34.729401],[138.996649,34.729152],[138.996762,34.728993],[138.996712,34.728877],[138.996787,34.728635],[138.996549,34.728427],[138.996174,34.728443],[138.995762,34.728602],[138.995699,34.728735],[138.995474,34.728768],[138.995369,34.728868],[138.995355,34.728854],[138.995399,34.728727],[138.995324,34.72856],[138.994837,34.728593],[138.994299,34.728785],[138.994074,34.728793],[138.994049,34.72871],[138.993987,34.728693],[138.993462,34.728885],[138.993137,34.728835],[138.992912,34.728543],[138.993412,34.72821],[138.993474,34.728101],[138.993399,34.727977],[138.992924,34.728035],[138.992724,34.72821],[138.992437,34.72811],[138.992199,34.727693],[138.992224,34.727577],[138.992424,34.727227],[138.992687,34.72711],[138.992999,34.727018],[138.993262,34.726768],[138.993699,34.726477],[138.993962,34.726193],[138.993849,34.726077],[138.993424,34.726135],[138.993362,34.726193],[138.993199,34.726185],[138.993324,34.72561],[138.993099,34.725427],[138.992824,34.725452],[138.992774,34.725518],[138.992162,34.725835],[138.991949,34.725902],[138.991824,34.72601],[138.991637,34.726085],[138.991612,34.726152],[138.991362,34.726177],[138.991199,34.726268],[138.991062,34.72616],[138.991274,34.726018],[138.991537,34.725577],[138.991437,34.725418],[138.990877,34.72557],[138.990837,34.725518],[138.991387,34.72506],[138.991599,34.72476],[138.991849,34.724618],[138.992024,34.724385],[138.991874,34.72416],[138.991774,34.724127],[138.991262,34.724127],[138.991062,34.724052],[138.991299,34.723752],[138.991574,34.723627],[138.991762,34.723494],[138.992037,34.723419],[138.992074,34.723277],[138.992387,34.722785],[138.992187,34.72276],[138.991924,34.72291],[138.991687,34.72311],[138.991549,34.723277],[138.991374,34.723227],[138.991049,34.72336],[138.990949,34.723235],[138.990775,34.722877],[138.990924,34.72266],[138.990912,34.722519],[138.9907,34.72256],[138.99085,34.722044],[138.990612,34.721944],[138.990487,34.722085],[138.990162,34.72216],[138.990112,34.722327],[138.989875,34.722477],[138.98975,34.722635],[138.989275,34.722835],[138.988537,34.723243],[138.988337,34.723135],[138.9882,34.72291],[138.988362,34.722769],[138.988675,34.72271],[138.9887,34.722594],[138.9889,34.722485],[138.98895,34.722294],[138.98905,34.722202],[138.989275,34.721802],[138.989187,34.72171],[138.988912,34.721677],[138.988862,34.721644],[138.988625,34.72161],[138.988412,34.72141],[138.988412,34.721285],[138.988537,34.721252],[138.989137,34.720844],[138.989412,34.720619],[138.989712,34.720635],[138.989887,34.720602],[138.990087,34.72041],[138.9902,34.720402],[138.99035,34.720294],[138.990425,34.720002],[138.990662,34.719719],[138.99085,34.719636],[138.991212,34.719236],[138.9912,34.719136],[138.991675,34.718502],[138.991812,34.718461],[138.991949,34.718302],[138.992087,34.718252],[138.992474,34.717969],[138.992599,34.717736],[138.992649,34.717578],[138.992524,34.717544],[138.992087,34.717636],[138.99165,34.717628],[138.9915,34.717594],[138.991487,34.717444],[138.991362,34.717261],[138.991387,34.717094],[138.991325,34.716878],[138.990912,34.716711],[138.99075,34.716611],[138.990725,34.716536],[138.99055,34.716411],[138.990425,34.716244],[138.990437,34.716186],[138.990162,34.716061],[138.9906,34.715878],[138.9905,34.715686],[138.990262,34.715619],[138.9899,34.715794],[138.989537,34.715736],[138.989125,34.715403],[138.988837,34.715278],[138.988637,34.715119],[138.9884,34.715019],[138.988287,34.714769],[138.988087,34.714728],[138.987787,34.714419],[138.987575,34.714453],[138.987287,34.714244],[138.987225,34.714319],[138.9871,34.714153],[138.986925,34.714028],[138.9867,34.714061],[138.98635,34.713944],[138.986362,34.713803],[138.98615,34.713786],[138.985762,34.713561],[138.985537,34.713519],[138.985212,34.713278],[138.985088,34.713119],[138.9848,34.713069],[138.98465,34.712953],[138.984475,34.712886],[138.984075,34.712619],[138.983738,34.712578],[138.983338,34.712078],[138.982775,34.711528],[138.982888,34.71077],[138.982975,34.710636],[138.983075,34.71037],[138.982875,34.70987],[138.9827,34.709661],[138.982863,34.70922],[138.982575,34.709161],[138.982313,34.70947],[138.982038,34.709386],[138.981063,34.709278],[138.980963,34.709295],[138.978763,34.708811],[138.978725,34.707978],[138.978763,34.707595],[138.97925,34.707495],[138.979463,34.707153],[138.9793,34.706903],[138.979363,34.706787],[138.979313,34.706595],[138.979175,34.706595],[138.978563,34.706695],[138.978688,34.706978],[138.978425,34.707103],[138.978176,34.706787],[138.978051,34.706478],[138.978051,34.706362],[138.978138,34.706362],[138.978051,34.705978],[138.9785,34.705545],[138.978488,34.705478],[138.978313,34.705312],[138.978363,34.70517],[138.978613,34.705203],[138.978725,34.70517],[138.978863,34.70487],[138.978763,34.704745],[138.978975,34.704487],[138.97875,34.704295],[138.978575,34.704262],[138.978525,34.70442],[138.978151,34.704528],[138.977601,34.704478],[138.977326,34.70432],[138.977163,34.70412],[138.977051,34.704053],[138.976676,34.703537],[138.975913,34.702004],[138.975851,34.70152],[138.975801,34.70032],[138.975263,34.699887],[138.975188,34.699629],[138.975001,34.699337],[138.974763,34.699121],[138.974688,34.698762],[138.974551,34.698362],[138.973813,34.695954],[138.973776,34.695621],[138.973938,34.695121],[138.974063,34.694538],[138.974388,34.693971],[138.974126,34.693446],[138.973988,34.693005],[138.973913,34.69253],[138.973676,34.69143],[138.973438,34.690788],[138.973263,34.689955],[138.973201,34.688472],[138.973238,34.688005],[138.973363,34.687463],[138.973463,34.687372],[138.973551,34.687347],[138.973938,34.687422],[138.974001,34.687389],[138.974151,34.68693],[138.974438,34.686947],[138.974563,34.686905],[138.974538,34.686839],[138.974576,34.68668],[138.974438,34.686497],[138.974288,34.686397],[138.974101,34.686414],[138.974238,34.686014],[138.974451,34.685889],[138.975001,34.686005],[138.975588,34.685897],[138.975801,34.685772],[138.975751,34.685505],[138.975651,34.685314],[138.975476,34.685114],[138.975676,34.684922],[138.975763,34.684939],[138.976363,34.684906],[138.976438,34.685039],[138.976438,34.685122],[138.976676,34.685139],[138.976913,34.684756],[138.976876,34.684689],[138.976888,34.684522],[138.977026,34.684356],[138.976876,34.684172],[138.976988,34.684022],[138.976776,34.683722],[138.977063,34.683497],[138.977213,34.683256],[138.977038,34.683089],[138.977176,34.682931],[138.977488,34.682839],[138.977226,34.682439],[138.977201,34.681948],[138.977413,34.681873],[138.977701,34.682139],[138.978126,34.682306],[138.978538,34.682389],[138.979138,34.682389],[138.979238,34.682364],[138.979563,34.682439],[138.979851,34.682406],[138.980088,34.682131],[138.979976,34.681873],[138.980238,34.681714],[138.980351,34.681489],[138.980976,34.681323],[138.981088,34.681131],[138.980801,34.681006],[138.980376,34.681006],[138.980051,34.680973],[138.979951,34.681031],[138.979501,34.680906],[138.979288,34.680773],[138.979088,34.680748],[138.978913,34.680615],[138.978838,34.680615],[138.978776,34.68049],[138.978538,34.68039],[138.978238,34.680381],[138.978113,34.680123],[138.977863,34.680048],[138.977888,34.679873],[138.978051,34.679781],[138.977988,34.679606],[138.977913,34.679556],[138.977963,34.679356],[138.978063,34.679231],[138.977988,34.679098],[138.977776,34.678998],[138.977388,34.679006],[138.977338,34.67904],[138.977201,34.678898],[138.977013,34.678448],[138.977113,34.678206],[138.977401,34.678165],[138.977763,34.678048],[138.978088,34.677848],[138.978276,34.67759],[138.978326,34.67714],[138.978151,34.677015],[138.978101,34.67684],[138.977901,34.676882],[138.977876,34.676723],[138.977901,34.676548],[138.977663,34.676415],[138.977326,34.676465],[138.977113,34.676665],[138.977088,34.67659],[138.976813,34.676632],[138.976651,34.676315],[138.976213,34.676398],[138.976151,34.676357],[138.976088,34.676198],[138.975938,34.676132],[138.975688,34.67639],[138.975413,34.676548],[138.975138,34.67649],[138.974713,34.676482],[138.974426,34.676565],[138.973951,34.676598],[138.973689,34.676698],[138.973576,34.67669],[138.973239,34.67644],[138.972839,34.676048],[138.972751,34.675882],[138.972614,34.67539],[138.972526,34.674898],[138.972539,34.674482],[138.972751,34.674007],[138.973114,34.67349],[138.973601,34.673149],[138.973689,34.673174],[138.974151,34.673449],[138.974626,34.673424],[138.975251,34.673232],[138.975163,34.672965],[138.974814,34.67249],[138.974714,34.672265],[138.974939,34.672107],[138.975288,34.672132],[138.975501,34.672299],[138.976201,34.672624],[138.976438,34.672907],[138.976638,34.67299],[138.976676,34.673074],[138.976951,34.673049],[138.977026,34.67299],[138.977226,34.673149],[138.977388,34.673215],[138.977676,34.67319],[138.977601,34.672857],[138.977463,34.672774],[138.977501,34.672607],[138.977626,34.672499],[138.977463,34.672157],[138.977513,34.672149],[138.977813,34.672232],[138.978013,34.672124],[138.978176,34.671874],[138.978451,34.671582],[138.978376,34.671149],[138.978276,34.671066],[138.978488,34.670716],[138.978638,34.670641],[138.978363,34.670249],[138.978438,34.669958],[138.978638,34.669691],[138.978738,34.669508],[138.978763,34.669241],[138.978413,34.668924],[138.978451,34.668783],[138.978676,34.668741],[138.979001,34.669016],[138.979238,34.669399],[138.979388,34.669449],[138.979638,34.669358],[138.979751,34.669199],[138.979826,34.668933],[138.979726,34.668683],[138.978751,34.668516],[138.978301,34.668333],[138.978226,34.668158],[138.978276,34.667924],[138.978401,34.667708],[138.978626,34.667708],[138.979451,34.668074],[138.979901,34.668049],[138.979738,34.667733],[138.979513,34.66755],[138.979513,34.667483],[138.979738,34.66735],[138.979838,34.667375],[138.980013,34.667533],[138.980413,34.667583],[138.980438,34.667308],[138.980838,34.666933],[138.981101,34.666775],[138.981351,34.666775],[138.981426,34.6668],[138.981663,34.667091],[138.982338,34.667575],[138.982963,34.667716],[138.982963,34.667783],[138.983113,34.668075],[138.983338,34.668166],[138.983888,34.66855],[138.983963,34.668666],[138.984263,34.668583],[138.984538,34.668466],[138.984788,34.668516],[138.984863,34.668558],[138.985038,34.668766],[138.985388,34.668991],[138.985688,34.669041],[138.985813,34.66895],[138.985863,34.668883],[138.985838,34.668633],[138.985763,34.668366],[138.98515,34.667883],[138.98505,34.667683],[138.985125,34.667616],[138.9852,34.667616],[138.9853,34.667733],[138.985475,34.667816],[138.9856,34.66775],[138.98585,34.667508],[138.986025,34.667441],[138.98645,34.6674],[138.986775,34.667241],[138.986913,34.667083],[138.987163,34.666567],[138.987288,34.666408],[138.987288,34.666258],[138.987188,34.666233],[138.986788,34.666225],[138.986913,34.665983],[138.987013,34.66585],[138.987038,34.665733],[138.987,34.665708],[138.986763,34.665667],[138.986463,34.665683],[138.986163,34.665567],[138.986088,34.665483],[138.98625,34.665325],[138.9862,34.665167],[138.985901,34.665158],[138.985701,34.665067],[138.985701,34.664892],[138.985551,34.664733],[138.985276,34.664592],[138.985426,34.664508],[138.985401,34.664208],[138.985251,34.663958],[138.985051,34.663825],[138.984726,34.66385],[138.984576,34.663684],[138.984613,34.663459],[138.984813,34.663192],[138.985263,34.663042],[138.985288,34.662967],[138.985176,34.662267],[138.985501,34.661775],[138.985526,34.661667],[138.985526,34.66135],[138.985226,34.660984],[138.985213,34.660876],[138.985363,34.660376],[138.985638,34.660242],[138.986213,34.660134],[138.986288,34.660092],[138.986588,34.660026],[138.986876,34.659851],[138.987076,34.659601],[138.987176,34.659309],[138.987376,34.659042],[138.987563,34.658676],[138.987588,34.658384],[138.987513,34.658251],[138.987238,34.657976],[138.986913,34.657884],[138.986813,34.657701],[138.986913,34.657568],[138.986888,34.657393],[138.986738,34.657276],[138.986538,34.657318],[138.986438,34.657793],[138.986188,34.657809],[138.985938,34.657901],[138.985788,34.658009],[138.985801,34.658351],[138.985626,34.658393],[138.985376,34.658351],[138.985326,34.658551],[138.985201,34.658326],[138.984826,34.658301],[138.984576,34.658409],[138.984526,34.658501],[138.984376,34.658676],[138.984126,34.658792],[138.984076,34.658859],[138.984226,34.659109],[138.984051,34.659084],[138.982913,34.659209],[138.982163,34.659117],[138.981988,34.659001],[138.981888,34.659001],[138.981538,34.659176],[138.981513,34.659226],[138.981763,34.659359],[138.981713,34.659767],[138.981726,34.660151],[138.981526,34.660326],[138.981526,34.6606],[138.981651,34.660784],[138.981751,34.661142],[138.981601,34.6613],[138.981263,34.661342],[138.981301,34.661142],[138.981201,34.6608],[138.981176,34.6606],[138.981051,34.660459],[138.980776,34.660525],[138.980501,34.660409],[138.980426,34.660167],[138.980251,34.660117],[138.980351,34.659734],[138.980438,34.659551],[138.980288,34.659417],[138.980163,34.659376],[138.980238,34.658901],[138.980438,34.658359],[138.980476,34.657951],[138.980476,34.657659],[138.980326,34.657318],[138.980176,34.657276],[138.979851,34.657293],[138.979526,34.657293],[138.979476,34.657268],[138.979676,34.657109],[138.979726,34.656934],[138.979726,34.656684],[138.979939,34.656209],[138.979914,34.655943],[138.979689,34.655626],[138.979689,34.655534],[138.979589,34.655418],[138.979351,34.654768],[138.978689,34.654826],[138.978576,34.654718],[138.978676,34.65451],[138.978626,34.654351],[138.978676,34.653993],[138.978626,34.653585],[138.978426,34.653651],[138.978051,34.653851],[138.977751,34.653718],[138.977526,34.653535],[138.977226,34.653376],[138.97691,34.653325],[138.976551,34.653418],[138.976426,34.653501],[138.976051,34.653526],[138.975801,34.65361],[138.975576,34.653518],[138.975501,34.653543],[138.975401,34.65366],[138.974764,34.65401],[138.974514,34.653968],[138.974339,34.653876],[138.974289,34.653718],[138.974164,34.653651],[138.973864,34.65371],[138.973664,34.653826],[138.973689,34.654001],[138.973514,34.654118],[138.973414,34.654409],[138.973126,34.654768],[138.972826,34.654743],[138.972527,34.654584],[138.972414,34.654426],[138.972214,34.654284],[138.972027,34.654376],[138.971752,34.654468],[138.971302,34.654443],[138.970827,34.654168],[138.970377,34.654159],[138.970027,34.654434],[138.969977,34.654568],[138.970002,34.654768],[138.969839,34.655243],[138.969964,34.655426],[138.969964,34.655509],[138.969789,34.655801],[138.969589,34.655984],[138.969464,34.655959],[138.969339,34.656026],[138.969139,34.655893],[138.969214,34.655801],[138.969339,34.655843],[138.969414,34.655693],[138.968914,34.655209],[138.968089,34.655884],[138.968314,34.656042],[138.968127,34.656134],[138.967827,34.656151],[138.967827,34.656351],[138.967377,34.656759],[138.967302,34.656392],[138.966477,34.656184],[138.966664,34.655576],[138.966539,34.654426],[138.966402,34.654159],[138.966427,34.654068],[138.966802,34.653751],[138.966577,34.653393],[138.966277,34.65321],[138.965702,34.65296],[138.965202,34.652885],[138.964102,34.65301],[138.964152,34.653534],[138.963989,34.653668],[138.96359,34.653801],[138.96309,34.653884],[138.962365,34.653993],[138.961615,34.653743],[138.96154,34.653676],[138.961265,34.653626],[138.96099,34.653784],[138.960927,34.654476],[138.960802,34.654634],[138.960402,34.654701],[138.960027,34.654676],[138.959627,34.654743],[138.959352,34.654693],[138.959027,34.654626],[138.958627,34.654626],[138.958277,34.654576],[138.957677,34.654251],[138.957627,34.654209],[138.957127,34.654118],[138.956628,34.654226],[138.956365,34.654309],[138.95614,34.654451],[138.95599,34.654651],[138.95589,34.654942],[138.956015,34.655209],[138.955978,34.655509],[138.956003,34.656342],[138.956128,34.656475],[138.956303,34.656459],[138.956428,34.656859],[138.956752,34.656817],[138.956802,34.656884],[138.957102,34.657117],[138.95699,34.657434],[138.957015,34.658059],[138.95704,34.658217],[138.95714,34.658309],[138.95729,34.658292],[138.957265,34.658492],[138.956952,34.658759],[138.957127,34.65885],[138.957152,34.658917],[138.957027,34.658967],[138.956977,34.65905],[138.956927,34.659275],[138.957152,34.659283],[138.957302,34.65935],[138.957477,34.659308],[138.957977,34.659084],[138.958202,34.659017],[138.958252,34.659042],[138.958177,34.659308],[138.958052,34.659425],[138.958127,34.65985],[138.958252,34.659942],[138.958527,34.659875],[138.958627,34.659925],[138.958677,34.660008],[138.958677,34.660258],[138.958565,34.660483],[138.958815,34.660625],[138.95904,34.660892],[138.959115,34.66105],[138.95904,34.661208],[138.958865,34.661367],[138.958815,34.66155],[138.958665,34.661616],[138.958602,34.661775],[138.958277,34.66215],[138.958077,34.66285],[138.95804,34.6633],[138.958115,34.663483],[138.95809,34.66355],[138.958115,34.663733],[138.95819,34.663824],[138.958215,34.664066],[138.958302,34.664474],[138.958302,34.664766],[138.958377,34.664949],[138.958502,34.665083],[138.958627,34.665174],[138.958727,34.665399],[138.958902,34.665541],[138.959002,34.665649],[138.959252,34.665883],[138.959752,34.666174],[138.959827,34.666199],[138.959865,34.666424],[138.959815,34.666807],[138.959715,34.666924],[138.95969,34.667099],[138.959565,34.667441],[138.959502,34.668024],[138.959452,34.668274],[138.959552,34.668499],[138.959502,34.668724],[138.959677,34.668932],[138.959727,34.668932],[138.959765,34.66924],[138.960089,34.669499],[138.960339,34.669565],[138.960664,34.66954],[138.961014,34.669707],[138.961264,34.66989],[138.961314,34.669957],[138.961639,34.670165],[138.962127,34.67019],[138.962514,34.670307],[138.962839,34.670574],[138.963027,34.670657],[138.963052,34.670849],[138.963177,34.671024],[138.963327,34.671874],[138.963514,34.672407],[138.963564,34.672657],[138.963377,34.673107],[138.963039,34.673648],[138.962714,34.674082],[138.962477,34.674115],[138.961814,34.673907],[138.961489,34.673956],[138.961152,34.674081],[138.961189,34.67419],[138.961164,34.67464],[138.961014,34.674781],[138.960564,34.674923],[138.960377,34.674773],[138.960014,34.67464],[138.959827,34.67464],[138.959352,34.67479],[138.959077,34.674731],[138.958452,34.674973],[138.958715,34.675365],[138.959489,34.67514],[138.959727,34.67514],[138.959902,34.67519],[138.959527,34.676031],[138.959364,34.676189],[138.95744,34.676673],[138.956252,34.676756],[138.95514,34.676589],[138.95464,34.676364],[138.953977,34.675931],[138.953477,34.675556],[138.953027,34.675348],[138.952827,34.675281],[138.952228,34.675164],[138.952253,34.674706],[138.952578,34.674698],[138.95354,34.67414],[138.953377,34.673973],[138.952678,34.674365],[138.952453,34.674156],[138.947865,34.673765],[138.947853,34.673398],[138.948765,34.673281],[138.94859,34.672281],[138.948828,34.672248],[138.948528,34.670457],[138.948803,34.67019],[138.949215,34.66994],[138.949665,34.669398],[138.949615,34.669223],[138.94944,34.668949],[138.949403,34.668699],[138.949228,34.668565],[138.948778,34.66849],[138.948603,34.668424],[138.948903,34.668132],[138.948953,34.667615],[138.948828,34.667432],[138.948653,34.667299],[138.94894,34.667074],[138.948865,34.666824],[138.94889,34.666624],[138.948491,34.666074],[138.948366,34.666099],[138.948316,34.66614],[138.947966,34.666232],[138.947941,34.666165],[138.947791,34.66609],[138.947666,34.665891],[138.947241,34.665749],[138.946841,34.665799],[138.946391,34.66604],[138.946191,34.66599],[138.945791,34.665632],[138.946378,34.665116],[138.946453,34.664866],[138.946728,34.664757],[138.947003,34.665116],[138.947303,34.665257],[138.947603,34.665216],[138.947828,34.665099],[138.948253,34.665149],[138.948453,34.665066],[138.948353,34.664899],[138.947978,34.664674],[138.947703,34.664491],[138.947678,34.664424],[138.947716,34.664174],[138.947666,34.664107],[138.947666,34.663949],[138.947841,34.663882],[138.947966,34.663774],[138.948166,34.663657],[138.948266,34.663433],[138.948391,34.663258],[138.948341,34.663099],[138.948091,34.663033],[138.947778,34.662708],[138.947453,34.662524],[138.946953,34.662416],[138.946416,34.662499],[138.945966,34.662633],[138.945691,34.662766],[138.945591,34.663032],[138.945916,34.663216],[138.945891,34.663266],[138.945566,34.663349],[138.945116,34.663366],[138.944803,34.663524],[138.944603,34.663591],[138.944653,34.663774],[138.945253,34.663957],[138.945603,34.664007],[138.945803,34.664524],[138.945778,34.664724],[138.945216,34.664924],[138.944941,34.665057],[138.944441,34.665165],[138.944341,34.665257],[138.944116,34.665732],[138.943916,34.66589],[138.944128,34.66614],[138.944028,34.666315],[138.943853,34.666499],[138.943528,34.666632],[138.943104,34.66669],[138.942704,34.666582],[138.942404,34.666307],[138.941904,34.666349],[138.941491,34.666749],[138.941416,34.666974],[138.941241,34.667198],[138.941241,34.667607],[138.941191,34.667807],[138.941004,34.668057],[138.940304,34.668232],[138.940029,34.668207],[138.939654,34.667982],[138.939191,34.667323],[138.938741,34.66684],[138.938866,34.66669],[138.938916,34.66644],[138.938891,34.666348],[138.938566,34.666365],[138.938192,34.666548],[138.937192,34.666565],[138.937042,34.666582],[138.936454,34.666673],[138.936329,34.666648],[138.935967,34.666332],[138.935917,34.666148],[138.936142,34.66599],[138.936367,34.665748],[138.936667,34.66559],[138.936892,34.665407],[138.937079,34.665207],[138.937629,34.664874],[138.937879,34.664607],[138.938054,34.664474],[138.938429,34.664407],[138.938967,34.66414],[138.939566,34.663715],[138.940004,34.663224],[138.940254,34.663024],[138.940479,34.662932],[138.940654,34.662749],[138.941316,34.662416],[138.941491,34.662241],[138.941541,34.662016],[138.941391,34.661899],[138.940891,34.662007],[138.940891,34.661782],[138.940616,34.661666],[138.940192,34.661599],[138.939842,34.661599],[138.939642,34.661616],[138.939967,34.661824],[138.939767,34.661866],[138.939392,34.661749],[138.939204,34.661866],[138.939079,34.661857],[138.938942,34.661457],[138.938742,34.661499],[138.938454,34.661657],[138.938329,34.661766],[138.938104,34.661716],[138.937904,34.661649],[138.937617,34.661357],[138.937692,34.661241],[138.937767,34.661199],[138.937542,34.660907],[138.937067,34.660899],[138.936967,34.660699],[138.936817,34.660699],[138.936667,34.660624],[138.936567,34.660491],[138.936692,34.660307],[138.936767,34.660307],[138.937167,34.660132],[138.937479,34.659907],[138.937504,34.659824],[138.937004,34.659616],[138.936754,34.659541],[138.93648,34.659632],[138.936355,34.659499],[138.93633,34.659382],[138.93613,34.659407],[138.936005,34.659474],[138.93578,34.659199],[138.935505,34.659016],[138.93528,34.658991],[138.934905,34.659016],[138.934705,34.659149],[138.934617,34.659666],[138.934442,34.659824],[138.934442,34.659932],[138.934342,34.660157],[138.933967,34.660341],[138.932805,34.660507],[138.932105,34.660457],[138.931855,34.660366],[138.931305,34.660116],[138.930405,34.659724],[138.929755,34.659699],[138.92978,34.659382],[138.929743,34.659116],[138.929693,34.659066],[138.929368,34.659091],[138.929055,34.659149],[138.92888,34.659149],[138.928455,34.658991],[138.927893,34.658674],[138.927068,34.657941],[138.926643,34.657716],[138.926193,34.657599],[138.926018,34.657466],[138.925468,34.656966],[138.925294,34.656691],[138.925306,34.656441],[138.925381,34.656332],[138.925856,34.655974],[138.925956,34.655749],[138.925506,34.655699],[138.925431,34.655582],[138.925531,34.655407],[138.925431,34.655341],[138.925031,34.655241],[138.922806,34.654916],[138.921707,34.654632],[138.921107,34.654382],[138.920544,34.653949],[138.91937,34.653266],[138.91812,34.652216],[138.91797,34.652057],[138.918182,34.651949],[138.918257,34.651816],[138.917932,34.651766],[138.917857,34.651699],[138.917832,34.651408],[138.917907,34.651249],[138.917832,34.651091],[138.917957,34.651041],[138.918207,34.650733],[138.918182,34.650708],[138.918032,34.650708],[138.917757,34.650866],[138.917582,34.650974],[138.917407,34.651016],[138.917083,34.650699],[138.916795,34.650291],[138.916595,34.649933],[138.916595,34.649774],[138.91677,34.649708],[138.91677,34.649549],[138.916645,34.649433],[138.916745,34.649341],[138.916845,34.649324],[138.916945,34.649049],[138.917258,34.648849],[138.917458,34.648558],[138.917683,34.648449],[138.917658,34.648249],[138.917558,34.648224],[138.917283,34.648358],[138.917158,34.648308],[138.917008,34.648124],[138.916708,34.647924],[138.916133,34.647941],[138.915983,34.647783],[138.916158,34.647649],[138.916745,34.647516],[138.91712,34.647316],[138.917395,34.647],[138.91747,34.646666],[138.917395,34.646616],[138.91722,34.646841],[138.917095,34.646908],[138.91707,34.64675],[138.917195,34.646525],[138.917358,34.646391],[138.917758,34.64565],[138.917833,34.645583],[138.91802,34.645158],[138.91797,34.645],[138.918095,34.644841],[138.91812,34.644775],[138.917995,34.644683],[138.917945,34.644683],[138.91772,34.644858],[138.917395,34.64495],[138.91657,34.644833],[138.916471,34.644625],[138.916496,34.6444],[138.916721,34.644266],[138.916846,34.643975],[138.916896,34.643642],[138.916808,34.643008],[138.916833,34.642758],[138.916783,34.642758],[138.916583,34.642892],[138.916308,34.642867],[138.915933,34.642775],[138.916008,34.642392],[138.916008,34.642258],[138.916371,34.641967],[138.916546,34.641717],[138.916546,34.641467],[138.916446,34.641308],[138.916346,34.641292],[138.916221,34.641358],[138.916221,34.6414],[138.916046,34.641508],[138.915946,34.641558],[138.915871,34.641467],[138.915946,34.641267],[138.915846,34.641192],[138.915521,34.641325],[138.915346,34.641442],[138.914946,34.641258],[138.913946,34.64055],[138.913384,34.639825],[138.912859,34.638892],[138.912696,34.638442],[138.912496,34.637384],[138.912509,34.636934],[138.912559,34.636592],[138.912509,34.636317],[138.912597,34.635759],[138.912722,34.635534],[138.912647,34.635326],[138.912497,34.635351],[138.912347,34.635326],[138.912272,34.634717],[138.911997,34.634626],[138.911797,34.634717],[138.911597,34.634709],[138.911597,34.634801],[138.911272,34.634759],[138.910922,34.634276],[138.910422,34.634051],[138.910022,34.633976],[138.909747,34.633842],[138.909322,34.633684],[138.908822,34.633542],[138.908435,34.633384],[138.908085,34.633134],[138.907985,34.632992],[138.90796,34.632384],[138.907885,34.632276],[138.908235,34.632051],[138.908247,34.631984],[138.908072,34.631618],[138.907747,34.631709],[138.907697,34.631501],[138.907622,34.631343],[138.907497,34.631459],[138.907385,34.631934],[138.907435,34.632134],[138.90711,34.632359],[138.906935,34.632334],[138.90646,34.631876],[138.90646,34.631701],[138.906235,34.631626],[138.90561,34.631468],[138.90551,34.631443],[138.905523,34.631193],[138.905423,34.630993],[138.905073,34.631059],[138.904848,34.631143],[138.904798,34.631076],[138.904823,34.630901],[138.905098,34.630743],[138.905448,34.630185],[138.90526,34.629843],[138.90511,34.62946],[138.90501,34.629051],[138.90486,34.629001],[138.90461,34.62916],[138.90426,34.629493],[138.903698,34.629943],[138.903373,34.630435],[138.903148,34.630726],[138.902885,34.630793],[138.902685,34.631059],[138.902485,34.630901],[138.90191,34.631101],[138.901386,34.631551],[138.901148,34.632026],[138.901098,34.631951],[138.901023,34.631726],[138.900698,34.631884],[138.900398,34.632126],[138.900198,34.632351],[138.899848,34.632484],[138.899336,34.632484],[138.898911,34.632567],[138.897736,34.633376],[138.897324,34.633509],[138.896924,34.63355],[138.896574,34.633409],[138.896499,34.633234],[138.896274,34.633159],[138.896086,34.632934],[138.896011,34.632817],[138.896061,34.632393],[138.896036,34.632143],[138.895786,34.632118],[138.895861,34.631959],[138.895836,34.631918],[138.895711,34.631918],[138.895461,34.631959],[138.895361,34.632051],[138.895336,34.632159],[138.895161,34.632093],[138.895111,34.632276],[138.895111,34.632501],[138.894961,34.632659],[138.894774,34.632809],[138.894824,34.632993],[138.894749,34.633193],[138.894499,34.633484],[138.894324,34.633618],[138.894386,34.634276],[138.894261,34.634459],[138.893911,34.634634],[138.893286,34.634768],[138.893061,34.634768],[138.892074,34.634643],[138.891324,34.63446],[138.890786,34.634185],[138.890036,34.633685],[138.889561,34.633185],[138.889236,34.632752],[138.888699,34.631961],[138.888499,34.631552],[138.888424,34.631144],[138.888536,34.629836],[138.888249,34.629136],[138.888549,34.629028],[138.888699,34.628661],[138.889111,34.628195],[138.889286,34.628261],[138.889486,34.628244],[138.889636,34.628403],[138.889661,34.628511],[138.889836,34.628628],[138.890061,34.628744],[138.890261,34.628769],[138.890461,34.628744],[138.890811,34.628769],[138.891136,34.628636],[138.891111,34.628861],[138.891136,34.629069],[138.891461,34.629136],[138.891761,34.629119],[138.891911,34.628977],[138.892186,34.628844],[138.892486,34.628869],[138.892461,34.628736],[138.892286,34.628644],[138.892236,34.628461],[138.892036,34.628327],[138.891886,34.628352],[138.891811,34.628419],[138.891736,34.628261],[138.891686,34.628236],[138.891386,34.628278],[138.891336,34.628053],[138.891024,34.627753],[138.891124,34.627619],[138.891324,34.627578],[138.891299,34.627328],[138.891124,34.627303],[138.891049,34.627211],[138.890849,34.627169],[138.890799,34.626986],[138.890499,34.626786],[138.890274,34.626778],[138.890074,34.626761],[138.889999,34.626778],[138.889924,34.626753],[138.890074,34.626511],[138.890111,34.62622],[138.889986,34.62567],[138.890036,34.62552],[138.890211,34.625337],[138.890111,34.625178],[138.889986,34.625112],[138.889899,34.624795],[138.889749,34.624795],[138.889686,34.624928],[138.889536,34.624995],[138.889411,34.625245],[138.889112,34.62492],[138.888937,34.624878],[138.888762,34.624962],[138.888787,34.625078],[138.888637,34.62517],[138.888612,34.625278],[138.888487,34.62537],[138.888412,34.625553],[138.888562,34.625595],[138.888499,34.625887],[138.888624,34.626112],[138.888674,34.626253],[138.888249,34.626295],[138.888099,34.626228],[138.887924,34.626362],[138.887799,34.62652],[138.887749,34.626695],[138.887749,34.626878],[138.887799,34.626945],[138.887787,34.627078],[138.887437,34.62712],[138.886862,34.627145],[138.886262,34.626978],[138.886037,34.626862],[138.885662,34.62657],[138.885424,34.626254],[138.885299,34.625979],[138.885374,34.625712],[138.885599,34.625579],[138.885924,34.625554],[138.886374,34.625562],[138.886699,34.625495],[138.886512,34.624837],[138.886787,34.624612],[138.886737,34.624437],[138.886949,34.624004],[138.886974,34.623896],[138.886924,34.623846],[138.886624,34.623821],[138.886324,34.623687],[138.885949,34.623612],[138.885649,34.623612],[138.885574,34.623571],[138.884887,34.623746],[138.884662,34.623721],[138.884612,34.623854],[138.884437,34.623962],[138.884012,34.624029],[138.883337,34.624413],[138.882874,34.624588],[138.882699,34.624604],[138.882149,34.624513],[138.880999,34.624096],[138.880824,34.624055],[138.880324,34.624072],[138.880174,34.623913],[138.879849,34.624113],[138.879624,34.624338],[138.879674,34.624472],[138.879049,34.624647],[138.878524,34.624713],[138.87815,34.624622],[138.878075,34.624555],[138.877525,34.62358],[138.877175,34.623239],[138.876787,34.622964],[138.876362,34.622831],[138.8757,34.622797],[138.874775,34.622798],[138.874425,34.622698],[138.874225,34.622448],[138.874162,34.621931],[138.874225,34.620914],[138.874075,34.620531],[138.873387,34.619581],[138.872762,34.61899],[138.872887,34.618698],[138.872862,34.61849],[138.872813,34.618248],[138.872775,34.61804],[138.872625,34.61779],[138.872625,34.617682],[138.87255,34.617632],[138.872425,34.617632],[138.8723,34.61754],[138.872075,34.617565],[138.871883,34.617627],[138.871625,34.617723],[138.871175,34.618082],[138.870738,34.618215],[138.869688,34.618157],[138.869588,34.618207],[138.869563,34.61854],[138.868913,34.61879],[138.8686,34.618965],[138.8684,34.61914],[138.8681,34.619299],[138.867775,34.619407],[138.8668,34.619674],[138.86645,34.619715],[138.866225,34.619691],[138.866025,34.619507],[138.86555,34.619374],[138.86545,34.619307],[138.865,34.619141],[138.864925,34.618357],[138.8648,34.618016],[138.863813,34.616383],[138.863501,34.616066],[138.863026,34.615908],[138.862451,34.615858],[138.860113,34.615725],[138.859638,34.615633],[138.859313,34.61545],[138.859038,34.615175],[138.858801,34.614608],[138.858626,34.614433],[138.858651,34.614341],[138.858376,34.614025],[138.858964,34.613483],[138.859139,34.613533],[138.860064,34.61255],[138.859214,34.612541],[138.859189,34.612333],[138.858776,34.612175],[138.858139,34.612241],[138.857914,34.61235],[138.857289,34.612525],[138.857164,34.612641],[138.857114,34.612816],[138.856989,34.61295],[138.856739,34.613],[138.856676,34.613108],[138.856576,34.613175],[138.856526,34.613308],[138.856376,34.613491],[138.856226,34.613558],[138.856026,34.6136],[138.855776,34.613575],[138.855551,34.613525],[138.855401,34.613366],[138.855326,34.613233],[138.855201,34.613116],[138.854976,34.613025],[138.854577,34.612933],[138.854452,34.6128],[138.854102,34.612658],[138.853789,34.612275],[138.853689,34.61205],[138.853589,34.611916],[138.853439,34.611775],[138.852964,34.611683],[138.852764,34.611683],[138.852664,34.611791],[138.852614,34.61195],[138.852539,34.612],[138.852339,34.611991],[138.852052,34.612125],[138.851877,34.612083],[138.851702,34.612083],[138.851339,34.61165],[138.851139,34.611625],[138.851039,34.611666],[138.851152,34.61185],[138.851252,34.612191],[138.851327,34.612233],[138.851227,34.6123],[138.851152,34.612458],[138.850702,34.612791],[138.850289,34.613175],[138.850089,34.613283],[138.849789,34.613258],[138.849414,34.6131],[138.849064,34.612916],[138.84869,34.612558],[138.848427,34.612058],[138.848427,34.611941],[138.848752,34.611358],[138.849165,34.610866],[138.84919,34.610758],[138.84954,34.610666],[138.84969,34.610575],[138.84974,34.61015],[138.849715,34.610125],[138.849565,34.6101],[138.849365,34.610125],[138.848815,34.609983],[138.84829,34.609983],[138.848215,34.609825],[138.84834,34.609641],[138.848552,34.609483],[138.848777,34.609441],[138.849027,34.609358],[138.849302,34.6094],[138.849627,34.609408],[138.849802,34.609358],[138.849952,34.60925],[138.850027,34.609091],[138.849902,34.608841],[138.849602,34.608683],[138.849477,34.6087],[138.848777,34.608608],[138.848502,34.608491],[138.848427,34.608241],[138.848465,34.608],[138.848315,34.608017],[138.84794,34.608083],[138.847627,34.608058],[138.84754,34.607942],[138.84769,34.607808],[138.84774,34.607675],[138.84784,34.607583],[138.84789,34.607317],[138.84809,34.606867],[138.848277,34.606692],[138.848302,34.606533],[138.848402,34.606442],[138.848402,34.605967],[138.848502,34.605558],[138.84864,34.605225],[138.848665,34.605042],[138.848615,34.604883],[138.848465,34.604792],[138.847915,34.604725],[138.84789,34.604675],[138.847715,34.604633],[138.847615,34.604092],[138.847615,34.60395],[138.84749,34.603883],[138.84719,34.603908],[138.846865,34.604333],[138.84679,34.604467],[138.84694,34.604533],[138.846965,34.604583],[138.84684,34.604667],[138.846253,34.6055],[138.846203,34.6057],[138.846203,34.60595],[138.846153,34.606242],[138.845965,34.606425],[138.845965,34.606558],[138.846165,34.606742],[138.846465,34.6069],[138.84644,34.607058],[138.846265,34.607058],[138.84614,34.607008],[138.846115,34.606942],[138.84589,34.606917],[138.84534,34.60705],[138.845115,34.607183],[138.844965,34.6073],[138.844478,34.607383],[138.844078,34.607541],[138.844003,34.60765],[138.843828,34.607783],[138.843278,34.608275],[138.84299,34.608633],[138.84254,34.608475],[138.842365,34.608358],[138.842428,34.608183],[138.842653,34.608],[138.842778,34.607841],[138.843528,34.607283],[138.843715,34.607058],[138.843965,34.606883],[138.844665,34.606641],[138.84479,34.606525],[138.845065,34.606258],[138.845215,34.606217],[138.845278,34.605967],[138.845278,34.605717],[138.845153,34.605492],[138.845078,34.605425],[138.845103,34.605308],[138.845328,34.605333],[138.845428,34.605267],[138.845765,34.604525],[138.845765,34.604367],[138.84589,34.604233],[138.845965,34.604008],[138.846165,34.603625],[138.84609,34.603492],[138.845865,34.603467],[138.84574,34.603558],[138.845465,34.603692],[138.845265,34.603733],[138.845115,34.60385],[138.84479,34.604],[138.84474,34.60405],[138.84429,34.604175],[138.843965,34.604108],[138.844115,34.603975],[138.844415,34.603867],[138.84464,34.603683],[138.844915,34.603375],[138.845578,34.602992],[138.845828,34.602725],[138.846028,34.602275],[138.846178,34.60225],[138.846353,34.602325],[138.846528,34.602208],[138.846465,34.602075],[138.846315,34.602008],[138.84619,34.601692],[138.845715,34.601617],[138.845515,34.601725],[138.84504,34.601458],[138.84489,34.601525],[138.844915,34.601658],[138.844803,34.601767],[138.844778,34.602017],[138.844803,34.602175],[138.844703,34.602308],[138.844478,34.602017],[138.844328,34.6019],[138.844153,34.601925],[138.843728,34.602208],[138.843603,34.60205],[138.843753,34.601742],[138.843753,34.601583],[138.843815,34.601442],[138.843665,34.601267],[138.84364,34.601125],[138.843416,34.600833],[138.842991,34.600925],[138.842816,34.600967],[138.842616,34.601033],[138.842516,34.6011],[138.842341,34.601117],[138.842053,34.601317],[138.842003,34.601317],[138.842053,34.601458],[138.841953,34.601725],[138.842078,34.601975],[138.841828,34.602358],[138.841666,34.602942],[138.841591,34.603008],[138.841516,34.602983],[138.841591,34.602517],[138.841578,34.601742],[138.841378,34.60165],[138.841153,34.60165],[138.840978,34.601767],[138.840491,34.602433],[138.840416,34.602592],[138.840441,34.602817],[138.840416,34.603042],[138.840316,34.603158],[138.840266,34.603342],[138.840278,34.603742],[138.840303,34.603858],[138.840278,34.6044],[138.840078,34.604733],[138.839966,34.60485],[138.839816,34.605116],[138.839691,34.60525],[138.839616,34.605408],[138.839516,34.605433],[138.839466,34.605183],[138.839703,34.604708],[138.839803,34.604325],[138.839778,34.604258],[138.839603,34.604141],[138.839378,34.604116],[138.839228,34.604166],[138.839178,34.604166],[138.839103,34.603958],[138.838778,34.603983],[138.838703,34.60405],[138.838578,34.60405],[138.838678,34.6036],[138.838653,34.603416],[138.838303,34.603258],[138.838028,34.603483],[138.837853,34.603791],[138.837878,34.604016],[138.837691,34.604266],[138.837641,34.604491],[138.837516,34.604783],[138.837366,34.604808],[138.836891,34.604983],[138.836741,34.605075],[138.836541,34.605116],[138.836391,34.605208],[138.836303,34.60545],[138.836178,34.605541],[138.836078,34.6057],[138.835878,34.605833],[138.835853,34.606016],[138.835878,34.606375],[138.835853,34.606416],[138.835728,34.606466],[138.835628,34.606216],[138.835628,34.606033],[138.835503,34.605875],[138.835279,34.605783],[138.835254,34.605533],[138.835304,34.605516],[138.835553,34.605466],[138.835866,34.6052],[138.835891,34.605066],[138.836041,34.605],[138.836066,34.604975],[138.836191,34.604908],[138.836291,34.6048],[138.836416,34.604708],[138.836516,34.604575],[138.836666,34.604483],[138.836566,34.6041],[138.836341,34.604033],[138.836141,34.60405],[138.835816,34.604208],[138.835666,34.604208],[138.835441,34.604141],[138.835441,34.604091],[138.835341,34.604066],[138.834766,34.604158],[138.834541,34.604241],[138.834491,34.604358],[138.834591,34.60445],[138.834591,34.604583],[138.834441,34.604675],[138.834391,34.604741],[138.834241,34.604758],[138.834129,34.604966],[138.833954,34.604983],[138.833854,34.605116],[138.833704,34.605166],[138.833529,34.605299],[138.833379,34.605366],[138.833304,34.605316],[138.833079,34.605316],[138.833229,34.604933],[138.832804,34.604933],[138.832654,34.604974],[138.832654,34.605016],[138.832179,34.605199],[138.832054,34.605374],[138.831979,34.605399],[138.831929,34.605574],[138.831616,34.605783],[138.831591,34.605849],[138.831441,34.605916],[138.831116,34.605999],[138.830991,34.606116],[138.830816,34.606066],[138.830641,34.606091],[138.830516,34.606158],[138.830391,34.606133],[138.830191,34.606174],[138.830016,34.606108],[138.829791,34.606083],[138.829341,34.605966],[138.829291,34.605899],[138.829067,34.605849],[138.828867,34.605733],[138.828767,34.605733],[138.828792,34.605508],[138.828867,34.605399],[138.828742,34.605241],[138.828767,34.605108],[138.828642,34.605083],[138.828542,34.604941],[138.828529,34.604716],[138.828429,34.604741],[138.828342,34.604849],[138.828342,34.605008],[138.828067,34.605033],[138.827892,34.605099],[138.827792,34.605366],[138.827767,34.605549],[138.827842,34.605641],[138.827892,34.605933],[138.827742,34.606041],[138.827529,34.606024],[138.827429,34.606199],[138.827279,34.606199],[138.827129,34.606307],[138.826904,34.606332],[138.826879,34.606357],[138.826529,34.606374],[138.826279,34.606324],[138.826029,34.606216],[138.825904,34.606057],[138.825654,34.605891],[138.825479,34.605874],[138.825429,34.605941],[138.825479,34.606049],[138.825454,34.606232],[138.825404,34.606274],[138.825329,34.606391],[138.825504,34.606549],[138.825592,34.606999],[138.825517,34.607199],[138.825567,34.607291],[138.825492,34.607316],[138.825142,34.607332],[138.825017,34.607624],[138.825067,34.607782],[138.825217,34.607874],[138.825417,34.607899],[138.825617,34.607741],[138.825817,34.607816],[138.825917,34.607924],[138.826142,34.607882],[138.826267,34.607816],[138.826417,34.607791],[138.826617,34.607724],[138.826717,34.607774],[138.826217,34.608066],[138.826117,34.608149],[138.825967,34.608199],[138.825842,34.608282],[138.825679,34.608349],[138.825704,34.608491],[138.825329,34.608557],[138.825204,34.608549],[138.825104,34.608574],[138.824854,34.608665],[138.824854,34.608799],[138.824754,34.608799],[138.824629,34.608907],[138.824729,34.609049],[138.824704,34.609157],[138.824454,34.60929],[138.824379,34.609382],[138.824417,34.609474],[138.824929,34.609499],[138.824892,34.609565],[138.824742,34.609724],[138.824742,34.609832],[138.824842,34.609924],[138.825342,34.609932],[138.825417,34.61004],[138.825542,34.610157],[138.825042,34.610199],[138.824867,34.61024],[138.824717,34.610215],[138.824542,34.610265],[138.824267,34.610465],[138.824192,34.61044],[138.823992,34.610574],[138.823979,34.610865],[138.824079,34.610957],[138.824254,34.610982],[138.824429,34.610957],[138.824629,34.610965],[138.824854,34.611032],[138.824879,34.611415],[138.824654,34.611432],[138.824604,34.611507],[138.824379,34.611615],[138.824479,34.611749],[138.824729,34.611907],[138.824729,34.61209],[138.824704,34.612224],[138.824867,34.612315],[138.825229,34.61234],[138.825342,34.612482],[138.825579,34.612457],[138.825692,34.612507],[138.825692,34.612665],[138.825741,34.61284],[138.825741,34.612999],[138.825641,34.613132],[138.825641,34.613273],[138.825292,34.613423],[138.824992,34.61349],[138.824867,34.613557],[138.824867,34.613673],[138.824654,34.613757],[138.824629,34.61394],[138.824454,34.614165],[138.824304,34.614498],[138.824429,34.614723],[138.824579,34.614815],[138.824704,34.614932],[138.824754,34.614957],[138.824666,34.61529],[138.824466,34.615223],[138.823917,34.615332],[138.823617,34.616048],[138.822604,34.616248],[138.822704,34.615956],[138.822454,34.615998],[138.822542,34.615681],[138.822692,34.615323],[138.822717,34.615165],[138.822667,34.615032],[138.822542,34.615031],[138.822392,34.614782],[138.822517,34.614757],[138.822667,34.614623],[138.822629,34.614398],[138.822404,34.614148],[138.822079,34.614323],[138.822017,34.614415],[138.821892,34.614482],[138.821592,34.614298],[138.821404,34.614165],[138.821554,34.613898],[138.821629,34.613673],[138.821654,34.61324],[138.821792,34.612815],[138.821942,34.612657],[138.821942,34.612523],[138.821792,34.612473],[138.821442,34.612632],[138.821342,34.612565],[138.821317,34.612407],[138.821242,34.612223],[138.820892,34.611748],[138.820767,34.611765],[138.820717,34.612107],[138.820767,34.612223],[138.820629,34.612915],[138.820729,34.613073],[138.820654,34.613165],[138.820354,34.61319],[138.820179,34.613115],[138.820029,34.612982],[138.819629,34.612982],[138.819354,34.613198],[138.819329,34.613248],[138.819154,34.613265],[138.819029,34.613423],[138.818892,34.613698],[138.818692,34.613965],[138.818642,34.61399],[138.818417,34.614365],[138.818242,34.614481],[138.818142,34.61464],[138.818167,34.614748],[138.81783,34.615106],[138.817405,34.615331],[138.81713,34.615398],[138.81683,34.615323],[138.816655,34.615348],[138.816505,34.615231],[138.816355,34.615256],[138.816155,34.615098],[138.815855,34.615006],[138.81578,34.615006],[138.81558,34.614914],[138.81508,34.614956],[138.814855,34.615156],[138.81473,34.615264],[138.814705,34.615264],[138.814192,34.615648],[138.813992,34.615914],[138.813842,34.616206],[138.81378,34.616656],[138.81378,34.616706],[138.81393,34.616906],[138.814055,34.617023],[138.81418,34.617222],[138.81433,34.617406],[138.814405,34.617539],[138.81453,34.617722],[138.814792,34.618289],[138.814792,34.618406],[138.814917,34.618581],[138.814892,34.618722],[138.815017,34.619056],[138.814967,34.619172],[138.815017,34.619356],[138.814955,34.619531],[138.81493,34.619714],[138.81473,34.620097],[138.814555,34.620181],[138.814405,34.620339],[138.814355,34.620472],[138.813917,34.620922],[138.813867,34.621214],[138.813892,34.621264],[138.813842,34.621647],[138.813942,34.621939],[138.814204,34.622189],[138.813554,34.62268],[138.813404,34.622789],[138.813229,34.62308],[138.813017,34.623214],[138.812992,34.623264],[138.812892,34.623305],[138.812617,34.623239],[138.812217,34.623372],[138.812117,34.623347],[138.811492,34.623388],[138.811192,34.623405],[138.811067,34.623563],[138.810717,34.623655],[138.810542,34.623805],[138.810605,34.623988],[138.81043,34.624572],[138.810455,34.624822],[138.810155,34.62493],[138.809692,34.62513],[138.809567,34.625513],[138.809617,34.625721],[138.809492,34.625988],[138.809492,34.626146],[138.809467,34.626188],[138.809467,34.626371],[138.809555,34.626555],[138.809805,34.62678],[138.81003,34.626921],[138.810179,34.627096],[138.810254,34.627396],[138.810054,34.627846],[138.809867,34.62798],[138.809517,34.628113],[138.808867,34.628171],[138.808492,34.628146],[138.808217,34.627805],[138.808342,34.627721],[138.808105,34.627288],[138.80803,34.627313],[138.80768,34.627263],[138.807217,34.627255],[138.807017,34.627279],[138.806892,34.627388],[138.806742,34.627454],[138.806517,34.627454],[138.806342,34.627188],[138.806305,34.626779],[138.806155,34.626488],[138.80583,34.626213],[138.805605,34.626071],[138.80518,34.626096],[138.805005,34.625954],[138.80483,34.625913],[138.80463,34.625996],[138.804005,34.626263],[138.80388,34.626246],[138.803555,34.626013],[138.80333,34.625921],[138.80323,34.625788],[138.803055,34.625738],[138.80263,34.625738],[138.80238,34.625621],[138.802205,34.625513],[138.80188,34.624946],[138.80168,34.624779],[138.80138,34.624688],[138.80128,34.624596],[138.801055,34.624596],[138.800855,34.624571],[138.800655,34.624638],[138.800505,34.624613],[138.800355,34.624663],[138.800155,34.624796],[138.79998,34.624771],[138.799831,34.624638],[138.799706,34.624588],[138.799656,34.624429],[138.799506,34.624338],[138.799431,34.624179],[138.799256,34.624113],[138.799231,34.623996],[138.799281,34.623979],[138.799493,34.623638],[138.799518,34.623438],[138.799468,34.623213],[138.799468,34.623004],[138.799418,34.622846],[138.799268,34.622738],[138.798968,34.622579],[138.798831,34.622213],[138.798681,34.622121],[138.798681,34.621963],[138.798581,34.621854],[138.798606,34.621804],[138.798456,34.621446],[138.798281,34.621305],[138.798081,34.621263],[138.798006,34.621421],[138.797931,34.621871],[138.797931,34.622071],[138.798118,34.622254],[138.798068,34.622279],[138.798018,34.622479],[138.797643,34.622454],[138.797468,34.622429],[138.797181,34.621929],[138.797056,34.621796],[138.796906,34.621796],[138.796893,34.622129],[138.796943,34.622429],[138.796793,34.622496],[138.796745,34.622536],[138.796618,34.622404],[138.796543,34.622221],[138.796393,34.622238],[138.796368,34.622738],[138.796193,34.622921],[138.796018,34.622938],[138.795856,34.623046],[138.795631,34.622979],[138.795393,34.622754],[138.795218,34.622529],[138.795143,34.622346],[138.795168,34.622096],[138.795068,34.621988],[138.794893,34.621963],[138.794693,34.622004],[138.794194,34.622429],[138.794106,34.622654],[138.794081,34.622879],[138.794006,34.622946],[138.793531,34.622829],[138.793306,34.622871],[138.793256,34.622937],[138.793081,34.623004],[138.792931,34.623121],[138.792906,34.623387],[138.793281,34.623704],[138.793443,34.624046],[138.793643,34.624612],[138.793668,34.624862],[138.793593,34.625112],[138.793606,34.625579],[138.793781,34.625854],[138.793731,34.626529],[138.793768,34.626579],[138.793743,34.626737],[138.793793,34.626962],[138.794068,34.627187],[138.793993,34.627704],[138.793918,34.627887],[138.793981,34.628112],[138.793956,34.628337],[138.793781,34.62847],[138.793781,34.628587],[138.793731,34.628604],[138.793656,34.628762],[138.793693,34.629237],[138.793743,34.629353],[138.793693,34.62937],[138.793643,34.629487],[138.793693,34.629687],[138.793693,34.629895],[138.793793,34.630028],[138.793768,34.630187],[138.793868,34.630528],[138.793768,34.630595],[138.793781,34.630795],[138.793881,34.631245],[138.793906,34.63147],[138.793806,34.631653],[138.793631,34.631695],[138.793543,34.631895],[138.793381,34.631787],[138.793268,34.631828],[138.793118,34.631986],[138.793118,34.63217],[138.793193,34.63237],[138.793293,34.632461],[138.793856,34.633386],[138.793981,34.633795],[138.793981,34.634045],[138.793856,34.634178],[138.793656,34.634295],[138.793268,34.634603],[138.793168,34.634803],[138.792993,34.634553],[138.793006,34.634403],[138.792606,34.634236],[138.792468,34.634328],[138.792518,34.634486],[138.792593,34.634603],[138.792693,34.634936],[138.792618,34.635294],[138.792443,34.635028],[138.792443,34.63487],[138.792318,34.634753],[138.792143,34.634711],[138.792018,34.634753],[138.792043,34.634978],[138.792218,34.635136],[138.792268,34.635136],[138.792418,34.635453],[138.792293,34.635569],[138.792168,34.635544],[138.792018,34.635386],[138.791818,34.635428],[138.791656,34.635561],[138.791581,34.635719],[138.791206,34.636053],[138.791106,34.636303],[138.790793,34.636619],[138.790668,34.636594],[138.790556,34.636478],[138.790293,34.636519],[138.790281,34.636386],[138.790056,34.636361],[138.789956,34.636228],[138.789781,34.636253],[138.789731,34.636269],[138.789568,34.636586],[138.789543,34.636786],[138.789418,34.636919],[138.789343,34.637103],[138.789368,34.637528],[138.789668,34.637511],[138.789743,34.637578],[138.78988,34.638261],[138.78963,34.638619],[138.788943,34.639194],[138.788643,34.639261],[138.788393,34.639127],[138.788368,34.639061],[138.788293,34.639061],[138.788043,34.639169],[138.787918,34.639277],[138.787693,34.639302],[138.787355,34.639794],[138.78713,34.639911],[138.78673,34.639994],[138.786355,34.640011],[138.786205,34.639994],[138.78593,34.639827],[138.785855,34.639602],[138.785943,34.639269],[138.785868,34.639019],[138.785893,34.638836],[138.785843,34.638636],[138.785693,34.638411],[138.785593,34.638336],[138.785368,34.638427],[138.785168,34.638452],[138.785018,34.638519],[138.784793,34.638377],[138.784493,34.638402],[138.784468,34.638377],[138.784318,34.638352],[138.784068,34.638511],[138.783918,34.638552],[138.783818,34.638511],[138.783518,34.638486],[138.783368,34.638552],[138.783281,34.638711],[138.783056,34.638794],[138.782843,34.638594],[138.782531,34.638569],[138.782443,34.638427],[138.782293,34.638294],[138.782268,34.637844],[138.782143,34.637727],[138.781993,34.637702],[138.781868,34.637569],[138.781718,34.637544],[138.781543,34.637452],[138.781418,34.637477],[138.781268,34.637636],[138.781168,34.637836],[138.781218,34.637994],[138.781181,34.638377],[138.781131,34.638627],[138.781131,34.638827],[138.781056,34.639435],[138.780943,34.639569],[138.780943,34.639619],[138.780743,34.639544],[138.780543,34.639544],[138.780518,34.639344],[138.780456,34.639227],[138.780456,34.639052],[138.780231,34.638885],[138.780156,34.63891],[138.779956,34.63916],[138.779993,34.63936],[138.779968,34.63956],[138.779918,34.63961],[138.779168,34.639577],[138.778893,34.639644],[138.778743,34.639552],[138.778593,34.639602],[138.778344,34.639777],[138.778244,34.639735],[138.778069,34.639819],[138.777994,34.639952],[138.777831,34.640002],[138.777756,34.640269],[138.777631,34.64031],[138.777556,34.640202],[138.777331,34.64011],[138.777306,34.64006],[138.777131,34.639968],[138.776906,34.639927],[138.776706,34.639968],[138.776606,34.64001],[138.776631,34.640218],[138.776781,34.64056],[138.776881,34.640668],[138.776881,34.640893],[138.776912,34.640943],[138.776356,34.640918],[138.776144,34.641027],[138.776169,34.641227],[138.776269,34.641435],[138.776344,34.641435],[138.776244,34.641568],[138.776237,34.641593],[138.776194,34.641543],[138.776069,34.641518],[138.775969,34.641427],[138.775744,34.641477],[138.775719,34.641585],[138.775769,34.641702],[138.775744,34.641877],[138.775619,34.641943],[138.775206,34.642077],[138.775256,34.642235],[138.775181,34.642302],[138.775081,34.64246],[138.774931,34.642868],[138.775006,34.643093],[138.774931,34.643201],[138.774694,34.643343],[138.774544,34.643293],[138.774344,34.643335],[138.774219,34.643468],[138.774044,34.643601],[138.773969,34.643851],[138.773794,34.644143],[138.773731,34.64451],[138.773681,34.644735],[138.773706,34.64496],[138.773781,34.645068],[138.773806,34.645293],[138.773881,34.64541],[138.773406,34.645451],[138.773219,34.645518],[138.773219,34.645651],[138.773294,34.645718],[138.773469,34.645793],[138.773644,34.645743],[138.773694,34.645884],[138.773519,34.646309],[138.773369,34.646376],[138.773169,34.646601],[138.773144,34.646709],[138.772981,34.646826],[138.772906,34.647068],[138.772831,34.647226],[138.772856,34.647368],[138.772731,34.647501],[138.772706,34.647701],[138.772331,34.647859],[138.772119,34.647859],[138.771994,34.648009],[138.771869,34.648059],[138.771844,34.648167],[138.771944,34.648309],[138.772194,34.648417],[138.772194,34.648442],[138.772119,34.648509],[138.772044,34.648509],[138.771844,34.648601],[138.771794,34.648551],[138.771669,34.648576],[138.771519,34.648801],[138.771569,34.648959],[138.771506,34.649026],[138.771656,34.649526],[138.771806,34.649476],[138.771881,34.649317],[138.772006,34.649251],[138.772194,34.649051],[138.772331,34.649342],[138.772531,34.649576],[138.772881,34.649984],[138.773056,34.650367],[138.773418,34.651542],[138.773568,34.651884],[138.773618,34.652151],[138.773356,34.653209],[138.773343,34.653642],[138.773293,34.653934],[138.773243,34.654067],[138.773268,34.654225],[138.773343,34.6547],[138.773431,34.655109],[138.773356,34.655267],[138.773431,34.655359],[138.773456,34.655492],[138.773506,34.655559],[138.773606,34.655559],[138.773806,34.65545],[138.774106,34.655134],[138.774668,34.654642],[138.775043,34.654484],[138.775493,34.654442],[138.775843,34.654451],[138.776093,34.654542],[138.776318,34.654651],[138.776593,34.654659],[138.776743,34.654726],[138.776843,34.654726],[138.776993,34.654634],[138.777168,34.654726],[138.777368,34.654709],[138.777443,34.654684],[138.777718,34.654709],[138.777893,34.654776],[138.778118,34.654734],[138.778305,34.654759],[138.778555,34.654734],[138.77858,34.654784],[138.779405,34.654942],[138.779693,34.655376],[138.779868,34.655442],[138.779993,34.655901],[138.780168,34.656034],[138.780268,34.656167],[138.780443,34.656242],[138.780518,34.656576],[138.78043,34.656759],[138.78048,34.657234],[138.78038,34.657501],[138.780205,34.657684],[138.78018,34.657884],[138.780418,34.658067],[138.780667,34.658159],[138.780468,34.658334],[138.780293,34.658767],[138.780343,34.658926],[138.780293,34.659059],[138.780355,34.659442],[138.78038,34.65985],[138.780455,34.660075],[138.78063,34.660275],[138.78078,34.660392],[138.78088,34.66035],[138.781105,34.659992],[138.781255,34.659834],[138.78153,34.659767],[138.78163,34.660259],[138.78178,34.660426],[138.782005,34.660492],[138.782305,34.660517],[138.782505,34.660159],[138.782755,34.660184],[138.78303,34.660359],[138.783105,34.660367],[138.78313,34.660501],[138.783205,34.660684],[138.78338,34.660751],[138.78343,34.660817],[138.783455,34.660976],[138.783405,34.661067],[138.78333,34.661359],[138.78343,34.661384],[138.78358,34.661334],[138.78373,34.661201],[138.784105,34.661001],[138.784155,34.660934],[138.78443,34.660801],[138.78463,34.660759],[138.78483,34.660801],[138.78488,34.660942],[138.78478,34.661101],[138.78463,34.661184],[138.78458,34.661317],[138.78443,34.661409],[138.784405,34.661567],[138.78423,34.661659],[138.784092,34.661817],[138.783967,34.662242],[138.784067,34.662376],[138.784267,34.662376],[138.784567,34.662292],[138.784817,34.662042],[138.784892,34.662001],[138.785004,34.661842],[138.785154,34.661734],[138.785179,34.661617],[138.785279,34.661484],[138.785354,34.661351],[138.785529,34.661234],[138.785804,34.660901],[138.785804,34.660859],[138.785992,34.660634],[138.786267,34.660609],[138.786542,34.660684],[138.787217,34.660576],[138.787367,34.660143],[138.787617,34.660076],[138.787829,34.659993],[138.788367,34.660176],[138.788679,34.660134],[138.789004,34.659951],[138.789354,34.659726],[138.789654,34.659893],[138.790229,34.659485],[138.790679,34.65981],[138.790929,34.660035],[138.789616,34.661043],[138.789841,34.661134],[138.789966,34.661359],[138.790166,34.661359],[138.790441,34.661268],[138.790516,34.661384],[138.790616,34.661701],[138.790816,34.661751],[138.790891,34.661859],[138.791441,34.662043],[138.791716,34.661909],[138.791766,34.661909],[138.791916,34.662093],[138.792016,34.662343],[138.791916,34.662434],[138.791579,34.662543],[138.791404,34.662651],[138.791379,34.662834],[138.791629,34.663059],[138.791804,34.663176],[138.791829,34.663243],[138.791779,34.663443],[138.791254,34.663401],[138.791004,34.663484],[138.790866,34.663693],[138.790841,34.663984],[138.790766,34.664118],[138.790716,34.664568],[138.790454,34.665017],[138.790279,34.664951],[138.790079,34.664926],[138.789829,34.665101],[138.789779,34.665167],[138.789604,34.665301],[138.789529,34.665442],[138.789779,34.665509],[138.789829,34.665484],[138.789929,34.665351],[138.790054,34.665309],[138.790179,34.665417],[138.790179,34.665467],[138.790029,34.665559],[138.789954,34.665709],[138.789754,34.665776],[138.789641,34.665892],[138.789341,34.666026],[138.789141,34.666159],[138.788991,34.666359],[138.788991,34.666492],[138.788941,34.666634],[138.788941,34.666859],[138.789266,34.666884],[138.789491,34.666792],[138.789766,34.666526],[138.789991,34.666459],[138.790266,34.666551],[138.790441,34.666642],[138.790341,34.666817],[138.790341,34.667001],[138.790416,34.667159],[138.790391,34.667201],[138.790454,34.667476],[138.790254,34.667701],[138.790179,34.667884],[138.789904,34.667834],[138.789704,34.66785],[138.789504,34.667942],[138.789429,34.668234],[138.789504,34.668325],[138.789704,34.668325],[138.790004,34.668217],[138.790079,34.668492],[138.790054,34.668692],[138.789891,34.668759],[138.789666,34.668709],[138.789566,34.668842],[138.789491,34.668867],[138.789416,34.668959],[138.789491,34.669184],[138.789491,34.669275],[138.789166,34.66945],[138.788329,34.669759],[138.787679,34.669867],[138.786754,34.669842],[138.785679,34.669475],[138.785454,34.669358],[138.785804,34.668975],[138.785579,34.668842],[138.785642,34.668684],[138.785517,34.668525],[138.785492,34.667959],[138.785442,34.667775],[138.785242,34.667617],[138.785092,34.667667],[138.785017,34.667775],[138.784742,34.667975],[138.784792,34.66775],[138.784692,34.667684],[138.784492,34.667725],[138.784242,34.66775],[138.784167,34.667842],[138.783792,34.667883],[138.783742,34.667833],[138.783867,34.667658],[138.784705,34.667184],[138.784755,34.666959],[138.78448,34.667009],[138.784305,34.666959],[138.784155,34.66705],[138.783842,34.667092],[138.783742,34.6672],[138.783542,34.6672],[138.783467,34.667292],[138.783392,34.667317],[138.783242,34.667467],[138.783017,34.667558],[138.783067,34.667242],[138.783092,34.667083],[138.783417,34.666933],[138.783467,34.666884],[138.783605,34.666842],[138.783755,34.666525],[138.783755,34.66635],[138.783555,34.6663],[138.783405,34.666275],[138.783255,34.666342],[138.783178,34.666234],[138.783205,34.666234],[138.78328,34.666092],[138.78318,34.666],[138.78318,34.665892],[138.783055,34.665842],[138.78298,34.665842],[138.782855,34.665959],[138.782705,34.666],[138.782655,34.666067],[138.782655,34.6662],[138.78263,34.666342],[138.782655,34.666475],[138.78263,34.666517],[138.782317,34.666675],[138.782192,34.666542],[138.781792,34.666533],[138.781705,34.666375],[138.78168,34.666108],[138.78153,34.666083],[138.781405,34.666017],[138.781205,34.666017],[138.781155,34.666033],[138.781055,34.666192],[138.780817,34.666217],[138.780592,34.666283],[138.780517,34.666508],[138.780417,34.666658],[138.780417,34.666817],[138.780342,34.666933],[138.780292,34.667133],[138.780117,34.66725],[138.78013,34.667425],[138.779855,34.667766],[138.779555,34.667825],[138.779205,34.667575],[138.779005,34.667483],[138.778905,34.667375],[138.778655,34.667283],[138.77858,34.6673],[138.77828,34.667166],[138.77818,34.667008],[138.778005,34.667008],[138.77798,34.66705],[138.777805,34.667075],[138.77763,34.667208],[138.77748,34.667291],[138.777305,34.667499],[138.77728,34.667699],[138.777168,34.667858],[138.777543,34.668083],[138.777393,34.668358],[138.777243,34.668374],[138.777068,34.668349],[138.776968,34.668466],[138.776893,34.668716],[138.776993,34.668916],[138.776918,34.669049],[138.77703,34.669233],[138.777005,34.669391],[138.777105,34.669574],[138.777205,34.669974],[138.77723,34.670666],[138.777118,34.670907],[138.77713,34.671082],[138.777418,34.670941],[138.777555,34.671066],[138.777943,34.671566],[138.777868,34.671799],[138.777605,34.671991],[138.777493,34.672249],[138.777817,34.672674],[138.777855,34.672974],[138.777742,34.673166],[138.777542,34.673332],[138.777255,34.673474],[138.777068,34.673507],[138.77708,34.673691],[138.777043,34.673857],[138.77688,34.673882],[138.776843,34.674007],[138.776967,34.67449],[138.777267,34.675232],[138.777105,34.675524],[138.776405,34.676065],[138.776068,34.676448],[138.775255,34.67724],[138.774668,34.677673],[138.774043,34.678023],[138.773455,34.678306],[138.77213,34.678831],[138.771705,34.679214],[138.771155,34.679781],[138.770743,34.680322],[138.769843,34.681347],[138.769405,34.681555],[138.76888,34.681514],[138.768443,34.681305],[138.76813,34.68103],[138.767643,34.680997],[138.766905,34.68033],[138.766555,34.680147],[138.766255,34.680413],[138.766118,34.680755],[138.766218,34.681555],[138.76638,34.682813],[138.76653,34.683255],[138.766743,34.683271],[138.76683,34.683371],[138.766955,34.683813],[138.767018,34.68423],[138.766955,34.684638],[138.76678,34.684996],[138.766468,34.685321],[138.766005,34.685721],[138.76508,34.686171],[138.762755,34.687562],[138.76133,34.688245],[138.760142,34.688895],[138.759605,34.689311],[138.758655,34.690144],[138.75788,34.690611],[138.757417,34.691035],[138.756992,34.691344],[138.756655,34.691535],[138.75623,34.691527],[138.75608,34.691493],[138.75568,34.691227],[138.754542,34.690643],[138.754267,34.690677],[138.75373,34.690593],[138.753217,34.690427],[138.752742,34.69016],[138.752392,34.690052],[138.751942,34.689976],[138.751267,34.689985],[138.750743,34.689943],[138.750305,34.689835],[138.750018,34.689701],[138.74948,34.68951],[138.748743,34.689509],[138.748268,34.689376],[138.747943,34.689168],[138.74768,34.688934],[138.74733,34.688801],[138.746891,34.688565],[138.746293,34.688301],[138.745968,34.688068],[138.745743,34.687976],[138.745668,34.688001],[138.745493,34.688018],[138.744943,34.687701],[138.744468,34.687676],[138.743743,34.687809],[138.743368,34.687709],[138.742868,34.687618],[138.742668,34.687351],[138.742493,34.687343],[138.742476,34.687354],[138.742256,34.687709],[138.742281,34.687884],[138.742206,34.688176],[138.741981,34.688309],[138.741406,34.688484],[138.741281,34.688642],[138.741218,34.688801],[138.741093,34.688984],[138.740968,34.689001],[138.740818,34.689092],[138.740643,34.689317],[138.740368,34.689542],[138.74013,34.690167],[138.740055,34.690217],[138.73973,34.690059],[138.739306,34.69005],[138.739231,34.690075],[138.739155,34.690184],[138.739255,34.690792],[138.739155,34.691042],[138.73928,34.691108],[138.739455,34.691183],[138.739655,34.691133],[138.739855,34.691208],[138.739943,34.691408],[138.740118,34.691542],[138.740468,34.6915],[138.740643,34.691658],[138.740818,34.691775],[138.741068,34.6918],[138.741468,34.691942],[138.741668,34.692167],[138.741718,34.69255],[138.741868,34.692733],[138.742018,34.692867],[138.742043,34.69305],[138.742168,34.693075],[138.742393,34.692892],[138.742443,34.692942],[138.742543,34.692917],[138.742643,34.692825],[138.742793,34.692808],[138.742893,34.692942],[138.742768,34.6933],[138.742843,34.693367],[138.743192,34.693483],[138.743342,34.6936],[138.74338,34.693775],[138.743305,34.69405],[138.743105,34.694475],[138.742905,34.694675],[138.74268,34.694725],[138.74263,34.694808],[138.74273,34.694883],[138.742567,34.694991],[138.742217,34.695008],[138.742067,34.6951],[138.741917,34.695166],[138.741992,34.694758],[138.741905,34.69465],[138.741792,34.694758],[138.74163,34.694533],[138.741292,34.694775],[138.741117,34.694733],[138.741042,34.694916],[138.741117,34.695141],[138.741092,34.695383],[138.741067,34.695408],[138.740817,34.695408],[138.740667,34.695516],[138.740742,34.695633],[138.740967,34.695674],[138.741217,34.695658],[138.741342,34.695749],[138.741517,34.695708],[138.741717,34.695574],[138.741992,34.695483],[138.742067,34.695599],[138.741892,34.695816],[138.741892,34.695933],[138.742192,34.695999],[138.742342,34.696141],[138.742305,34.696366],[138.742455,34.696324],[138.742567,34.696208],[138.742567,34.696166],[138.742692,34.696049],[138.742817,34.696033],[138.743042,34.696099],[138.743167,34.696391],[138.743005,34.696749],[138.742805,34.697041],[138.74258,34.697291],[138.74218,34.697557],[138.741767,34.698349],[138.742367,34.698774],[138.742892,34.698982],[138.743154,34.69939],[138.743429,34.700048],[138.743279,34.700248],[138.742242,34.701007],[138.741917,34.701048],[138.741842,34.701032],[138.741317,34.700465],[138.740992,34.700298],[138.740742,34.700323],[138.740242,34.700432],[138.740042,34.70054],[138.740067,34.700682],[138.740292,34.700748],[138.740442,34.700882],[138.740692,34.70104],[138.740967,34.70129],[138.740942,34.701382],[138.740817,34.701448],[138.740492,34.701132],[138.740442,34.701157],[138.740454,34.701606],[138.740604,34.701806],[138.741004,34.702081],[138.741079,34.702081],[138.741604,34.702473],[138.741429,34.70274],[138.741017,34.703189],[138.740817,34.703256],[138.740842,34.703589],[138.740792,34.703798],[138.740717,34.703798],[138.740642,34.703839],[138.740542,34.703998],[138.740304,34.704331],[138.740229,34.704556],[138.739854,34.704739],[138.739679,34.705006],[138.739504,34.705114],[138.739479,34.705248],[138.739779,34.705498],[138.740017,34.705639],[138.740092,34.705864],[138.739992,34.706023],[138.739767,34.705881],[138.739517,34.705656],[138.739342,34.705589],[138.739242,34.705681],[138.739317,34.705814],[138.739817,34.706131],[138.739967,34.706339],[138.740117,34.706606],[138.740242,34.706748],[138.740367,34.706789],[138.740442,34.706931],[138.740329,34.707156],[138.740154,34.707106],[138.740129,34.707172],[138.740279,34.707356],[138.740354,34.707464],[138.740404,34.707464],[138.740479,34.707581],[138.740429,34.707831],[138.740529,34.707856],[138.740629,34.707939],[138.740604,34.708464],[138.740492,34.708622],[138.740492,34.708781],[138.740567,34.708797],[138.740717,34.708731],[138.740817,34.708847],[138.740917,34.709139],[138.741441,34.710272],[138.741529,34.710589],[138.741554,34.710855],[138.741454,34.711105],[138.741554,34.711239],[138.741479,34.711397],[138.741704,34.71163],[138.741729,34.711714],[138.741641,34.71208],[138.741666,34.712189],[138.741766,34.712214],[138.741916,34.712414],[138.742091,34.712714],[138.742166,34.713272],[138.742104,34.714289],[138.742029,34.714405],[138.742029,34.714514],[138.742104,34.71458],[138.741866,34.714872],[138.741991,34.715147],[138.742216,34.71533],[138.742516,34.715463],[138.742541,34.715872],[138.742441,34.716055],[138.742591,34.716188],[138.742629,34.716372],[138.742754,34.71653],[138.743104,34.717322],[138.743129,34.717747],[138.743041,34.718105],[138.742866,34.718422],[138.742229,34.719188],[138.742179,34.719388],[138.742279,34.719638],[138.742503,34.719955],[138.742728,34.720405],[138.742866,34.721063],[138.742866,34.721513],[138.742791,34.721871],[138.742578,34.722188],[138.742353,34.722296],[138.742128,34.722271],[138.741953,34.722388],[138.741778,34.722588],[138.741778,34.722771],[138.741903,34.72288],[138.742053,34.722838],[138.742103,34.722863],[138.742028,34.723021],[138.741903,34.723104],[138.741866,34.723313],[138.741891,34.723313],[138.741978,34.723246],[138.741953,34.723113],[138.742078,34.723154],[138.742128,34.723263],[138.742341,34.723429],[138.742341,34.723563],[138.742166,34.723921],[138.741766,34.724163],[138.741341,34.724204],[138.740791,34.724296],[138.740516,34.724221],[138.740466,34.724179],[138.740316,34.723863],[138.740166,34.723704],[138.739791,34.723563],[138.739791,34.723863],[138.739866,34.724021],[138.739991,34.724104],[138.740166,34.724179],[138.740216,34.724154],[138.740366,34.724288],[138.740254,34.724446],[138.740154,34.724629],[138.739954,34.724646],[138.739629,34.724579],[138.739429,34.724604],[138.739279,34.724646],[138.739154,34.724963],[138.739191,34.726338],[138.739316,34.726671],[138.739591,34.726879],[138.740253,34.727129],[138.740616,34.727154],[138.740916,34.727046],[138.741241,34.727004],[138.741566,34.726979],[138.741741,34.727029],[138.741841,34.727121],[138.741791,34.727388],[138.741828,34.727687],[138.741953,34.727862],[138.741928,34.728004],[138.741728,34.728271],[138.741678,34.728379],[138.742128,34.728496],[138.742528,34.728504],[138.742528,34.728387],[138.742453,34.728187],[138.742553,34.727979],[138.742728,34.727829],[138.742841,34.727554],[138.742866,34.726838],[138.743241,34.726563],[138.743678,34.726438],[138.744153,34.726346],[138.744303,34.726346],[138.744703,34.726463],[138.744878,34.726646],[138.744891,34.726988],[138.745016,34.727863],[138.745141,34.728071],[138.745541,34.728138],[138.745941,34.728054],[138.746365,34.728013],[138.746765,34.727988],[138.746889,34.727969],[138.747165,34.727971],[138.747228,34.728096],[138.74709,34.728363],[138.747078,34.728521],[138.746978,34.728629],[138.746889,34.728653],[138.746815,34.728663],[138.746765,34.728821],[138.746853,34.729004],[138.746853,34.729137],[138.746865,34.729162],[138.746865,34.729171],[138.746889,34.729178],[138.746903,34.729187],[138.746903,34.729204],[138.746889,34.729211],[138.746803,34.729412],[138.746578,34.729571],[138.746403,34.729704],[138.746353,34.729837],[138.746503,34.730087],[138.74644,34.730537],[138.74649,34.730671],[138.74669,34.730762],[138.746765,34.730946],[138.746765,34.731079],[138.746615,34.731262],[138.74654,34.731554],[138.746615,34.731729],[138.746553,34.731821],[138.746528,34.732112],[138.746628,34.732521],[138.746778,34.732746],[138.74664,34.733221],[138.746889,34.733194],[138.74689,34.733196],[138.746889,34.73331],[138.746815,34.733421],[138.746889,34.733444],[138.747103,34.733429],[138.747428,34.733212],[138.747778,34.733204],[138.748353,34.733429],[138.748628,34.733462],[138.74879,34.733454],[138.748903,34.733329],[138.749128,34.733304],[138.749265,34.733421],[138.749415,34.733637],[138.749615,34.733729],[138.74979,34.733862],[138.74994,34.734129],[138.749965,34.734479],[138.74989,34.734862],[138.749728,34.735212],[138.74974,34.735587],[138.74984,34.735837],[138.749665,34.736054],[138.749715,34.73632],[138.749878,34.736304],[138.750303,34.736054],[138.750503,34.736012],[138.75059,34.735954],[138.750778,34.735895],[138.750803,34.735912],[138.751265,34.735779],[138.751428,34.735662],[138.75169,34.735221],[138.751703,34.735062],[138.75184,34.734779],[138.752202,34.734471],[138.75249,34.734362],[138.752765,34.734387],[138.752915,34.734237],[138.753115,34.733921],[138.753715,34.733429],[138.753915,34.733062],[138.75424,34.732837],[138.754602,34.732679],[138.75504,34.732721],[138.75564,34.732896],[138.75604,34.733104],[138.756352,34.733337],[138.756602,34.733704],[138.756627,34.734004],[138.756577,34.734304],[138.756365,34.734554],[138.756227,34.734787],[138.756215,34.734871],[138.75629,34.735054],[138.75654,34.735146],[138.756852,34.735512],[138.757052,34.735862],[138.757102,34.736179],[138.757015,34.736562],[138.756852,34.736829],[138.75659,34.737137],[138.756577,34.737771],[138.75654,34.737904],[138.756352,34.738179],[138.756027,34.738354],[138.755515,34.738387],[138.755302,34.738462],[138.755365,34.738587],[138.755515,34.738604],[138.755702,34.738537],[138.755777,34.738662],[138.755765,34.738704],[138.755415,34.739145],[138.755402,34.739337],[138.755877,34.739729],[138.75609,34.739762],[138.756315,34.739704],[138.756465,34.739762],[138.756665,34.739687],[138.756752,34.73952],[138.75699,34.739412],[138.75704,34.739237],[138.757015,34.739154],[138.757015,34.738804],[138.757165,34.738654],[138.757265,34.738654],[138.757527,34.738754],[138.757752,34.738712],[138.75779,34.738629],[138.757665,34.738187],[138.757702,34.737796],[138.757827,34.737737],[138.758227,34.737679],[138.758715,34.737671],[138.759352,34.737779],[138.760202,34.738171],[138.760564,34.738387],[138.761364,34.739071],[138.761452,34.739296],[138.761352,34.739571],[138.761014,34.739854],[138.760989,34.740071],[138.761052,34.740154],[138.761039,34.740437],[138.760939,34.740746],[138.760752,34.740862],[138.760489,34.741121],[138.760439,34.741412],[138.760527,34.741629],[138.760752,34.741846],[138.760664,34.742021],[138.760527,34.742204],[138.759514,34.742504],[138.759402,34.74267],[138.759077,34.742745],[138.759039,34.742795],[138.758639,34.742895],[138.758389,34.74307],[138.758164,34.74312],[138.757939,34.74322],[138.757839,34.743162],[138.757677,34.743245],[138.757552,34.743554],[138.757489,34.743612],[138.757439,34.743854],[138.75709,34.744254],[138.756952,34.744204],[138.756715,34.744229],[138.756577,34.744145],[138.756427,34.744137],[138.756227,34.744195],[138.755877,34.744095],[138.755927,34.744379],[138.75579,34.744554],[138.75514,34.74497],[138.75474,34.74527],[138.754677,34.745395],[138.754702,34.745612],[138.754615,34.74582],[138.754615,34.746437],[138.75474,34.74657],[138.754952,34.746929],[138.755152,34.746837],[138.755352,34.747112],[138.755552,34.747137],[138.755865,34.747054],[138.756102,34.74712],[138.756314,34.747254],[138.756352,34.747404],[138.756614,34.74752],[138.756664,34.74752],[138.756777,34.747387],[138.756964,34.747262],[138.757039,34.747245],[138.757227,34.747312],[138.757327,34.747312],[138.757427,34.747245],[138.757489,34.74707],[138.757402,34.746962],[138.757464,34.746862],[138.758052,34.746479],[138.758289,34.746129],[138.758452,34.746087],[138.758777,34.746112],[138.758939,34.746212],[138.759002,34.746462],[138.759177,34.746562],[138.759402,34.746537],[138.759564,34.746595],[138.759527,34.746829],[138.759539,34.746987],[138.759389,34.747145],[138.759277,34.74737],[138.759389,34.747587],[138.759352,34.747812],[138.759452,34.747945],[138.759564,34.747912],[138.759827,34.747654],[138.760014,34.747612],[138.760164,34.747762],[138.760552,34.748412],[138.760702,34.748804],[138.760727,34.74902],[138.760639,34.749337],[138.760764,34.749479],[138.760989,34.749479],[138.761164,34.749545],[138.761289,34.749679],[138.761302,34.749962],[138.761364,34.750079],[138.761527,34.749995],[138.761577,34.75002],[138.761689,34.749937],[138.762039,34.750146],[138.762277,34.750237],[138.762564,34.750271],[138.763064,34.750662],[138.763439,34.750812],[138.763614,34.750971],[138.763827,34.751037],[138.764001,34.751137],[138.764301,34.751512],[138.764389,34.751754],[138.764314,34.751979],[138.764076,34.752204],[138.764051,34.752454],[138.764151,34.752496],[138.764264,34.752446],[138.764314,34.752454],[138.764426,34.752579],[138.764564,34.752562],[138.764664,34.752412],[138.764751,34.752371],[138.764851,34.752479],[138.765051,34.752421],[138.765114,34.752379],[138.765164,34.752212],[138.765101,34.751971],[138.765051,34.751479],[138.765176,34.751354],[138.765314,34.751296],[138.765526,34.751129],[138.765839,34.750746],[138.765939,34.750737],[138.766214,34.750846],[138.766589,34.750804],[138.766801,34.750821],[138.766751,34.751238],[138.766951,34.751763],[138.767089,34.751929],[138.767151,34.751946],[138.767089,34.752279],[138.767226,34.752296],[138.767451,34.752246],[138.767676,34.752246],[138.767839,34.752196],[138.767901,34.752154],[138.768014,34.751663],[138.768064,34.751621],[138.768289,34.751654],[138.768651,34.751446],[138.768726,34.751554],[138.768726,34.751646],[138.768626,34.751838],[138.768601,34.752054],[138.768914,34.752471],[138.769114,34.752571],[138.769326,34.752604],[138.769339,34.752654],[138.769076,34.752888],[138.769114,34.752988],[138.769239,34.753038],[138.769451,34.753071],[138.769851,34.753321],[138.769851,34.753404],[138.769989,34.753579],[138.770151,34.753713],[138.770376,34.753763],[138.770539,34.753621],[138.770726,34.753321],[138.770664,34.753263],[138.770851,34.753188],[138.771351,34.753179],[138.771639,34.753271],[138.771964,34.753321],[138.771926,34.753488],[138.772014,34.75383],[138.772151,34.753913],[138.772201,34.753871],[138.772451,34.753488],[138.772614,34.753355],[138.772864,34.753371],[138.773026,34.753555],[138.773163,34.753821],[138.773263,34.753913],[138.773513,34.753871],[138.773651,34.753713],[138.773863,34.753321],[138.773738,34.75328],[138.774413,34.751596],[138.774763,34.751613],[138.775713,34.751797],[138.776576,34.752105],[138.776538,34.752288],[138.776276,34.752255],[138.775626,34.75208],[138.775338,34.752138],[138.775176,34.752313],[138.775063,34.752563],[138.775088,34.752913],[138.774976,34.75308],[138.774876,34.75308],[138.774676,34.753288],[138.774826,34.753321],[138.774438,34.753888],[138.774601,34.754005],[138.774338,34.754096],[138.774251,34.754071],[138.773763,34.754613],[138.774013,34.754746],[138.774363,34.754455],[138.774876,34.754746],[138.775751,34.754363],[138.775838,34.754446],[138.776301,34.755505],[138.776551,34.756588],[138.776576,34.757663],[138.776363,34.757955],[138.776138,34.75798],[138.775813,34.757955],[138.775676,34.75798],[138.775488,34.758113],[138.775413,34.758388],[138.775488,34.758655],[138.775713,34.758905],[138.776063,34.75908],[138.776751,34.759622],[138.777001,34.759913],[138.776863,34.760297],[138.776726,34.760497],[138.776476,34.760696],[138.776126,34.76113],[138.776101,34.761396],[138.776126,34.761596],[138.776076,34.761846],[138.775913,34.76223],[138.775826,34.762563],[138.775751,34.762705],[138.775613,34.763355],[138.775451,34.763488],[138.775426,34.763688],[138.775801,34.764255],[138.776126,34.764563],[138.776326,34.76493],[138.776301,34.765013],[138.775913,34.765238],[138.775613,34.766071],[138.775375,34.766588],[138.774413,34.768054],[138.773438,34.768979],[138.77305,34.769246],[138.772651,34.769429],[138.771963,34.769495],[138.771476,34.769429],[138.771063,34.76932],[138.771151,34.769229],[138.771251,34.76882],[138.771226,34.768687],[138.770976,34.768487],[138.770763,34.76837],[138.770651,34.76837],[138.770438,34.768487],[138.770301,34.768729],[138.770276,34.769095],[138.770163,34.769362],[138.769863,34.76952],[138.769401,34.769479],[138.769151,34.769495],[138.769076,34.769637],[138.769076,34.769862],[138.769151,34.76997],[138.769351,34.770087],[138.769376,34.770304],[138.769151,34.770554],[138.768776,34.770762],[138.768613,34.770778],[138.768201,34.770712],[138.767851,34.770487],[138.767101,34.76977],[138.766726,34.76957],[138.765763,34.769253],[138.765551,34.769278],[138.765326,34.769395],[138.765063,34.769595],[138.764888,34.769528],[138.764701,34.769528],[138.764588,34.769728],[138.764626,34.769978],[138.764351,34.770178],[138.763988,34.770203],[138.763639,34.770137],[138.763451,34.770162],[138.763289,34.770587],[138.763401,34.770695],[138.763476,34.771103],[138.763563,34.771145],[138.763963,34.77117],[138.764138,34.771037],[138.764326,34.770987],[138.764538,34.771103],[138.764788,34.77112],[138.765938,34.771145],[138.766888,34.771503],[138.768063,34.771837],[138.768263,34.77197],[138.768863,34.772578],[138.768963,34.772778],[138.769438,34.773053],[138.770063,34.773295],[138.770313,34.773295],[138.770525,34.773162],[138.770825,34.77307],[138.77105,34.773162],[138.771075,34.77332],[138.770938,34.773853],[138.771013,34.774037],[138.77085,34.773945],[138.7708,34.77397],[138.770125,34.774895],[138.7699,34.775212],[138.770013,34.775437],[138.768838,34.77552],[138.76865,34.775611],[138.76845,34.775836],[138.767663,34.777145],[138.767175,34.77717],[138.7669,34.777145],[138.766875,34.777036],[138.766901,34.77672],[138.767038,34.776628],[138.767638,34.776378],[138.767888,34.776203],[138.768075,34.775978],[138.768488,34.77537],[138.7687,34.775211],[138.769,34.775053],[138.769163,34.774803],[138.769188,34.774603],[138.769,34.774445],[138.768776,34.774378],[138.768538,34.774378],[138.767826,34.77447],[138.767501,34.774445],[138.767363,34.774511],[138.767363,34.774878],[138.767251,34.775236],[138.767251,34.775411],[138.767451,34.77537],[138.767588,34.775461],[138.767476,34.775753],[138.767288,34.775845],[138.766676,34.775728],[138.766488,34.775303],[138.766163,34.775261],[138.766051,34.775345],[138.765863,34.775861],[138.765701,34.775978],[138.765451,34.776045],[138.765376,34.776386],[138.765488,34.776536],[138.765651,34.776653],[138.765626,34.777061],[138.765676,34.777619],[138.765838,34.777936],[138.766275,34.778086],[138.7666,34.778044],[138.76715,34.777844],[138.767475,34.777911],[138.767863,34.778111],[138.768213,34.778361],[138.768438,34.778578],[138.768463,34.778853],[138.76825,34.779344],[138.767975,34.779953],[138.767925,34.780603],[138.767763,34.781078],[138.767788,34.781436],[138.767863,34.781778],[138.767863,34.782019],[138.767813,34.782069],[138.767563,34.782161],[138.767138,34.782244],[138.766963,34.781686],[138.766888,34.781577],[138.766725,34.781061],[138.766388,34.780903],[138.766338,34.780903],[138.76625,34.780994],[138.766288,34.781327],[138.766225,34.781527],[138.76615,34.781669],[138.765825,34.781802],[138.765763,34.781894],[138.7656,34.781802],[138.765438,34.781869],[138.765325,34.782002],[138.765363,34.782202],[138.765525,34.782494],[138.765463,34.782569],[138.765363,34.782611],[138.7653,34.782794],[138.7655,34.783352],[138.7655,34.783486],[138.765275,34.783461],[138.76525,34.783602],[138.765275,34.783869],[138.765413,34.784136],[138.765438,34.784344],[138.765088,34.784252],[138.764925,34.784436],[138.765013,34.784502],[138.765063,34.784502],[138.765225,34.784611],[138.765313,34.784794],[138.76525,34.785035],[138.76515,34.785127],[138.765038,34.785127],[138.764763,34.784994],[138.764675,34.784994],[138.764763,34.78531],[138.764513,34.785335],[138.764438,34.78531],[138.76405,34.785377],[138.763725,34.785352],[138.763313,34.785427],[138.762938,34.785377],[138.762825,34.785444],[138.762738,34.78556],[138.762738,34.785852],[138.762638,34.786102],[138.762438,34.786235],[138.7622,34.78621],[138.762013,34.786302],[138.761838,34.786527],[138.761575,34.786644],[138.761188,34.786727],[138.761025,34.78691],[138.76095,34.787177],[138.761,34.787402],[138.761075,34.787452],[138.761325,34.787469],[138.761813,34.787452],[138.762013,34.787519],[138.762038,34.78776],[138.762125,34.78801],[138.762175,34.788052],[138.762263,34.788277],[138.762088,34.788485],[138.76185,34.788644],[138.761663,34.788619],[138.7613,34.788102],[138.761,34.787994],[138.760813,34.78801],[138.7607,34.788169],[138.760563,34.78826],[138.7607,34.78851],[138.76095,34.78846],[138.761025,34.788527],[138.76105,34.788685],[138.761025,34.788935],[138.761113,34.78911],[138.761363,34.789177],[138.761525,34.789268],[138.76155,34.789493],[138.761388,34.78981],[138.761138,34.790152],[138.760463,34.79076],[138.7601,34.79096],[138.759863,34.791027],[138.759588,34.790777],[138.759038,34.790852],[138.758825,34.790802],[138.758713,34.790893],[138.758625,34.79116],[138.758738,34.791635],[138.7589,34.791968],[138.758963,34.792193],[138.758738,34.792402],[138.758388,34.792535],[138.7582,34.79256],[138.757975,34.792427],[138.757875,34.792402],[138.757788,34.792785],[138.7573,34.793102],[138.757213,34.793102],[138.757025,34.792893],[138.756863,34.792452],[138.756825,34.792227],[138.756663,34.792002],[138.75645,34.79186],[138.756263,34.791935],[138.7561,34.792585],[138.7559,34.792877],[138.755963,34.793102],[138.756175,34.793577],[138.756338,34.79371],[138.756425,34.79371],[138.756813,34.793568],[138.756938,34.793593],[138.75785,34.793952],[138.757988,34.794427],[138.75785,34.794668],[138.757738,34.794743],[138.757488,34.79476],[138.7573,34.794602],[138.757113,34.79476],[138.757088,34.794943],[138.757225,34.795035],[138.757225,34.795235],[138.756925,34.795393],[138.756238,34.79526],[138.755988,34.795352],[138.755638,34.79571],[138.755713,34.795777],[138.755963,34.79571],[138.756238,34.795752],[138.756513,34.795885],[138.756488,34.79611],[138.756588,34.796227],[138.756838,34.796177],[138.757063,34.796268],[138.757225,34.796452],[138.757525,34.796535],[138.7578,34.79676],[138.757687,34.796943],[138.757387,34.796918],[138.757225,34.79701],[138.75725,34.797435],[138.757037,34.797618],[138.756837,34.797868],[138.7567,34.797935],[138.756437,34.79791],[138.756375,34.797802],[138.75635,34.797935],[138.756462,34.79841],[138.756437,34.798677],[138.756375,34.79881],[138.756137,34.798718],[138.755837,34.798568],[138.754963,34.798435],[138.7548,34.798452],[138.7546,34.798543],[138.7545,34.798635],[138.7545,34.798768],[138.754638,34.798885],[138.75455,34.798927],[138.754063,34.798976],[138.753788,34.79906],[138.7536,34.799201],[138.753375,34.799043],[138.7533,34.799018],[138.753213,34.799176],[138.753163,34.79951],[138.753238,34.799735],[138.753438,34.799943],[138.7534,34.800118],[138.752913,34.80001],[138.752588,34.800526],[138.752613,34.800776],[138.752813,34.800885],[138.753112,34.800843],[138.753275,34.801018],[138.753462,34.801018],[138.753575,34.801135],[138.753487,34.801293],[138.75325,34.801443],[138.753187,34.801443],[138.75335,34.801651],[138.753875,34.801735],[138.754037,34.801693],[138.754662,34.80176],[138.754775,34.801943],[138.754825,34.802143],[138.754825,34.802343],[138.754562,34.802435],[138.754287,34.802476],[138.754225,34.802685],[138.754425,34.802951],[138.75505,34.803151],[138.755675,34.803193],[138.755925,34.803351],[138.756575,34.803485],[138.756612,34.803693],[138.756712,34.803693],[138.756912,34.803618],[138.757074,34.803618],[138.757349,34.803693],[138.757399,34.803802],[138.757587,34.803868],[138.757862,34.803602],[138.757724,34.803285],[138.757475,34.80306],[138.75735,34.80286],[138.757375,34.802677],[138.757425,34.802635],[138.75745,34.802385],[138.7571,34.801827],[138.756875,34.80176],[138.7568,34.801577],[138.756825,34.801418],[138.756875,34.801393],[138.757037,34.801485],[138.757287,34.801418],[138.757475,34.80146],[138.757562,34.801643],[138.7577,34.801752],[138.758025,34.801893],[138.758549,34.802043],[138.758762,34.802335],[138.758812,34.80236],[138.758899,34.802293],[138.759087,34.801302],[138.759612,34.801168],[138.759687,34.800877],[138.75985,34.800852],[138.759962,34.80101],[138.759874,34.80126],[138.759962,34.801418],[138.759962,34.801685],[138.760049,34.80211],[138.760124,34.802227],[138.760287,34.802335],[138.760487,34.80236],[138.760649,34.80231],[138.760887,34.802468],[138.761024,34.802443],[138.761137,34.801885],[138.761274,34.801702],[138.761574,34.801635],[138.761874,34.80161],[138.762099,34.801977],[138.762424,34.802243],[138.762612,34.802352],[138.762724,34.802627],[138.762724,34.80276],[138.762612,34.802935],[138.762587,34.804427],[138.760712,34.80526],[138.761012,34.805418],[138.761087,34.805685],[138.761249,34.805793],[138.761686,34.805927],[138.762461,34.806268],[138.762836,34.806652],[138.763086,34.806802],[138.763249,34.806827],[138.763499,34.806693],[138.763736,34.806735],[138.763911,34.80701],[138.764174,34.80721],[138.764699,34.807385],[138.765136,34.807477],[138.765486,34.80761],[138.765761,34.807793],[138.765986,34.808218],[138.766036,34.808577],[138.765936,34.809052],[138.765798,34.809277],[138.765336,34.80961],[138.764811,34.80966],[138.764698,34.80986],[138.764573,34.809977],[138.764098,34.809727],[138.763961,34.809818],[138.763798,34.810218],[138.764073,34.81056],[138.764236,34.810602],[138.764436,34.81076],[138.764898,34.811052],[138.764923,34.811368],[138.764848,34.811685],[138.764548,34.81211],[138.764298,34.81231],[138.764136,34.812293],[138.763811,34.811843],[138.763648,34.811793],[138.763473,34.811977],[138.763398,34.812268],[138.763398,34.812652],[138.763286,34.812918],[138.763148,34.812985],[138.762986,34.812835],[138.762936,34.812677],[138.762748,34.812627],[138.762448,34.812652],[138.762361,34.812768],[138.762311,34.812968],[138.762148,34.813077],[138.761973,34.813102],[138.761598,34.81286],[138.761373,34.812585],[138.761573,34.812427],[138.761511,34.812002],[138.761298,34.811843],[138.760861,34.811752],[138.760724,34.811893],[138.760499,34.81241],[138.760286,34.81261],[138.760061,34.812568],[138.759824,34.812052],[138.759661,34.81196],[138.759461,34.81196],[138.759299,34.811852],[138.759049,34.81151],[138.758724,34.811577],[138.758399,34.811443],[138.758174,34.811402],[138.758074,34.811468],[138.757986,34.811668],[138.758099,34.812318],[138.758024,34.812635],[138.757799,34.812793],[138.757499,34.812818],[138.757286,34.812752],[138.757199,34.812685],[138.757086,34.812393],[138.757061,34.812102],[138.756924,34.811918],[138.756674,34.811743],[138.756436,34.811627],[138.756099,34.811677],[138.755749,34.811985],[138.755611,34.812418],[138.755174,34.812868],[138.755011,34.81311],[138.754874,34.813543],[138.754686,34.813635],[138.754387,34.81361],[138.754224,34.813452],[138.753974,34.813426],[138.753737,34.813726],[138.753649,34.814101],[138.753574,34.814285],[138.753249,34.81451],[138.753249,34.814693],[138.753349,34.814826],[138.753462,34.815093],[138.753462,34.815368],[138.753387,34.81561],[138.753249,34.815835],[138.752974,34.815976],[138.752837,34.816151],[138.752837,34.816335],[138.752349,34.817035],[138.752287,34.81721],[138.752324,34.817435],[138.752299,34.817526],[138.751887,34.817951],[138.751799,34.818293],[138.751799,34.818518],[138.751749,34.819168],[138.751774,34.819326],[138.751674,34.820001],[138.751586,34.820176],[138.751424,34.820401],[138.751287,34.820701],[138.751374,34.820876],[138.751561,34.82101],[138.751586,34.821218],[138.751449,34.82171],[138.751562,34.821818],[138.751724,34.821776],[138.752136,34.822001],[138.752524,34.822543],[138.752474,34.822851],[138.752524,34.823368],[138.752636,34.823818],[138.752774,34.824201],[138.752986,34.824493],[138.753324,34.824768],[138.753699,34.824985],[138.754024,34.82526],[138.754336,34.825568],[138.754799,34.82586],[138.755449,34.826151],[138.756086,34.826351],[138.756386,34.826693],[138.756461,34.826718],[138.756761,34.826643],[138.757861,34.826776],[138.758373,34.826893],[138.758873,34.827093],[138.759223,34.82741],[138.759798,34.827993],[138.759961,34.828326],[138.759986,34.828685],[138.759936,34.82896],[138.760098,34.82916],[138.760598,34.829518],[138.760673,34.829518],[138.760973,34.829384],[138.761248,34.829334],[138.761361,34.82916],[138.761548,34.828951],[138.761936,34.828818],[138.762723,34.828476],[138.763186,34.828343],[138.763648,34.828276],[138.764085,34.828301],[138.76556,34.828543],[138.765723,34.828451],[138.765673,34.828276],[138.76531,34.828135],[138.764635,34.828001],[138.764385,34.827801],[138.764198,34.827443],[138.764085,34.827351],[138.763598,34.827418],[138.763185,34.827651],[138.763023,34.827851],[138.762773,34.827918],[138.762561,34.827876],[138.762448,34.827668],[138.762448,34.827376],[138.762361,34.82711],[138.762123,34.82691],[138.762011,34.826885],[138.761811,34.82666],[138.761986,34.826501],[138.762036,34.826326],[138.761923,34.826051],[138.761648,34.825718],[138.761836,34.825468],[138.762273,34.825401],[138.762685,34.825493],[138.76301,34.825668],[138.76326,34.825868],[138.76351,34.825985],[138.763673,34.825918],[138.764023,34.825576],[138.764135,34.825668],[138.76441,34.825551],[138.76446,34.82531],[138.764248,34.824701],[138.764348,34.824543],[138.764598,34.82441],[138.764898,34.824451],[138.765173,34.824543],[138.765385,34.824518],[138.765635,34.824385],[138.765798,34.824226],[138.765885,34.824201],[138.76596,34.823643],[138.766048,34.823593],[138.766185,34.82371],[138.766373,34.823643],[138.766398,34.823351],[138.76661,34.822901],[138.766473,34.822243],[138.766535,34.821885],[138.766698,34.82171],[138.766935,34.821618],[138.76716,34.821727],[138.767273,34.82191],[138.767485,34.822135],[138.767548,34.822335],[138.76776,34.822535],[138.767873,34.822493],[138.768473,34.822351],[138.76861,34.822443],[138.76886,34.822785],[138.768885,34.82301],[138.768748,34.82316],[138.768148,34.823435],[138.767923,34.823751],[138.767135,34.824968],[138.767035,34.82526],[138.767085,34.825368],[138.767035,34.825485],[138.766785,34.826468],[138.766873,34.826585],[138.766785,34.827235],[138.76681,34.827485],[138.767248,34.827801],[138.76736,34.827976],[138.76731,34.828584],[138.76731,34.828876],[138.767398,34.829259],[138.767723,34.830068],[138.767698,34.830334],[138.767535,34.830559],[138.767035,34.830768],[138.765785,34.831084],[138.764448,34.831218],[138.764098,34.831376],[138.763736,34.831651],[138.763248,34.832343],[138.762998,34.833001],[138.762973,34.833426],[138.762761,34.834459],[138.762386,34.835476],[138.762111,34.835967],[138.761861,34.836309],[138.761736,34.836651],[138.761211,34.837917],[138.760986,34.83895],[138.761049,34.839359],[138.761074,34.839584],[138.761011,34.839859],[138.761036,34.840175],[138.760924,34.8404],[138.760511,34.840825],[138.760486,34.840892],[138.760349,34.841009],[138.760186,34.841075],[138.759724,34.841092],[138.759699,34.841342],[138.759774,34.841409],[138.760324,34.841367],[138.760486,34.841417],[138.760574,34.841525],[138.760599,34.841959],[138.760786,34.842092],[138.760836,34.842184],[138.760699,34.842292],[138.760586,34.842292],[138.760461,34.84225],[138.760099,34.842275],[138.759961,34.842342],[138.759986,34.842475],[138.760011,34.842567],[138.759824,34.842742],[138.759799,34.842859],[138.759824,34.84295],[138.760174,34.842975],[138.760399,34.842925],[138.760536,34.843267],[138.760699,34.843583],[138.760861,34.843783],[138.761049,34.843875],[138.761186,34.8439],[138.761324,34.843808],[138.761511,34.843792],[138.761786,34.8435],[138.761924,34.8435],[138.762949,34.843209],[138.763899,34.843009],[138.764336,34.842984],[138.764786,34.843059],[138.765161,34.843167],[138.765523,34.843325],[138.765898,34.843759],[138.766248,34.84405],[138.766386,34.844284],[138.766448,34.844575],[138.766448,34.844842],[138.765974,34.8457],[138.765674,34.845908],[138.765649,34.846083],[138.765374,34.846375],[138.765261,34.846442],[138.765199,34.846442],[138.765036,34.846667],[138.765011,34.846758],[138.764761,34.846717],[138.764711,34.846783],[138.764924,34.846967],[138.765036,34.847008],[138.765336,34.846967],[138.765561,34.84685],[138.765536,34.846692],[138.765861,34.846742],[138.766249,34.846558],[138.766461,34.846542],[138.766661,34.846567],[138.767223,34.846975],[138.767148,34.8472],[138.767173,34.847308],[138.767386,34.847308],[138.767473,34.847375],[138.767473,34.847492],[138.767523,34.847583],[138.767773,34.847625],[138.767723,34.847808],[138.767773,34.8479],[138.767823,34.847925],[138.767848,34.848017],[138.767936,34.848058],[138.768098,34.848083],[138.768398,34.847925],[138.768486,34.847967],[138.768423,34.848058],[138.768423,34.84815],[138.768486,34.848192],[138.768561,34.848192],[138.768698,34.848125],[138.768898,34.848217],[138.769086,34.848133],[138.769198,34.847975],[138.769248,34.847633],[138.769148,34.847517],[138.769311,34.847383],[138.769836,34.846775],[138.769498,34.846367],[138.769636,34.8463],[138.769911,34.846642],[138.770711,34.846642],[138.770923,34.846692],[138.771773,34.847059],[138.771911,34.846834],[138.772411,34.84715],[138.772298,34.847309],[138.772736,34.847575],[138.773223,34.847967],[138.773361,34.848142],[138.773198,34.848259],[138.773461,34.848983],[138.773686,34.849158],[138.774498,34.849617],[138.774636,34.849775],[138.774773,34.850025],[138.774973,34.850225],[138.775098,34.850858],[138.775186,34.8519],[138.775261,34.852258],[138.775398,34.852558],[138.776136,34.853375],[138.776273,34.8538],[138.776261,34.854167],[138.776148,34.854842],[138.775686,34.855858],[138.775323,34.856375],[138.774936,34.856508],[138.774836,34.856575],[138.774311,34.857141],[138.774198,34.857208],[138.773811,34.857291],[138.772936,34.8574],[138.772611,34.857516],[138.772311,34.857583],[138.771486,34.8576],[138.771074,34.857716],[138.770861,34.857641],[138.770611,34.857691],[138.770499,34.857758],[138.770311,34.857799],[138.769924,34.858091],[138.769561,34.858316],[138.769149,34.858433],[138.768611,34.858266],[138.768174,34.858041],[138.767649,34.857999],[138.767512,34.857991],[138.767599,34.857791],[138.767536,34.857683],[138.767374,34.857674],[138.767324,34.857724],[138.767212,34.858174],[138.767074,34.858558],[138.767012,34.858583],[138.766737,34.859099],[138.766524,34.859366],[138.766487,34.859457],[138.766512,34.859932],[138.766462,34.860091],[138.766512,34.860657],[138.766424,34.861041],[138.766512,34.861224],[138.766462,34.861424],[138.766449,34.861607],[138.766312,34.861874],[138.766124,34.862099],[138.765799,34.862307],[138.765274,34.862416],[138.764374,34.862365],[138.764174,34.86239],[138.76385,34.862365],[138.76355,34.862224],[138.763437,34.862024],[138.763162,34.862065],[138.762787,34.861591],[138.762587,34.861482],[138.76215,34.861116],[138.76185,34.861049],[138.761687,34.861049],[138.761475,34.860982],[138.76145,34.860932],[138.761312,34.860932],[138.760812,34.861024],[138.760512,34.861024],[138.759937,34.86129],[138.759662,34.861332],[138.759475,34.861424],[138.759437,34.861399],[138.759096,34.861505],[138.758658,34.861546],[138.758487,34.861665],[138.758375,34.861849],[138.758262,34.862257],[138.758037,34.862207],[138.757737,34.862365],[138.7576,34.862499],[138.757487,34.862723],[138.757512,34.862815],[138.757712,34.862907],[138.757787,34.862907],[138.75765,34.86309],[138.757675,34.86334],[138.757875,34.863448],[138.757812,34.863565],[138.757625,34.863673],[138.757488,34.863832],[138.757263,34.86424],[138.757013,34.864257],[138.756913,34.864032],[138.756713,34.864015],[138.756575,34.864082],[138.7565,34.864323],[138.756275,34.864215],[138.756138,34.864232],[138.756,34.86444],[138.755863,34.864415],[138.755838,34.864548],[138.75565,34.86489],[138.755475,34.864982],[138.755313,34.865023],[138.7551,34.865131],[138.754788,34.865381],[138.75485,34.865515],[138.7551,34.86559],[138.75545,34.865615],[138.7555,34.865656],[138.75545,34.86579],[138.755363,34.865856],[138.755225,34.865881],[138.7552,34.86604],[138.755225,34.866065],[138.755175,34.866198],[138.7552,34.866306],[138.75515,34.866331],[138.75495,34.866331],[138.754675,34.866173],[138.754513,34.866173],[138.754513,34.866306],[138.7544,34.86649],[138.754325,34.866806],[138.75435,34.867098],[138.754238,34.867523],[138.753825,34.867931],[138.753688,34.867973],[138.753526,34.867956],[138.752838,34.868223],[138.752888,34.868381],[138.753076,34.868498],[138.753463,34.868406],[138.753738,34.868498],[138.753988,34.868698],[138.754225,34.868656],[138.754588,34.868631],[138.754725,34.868681],[138.754888,34.868789],[138.755138,34.868906],[138.755188,34.868773],[138.755275,34.868681],[138.755388,34.868706],[138.755413,34.868748],[138.755413,34.869223],[138.75565,34.869339],[138.755675,34.869498],[138.7559,34.869539],[138.756313,34.869498],[138.756425,34.869389],[138.756613,34.869364],[138.757163,34.869573],[138.757488,34.869773],[138.757925,34.870139],[138.758138,34.870473],[138.758275,34.870839],[138.75825,34.871489],[138.758,34.872464],[138.758075,34.873822],[138.757875,34.874564],[138.757688,34.874881],[138.757438,34.875147],[138.757026,34.875647],[138.757051,34.875822],[138.757101,34.875914],[138.757101,34.876455],[138.757476,34.87768],[138.757538,34.878197],[138.757338,34.878513],[138.757038,34.879238],[138.756701,34.879863],[138.756451,34.880613],[138.756451,34.880796],[138.756363,34.88113],[138.756388,34.881646],[138.756313,34.881963],[138.756201,34.882646],[138.756088,34.882871],[138.755976,34.883004],[138.755838,34.883071],[138.755788,34.883204],[138.755838,34.883363],[138.756113,34.883438],[138.756213,34.884588],[138.756463,34.885063],[138.756301,34.885154],[138.756263,34.885396],[138.756376,34.885471],[138.756426,34.885579],[138.756601,34.885629],[138.756676,34.885604],[138.757138,34.886129],[138.757463,34.886421],[138.758313,34.886962],[138.758563,34.887187],[138.758726,34.887462],[138.758701,34.887779],[138.758776,34.887871],[138.758888,34.887896],[138.759001,34.887829],[138.759051,34.887671],[138.759326,34.887921],[138.760201,34.888937],[138.761076,34.88977],[138.760988,34.889954],[138.761076,34.89007],[138.761401,34.89002],[138.762551,34.89077],[138.763151,34.891095],[138.763101,34.89127],[138.763451,34.891429],[138.763588,34.891429],[138.763701,34.891387],[138.764238,34.892228],[138.764513,34.892787],[138.765226,34.894236],[138.765988,34.895411],[138.766751,34.89612],[138.767076,34.896345],[138.767488,34.89657],[138.7679,34.896753],[138.768363,34.896894],[138.769163,34.896986],[138.769463,34.896936],[138.769838,34.896828],[138.770175,34.896695],[138.7705,34.896511],[138.771213,34.896045],[138.772238,34.895161],[138.772625,34.895186],[138.773,34.89537],[138.773325,34.895395],[138.7735,34.895236],[138.773875,34.895445],[138.774038,34.895645],[138.774888,34.896011],[138.774813,34.89617],[138.775138,34.896236],[138.775525,34.896353],[138.77645,34.896778],[138.778062,34.897828],[138.778775,34.898394],[138.779812,34.899411],[138.7805,34.899819],[138.7808,34.900119],[138.781612,34.901336],[138.781775,34.901702],[138.781862,34.902377],[138.781799,34.90281],[138.781499,34.903352],[138.781437,34.903735],[138.781462,34.90421],[138.781087,34.904502],[138.781074,34.904635],[138.781324,34.904702],[138.781549,34.904835],[138.781574,34.905518],[138.781624,34.905785],[138.781787,34.905943],[138.782037,34.906035],[138.782362,34.906018],[138.782499,34.905902],[138.782637,34.905518],[138.782774,34.90536],[138.782912,34.90491],[138.782999,34.904777],[138.783137,34.90471],[138.783412,34.904735],[138.783624,34.904827],[138.783762,34.905318],[138.784149,34.905477],[138.785049,34.905818],[138.785461,34.905843],[138.785874,34.906077],[138.786224,34.906168],[138.786424,34.906143],[138.786611,34.906052],[138.786811,34.906027],[138.787049,34.906102],[138.787136,34.906277],[138.787274,34.906327],[138.787324,34.906302],[138.787549,34.906052],[138.787961,34.905627],[138.788286,34.905902],[138.788861,34.906177],[138.789023,34.90651],[138.789248,34.906735],[138.789348,34.906918],[138.789736,34.908093],[138.789923,34.909835],[138.789885,34.910176],[138.789673,34.910418],[138.789611,34.910443],[138.788923,34.911409],[138.788561,34.912318],[138.787436,34.912243],[138.786998,34.912601],[138.787186,34.912759],[138.787523,34.912559],[138.788511,34.912634],[138.788398,34.913084],[138.788336,34.913651],[138.788398,34.913717],[138.788286,34.914076],[138.788286,34.914234],[138.787761,34.914184],[138.787323,34.914092],[138.787273,34.914276],[138.786773,34.914317],[138.786548,34.914409],[138.786386,34.914542],[138.786086,34.915017],[138.785586,34.915442],[138.785473,34.915626],[138.785561,34.915651],[138.785748,34.915626],[138.785811,34.915692],[138.785723,34.915984],[138.785611,34.916284],[138.785148,34.9168],[138.785086,34.917067],[138.785148,34.917184],[138.785386,34.917159],[138.785586,34.917184],[138.785748,34.917159],[138.785836,34.917075],[138.785961,34.917159],[138.786048,34.917275],[138.786048,34.917392],[138.785823,34.917542],[138.785386,34.917609],[138.785198,34.917675],[138.785198,34.917792],[138.785361,34.917925],[138.785411,34.918225],[138.785548,34.918425],[138.785498,34.918608],[138.785523,34.918742],[138.785711,34.919017],[138.785973,34.919975],[138.785823,34.92],[138.785398,34.920267],[138.784461,34.921292],[138.784161,34.921541],[138.783823,34.921716],[138.783249,34.921825],[138.782924,34.922008],[138.782436,34.922408],[138.782136,34.922741],[138.781549,34.923508],[138.781161,34.923908],[138.780424,34.924849],[138.780099,34.925074],[138.779736,34.925233],[138.779099,34.925699],[138.778786,34.926124],[138.777912,34.927182],[138.777812,34.927357],[138.777724,34.928074],[138.777749,34.928507],[138.777612,34.929516],[138.777487,34.929965],[138.777449,34.930799],[138.777387,34.931132],[138.777387,34.931499],[138.777499,34.932215],[138.777274,34.933898],[138.777062,34.934623],[138.776987,34.935048],[138.776837,34.935632],[138.776587,34.936031],[138.776037,34.937065],[138.775949,34.937448],[138.775874,34.938281],[138.775899,34.939114],[138.775924,34.940414],[138.775849,34.940931],[138.775599,34.941673],[138.775324,34.942189],[138.774812,34.943181],[138.774262,34.944164],[138.773649,34.944839],[138.773437,34.944997],[138.771587,34.946447],[138.770987,34.94678],[138.768887,34.948347],[138.767737,34.94908],[138.767587,34.949213],[138.767375,34.94958],[138.767225,34.950005],[138.766787,34.950813],[138.766513,34.951121],[138.766063,34.951863],[138.7659,34.952246],[138.765725,34.952871],[138.765688,34.953388],[138.765713,34.954088],[138.765675,34.954496],[138.765513,34.954987],[138.765425,34.955462],[138.765388,34.956087],[138.76555,34.958112],[138.7653,34.959079],[138.76435,34.96092],[138.763925,34.96157],[138.763338,34.962312],[138.763125,34.962711],[138.7626,34.964895],[138.762438,34.965878],[138.762488,34.967211],[138.762413,34.967661],[138.762175,34.968469],[138.762038,34.969436],[138.762063,34.969902],[138.762175,34.970419],[138.762213,34.970869],[138.762175,34.971302],[138.76225,34.972377],[138.762363,34.973035],[138.762963,34.974293],[138.76325,34.975243],[138.7633,34.975643],[138.763425,34.976052],[138.763838,34.976501],[138.764287,34.97671],[138.764712,34.976826],[138.765162,34.976893],[138.765612,34.97701],[138.766025,34.977168],[138.767012,34.97776],[138.767262,34.977776],[138.767375,34.97771],[138.767475,34.977535],[138.767625,34.977243],[138.76775,34.976951],[138.767775,34.97666],[138.767725,34.97641],[138.767637,34.976277],[138.766375,34.976002],[138.766187,34.975885],[138.7661,34.975702],[138.765925,34.975502],[138.765537,34.975385],[138.765262,34.975452],[138.764875,34.975293],[138.7646,34.975002],[138.7641,34.97401],[138.76405,34.973652],[138.764075,34.97331],[138.764175,34.972927],[138.76445,34.972369],[138.764837,34.972344],[138.764987,34.97226],[138.765262,34.971985],[138.765387,34.971994],[138.7659,34.972152],[138.766225,34.97231],[138.766612,34.972219],[138.766925,34.972019],[138.767325,34.971369],[138.767475,34.971235],[138.768675,34.971219],[138.76955,34.971177],[138.769762,34.971336],[138.770124,34.971336],[138.770387,34.971227],[138.770662,34.970961],[138.770787,34.970761],[138.770762,34.970602],[138.770824,34.970377],[138.771149,34.970127],[138.771187,34.969886],[138.771512,34.969886],[138.771812,34.969977],[138.772837,34.970386],[138.773074,34.970411],[138.773349,34.970319],[138.773774,34.969894],[138.773987,34.969786],[138.774587,34.969536],[138.775012,34.969544],[138.775162,34.969586],[138.775886,34.969902],[138.776299,34.970377],[138.776711,34.970586],[138.776874,34.970452],[138.777074,34.970852],[138.777436,34.970786],[138.777524,34.970944],[138.776836,34.971077],[138.777249,34.972027],[138.777274,34.972344],[138.777024,34.973219],[138.776874,34.97351],[138.776836,34.973752],[138.776986,34.973827],[138.776811,34.974027],[138.776349,34.974293],[138.775774,34.974785],[138.775799,34.97481],[138.776224,34.974852],[138.776374,34.974835],[138.776199,34.975127],[138.775536,34.975168],[138.775524,34.975393],[138.775611,34.975568],[138.775799,34.97571],[138.775861,34.975802],[138.775461,34.976601],[138.775361,34.976918],[138.775324,34.977235],[138.775561,34.977643],[138.775949,34.978068],[138.775774,34.978676],[138.775611,34.978676],[138.775549,34.979218],[138.775286,34.979234],[138.775036,34.979143],[138.774949,34.979193],[138.774949,34.979393],[138.774712,34.979301],[138.774412,34.979276],[138.774437,34.979051],[138.773574,34.97871],[138.773362,34.978893],[138.772999,34.978751],[138.772787,34.978726],[138.772699,34.978776],[138.772149,34.979268],[138.771937,34.979601],[138.771787,34.979934],[138.771574,34.980209],[138.771474,34.980276],[138.771212,34.980384],[138.770299,34.980401],[138.769974,34.980518],[138.769612,34.980826],[138.769125,34.981318],[138.76885,34.981742],[138.768812,34.982467],[138.768987,34.983301],[138.7693,34.984175],[138.770074,34.985375],[138.770674,34.985825],[138.770887,34.985942],[138.771424,34.986325],[138.771665,34.986633],[138.771803,34.987108],[138.771827,34.988341],[138.771874,34.988842],[138.772199,34.989858],[138.772412,34.990291],[138.772499,34.9904],[138.772874,34.991258],[138.772899,34.992358],[138.773012,34.992716],[138.773074,34.993258],[138.773224,34.993666],[138.774136,34.995582],[138.774599,34.99664],[138.774836,34.997115],[138.775174,34.997565],[138.775999,34.998382],[138.777024,34.999265],[138.777473,34.999582],[138.778936,35.000332],[138.779448,35.000715],[138.779748,35.001007],[138.779973,35.001573],[138.779936,35.002581],[138.779848,35.003081],[138.779723,35.003256],[138.779703,35.003449],[138.779573,35.00369],[138.779448,35.004048],[138.779398,35.004389],[138.779411,35.005064],[138.779361,35.005264],[138.779223,35.006689],[138.779073,35.007156],[138.778561,35.008081],[138.778198,35.008931],[138.777898,35.009447],[138.777873,35.009605],[138.777973,35.009722],[138.777836,35.01013],[138.777786,35.010555],[138.777911,35.01103],[138.778048,35.011463],[138.778223,35.012338],[138.778261,35.013063],[138.778136,35.013247],[138.778161,35.013422],[138.778361,35.013538],[138.778636,35.013788],[138.779123,35.014696],[138.779273,35.015121],[138.779298,35.015505],[138.779236,35.015871],[138.779111,35.016246],[138.779085,35.016613],[138.779223,35.016955],[138.779773,35.017496],[138.780098,35.018021],[138.78116,35.018721],[138.78166,35.019088],[138.78301,35.020313],[138.783023,35.020787],[138.782947,35.021712],[138.78296,35.022621],[138.783085,35.023021],[138.783247,35.023796],[138.78331,35.02467],[138.78341,35.02512],[138.783685,35.025737],[138.783985,35.025987],[138.784422,35.026237],[138.785222,35.026854],[138.785522,35.027195],[138.785772,35.027603],[138.786134,35.028937],[138.786372,35.02932],[138.786722,35.029703],[138.787422,35.03032],[138.787797,35.030503],[138.788247,35.030595],[138.788447,35.030595],[138.788872,35.030528],[138.789372,35.030312],[138.789472,35.03022],[138.789559,35.02997],[138.789534,35.029637],[138.789409,35.029337],[138.789159,35.02907],[138.788709,35.028795],[138.788159,35.028612],[138.787959,35.028587],[138.787359,35.028403],[138.787234,35.028312],[138.787022,35.028037],[138.786847,35.027745],[138.786722,35.027378],[138.786547,35.027045],[138.786322,35.02677],[138.786035,35.02652],[138.785835,35.026229],[138.785735,35.025954],[138.78581,35.025662],[138.78606,35.025237],[138.786885,35.023996],[138.787185,35.023754],[138.787634,35.023554],[138.788209,35.023871],[138.788609,35.023579],[138.789059,35.023921],[138.789534,35.024445],[138.789872,35.024745],[138.790197,35.024945],[138.790547,35.02502],[138.790909,35.024954],[138.791259,35.024754],[138.791609,35.024487],[138.791984,35.024262],[138.792184,35.024262],[138.792259,35.024287],[138.792734,35.024354],[138.793859,35.024346],[138.793984,35.024362],[138.794071,35.024296],[138.794171,35.024096],[138.794221,35.023687],[138.794496,35.023604],[138.794971,35.023579],[138.795321,35.023604],[138.796146,35.023862],[138.796696,35.023979],[138.797221,35.023979],[138.797621,35.023921],[138.797908,35.023737],[138.798033,35.023646],[138.798208,35.023271],[138.798133,35.023021],[138.798133,35.022729],[138.798246,35.022546],[138.798521,35.022529],[138.798946,35.022571],[138.799271,35.022421],[138.799421,35.022129],[138.799321,35.021854],[138.799346,35.021588],[138.799533,35.021313],[138.799758,35.021138],[138.800033,35.021163],[138.801333,35.021396],[138.801983,35.021421],[138.802583,35.021363],[138.802883,35.021271],[138.80427,35.020988],[138.804545,35.021171],[138.804645,35.021171],[138.804745,35.021129],[138.80497,35.020746],[138.805945,35.020454],[138.806982,35.020263],[138.807532,35.020263],[138.807582,35.020288],[138.807582,35.020471],[138.808182,35.020496],[138.808207,35.020246],[138.809207,35.020213],[138.81007,35.019588],[138.809945,35.019446],[138.810195,35.019363],[138.810795,35.019271],[138.81072,35.019138],[138.81092,35.019138],[138.810845,35.018913],[138.811582,35.018896],[138.811645,35.018921],[138.811545,35.019213],[138.811695,35.019438],[138.811944,35.019646],[138.812269,35.019846],[138.812394,35.02003],[138.812344,35.020321],[138.812357,35.020596],[138.812882,35.021321],[138.812907,35.021613],[138.813057,35.021971],[138.813244,35.022204],[138.813444,35.022588],[138.813719,35.022838],[138.814119,35.022888],[138.814744,35.022796],[138.815144,35.023121],[138.815319,35.023071],[138.815594,35.022896],[138.815857,35.022563],[138.816107,35.022496],[138.816507,35.022521],[138.816706,35.022704],[138.817169,35.022954],[138.817694,35.023138],[138.818244,35.023254],[138.819456,35.023396],[138.820806,35.023179],[138.820956,35.023229],[138.821181,35.023429],[138.821444,35.023996],[138.821968,35.024246],[138.822343,35.024271],[138.822581,35.024163],[138.822681,35.023688],[138.822881,35.023446],[138.823281,35.023288],[138.823581,35.023205],[138.824443,35.023188],[138.824918,35.023146],[138.825343,35.023013],[138.826218,35.022363],[138.826531,35.022255],[138.826881,35.022296],[138.827593,35.022713],[138.828093,35.023055],[138.828093,35.023121],[138.828293,35.023505],[138.828493,35.023621],[138.828768,35.023621],[138.829068,35.023396],[138.829268,35.023155],[138.82933,35.022788],[138.82973,35.02203],[138.82978,35.02198],[138.82958,35.021872],[138.829693,35.021463],[138.829918,35.021147],[138.830493,35.020705],[138.83058,35.020497],[138.83083,35.020188],[138.831205,35.019963],[138.831605,35.019872],[138.83183,35.01988],[138.831855,35.020038],[138.83238,35.020038],[138.83268,35.019839],[138.833643,35.019755],[138.833868,35.019689],[138.834068,35.019464],[138.834268,35.018789],[138.834318,35.018722],[138.834655,35.01863],[138.83488,35.01868],[138.835093,35.019022],[138.835618,35.019339],[138.835918,35.019339],[138.836118,35.019189],[138.83693,35.017972],[138.837118,35.017839],[138.837392,35.017756],[138.837555,35.018072],[138.838667,35.017872],[138.838642,35.017714],[138.838842,35.017672],[138.838817,35.017514],[138.839167,35.017356],[138.839892,35.017297],[138.840067,35.017322],[138.840492,35.017439],[138.840967,35.017689],[138.841667,35.018256],[138.841942,35.018414],[138.842192,35.018372],[138.842542,35.018239],[138.842692,35.018214],[138.84308,35.017881],[138.843405,35.017006],[138.843305,35.016956],[138.843305,35.016914],[138.843455,35.016981],[138.843967,35.016356],[138.843592,35.016106],[138.843842,35.015631],[138.844055,35.015114],[138.84438,35.015164],[138.84438,35.014889],[138.84473,35.014831],[138.84438,35.01424],[138.845667,35.013973],[138.846067,35.014206],[138.846592,35.014298],[138.847242,35.014323],[138.84743,35.014823],[138.847604,35.015973],[138.847754,35.016131],[138.848204,35.016273],[138.848767,35.016814],[138.849117,35.016981],[138.849517,35.017023],[138.849842,35.017006],[138.850192,35.016848],[138.850679,35.016514],[138.851279,35.016181],[138.852454,35.016348],[138.852854,35.016889],[138.853429,35.017256],[138.853466,35.017956],[138.853716,35.018747],[138.853816,35.018814],[138.854091,35.018931],[138.854516,35.018981],[138.854929,35.019389],[138.855379,35.019706],[138.856054,35.020114],[138.856854,35.020214],[138.857579,35.020514],[138.857754,35.020239],[138.859116,35.019956],[138.860366,35.020056],[138.860341,35.019697],[138.860766,35.019697],[138.861691,35.019931],[138.862891,35.020531],[138.863365,35.020714],[138.86399,35.020697],[138.864415,35.020631],[138.86469,35.020672],[138.86474,35.020697],[138.86464,35.021172],[138.86619,35.021314],[138.86619,35.021206],[138.866515,35.021031],[138.866965,35.021372],[138.86729,35.021464],[138.86774,35.021647],[138.86774,35.021806],[138.868265,35.021806],[138.86904,35.021922],[138.86944,35.021881],[138.869715,35.021731],[138.869677,35.021339],[138.869977,35.021298],[138.869977,35.021164],[138.870702,35.021239],[138.870952,35.021356],[138.871277,35.021714],[138.87144,35.022006],[138.87159,35.022506],[138.871868,35.022815],[138.872202,35.023222],[138.872439,35.023447],[138.872877,35.024039],[138.872964,35.024147],[138.873052,35.024256],[138.873352,35.024547],[138.873439,35.024614],[138.873552,35.024689],[138.873664,35.024739],[138.873814,35.024764],[138.874377,35.024747],[138.874702,35.024722],[138.875102,35.024797],[138.875814,35.024981],[138.876089,35.024964],[138.876214,35.024989],[138.876389,35.025256],[138.876964,35.024981],[138.876926,35.024614],[138.876914,35.024497],[138.876901,35.024356],[138.876889,35.024281],[138.876901,35.024231],[138.876901,35.024172],[138.876914,35.024081],[138.876989,35.023772],[138.877001,35.023747],[138.877076,35.023556],[138.877089,35.023514],[138.877076,35.023456],[138.877101,35.023381],[138.877126,35.023139],[138.877151,35.023023],[138.877226,35.022906],[138.877301,35.022731],[138.877314,35.022673],[138.877326,35.022556],[138.877289,35.022231],[138.877289,35.022039],[138.877326,35.021864],[138.877389,35.021706],[138.877451,35.021531],[138.877601,35.021164],[138.877601,35.020948],[138.877614,35.020781],[138.877639,35.020748],[138.877826,35.020698],[138.878314,35.020348],[138.878614,35.019881],[138.878514,35.019681],[138.878426,35.019581],[138.878789,35.019298],[138.879051,35.019531],[138.879414,35.019848],[138.879589,35.01999],[138.879651,35.020065],[138.879776,35.020156],[138.880101,35.020431],[138.880301,35.020615],[138.880664,35.020856],[138.880826,35.020965],[138.881114,35.02114],[138.881489,35.021331],[138.881626,35.021448],[138.881714,35.021556],[138.881714,35.02164],[138.881651,35.021781],[138.881576,35.021914],[138.881501,35.022073],[138.881476,35.022181],[138.881464,35.022306],[138.881514,35.022789],[138.881539,35.022956],[138.881739,35.023289],[138.882026,35.023723],[138.882113,35.023848],[138.882213,35.023939],[138.882376,35.024056],[138.882488,35.024198],[138.882588,35.024348],[138.882701,35.024631],[138.882788,35.024806],[138.882913,35.025031],[138.883001,35.025147],[138.883088,35.025222],[138.883163,35.025272],[138.883338,35.025389],[138.883488,35.025456],[138.883613,35.025497],[138.883788,35.025497],[138.884151,35.025364],[138.884601,35.025089],[138.884913,35.024873],[138.885213,35.024614],[138.885413,35.024631],[138.886301,35.023939],[138.886313,35.023814],[138.886301,35.023639],[138.886326,35.023514],[138.886413,35.023464],[138.886438,35.023381],[138.886401,35.023198],[138.886301,35.023048],[138.886201,35.02279],[138.886188,35.022648],[138.886163,35.022423],[138.886113,35.022265],[138.886076,35.022215],[138.886276,35.022123],[138.886038,35.021723],[138.885888,35.021765],[138.885776,35.021615],[138.885526,35.021265],[138.885238,35.020715],[138.885201,35.020623],[138.885188,35.020515],[138.885251,35.02029],[138.885676,35.020206],[138.885813,35.020115],[138.885888,35.020023],[138.885926,35.019923],[138.885913,35.019848],[138.885888,35.019732],[138.885863,35.019682],[138.885763,35.019515],[138.885638,35.019423],[138.885576,35.019407],[138.885488,35.019407],[138.885288,35.019398],[138.885226,35.019182],[138.885063,35.018923],[138.885626,35.018557],[138.885813,35.018432],[138.886126,35.018273],[138.886676,35.018457],[138.886938,35.01834],[138.887076,35.01829],[138.887338,35.01819],[138.887363,35.018282],[138.887451,35.018432],[138.887513,35.018573],[138.887651,35.018623],[138.887825,35.018623],[138.887938,35.01864],[138.888013,35.018665],[138.888113,35.018723],[138.88825,35.018798],[138.888338,35.018873],[138.888388,35.018948],[138.888438,35.018973],[138.888488,35.01899],[138.888538,35.018948],[138.888575,35.018848],[138.8886,35.018698],[138.888588,35.018457],[138.8886,35.018307],[138.888675,35.01824],[138.888825,35.018107],[138.889025,35.017982],[138.889213,35.017949],[138.889263,35.01794],[138.889313,35.01744],[138.88965,35.017332],[138.889988,35.017424],[138.890138,35.017299],[138.890288,35.017215],[138.890513,35.017132],[138.891225,35.016982],[138.89415,35.018274],[138.893863,35.018465],[138.894537,35.019207],[138.894562,35.019232],[138.8946,35.019232],[138.894662,35.019232],[138.894675,35.018957],[138.895,35.01909],[138.895387,35.018924],[138.895675,35.018974],[138.895687,35.019032],[138.895737,35.019149],[138.8961,35.019507],[138.89555,35.02004],[138.895587,35.020107],[138.895675,35.020265],[138.89575,35.020324],[138.895937,35.020324],[138.896112,35.02054],[138.896187,35.020615],[138.896687,35.020432],[138.896937,35.020365],[138.897337,35.020974],[138.897337,35.021057],[138.897237,35.021265],[138.897212,35.021548],[138.896875,35.02159],[138.897037,35.022023],[138.897175,35.022323],[138.897412,35.02279],[138.897812,35.023607],[138.89845,35.023407],[138.898562,35.023632],[138.898612,35.023765],[138.898612,35.02389],[138.898637,35.02414],[138.898587,35.024556],[138.898525,35.024923],[138.898412,35.025056],[138.8982,35.024965],[138.8979,35.02524],[138.897862,35.025273],[138.897812,35.025315],[138.89775,35.025348],[138.897612,35.025415],[138.896912,35.025756],[138.896912,35.025965],[138.896787,35.026248],[138.8967,35.02644],[138.896625,35.026481],[138.89645,35.026506],[138.8961,35.026523],[138.895862,35.026548],[138.895312,35.026323],[138.8949,35.026289],[138.894762,35.026089],[138.894237,35.026514],[138.894137,35.026631],[138.89405,35.026756],[138.893937,35.026939],[138.8938,35.027181],[138.893625,35.027414],[138.8935,35.027539],[138.893387,35.027631],[138.893237,35.027748],[138.8932,35.027764],[138.892725,35.028172],[138.893087,35.028214],[138.893037,35.028906],[138.893175,35.028922],[138.893212,35.029022],[138.89325,35.029122],[138.893237,35.029256],[138.893212,35.029289],[138.8931,35.029331],[138.89305,35.029397],[138.89305,35.029472],[138.89305,35.029522],[138.89305,35.029564],[138.893062,35.029622],[138.8931,35.029664],[138.89315,35.029697],[138.893237,35.029722],[138.893262,35.029764],[138.893325,35.029839],[138.893475,35.029981],[138.893575,35.030106],[138.893637,35.030181],[138.893687,35.030247],[138.893725,35.030356],[138.893712,35.030397],[138.893687,35.030514],[138.893637,35.030581],[138.893575,35.030622],[138.8935,35.030672],[138.893375,35.030697],[138.893237,35.030731],[138.893087,35.030756],[138.89275,35.031005],[138.892575,35.031147],[138.892438,35.031255],[138.892388,35.031347],[138.892288,35.031555],[138.892263,35.031655],[138.892213,35.03173],[138.8921,35.031972],[138.892175,35.03208],[138.89225,35.032122],[138.892762,35.03208],[138.89305,35.031922],[138.89345,35.032272],[138.89295,35.03278],[138.892962,35.033364],[138.89345,35.033489],[138.893625,35.033247],[138.8938,35.033247],[138.893825,35.033247],[138.893912,35.033305],[138.8941,35.03343],[138.89425,35.033547],[138.894512,35.033697],[138.894587,35.03378],[138.89465,35.033839],[138.894912,35.034222],[138.894437,35.03443],[138.89465,35.034763],[138.895237,35.034755],[138.896737,35.036463],[138.896937,35.036488],[138.896962,35.036488],[138.89725,35.036938],[138.89745,35.037038],[138.897537,35.037113],[138.8977,35.037447],[138.897737,35.037513],[138.897812,35.03758],[138.897949,35.037622],[138.897999,35.037622],[138.898187,35.03763],[138.898249,35.037622],[138.898349,35.03763],[138.898424,35.037663],[138.898449,35.037688],[138.898474,35.037747],[138.898537,35.037947],[138.898649,35.038072],[138.898862,35.03818],[138.898899,35.038205],[138.898937,35.038263],[138.898962,35.038338],[138.898999,35.038438],[138.899112,35.038871],[138.899137,35.039046],[138.898824,35.039096],[138.898849,35.039321],[138.898837,35.039446],[138.898737,35.039988],[138.898712,35.040105],[138.898724,35.040138],[138.898699,35.040296],[138.898712,35.041621],[138.899024,35.041854],[138.897912,35.043479],[138.898487,35.044013],[138.898637,35.043429],[138.898787,35.043363],[138.898649,35.043204],[138.899587,35.042554],[138.899962,35.042888],[138.900099,35.042796],[138.900274,35.042929],[138.900199,35.043029],[138.900612,35.043796],[138.901199,35.044871],[138.901174,35.045063],[138.901199,35.045138],[138.901849,35.045121],[138.902049,35.045271],[138.903786,35.045413],[138.904186,35.045679],[138.904386,35.045804],[138.904924,35.046129],[138.905161,35.046279],[138.905261,35.046371],[138.905736,35.046829],[138.905899,35.047104],[138.906111,35.047571],[138.906336,35.047937],[138.906561,35.048246],[138.906161,35.048496],[138.905899,35.048404],[138.905749,35.048371],[138.905599,35.048321],[138.905561,35.048337],[138.905524,35.048354],[138.905461,35.048337],[138.905211,35.048254],[138.905024,35.048021],[138.904961,35.047971],[138.904874,35.047929],[138.904711,35.047854],[138.904386,35.047704],[138.904249,35.047621],[138.904061,35.047554],[138.903974,35.047521],[138.903737,35.047487],[138.903637,35.047504],[138.903562,35.047571],[138.903524,35.047687],[138.903549,35.047754],[138.903612,35.047846],[138.903062,35.048371],[138.902562,35.048437],[138.902262,35.048704],[138.902412,35.049512],[138.902587,35.049412],[138.902637,35.04947],[138.902674,35.04957],[138.903187,35.050095],[138.901374,35.050537],[138.901374,35.050604],[138.900762,35.050528],[138.900624,35.050329],[138.900499,35.050195],[138.900349,35.050204],[138.900237,35.050195],[138.900174,35.049812],[138.900174,35.049787],[138.900112,35.049762],[138.900037,35.049762],[138.899912,35.049787],[138.899787,35.049762],[138.899712,35.04972],[138.899612,35.049712],[138.899524,35.049745],[138.899474,35.049845],[138.899449,35.049937],[138.899487,35.049987],[138.899524,35.050012],[138.899762,35.050128],[138.899562,35.050803],[138.898787,35.050895],[138.898237,35.050512],[138.89705,35.05012],[138.896987,35.050278],[138.896762,35.050287],[138.8967,35.050153],[138.896675,35.050145],[138.896425,35.050212],[138.896737,35.051245],[138.896387,35.051295],[138.8962,35.05132],[138.895937,35.05137],[138.895825,35.05142],[138.895762,35.051228],[138.895712,35.05122],[138.8957,35.051211],[138.895525,35.051211],[138.895025,35.051245],[138.894837,35.05117],[138.8947,35.051078],[138.894475,35.050845],[138.894787,35.05067],[138.89485,35.050478],[138.894737,35.050437],[138.894412,35.050337],[138.894062,35.05027],[138.8939,35.050278],[138.893762,35.051428],[138.893263,35.051553],[138.893188,35.051545],[138.8921,35.05152],[138.891938,35.051511],[138.891575,35.051261],[138.891513,35.05117],[138.89135,35.050903],[138.8913,35.050911],[138.891125,35.050986],[138.89075,35.050695],[138.89065,35.050611],[138.890625,35.050503],[138.890613,35.050411],[138.890613,35.050353],[138.890625,35.050295],[138.890713,35.050053],[138.89075,35.04997],[138.890788,35.049903],[138.890825,35.04982],[138.890875,35.049728],[138.890925,35.049653],[138.891063,35.049462],[138.891238,35.049237],[138.891313,35.049087],[138.891338,35.048828],[138.891638,35.048812],[138.891625,35.047962],[138.891025,35.047445],[138.890013,35.046628],[138.887363,35.046687],[138.887226,35.046687],[138.887151,35.046687],[138.887126,35.046537],[138.887101,35.046178],[138.886038,35.046178],[138.886088,35.046495],[138.886113,35.046712],[138.886138,35.046878],[138.886138,35.047137],[138.886038,35.047353],[138.885938,35.047628],[138.885901,35.047778],[138.885838,35.047986],[138.885826,35.048195],[138.885813,35.048503],[138.885826,35.048861],[138.885826,35.04902],[138.885838,35.049203],[138.885863,35.049353],[138.885451,35.049653],[138.885238,35.049836],[138.885101,35.050161],[138.884738,35.050286],[138.884663,35.050361],[138.884588,35.050444],[138.884476,35.050753],[138.884438,35.050861],[138.884413,35.050944],[138.884288,35.051253],[138.884251,35.051261],[138.884013,35.052003],[138.883988,35.052094],[138.884001,35.052153],[138.883988,35.052344],[138.884001,35.052461],[138.884013,35.052511],[138.884013,35.052552],[138.883401,35.054202],[138.883089,35.054944],[138.882889,35.054894],[138.882614,35.055527],[138.882551,35.055619],[138.882414,35.05581],[138.882326,35.055927],[138.881114,35.055402],[138.880751,35.055994],[138.881639,35.056377],[138.881139,35.057252],[138.881051,35.057335],[138.879964,35.058377],[138.880139,35.058568],[138.879951,35.05871],[138.879764,35.058843],[138.879664,35.058927],[138.879301,35.059168],[138.878951,35.059077],[138.878839,35.059301],[138.878227,35.061426],[138.877289,35.061243],[138.877064,35.062118],[138.877389,35.062184],[138.877364,35.062276],[138.877327,35.062376],[138.877302,35.062468],[138.877264,35.062601],[138.877239,35.062718],[138.877214,35.062801],[138.877189,35.062901],[138.877152,35.063001],[138.877139,35.063084],[138.877102,35.063218],[138.877052,35.063376],[138.876989,35.063626],[138.876939,35.063793],[138.876802,35.064134],[138.876752,35.064243],[138.876689,35.064426],[138.876614,35.064592],[138.876514,35.064817],[138.876402,35.065009],[138.876314,35.065192],[138.876239,35.065317],[138.876177,35.065451],[138.876139,35.065551],[138.876039,35.065709],[138.875914,35.065942],[138.875502,35.066617],[138.875152,35.067084],[138.874702,35.06785],[138.874027,35.068642],[138.873352,35.069433],[138.873188,35.069607],[138.911048,35.070842],[138.913987,35.071277],[138.915511,35.072908],[138.915946,35.074649],[138.914086,35.077434],[138.913898,35.077626],[138.913673,35.077867],[138.913623,35.077959],[138.913586,35.078067],[138.913561,35.078109],[138.913473,35.078201],[138.913336,35.078459],[138.913261,35.078609],[138.913186,35.078742],[138.913073,35.078876],[138.913923,35.079167],[138.914436,35.079301],[138.915023,35.079484],[138.915798,35.079792],[138.915948,35.079851],[138.91601,35.079876],[138.916348,35.079984],[138.916598,35.080034],[138.917085,35.080151],[138.91721,35.080176],[138.917498,35.080201],[138.91801,35.080292],[138.918235,35.080359],[138.91841,35.080426],[138.918448,35.080434],[138.918573,35.080484],[138.918773,35.080592],[138.91906,35.080875],[138.919185,35.081084],[138.919223,35.081192],[138.919248,35.081292],[138.919248,35.081392],[138.91921,35.0815],[138.91916,35.081575],[138.91901,35.081775],[138.918873,35.0819],[138.918673,35.082059],[138.918473,35.082159],[138.91826,35.082267],[138.917823,35.082484],[138.91766,35.082592],[138.917348,35.082734],[138.91701,35.08285],[138.916698,35.082975],[138.91596,35.083242],[138.915798,35.083308],[138.915648,35.08335],[138.915473,35.083383],[138.915361,35.083383],[138.915186,35.083383],[138.914998,35.083367],[138.914798,35.083342],[138.914648,35.083317],[138.914548,35.083283],[138.914511,35.08325],[138.914298,35.083175],[138.914073,35.083075],[138.913961,35.083008],[138.913898,35.082983],[138.913798,35.082933],[138.913686,35.082867],[138.913486,35.082767],[138.913261,35.08265],[138.913111,35.082558],[138.913061,35.082533],[138.912948,35.082458],[138.912523,35.082217],[138.912336,35.082092],[138.912173,35.081983],[138.911236,35.081142],[138.911023,35.081017],[138.910898,35.080975],[138.910661,35.080925],[138.910536,35.0809],[138.910486,35.080909],[138.910386,35.080934],[138.910224,35.080984],[138.910074,35.081092],[138.909836,35.081242],[138.909649,35.081333],[138.908849,35.081808],[138.908486,35.082075],[138.908236,35.082292],[138.907799,35.082692],[138.907624,35.082917],[138.907436,35.08315],[138.907349,35.083258],[138.907224,35.083491],[138.907036,35.083825],[138.906874,35.084108],[138.906799,35.084258],[138.906686,35.084533],[138.906186,35.085525],[138.906136,35.0857],[138.906136,35.08575],[138.906149,35.085783],[138.906199,35.085825],[138.906424,35.085941],[138.907074,35.086258],[138.906936,35.086499],[138.906836,35.086624],[138.906749,35.086733],[138.906661,35.086999],[138.906686,35.087091],[138.906936,35.087316],[138.907211,35.087358],[138.907574,35.087291],[138.907736,35.087116],[138.907786,35.086816],[138.907711,35.086733],[138.907474,35.086624],[138.907536,35.086325],[138.907574,35.086225],[138.907549,35.086066],[138.907574,35.085916],[138.907599,35.085825],[138.907636,35.085775],[138.907736,35.08575],[138.907836,35.085791],[138.907936,35.085825],[138.908024,35.085858],[138.908036,35.085891],[138.908011,35.085933],[138.907911,35.086058],[138.907799,35.086283],[138.907799,35.086316],[138.907786,35.086366],[138.907799,35.086408],[138.907961,35.086625],[138.908124,35.08675],[138.908399,35.086816],[138.908586,35.086816],[138.908886,35.08675],[138.909111,35.08675],[138.909574,35.087],[138.909736,35.087225],[138.910048,35.088624],[138.910123,35.088641],[138.911036,35.088708],[138.911223,35.088799],[138.911311,35.088958],[138.911361,35.089208],[138.911498,35.089683],[138.911636,35.089841],[138.911823,35.089924],[138.912073,35.089974],[138.912323,35.090066],[138.912436,35.090149],[138.912461,35.090308],[138.912348,35.090624],[138.912186,35.090916],[138.912161,35.091282],[138.912248,35.091441],[138.912386,35.091507],[138.912523,35.091507],[138.912623,35.091416],[138.912761,35.091141],[138.912898,35.091124],[138.913173,35.091232],[138.913511,35.091524],[138.913536,35.091657],[138.913261,35.092157],[138.913286,35.092316],[138.913423,35.092424],[138.913836,35.092541],[138.91416,35.092541],[138.914848,35.092407],[138.915123,35.092424],[138.915485,35.092649],[138.91576,35.092924],[138.91576,35.093124],[138.915673,35.093191],[138.915535,35.093166],[138.91521,35.092991],[138.915023,35.092941],[138.914798,35.092991],[138.91441,35.093532],[138.913673,35.094141],[138.913648,35.094341],[138.913673,35.094432],[138.913835,35.094615],[138.91471,35.094949],[138.914823,35.095082],[138.914748,35.095199],[138.914335,35.095382],[138.914198,35.09554],[138.91436,35.09574],[138.914523,35.095832],[138.914635,35.095849],[138.91486,35.096057],[138.91486,35.096257],[138.914723,35.096415],[138.91441,35.096457],[138.91411,35.096324],[138.913923,35.096257],[138.913785,35.096282],[138.913723,35.096324],[138.91376,35.096599],[138.91386,35.096757],[138.913998,35.096999],[138.913973,35.097157],[138.91326,35.097815],[138.913185,35.098015],[138.91326,35.09829],[138.913423,35.098515],[138.913735,35.098598],[138.91401,35.098623],[138.914248,35.098715],[138.91441,35.098873],[138.914473,35.099098],[138.914448,35.099232],[138.914385,35.099273],[138.913898,35.099415],[138.91376,35.099548],[138.91301,35.100157],[138.913073,35.100223],[138.913285,35.100315],[138.913535,35.100357],[138.913898,35.100473],[138.914279,35.100699],[138.914285,35.10079],[138.913898,35.100807],[138.91376,35.100857],[138.913535,35.101173],[138.91351,35.101573],[138.913348,35.101715],[138.91326,35.101715],[138.91296,35.101573],[138.912573,35.101507],[138.912498,35.101557],[138.912298,35.101806],[138.912273,35.102048],[138.912298,35.102365],[138.91241,35.102681],[138.912573,35.102998],[138.91241,35.103831],[138.912473,35.104598],[138.912385,35.104848],[138.912198,35.104956],[138.911998,35.104981],[138.911835,35.104956],[138.911723,35.10489],[138.91156,35.104415],[138.911448,35.104281],[138.911035,35.104081],[138.910736,35.104056],[138.910486,35.104081],[138.910298,35.104215],[138.910161,35.104531],[138.910136,35.104756],[138.910211,35.104915],[138.910573,35.105248],[138.910898,35.105456],[138.911148,35.105856],[138.91121,35.106064],[138.911173,35.106156],[138.911073,35.106264],[138.910848,35.106289],[138.910048,35.105998],[138.909661,35.105998],[138.909586,35.106039],[138.909498,35.106173],[138.909536,35.106356],[138.909885,35.106539],[138.90991,35.106739],[138.909748,35.107439],[138.909635,35.107573],[138.90876,35.107956],[138.908623,35.108089],[138.908598,35.108364],[138.909085,35.109131],[138.909148,35.109356],[138.90906,35.109531],[138.908848,35.109581],[138.908535,35.109398],[138.908023,35.108948],[138.907823,35.108856],[138.907686,35.108839],[138.907498,35.108948],[138.907311,35.109173],[138.907173,35.109448],[138.907086,35.109764],[138.906998,35.110439],[138.90711,35.111314],[138.907173,35.111906],[138.906898,35.112397],[138.906648,35.112714],[138.906423,35.112781],[138.905935,35.112781],[138.905598,35.112831],[138.905436,35.112939],[138.905136,35.11393],[138.905085,35.114272],[138.90516,35.114539],[138.905248,35.114655],[138.905323,35.114972],[138.90536,35.11528],[138.905335,35.11598],[138.90516,35.116122],[138.904723,35.11598],[138.904535,35.11598],[138.904448,35.11603],[138.904423,35.116139],[138.90451,35.116389],[138.904648,35.116614],[138.904973,35.116997],[138.904998,35.117247],[138.90506,35.117764],[138.905223,35.118013],[138.905498,35.118213],[138.90596,35.118413],[138.90621,35.118622],[138.906573,35.119163],[138.906535,35.119388],[138.906435,35.11943],[138.906123,35.11943],[138.905685,35.119338],[138.905548,35.11943],[138.905223,35.119947],[138.905198,35.120238],[138.905273,35.120622],[138.905473,35.120922],[138.905298,35.12123],[138.90506,35.121505],[138.904998,35.121755],[138.905035,35.12198],[138.90531,35.122313],[138.905548,35.122446],[138.905798,35.122696],[138.906098,35.123171],[138.906235,35.123488],[138.906435,35.124571],[138.90676,35.125471],[138.907035,35.126596],[138.907647,35.126846],[138.90811,35.126954],[138.908297,35.127113],[138.90891,35.127071],[138.909235,35.127113],[138.909372,35.127221],[138.90951,35.127496],[138.909735,35.128396],[138.909947,35.128712],[138.910884,35.129337],[138.911322,35.129587],[138.911547,35.129796],[138.911547,35.130087],[138.911434,35.131029],[138.911334,35.13247],[138.911247,35.132854],[138.911109,35.13322],[138.910922,35.133579],[138.910722,35.133828],[138.910285,35.134278],[138.910097,35.134595],[138.909847,35.13527],[138.909872,35.13592],[138.909847,35.13617],[138.909522,35.136511],[138.909522,35.136753],[138.909597,35.137028],[138.90971,35.137611],[138.909385,35.138203],[138.908797,35.138969],[138.90866,35.139303],[138.908635,35.140044],[138.908585,35.140294],[138.908422,35.140586],[138.908335,35.140652],[138.908285,35.140794],[138.90836,35.141061],[138.908535,35.141377],[138.908585,35.141669],[138.908697,35.141961],[138.908885,35.142302],[138.90881,35.142619],[138.908635,35.142952],[138.908335,35.143294],[138.90771,35.143835],[138.907235,35.144327],[138.90721,35.144644],[138.907322,35.14496],[138.90751,35.145277],[138.907735,35.145768],[138.90771,35.146218],[138.907185,35.14726],[138.90696,35.147576],[138.90666,35.147843],[138.90586,35.14821],[138.90556,35.14841],[138.905485,35.148543],[138.905398,35.148835],[138.905423,35.149135],[138.90576,35.150576],[138.905735,35.151318],[138.905873,35.151743],[138.90631,35.151951],[138.906748,35.152101],[138.907248,35.152351],[138.90741,35.152534],[138.907385,35.152709],[138.907023,35.153051],[138.906935,35.153234],[138.906998,35.153392],[138.907135,35.153526],[138.907385,35.153659],[138.90746,35.153792],[138.90741,35.154067],[138.907273,35.154384],[138.907323,35.154609],[138.907573,35.154675],[138.907935,35.154692],[138.90821,35.154759],[138.908398,35.155009],[138.908398,35.155284],[138.908285,35.155525],[138.90826,35.155909],[138.908535,35.156092],[138.909285,35.156359],[138.909447,35.1565],[138.909472,35.156675],[138.90931,35.15695],[138.909247,35.157175],[138.909497,35.157283],[138.90961,35.157283],[138.909997,35.157192],[138.910435,35.157017],[138.910685,35.156967],[138.911035,35.157083],[138.912197,35.1585],[138.91316,35.159466],[138.914035,35.159808],[138.914285,35.159983],[138.914585,35.160433],[138.914972,35.160708],[138.915385,35.160908],[138.91571,35.161133],[138.915997,35.161383],[138.916235,35.161716],[138.916347,35.161808],[138.91646,35.162033],[138.916435,35.162374],[138.916547,35.162732],[138.916547,35.163116],[138.916297,35.163499],[138.916235,35.163949],[138.916347,35.164282],[138.91676,35.164757],[138.916872,35.164957],[138.916959,35.165366],[138.917209,35.165524],[138.917672,35.165707],[138.918084,35.165907],[138.918334,35.166241],[138.918609,35.166424],[138.918822,35.166424],[138.919547,35.166265],[138.919984,35.16629],[138.920097,35.166424],[138.919984,35.166899],[138.920097,35.16744],[138.919922,35.16789],[138.920009,35.168024],[138.920259,35.168157],[138.920534,35.168357],[138.920672,35.16854],[138.920721,35.169082],[138.920809,35.16919],[138.921059,35.169282],[138.921546,35.169349],[138.921959,35.169532],[138.922184,35.169949],[138.922284,35.170099],[138.922734,35.170349],[138.922821,35.170507],[138.922909,35.170982],[138.923059,35.17114],[138.923371,35.171232],[138.924021,35.171207],[138.924358,35.171274],[138.924571,35.17139],[138.924708,35.17139],[138.925708,35.171007],[138.926471,35.17059],[138.926708,35.170749],[138.926846,35.170957],[138.927108,35.171107],[138.927383,35.171224],[138.927695,35.171249],[138.928033,35.171157],[138.928308,35.170966],[138.92852,35.170774],[138.92872,35.170682],[138.929133,35.170657],[138.929408,35.170724],[138.929508,35.170782],[138.929545,35.171224],[138.929845,35.171582],[138.930208,35.171766],[138.930858,35.172016],[138.931357,35.172057],[138.932045,35.172307],[138.932395,35.172532],[138.932932,35.172757],[138.933345,35.172891],[138.933832,35.173007],[138.934295,35.173016],[138.935382,35.173032],[138.935807,35.172741],[138.937044,35.172474],[138.937557,35.172149],[138.939182,35.171808],[138.940294,35.17175],[138.940894,35.1718],[138.942094,35.172033],[138.942381,35.172008],[138.943169,35.171733],[138.943643,35.171658],[138.944306,35.171675],[138.944681,35.171766],[138.945081,35.171958],[138.945306,35.171941],[138.945593,35.171733],[138.946156,35.1711],[138.946556,35.171067],[138.947506,35.171208],[138.947868,35.171467],[138.948105,35.171533],[138.948943,35.171417],[138.949393,35.171517],[138.949593,35.171758],[138.949905,35.171942],[138.950593,35.172092],[138.951018,35.172325],[138.951368,35.172625],[138.951518,35.172875],[138.95258,35.1739],[138.952942,35.174058],[138.95403,35.174092],[138.954755,35.174208],[138.95543,35.174442],[138.956579,35.175267],[138.956879,35.175758],[138.957729,35.176516],[138.958017,35.1767],[138.958292,35.176783],[138.959079,35.1767],[138.959417,35.176733],[138.959629,35.176916],[138.959829,35.177325],[138.960091,35.177475],[138.960716,35.177591],[138.960966,35.177725],[138.961079,35.17785],[138.961091,35.177975],[138.960891,35.178491],[138.960954,35.178716],[138.961091,35.178891],[138.961404,35.179075],[138.962004,35.17935],[138.962429,35.17975],[138.962729,35.179866],[138.963304,35.179883],[138.963479,35.179975],[138.964091,35.179975],[138.965353,35.179691],[138.965616,35.1798],[138.965903,35.179991],[138.966741,35.180183],[138.967191,35.180441],[138.967866,35.18055],[138.968041,35.180658],[138.968216,35.180875],[138.968391,35.180933],[138.968628,35.180908],[138.969278,35.180425],[138.969616,35.180391],[138.970216,35.1804],[138.970453,35.180233],[138.970691,35.18015],[138.971428,35.180108],[138.972203,35.180216],[138.972915,35.179958],[138.973403,35.179925],[138.973815,35.180017],[138.974528,35.180292],[138.97559,35.180333],[138.97589,35.180517],[138.976178,35.1805],[138.976615,35.180317],[138.97699,35.180275],[138.977303,35.180333],[138.978115,35.180833],[138.979777,35.181133],[138.980077,35.181292],[138.980315,35.181292],[138.980915,35.1811],[138.98189,35.181275],[138.983527,35.180967],[138.984327,35.18105],[138.984702,35.181158],[138.985202,35.181408],[138.985477,35.18175],[138.985564,35.1819],[138.985839,35.1822],[138.986702,35.1826],[138.987114,35.182858],[138.987627,35.183233],[138.987927,35.183533],[138.987989,35.183775],[138.988064,35.183841],[138.988614,35.184066],[138.989164,35.184158],[138.989739,35.184183],[138.990277,35.184316],[138.990464,35.184425],[138.990827,35.184725],[138.991451,35.1854],[138.991864,35.185666],[138.992301,35.18585],[138.993076,35.186008],[138.993951,35.186308],[138.994476,35.186525],[138.995189,35.186925],[138.995851,35.187516],[138.996862,35.188187],[138.997551,35.188658],[138.997876,35.188791],[138.998226,35.188816],[138.998701,35.189016],[138.999101,35.189308],[138.999413,35.189449],[138.999763,35.189533],[139.000176,35.189533],[139.000726,35.189466],[139.001263,35.189641],[139.001426,35.189733],[139.001488,35.189799],[139.001563,35.189824]]],"type":"Polygon"}}]}