{"features":[{"type":"Feature","properties":{"number":15,"name":"下総","id_url":"K19.html","yomi":"しもうさ","pref":"千葉県,茨城県","id":"K19"},"geometry":{"type":"Polygon","coordinates":[[[139.902993,36.298665],[139.902956,36.298373],[139.902981,36.298256],[139.902931,36.297806],[139.902806,36.297831],[139.901843,36.297831],[139.901806,36.296598],[139.901543,36.296598],[139.901281,36.296615],[139.900543,36.296615],[139.900518,36.296465],[139.900393,36.295648],[139.900456,36.295265],[139.900656,36.29489],[139.900743,36.294798],[139.901031,36.29419],[139.901068,36.293915],[139.901031,36.293607],[139.900793,36.293082],[139.900681,36.292973],[139.900506,36.292707],[139.900294,36.292482],[139.900069,36.29234],[139.899744,36.292274],[139.899419,36.292274],[139.898831,36.292365],[139.898506,36.292482],[139.898006,36.292798],[139.897569,36.292948],[139.897306,36.292865],[139.897206,36.292707],[139.897156,36.292457],[139.897094,36.291807],[139.898444,36.291532],[139.898919,36.291515],[139.899006,36.291532],[139.899731,36.291465],[139.900944,36.29124],[139.901381,36.29119],[139.901906,36.291082],[139.901819,36.289507],[139.901669,36.288132],[139.901694,36.287616],[139.901669,36.287482],[139.901731,36.287416],[139.902406,36.286941],[139.902844,36.286741],[139.903581,36.286441],[139.905106,36.285699],[139.906018,36.285366],[139.906543,36.285274],[139.906718,36.284933],[139.906981,36.284166],[139.907743,36.281492],[139.908056,36.280658],[139.908268,36.280092],[139.908381,36.279892],[139.908381,36.279708],[139.908081,36.279375],[139.907856,36.27915],[139.907143,36.278359],[139.904819,36.275892],[139.904581,36.275592],[139.904344,36.275376],[139.903844,36.274834],[139.903631,36.274651],[139.902894,36.273817],[139.902844,36.273659],[139.902844,36.273501],[139.903069,36.272293],[139.903044,36.272176],[139.903132,36.271884],[139.903332,36.270601],[139.903444,36.270151],[139.903507,36.269701],[139.903357,36.269343],[139.903007,36.268643],[139.902857,36.268418],[139.902419,36.267968],[139.901769,36.267543],[139.901557,36.267293],[139.901357,36.266577],[139.901357,36.266352],[139.901057,36.265693],[139.900407,36.264485],[139.900319,36.264394],[139.900257,36.264194],[139.899882,36.263694],[139.89967,36.263535],[139.89932,36.263377],[139.89682,36.26201],[139.896432,36.26176],[139.895408,36.261311],[139.89517,36.26131],[139.894845,36.26136],[139.894408,36.261069],[139.89367,36.260236],[139.89332,36.259969],[139.893233,36.259827],[139.89222,36.259002],[139.89167,36.258236],[139.891046,36.257536],[139.890721,36.257269],[139.890158,36.256636],[139.889396,36.255894],[139.889158,36.255645],[139.888721,36.25497],[139.888508,36.254436],[139.888333,36.253695],[139.888221,36.25317],[139.888233,36.252887],[139.888996,36.251562],[139.889383,36.251137],[139.889533,36.250862],[139.890621,36.24977],[139.891021,36.249412],[139.891908,36.248829],[139.892358,36.248537],[139.893045,36.248204],[139.893595,36.247937],[139.895708,36.246688],[139.897595,36.245663],[139.898682,36.244971],[139.900507,36.243155],[139.901069,36.242597],[139.901494,36.242197],[139.901544,36.242088],[139.902232,36.241413],[139.902257,36.241297],[139.902882,36.240722],[139.903719,36.23998],[139.904881,36.238631],[139.905294,36.238139],[139.905619,36.237489],[139.905831,36.236664],[139.905831,36.236273],[139.905669,36.234923],[139.905594,36.234623],[139.905519,36.234648],[139.904444,36.234531],[139.903069,36.234431],[139.902319,36.234323],[139.90177,36.234215],[139.901145,36.234115],[139.900545,36.233981],[139.89982,36.23389],[139.89927,36.233773],[139.89862,36.233681],[139.897845,36.233448],[139.897695,36.233248],[139.897545,36.232948],[139.897495,36.232648],[139.897533,36.23229],[139.897658,36.23199],[139.897683,36.231507],[139.898545,36.231423],[139.898558,36.23144],[139.899008,36.231382],[139.89927,36.230707],[139.899483,36.230273],[139.900195,36.228707],[139.900195,36.22859],[139.89932,36.228065],[139.897683,36.227132],[139.898008,36.226682],[139.898283,36.226391],[139.898621,36.225924],[139.898871,36.225466],[139.898883,36.225074],[139.898808,36.224316],[139.898708,36.223891],[139.898583,36.223691],[139.898371,36.223433],[139.898071,36.223274],[139.897483,36.223183],[139.897308,36.223208],[139.896459,36.223383],[139.896159,36.223533],[139.895621,36.224074],[139.893859,36.225816],[139.893084,36.226332],[139.892109,36.22694],[139.891572,36.22714],[139.890859,36.227257],[139.890134,36.22729],[139.889497,36.227274],[139.889134,36.227165],[139.888859,36.227007],[139.888535,36.226757],[139.887885,36.226115],[139.887635,36.225782],[139.887247,36.224899],[139.887285,36.224207],[139.887485,36.223299],[139.887772,36.222508],[139.888435,36.221383],[139.889022,36.220716],[139.889297,36.220308],[139.88961,36.219716],[139.889685,36.219358],[139.889835,36.219025],[139.890147,36.2177],[139.890585,36.216425],[139.890735,36.214859],[139.89224,36.213531],[139.894821,36.211773],[139.89692,36.209846],[139.898395,36.208457],[139.900438,36.206587],[139.902297,36.204939],[139.904822,36.202731],[139.906751,36.201048],[139.907944,36.200242],[139.906962,36.199225],[139.905173,36.198033],[139.902683,36.196982],[139.900579,36.19614],[139.901537,36.194849],[139.903827,36.193178],[139.907664,36.191879],[139.91014,36.191199],[139.912863,36.190147],[139.914782,36.189405],[139.916577,36.188972],[139.917629,36.189714],[139.918433,36.19157],[139.920104,36.1959],[139.920166,36.196828],[139.920723,36.197261],[139.921645,36.197428],[139.922283,36.196212],[139.923008,36.195495],[139.923371,36.195295],[139.923795,36.195154],[139.92427,36.195095],[139.924845,36.195079],[139.92582,36.195229],[139.927745,36.195979],[139.92842,36.196162],[139.929295,36.196462],[139.92952,36.196512],[139.93047,36.196812],[139.931245,36.196928],[139.93182,36.196912],[139.93277,36.196787],[139.933145,36.196695],[139.933982,36.196337],[139.934945,36.195462],[139.935707,36.19412],[139.93617,36.192996],[139.93637,36.192654],[139.936957,36.191187],[139.937145,36.190471],[139.93717,36.190088],[139.937082,36.189479],[139.937082,36.189021],[139.937032,36.188438],[139.937067,36.187722],[139.937045,36.187579],[139.93687,36.184871],[139.936708,36.183988],[139.936608,36.183805],[139.936445,36.183422],[139.935933,36.182605],[139.935883,36.182472],[139.940487,36.182969],[139.944763,36.18377],[139.947524,36.18466],[139.951978,36.184749],[139.955453,36.184037],[139.956076,36.182434],[139.9567,36.178696],[139.959194,36.176382],[139.961956,36.175937],[139.964717,36.176115],[139.967657,36.176827],[139.971042,36.180031],[139.973358,36.182256],[139.976387,36.183859],[139.979772,36.184482],[139.983068,36.185105],[139.98583,36.185817],[139.988057,36.187063],[139.992155,36.187775],[139.996074,36.187864],[139.998705,36.190086],[139.999728,36.191501],[140.001458,36.192208],[140.002544,36.192254],[140.003346,36.190793],[140.002874,36.189536],[140.002717,36.188514],[140.00311,36.187335],[140.005785,36.185684],[140.007988,36.184112],[140.010741,36.183326],[140.013416,36.18309],[140.015068,36.182147],[140.017506,36.18089],[140.020675,36.180564],[140.021038,36.180339],[140.021563,36.180148],[140.022538,36.179839],[140.024525,36.179239],[140.0243,36.178848],[140.02385,36.178189],[140.0235,36.177598],[140.023125,36.177073],[140.022425,36.175998],[140.0221,36.17559],[140.0215,36.175531],[140.0212,36.175306],[140.021063,36.175123],[140.019701,36.175573],[140.019388,36.175706],[140.018413,36.17599],[140.017613,36.176356],[140.017276,36.176581],[140.016926,36.177006],[140.016376,36.177115],[140.013276,36.177356],[140.012526,36.177481],[140.011976,36.177498],[140.011814,36.177314],[140.011464,36.17679],[140.011026,36.176223],[140.010426,36.175848],[140.009639,36.17534],[140.009176,36.174931],[140.008476,36.173765],[140.008214,36.173198],[140.007714,36.17229],[140.007477,36.171698],[140.007452,36.17129],[140.007289,36.169882],[140.007314,36.169849],[140.007139,36.169382],[140.007089,36.168999],[140.007102,36.168365],[140.007202,36.167666],[140.007377,36.166899],[140.007414,36.166499],[140.007402,36.166041],[140.007327,36.165566],[140.006964,36.164408],[140.006914,36.163758],[140.006852,36.163299],[140.006952,36.162124],[140.006939,36.161633],[140.006839,36.161225],[140.006214,36.1604],[140.006027,36.160058],[140.005702,36.159716],[140.005352,36.159258],[140.005277,36.159191],[140.004677,36.158408],[140.004352,36.158042],[140.003427,36.157267],[140.00289,36.156875],[140.00224,36.1563],[140.002102,36.155817],[140.002202,36.155459],[140.002677,36.154792],[140.002902,36.154659],[140.00434,36.153567],[140.004702,36.153234],[140.005327,36.152476],[140.00544,36.152234],[140.005452,36.152026],[140.005377,36.151751],[140.005127,36.151476],[140.004752,36.151134],[140.003902,36.150534],[140.003715,36.150259],[140.00364,36.149968],[140.003702,36.149676],[140.003902,36.149359],[140.004415,36.148734],[140.004415,36.148468],[140.00429,36.148209],[140.003965,36.14776],[140.00389,36.147326],[140.003877,36.146418],[140.003802,36.145876],[140.003465,36.144902],[140.00334,36.144427],[140.003352,36.143952],[140.00344,36.143527],[140.003477,36.143068],[140.00344,36.142393],[140.002815,36.140669],[140.002565,36.140185],[140.001903,36.139052],[140.001178,36.138019],[140.00064,36.137452],[140.000115,36.137169],[139.998991,36.136702],[139.998603,36.136519],[139.998316,36.136286],[139.998153,36.136061],[139.998016,36.135719],[139.997991,36.135603],[139.998028,36.135311],[139.998141,36.134994],[139.998791,36.134169],[139.999191,36.133786],[139.999653,36.133053],[139.999716,36.13242],[139.999628,36.131378],[139.999478,36.13097],[139.998878,36.130053],[139.998553,36.129687],[139.998266,36.129253],[139.998128,36.128937],[139.998103,36.128712],[139.998003,36.128687],[139.997091,36.128629],[139.996739,36.128567],[139.996491,36.128545],[139.996379,36.128495],[139.996004,36.12847],[139.995779,36.128237],[139.995729,36.128054],[139.995716,36.12722],[139.995779,36.127062],[139.996116,36.12677],[139.996454,36.126554],[139.996454,36.126504],[139.996041,36.126071],[139.996079,36.125821],[139.996191,36.125596],[139.996341,36.125462],[139.996591,36.125354],[139.996741,36.125346],[139.997541,36.125404],[139.997629,36.125379],[139.997791,36.125229],[139.997966,36.124979],[139.997991,36.124871],[139.997966,36.124729],[139.997616,36.124362],[139.997679,36.124029],[139.997816,36.123937],[139.998016,36.124012],[139.998291,36.124171],[139.999029,36.124137],[139.999591,36.124212],[140.000466,36.124246],[140.000953,36.123896],[140.001603,36.123246],[140.001866,36.123479],[140.002091,36.123229],[140.002153,36.123054],[140.001653,36.122188],[140.001566,36.121913],[140.001628,36.121713],[140.001803,36.121513],[140.002616,36.121021],[140.002803,36.120938],[140.002391,36.119713],[140.002378,36.11928],[140.002491,36.11883],[140.002803,36.118313],[140.002678,36.117888],[140.002204,36.116863],[140.001941,36.116405],[140.001754,36.115947],[140.001716,36.114772],[140.001979,36.114214],[140.002066,36.113872],[140.002054,36.113581],[140.001916,36.113239],[140.001054,36.112439],[140.000529,36.112022],[140.000016,36.111364],[139.999804,36.110931],[139.999554,36.109998],[139.999479,36.109589],[139.999367,36.109381],[139.998604,36.108923],[139.998279,36.108964],[139.997854,36.109089],[139.997554,36.109248],[139.997467,36.109223],[139.997354,36.108998],[139.997479,36.108839],[139.998392,36.108356],[139.998792,36.107865],[139.998804,36.107523],[139.998729,36.107248],[139.998542,36.106906],[139.998542,36.106706],[139.998742,36.106706],[139.999392,36.106873],[139.999704,36.106881],[139.999979,36.106773],[140.000304,36.105965],[140.000554,36.105632],[140.001204,36.10514],[140.001454,36.104782],[140.002104,36.103115],[140.002254,36.102599],[140.002591,36.102132],[140.002679,36.102065],[140.002866,36.102024],[140.003666,36.102215],[140.004966,36.10264],[140.006091,36.103065],[140.006278,36.103065],[140.006416,36.103023],[140.006641,36.102799],[140.006766,36.102415],[140.007053,36.101765],[140.007341,36.101457],[140.008491,36.100724],[140.008891,36.09994],[140.009116,36.099607],[140.009153,36.099266],[140.009066,36.097907],[140.008841,36.097157],[140.008403,36.096591],[140.007866,36.096149],[140.007653,36.095783],[140.007541,36.095441],[140.007353,36.095216],[140.007091,36.094983],[140.005941,36.094249],[140.005741,36.094149],[140.004616,36.093733],[140.004154,36.0935],[140.003829,36.093241],[140.003529,36.092858],[140.003104,36.092491],[140.002692,36.092233],[140.001867,36.091908],[140.001179,36.091691],[139.999667,36.091016],[139.999042,36.090691],[139.99858,36.090392],[139.998255,36.090133],[139.999704,36.089592],[140.000542,36.08915],[140.000654,36.089067],[140.000517,36.0889],[139.999767,36.088867],[139.99833,36.088875],[139.998192,36.088825],[139.998255,36.088558],[139.998692,36.087858],[139.998892,36.087367],[139.998867,36.086675],[139.99893,36.086525],[139.999442,36.085842],[139.999555,36.085834],[140.000204,36.08615],[140.000742,36.086359],[140.001017,36.086375],[140.001404,36.086325],[140.001629,36.086209],[140.001929,36.085784],[140.002129,36.085125],[140.002129,36.084859],[140.001742,36.084076],[140.001667,36.083759],[140.002004,36.083317],[140.002142,36.083226],[140.002717,36.082984],[140.002904,36.082759],[140.003054,36.082492],[140.003704,36.081542],[140.004129,36.081142],[140.004254,36.080809],[140.004092,36.079951],[140.004129,36.078734],[140.004504,36.077901],[140.004617,36.077551],[140.004804,36.076826],[140.004692,36.076576],[140.004029,36.076343],[140.003392,36.076376],[140.00193,36.076426],[140.001217,36.076293],[140.00118,36.07546],[140.001267,36.074918],[140.001317,36.07431],[140.001405,36.07416],[140.002092,36.074093],[140.00253,36.073968],[140.004017,36.074035],[140.004504,36.074227],[140.006792,36.07416],[140.007566,36.072293],[140.007829,36.071735],[140.008504,36.071144],[140.009366,36.071335],[140.009866,36.071494],[140.010904,36.07176],[140.011404,36.071835],[140.011491,36.071744],[140.011604,36.071452],[140.011004,36.071177],[140.008891,36.070352],[140.008416,36.070119],[140.008291,36.07001],[140.008054,36.06991],[140.007804,36.069085],[140.006817,36.068052],[140.006204,36.067436],[140.005717,36.066794],[140.006017,36.066469],[140.006892,36.066377],[140.007329,36.066144],[140.007592,36.065911],[140.007917,36.065486],[140.008667,36.064269],[140.008742,36.064053],[140.008817,36.063428],[140.008604,36.063278],[140.008454,36.063169],[140.008267,36.063144],[140.008117,36.063178],[140.007904,36.063311],[140.007429,36.063469],[140.006979,36.063686],[140.006617,36.063769],[140.00598,36.063728],[140.005467,36.063636],[140.005367,36.063361],[140.005417,36.062978],[140.005567,36.062753],[140.005692,36.062644],[140.006017,36.062544],[140.00638,36.062436],[140.007092,36.062336],[140.007729,36.062136],[140.008492,36.061853],[140.008904,36.061836],[140.010842,36.062136],[140.011304,36.062145],[140.011504,36.062036],[140.011504,36.061736],[140.011404,36.06162],[140.010042,36.061361],[140.009454,36.061253],[140.009054,36.061128],[140.008804,36.060986],[140.008742,36.06077],[140.008829,36.060536],[140.009154,36.060278],[140.009579,36.059953],[140.010054,36.059636],[140.010604,36.059387],[140.011054,36.059403],[140.011279,36.059495],[140.012104,36.059961],[140.012291,36.060036],[140.014416,36.061303],[140.014929,36.061703],[140.015266,36.061536],[140.015466,36.061361],[140.015879,36.060762],[140.015929,36.06067],[140.015766,36.060162],[140.015791,36.05917],[140.016191,36.058712],[140.017091,36.057862],[140.018141,36.05677],[140.018291,36.05652],[140.019228,36.055321],[140.020716,36.054088],[140.022053,36.053163],[140.022978,36.052771],[140.023478,36.052254],[140.024216,36.05143],[140.024853,36.050671],[140.024991,36.05038],[140.025853,36.049197],[140.026303,36.04833],[140.026415,36.048255],[140.026753,36.04703],[140.026778,36.04648],[140.026616,36.04553],[140.026028,36.045072],[140.025791,36.044614],[140.025441,36.043472],[140.025516,36.042697],[140.025566,36.042522],[140.025978,36.041914],[140.026741,36.041139],[140.026791,36.041006],[140.026691,36.040731],[140.026628,36.040331],[140.027116,36.039931],[140.027291,36.039656],[140.027203,36.039181],[140.026853,36.038048],[140.026878,36.036956],[140.026916,36.036556],[140.027203,36.036057],[140.027516,36.035748],[140.028528,36.035015],[140.028728,36.034898],[140.029066,36.034415],[140.029303,36.03389],[140.029241,36.03369],[140.028403,36.032774],[140.027379,36.031649],[140.026891,36.03119],[140.025891,36.030166],[140.025354,36.029674],[140.024554,36.029091],[140.024142,36.028941],[140.023554,36.028941],[140.022979,36.029191],[140.022229,36.029466],[140.021979,36.029449],[140.021617,36.029307],[140.02118,36.028924],[140.020855,36.028482],[140.020217,36.027391],[140.02008,36.027299],[140.019642,36.027157],[140.018393,36.027099],[140.017355,36.026874],[140.016718,36.026707],[140.015418,36.026624],[140.014056,36.026766],[140.013706,36.026891],[140.013456,36.027091],[140.012781,36.027082],[140.012206,36.026982],[140.011656,36.026799],[140.011006,36.026249],[140.010819,36.025966],[140.010931,36.025807],[140.011681,36.025666],[140.012481,36.025566],[140.013156,36.025416],[140.013543,36.025257],[140.013443,36.024907],[140.013306,36.024607],[140.013031,36.024557],[140.011619,36.024574],[140.011119,36.024482],[140.010981,36.024274],[140.010794,36.023949],[140.010681,36.023649],[140.010631,36.023374],[140.010544,36.023066],[140.010431,36.022991],[140.010244,36.022916],[140.009932,36.022841],[140.009457,36.022808],[140.008969,36.022816],[140.008744,36.022799],[140.008532,36.022683],[140.008432,36.022591],[140.008544,36.022391],[140.008769,36.022141],[140.008744,36.021808],[140.008694,36.021616],[140.008432,36.021116],[140.008082,36.020683],[140.007257,36.020266],[140.006957,36.020216],[140.005845,36.020174],[140.00572,36.020033],[140.005745,36.019683],[140.00592,36.019316],[140.006032,36.019016],[140.006045,36.018858],[140.005957,36.018733],[140.005657,36.018658],[140.005245,36.018725],[140.004932,36.019016],[140.004682,36.019458],[140.004107,36.020033],[140.003908,36.020133],[140.003583,36.020083],[140.003445,36.019916],[140.00332,36.019808],[140.00297,36.019608],[140.002683,36.019383],[140.001945,36.018924],[140.001733,36.018724],[140.00177,36.018374],[140.002045,36.017841],[140.002033,36.0178],[140.001533,36.017558],[140.001421,36.017583],[140.000796,36.018141],[140.000033,36.019124],[139.999658,36.019416],[139.999508,36.019391],[139.999208,36.019183],[139.998908,36.018908],[139.998833,36.018816],[139.999071,36.017683],[139.999046,36.017591],[139.997221,36.015966],[139.996809,36.015758],[139.996745,36.015754],[139.996371,36.015641],[139.996084,36.015716],[139.995521,36.015941],[139.995171,36.016008],[139.994597,36.016058],[139.994147,36.015916],[139.993947,36.015758],[139.993747,36.015425],[139.993722,36.015225],[139.993759,36.015033],[139.993984,36.0147],[139.994309,36.014466],[139.994559,36.014325],[139.994759,36.014183],[139.995084,36.013808],[139.995322,36.013408],[139.995422,36.013167],[139.995422,36.012892],[139.995359,36.012692],[139.995147,36.012375],[139.994434,36.011742],[139.994109,36.0116],[139.993834,36.011517],[139.993609,36.011508],[139.993384,36.0116],[139.993372,36.012042],[139.993447,36.012458],[139.993434,36.012592],[139.993359,36.012633],[139.992822,36.012683],[139.991972,36.01265],[139.991547,36.0126],[139.991385,36.012525],[139.99131,36.012417],[139.991335,36.012125],[139.991447,36.011942],[139.991785,36.0116],[139.992597,36.011017],[139.993334,36.010175],[139.994122,36.009159],[139.995184,36.007984],[139.995622,36.007126],[139.995822,36.006609],[139.996222,36.006501],[139.996745,36.006488],[139.997359,36.006551],[139.997809,36.005209],[140.002433,36.006176],[140.003096,36.003901],[140.000946,36.003484],[140.001071,36.003201],[140.004308,36.000558],[140.004892,35.997631],[140.004675,35.996799],[140.003305,35.995317],[140.000214,35.992127],[139.999983,35.990923],[140.000496,35.989681],[140.002989,35.987734],[140.003344,35.986624],[140.003883,35.985948],[140.004479,35.985616],[140.00647,35.98664],[140.007778,35.987569],[140.008839,35.987947],[140.009798,35.987584],[140.010568,35.986901],[140.010932,35.986045],[140.010304,35.983977],[140.008693,35.981435],[140.006193,35.979252],[140.004462,35.976997],[140.004011,35.975794],[140.005139,35.974103],[140.005553,35.972223],[140.005064,35.970194],[140.003446,35.968239],[140.003446,35.966924],[140.004575,35.965571],[140.006671,35.964231],[140.006459,35.963107],[140.006334,35.962682],[140.005997,35.961965],[140.005934,35.961698],[140.005947,35.960748],[140.006247,35.960565],[140.006497,35.960357],[140.006822,35.960157],[140.007347,35.959899],[140.007697,35.959757],[140.008222,35.959665],[140.008384,35.959365],[140.008772,35.958757],[140.009359,35.958049],[140.010096,35.957549],[140.011121,35.957124],[140.012146,35.956824],[140.012996,35.956657],[140.013821,35.956441],[140.016258,35.956008],[140.017546,35.955541],[140.018271,35.955308],[140.019395,35.954708],[140.01972,35.954499],[140.02002,35.954249],[140.020733,35.95365],[140.022233,35.952125],[140.02392,35.950658],[140.025145,35.949792],[140.025945,35.949108],[140.026895,35.948059],[140.027195,35.94765],[140.02757,35.947034],[140.027907,35.946126],[140.028045,35.945901],[140.028282,35.945042],[140.028632,35.942851],[140.028945,35.942018],[140.029357,35.941268],[140.030245,35.940243],[140.030632,35.939918],[140.031807,35.939235],[140.033432,35.93851],[140.034169,35.938235],[140.036882,35.93746],[140.037981,35.937102],[140.039356,35.936527],[140.040319,35.935952],[140.041269,35.935194],[140.042219,35.934286],[140.042356,35.934102],[140.042981,35.933502],[140.043656,35.932594],[140.044206,35.931936],[140.044644,35.931569],[140.044969,35.931503],[140.045481,35.931761],[140.046594,35.932111],[140.047168,35.932236],[140.048406,35.932744],[140.048768,35.932986],[140.049081,35.933319],[140.049818,35.934394],[140.050243,35.934794],[140.051556,35.935719],[140.052455,35.936294],[140.052955,35.936561],[140.053718,35.937027],[140.05463,35.937486],[140.055168,35.937619],[140.055305,35.937686],[140.055755,35.937744],[140.05638,35.937736],[140.05713,35.937569],[140.057793,35.937361],[140.059255,35.937119],[140.06008,35.936878],[140.060992,35.936536],[140.061517,35.936369],[140.062705,35.936128],[140.063067,35.936169],[140.063392,35.936253],[140.06493,35.936844],[140.065692,35.937244],[140.066242,35.937619],[140.069054,35.939836],[140.069904,35.940461],[140.070541,35.940969],[140.071304,35.941677],[140.072903,35.942877],[140.073828,35.943269],[140.075753,35.94386],[140.076916,35.94416],[140.07839,35.944435],[140.080278,35.944702],[140.08089,35.944744],[140.082028,35.944702],[140.082553,35.944677],[140.08344,35.944502],[140.083827,35.94441],[140.08429,35.944227],[140.085577,35.943419],[140.085877,35.943394],[140.086277,35.943619],[140.086477,35.943952],[140.086565,35.944269],[140.086852,35.944827],[140.087052,35.944977],[140.087302,35.945044],[140.087627,35.94486],[140.088115,35.944177],[140.08814,35.944019],[140.088077,35.943477],[140.087915,35.942669],[140.087602,35.942086],[140.087515,35.941844],[140.08749,35.941569],[140.087515,35.941369],[140.08779,35.941411],[140.08804,35.941703],[140.088302,35.942077],[140.088465,35.942144],[140.088715,35.942119],[140.089052,35.942136],[140.08944,35.942611],[140.089927,35.943477],[140.090164,35.944019],[140.090277,35.944111],[140.091477,35.943369],[140.092789,35.942569],[140.093377,35.942244],[140.093639,35.942036],[140.093839,35.941944],[140.094052,35.941894],[140.094277,35.941894],[140.095114,35.943511],[140.098189,35.942411],[140.098701,35.942744],[140.098839,35.942903],[140.099014,35.943394],[140.099076,35.943636],[140.099051,35.943869],[140.099076,35.943886],[140.100514,35.943444],[140.101888,35.946086],[140.102301,35.946102],[140.110563,35.94312],[140.113037,35.947728],[140.113687,35.947269],[140.114362,35.947894],[140.114475,35.947803],[140.114725,35.947686],[140.115075,35.947453],[140.115712,35.947136],[140.117487,35.946078],[140.118474,35.945586],[140.119024,35.94522],[140.120037,35.944353],[140.120274,35.944078],[140.120387,35.944012],[140.120637,35.943737],[140.120874,35.943553],[140.121587,35.942895],[140.121736,35.942799],[140.122049,35.942603],[140.122762,35.94202],[140.123087,35.941687],[140.123974,35.940987],[140.124749,35.94057],[140.124974,35.940479],[140.126336,35.939945],[140.126511,35.939862],[140.127324,35.939571],[140.127799,35.939304],[140.128074,35.939079],[140.132411,35.936046],[140.132511,35.935979],[140.132486,35.935888],[140.132186,35.935546],[140.130299,35.932238],[140.133111,35.931155],[140.133061,35.931063],[140.132924,35.930297],[140.132924,35.930205],[140.132549,35.929888],[140.132274,35.929563],[140.132024,35.929072],[140.131836,35.928213],[140.131786,35.927939],[140.131349,35.927122],[140.131074,35.926464],[140.130849,35.926105],[140.130774,35.926105],[140.130474,35.926189],[140.130149,35.926322],[140.129749,35.926455],[140.129049,35.926589],[140.128299,35.92658],[140.127724,35.924072],[140.127424,35.923372],[140.127187,35.922539],[140.127162,35.922081],[140.127237,35.921497],[140.127474,35.920848],[140.127937,35.919856],[140.128412,35.919548],[140.129499,35.919164],[140.130187,35.91894],[140.130549,35.918765],[140.131224,35.918581],[140.131662,35.918365],[140.132024,35.918073],[140.132362,35.917706],[140.133112,35.916765],[140.133812,35.915548],[140.134124,35.915207],[140.134261,35.915123],[140.134786,35.914923],[140.135286,35.91479],[140.136624,35.914523],[140.137286,35.914323],[140.137961,35.914007],[140.138849,35.913424],[140.139636,35.912815],[140.140211,35.912207],[140.140798,35.91169],[140.141723,35.910749],[140.142473,35.910282],[140.142948,35.910141],[140.143386,35.910099],[140.144748,35.910357],[140.145385,35.910424],[140.145885,35.910424],[140.146448,35.910291],[140.147335,35.909799],[140.147785,35.909349],[140.148148,35.908899],[140.148448,35.908224],[140.148785,35.907324],[140.148985,35.906399],[140.14911,35.905316],[140.149085,35.904799],[140.148973,35.904341],[140.148948,35.9038],[140.14906,35.903558],[140.149248,35.903533],[140.149673,35.903425],[140.15086,35.902633],[140.15156,35.903041],[140.151973,35.902983],[140.151973,35.902933],[140.151923,35.902891],[140.151835,35.902033],[140.151785,35.902008],[140.151373,35.902025],[140.151335,35.902208],[140.15101,35.902166],[140.15096,35.901666],[140.150898,35.9016],[140.151235,35.901533],[140.150635,35.899542],[140.15016,35.89965],[140.149261,35.897367],[140.152335,35.896775],[140.152198,35.89625],[140.153285,35.897],[140.15426,35.896167],[140.15381,35.895784],[140.153198,35.896234],[140.152098,35.895442],[140.151535,35.895367],[140.151073,35.895234],[140.151161,35.894259],[140.151548,35.894284],[140.15146,35.894984],[140.15176,35.895076],[140.151798,35.894309],[140.152098,35.894359],[140.151985,35.895076],[140.152235,35.895167],[140.153073,35.893001],[140.151998,35.892934],[140.151023,35.892909],[140.149773,35.892992],[140.146698,35.893134],[140.145311,35.893242],[140.144886,35.893217],[140.144561,35.893126],[140.143811,35.892334],[140.143561,35.891993],[140.143399,35.891834],[140.143074,35.891409],[140.142374,35.890793],[140.141499,35.890493],[140.141049,35.890426],[140.140299,35.890359],[140.139187,35.890168],[140.138312,35.889743],[140.137399,35.888901],[140.136974,35.888626],[140.136812,35.888468],[140.135737,35.88781],[140.1351,35.88751],[140.13465,35.887418],[140.1343,35.887468],[140.13415,35.88751],[140.133875,35.887801],[140.133787,35.887985],[140.133625,35.889001],[140.13345,35.889609],[140.13325,35.889943],[140.132975,35.890284],[140.132562,35.890576],[140.131862,35.890909],[140.131362,35.891068],[140.1307,35.891176],[140.13045,35.891151],[140.130312,35.891059],[140.129975,35.890701],[140.129513,35.890309],[140.1294,35.890018],[140.129238,35.889251],[140.129238,35.88871],[140.129325,35.888235],[140.13,35.886885],[140.130275,35.886435],[140.130675,35.885535],[140.130813,35.885327],[140.130925,35.88501],[140.1299,35.884285],[140.129538,35.884085],[140.129288,35.883877],[140.12885,35.883402],[140.128438,35.883019],[140.128375,35.882902],[140.127775,35.882385],[140.12755,35.882244],[140.127413,35.882085],[140.127475,35.882085],[140.128388,35.881635],[140.129113,35.881369],[140.129275,35.881285],[140.1293,35.881235],[140.129275,35.880985],[140.129363,35.880919],[140.13,35.880877],[140.130638,35.880877],[140.132413,35.881027],[140.13255,35.881002],[140.132638,35.880819],[140.132912,35.880644],[140.133637,35.880511],[140.133525,35.880444],[140.133587,35.880327],[140.134162,35.879744],[140.134387,35.879636],[140.135025,35.879519],[140.135087,35.879544],[140.135112,35.879519],[140.1357,35.879752],[140.135975,35.879977],[140.136137,35.880002],[140.13655,35.879802],[140.137187,35.879802],[140.137687,35.879919],[140.138075,35.880344],[140.138887,35.880352],[140.139212,35.880394],[140.139375,35.880461],[140.1391,35.881052],[140.139125,35.881227],[140.139262,35.881186],[140.1396,35.881011],[140.1398,35.880852],[140.139899,35.880802],[140.140262,35.880852],[140.140799,35.880827],[140.141599,35.880611],[140.142487,35.880477],[140.143237,35.880302],[140.143849,35.880027],[140.144299,35.879627],[140.144737,35.879311],[140.145212,35.879153],[140.145774,35.879044],[140.146237,35.879094],[140.147099,35.879544],[140.147399,35.879661],[140.147849,35.879661],[140.148536,35.879486],[140.148736,35.879461],[140.150924,35.879494],[140.151399,35.879428],[140.151674,35.879453],[140.152111,35.879952],[140.152424,35.880019],[140.152861,35.880019],[140.153449,35.879869],[140.154248,35.879869],[140.154836,35.879828],[140.155786,35.879378],[140.156148,35.879311],[140.156286,35.879311],[140.157111,35.879519],[140.157273,35.879519],[140.157886,35.879386],[140.158336,35.879369],[140.159023,35.879553],[140.159448,35.879486],[140.159548,35.879503],[140.160298,35.879461],[140.16061,35.879378],[140.160948,35.879169],[140.161198,35.879061],[140.161335,35.879128],[140.16196,35.880219],[140.162023,35.880419],[140.162323,35.881011],[140.162923,35.881686],[140.163148,35.882002],[140.16351,35.882702],[140.163585,35.883002],[140.16306,35.883244],[140.163222,35.883944],[140.16261,35.884077],[140.162748,35.884602],[140.16336,35.884469],[140.163797,35.885894],[140.163235,35.886027],[140.163297,35.886318],[140.16391,35.88621],[140.164185,35.886952],[140.164847,35.88691],[140.165485,35.88696],[140.165622,35.887027],[140.165785,35.887227],[140.16581,35.887368],[140.166372,35.88721],[140.16631,35.88701],[140.166847,35.886785],[140.16691,35.885719],[140.167297,35.885635],[140.16771,35.885502],[140.168547,35.885569],[140.168709,35.885594],[140.169234,35.885594],[140.169322,35.885644],[140.169484,35.886369],[140.169509,35.88661],[140.169447,35.886727],[140.170122,35.886794],[140.170084,35.88716],[140.170584,35.887185],[140.170672,35.886502],[140.171334,35.88651],[140.171384,35.887593],[140.171921,35.887635],[140.171996,35.887818],[140.173221,35.887843],[140.173359,35.88801],[140.174771,35.887943],[140.175296,35.888152],[140.175434,35.887944],[140.175884,35.888152],[140.175821,35.888352],[140.177571,35.888902],[140.178908,35.88796],[140.178608,35.887644],[140.179108,35.887285],[140.179771,35.887877],[140.180608,35.887202],[140.180908,35.887494],[140.181858,35.886686],[140.184845,35.888619],[140.187158,35.886277],[140.185583,35.884936],[140.18717,35.88332],[140.187308,35.883436],[140.188533,35.882178],[140.188033,35.881837],[140.188733,35.881203],[140.18892,35.881337],[140.189708,35.880462],[140.18932,35.880187],[140.19077,35.878662],[140.190633,35.87852],[140.191358,35.877804],[140.19102,35.877554],[140.191108,35.877512],[140.192133,35.876387],[140.19267,35.875871],[140.193495,35.875196],[140.194808,35.874005],[140.195445,35.873305],[140.19582,35.872721],[140.196183,35.872313],[140.20177,35.874771],[140.207119,35.877055],[140.209244,35.87268],[140.214331,35.875297],[140.215106,35.875688],[140.215331,35.875663],[140.215918,35.875422],[140.216168,35.875238],[140.216781,35.87468],[140.217168,35.874389],[140.217218,35.874205],[140.217143,35.873889],[140.217118,35.873597],[140.217143,35.873322],[140.217456,35.872739],[140.217481,35.872489],[140.217181,35.870456],[140.217043,35.869914],[140.216893,35.868198],[140.216581,35.867448],[140.215981,35.866615],[140.215756,35.866206],[140.215506,35.86559],[140.214769,35.864307],[140.214519,35.86394],[140.213944,35.862765],[140.213807,35.862315],[140.213644,35.861999],[140.214394,35.861882],[140.215081,35.861707],[140.216419,35.861215],[140.217006,35.860924],[140.217856,35.860566],[140.218356,35.860299],[140.218556,35.860257],[140.220368,35.859382],[140.220918,35.859157],[140.222443,35.858324],[140.224868,35.856866],[140.226418,35.856016],[140.227055,35.855633],[140.227893,35.8553],[140.228705,35.855033],[140.228868,35.855008],[140.231117,35.854342],[140.232392,35.854142],[140.234167,35.853992],[140.235467,35.853992],[140.236967,35.854092],[140.238129,35.854117],[140.238854,35.854209],[140.240216,35.854442],[140.240879,35.854517],[140.241404,35.854625],[140.242066,35.854809],[140.242204,35.854884],[140.242616,35.854992],[140.243503,35.855409],[140.244728,35.856067],[140.246053,35.856884],[140.246726,35.857337],[140.247303,35.857633],[140.247665,35.857908],[140.248215,35.858267],[140.24944,35.85905],[140.249803,35.85925],[140.25014,35.8595],[140.250802,35.859883],[140.253252,35.861433],[140.25359,35.8617],[140.255064,35.862575],[140.255977,35.863075],[140.257402,35.864041],[140.259989,35.865674],[140.261989,35.866983],[140.263238,35.867674],[140.264713,35.868641],[140.265663,35.869274],[140.267163,35.870099],[140.267913,35.870441],[140.268363,35.870683],[140.270975,35.871716],[140.272975,35.872383],[140.274,35.872791],[140.275037,35.873124],[140.275475,35.873308],[140.277362,35.873866],[140.278287,35.874041],[140.279037,35.874149],[140.279999,35.874216],[140.281062,35.874166],[140.283024,35.873775],[140.283611,35.873683],[140.284686,35.873366],[140.285936,35.872933],[140.286873,35.872567],[140.288623,35.8718],[140.289336,35.871434],[140.290085,35.871117],[140.293935,35.869159],[140.296597,35.868026],[140.297647,35.867593],[140.300272,35.866634],[140.301297,35.866318],[140.302934,35.865751],[140.304596,35.865268],[140.305846,35.864977],[140.307509,35.864652],[140.308146,35.86456],[140.309083,35.86451],[140.310946,35.864418],[140.311946,35.864343],[140.314108,35.864344],[140.314795,35.864319],[140.315383,35.864335],[140.315883,35.86431],[140.31727,35.864352],[140.31752,35.864394],[140.318958,35.864577],[140.319683,35.864752],[140.32177,35.86551],[140.32272,35.865935],[140.323545,35.866385],[140.32472,35.866902],[140.32567,35.867352],[140.329782,35.86921],[140.331444,35.870151],[140.333706,35.871618],[140.335206,35.872626],[140.335906,35.873209],[140.336856,35.874084],[140.339031,35.876292],[140.339843,35.877009],[140.341318,35.878225],[140.342955,35.879392],[140.343318,35.879617],[140.344943,35.880833],[140.346667,35.882067],[140.347892,35.882808],[140.348392,35.883191],[140.348592,35.883441],[140.349005,35.883866],[140.349767,35.884949],[140.350104,35.885649],[140.350629,35.886883],[140.351167,35.888374],[140.351192,35.888574],[140.351454,35.889299],[140.352092,35.890582],[140.352654,35.891415],[140.353442,35.892382],[140.354691,35.89369],[140.355591,35.894498],[140.357266,35.895848],[140.358179,35.896523],[140.360128,35.897731],[140.361966,35.898723],[140.36344,35.899306],[140.366415,35.900198],[140.36809,35.900664],[140.369027,35.900848],[140.37014,35.901156],[140.371714,35.901468],[140.371714,35.901523],[140.372489,35.901673],[140.372689,35.901731],[140.375101,35.902198],[140.375576,35.902331],[140.375751,35.902373],[140.376001,35.902389],[140.376914,35.902606],[140.377276,35.902673],[140.378339,35.902998],[140.378563,35.903065],[140.378863,35.903106],[140.379363,35.903298],[140.379863,35.903431],[140.382013,35.904373],[140.38325,35.904898],[140.38405,35.905181],[140.385788,35.905856],[140.386988,35.906364],[140.388412,35.906864],[140.38975,35.907256],[140.3913,35.907664],[140.392724,35.908114],[140.394537,35.90859],[140.395487,35.908781],[140.396487,35.90904],[140.397486,35.909231],[140.398711,35.909356],[140.402199,35.90954],[140.403673,35.909515],[140.404136,35.909465],[140.406661,35.909323],[140.408548,35.909165],[140.409535,35.908932],[140.410773,35.908415],[140.412535,35.907832],[140.41471,35.907082],[140.416285,35.906707],[140.417585,35.906465],[140.418635,35.906365],[140.42041,35.906432],[140.422134,35.906657],[140.423222,35.906849],[140.424897,35.907299],[140.426097,35.907757],[140.427547,35.908399],[140.432684,35.910882],[140.434221,35.91154],[140.434358,35.911623],[140.434646,35.911732],[140.434833,35.911757],[140.435058,35.91189],[140.435758,35.912198],[140.436958,35.912565],[140.439358,35.913073],[140.441883,35.913515],[140.444945,35.914182],[140.447445,35.914807],[140.447895,35.91489],[140.448507,35.915198],[140.450607,35.917581],[140.452169,35.919748],[140.452307,35.919881],[140.453169,35.921006],[140.454194,35.922439],[140.454656,35.922947],[140.455369,35.923864],[140.456131,35.924731],[140.457131,35.926097],[140.457468,35.926555],[140.458431,35.926122],[140.46628,35.922631],[140.466643,35.922431],[140.46703,35.922198],[140.467818,35.921781],[140.468618,35.921298],[140.47083,35.919865],[140.471317,35.919473],[140.471942,35.918607],[140.472717,35.917565],[140.47338,35.916857],[140.474055,35.91624],[140.474792,35.915715],[140.475705,35.915141],[140.476555,35.914657],[140.479429,35.912724],[140.480304,35.912174],[140.483017,35.910341],[140.483954,35.9099],[140.485304,35.909408],[140.486616,35.909033],[140.489028,35.908533],[140.490128,35.90825],[140.490516,35.908109],[140.491666,35.90785],[140.492853,35.907517],[140.493903,35.907192],[140.495003,35.906884],[140.495778,35.906717],[140.49664,35.906459],[140.496702,35.906496],[140.498252,35.906167],[140.50029,35.905784],[140.501127,35.905684],[140.502727,35.905526],[140.502789,35.905576],[140.502839,35.905684],[140.502727,35.905801],[140.501552,35.906626],[140.500927,35.907151],[140.498852,35.908776],[140.496701,35.910512],[140.496327,35.910717],[140.496002,35.911042],[140.495465,35.911925],[140.49514,35.912358],[140.49484,35.912675],[140.494315,35.91295],[140.493603,35.913183],[140.49159,35.9142],[140.490803,35.914841],[140.490665,35.915141],[140.490215,35.917666],[140.490065,35.918274],[140.48974,35.91914],[140.489428,35.91989],[140.489303,35.920565],[140.488828,35.92154],[140.488553,35.921932],[140.488265,35.922473],[140.487365,35.924315],[140.487128,35.924973],[140.487028,35.925515],[140.486928,35.926831],[140.487065,35.928181],[140.48749,35.929506],[140.487803,35.930156],[140.48844,35.931031],[140.48889,35.931522],[140.489677,35.931964],[140.49004,35.93198],[140.49034,35.931947],[140.490952,35.931764],[140.49149,35.931456],[140.493215,35.930556],[140.49394,35.930314],[140.494439,35.930356],[140.494889,35.930597],[140.495077,35.930797],[140.495164,35.930839],[140.495364,35.931089],[140.496339,35.932539],[140.496489,35.932631],[140.496627,35.932872],[140.496714,35.93313],[140.497214,35.934122],[140.497352,35.934589],[140.497389,35.93518],[140.497589,35.93628],[140.497639,35.936913],[140.498151,35.939096],[140.498914,35.941963],[140.499001,35.943313],[140.500538,35.945971],[140.501101,35.946621],[140.501876,35.947887],[140.502326,35.948512],[140.502851,35.94962],[140.503413,35.950562],[140.503863,35.951237],[140.504701,35.952187],[140.505363,35.952862],[140.506901,35.954886],[140.507538,35.955561],[140.509775,35.957628],[140.511188,35.958703],[140.512875,35.957794],[140.513738,35.957161],[140.515025,35.956053],[140.516,35.955278],[140.517412,35.954262],[140.51815,35.953853],[140.519262,35.953103],[140.520087,35.952654],[140.521274,35.951945],[140.523237,35.950721],[140.524824,35.949637],[140.526249,35.948479],[140.527499,35.947304],[140.528161,35.946646],[140.528574,35.946013],[140.529511,35.944705],[140.530836,35.94343],[140.531611,35.942505],[140.532348,35.94178],[140.532761,35.941439],[140.533185,35.94128],[140.533623,35.940805],[140.534148,35.940447],[140.534998,35.939922],[140.536498,35.939172],[140.537135,35.938881],[140.537185,35.938881],[140.538435,35.938156],[140.539397,35.937673],[140.540809,35.937106],[140.543684,35.935698],[140.546671,35.934382],[140.548783,35.93354],[140.551821,35.932449],[140.555233,35.931374],[140.557283,35.930782],[140.559045,35.930191],[140.560795,35.929366],[140.561733,35.928849],[140.564695,35.92735],[140.565682,35.926758],[140.567707,35.925692],[140.568645,35.925217],[140.56947,35.924717],[140.570657,35.924059],[140.571594,35.9234],[140.571882,35.923242],[140.572482,35.922767],[140.573232,35.922292],[140.573394,35.922134],[140.573532,35.922059],[140.573557,35.921992],[140.572257,35.921476],[140.572644,35.921384],[140.574194,35.920726],[140.575582,35.920293],[140.576457,35.919934],[140.576457,35.919951],[140.576744,35.919893],[140.576769,35.919843],[140.577419,35.919434],[140.578607,35.918809],[140.579094,35.918601],[140.579919,35.918026],[140.580406,35.917568],[140.581956,35.915568],[140.582306,35.914977],[140.582756,35.914027],[140.582994,35.913394],[140.583094,35.912894],[140.583406,35.913027],[140.584619,35.911369],[140.584119,35.91101],[140.584056,35.910902],[140.584056,35.910785],[140.585081,35.909352],[140.587881,35.910611],[140.589556,35.908269],[140.589194,35.908086],[140.588719,35.907778],[140.588294,35.907561],[140.587519,35.907278],[140.587569,35.907278],[140.587869,35.906869],[140.587919,35.906711],[140.588269,35.906278],[140.588956,35.905995],[140.591093,35.905495],[140.592131,35.905128],[140.593868,35.904653],[140.596106,35.904128],[140.597681,35.903703],[140.598505,35.903378],[140.598755,35.903195],[140.599243,35.902854],[140.599793,35.902354],[140.599893,35.902079],[140.600655,35.90137],[140.601618,35.900596],[140.601943,35.900254],[140.602405,35.899679],[140.602968,35.898821],[140.603268,35.898587],[140.60428,35.898013],[140.605155,35.897438],[140.606992,35.89638],[140.608505,35.895305],[140.609992,35.893597],[140.611505,35.891522],[140.612405,35.890139],[140.61283,35.889297],[140.613255,35.888397],[140.613842,35.887239],[140.614217,35.886356],[140.614755,35.885314],[140.615567,35.883115],[140.616154,35.88164],[140.616479,35.881298],[140.616692,35.88114],[140.617517,35.880248],[140.618267,35.878799],[140.619167,35.876807],[140.619517,35.876282],[140.620092,35.875824],[140.620554,35.875416],[140.621529,35.874182],[140.62169,35.873929],[140.622004,35.873591],[140.622667,35.872708],[140.623792,35.8711],[140.625479,35.868842],[140.625792,35.868525],[140.626554,35.867525],[140.627429,35.866559],[140.628204,35.865692],[140.628554,35.865359],[140.628754,35.865017],[140.629379,35.863526],[140.629966,35.861634],[140.630391,35.859984],[140.630641,35.859151],[140.631691,35.858901],[140.636753,35.857452],[140.639403,35.85676],[140.640678,35.856477],[140.64214,35.856219],[140.644028,35.856077],[140.64519,35.855977],[140.646052,35.855927],[140.646577,35.855877],[140.647577,35.855711],[140.647852,35.855602],[140.649102,35.855502],[140.650727,35.855269],[140.653726,35.854886],[140.655439,35.854586],[140.659751,35.853953],[140.661688,35.853687],[140.6651,35.853353],[140.6669,35.853095],[140.671387,35.852279],[140.674099,35.851654],[140.676273,35.851096],[140.678823,35.850379],[140.680535,35.849971],[140.681998,35.849571],[140.68501,35.848563],[140.685597,35.848355],[140.68761,35.847513],[140.688384,35.847105],[140.689209,35.846713],[140.690759,35.845914],[140.691634,35.84548],[140.695284,35.843497],[140.696021,35.843114],[140.699271,35.841114],[140.700271,35.840431],[140.702471,35.83909],[140.702946,35.838765],[140.703434,35.83834],[140.705334,35.837015],[140.705834,35.836673],[140.705946,35.836573],[140.706009,35.836557],[140.706221,35.836448],[140.706734,35.836065],[140.707459,35.835407],[140.708871,35.833982],[140.710259,35.832532],[140.711358,35.831466],[140.712358,35.830199],[140.713033,35.829433],[140.713896,35.828325],[140.715621,35.825633],[140.716109,35.82475],[140.716834,35.823625],[140.717346,35.822692],[140.717946,35.821317],[140.718696,35.819242],[140.719259,35.818018],[140.719521,35.817134],[140.719859,35.816185],[140.720234,35.814876],[140.720459,35.81386],[140.720659,35.813502],[140.721171,35.811785],[140.721771,35.810177],[140.722784,35.807877],[140.723609,35.805794],[140.724471,35.803811],[140.724759,35.803061],[140.725584,35.801278],[140.726109,35.80037],[140.727109,35.799087],[140.729384,35.796213],[140.732933,35.792589],[140.734146,35.791456],[140.735733,35.790164],[140.736083,35.789823],[140.73787,35.788356],[140.73952,35.786857],[140.74032,35.786249],[140.74232,35.784599],[140.744707,35.782916],[140.746095,35.782167],[140.746445,35.782075],[140.746681,35.781869],[140.749394,35.780167],[140.752582,35.778434],[140.754644,35.777343],[140.756944,35.776026],[140.759531,35.774635],[140.762006,35.773227],[140.762369,35.773068],[140.763156,35.772585],[140.765393,35.771335],[140.766668,35.770693],[140.767693,35.770127],[140.769018,35.769335],[140.770906,35.768377],[140.774293,35.766352],[140.775681,35.765419],[140.777205,35.764552],[140.77948,35.763386],[140.78013,35.762977],[140.781718,35.762136],[140.783043,35.761361],[140.784105,35.760703],[140.786605,35.759295],[140.788142,35.75847],[140.790292,35.757087],[140.792767,35.755429],[140.794117,35.754562],[140.794492,35.754245],[140.79538,35.753629],[140.79568,35.753337],[140.795705,35.753254],[140.79643,35.752979],[140.799217,35.750963],[140.800292,35.750221],[140.802304,35.748913],[140.808354,35.745247],[140.811054,35.743872],[140.812517,35.74308],[140.818541,35.740206],[140.820254,35.739639],[140.823854,35.739431],[140.834003,35.739181],[140.837377,35.739123],[140.839877,35.739231],[140.845351,35.739781],[140.846576,35.740073],[140.848238,35.740673],[140.850126,35.74169],[140.850988,35.742498],[140.851488,35.74324],[140.851763,35.743931],[140.8563,35.743406],[140.857237,35.743381],[140.857825,35.743265],[140.85805,35.744056],[140.858162,35.744056],[140.8583,35.74439],[140.859437,35.744115],[140.85915,35.743306],[140.860812,35.742965],[140.861287,35.744698],[140.862562,35.744473],[140.862049,35.742673],[140.864162,35.74219],[140.865262,35.741448],[140.868861,35.736032],[140.864499,35.734133],[140.864562,35.733774],[140.864799,35.733299],[140.865137,35.732849],[140.865574,35.732483],[140.866124,35.732241],[140.866587,35.731899],[140.866624,35.731899],[140.867211,35.731391],[140.868886,35.731358],[140.869874,35.731708],[140.869974,35.731516],[140.868824,35.731116],[140.867399,35.731141],[140.867411,35.730891],[140.867836,35.730883],[140.867799,35.730266],[140.867999,35.730275],[140.868611,35.730183],[140.868724,35.730133],[140.868749,35.73],[140.867999,35.72985],[140.867799,35.7296],[140.867824,35.729258],[140.867936,35.729258],[140.868211,35.728992],[140.868074,35.728858],[140.867799,35.728833],[140.867599,35.72845],[140.867374,35.727775],[140.867486,35.72735],[140.867674,35.7271],[140.868036,35.726375],[140.868474,35.7246],[140.868849,35.722734],[140.868924,35.722526],[140.869311,35.722101],[140.869836,35.721917],[140.869949,35.721717],[140.870061,35.721084],[140.870086,35.720434],[140.870224,35.720276],[140.870436,35.720276],[140.870636,35.719709],[140.870874,35.719459],[140.870849,35.719076],[140.871149,35.718559],[140.871261,35.718293],[140.871149,35.718243],[140.870736,35.718309],[140.869899,35.717934],[140.869011,35.717459],[140.868761,35.717284],[140.868399,35.716901],[140.868324,35.716543],[140.867961,35.716251],[140.867599,35.715776],[140.867287,35.715168],[140.866949,35.71481],[140.866399,35.714068],[140.866112,35.713435],[140.865974,35.712535],[140.865949,35.711777],[140.866074,35.710868],[140.866299,35.710193],[140.866537,35.709743],[140.867124,35.709294],[140.867399,35.709135],[140.867587,35.709177],[140.867874,35.709335],[140.867924,35.709294],[140.867999,35.708885],[140.868449,35.708844],[140.869049,35.708727],[140.869661,35.708452],[140.869961,35.70816],[140.869911,35.707844],[140.869824,35.707669],[140.869324,35.707444],[140.869161,35.707327],[140.869186,35.706944],[140.869349,35.706561],[140.869324,35.706202],[140.868874,35.706186],[140.868849,35.706227],[140.868437,35.706252],[140.868324,35.706202],[140.868212,35.706252],[140.867774,35.706161],[140.867324,35.706302],[140.867249,35.706569],[140.866112,35.706552],[140.865749,35.706211],[140.865337,35.706169],[140.865062,35.706194],[140.864637,35.705994],[140.864174,35.705611],[140.863774,35.705027],[140.863699,35.704169],[140.863774,35.704169],[140.863974,35.704052],[140.864112,35.703811],[140.863799,35.703586],[140.863637,35.703627],[140.863362,35.703161],[140.863324,35.703177],[140.863112,35.703111],[140.862862,35.702844],[140.862774,35.702661],[140.862887,35.702394],[140.862875,35.701853],[140.8631,35.701269],[140.86295,35.700144],[140.863137,35.698786],[140.863225,35.697845],[140.863412,35.697395],[140.864012,35.696536],[140.864212,35.696178],[140.865087,35.695453],[140.865587,35.695228],[140.8655,35.694795],[140.86525,35.69437],[140.865137,35.694353],[140.865025,35.694145],[140.865137,35.69397],[140.865362,35.693445],[140.8656,35.693245],[140.865737,35.692862],[140.865625,35.692595],[140.865575,35.692595],[140.865212,35.692754],[140.864887,35.69302],[140.86455,35.693587],[140.864475,35.693878],[140.863837,35.694195],[140.863262,35.69442],[140.862625,35.694562],[140.862212,35.694287],[140.861762,35.69422],[140.861712,35.69427],[140.861712,35.694312],[140.862075,35.69472],[140.861825,35.694878],[140.86135,35.695078],[140.860713,35.69522],[140.860138,35.695086],[140.86007,35.69509],[140.860025,35.695103],[140.8592,35.695195],[140.85875,35.695128],[140.858675,35.695086],[140.8585,35.694886],[140.8585,35.694661],[140.858225,35.694636],[140.857863,35.69477],[140.856076,35.695453],[140.8563,35.695836],[140.854801,35.696469],[140.854551,35.696653],[140.854113,35.696878],[140.854038,35.696878],[140.853226,35.697169],[140.853226,35.696703],[140.852951,35.696744],[140.852988,35.697444],[140.851576,35.697827],[140.851514,35.697694],[140.851439,35.697719],[140.851376,35.696728],[140.850576,35.696911],[140.850501,35.697944],[140.849801,35.697969],[140.849026,35.697944],[140.848751,35.697969],[140.848764,35.696902],[140.849114,35.696369],[140.850589,35.695861],[140.850501,35.695644],[140.849051,35.696169],[140.849026,35.696144],[140.848189,35.696078],[140.848002,35.696152],[140.847939,35.696236],[140.848189,35.696602],[140.848252,35.696619],[140.848176,35.697969],[140.847477,35.697819],[140.847152,35.697702],[140.847314,35.697527],[140.847289,35.697319],[140.847014,35.697277],[140.846952,35.697302],[140.846677,35.697169],[140.846402,35.697211],[140.846064,35.697461],[140.846064,35.697527],[140.845602,35.697727],[140.845689,35.697936],[140.845739,35.698294],[140.844989,35.698319],[140.845414,35.699552],[140.845491,35.69967],[140.845502,35.699669],[140.845502,35.699577],[140.845714,35.69926],[140.845802,35.699285],[140.846077,35.698719],[140.846602,35.69881],[140.846577,35.699369],[140.846914,35.69946],[140.846714,35.700202],[140.846664,35.700227],[140.846327,35.700202],[140.846327,35.700119],[140.845202,35.700302],[140.844152,35.702485],[140.844214,35.702527],[140.843827,35.703293],[140.84159,35.703393],[140.839778,35.706368],[140.840177,35.708417],[140.839952,35.708484],[140.839615,35.708442],[140.839378,35.708484],[140.839015,35.708842],[140.83874,35.709726],[140.837865,35.71105],[140.837803,35.711392],[140.837528,35.711525],[140.837253,35.711392],[140.836703,35.71155],[140.836128,35.711775],[140.835653,35.712009],[140.835541,35.712009],[140.834903,35.712367],[140.833966,35.712733],[140.833116,35.712908],[140.832253,35.713142],[140.831954,35.713275],[140.830629,35.71355],[140.829491,35.713641],[140.829129,35.713733],[140.827054,35.713716],[140.826617,35.713675],[140.825567,35.713675],[140.824342,35.713699],[140.822267,35.713708],[140.820667,35.713666],[140.820142,35.713616],[140.81903,35.713374],[140.817793,35.713199],[140.81698,35.713133],[140.816293,35.712974],[140.815293,35.712824],[140.813305,35.712716],[140.81283,35.712558],[140.812305,35.712449],[140.810843,35.712316],[140.809755,35.712158],[140.809093,35.712008],[140.808793,35.711891],[140.808568,35.711849],[140.80788,35.711808],[140.806856,35.711649],[140.806581,35.711558],[140.805881,35.711424],[140.804968,35.711183],[140.804056,35.710891],[140.802256,35.710399],[140.801531,35.710158],[140.800456,35.709999],[140.799593,35.709799],[140.797768,35.709199],[140.795831,35.708591],[140.795806,35.708549],[140.795631,35.708549],[140.795331,35.708458],[140.795056,35.708416],[140.794944,35.708458],[140.794394,35.708374],[140.792506,35.707907],[140.792281,35.707791],[140.791531,35.707591],[140.789682,35.706941],[140.788844,35.706516],[140.788207,35.706499],[140.787469,35.706232],[140.784144,35.705291],[140.782944,35.704891],[140.781782,35.704441],[140.780345,35.704041],[140.780045,35.703857],[140.779232,35.703549],[140.778879,35.703091],[140.77882,35.703074],[140.778545,35.703258],[140.777957,35.703083],[140.777295,35.703016],[140.777157,35.702966],[140.776933,35.702699],[140.776633,35.702608],[140.776058,35.702433],[140.77597,35.702458],[140.775808,35.702433],[140.775308,35.702233],[140.77447,35.702258],[140.774283,35.702191],[140.774033,35.702008],[140.773033,35.701783],[140.772208,35.701541],[140.771121,35.701141],[140.769183,35.700516],[140.768958,35.700399],[140.768683,35.700108],[140.768246,35.699841],[140.767933,35.699799],[140.767358,35.699841],[140.766858,35.699458],[140.766858,35.699391],[140.766446,35.698874],[140.765858,35.698883],[140.765746,35.698966],[140.765496,35.699108],[140.765084,35.699016],[140.764559,35.698616],[140.764284,35.698524],[140.764059,35.698974],[140.763809,35.698841],[140.763671,35.698233],[140.763196,35.698208],[140.762759,35.698008],[140.762209,35.698191],[140.761846,35.698191],[140.761571,35.698033],[140.761219,35.697984],[140.761071,35.697966],[140.760509,35.697408],[140.760121,35.697116],[140.760121,35.696916],[140.760046,35.696666],[140.759734,35.696466],[140.759234,35.6962],[140.757822,35.695975],[140.755422,35.6951],[140.755034,35.695033],[140.751847,35.693916],[140.75096,35.693716],[140.75071,35.693491],[140.75021,35.6935],[140.74991,35.693633],[140.749522,35.69375],[140.749135,35.693591],[140.748747,35.6935],[140.748272,35.69355],[140.747085,35.693458],[140.746684,35.693455],[140.746123,35.693441],[140.745685,35.69335],[140.74521,35.693216],[140.744873,35.693166],[140.744598,35.693075],[140.74416,35.692966],[140.74391,35.692825],[140.743748,35.692783],[140.743273,35.6928],[140.741748,35.692683],[140.740785,35.692566],[140.740485,35.692475],[140.740123,35.69245],[140.739286,35.692516],[140.738961,35.692491],[140.738161,35.69235],[140.737848,35.692308],[140.737548,35.692283],[140.737348,35.692258],[140.736911,35.691666],[140.736611,35.691441],[140.736361,35.691333],[140.736361,35.691491],[140.736411,35.691533],[140.736586,35.691983],[140.736661,35.692575],[140.736748,35.692891],[140.736761,35.6937],[140.736823,35.694041],[140.736323,35.694083],[140.736236,35.694108],[140.736236,35.693974],[140.736073,35.693991],[140.736073,35.694308],[140.735148,35.695408],[140.734211,35.694958],[140.735223,35.693625],[140.735998,35.6935],[140.736136,35.692616],[140.733798,35.692725],[140.733636,35.691541],[140.732736,35.691616],[140.732649,35.692358],[140.732536,35.692425],[140.732374,35.692491],[140.732211,35.69255],[140.732074,35.692575],[140.731999,35.692575],[140.731911,35.692583],[140.731786,35.692608],[140.731674,35.692625],[140.731574,35.692641],[140.731386,35.692675],[140.731299,35.692675],[140.731186,35.6927],[140.730986,35.692733],[140.730861,35.692716],[140.729349,35.692858],[140.728636,35.692883],[140.727712,35.692556],[140.727524,35.692558],[140.727449,35.692924],[140.727411,35.693283],[140.727299,35.693283],[140.726274,35.693708],[140.725087,35.693683],[140.724924,35.693699],[140.724762,35.693658],[140.724762,35.693591],[140.724512,35.693566],[140.724149,35.693583],[140.723999,35.694258],[140.723974,35.694849],[140.724137,35.695366],[140.724162,35.695666],[140.723912,35.696291],[140.723549,35.697424],[140.723299,35.698099],[140.722762,35.698799],[140.721512,35.699757],[140.720487,35.70039],[140.720074,35.700615],[140.719299,35.700923],[140.717299,35.701457],[140.715112,35.701973],[140.71415,35.702123],[140.712312,35.702273],[140.711375,35.702231],[140.709937,35.702223],[140.7077,35.702148],[140.707025,35.702098],[140.70625,35.702006],[140.705863,35.701981],[140.705763,35.70214],[140.7054,35.70214],[140.705338,35.70209],[140.705338,35.701923],[140.705313,35.701915],[140.7046,35.70184],[140.704075,35.70184],[140.702026,35.70154],[140.701226,35.701398],[140.700038,35.701256],[140.699038,35.701073],[140.698676,35.701031],[140.698451,35.701048],[140.697488,35.700956],[140.696963,35.70084],[140.696376,35.700631],[140.694639,35.700473],[140.693451,35.700423],[140.693289,35.70044],[140.692514,35.700323],[140.690851,35.699706],[140.689002,35.699048],[140.688202,35.69884],[140.687402,35.698681],[140.685964,35.69829],[140.685877,35.69829],[140.685714,35.698223],[140.685427,35.698198],[140.684852,35.69804],[140.684689,35.69804],[140.683364,35.697673],[140.681752,35.697123],[140.680602,35.696781],[140.679927,35.696548],[140.67944,35.696415],[140.678552,35.696098],[140.67794,35.695932],[140.676703,35.695498],[140.676065,35.695273],[140.675065,35.694998],[140.674953,35.694998],[140.67429,35.69484],[140.673765,35.694607],[140.671091,35.693673],[140.668791,35.692982],[140.666891,35.69239],[140.665929,35.692115],[140.665867,35.69239],[140.665529,35.69234],[140.664492,35.691882],[140.664017,35.691724],[140.662192,35.690974],[140.66068,35.690199],[140.660593,35.690132],[140.65988,35.689899],[140.659543,35.689766],[140.65858,35.689466],[140.657918,35.689174],[140.655294,35.688233],[140.654594,35.688124],[140.654156,35.688116],[140.653819,35.688166],[140.653749,35.688109],[140.653719,35.687774],[140.653082,35.687125],[140.652444,35.686733],[140.651394,35.686191],[140.650345,35.685733],[140.650132,35.6856],[140.648057,35.684592],[140.64762,35.684325],[140.647258,35.68405],[140.645158,35.683067],[140.643995,35.682525],[140.643283,35.682225],[140.641958,35.681542],[140.640958,35.681017],[140.639583,35.680408],[140.637871,35.679567],[140.637046,35.679225],[140.636434,35.678858],[140.635834,35.678383],[140.635009,35.677884],[140.634584,35.6777],[140.634172,35.677467],[140.633709,35.677267],[140.632822,35.676742],[140.630722,35.675625],[140.630122,35.67535],[140.628822,35.67465],[140.628047,35.674167],[140.627547,35.673917],[140.625897,35.672917],[140.625073,35.672509],[140.624985,35.672484],[140.624248,35.672009],[140.623635,35.671642],[140.623198,35.671217],[140.62286,35.671034],[140.622585,35.670942],[140.62231,35.670809],[140.62176,35.670509],[140.621698,35.670413],[140.620848,35.669926],[140.620598,35.669859],[140.620386,35.669742],[140.619798,35.669342],[140.618586,35.668626],[140.617948,35.668126],[140.617448,35.667834],[140.617136,35.667701],[140.616286,35.667117],[140.615536,35.666692],[140.615036,35.666467],[140.614449,35.666126],[140.614124,35.665834],[140.613399,35.665317],[140.612687,35.664918],[140.612099,35.664693],[140.611124,35.663951],[140.610774,35.663609],[140.609049,35.662468],[140.607025,35.661118],[140.606337,35.660668],[140.604925,35.659768],[140.604475,35.659501],[140.603563,35.658801],[140.603038,35.65836],[140.601538,35.65721],[140.600901,35.656801],[140.600401,35.65636],[140.599188,35.65546],[140.598501,35.655027],[140.596551,35.653393],[140.595939,35.652918],[140.595551,35.652693],[140.595389,35.652535],[140.593889,35.651477],[140.592839,35.650852],[140.592227,35.650335],[140.590765,35.649327],[140.590377,35.649077],[140.589852,35.648811],[140.588915,35.648227],[140.588165,35.647661],[140.58774,35.647277],[140.58739,35.647011],[140.586503,35.646536],[140.585478,35.645936],[140.584641,35.645303],[140.584003,35.644744],[140.583541,35.644469],[140.583091,35.644111],[140.582541,35.643794],[140.581154,35.642678],[140.579654,35.641645],[140.577442,35.640253],[140.575867,35.639078],[140.574642,35.638254],[140.573455,35.63737],[140.57143,35.636071],[140.569856,35.634904],[140.569306,35.634613],[140.568581,35.634163],[140.568243,35.633896],[140.567893,35.633696],[140.567831,35.633713],[140.567669,35.633555],[140.567531,35.633313],[140.567169,35.633038],[140.565981,35.632297],[140.565594,35.631988],[140.564594,35.63133],[140.563757,35.63068],[140.562794,35.630081],[140.562382,35.629806],[140.561932,35.629564],[140.560995,35.628956],[140.560545,35.628548],[140.559607,35.627873],[140.55927,35.627564],[140.55772,35.626598],[140.557233,35.626256],[140.556733,35.625856],[140.555371,35.625156],[140.554983,35.62489],[140.554433,35.624573],[140.554183,35.62419],[140.553683,35.62379],[140.551934,35.622715],[140.550534,35.621907],[140.550109,35.62159],[140.549447,35.621048],[140.549122,35.620807],[140.548972,35.62074],[140.548259,35.62024],[140.547922,35.619973],[140.547647,35.619815],[140.547397,35.619615],[140.546785,35.618915],[140.546435,35.618665],[140.546122,35.618423],[140.544935,35.61779],[140.544522,35.61759],[140.543748,35.617098],[140.543548,35.616873],[140.543248,35.616515],[140.54261,35.615882],[140.54166,35.615123],[140.540286,35.614223],[140.539311,35.613431],[140.538986,35.613215],[140.538398,35.61269],[140.537986,35.612448],[140.537711,35.612223],[140.537236,35.611706],[140.537011,35.61159],[140.536599,35.61114],[140.536247,35.611424],[140.535299,35.612248],[140.534836,35.612656],[140.534511,35.612998],[140.534399,35.613039],[140.533186,35.614081],[140.532549,35.614672],[140.532499,35.614989],[140.532474,35.615639],[140.532262,35.615864],[140.531849,35.616389],[140.531512,35.616747],[140.530799,35.617739],[140.530687,35.618105],[140.530699,35.618489],[140.530774,35.618939],[140.530749,35.619522],[140.530812,35.620039],[140.530787,35.620489],[140.530649,35.620922],[140.530674,35.621347],[140.530824,35.621689],[140.530849,35.62193],[140.530761,35.62223],[140.530624,35.62243],[140.530324,35.62268],[140.530099,35.622772],[140.529774,35.622497],[140.529324,35.622413],[140.529224,35.622363],[140.528637,35.622255],[140.527537,35.622096],[140.527199,35.621963],[140.527149,35.621963],[140.526712,35.622196],[140.526487,35.622263],[140.525849,35.623138],[140.525862,35.623388],[140.525687,35.623754],[140.525662,35.624021],[140.525562,35.624313],[140.525312,35.624563],[140.525062,35.624879],[140.5249,35.625171],[140.524675,35.625763],[140.5238,35.626187],[140.523637,35.626396],[140.5232,35.627096],[140.523025,35.627496],[140.522975,35.627771],[140.523087,35.627954],[140.523362,35.628062],[140.5237,35.628154],[140.5237,35.628262],[140.523587,35.628537],[140.523475,35.628871],[140.5232,35.62887],[140.522787,35.628829],[140.522375,35.628654],[140.5221,35.628429],[140.52185,35.628179],[140.521625,35.628045],[140.5214,35.628004],[140.5213,35.628229],[140.520962,35.628179],[140.520825,35.628137],[140.520687,35.628362],[140.520575,35.628654],[140.520387,35.628637],[140.520112,35.629378],[140.520412,35.629562],[140.5205,35.62967],[140.520175,35.63037],[140.520087,35.630712],[140.520112,35.630795],[140.520287,35.630887],[140.520262,35.631045],[140.520012,35.631653],[140.519212,35.63152],[140.518962,35.631503],[140.518762,35.631745],[140.5185,35.632245],[140.518387,35.632586],[140.51825,35.632786],[140.518437,35.63292],[140.518412,35.633053],[140.51825,35.633078],[140.5177,35.632769],[140.517525,35.632969],[140.517388,35.633011],[140.5172,35.632878],[140.51715,35.632878],[140.516875,35.633244],[140.516813,35.633178],[140.5164,35.632928],[140.516338,35.632928],[140.516075,35.633244],[140.516075,35.633286],[140.516238,35.633419],[140.516175,35.633536],[140.5159,35.633852],[140.51585,35.633961],[140.515938,35.634119],[140.515875,35.634144],[140.515663,35.634394],[140.515463,35.634511],[140.515213,35.634511],[140.514913,35.634394],[140.514063,35.634352],[140.513888,35.634419],[140.513425,35.634852],[140.5137,35.635027],[140.513563,35.635344],[140.513488,35.635777],[140.513738,35.63586],[140.51415,35.63591],[140.514088,35.635977],[140.513925,35.636427],[140.514125,35.636519],[140.514013,35.63726],[140.514038,35.637302],[140.514375,35.637394],[140.514925,35.637419],[140.515012,35.637352],[140.515038,35.636894],[140.51515,35.636694],[140.516162,35.636852],[140.516525,35.636852],[140.517025,35.636894],[140.51735,35.637094],[140.517462,35.637452],[140.517387,35.637661],[140.517137,35.637819],[140.51595,35.637977],[140.51565,35.638135],[140.515512,35.638335],[140.515537,35.63856],[140.515787,35.638769],[140.516125,35.638877],[140.516262,35.639419],[140.516312,35.639894],[140.516212,35.640369],[140.515875,35.64086],[140.515412,35.641202],[140.515,35.641385],[140.5148,35.641518],[140.51475,35.641293],[140.514637,35.64116],[140.514387,35.64111],[140.5142,35.641118],[140.51425,35.640977],[140.514137,35.640552],[140.513912,35.64046],[140.513312,35.640601],[140.513262,35.641568],[140.5132,35.641593],[140.511825,35.641685],[140.511275,35.641751],[140.510388,35.641959],[140.510088,35.642118],[140.509838,35.642593],[140.509788,35.642634],[140.50945,35.643292],[140.5097,35.643492],[140.50995,35.643584],[140.510475,35.643601],[140.510537,35.643626],[140.5102,35.644101],[140.509925,35.644526],[140.5093,35.644417],[140.508963,35.644259],[140.508688,35.644034],[140.508513,35.643409],[140.508463,35.643334],[140.507775,35.642959],[140.507688,35.643001],[140.507663,35.643092],[140.50725,35.643051],[140.506913,35.643051],[140.5067,35.643226],[140.506563,35.643409],[140.506563,35.6435],[140.50645,35.6437],[140.506038,35.644],[140.505763,35.644092],[140.505375,35.644609],[140.505288,35.644925],[140.5053,35.645242],[140.505213,35.645467],[140.50485,35.645892],[140.504775,35.645958],[140.50475,35.646275],[140.504863,35.647292],[140.504913,35.64745],[140.505088,35.64765],[140.505088,35.647967],[140.505163,35.648125],[140.5055,35.648233],[140.506,35.647875],[140.506237,35.647808],[140.506937,35.6481],[140.5074,35.64805],[140.507437,35.648075],[140.5074,35.648342],[140.507262,35.648567],[140.507137,35.649],[140.507137,35.649383],[140.5073,35.649516],[140.507912,35.649608],[140.508075,35.649717],[140.508212,35.649742],[140.508237,35.649783],[140.507962,35.650258],[140.50745,35.651366],[140.507312,35.6515],[140.5072,35.6515],[140.506925,35.651325],[140.506125,35.651141],[140.50585,35.651733],[140.505625,35.651999],[140.5056,35.652158],[140.50585,35.652183],[140.506287,35.652266],[140.506837,35.652449],[140.507012,35.652583],[140.506849,35.652833],[140.506374,35.652991],[140.506187,35.653099],[140.506099,35.653191],[140.505987,35.653533],[140.506099,35.653758],[140.506462,35.654024],[140.506512,35.654141],[140.505799,35.654707],[140.505612,35.654657],[140.505574,35.654616],[140.505612,35.654457],[140.504999,35.654074],[140.504312,35.653741],[140.503762,35.654532],[140.503075,35.655299],[140.503899,35.655724],[140.504312,35.656057],[140.504649,35.656266],[140.504074,35.656965],[140.504262,35.657124],[140.503187,35.658274],[140.503112,35.658407],[140.502912,35.658565],[140.502562,35.658632],[140.502287,35.65884],[140.502149,35.658907],[140.501899,35.65859],[140.501699,35.658165],[140.501787,35.657824],[140.502249,35.657257],[140.502162,35.657124],[140.501949,35.657124],[140.501699,35.657307],[140.5015,35.65719],[140.501087,35.657649],[140.500875,35.65794],[140.500599,35.658482],[140.500324,35.65929],[140.500237,35.659657],[140.499674,35.660982],[140.499474,35.661298],[140.499262,35.661506],[140.498949,35.661706],[140.498487,35.661756],[140.498237,35.661823],[140.497987,35.662006],[140.497762,35.662273],[140.497599,35.662548],[140.497274,35.662731],[140.497137,35.662906],[140.496812,35.663564],[140.496702,35.663663],[140.496174,35.664356],[140.496174,35.664473],[140.496387,35.664831],[140.496474,35.665173],[140.496449,35.665306],[140.495949,35.665423],[140.495362,35.665489],[140.495087,35.665714],[140.495199,35.666098],[140.495474,35.666439],[140.495224,35.666822],[140.494812,35.667314],[140.494374,35.667681],[140.493899,35.667856],[140.493624,35.668222],[140.493487,35.668714],[140.493262,35.669056],[140.493074,35.669122],[140.492599,35.669097],[140.492162,35.668739],[140.491937,35.668606],[140.491437,35.668397],[140.490725,35.668514],[140.489812,35.668755],[140.489112,35.66898],[140.4889,35.66903],[140.48865,35.668755],[140.488175,35.668647],[140.487762,35.668805],[140.4874,35.669164],[140.486875,35.669322],[140.486825,35.669572],[140.487187,35.669939],[140.487412,35.670172],[140.4876,35.670464],[140.487625,35.67073],[140.487462,35.670864],[140.487212,35.670772],[140.48685,35.670572],[140.4868,35.670547],[140.486525,35.670547],[140.486387,35.670764],[140.4863,35.671214],[140.486037,35.671505],[140.485737,35.671663],[140.485437,35.671747],[140.48515,35.671797],[140.484875,35.671772],[140.48425,35.671447],[140.484025,35.671355],[140.483638,35.671447],[140.483138,35.671847],[140.482662,35.67218],[140.481937,35.673055],[140.481737,35.673338],[140.481012,35.67383],[140.4809,35.673946],[140.48065,35.674321],[140.480475,35.67493],[140.480537,35.67513],[140.480725,35.675313],[140.480937,35.675471],[140.481025,35.675721],[140.480562,35.676979],[140.479887,35.678279],[140.478787,35.680087],[140.478287,35.680779],[140.478012,35.681054],[140.477624,35.681337],[140.477262,35.681495],[140.477174,35.681562],[140.476874,35.681645],[140.476562,35.681695],[140.476521,35.681704],[140.476449,35.681712],[140.475649,35.681929],[140.475262,35.682062],[140.474562,35.682395],[140.474099,35.682662],[140.473337,35.683245],[140.472899,35.683528],[140.472537,35.683662],[140.471424,35.683812],[140.471199,35.68422],[140.471637,35.68447],[140.471987,35.685478],[140.471987,35.685595],[140.471899,35.685753],[140.470762,35.687095],[140.470087,35.688053],[140.469574,35.688928],[140.469237,35.689419],[140.468762,35.690294],[140.468249,35.691477],[140.467587,35.691611],[140.467287,35.691652],[140.467112,35.691719],[140.466587,35.691802],[140.465424,35.691861],[140.464874,35.691769],[140.464274,35.691586],[140.463475,35.691427],[140.46275,35.691327],[140.461875,35.691186],[140.46065,35.691069],[140.4607,35.691536],[140.460675,35.691677],[140.46045,35.692169],[140.460025,35.692885],[140.459912,35.693244],[140.459875,35.693669],[140.4599,35.694119],[140.460012,35.694544],[140.460237,35.696618],[140.460037,35.696977],[140.459812,35.697177],[140.4594,35.697285],[140.458575,35.697302],[140.458125,35.697476],[140.457762,35.697568],[140.457462,35.697585],[140.457237,35.697493],[140.457125,35.697493],[140.456875,35.697601],[140.45665,35.69821],[140.456462,35.698385],[140.45615,35.698543],[140.455512,35.698651],[140.455212,35.698826],[140.4551,35.69901],[140.455037,35.699035],[140.4549,35.699368],[140.4547,35.699568],[140.454425,35.699768],[140.45415,35.699926],[140.453975,35.700168],[140.454,35.700509],[140.454212,35.701068],[140.4543,35.701501],[140.454125,35.701701],[140.454012,35.701767],[140.453737,35.702101],[140.4537,35.702301],[140.453812,35.702551],[140.4543,35.703184],[140.454437,35.703434],[140.4546,35.703976],[140.454512,35.704267],[140.454312,35.704559],[140.454224,35.704892],[140.454274,35.705475],[140.454274,35.705842],[140.454137,35.70615],[140.453937,35.706334],[140.453824,35.706375],[140.453349,35.706417],[140.45255,35.706317],[140.452025,35.706184],[140.451475,35.705934],[140.45085,35.705742],[140.45035,35.705834],[140.4499,35.705967],[140.4499,35.706433],[140.4497,35.706725],[140.449587,35.707],[140.4495,35.707517],[140.449275,35.707733],[140.44855,35.708117],[140.448362,35.708317],[140.447912,35.70865],[140.4478,35.708875],[140.447737,35.709275],[140.447737,35.709683],[140.447837,35.709975],[140.448224,35.710383],[140.448337,35.710716],[140.448324,35.711058],[140.448237,35.71155],[140.448237,35.711933],[140.448312,35.712566],[140.448199,35.712808],[140.447749,35.712941],[140.447499,35.713116],[140.446724,35.713208],[140.446087,35.713224],[140.445699,35.713291],[140.445399,35.713241],[140.444874,35.712874],[140.444362,35.712599],[140.444,35.712558],[140.4437,35.712549],[140.443412,35.712599],[140.443225,35.712708],[140.443087,35.712841],[140.442975,35.713024],[140.442775,35.713674],[140.442662,35.713824],[140.44235,35.714007],[140.442125,35.714249],[140.441962,35.714632],[140.441899,35.714966],[140.441812,35.715082],[140.441537,35.715282],[140.441262,35.715391],[140.440812,35.715657],[140.440312,35.716015],[140.439424,35.716682],[140.438862,35.717374],[140.438187,35.717957],[140.437887,35.718157],[140.437662,35.71824],[140.437187,35.718265],[140.436587,35.71819],[140.435837,35.71789],[140.435562,35.717849],[140.43415,35.717948],[140.433437,35.717923],[140.433025,35.71794],[140.432437,35.718098],[140.43185,35.718432],[140.431075,35.719073],[140.430825,35.719406],[140.43065,35.719973],[140.430475,35.720265],[140.429975,35.720839],[140.429862,35.720906],[140.429662,35.721181],[140.429575,35.721514],[140.429762,35.722014],[140.430225,35.722689],[140.430412,35.723073],[140.430536,35.723186],[140.430687,35.723298],[140.431712,35.723848],[140.43195,35.724047],[140.432287,35.724389],[140.432387,35.724456],[140.432825,35.724864],[140.433912,35.726806],[140.434762,35.728164],[140.435074,35.728864],[140.435912,35.730505],[140.436187,35.731188],[140.436149,35.731522],[140.435924,35.732013],[140.435674,35.73228],[140.435424,35.73273],[140.435312,35.733113],[140.435337,35.73338],[140.435599,35.734513],[140.435624,35.734871],[140.435562,35.735388],[140.434712,35.736729],[140.4344,35.737804],[140.434225,35.738054],[140.434037,35.738254],[140.4339,35.738345],[140.433587,35.738704],[140.433275,35.73897],[140.4328,35.739504],[140.432687,35.739837],[140.43225,35.742511],[140.4321,35.743003],[140.4315,35.744328],[140.430863,35.745311],[140.429788,35.746611],[140.429363,35.747461],[140.428763,35.749119],[140.42865,35.749819],[140.42845,35.750802],[140.428188,35.751435],[140.427513,35.752352],[140.4271,35.752618],[140.425801,35.753251],[140.425451,35.753468],[140.425051,35.753876],[140.424763,35.754276],[140.424638,35.754709],[140.424588,35.755268],[140.424651,35.756193],[140.424626,35.756509],[140.424363,35.757634],[140.424338,35.757909],[140.423801,35.759117],[140.423438,35.760559],[140.423426,35.760834],[140.423601,35.761667],[140.423863,35.762617],[140.423876,35.763567],[140.423801,35.764042],[140.424088,35.764942],[140.424188,35.765058],[140.424313,35.765891],[140.424526,35.766458],[140.424651,35.767025],[140.424763,35.767925],[140.424988,35.769074],[140.425126,35.769666],[140.425126,35.769799],[140.425226,35.770008],[140.424651,35.770183],[140.424076,35.770158],[140.423951,35.770266],[140.423588,35.770666],[140.423188,35.771233],[140.422988,35.771457],[140.422551,35.771791],[140.421614,35.772866],[140.421314,35.773266],[140.421189,35.773332],[140.420964,35.773357],[140.420139,35.773307],[140.418477,35.773274],[140.417227,35.773174],[140.416477,35.773216],[140.416052,35.773324],[140.415627,35.773524],[140.415289,35.773815],[140.415164,35.773815],[140.414827,35.773565],[140.414052,35.773266],[140.413802,35.773241],[140.411602,35.772841],[140.41094,35.772766],[140.410503,35.772607],[140.409565,35.772732],[140.40954,35.772574],[140.410303,35.772491],[140.410577,35.772424],[140.410602,35.772382],[140.410577,35.772199],[140.410602,35.771949],[140.410552,35.771707],[140.409978,35.771724],[140.409828,35.771607],[140.409803,35.771382],[140.409978,35.771291],[140.410465,35.771207],[140.41049,35.771116],[140.410265,35.770574],[140.40994,35.770324],[140.40959,35.770299],[140.40914,35.770432],[140.40864,35.770407],[140.40784,35.770199],[140.407015,35.770191],[140.406515,35.770257],[140.406303,35.770366],[140.406303,35.770432],[140.405803,35.771266],[140.40554,35.771624],[140.405215,35.771932],[140.404965,35.772224],[140.40484,35.77254],[140.404628,35.772815],[140.404528,35.773149],[140.404653,35.773532],[140.404828,35.773757],[140.404878,35.773899],[140.404765,35.77414],[140.404566,35.774349],[140.404241,35.774524],[140.403941,35.774882],[140.403391,35.774965],[140.402878,35.77499],[140.402466,35.774665],[140.402091,35.774557],[140.401566,35.774349],[140.400866,35.77414],[140.398466,35.77324],[140.397341,35.772824],[140.396266,35.772365],[140.396166,35.772274],[140.396004,35.771957],[140.395904,35.77144],[140.395604,35.770765],[140.395504,35.770649],[140.395241,35.770465],[140.394941,35.770174],[140.394916,35.769699],[140.394966,35.769316],[140.394979,35.768932],[140.394779,35.768749],[140.394529,35.768657],[140.393879,35.768316],[140.393779,35.768199],[140.393504,35.767991],[140.393279,35.767882],[140.393204,35.767899],[140.392354,35.767982],[140.391954,35.768116],[140.391567,35.768391],[140.391379,35.768299],[140.391154,35.768091],[140.390904,35.767949],[140.390654,35.768091],[140.390142,35.768199],[140.389767,35.768374],[140.389467,35.768482],[140.389167,35.768666],[140.389067,35.768666],[140.388942,35.768507],[140.389092,35.768324],[140.389492,35.768007],[140.390529,35.767657],[140.390579,35.767499],[140.390454,35.767366],[140.390104,35.767182],[140.389779,35.767107],[140.389329,35.767066],[140.389204,35.766991],[140.389154,35.766832],[140.389504,35.766749],[140.389804,35.766724],[140.390404,35.766799],[140.390754,35.767007],[140.391229,35.767507],[140.391379,35.767549],[140.392079,35.767599],[140.392729,35.767449],[140.393454,35.767541],[140.393741,35.767499],[140.393966,35.767324],[140.394466,35.766757],[140.394904,35.766399],[140.395079,35.766291],[140.395179,35.766199],[140.395179,35.766158],[140.394804,35.766041],[140.394004,35.765991],[140.393579,35.765874],[140.392929,35.764858],[140.392742,35.764516],[140.392742,35.764333],[140.392817,35.764199],[140.392917,35.764174],[140.393142,35.764249],[140.393292,35.764383],[140.393517,35.764724],[140.393954,35.765583],[140.394254,35.765633],[140.394754,35.765633],[140.395329,35.765683],[140.395579,35.765683],[140.395729,35.765574],[140.395754,35.765374],[140.395816,35.765258],[140.396441,35.765333],[140.396966,35.765066],[140.397341,35.764774],[140.397191,35.764633],[140.397041,35.764391],[140.396829,35.763799],[140.396854,35.763708],[140.397129,35.763691],[140.397354,35.763824],[140.397504,35.763983],[140.397591,35.764458],[140.397791,35.764524],[140.398004,35.764416],[140.398579,35.764199],[140.399678,35.763933],[140.399778,35.763799],[140.399766,35.763525],[140.399591,35.7633],[140.399291,35.76305],[140.397816,35.762433],[140.397091,35.762016],[140.396791,35.761766],[140.396616,35.761516],[140.396579,35.761041],[140.396604,35.76055],[140.396504,35.760233],[140.396566,35.76005],[140.396741,35.76005],[140.396841,35.759966],[140.396816,35.759716],[140.396716,35.759375],[140.396516,35.758992],[140.396279,35.758242],[140.395967,35.756983],[140.395817,35.75675],[140.395692,35.756642],[140.395467,35.756525],[140.395192,35.756317],[140.394942,35.756158],[140.394792,35.756158],[140.394492,35.756425],[140.394367,35.75665],[140.393854,35.757283],[140.393454,35.757567],[140.393054,35.757658],[140.392154,35.757608],[140.391604,35.757692],[140.391092,35.757825],[140.390717,35.758],[140.390367,35.758],[140.389767,35.757883],[140.389092,35.757808],[140.389067,35.757742],[140.389117,35.75765],[140.389292,35.757633],[140.390017,35.757617],[140.391079,35.757483],[140.392179,35.757225],[140.393004,35.757183],[140.393354,35.757075],[140.393604,35.756892],[140.394017,35.756358],[140.394167,35.756067],[140.394292,35.755883],[140.394442,35.755792],[140.394679,35.755734],[140.395054,35.755684],[140.395504,35.755509],[140.396104,35.755309],[140.396654,35.75525],[140.397841,35.755009],[140.399704,35.754184],[140.400578,35.753767],[140.401103,35.753542],[140.401866,35.753325],[140.401966,35.753242],[140.401878,35.752617],[140.401666,35.751901],[140.400454,35.748918],[140.400404,35.748543],[140.400566,35.74701],[140.400541,35.746918],[140.400604,35.746176],[140.400504,35.745118],[140.400866,35.744993],[140.401528,35.744635],[140.402116,35.744277],[140.402678,35.743852],[140.403028,35.74361],[140.403316,35.743318],[140.403341,35.743227],[140.403316,35.743027],[140.403016,35.742643],[140.402578,35.742368],[140.402191,35.742302],[140.401641,35.74241],[140.400754,35.742827],[140.400329,35.743093],[140.399916,35.743502],[140.399691,35.74381],[140.399604,35.74406],[140.399429,35.744351],[140.399216,35.744301],[140.399241,35.744276],[140.399191,35.744127],[140.399191,35.743877],[140.399141,35.743677],[140.398979,35.743377],[140.398591,35.743243],[140.398116,35.743285],[140.397566,35.74326],[140.396879,35.743118],[140.396817,35.743135],[140.396729,35.743277],[140.396817,35.743768],[140.396729,35.743876],[140.396592,35.743901],[140.396429,35.74381],[140.396292,35.743543],[140.396292,35.743451],[140.396404,35.74316],[140.396604,35.74296],[140.396717,35.742685],[140.396604,35.742218],[140.396292,35.741427],[140.396092,35.741202],[140.395879,35.741043],[140.395354,35.741127],[140.394992,35.74106],[140.393917,35.740535],[140.393504,35.740368],[140.393417,35.740393],[140.392442,35.740968],[140.392142,35.741018],[140.39173,35.740943],[140.391367,35.74096],[140.390705,35.74116],[140.390255,35.741385],[140.389892,35.741627],[140.38953,35.741827],[140.388705,35.742185],[140.388642,35.74236],[140.388692,35.742676],[140.388692,35.742943],[140.388792,35.743351],[140.388467,35.743235],[140.38803,35.74276],[140.387955,35.742468],[140.387843,35.742151],[140.387218,35.741793],[140.386305,35.741377],[140.385568,35.741102],[140.385368,35.74101],[140.38498,35.74096],[140.384518,35.741052],[140.384406,35.741118],[140.384068,35.741585],[140.383968,35.742393],[140.38393,35.743226],[140.383818,35.743293],[140.383743,35.74316],[140.383631,35.742643],[140.383781,35.741876],[140.383656,35.741543],[140.383481,35.741426],[140.383181,35.741376],[140.382931,35.741376],[140.382331,35.741151],[140.381943,35.741126],[140.381668,35.741051],[140.381556,35.740918],[140.381556,35.740785],[140.381693,35.740718],[140.382006,35.740743],[140.383081,35.74106],[140.383206,35.741135],[140.383593,35.741176],[140.383843,35.741185],[140.384093,35.741001],[140.384406,35.740852],[140.385068,35.740693],[140.385155,35.740493],[140.385268,35.740002],[140.385505,35.739418],[140.385443,35.739102],[140.385343,35.738943],[140.385205,35.738535],[140.385268,35.738177],[140.385243,35.738085],[140.384806,35.737569],[140.384643,35.737294],[140.384506,35.736869],[140.384256,35.736577],[140.384231,35.736352],[140.384268,35.73626],[140.384456,35.735994],[140.384743,35.735427],[140.384918,35.734669],[140.385506,35.733819],[140.385656,35.733411],[140.385968,35.732811],[140.386393,35.731753],[140.386781,35.731486],[140.387281,35.731244],[140.387668,35.730953],[140.388143,35.730686],[140.38828,35.730578],[140.388755,35.730311],[140.389093,35.729969],[140.388443,35.728978],[140.38858,35.728961],[140.38938,35.729028],[140.390018,35.729036],[140.390705,35.72922],[140.391255,35.729295],[140.391843,35.72932],[140.392367,35.729278],[140.392842,35.728986],[140.393205,35.72847],[140.393517,35.72782],[140.393267,35.727753],[140.392355,35.727836],[140.392268,35.727811],[140.391855,35.727811],[140.390918,35.728028],[140.390693,35.728003],[140.390718,35.72787],[140.39108,35.72772],[140.391443,35.727603],[140.391855,35.72752],[140.391943,35.727386],[140.391668,35.726978],[140.390543,35.726412],[140.390193,35.726295],[140.389831,35.726112],[140.389306,35.725678],[140.388168,35.724453],[140.387756,35.72412],[140.386994,35.723395],[140.386706,35.723678],[140.385731,35.724353],[140.384894,35.72497],[140.384006,35.725778],[140.383031,35.72647],[140.382631,35.726645],[140.382169,35.726778],[140.381856,35.726911],[140.381656,35.727336],[140.381244,35.727553],[140.380494,35.727794],[140.380331,35.728086],[140.379681,35.728644],[140.379231,35.729119],[140.378669,35.729903],[140.378531,35.730302],[140.378581,35.730869],[140.379019,35.731544],[140.379444,35.732427],[140.379469,35.732561],[140.379381,35.733144],[140.379019,35.733794],[140.378756,35.734602],[140.377519,35.736702],[140.377169,35.737443],[140.377056,35.737868],[140.37172,35.738865],[140.371044,35.738835],[140.370132,35.73901],[140.368932,35.739185],[140.368132,35.739251],[140.36817,35.738785],[140.367995,35.737993],[140.368032,35.737652],[140.367845,35.73511],[140.367795,35.732835],[140.367945,35.731127],[140.368032,35.730794],[140.367732,35.730119],[140.367007,35.729369],[140.366358,35.728286],[140.366158,35.727119],[140.366133,35.726619],[140.366033,35.725861],[140.368633,35.724719],[140.369633,35.724111],[140.370582,35.723378],[140.37102,35.723086],[140.371245,35.723178],[140.371657,35.723445],[140.371732,35.723445],[140.371807,35.723445],[140.372445,35.723561],[140.37297,35.723628],[140.373857,35.72382],[140.374407,35.723861],[140.37487,35.72387],[140.375182,35.723936],[140.37542,35.724078],[140.375695,35.724278],[140.37617,35.724553],[140.376557,35.72467],[140.376744,35.724695],[140.377207,35.724828],[140.377407,35.724761],[140.377607,35.724586],[140.377769,35.724228],[140.377757,35.723528],[140.37762,35.722762],[140.37757,35.72267],[140.37747,35.722245],[140.377082,35.72177],[140.376832,35.72152],[140.376257,35.721087],[140.375795,35.720612],[140.375632,35.720345],[140.375607,35.720028],[140.375807,35.719762],[140.376007,35.719487],[140.376232,35.71902],[140.376995,35.717229],[140.377407,35.715921],[140.37807,35.715521],[140.37847,35.714804],[140.378857,35.714296],[140.37922,35.714179],[140.379445,35.714188],[140.379795,35.714254],[140.380107,35.714279],[140.381682,35.714021],[140.38232,35.714004],[140.383757,35.714196],[140.385119,35.713596],[140.386107,35.713329],[140.386144,35.713288],[140.385457,35.712721],[140.38497,35.711771],[140.38487,35.711188],[140.384632,35.710463],[140.384445,35.709655],[140.38422,35.709363],[140.383982,35.709205],[140.383595,35.709088],[140.38312,35.709063],[140.382708,35.708988],[140.382208,35.708805],[140.381945,35.708488],[140.381683,35.707405],[140.381508,35.707297],[140.38127,35.70723],[140.380745,35.707047],[140.38072,35.70693],[140.380858,35.706838],[140.381045,35.706838],[140.381545,35.707047],[140.381845,35.70723],[140.382095,35.707505],[140.382333,35.707863],[140.382708,35.70863],[140.382845,35.708697],[140.382995,35.70868],[140.383133,35.708613],[140.383283,35.707672],[140.383395,35.70738],[140.383508,35.707238],[140.383558,35.707038],[140.383458,35.706255],[140.38297,35.705122],[140.382633,35.704222],[140.38257,35.703972],[140.382408,35.703656],[140.381896,35.703564],[140.381508,35.703364],[140.380821,35.702772],[140.380496,35.702539],[140.380133,35.702364],[140.379496,35.702172],[140.378208,35.702081],[140.377409,35.701872],[140.376634,35.701614],[140.376334,35.701456],[140.375696,35.701314],[140.374921,35.701289],[140.374296,35.701106],[140.373796,35.700856],[140.373659,35.700831],[140.373159,35.700822],[140.372659,35.701114],[140.372246,35.701447],[140.372096,35.701606],[140.371759,35.702122],[140.371609,35.702272],[140.371109,35.702539],[140.370721,35.702655],[140.369834,35.70278],[140.369722,35.702714],[140.369809,35.702647],[140.369997,35.70258],[140.370721,35.702447],[140.371134,35.702339],[140.371409,35.702006],[140.371634,35.701797],[140.37172,35.701577],[140.372084,35.701222],[140.373334,35.700239],[140.373334,35.700039],[140.373284,35.699839],[140.373284,35.699548],[140.372984,35.699139],[140.372822,35.698781],[140.372747,35.698464],[140.372559,35.698098],[140.372259,35.697781],[140.372197,35.697764],[140.371959,35.697806],[140.37172,35.697936],[140.371509,35.697798],[140.371009,35.697548],[140.370659,35.697406],[140.370522,35.697431],[140.370347,35.697523],[140.370134,35.697523],[140.369884,35.697448],[140.369822,35.697314],[140.369909,35.69714],[140.370322,35.697139],[140.370572,35.69709],[140.370734,35.697098],[140.371184,35.697431],[140.371397,35.697498],[140.371622,35.697456],[140.37172,35.697286],[140.371984,35.697198],[140.372122,35.697223],[140.372297,35.69704],[140.372434,35.697339],[140.372697,35.697673],[140.372922,35.697856],[140.372997,35.698081],[140.373572,35.699164],[140.373672,35.699231],[140.374097,35.698964],[140.374659,35.698431],[140.375747,35.697606],[140.375947,35.697065],[140.378009,35.694765],[140.378159,35.694657],[140.378322,35.694457],[140.378572,35.694323],[140.379159,35.694098],[140.379572,35.693807],[140.379884,35.693523],[140.380134,35.693407],[140.380272,35.693298],[140.380034,35.692732],[140.379572,35.692149],[140.379022,35.691674],[140.378859,35.691357],[140.378809,35.691132],[140.378809,35.690907],[140.378859,35.690882],[140.379084,35.690932],[140.379197,35.691157],[140.379409,35.691407],[140.380072,35.691949],[140.380684,35.693099],[140.380772,35.69319],[140.381097,35.693373],[140.381709,35.693515],[140.381947,35.693648],[140.382172,35.69349],[140.382572,35.693024],[140.383009,35.692574],[140.383272,35.692107],[140.383434,35.691882],[140.383609,35.691324],[140.383722,35.691116],[140.383984,35.691024],[140.384297,35.690849],[140.384722,35.690791],[140.385122,35.690674],[140.385522,35.690591],[140.385172,35.689682],[140.385884,35.689907],[140.387272,35.689333],[140.387247,35.689516],[140.387259,35.689632],[140.387384,35.689666],[140.387547,35.689666],[140.387922,35.689608],[140.388122,35.689724],[140.388322,35.689874],[140.388522,35.689941],[140.388822,35.689941],[140.389297,35.689991],[140.389509,35.690124],[140.389671,35.690307],[140.390009,35.690374],[140.390696,35.690249],[140.391671,35.690008],[140.392309,35.689899],[140.392396,35.689566],[140.392372,35.689183],[140.392559,35.689133],[140.392859,35.689341],[140.393084,35.689299],[140.393334,35.689074],[140.393559,35.688808],[140.393622,35.688533],[140.393372,35.688],[140.393109,35.687658],[140.392947,35.687275],[140.392997,35.687208],[140.393359,35.687166],[140.393609,35.687458],[140.393959,35.688133],[140.394034,35.688833],[140.393859,35.689233],[140.392859,35.690058],[140.392959,35.690374],[140.393234,35.690516],[140.393621,35.691124],[140.394246,35.691849],[140.395546,35.691382],[140.396408,35.691124],[140.396683,35.690941],[140.396946,35.690449],[140.397383,35.690366],[140.398333,35.689674],[140.398496,35.689449],[140.398508,35.689266],[140.398421,35.688975],[140.398421,35.688658],[140.398534,35.688483],[140.398759,35.688683],[140.398921,35.689],[140.398996,35.689341],[140.399271,35.689749],[140.399521,35.689883],[140.399683,35.690091],[140.400195,35.690949],[140.400358,35.691058],[140.400695,35.691133],[140.40152,35.691041],[140.401857,35.691049],[140.402232,35.691091],[140.40257,35.691191],[140.403257,35.691641],[140.403994,35.692033],[140.404407,35.692216],[140.404894,35.691224],[140.405119,35.690891],[140.405457,35.690216],[140.405457,35.690108],[140.405319,35.689766],[140.405294,35.689433],[140.405332,35.689141],[140.405419,35.688891],[140.405357,35.688758],[140.40462,35.688725],[140.40357,35.688566],[140.403183,35.68845],[140.40277,35.688291],[140.402545,35.688266],[140.402045,35.688483],[140.401745,35.688416],[140.401608,35.688325],[140.401558,35.688191],[140.401196,35.687875],[140.401096,35.68765],[140.400846,35.6869],[140.400721,35.686292],[140.400484,35.685417],[140.400509,35.685125],[140.401071,35.684317],[140.401246,35.683892],[140.401246,35.683467],[140.401121,35.6827],[140.401183,35.682409],[140.401133,35.682184],[140.400958,35.681934],[140.400421,35.681101],[140.400121,35.680734],[140.400046,35.680576],[140.399871,35.680417],[140.399871,35.680376],[140.399934,35.680351],[140.399546,35.680217],[140.398946,35.679443],[140.398871,35.679201],[140.398796,35.678751],[140.398759,35.678768],[140.398709,35.678743],[140.398409,35.678743],[140.398021,35.678693],[140.397721,35.678601],[140.397409,35.678443],[140.396509,35.678259],[140.396147,35.678209],[140.395509,35.678026],[140.394934,35.677909],[140.393147,35.677401],[140.392834,35.677376],[140.392284,35.677234],[140.392259,35.677168],[140.392297,35.676676],[140.392209,35.676451],[140.392109,35.676318],[140.391884,35.676293],[140.391309,35.676351],[140.391059,35.676285],[140.390647,35.676076],[140.390334,35.676235],[140.390172,35.676276],[140.389834,35.676568],[140.388922,35.677143],[140.388134,35.677543],[140.387335,35.678076],[140.386835,35.678259],[140.386197,35.678659],[140.386085,35.678767],[140.385635,35.679076],[140.383622,35.680725],[140.383372,35.680884],[140.382935,35.680567],[140.382722,35.679892],[140.38251,35.679617],[140.38221,35.679417],[140.38201,35.679326],[140.38176,35.679392],[140.381535,35.679751],[140.381235,35.680126],[140.380947,35.680375],[140.380585,35.680575],[140.380397,35.680792],[140.380285,35.681],[140.38011,35.6816],[140.37996,35.681784],[140.379685,35.681959],[140.379297,35.682133],[140.37811,35.682508],[140.377635,35.682775],[140.377135,35.6825],[140.376722,35.682233],[140.376185,35.6818],[140.375547,35.681434],[140.375322,35.681367],[140.374372,35.680684],[140.373847,35.680409],[140.37341,35.680001],[140.372722,35.679526],[140.372122,35.679051],[140.37172,35.678797],[140.37151,35.678759],[140.37106,35.679159],[140.371285,35.679367],[140.37172,35.679647],[140.372822,35.6804],[140.373322,35.680809],[140.37256,35.681775],[140.371972,35.682717],[140.37172,35.682796],[140.371122,35.68335],[140.368823,35.685299],[140.36871,35.685449],[140.368935,35.686016],[140.36851,35.686108],[140.367935,35.685924],[140.36771,35.686149],[140.367435,35.686999],[140.367398,35.688082],[140.367598,35.688266],[140.367485,35.688307],[140.367235,35.688099],[140.366848,35.687541],[140.36696,35.686708],[140.36746,35.685966],[140.36761,35.685516],[140.366473,35.684683],[140.365898,35.683575],[140.365373,35.683733],[140.36496,35.683933],[140.364035,35.684583],[140.362823,35.685141],[140.36191,35.685633],[140.361098,35.686258],[140.360935,35.686325],[140.360798,35.686775],[140.36066,35.686841],[140.360548,35.686816],[140.360185,35.686275],[140.359498,35.686091],[140.358498,35.685666],[140.357586,35.685192],[140.356623,35.684933],[140.355773,35.684367],[140.355436,35.684233],[140.354498,35.683717],[140.354411,35.683692],[140.354273,35.683783],[140.353911,35.684117],[140.352511,35.683433],[140.351374,35.6826],[140.351549,35.682442],[140.351899,35.682284],[140.350386,35.680775],[140.349586,35.680051],[140.348437,35.678851],[140.346812,35.676659],[140.346949,35.676593],[140.346974,35.676551],[140.347662,35.676218],[140.347749,35.676151],[140.347749,35.676101],[140.347149,35.675809],[140.347424,35.675585],[140.348174,35.674776],[140.348787,35.673952],[140.349224,35.673002],[140.349261,35.67231],[140.349149,35.67156],[140.349037,35.671494],[140.348687,35.671519],[140.348512,35.672193],[140.348149,35.672752],[140.347824,35.672793],[140.347624,35.67226],[140.347274,35.67196],[140.346799,35.671735],[140.344725,35.670577],[140.34385,35.669993],[140.343575,35.66986],[140.342213,35.66916],[140.340088,35.668501],[140.3402,35.668202],[140.3405,35.667843],[140.340425,35.667777],[140.340338,35.667435],[140.340338,35.667277],[140.3402,35.66701],[140.339738,35.66676],[140.339701,35.666693],[140.339876,35.666218],[140.340013,35.666168],[140.340375,35.666152],[140.340538,35.665793],[140.340563,35.66511],[140.340538,35.665069],[140.340088,35.665227],[140.339763,35.665243],[140.339713,35.664885],[140.339538,35.664835],[140.338826,35.664743],[140.338901,35.664518],[140.340101,35.66396],[140.340875,35.66396],[140.341838,35.664077],[140.342313,35.664352],[140.344212,35.665144],[140.344575,35.665302],[140.346037,35.665377],[140.348637,35.665019],[140.348924,35.665044],[140.348887,35.665019],[140.348949,35.664686],[140.349087,35.664094],[140.349112,35.663761],[140.350524,35.663653],[140.353099,35.663161],[140.353624,35.663003],[140.353649,35.663028],[140.353624,35.662553],[140.353686,35.661803],[140.353874,35.661495],[140.353849,35.660478],[140.353911,35.660295],[140.354162,35.658578],[140.354237,35.65707],[140.354299,35.65677],[140.354274,35.656704],[140.353887,35.656612],[140.353299,35.65632],[140.352474,35.657178],[140.352224,35.657103],[140.351749,35.656853],[140.351699,35.656853],[140.351337,35.657353],[140.351499,35.657537],[140.351837,35.657762],[140.351424,35.65812],[140.351337,35.658145],[140.350862,35.657937],[140.350562,35.65807],[140.350175,35.658478],[140.350424,35.658678],[140.350812,35.658887],[140.350062,35.659312],[140.349762,35.659445],[140.348987,35.659653],[140.3474,35.660211],[140.347125,35.660253],[140.345825,35.660161],[140.345825,35.659845],[140.345688,35.65957],[140.344975,35.659778],[140.344863,35.660086],[140.344025,35.660311],[140.342838,35.660403],[140.341626,35.660619],[140.340763,35.660711],[140.340513,35.660594],[140.340438,35.660502],[140.339738,35.660411],[140.338826,35.660369],[140.338776,35.660594],[140.338413,35.660661],[140.338363,35.660611],[140.338438,35.660294],[140.338638,35.660052],[140.336751,35.660069],[140.336264,35.660044],[140.336151,35.659752],[140.335351,35.659569],[140.335239,35.659161],[140.334714,35.659185],[140.334652,35.659269],[140.334539,35.65981],[140.334327,35.660085],[140.333764,35.66006],[140.333052,35.659902],[140.333102,35.659452],[140.333464,35.658835],[140.333489,35.658544],[140.333252,35.658477],[140.333114,35.657486],[140.333002,35.657419],[140.332527,35.65741],[140.332439,35.657952],[140.332639,35.658902],[140.332227,35.658652],[140.332114,35.658294],[140.331839,35.657977],[140.331614,35.657819],[140.331389,35.657319],[140.331315,35.656894],[140.33059,35.656577],[140.330402,35.656235],[140.330352,35.655852],[140.330265,35.655719],[140.329902,35.65571],[140.329627,35.655985],[140.328877,35.656527],[140.328165,35.656902],[140.327465,35.657335],[140.327415,35.657335],[140.327278,35.657176],[140.326828,35.657285],[140.326615,35.657693],[140.326365,35.657985],[140.326303,35.657943],[140.326228,35.657285],[140.32609,35.656993],[140.326365,35.657035],[140.32689,35.657035],[140.32744,35.65681],[140.327328,35.65566],[140.327165,35.65496],[140.326678,35.653535],[140.326915,35.653469],[140.327028,35.653785],[140.327253,35.654235],[140.327778,35.654219],[140.32789,35.654127],[140.327828,35.653744],[140.327365,35.653494],[140.32654,35.652902],[140.325765,35.652252],[140.325978,35.652027],[140.326228,35.651844],[140.32679,35.651344],[140.327203,35.651077],[140.328203,35.650744],[140.328315,35.650377],[140.327953,35.649744],[140.327453,35.649519],[140.327203,35.649161],[140.326765,35.649019],[140.326153,35.648886],[140.325765,35.648977],[140.325765,35.649069],[140.325628,35.649244],[140.32519,35.649444],[140.325103,35.649785],[140.325403,35.650827],[140.32524,35.650844],[140.32479,35.651002],[140.324466,35.650419],[140.324603,35.650052],[140.324578,35.649535],[140.324278,35.64931],[140.324141,35.649352],[140.323941,35.649169],[140.324028,35.64886],[140.323391,35.649218],[140.323078,35.64946],[140.322528,35.649418],[140.321978,35.64946],[140.321366,35.649368],[140.320816,35.649343],[140.320429,35.649501],[140.320229,35.649685],[140.320179,35.649635],[140.320179,35.649276],[140.320491,35.64896],[140.320454,35.648668],[140.320066,35.64851],[140.320104,35.64756],[140.319854,35.647085],[140.320079,35.646885],[140.320404,35.647085],[140.320654,35.647135],[140.322066,35.646502],[140.322866,35.646052],[140.323616,35.645536],[140.323778,35.644927],[140.323891,35.644702],[140.323978,35.644677],[140.324278,35.644794],[140.324616,35.644527],[140.324778,35.644278],[140.324028,35.643961],[140.324091,35.643528],[140.324503,35.643528],[140.324616,35.643778],[140.325503,35.644094],[140.325778,35.644119],[140.325753,35.643803],[140.325453,35.642919],[140.324866,35.642828],[140.324153,35.642828],[140.323378,35.642786],[140.323428,35.641969],[140.323403,35.640411],[140.323316,35.64037],[140.321803,35.64007],[140.321078,35.639819],[140.321278,35.639661],[140.321966,35.638695],[140.323216,35.637295],[140.324516,35.635987],[140.325428,35.635245],[140.326403,35.634621],[140.327065,35.634304],[140.327753,35.634054],[140.327928,35.634054],[140.32834,35.633879],[140.329115,35.633363],[140.329228,35.633246],[140.329278,35.632929],[140.329278,35.632388],[140.32914,35.631604],[140.328765,35.630946],[140.327928,35.629371],[140.327353,35.628205],[140.327016,35.628372],[140.326653,35.627655],[140.326728,35.627305],[140.325841,35.626163],[140.324728,35.626955],[140.324628,35.627288],[140.324278,35.62738],[140.324191,35.627455],[140.323841,35.627655],[140.323641,35.627855],[140.323366,35.628113],[140.323078,35.628363],[140.322978,35.62838],[140.322853,35.628297],[140.322566,35.628172],[140.322403,35.627997],[140.322316,35.627897],[140.320553,35.628671],[140.320516,35.628746],[140.320216,35.629105],[140.319841,35.629463],[140.319529,35.629738],[140.319191,35.630079],[140.318704,35.630429],[140.318354,35.630588],[140.317954,35.630638],[140.317654,35.630654],[140.317066,35.630746],[140.316941,35.630771],[140.316816,35.630796],[140.316691,35.630846],[140.316604,35.630787],[140.316454,35.630629],[140.316217,35.630437],[140.316079,35.630254],[140.315942,35.630113],[140.315592,35.629938],[140.315329,35.629854],[140.314942,35.629738],[140.314804,35.629654],[140.314679,35.629604],[140.314104,35.629313],[140.313754,35.629104],[140.313292,35.628821],[140.313055,35.628629],[140.31258,35.628279],[140.311992,35.627896],[140.311817,35.627813],[140.311342,35.627621],[140.311017,35.627504],[140.310942,35.627471],[140.31068,35.627296],[140.310305,35.626988],[140.310068,35.626688],[140.309568,35.626179],[140.309105,35.625771],[140.308568,35.625263],[140.308331,35.625146],[140.308106,35.624913],[140.307831,35.624605],[140.307893,35.62453],[140.308006,35.624455],[140.308306,35.624221],[140.308356,35.624038],[140.308268,35.623938],[140.308131,35.623813],[140.308193,35.623721],[140.308256,35.623621],[140.308056,35.623288],[140.307968,35.623071],[140.307906,35.62288],[140.308231,35.622888],[140.308343,35.622888],[140.308518,35.62283],[140.308893,35.622647],[140.309093,35.62253],[140.309356,35.62238],[140.309568,35.622222],[140.309806,35.622088],[140.310206,35.621888],[140.310493,35.621813],[140.310918,35.621688],[140.311505,35.621613],[140.311918,35.62163],[140.31203,35.621655],[140.312655,35.621688],[140.31288,35.621705],[140.312955,35.621413],[140.312918,35.621097],[140.31283,35.62063],[140.312855,35.620372],[140.312968,35.620064],[140.313055,35.61978],[140.313143,35.619455],[140.31323,35.619264],[140.31328,35.619155],[140.313393,35.61918],[140.313855,35.619097],[140.31393,35.618847],[140.313993,35.618647],[140.31443,35.618455],[140.314593,35.618389],[140.315093,35.618131],[140.315443,35.617897],[140.315593,35.617789],[140.315705,35.617631],[140.315843,35.617472],[140.315843,35.617406],[140.315805,35.617256],[140.315681,35.617156],[140.315593,35.617081],[140.315318,35.616939],[140.315006,35.616831],[140.314906,35.616772],[140.314656,35.616706],[140.314456,35.616722],[140.314118,35.616706],[140.313906,35.616697],[140.313506,35.616706],[140.313418,35.616656],[140.313306,35.616539],[140.313368,35.616456],[140.313406,35.616356],[140.313381,35.616264],[140.313031,35.616022],[140.312893,35.615856],[140.312719,35.615739],[140.312556,35.615722],[140.312431,35.615681],[140.312331,35.615647],[140.312256,35.615647],[140.312094,35.615764],[140.311844,35.615772],[140.311869,35.615681],[140.311869,35.615614],[140.311894,35.615464],[140.311844,35.615389],[140.311669,35.615331],[140.311119,35.615031],[140.311031,35.615072],[140.311006,35.615131],[140.310919,35.615347],[140.310606,35.615056],[140.310231,35.614864],[140.309856,35.614797],[140.309319,35.614456],[140.309232,35.614339],[140.309069,35.614089],[140.308982,35.613881],[140.308882,35.613664],[140.308819,35.613448],[140.308832,35.613364],[140.308957,35.613281],[140.308919,35.613181],[140.308869,35.613048],[140.308857,35.612948],[140.308957,35.612856],[140.309082,35.612781],[140.309169,35.612706],[140.309307,35.612573],[140.309482,35.612464],[140.309632,35.612381],[140.309782,35.612289],[140.309982,35.612098],[140.310057,35.611998],[140.310257,35.611848],[140.310532,35.611731],[140.310744,35.611548],[140.310744,35.611464],[140.310732,35.611264],[140.310694,35.611156],[140.310644,35.611089],[140.310544,35.611006],[140.310444,35.610831],[140.310432,35.610714],[140.310394,35.610639],[140.310344,35.610564],[140.310232,35.610364],[140.310095,35.610306],[140.30992,35.610239],[140.309695,35.610164],[140.309495,35.610173],[140.309257,35.610073],[140.30927,35.609956],[140.30932,35.609889],[140.30942,35.609814],[140.30977,35.609881],[140.309857,35.609906],[140.31017,35.609989],[140.310407,35.610114],[140.310557,35.610306],[140.310644,35.610414],[140.310669,35.610564],[140.310894,35.610814],[140.311094,35.611039],[140.311157,35.611164],[140.311332,35.611448],[140.311432,35.611623],[140.311482,35.611739],[140.311519,35.611823],[140.311607,35.611906],[140.311694,35.611956],[140.311857,35.611956],[140.312069,35.611898],[140.312119,35.611773],[140.312307,35.611506],[140.312357,35.611323],[140.312469,35.611064],[140.312607,35.610881],[140.312669,35.610781],[140.312669,35.610648],[140.312607,35.610406],[140.312532,35.610139],[140.312532,35.609923],[140.312582,35.609689],[140.312619,35.609573],[140.312794,35.609331],[140.313007,35.609098],[140.313207,35.608915],[140.313419,35.608706],[140.313532,35.608631],[140.313694,35.608506],[140.313982,35.608348],[140.314332,35.608206],[140.314682,35.608115],[140.315019,35.608065],[140.315194,35.608056],[140.315357,35.60799],[140.315457,35.607915],[140.315507,35.607756],[140.315457,35.607631],[140.315319,35.607523],[140.315169,35.607415],[140.314932,35.607306],[140.314695,35.607265],[140.31447,35.607181],[140.314257,35.607073],[140.31392,35.606948],[140.313782,35.606923],[140.313532,35.606781],[140.313307,35.606606],[140.313007,35.606523],[140.31297,35.606431],[140.31287,35.606323],[140.312895,35.606065],[140.313032,35.606098],[140.313395,35.606298],[140.313595,35.60644],[140.313732,35.606456],[140.313832,35.606398],[140.313907,35.606323],[140.314007,35.606148],[140.314107,35.605865],[140.314207,35.605498],[140.314357,35.605073],[140.31452,35.604723],[140.314645,35.604457],[140.314682,35.604357],[140.31477,35.604198],[140.314832,35.604082],[140.31512,35.604415],[140.315282,35.604607],[140.315557,35.60474],[140.315907,35.604915],[140.31617,35.60504],[140.316595,35.60519],[140.316732,35.605315],[140.31682,35.60534],[140.317032,35.60544],[140.317145,35.605506],[140.317682,35.605673],[140.318057,35.605806],[140.318582,35.60599],[140.318869,35.606148],[140.319094,35.606256],[140.319469,35.606481],[140.320394,35.606865],[140.320556,35.606931],[140.321119,35.607215],[140.321981,35.607673],[140.322556,35.607981],[140.322644,35.60804],[140.323106,35.608323],[140.323443,35.608498],[140.323543,35.608573],[140.323743,35.60869],[140.323881,35.608781],[140.323981,35.60884],[140.324043,35.608881],[140.324131,35.608723],[140.324181,35.608565],[140.324231,35.608273],[140.324206,35.607973],[140.324119,35.607673],[140.324094,35.607456],[140.324044,35.607306],[140.324131,35.607298],[140.324356,35.607273],[140.324619,35.607248],[140.324956,35.607206],[140.325331,35.607106],[140.325656,35.607098],[140.325906,35.607006],[140.326268,35.606848],[140.326606,35.606681],[140.327068,35.606406],[140.329268,35.606715],[140.329843,35.606656],[140.330156,35.606381],[140.330106,35.606223],[140.329531,35.60604],[140.329193,35.60559],[140.329006,35.60539],[140.328693,35.605315],[140.326681,35.605132],[140.323719,35.604315],[140.322619,35.60379],[140.322319,35.603473],[140.321294,35.60304],[140.321132,35.601932],[140.321182,35.601532],[140.321132,35.601507],[140.320907,35.601615],[140.32022,35.60184],[140.319357,35.60204],[140.318607,35.60209],[140.317707,35.601765],[140.317095,35.601365],[140.316483,35.601065],[140.31577,35.60084],[140.314858,35.60079],[140.313883,35.600882],[140.313258,35.601082],[140.312283,35.601165],[140.312033,35.601257],[140.311508,35.601598],[140.311321,35.601507],[140.311258,35.60144],[140.311433,35.601323],[140.312121,35.600898],[140.311921,35.600607],[140.311071,35.599899],[140.310746,35.599407],[140.310046,35.598182],[140.309084,35.59739],[140.308921,35.597124],[140.308671,35.59694],[140.308509,35.596507],[140.308396,35.596057],[140.308072,35.595649],[140.307047,35.595216],[140.306497,35.594791],[140.305972,35.594424],[140.305772,35.594249],[140.305809,35.594224],[140.306159,35.594266],[140.307184,35.594882],[140.308671,35.595649],[140.308871,35.596032],[140.308871,35.596424],[140.309396,35.597015],[140.309484,35.59709],[140.309584,35.597157],[140.309746,35.597332],[140.309934,35.597507],[140.309996,35.597632],[140.310059,35.597707],[140.310171,35.59779],[140.310259,35.597832],[140.310384,35.597899],[140.310471,35.597924],[140.310709,35.597949],[140.310821,35.597907],[140.310921,35.597849],[140.310934,35.597699],[140.311483,35.597799],[140.311521,35.597882],[140.311583,35.598182],[140.311608,35.59839],[140.311633,35.59849],[140.311346,35.599049],[140.311958,35.59954],[140.312283,35.600082],[140.312696,35.600357],[140.313083,35.60029],[140.313646,35.600115],[140.314033,35.60009],[140.314883,35.600115],[140.31572,35.600249],[140.316295,35.600257],[140.316545,35.600457],[140.31732,35.600823],[140.318058,35.600957],[140.318945,35.601257],[140.319695,35.601273],[140.320195,35.60114],[140.320832,35.600898],[140.321495,35.600832],[140.322207,35.600965],[140.323007,35.601015],[140.322982,35.600724],[140.322657,35.600224],[140.322595,35.60004],[140.322632,35.599099],[140.322745,35.598374],[140.322707,35.598124],[140.322295,35.597149],[140.322083,35.595907],[140.32227,35.595707],[140.32277,35.595391],[140.32322,35.594991],[140.32347,35.594674],[140.324033,35.593316],[140.324108,35.593041],[140.324145,35.592933],[140.324245,35.592833],[140.324333,35.592691],[140.324383,35.592591],[140.32387,35.592533],[140.323895,35.592249],[140.324045,35.592258],[140.32417,35.592258],[140.32432,35.592266],[140.32447,35.592233],[140.324633,35.592174],[140.32487,35.592008],[140.32502,35.591966],[140.325195,35.591958],[140.325333,35.591933],[140.325458,35.591891],[140.325595,35.591849],[140.325682,35.591849],[140.325857,35.591833],[140.325945,35.591849],[140.326045,35.591841],[140.326182,35.591883],[140.32627,35.591874],[140.326357,35.591899],[140.326445,35.591899],[140.32687,35.591825],[140.32697,35.591766],[140.327007,35.591666],[140.326995,35.591558],[140.326945,35.59145],[140.32687,35.591316],[140.326832,35.5912],[140.326807,35.591125],[140.32677,35.591008],[140.32677,35.5909],[140.32672,35.590725],[140.32672,35.590625],[140.32662,35.590433],[140.326507,35.590216],[140.326432,35.590141],[140.32632,35.590008],[140.326332,35.589933],[140.326395,35.58985],[140.326507,35.589883],[140.326595,35.589908],[140.326757,35.589983],[140.32682,35.59005],[140.326882,35.590133],[140.327032,35.590333],[140.327082,35.59045],[140.327145,35.590658],[140.327195,35.590816],[140.327245,35.590966],[140.327282,35.591083],[140.327332,35.591175],[140.32737,35.591266],[140.327395,35.591325],[140.327482,35.5914],[140.327557,35.591433],[140.327632,35.59145],[140.327845,35.591433],[140.328032,35.5914],[140.328145,35.591383],[140.328282,35.591391],[140.32837,35.591358],[140.328545,35.591341],[140.328707,35.591416],[140.328832,35.591466],[140.328957,35.591475],[140.329082,35.591391],[140.329232,35.59125],[140.329369,35.591116],[140.329444,35.590991],[140.329507,35.59085],[140.329519,35.590675],[140.329507,35.590525],[140.329519,35.590333],[140.329494,35.590158],[140.329469,35.590008],[140.329457,35.589933],[140.329382,35.589825],[140.329295,35.589733],[140.329195,35.589658],[140.329232,35.589542],[140.329332,35.589492],[140.329532,35.589467],[140.329694,35.589425],[140.329844,35.589375],[140.329994,35.58925],[140.330132,35.589167],[140.330219,35.589117],[140.330319,35.58905],[140.330432,35.589017],[140.330619,35.588933],[140.330732,35.588883],[140.330932,35.58875],[140.331119,35.588592],[140.331219,35.588542],[140.331394,35.588425],[140.331507,35.588325],[140.331657,35.588217],[140.331769,35.588175],[140.331894,35.588242],[140.331982,35.588308],[140.332082,35.5884],[140.332169,35.58845],[140.332082,35.588542],[140.332069,35.588675],[140.332107,35.588783],[140.332132,35.588908],[140.332157,35.589008],[140.332232,35.589117],[140.332332,35.5891],[140.332482,35.589125],[140.332719,35.589117],[140.332932,35.589117],[140.333057,35.589158],[140.333206,35.589258],[140.333319,35.589317],[140.333456,35.589333],[140.333581,35.589367],[140.333769,35.589417],[140.333881,35.589408],[140.333969,35.589442],[140.334181,35.5895],[140.334294,35.589675],[140.334331,35.589742],[140.334381,35.589808],[140.334506,35.589942],[140.334619,35.589942],[140.334769,35.590017],[140.334981,35.590092],[140.335294,35.590217],[140.335619,35.5903],[140.335881,35.590375],[140.336106,35.590408],[140.336269,35.590417],[140.336369,35.590375],[140.336456,35.590367],[140.336469,35.5903],[140.336469,35.5902],[140.336431,35.590025],[140.336394,35.589767],[140.336381,35.5896],[140.336469,35.589417],[140.336531,35.589292],[140.336631,35.589158],[140.336731,35.588984],[140.336844,35.588834],[140.336956,35.588767],[140.337081,35.588609],[140.337231,35.588442],[140.337294,35.588334],[140.337369,35.5882],[140.337906,35.58705],[140.337994,35.586959],[140.338268,35.586851],[140.338543,35.586809],[140.338656,35.586592],[140.338768,35.586226],[140.338494,35.585884],[140.338269,35.585817],[140.337881,35.585792],[140.337406,35.585367],[140.337331,35.585351],[140.335856,35.585101],[140.334719,35.585367],[140.333807,35.585526],[140.332807,35.585726],[140.332119,35.585909],[140.331869,35.585892],[140.331794,35.585867],[140.331282,35.585759],[140.330757,35.585659],[140.33017,35.585667],[140.329432,35.585692],[140.328707,35.585725],[140.32772,35.5858],[140.32637,35.585867],[140.325283,35.585942],[140.324645,35.585975],[140.32367,35.586067],[140.323358,35.586108],[140.323108,35.586142],[140.322758,35.586167],[140.322121,35.586175],[140.322008,35.586183],[140.321808,35.5862],[140.321508,35.586192],[140.320846,35.586183],[140.320408,35.586183],[140.319896,35.586117],[140.319158,35.586025],[140.318346,35.5859],[140.317684,35.585733],[140.317071,35.585567],[140.316884,35.585558],[140.316821,35.585675],[140.316609,35.5856],[140.316096,35.5854],[140.316009,35.585383],[140.316046,35.585192],[140.316071,35.584959],[140.315996,35.584959],[140.315909,35.584942],[140.315809,35.584934],[140.315496,35.58485],[140.314921,35.584684],[140.314259,35.584425],[140.313584,35.584142],[140.312972,35.583875],[140.312459,35.58365],[140.312372,35.583592],[140.312347,35.583492],[140.312209,35.583184],[140.312122,35.582984],[140.311959,35.582917],[140.311534,35.582709],[140.311334,35.582625],[140.311247,35.582584],[140.309335,35.581201],[140.308722,35.580842],[140.307422,35.580167],[140.307172,35.579992],[140.305573,35.579042],[140.30321,35.577901],[140.302685,35.577593],[140.302023,35.577251],[140.301311,35.576934],[140.300536,35.576534],[140.300361,35.576426],[140.298898,35.575751],[140.298673,35.575568],[140.298536,35.575343],[140.298236,35.575168],[140.297486,35.574851],[140.296486,35.574385],[140.296349,35.57436],[140.295911,35.574135],[140.295324,35.57391],[140.294999,35.573868],[140.294749,35.573751],[140.294636,35.573668],[140.293449,35.573035],[140.293037,35.572876],[140.292699,35.572651],[140.292337,35.572501],[140.291849,35.572451],[140.290737,35.572501],[140.290299,35.572568],[140.288475,35.57271],[140.288225,35.572776],[140.286987,35.572918],[140.287037,35.572693],[140.287237,35.57231],[140.287725,35.57181],[140.288,35.57161],[140.288775,35.570318],[140.289075,35.570027],[140.288762,35.570118],[140.288637,35.57016],[140.288562,35.570218],[140.288387,35.570293],[140.288225,35.570326],[140.28795,35.570451],[140.28775,35.570543],[140.287537,35.57061],[140.287275,35.570701],[140.286975,35.57086],[140.286688,35.570935],[140.286513,35.57101],[140.286338,35.571026],[140.286188,35.571026],[140.285888,35.571101],[140.2857,35.571135],[140.285613,35.571151],[140.285525,35.57111],[140.285438,35.571126],[140.285275,35.57116],[140.2851,35.571176],[140.285038,35.571243],[140.284925,35.571276],[140.284675,35.571318],[140.2845,35.57141],[140.284413,35.571426],[140.284288,35.571476],[140.284188,35.57151],[140.284,35.571501],[140.283676,35.57146],[140.283351,35.571301],[140.283276,35.571293],[140.283051,35.571226],[140.282938,35.571201],[140.282838,35.571151],[140.282501,35.571068],[140.282388,35.571035],[140.282213,35.570993],[140.282051,35.570976],[140.281976,35.571068],[140.281863,35.571176],[140.281751,35.571268],[140.281613,35.571318],[140.281488,35.571318],[140.281363,35.571309],[140.281026,35.571301],[140.280876,35.571259],[140.280601,35.571226],[140.280351,35.571184],[140.280126,35.571159],[140.279976,35.571159],[140.279714,35.571118],[140.279626,35.571126],[140.279451,35.571234],[140.279389,35.571301],[140.279301,35.571393],[140.279289,35.571459],[140.279189,35.571518],[140.279164,35.571576],[140.279076,35.571609],[140.279001,35.571601],[140.278651,35.571676],[140.278414,35.571701],[140.277901,35.571718],[140.277664,35.571718],[140.277501,35.571759],[140.277164,35.571734],[140.276964,35.571693],[140.276852,35.571651],[140.276752,35.571634],[140.276377,35.571543],[140.276127,35.571476],[140.276027,35.571451],[140.275827,35.571384],[140.275727,35.571401],[140.275452,35.571293],[140.275214,35.571151],[140.275102,35.571051],[140.274952,35.570909],[140.274889,35.570843],[140.274852,35.570601],[140.274764,35.570259],[140.274689,35.570009],[140.274677,35.569809],[140.274615,35.569609],[140.274477,35.569476],[140.274352,35.569376],[140.27414,35.569201],[140.273927,35.569084],[140.273702,35.569051],[140.273552,35.569018],[140.27339,35.568893],[140.273165,35.568801],[140.272965,35.568759],[140.272827,35.568709],[140.272615,35.568709],[140.272315,35.568743],[140.272153,35.568709],[140.27204,35.568734],[140.27194,35.568768],[140.271828,35.568826],[140.27174,35.568818],[140.271615,35.568851],[140.271503,35.568918],[140.271453,35.569009],[140.271178,35.569109],[140.270953,35.569309],[140.270653,35.569351],[140.270515,35.569301],[140.27029,35.569184],[140.27009,35.569018],[140.270078,35.568884],[140.270103,35.568784],[140.270203,35.568559],[140.270178,35.568326],[140.269965,35.567984],[140.26984,35.567893],[140.26969,35.567876],[140.269565,35.567834],[140.269415,35.567751],[140.26929,35.567659],[140.26914,35.567418],[140.269078,35.567226],[140.269015,35.566985],[140.269015,35.566735],[140.269053,35.56646],[140.269153,35.566276],[140.26924,35.566143],[140.269365,35.565976],[140.26944,35.565885],[140.269515,35.565801],[140.26964,35.565735],[140.26974,35.565726],[140.270103,35.565776],[140.270315,35.565785],[140.270528,35.565785],[140.270803,35.56576],[140.27094,35.565743],[140.271028,35.565735],[140.271053,35.565676],[140.27099,35.565485],[140.270778,35.565226],[140.27054,35.565068],[140.270328,35.564893],[140.27009,35.564701],[140.269816,35.564518],[140.269553,35.564335],[140.269441,35.564201],[140.269403,35.564018],[140.269366,35.563818],[140.269216,35.563568],[140.269053,35.563468],[140.268841,35.563285],[140.268753,35.563243],[140.268666,35.563143],[140.268628,35.562952],[140.268578,35.56286],[140.268453,35.562735],[140.268166,35.562435],[140.268078,35.56236],[140.267916,35.562302],[140.267816,35.562268],[140.267803,35.562193],[140.267953,35.56201],[140.268078,35.561843],[140.268216,35.561693],[140.268203,35.56156],[140.268091,35.561443],[140.268016,35.561302],[140.267978,35.561202],[140.267903,35.561068],[140.267841,35.560785],[140.267766,35.560643],[140.267716,35.560493],[140.267716,35.560427],[140.267728,35.560285],[140.267691,35.560185],[140.267603,35.559927],[140.267528,35.559777],[140.267341,35.559544],[140.267241,35.55941],[140.267141,35.559194],[140.266978,35.55896],[140.266928,35.558885],[140.266866,35.558744],[140.266828,35.55861],[140.266791,35.558469],[140.266778,35.558302],[140.266728,35.558077],[140.266641,35.557919],[140.266603,35.557794],[140.266591,35.557727],[140.266403,35.55776],[140.266266,35.557844],[140.266166,35.557844],[140.266103,35.557927],[140.266178,35.558144],[140.266228,35.558469],[140.266253,35.558652],[140.266091,35.558819],[140.265953,35.558919],[140.265828,35.558952],[140.265716,35.55896],[140.265641,35.55896],[140.265378,35.558894],[140.265291,35.558835],[140.265216,35.558835],[140.265003,35.55901],[140.264816,35.559002],[140.264603,35.559035],[140.264478,35.559027],[140.264241,35.559035],[140.263966,35.559019],[140.263741,35.559027],[140.263478,35.558952],[140.263116,35.558969],[140.262878,35.558902],[140.262803,35.55896],[140.262641,35.55911],[140.262416,35.559252],[140.262116,35.55931],[140.261628,35.559419],[140.261441,35.559494],[140.260915,35.557981],[140.259855,35.557116],[140.259414,35.555846],[140.259643,35.554805],[140.260597,35.552811],[140.260597,35.551516],[140.259466,35.549777],[140.257936,35.547985],[140.253008,35.546359],[140.249491,35.544911],[140.243611,35.541557],[140.241036,35.540744],[140.237053,35.541249],[140.23342,35.542676],[140.229666,35.543692],[140.226784,35.544473],[140.223525,35.544473],[140.220121,35.544473],[140.217846,35.544843],[140.217746,35.545176],[140.217658,35.545301],[140.217409,35.545426],[140.216996,35.545551],[140.216321,35.545668],[140.216109,35.545551],[140.215934,35.545168],[140.214921,35.54286],[140.214821,35.54246],[140.214971,35.542043],[140.215246,35.541635],[140.215271,35.541377],[140.215134,35.54096],[140.214646,35.53991],[140.214471,35.539644],[140.214259,35.539519],[140.213946,35.53956],[140.213684,35.539769],[140.213496,35.539994],[140.213196,35.54151],[140.213084,35.541894],[140.212784,35.54231],[140.212521,35.542468],[140.212234,35.542527],[140.211484,35.54256],[140.211272,35.542627],[140.211197,35.542777],[140.210684,35.543377],[140.210834,35.543535],[140.210859,35.543793],[140.210747,35.54411],[140.210784,35.544818],[140.210672,35.545093],[140.210272,35.545285],[140.209059,35.545443],[140.208834,35.545252],[140.208184,35.544868],[140.208109,35.544652],[140.208134,35.54436],[140.207472,35.54401],[140.206984,35.543685],[140.20671,35.54361],[140.20636,35.543843],[140.206135,35.544118],[140.205185,35.543393],[140.20486,35.543227],[140.204485,35.543119],[140.20366,35.542635],[140.203272,35.542444],[140.202885,35.542069],[140.202122,35.54121],[140.202035,35.540886],[140.202185,35.540136],[140.201347,35.539711],[140.199835,35.540686],[140.19906,35.541152],[140.196673,35.542294],[140.194736,35.543244],[140.194498,35.543435],[140.194273,35.543135],[140.193986,35.542844],[140.193648,35.542619],[140.192561,35.541694],[140.192198,35.541252],[140.192148,35.540927],[140.192148,35.540611],[140.192236,35.540302],[140.192448,35.539944],[140.192748,35.539536],[140.192785,35.539261],[140.192698,35.539053],[140.192523,35.538778],[140.192348,35.538394],[140.192323,35.537411],[140.192248,35.537086],[140.192035,35.536786],[140.191723,35.536561],[140.190886,35.53632],[140.189986,35.536203],[140.189323,35.536178],[140.188861,35.536203],[140.188686,35.536178],[140.188136,35.536045],[140.187836,35.535886],[140.187873,35.535728],[140.188086,35.535511],[140.187998,35.535511],[140.187461,35.53537],[140.187161,35.535103],[140.186761,35.534645],[140.186448,35.53447],[140.185474,35.534045],[140.185111,35.534087],[140.184699,35.534053],[140.184336,35.53392],[140.183511,35.533895],[140.182961,35.533628],[140.182324,35.533045],[140.181699,35.532878],[140.181349,35.532703],[140.180724,35.53212],[140.180411,35.532003],[140.179949,35.531962],[140.178337,35.531287],[140.178212,35.531303],[140.177599,35.53167],[140.177037,35.531903],[140.176587,35.531903],[140.176099,35.531845],[140.175687,35.531903],[140.175224,35.53207],[140.174137,35.532662],[140.173824,35.532878],[140.173587,35.533145],[140.173124,35.534128],[140.172824,35.534328],[140.172374,35.534403],[140.171512,35.534778],[140.171137,35.534878],[140.171024,35.534878],[140.170437,35.534761],[140.170037,35.534636],[140.169562,35.53462],[140.169137,35.53477],[140.168712,35.534986],[140.168499,35.535045],[140.167112,35.53517],[140.166512,35.535303],[140.166024,35.535519],[140.165637,35.535819],[140.164824,35.536661],[140.164324,35.536994],[140.163874,35.537136],[140.163137,35.537578],[140.162349,35.537986],[140.162012,35.538044],[140.161724,35.537944],[140.161574,35.537777],[140.161474,35.537494],[140.16125,35.537178],[140.161075,35.536561],[140.16045,35.536061],[140.160025,35.536078],[140.159787,35.535936],[140.159575,35.535769],[140.1593,35.535661],[140.159262,35.535594],[140.159,35.535486],[140.158562,35.535578],[140.158175,35.535628],[140.157862,35.535811],[140.157775,35.535928],[140.15745,35.536203],[140.157225,35.536328],[140.156425,35.536952],[140.156425,35.536986],[140.156012,35.537336],[140.154525,35.538786],[140.153912,35.539527],[140.152487,35.540944],[140.150549,35.542035],[140.150149,35.542318],[140.149762,35.542693],[140.149362,35.542993],[140.148874,35.54326],[140.147737,35.543785],[140.147499,35.543918],[140.146412,35.544718],[140.144799,35.546018],[140.142899,35.547484],[140.142162,35.547926],[140.141212,35.548501],[140.140849,35.548784],[140.140474,35.549143],[140.14005,35.549484],[140.1397,35.549709],[140.138837,35.550159],[140.138512,35.550376],[140.138062,35.550751],[140.137412,35.551251],[140.137013,35.551101],[140.136225,35.551401],[140.135938,35.551442],[140.135513,35.551284],[140.13515,35.551217],[140.134763,35.551242],[140.134638,35.551209],[140.133726,35.550601],[140.133601,35.550442],[140.133788,35.550142],[140.134076,35.549867],[140.135251,35.549134],[140.135401,35.548893],[140.135751,35.548501],[140.136263,35.548026],[140.137063,35.547393],[140.1379,35.546826],[140.138375,35.546551],[140.138588,35.546351],[140.137738,35.545501],[140.136801,35.544243],[140.136189,35.543585],[140.135489,35.542585],[140.135014,35.54261],[140.134151,35.54261],[140.133752,35.542702],[140.132977,35.543251],[140.132914,35.543326],[140.132852,35.543393],[140.132727,35.543493],[140.132664,35.543568],[140.132577,35.543635],[140.132527,35.543701],[140.132489,35.543768],[140.132389,35.543901],[140.132339,35.54396],[140.132314,35.544051],[140.132302,35.54416],[140.132289,35.544285],[140.132327,35.544426],[140.132352,35.54456],[140.132364,35.544626],[140.132414,35.544701],[140.132514,35.544826],[140.132577,35.544893],[140.132714,35.545001],[140.132789,35.54501],[140.132889,35.544935],[140.132902,35.544793],[140.132902,35.544693],[140.132914,35.544618],[140.132939,35.544551],[140.132927,35.544443],[140.133027,35.544401],[140.133152,35.544393],[140.133326,35.544401],[140.133489,35.544426],[140.133714,35.54446],[140.133864,35.544526],[140.133951,35.544593],[140.134026,35.544668],[140.134114,35.544751],[140.134126,35.544901],[140.134114,35.54511],[140.134076,35.545201],[140.133939,35.545318],[140.133826,35.545401],[140.133701,35.54541],[140.133614,35.54541],[140.133401,35.545393],[140.133139,35.545393],[140.132976,35.545368],[140.132764,35.545368],[140.132564,35.545351],[140.132214,35.545318],[140.131952,35.545268],[140.131864,35.545251],[140.131689,35.545226],[140.131539,35.545193],[140.131439,35.545193],[140.131289,35.545218],[140.131189,35.54526],[140.131064,35.545318],[140.130964,35.545393],[140.130927,35.54546],[140.130864,35.545526],[140.130839,35.545626],[140.130814,35.545701],[140.130827,35.545826],[140.130864,35.545918],[140.130902,35.546068],[140.130914,35.546226],[140.130927,35.546301],[140.130852,35.546668],[140.130827,35.546776],[140.130777,35.546884],[140.130689,35.546968],[140.130614,35.547034],[140.130489,35.547068],[140.130389,35.547109],[140.130289,35.547101],[140.130202,35.547093],[140.130102,35.547084],[140.130002,35.547026],[140.129839,35.546909],[140.129727,35.546793],[140.129452,35.546576],[140.129327,35.546484],[140.12919,35.546376],[140.12909,35.546301],[140.128965,35.546226],[140.128852,35.546093],[140.128602,35.546051],[140.128477,35.546059],[140.128327,35.546076],[140.128202,35.546101],[140.12809,35.546101],[140.128002,35.546118],[140.12784,35.546143],[140.127752,35.546184],[140.127677,35.546243],[140.12759,35.546343],[140.127602,35.546443],[140.127677,35.546534],[140.127777,35.546634],[140.127902,35.546693],[140.12809,35.546801],[140.128215,35.546884],[140.128327,35.546993],[140.128402,35.547068],[140.128427,35.547151],[140.128427,35.547251],[140.128402,35.547326],[140.12839,35.547384],[140.128327,35.547476],[140.12824,35.547534],[140.128165,35.547593],[140.128015,35.547701],[140.127865,35.547784],[140.12774,35.547784],[140.127665,35.547801],[140.127515,35.547826],[140.127427,35.547851],[140.12729,35.547884],[140.127152,35.547993],[140.12709,35.548068],[140.127052,35.548159],[140.127015,35.548259],[140.127002,35.548334],[140.126977,35.548434],[140.12684,35.548559],[140.126765,35.548642],[140.126653,35.548692],[140.126528,35.548676],[140.126378,35.548667],[140.126065,35.548634],[140.125778,35.548584],[140.12554,35.548518],[140.125278,35.548409],[140.125165,35.548351],[140.124928,35.548301],[140.124828,35.548276],[140.12469,35.548226],[140.124603,35.548201],[140.124503,35.548168],[140.124403,35.548118],[140.124241,35.548051],[140.124128,35.547968],[140.124028,35.547918],[140.123941,35.547884],[140.123828,35.547818],[140.123753,35.547743],[140.123666,35.547784],[140.123578,35.547851],[140.123466,35.547934],[140.123391,35.547993],[140.123253,35.548109],[140.123178,35.548184],[140.123128,35.548268],[140.123041,35.548359],[140.122941,35.548459],[140.122903,35.548542],[140.122791,35.548701],[140.122753,35.548776],[140.122691,35.548859],[140.122728,35.548967],[140.122791,35.549051],[140.122803,35.549117],[140.122878,35.549167],[140.122978,35.549267],[140.123041,35.549334],[140.123116,35.549417],[140.123178,35.549501],[140.123253,35.549634],[140.123316,35.549809],[140.123316,35.549884],[140.123278,35.549967],[140.123253,35.550092],[140.123216,35.550209],[140.123178,35.550326],[140.123103,35.550451],[140.123028,35.550542],[140.122928,35.550626],[140.122853,35.550659],[140.122716,35.550617],[140.122653,35.550517],[140.122641,35.550392],[140.122628,35.550317],[140.122628,35.550217],[140.122616,35.550076],[140.122603,35.550001],[140.122591,35.549892],[140.122553,35.549734],[140.122441,35.549634],[140.122341,35.549551],[140.122266,35.549526],[140.122153,35.549509],[140.122041,35.549559],[140.121966,35.549576],[140.121866,35.549659],[140.121778,35.549792],[140.121741,35.549997],[140.121691,35.550142],[140.121628,35.550217],[140.121591,35.550284],[140.121541,35.550359],[140.121453,35.550451],[140.121428,35.550517],[140.121353,35.550709],[140.121341,35.550784],[140.121353,35.550992],[140.121416,35.551159],[140.121491,35.551284],[140.121553,35.55135],[140.121603,35.551442],[140.121653,35.551517],[140.121678,35.551575],[140.121641,35.551692],[140.121578,35.551792],[140.121491,35.551867],[140.121403,35.5519],[140.121328,35.551884],[140.121216,35.551825],[140.121128,35.551709],[140.120941,35.551534],[140.120878,35.551475],[140.120716,35.551375],[140.120603,35.551342],[140.120516,35.551359],[140.120416,35.551367],[140.120266,35.551442],[140.120078,35.551492],[140.119916,35.551517],[140.119803,35.551517],[140.119654,35.5515],[140.119566,35.5515],[140.119466,35.551542],[140.119329,35.551609],[140.119154,35.551692],[140.119066,35.5517],[140.118954,35.551675],[140.118879,35.551675],[140.118791,35.551567],[140.118704,35.55145],[140.118616,35.551334],[140.118516,35.551192],[140.118391,35.551],[140.118304,35.550884],[140.118216,35.5509],[140.118079,35.550909],[140.117979,35.550909],[140.117966,35.550917],[140.116266,35.550559],[140.115579,35.550559],[140.115191,35.552042],[140.115566,35.552384],[140.115041,35.552784],[140.111979,35.553708],[140.109604,35.554583],[140.109417,35.554967],[140.103555,35.557024],[140.103617,35.557233],[140.103205,35.557366],[140.103117,35.557158],[140.101742,35.557566],[140.101705,35.557474],[140.101542,35.557516],[140.101605,35.557724],[140.101405,35.557791],[140.10138,35.557724],[140.095243,35.559782],[140.095105,35.559766],[140.091268,35.561174],[140.091155,35.562573],[140.090968,35.562773],[140.090968,35.56449],[140.09198,35.565098],[140.096942,35.566498],[140.112591,35.56704],[140.113154,35.566932],[140.121128,35.567166],[140.121741,35.567153],[140.122653,35.567199],[140.122665,35.567457],[140.12384,35.567466],[140.123878,35.567357],[140.12454,35.567399],[140.124553,35.567499],[140.12699,35.567607],[140.126877,35.569415],[140.12174,35.569211],[140.119741,35.569057],[140.119303,35.569324],[140.115966,35.569274],[140.113829,35.570557],[140.086093,35.569414],[140.081943,35.586587],[140.081605,35.588403],[140.09253,35.587921],[140.09263,35.58817],[140.095955,35.588004],[140.09588,35.587779],[140.102867,35.587388],[140.103129,35.586588],[140.103379,35.585705],[140.103267,35.585638],[140.103954,35.583047],[140.104154,35.583047],[140.104904,35.579964],[140.104629,35.579889],[140.105242,35.577731],[140.109542,35.576631],[140.110579,35.572448],[140.110792,35.57229],[140.113916,35.572356],[140.114079,35.572581],[140.113104,35.577089],[140.113191,35.577223],[140.112941,35.578256],[140.112691,35.578256],[140.112216,35.580806],[140.112516,35.581164],[140.111179,35.586588],[140.110541,35.589513],[140.115229,35.591838],[140.114541,35.59283],[140.115416,35.593196],[140.116391,35.591713],[140.117416,35.59158],[140.117891,35.591855],[140.116803,35.593363],[140.116878,35.593705],[140.116741,35.593746],[140.116953,35.59463],[140.117128,35.594588],[140.117253,35.595171],[140.117891,35.59518],[140.118116,35.59538],[140.118166,35.595696],[140.117603,35.59658],[140.117578,35.596871],[140.116966,35.597004],[140.116691,35.596846],[140.115278,35.596863],[140.113528,35.595288],[140.114578,35.59448],[140.113816,35.59373],[140.113479,35.593705],[140.112566,35.594288],[140.107679,35.592046],[140.107291,35.592246],[140.107379,35.592496],[140.105429,35.593479],[140.108766,35.599962],[140.105866,35.602703],[140.103916,35.601295],[140.105866,35.599295],[140.101554,35.594045],[140.088967,35.59452],[140.088755,35.594836],[140.091654,35.598427],[140.091929,35.598377],[140.091967,35.597428],[140.093879,35.597444],[140.093954,35.598253],[140.094117,35.598278],[140.094542,35.597894],[140.095029,35.598036],[140.095504,35.598261],[140.095754,35.598586],[140.096541,35.599086],[140.096979,35.600194],[140.096929,35.600328],[140.098554,35.601444],[140.097404,35.602611],[140.097579,35.602752],[140.097491,35.602794],[140.098366,35.603386],[140.098454,35.603252],[140.100416,35.604527],[140.100078,35.604869],[140.100353,35.60516],[140.100191,35.605344],[140.099916,35.605119],[140.099466,35.605635],[140.099241,35.605385],[140.099103,35.605469],[140.099266,35.605677],[140.098516,35.606352],[140.098328,35.606527],[140.094166,35.603702],[140.093416,35.603744],[140.087017,35.609809],[140.086854,35.609634],[140.085717,35.610684],[140.085829,35.610867],[140.086292,35.610417],[140.086379,35.610534],[140.085492,35.611409],[140.085354,35.611275],[140.085517,35.611067],[140.085429,35.611],[140.084517,35.611925],[140.084604,35.611992],[140.084767,35.611808],[140.084879,35.61195],[140.082979,35.613883],[140.081717,35.613033],[140.081879,35.6129],[140.08018,35.611742],[140.07998,35.61185],[140.077892,35.61055],[140.07903,35.609359],[140.07928,35.609475],[140.080642,35.608192],[140.080455,35.608009],[140.086542,35.601943],[140.083867,35.596777],[140.067781,35.612216],[140.067393,35.611983],[140.065343,35.613558],[140.063868,35.614816],[140.063143,35.615491],[140.061756,35.616674],[140.060256,35.617799],[140.058969,35.618874],[140.058056,35.619548],[140.058406,35.619915],[140.058081,35.620223],[140.057381,35.620765],[140.056219,35.621798],[140.055381,35.622473],[140.055081,35.622248],[140.055019,35.622356],[140.050682,35.625881],[140.050207,35.626356],[140.049982,35.626714],[140.050007,35.626756],[140.048844,35.627814],[140.047344,35.629114],[140.045895,35.630214],[140.043145,35.632597],[140.043032,35.632663],[140.042757,35.632455],[140.041745,35.633721],[140.040745,35.634455],[140.03922,35.635513],[140.03847,35.635979],[140.037833,35.636296],[140.037445,35.636429],[140.037333,35.636429],[140.037358,35.636446],[140.03692,35.637213],[140.035745,35.638246],[140.03427,35.639437],[140.033246,35.640337],[140.032158,35.641254],[140.030233,35.643029],[140.029821,35.643345],[140.029346,35.643612],[140.028871,35.643837],[140.028571,35.644078],[140.029233,35.644562],[140.028508,35.645328],[140.029108,35.645936],[140.028408,35.64657],[140.027621,35.645928],[140.026946,35.646578],[140.026459,35.646195],[140.026171,35.64642],[140.025059,35.647495],[140.023621,35.648569],[140.022646,35.649244],[140.021309,35.650369],[140.020084,35.651511],[140.019722,35.651802],[140.020297,35.652261],[140.019747,35.652711],[140.019659,35.652752],[140.019497,35.652636],[140.017072,35.654544],[140.017209,35.654727],[140.013647,35.657577],[140.007997,35.658851],[140.004998,35.656693],[139.996758,35.65565],[139.987612,35.65461],[139.987374,35.654569],[139.986987,35.656327],[139.987299,35.656385],[139.986599,35.660085],[139.994723,35.66091],[139.994836,35.660535],[139.996758,35.659558],[139.997148,35.659468],[139.997673,35.659518],[139.998286,35.65961],[140.00071,35.659901],[140.00116,35.659901],[140.00166,35.659701],[140.002923,35.659868],[140.002298,35.663409],[140.00276,35.663593],[140.002398,35.665376],[140.002035,35.665376],[140.001898,35.665759],[140.00186,35.665851],[139.996747,35.665231],[139.985961,35.663926],[139.984836,35.669908],[139.992111,35.672416],[139.991761,35.674899],[139.983849,35.677258],[139.986998,35.684023],[139.986473,35.68424],[139.986298,35.684682],[139.986436,35.685073],[139.986323,35.68514],[139.986298,35.685456],[139.988123,35.689898],[139.987573,35.690098],[139.987623,35.690273],[139.98771,35.690272],[139.98781,35.690506],[139.988373,35.690347],[139.988723,35.691072],[139.98756,35.691472],[139.98731,35.690981],[139.987148,35.691022],[139.987173,35.691139],[139.984748,35.691964],[139.984461,35.691372],[139.986898,35.690522],[139.98681,35.690348],[139.986485,35.690447],[139.986348,35.690156],[139.984511,35.690872],[139.983386,35.688631],[139.985586,35.687581],[139.983049,35.681707],[139.982686,35.681824],[139.982624,35.68169],[139.975074,35.683507],[139.974987,35.683365],[139.974849,35.68344],[139.974199,35.682007],[139.968637,35.682524],[139.968312,35.683382],[139.967587,35.683599],[139.9669,35.681724],[139.964487,35.681941],[139.964487,35.681824],[139.963575,35.681866],[139.963575,35.681524],[139.963238,35.681549],[139.9599,35.679408],[139.959263,35.679491],[139.9548,35.689373],[139.95435,35.689465],[139.953963,35.689165],[139.953751,35.689232],[139.953413,35.68894],[139.953051,35.688399],[139.952538,35.68774],[139.952476,35.687599],[139.952888,35.687332],[139.953663,35.687199],[139.958076,35.677433],[139.954501,35.673284],[139.954863,35.673084],[139.954689,35.672892],[139.954339,35.67305],[139.953151,35.671767],[139.947389,35.680008],[139.942839,35.67795],[139.936727,35.673409],[139.93564,35.673359],[139.93294,35.675742],[139.931328,35.674584],[139.933028,35.673168],[139.928866,35.670301],[139.929228,35.669985],[139.929316,35.66991],[139.929928,35.669443],[139.93159,35.66991],[139.944902,35.672942],[139.945902,35.672717],[139.947489,35.669909],[139.945177,35.668784],[139.943377,35.668318],[139.94244,35.668134],[139.940827,35.667685],[139.939565,35.667551],[139.93804,35.667326],[139.937265,35.66726],[139.93649,35.667151],[139.935565,35.667085],[139.93289,35.666726],[139.93264,35.666735],[139.931878,35.666618],[139.930578,35.66651],[139.930303,35.666443],[139.927091,35.664418],[139.925529,35.663502],[139.924041,35.662552],[139.923841,35.66246],[139.921042,35.660711],[139.920879,35.660619],[139.918267,35.655528],[139.937203,35.642962],[139.939516,35.641112],[139.939616,35.640837],[139.939516,35.640521],[139.909894,35.624464],[139.904744,35.628605],[139.904807,35.629505],[139.907069,35.631397],[139.905231,35.632913],[139.901657,35.629963],[139.900494,35.630822],[139.900882,35.631163],[139.900094,35.631746],[139.897432,35.629422],[139.89867,35.628463],[139.899445,35.629088],[139.906932,35.623164],[139.905382,35.621881],[139.905794,35.621456],[139.897645,35.61669],[139.896195,35.61749],[139.894883,35.621006],[139.895045,35.621056],[139.894833,35.621481],[139.89472,35.621464],[139.89352,35.624889],[139.892708,35.625572],[139.888258,35.621922],[139.87251,35.625488],[139.872347,35.633054],[139.874721,35.637295],[139.872834,35.638603],[139.874046,35.639653],[139.874509,35.640003],[139.875496,35.640587],[139.878296,35.641903],[139.880196,35.642945],[139.882045,35.644061],[139.882833,35.644711],[139.883558,35.645536],[139.883633,35.645786],[139.883695,35.645895],[139.88402,35.646794],[139.884158,35.647453],[139.88447,35.648419],[139.88472,35.648911],[139.885032,35.649386],[139.885307,35.650044],[139.885945,35.651227],[139.88692,35.65391],[139.88712,35.654569],[139.887319,35.655594],[139.887382,35.656519],[139.887169,35.659043],[139.887169,35.66096],[139.887057,35.661868],[139.887094,35.664043],[139.887082,35.664876],[139.887169,35.666551],[139.887356,35.667426],[139.887256,35.668284],[139.886981,35.669451],[139.886556,35.669909],[139.885931,35.670759],[139.885894,35.671184],[139.885631,35.671617],[139.885481,35.672292],[139.885419,35.672842],[139.885394,35.673684],[139.885456,35.67435],[139.885494,35.674992],[139.885594,35.675675],[139.885756,35.676842],[139.886056,35.677783],[139.886219,35.67835],[139.886419,35.678867],[139.887731,35.679892],[139.889068,35.680642],[139.890118,35.681125],[139.891118,35.681458],[139.892056,35.681717],[139.893218,35.681884],[139.894543,35.682109],[139.89568,35.682267],[139.89718,35.682551],[139.89848,35.682709],[139.902255,35.682984],[139.903417,35.683034],[139.904329,35.683192],[139.905054,35.683442],[139.905804,35.683759],[139.906604,35.684175],[139.907542,35.684759],[139.908679,35.685875],[139.909491,35.686617],[139.911154,35.68825],[139.912591,35.689617],[139.913478,35.690683],[139.915928,35.693924],[139.916578,35.694899],[139.917753,35.696416],[139.918453,35.697565],[139.918628,35.697815],[139.918728,35.698724],[139.91869,35.699357],[139.918215,35.701115],[139.918153,35.701523],[139.917565,35.702898],[139.917453,35.703481],[139.917028,35.704631],[139.916915,35.705056],[139.91654,35.706073],[139.916528,35.706414],[139.916415,35.706756],[139.916053,35.707381],[139.916015,35.707764],[139.91554,35.708689],[139.915365,35.709072],[139.91504,35.70948],[139.91464,35.709772],[139.913653,35.710305],[139.912028,35.711272],[139.911565,35.711497],[139.91059,35.71203],[139.90909,35.712972],[139.90814,35.713622],[139.90744,35.714513],[139.907328,35.714813],[139.90674,35.715738],[139.906553,35.716254],[139.905678,35.717696],[139.904953,35.718595],[139.903141,35.720212],[139.901303,35.72147],[139.900591,35.721895],[139.900053,35.722294],[139.899203,35.722803],[139.898353,35.723736],[139.898166,35.724052],[139.897578,35.725194],[139.897091,35.72671],[139.897066,35.727202],[139.897141,35.72771],[139.897191,35.728843],[139.897403,35.730193],[139.897653,35.731018],[139.898041,35.731851],[139.898203,35.732126],[139.898341,35.732693],[139.898591,35.733318],[139.898916,35.733909],[139.900065,35.735634],[139.900378,35.736242],[139.900615,35.736942],[139.901015,35.739],[139.90099,35.739517],[139.900628,35.741041],[139.900253,35.7424],[139.899753,35.743774],[139.899028,35.744832],[139.898603,35.745324],[139.89769,35.746132],[139.897278,35.746374],[139.896878,35.746516],[139.896003,35.746957],[139.895053,35.747307],[139.893553,35.747782],[139.893003,35.747982],[139.892466,35.74829],[139.892078,35.748607],[139.891741,35.74894],[139.891278,35.749257],[139.890828,35.749657],[139.890603,35.749973],[139.890378,35.750398],[139.889991,35.750832],[139.887928,35.753231],[139.887728,35.753406],[139.887628,35.753498],[139.887428,35.753681],[139.887116,35.753973],[139.886354,35.754789],[139.886241,35.754923],[139.885791,35.755406],[139.885479,35.755773],[139.885254,35.756006],[139.884941,35.756356],[139.884741,35.756564],[139.884291,35.757081],[139.884004,35.757531],[139.883691,35.757864],[139.883604,35.758022],[139.883379,35.758322],[139.883316,35.758497],[139.883166,35.758872],[139.883079,35.759555],[139.882941,35.760189],[139.882691,35.761938],[139.882579,35.762355],[139.882491,35.762547],[139.882416,35.762705],[139.882341,35.762863],[139.882241,35.762997],[139.882079,35.76323],[139.881679,35.763663],[139.881479,35.763888],[139.881316,35.764096],[139.881079,35.764371],[139.880791,35.764738],[139.880579,35.765071],[139.880354,35.765455],[139.880104,35.765913],[139.879916,35.766296],[139.879716,35.766796],[139.879566,35.767171],[139.879491,35.767421],[139.879416,35.767854],[139.879416,35.768037],[139.879429,35.768296],[139.879454,35.768546],[139.879604,35.769054],[139.879879,35.769829],[139.880129,35.770412],[139.880379,35.77102],[139.880491,35.771195],[139.880628,35.771495],[139.880841,35.77182],[139.880928,35.771929],[139.881203,35.772212],[139.881353,35.772412],[139.881691,35.772778],[139.882191,35.773153],[139.882353,35.773262],[139.882878,35.773528],[139.883353,35.773753],[139.884253,35.77417],[139.884741,35.774386],[139.885216,35.774561],[139.885503,35.774678],[139.885891,35.774828],[139.886316,35.774978],[139.887066,35.77527],[139.887403,35.775378],[139.887678,35.775495],[139.887865,35.775561],[139.888203,35.77572],[139.888528,35.775828],[139.888965,35.775994],[139.889603,35.776261],[139.890403,35.776653],[139.891278,35.777044],[139.891928,35.777369],[139.892415,35.777669],[139.89264,35.777844],[139.89329,35.778227],[139.893615,35.778502],[139.893853,35.778727],[139.894128,35.779061],[139.894377,35.779444],[139.894527,35.779719],[139.894652,35.780077],[139.894715,35.780494],[139.89469,35.780835],[139.89464,35.781052],[139.894627,35.78111],[139.894527,35.781377],[139.89434,35.781744],[139.894227,35.781927],[139.89414,35.782052],[139.89399,35.782302],[139.893715,35.782785],[139.893627,35.78291],[139.893477,35.78326],[139.89319,35.78381],[139.892927,35.784252],[139.892802,35.784585],[139.89254,35.785251],[139.89224,35.786151],[139.892052,35.786718],[139.89164,35.787959],[139.891427,35.788568],[139.891315,35.788859],[139.891115,35.789393],[139.89099,35.789693],[139.89084,35.790126],[139.890565,35.790617],[139.89044,35.790851],[139.890327,35.791051],[139.890215,35.791226],[139.889402,35.792234],[139.888965,35.792917],[139.888602,35.793609],[139.888515,35.793817],[139.888415,35.794059],[139.888352,35.7943],[139.88829,35.794542],[139.88824,35.7948],[139.888215,35.795134],[139.888227,35.795525],[139.888277,35.79585],[139.88834,35.796067],[139.888415,35.796242],[139.888527,35.796442],[139.888802,35.796725],[139.888965,35.796908],[139.889165,35.797083],[139.88939,35.797275],[139.889627,35.797475],[139.889764,35.797625],[139.889914,35.797816],[139.890027,35.797925],[139.890139,35.798083],[139.890227,35.7983],[139.890389,35.798616],[139.890477,35.798841],[139.890564,35.799016],[139.890639,35.799208],[139.890727,35.799533],[139.890764,35.799783],[139.890814,35.800025],[139.890839,35.800308],[139.890814,35.800599],[139.890764,35.801016],[139.890702,35.801333],[139.890614,35.801649],[139.890527,35.801933],[139.890339,35.802516],[139.890177,35.802891],[139.889914,35.803466],[139.889727,35.803941],[139.889577,35.804274],[139.889402,35.804782],[139.889239,35.805332],[139.889077,35.805915],[139.888989,35.806274],[139.888827,35.806965],[139.888802,35.807132],[139.888802,35.807257],[139.888814,35.807382],[139.888852,35.80759],[139.888902,35.807707],[139.888989,35.807949],[139.889039,35.80814],[139.889264,35.80869],[139.889902,35.809907],[139.889989,35.810048],[139.890064,35.810223],[139.890176,35.810482],[139.890251,35.810615],[139.890289,35.810732],[139.890339,35.810848],[139.890376,35.810973],[139.890426,35.811198],[139.890501,35.811465],[139.890526,35.811715],[139.890564,35.812015],[139.890639,35.812573],[139.890676,35.813056],[139.890714,35.813348],[139.890776,35.813723],[139.890876,35.814198],[139.890976,35.814648],[139.891189,35.815631],[139.891426,35.816747],[139.891489,35.817039],[139.891589,35.817597],[139.891639,35.818039],[139.891639,35.818472],[139.891601,35.818789],[139.891576,35.819047],[139.891526,35.819222],[139.891476,35.819364],[139.891364,35.819555],[139.891164,35.819864],[139.891051,35.820005],[139.890639,35.820397],[139.890264,35.820747],[139.890001,35.820939],[139.889926,35.82103],[139.889564,35.821347],[139.889401,35.82148],[139.888851,35.82193],[139.888601,35.822213],[139.888476,35.82238],[139.888201,35.822813],[139.888039,35.82318],[139.888001,35.82333],[139.887951,35.823547],[139.887939,35.823638],[139.887939,35.82398],[139.887964,35.824313],[139.888026,35.82463],[139.888164,35.825046],[139.888276,35.825371],[139.888376,35.82558],[139.888414,35.825746],[139.888489,35.82593],[139.888601,35.826296],[139.888676,35.826563],[139.888751,35.826846],[139.888801,35.82713],[139.888826,35.827321],[139.888888,35.827654],[139.888876,35.827988],[139.888888,35.828063],[139.888876,35.828163],[139.888851,35.828354],[139.888813,35.828546],[139.888763,35.828646],[139.888638,35.829279],[139.888463,35.830196],[139.888451,35.830612],[139.888451,35.830671],[139.888438,35.830887],[139.888463,35.831887],[139.888526,35.832346],[139.888526,35.832512],[139.888576,35.832646],[139.888613,35.832895],[139.888638,35.833062],[139.888701,35.833262],[139.888738,35.833395],[139.888763,35.833487],[139.888801,35.833587],[139.888826,35.833687],[139.889013,35.834195],[139.889138,35.83462],[139.889276,35.834945],[139.889351,35.835104],[139.889513,35.835537],[139.889588,35.83572],[139.889651,35.835887],[139.889701,35.836012],[139.889738,35.836228],[139.889813,35.836553],[139.889863,35.836837],[139.889901,35.837353],[139.889876,35.837778],[139.889638,35.839295],[139.8895,35.840286],[139.889538,35.840778],[139.889513,35.841811],[139.88965,35.842419],[139.88985,35.843319],[139.890025,35.843819],[139.890475,35.844852],[139.891237,35.846244],[139.891562,35.846735],[139.89185,35.847252],[139.892212,35.848085],[139.892662,35.84896],[139.893162,35.849752],[139.894037,35.850718],[139.895424,35.851968],[139.895849,35.852443],[139.896124,35.852935],[139.896124,35.853093],[139.896812,35.855384],[139.897636,35.858692],[139.898136,35.859659],[139.899086,35.860967],[139.899399,35.8615],[139.899736,35.862],[139.900011,35.862533],[139.900273,35.863417],[139.900298,35.863817],[139.900198,35.864766],[139.899948,35.865333],[139.899148,35.866866],[139.899073,35.866974],[139.898386,35.868807],[139.897961,35.87034],[139.897224,35.872298],[139.896699,35.873315],[139.896324,35.873856],[139.895411,35.875439],[139.895224,35.875864],[139.894786,35.876631],[139.894536,35.877222],[139.894461,35.877514],[139.893836,35.87993],[139.893511,35.881797],[139.893249,35.884229],[139.893061,35.885021],[139.892386,35.886979],[139.891886,35.887995],[139.891399,35.889212],[139.890249,35.891761],[139.889187,35.893611],[139.887762,35.895869],[139.887262,35.896552],[139.887124,35.896794],[139.885224,35.89926],[139.883799,35.901068],[139.882249,35.902693],[139.880737,35.903985],[139.880299,35.904434],[139.879937,35.904934],[139.879174,35.906334],[139.878687,35.907434],[139.878137,35.908451],[139.876737,35.910642],[139.876074,35.9115],[139.875662,35.911975],[139.874662,35.912967],[139.873312,35.914441],[139.872462,35.91525],[139.871752,35.915803],[139.871624,35.9162],[139.871212,35.916849],[139.870386,35.918724],[139.870161,35.919532],[139.870136,35.919691],[139.870086,35.919874],[139.870011,35.919907],[139.869986,35.920132],[139.869749,35.920965],[139.869074,35.922415],[139.868736,35.923024],[139.868336,35.92404],[139.867261,35.925823],[139.865711,35.928039],[139.864724,35.929198],[139.863074,35.930847],[139.861611,35.932047],[139.860949,35.932406],[139.858961,35.933497],[139.857974,35.93393],[139.856074,35.934797],[139.854612,35.935613],[139.852762,35.936505],[139.849312,35.938296],[139.846925,35.936955],[139.845175,35.93588],[139.8444,35.93593],[139.843812,35.935997],[139.843313,35.936088],[139.84305,35.936255],[139.842138,35.937405],[139.841813,35.937746],[139.840675,35.938446],[139.840125,35.938746],[139.839525,35.938946],[139.838913,35.939046],[139.8384,35.939021],[139.838,35.938913],[139.83755,35.938688],[139.837163,35.938571],[139.836476,35.938604],[139.836001,35.938579],[139.835501,35.938654],[139.835088,35.938746],[139.833001,35.939746],[139.832388,35.939971],[139.831801,35.940087],[139.831038,35.940112],[139.830701,35.940071],[139.8282,35.941478],[139.824821,35.943241],[139.820854,35.945884],[139.817988,35.947573],[139.814536,35.949556],[139.811376,35.951539],[139.809227,35.952851],[139.808402,35.95306],[139.807677,35.953426],[139.806965,35.953826],[139.805565,35.954851],[139.804765,35.955509],[139.804265,35.955826],[139.803715,35.956234],[139.801865,35.957551],[139.799915,35.959042],[139.796553,35.96145],[139.795891,35.961858],[139.794703,35.9627],[139.794128,35.963175],[139.793003,35.964008],[139.791791,35.964958],[139.791091,35.965433],[139.788666,35.967274],[139.787654,35.968116],[139.785204,35.969766],[139.784604,35.970474],[139.784154,35.971149],[139.783391,35.972749],[139.782991,35.973857],[139.782454,35.975698],[139.782341,35.976265],[139.782041,35.977398],[139.781704,35.97954],[139.781591,35.980848],[139.781579,35.982131],[139.781529,35.982764],[139.781516,35.984106],[139.781391,35.985889],[139.781366,35.987064],[139.781241,35.989289],[139.781153,35.989672],[139.781141,35.990239],[139.781228,35.990797],[139.781441,35.991447],[139.782628,35.99423],[139.783553,35.995846],[139.783816,35.996371],[139.783916,35.996838],[139.783953,35.997196],[139.783841,35.998188],[139.783678,35.998613],[139.782741,35.999229],[139.782116,35.999571],[139.781641,35.999904],[139.781403,36.000271],[139.781266,36.000571],[139.781178,36.000954],[139.781078,36.001846],[139.780994,36.003196],[139.781016,36.003329],[139.780978,36.004704],[139.780841,36.005645],[139.780728,36.006712],[139.780716,36.008153],[139.780778,36.009595],[139.780753,36.009845],[139.780578,36.010111],[139.779741,36.010536],[139.779416,36.010736],[139.779241,36.010936],[139.779191,36.011186],[139.779353,36.01157],[139.779553,36.011728],[139.779803,36.01187],[139.779953,36.011911],[139.781453,36.012395],[139.782328,36.012245],[139.782716,36.012253],[139.783091,36.012295],[139.783341,36.012386],[139.783453,36.01257],[139.783478,36.012661],[139.783428,36.012928],[139.783303,36.013295],[139.783078,36.013536],[139.782941,36.013719],[139.782891,36.013969],[139.782966,36.014328],[139.783016,36.014436],[139.783366,36.014853],[139.783616,36.015078],[139.783591,36.015078],[139.783616,36.015103],[139.783503,36.015411],[139.783453,36.016019],[139.783503,36.016361],[139.783765,36.017219],[139.78359,36.017511],[139.783315,36.017694],[139.782528,36.017977],[139.781903,36.018336],[139.780866,36.018894],[139.780216,36.019402],[139.780003,36.019744],[139.779778,36.020302],[139.779441,36.021452],[139.778641,36.023977],[139.778416,36.024427],[139.778178,36.02501],[139.777928,36.02571],[139.777916,36.02591],[139.778016,36.026043],[139.778191,36.026185],[139.778891,36.026552],[139.77964,36.026893],[139.78029,36.027143],[139.78089,36.027418],[139.782601,36.030183],[139.78387,36.032591],[139.783437,36.03328],[139.781815,36.034608],[139.779422,36.035485],[139.778757,36.036548],[139.778066,36.039151],[139.778066,36.040054],[139.779502,36.041758],[139.779752,36.041958],[139.779902,36.042258],[139.77984,36.042458],[139.77959,36.04295],[139.779615,36.043091],[139.780015,36.043658],[139.780152,36.044083],[139.780227,36.044466],[139.780127,36.044941],[139.77994,36.045166],[139.779515,36.045433],[139.77894,36.045908],[139.778852,36.046266],[139.778877,36.046649],[139.778852,36.046783],[139.77899,36.047574],[139.779089,36.048616],[139.779227,36.049266],[139.779252,36.050032],[139.779164,36.050282],[139.779089,36.050324],[139.780139,36.050649],[139.780539,36.050741],[139.780602,36.052774],[139.780801,36.055482],[139.780889,36.056115],[139.780864,36.056473],[139.780814,36.056498],[139.781189,36.056565],[139.781914,36.056548],[139.782089,36.056507],[139.782214,36.056373],[139.782501,36.055857],[139.782576,36.055765],[139.782901,36.055765],[139.784426,36.05569],[139.785263,36.055465],[139.785413,36.055715],[139.786113,36.055923],[139.787001,36.05629],[139.786976,36.056698],[139.787101,36.05724],[139.787201,36.057307],[139.78815,36.057498],[139.788525,36.057632],[139.78855,36.057723],[139.788138,36.058148],[139.787963,36.058465],[139.788038,36.058982],[139.7883,36.05964],[139.78845,36.06009],[139.788475,36.060615],[139.788175,36.060523],[139.787775,36.06029],[139.78785,36.06004],[139.78775,36.059906],[139.78755,36.059748],[139.786975,36.059381],[139.78675,36.05934],[139.7864,36.059331],[139.785975,36.059423],[139.785726,36.059581],[139.785351,36.059756],[139.785301,36.059465],[139.785251,36.058715],[139.784976,36.058581],[139.784851,36.058556],[139.784501,36.058981],[139.784301,36.059481],[139.784213,36.060173],[139.784238,36.060448],[139.785013,36.060498],[139.78635,36.060031],[139.787238,36.06049],[139.787313,36.060698],[139.787663,36.061148],[139.788213,36.061465],[139.788613,36.061581],[139.789412,36.06179],[139.789562,36.06184],[139.7891,36.062623],[139.788775,36.063114],[139.788662,36.063389],[139.788062,36.064264],[139.787525,36.064914],[139.786212,36.066372],[139.783475,36.069238],[139.7833,36.069505],[139.782837,36.070005],[139.782537,36.070613],[139.782437,36.071063],[139.782287,36.07293],[139.782312,36.073221],[139.782275,36.073988],[139.781962,36.075413],[139.781812,36.075838],[139.78095,36.077004],[139.780512,36.077721],[139.780312,36.078262],[139.780075,36.079054],[139.78,36.079596],[139.779937,36.080312],[139.779962,36.081104],[139.780024,36.08212],[139.779862,36.082703],[139.779449,36.083895],[139.778887,36.084912],[139.777824,36.08652],[139.777612,36.086886],[139.776937,36.088419],[139.776287,36.090444],[139.776287,36.090602],[139.776137,36.090819],[139.776037,36.090661],[139.775762,36.090502],[139.775712,36.090436],[139.775462,36.090269],[139.7742,36.089578],[139.773162,36.088861],[139.772975,36.088628],[139.77255,36.088011],[139.77215,36.087011],[139.772075,36.086561],[139.771988,36.086519],[139.7724,36.08482],[139.772538,36.08387],[139.772488,36.083395],[139.772125,36.082762],[139.77185,36.082403],[139.770676,36.081445],[139.770201,36.081195],[139.769726,36.081012],[139.769263,36.080853],[139.768626,36.080712],[139.767526,36.080495],[139.766001,36.08047],[139.765426,36.080553],[139.760902,36.081261],[139.760127,36.081511],[139.758189,36.081994],[139.757214,36.082303],[139.756002,36.082744],[139.755102,36.083186],[139.754265,36.083678],[139.753415,36.084127],[139.751602,36.085011],[139.75124,36.085211],[139.750065,36.085769],[139.748827,36.086235],[139.748552,36.086302],[139.748103,36.086519],[139.747878,36.086619],[139.746878,36.08706],[139.746762,36.087073],[139.746353,36.087094],[139.746103,36.08716],[139.744378,36.087269],[139.743165,36.087277],[139.740978,36.08711],[139.740203,36.087035],[139.739791,36.08696],[139.739053,36.086877],[139.737341,36.086652],[139.737016,36.086535],[139.736766,36.086518],[139.736304,36.086385],[139.734804,36.086335],[139.734091,36.086302],[139.732591,36.086402],[139.731841,36.086518],[139.731641,36.086543],[139.731341,36.086727],[139.731116,36.086785],[139.730242,36.087226],[139.729992,36.087518],[139.729767,36.087901],[139.729529,36.088593],[139.728929,36.089426],[139.728342,36.090068],[139.728254,36.091493],[139.728267,36.092101],[139.728229,36.092492],[139.728254,36.092942],[139.728216,36.093301],[139.728254,36.094142],[139.728216,36.094542],[139.728229,36.094976],[139.728166,36.095384],[139.728191,36.095742],[139.728016,36.097525],[139.727916,36.09845],[139.727691,36.099558],[139.727491,36.101275],[139.727366,36.102175],[139.727279,36.103775],[139.727304,36.104141],[139.727153,36.107299],[139.727091,36.107482],[139.727028,36.107591],[139.726966,36.107999],[139.726841,36.108924],[139.726928,36.109807],[139.726891,36.110624],[139.726703,36.111407],[139.726291,36.112557],[139.726266,36.112715],[139.725228,36.114348],[139.723528,36.11654],[139.722503,36.117773],[139.721041,36.119356],[139.719903,36.120422],[139.718279,36.121864],[139.717791,36.122247],[139.717516,36.12253],[139.715829,36.123864],[139.715679,36.124022],[139.715341,36.124288],[139.714779,36.124822],[139.714504,36.125022],[139.713879,36.125605],[139.713166,36.126446],[139.712916,36.12683],[139.712341,36.128063],[139.712004,36.129396],[139.711791,36.130113],[139.711629,36.130429],[139.711441,36.131129],[139.711391,36.131213],[139.711141,36.132046],[139.710916,36.132496],[139.710829,36.132946],[139.710704,36.133287],[139.710704,36.133471],[139.710429,36.134479],[139.710404,36.134837],[139.710191,36.135695],[139.710066,36.13592],[139.710066,36.136012],[139.709841,36.136395],[139.709616,36.136704],[139.709466,36.136795],[139.708629,36.13762],[139.708254,36.138178],[139.707991,36.138628],[139.707741,36.138937],[139.707054,36.140103],[139.705204,36.142811],[139.704829,36.143236],[139.704441,36.143594],[139.704154,36.143953],[139.703016,36.145136],[139.702966,36.145311],[139.702166,36.146161],[139.702029,36.146269],[139.701379,36.147077],[139.700891,36.147835],[139.699454,36.150343],[139.699054,36.151068],[139.698616,36.151785],[139.698504,36.152052],[139.698554,36.152102],[139.698416,36.152477],[139.698229,36.153176],[139.698166,36.153626],[139.697941,36.154143],[139.696742,36.155526],[139.696179,36.156334],[139.695804,36.157076],[139.695542,36.157542],[139.695417,36.157976],[139.695254,36.158376],[139.695067,36.158984],[139.694917,36.159484],[139.694704,36.160609],[139.694542,36.161917],[139.694454,36.163433],[139.694379,36.16415],[139.694379,36.164558],[139.694304,36.164991],[139.694304,36.165375],[139.694241,36.165758],[139.694091,36.166208],[139.693779,36.166833],[139.692679,36.168691],[139.692604,36.168758],[139.692204,36.169341],[139.691942,36.169841],[139.691804,36.170207],[139.691467,36.171557],[139.691154,36.17259],[139.690966,36.17419],[139.690879,36.174465],[139.690879,36.175523],[139.690954,36.175906],[139.691066,36.17719],[139.691179,36.178156],[139.691254,36.178539],[139.691341,36.179389],[139.691504,36.180431],[139.691754,36.181964],[139.691804,36.182522],[139.692241,36.184505],[139.692328,36.185139],[139.692466,36.185672],[139.692541,36.185897],[139.692791,36.186755],[139.693428,36.188288],[139.694041,36.189413],[139.69434,36.190271],[139.694315,36.190563],[139.693978,36.191288],[139.693815,36.191513],[139.692978,36.19218],[139.692553,36.192496],[139.691641,36.193013],[139.690778,36.193663],[139.689553,36.194471],[139.688491,36.195396],[139.688216,36.195779],[139.687966,36.196254],[139.687716,36.197088],[139.687653,36.197804],[139.687715,36.198571],[139.68784,36.199579],[139.68784,36.199737],[139.687953,36.199896],[139.688178,36.200621],[139.688478,36.201296],[139.688728,36.201679],[139.68889,36.202154],[139.689003,36.202287],[139.689227,36.202854],[139.689427,36.20312],[139.689752,36.203887],[139.690227,36.204628],[139.69059,36.205353],[139.69119,36.205962],[139.69139,36.206095],[139.692365,36.206503],[139.692727,36.206595],[139.693227,36.206637],[139.693614,36.206595],[139.694164,36.206462],[139.695252,36.206078],[139.695777,36.20592],[139.696139,36.205895],[139.696777,36.206012],[139.697389,36.206303],[139.697639,36.206462],[139.697914,36.206553],[139.698252,36.206553],[139.698552,36.206512],[139.698777,36.206328],[139.698727,36.20572],[139.698677,36.205562],[139.698589,36.20487],[139.698502,36.204553],[139.698539,36.20412],[139.698702,36.20397],[139.700014,36.20352],[139.700876,36.203362],[139.701426,36.203387],[139.701539,36.203429],[139.701976,36.203929],[139.702201,36.204104],[139.702476,36.204153],[139.703089,36.204062],[139.703426,36.203954],[139.703901,36.203704],[139.704426,36.203504],[139.704764,36.20332],[139.705601,36.202487],[139.706351,36.201904],[139.706464,36.201862],[139.706539,36.201887],[139.706601,36.202537],[139.707063,36.204112],[139.707126,36.204179],[139.707063,36.204179],[139.707401,36.205062],[139.707563,36.205537],[139.707788,36.205987],[139.708313,36.20677],[139.708401,36.206995],[139.708338,36.207378],[139.708063,36.207853],[139.708201,36.208503],[139.708113,36.208753],[139.707588,36.208911],[139.707063,36.208928],[139.706701,36.208978],[139.706551,36.20902],[139.706451,36.209136],[139.706551,36.209628],[139.706801,36.210303],[139.707076,36.210644],[139.707301,36.210819],[139.707551,36.210936],[139.708338,36.210619],[139.708863,36.210461],[139.710613,36.209836],[139.710863,36.21042],[139.710975,36.21047],[139.7122,36.21022],[139.71375,36.20982],[139.714087,36.209753],[139.714275,36.209978],[139.71445,36.210086],[139.714837,36.210045],[139.715862,36.209661],[139.716037,36.210228],[139.716362,36.210903],[139.716675,36.211103],[139.71745,36.211445],[139.717774,36.211536],[139.718062,36.211495],[139.718224,36.211428],[139.718637,36.211428],[139.719137,36.211495],[139.720087,36.211361],[139.720362,36.21127],[139.720224,36.210661],[139.719974,36.210011],[139.719949,36.209511],[139.719974,36.209287],[139.720124,36.208887],[139.720174,36.208437],[139.720099,36.207937],[139.720174,36.207712],[139.720374,36.207603],[139.720924,36.207395],[139.721599,36.207245],[139.721762,36.207178],[139.723874,36.206703],[139.724262,36.20657],[139.725737,36.206345],[139.727124,36.20597],[139.727374,36.205829],[139.726774,36.204304],[139.726687,36.203937],[139.726774,36.203804],[139.727074,36.202571],[139.727187,36.201821],[139.727387,36.201554],[139.727612,36.201646],[139.728074,36.201912],[139.728824,36.202212],[139.729662,36.202662],[139.730274,36.203071],[139.733574,36.204554],[139.734436,36.205012],[139.734636,36.205079],[139.735074,36.205304],[139.735549,36.205487],[139.736024,36.20557],[139.736436,36.205487],[139.736774,36.205645],[139.737636,36.205979],[139.738461,36.206387],[139.738936,36.20657],[139.739661,36.206954],[139.740661,36.207587],[139.741748,36.208328],[139.742186,36.208528],[139.742886,36.208737],[139.743248,36.208895],[139.744573,36.209345],[139.74496,36.20957],[139.746759,36.210882],[139.74681,36.21087],[139.74701,36.210912],[139.747348,36.210928],[139.748035,36.211053],[139.748648,36.211345],[139.75036,36.212312],[139.750835,36.212553],[139.751872,36.213261],[139.753722,36.214411],[139.754222,36.214745],[139.755884,36.216011],[139.756272,36.216345],[139.757297,36.21752],[139.758021,36.218211],[139.758359,36.218386],[139.758534,36.218428],[139.759109,36.218695],[139.759959,36.219228],[139.760484,36.219445],[139.763583,36.220353],[139.765308,36.22092],[139.765946,36.221095],[139.768033,36.221812],[139.770183,36.222412],[139.771682,36.222978],[139.772832,36.223512],[139.773395,36.223662],[139.77442,36.223695],[139.774832,36.223778],[139.775257,36.224112],[139.775557,36.224262],[139.777319,36.224537],[139.777707,36.22462],[139.778094,36.224778],[139.778682,36.225128],[139.779219,36.225503],[139.779719,36.225812],[139.780194,36.226053],[139.781282,36.22647],[139.782256,36.226778],[139.782619,36.22677],[139.783256,36.226603],[139.783369,36.226628],[139.783619,36.226603],[139.783756,36.226645],[139.784444,36.226745],[139.784969,36.226695],[139.785219,36.226737],[139.785419,36.22687],[139.785506,36.227345],[139.785494,36.227687],[139.785569,36.227728],[139.786431,36.227945],[139.786581,36.228028],[139.787081,36.228178],[139.787244,36.22827],[139.788031,36.228487],[139.788531,36.228662],[139.789056,36.228787],[139.789868,36.22907],[139.791956,36.229812],[139.792381,36.229962],[139.792568,36.230012],[139.792993,36.230162],[139.793768,36.230403],[139.794443,36.230637],[139.79458,36.230662],[139.795105,36.230853],[139.813003,36.236836],[139.813541,36.237036],[139.81409,36.237186],[139.814628,36.237403],[139.81484,36.23747],[139.815015,36.237553],[139.815153,36.237578],[139.815378,36.237661],[139.816715,36.238053],[139.818865,36.23882],[139.819477,36.238986],[139.821065,36.239536],[139.82159,36.239728],[139.821677,36.239753],[139.821989,36.239861],[139.821989,36.240494],[139.822089,36.241253],[139.822214,36.241686],[139.822377,36.242019],[139.822639,36.242286],[139.823152,36.242952],[139.823489,36.243494],[139.824289,36.244452],[139.824539,36.244836],[139.825164,36.245544],[139.826264,36.246819],[139.826776,36.247394],[139.826864,36.247577],[139.827014,36.248135],[139.827676,36.249843],[139.828426,36.251543],[139.828638,36.252285],[139.828763,36.25296],[139.828738,36.253101],[139.828763,36.253168],[139.828876,36.253743],[139.828988,36.254693],[139.8291,36.255076],[139.829363,36.256518],[139.829588,36.257284],[139.829638,36.257709],[139.830262,36.259925],[139.830762,36.262042],[139.8311,36.263525],[139.831275,36.263908],[139.83135,36.264208],[139.831525,36.264517],[139.832225,36.265575],[139.832999,36.266433],[139.833362,36.266933],[139.833787,36.267608],[139.834262,36.268758],[139.834262,36.268866],[139.834712,36.270108],[139.834987,36.270533],[139.835774,36.271366],[139.836249,36.271774],[139.837836,36.272991],[139.837974,36.273149],[139.838449,36.273466],[139.839536,36.274274],[139.841274,36.275358],[139.841499,36.275599],[139.841724,36.276366],[139.841774,36.277341],[139.841661,36.277724],[139.841161,36.278899],[139.840886,36.27939],[139.840699,36.27984],[139.839174,36.282482],[139.838724,36.283432],[139.838586,36.28359],[139.836836,36.286906],[139.836236,36.288398],[139.836036,36.289098],[139.835349,36.290989],[139.835236,36.291439],[139.835211,36.292347],[139.835349,36.293497],[139.835611,36.294172],[139.835799,36.294505],[139.836386,36.295255],[139.837374,36.296422],[139.837986,36.297414],[139.838661,36.298722],[139.838773,36.299238],[139.839098,36.299688],[139.839323,36.299897],[139.839361,36.300005],[139.839411,36.29998],[139.839523,36.300005],[139.839523,36.300055],[139.839411,36.300188],[139.839436,36.300255],[139.839386,36.300438],[139.839411,36.300522],[139.839498,36.300522],[139.839548,36.300455],[139.839886,36.300572],[139.840023,36.300705],[139.840086,36.300863],[139.840136,36.300888],[139.840361,36.300638],[139.840473,36.300663],[139.840498,36.300705],[139.840473,36.30093],[139.840523,36.301047],[139.840611,36.301047],[139.840811,36.300955],[139.840861,36.300997],[139.840836,36.301197],[139.840861,36.301247],[139.841173,36.301222],[139.841286,36.301247],[139.841311,36.301472],[139.841611,36.301922],[139.841873,36.302213],[139.842173,36.302463],[139.842148,36.30273],[139.842236,36.302847],[139.842261,36.303022],[139.842148,36.303388],[139.842261,36.303588],[139.842486,36.303721],[139.842623,36.303996],[139.842848,36.304221],[139.842911,36.304421],[139.843123,36.305013],[139.843498,36.305546],[139.843861,36.305846],[139.844298,36.305863],[139.844435,36.305913],[139.84461,36.306155],[139.84486,36.306363],[139.845085,36.306605],[139.84506,36.306746],[139.845198,36.307238],[139.845223,36.307871],[139.84531,36.308121],[139.84551,36.308371],[139.845673,36.308363],[139.845873,36.308505],[139.846173,36.308838],[139.846373,36.309288],[139.846623,36.309563],[139.84701,36.310146],[139.847885,36.310663],[139.848385,36.311138],[139.84866,36.311321],[139.84936,36.311629],[139.84961,36.311771],[139.85056,36.311929],[139.85081,36.311679],[139.85106,36.311588],[139.851222,36.311763],[139.85131,36.311788],[139.851472,36.311679],[139.851835,36.311604],[139.852147,36.311604],[139.852422,36.311446],[139.85271,36.311538],[139.852847,36.311429],[139.85296,36.311629],[139.85301,36.311654],[139.853147,36.311588],[139.85321,36.311446],[139.853685,36.311354],[139.853935,36.311129],[139.854147,36.310996],[139.854572,36.310929],[139.855822,36.310813],[139.856597,36.31068],[139.857109,36.31068],[139.857522,36.310521],[139.858272,36.310588],[139.858472,36.310746],[139.858922,36.311263],[139.859147,36.311396],[139.859247,36.31133],[139.859559,36.311529],[139.859759,36.311621],[139.859872,36.311579],[139.860197,36.311646],[139.860372,36.311804],[139.860372,36.311871],[139.860597,36.312029],[139.860597,36.312071],[139.860709,36.312188],[139.861259,36.312296],[139.861509,36.312504],[139.861796,36.312546],[139.862046,36.312813],[139.862121,36.312838],[139.862434,36.312838],[139.862884,36.313246],[139.862884,36.313421],[139.862934,36.313446],[139.863071,36.313738],[139.863496,36.314329],[139.863834,36.314688],[139.864334,36.315179],[139.864496,36.315246],[139.864809,36.315587],[139.865621,36.314979],[139.866621,36.314296],[139.867196,36.313804],[139.867309,36.313821],[139.867671,36.314096],[139.868183,36.314388],[139.868371,36.314346],[139.869208,36.313913],[139.869508,36.313846],[139.869758,36.313846],[139.870046,36.313888],[139.870458,36.314138],[139.870596,36.314338],[139.870658,36.314788],[139.870746,36.315038],[139.870933,36.315088],[139.871744,36.314982],[139.872071,36.315013],[139.872271,36.315129],[139.872446,36.315146],[139.872508,36.315229],[139.872358,36.317179],[139.872421,36.317496],[139.872596,36.317746],[139.872633,36.317746],[139.872183,36.318129],[139.872071,36.318196],[139.87352,36.319837],[139.874345,36.320829],[139.874633,36.320962],[139.874695,36.320895],[139.874958,36.320762],[139.87522,36.32067],[139.875195,36.321162],[139.875133,36.321437],[139.87482,36.322287],[139.874645,36.323078],[139.874645,36.32317],[139.875645,36.323145],[139.876783,36.322987],[139.87817,36.322937],[139.87832,36.322895],[139.87932,36.322829],[139.879495,36.32287],[139.879695,36.323029],[139.88032,36.322987],[139.881082,36.322804],[139.881495,36.322604],[139.881957,36.322104],[139.882482,36.321362],[139.882607,36.321137],[139.88257,36.320871],[139.882607,36.320754],[139.882482,36.320104],[139.882457,36.319654],[139.882282,36.319362],[139.881507,36.318479],[139.881182,36.318171],[139.880445,36.317246],[139.88012,36.316821],[139.879982,36.316279],[139.879982,36.316188],[139.879857,36.315938],[139.87927,36.315329],[139.878883,36.314679],[139.87877,36.314571],[139.878558,36.314213],[139.878408,36.313688],[139.878295,36.312721],[139.878383,36.31158],[139.878408,36.311263],[139.878758,36.310722],[139.879608,36.310205],[139.880082,36.309772],[139.88082,36.309505],[139.881232,36.30953],[139.881632,36.309705],[139.882195,36.31013],[139.88232,36.310338],[139.88252,36.31058],[139.882607,36.310605],[139.882845,36.310763],[139.88317,36.310897],[139.883695,36.311255],[139.884082,36.311571],[139.884557,36.311821],[139.884882,36.311913],[139.885295,36.311913],[139.886407,36.311547],[139.887057,36.311522],[139.887382,36.31148],[139.887869,36.311255],[139.888194,36.311055],[139.888319,36.31103],[139.888644,36.310897],[139.889694,36.310647],[139.890194,36.310397],[139.890807,36.309905],[139.891194,36.309455],[139.891457,36.309247],[139.891806,36.30923],[139.892281,36.309247],[139.893081,36.309405],[139.893931,36.309605],[139.894394,36.309722],[139.894606,36.309589],[139.894981,36.309114],[139.895344,36.309314],[139.896344,36.309764],[139.896581,36.309922],[139.897219,36.308955],[139.897656,36.308347],[139.897981,36.30783],[139.898831,36.306564],[139.898943,36.30643],[139.898806,36.306364],[139.898006,36.305739],[139.897119,36.304989],[139.896506,36.304614],[139.896156,36.304431],[139.895594,36.304339],[139.895356,36.304364],[139.894681,36.304564],[139.894569,36.304497],[139.894294,36.304114],[139.894206,36.303822],[139.894181,36.303014],[139.894294,36.301956],[139.894356,36.301864],[139.895081,36.301798],[139.895269,36.301756],[139.895319,36.301639],[139.895294,36.300739],[139.895531,36.300714],[139.896019,36.300606],[139.896431,36.300406],[139.896994,36.300223],[139.897469,36.300198],[139.898344,36.300223],[139.898581,36.300448],[139.898819,36.300606],[139.899231,36.300689],[139.899343,36.301164],[139.899468,36.301281],[139.899818,36.301439],[139.899906,36.301414],[139.899968,36.301164],[139.899881,36.300914],[139.899731,36.300714],[139.899756,36.300648],[139.900231,36.300739],[139.900343,36.300689],[139.900168,36.300423],[139.900756,36.300014],[139.900668,36.299906],[139.900606,36.299206],[139.900668,36.299181],[139.900906,36.299098],[139.901318,36.299048],[139.901868,36.299023],[139.901906,36.29864],[139.902868,36.29864],[139.902993,36.298665]]]}}],"type":"FeatureCollection"}