{"type":"FeatureCollection","features":[{"geometry":{"type":"Polygon","coordinates":[[[136.172654,35.590216],[136.172916,35.59055],[136.173129,35.590741],[136.173741,35.591083],[136.174816,35.591841],[136.175291,35.592249],[136.175578,35.592666],[136.175678,35.593241],[136.175841,35.593733],[136.176016,35.593933],[136.176628,35.594341],[136.177228,35.594682],[136.17749,35.595074],[136.17749,35.595391],[136.177303,35.595699],[136.17699,35.596066],[136.17674,35.596599],[136.17684,35.597099],[136.176815,35.598174],[136.176665,35.598474],[136.176215,35.598865],[136.17584,35.599349],[136.175128,35.600757],[136.174753,35.601607],[136.174478,35.602457],[136.174465,35.60329],[136.17429,35.603598],[136.173965,35.603823],[136.17344,35.604256],[136.173178,35.604648],[136.173115,35.605306],[136.172865,35.605856],[136.172328,35.606681],[136.171603,35.607248],[136.171303,35.608031],[136.170903,35.608456],[136.170815,35.608881],[136.170728,35.610347],[136.170403,35.612055],[136.170215,35.612572],[136.16964,35.613338],[136.169153,35.613763],[136.16869,35.614105],[136.168353,35.614522],[136.167653,35.616263],[136.167165,35.618029],[136.166865,35.618596],[136.16679,35.618646],[136.16624,35.618771],[136.165666,35.618796],[136.165266,35.618888],[136.164953,35.619146],[136.164353,35.619954],[136.164253,35.620312],[136.164253,35.620987],[136.164078,35.621429],[136.163791,35.621937],[136.163091,35.622529],[136.162878,35.622912],[136.162628,35.623679],[136.162441,35.624012],[136.162066,35.624079],[136.161641,35.624228],[136.161278,35.624678],[136.160828,35.62497],[136.160391,35.625012],[136.160029,35.625103],[136.159766,35.625237],[136.159766,35.625845],[136.160066,35.626345],[136.160241,35.626778],[136.160166,35.627386],[136.159903,35.627961],[136.159453,35.629111],[136.159166,35.629436],[136.158629,35.629619],[136.158491,35.629878],[136.158641,35.630136],[136.159078,35.630553],[136.159428,35.631061],[136.159616,35.631711],[136.159666,35.632352],[136.159591,35.634102],[136.159828,35.63456],[136.159803,35.634852],[136.158666,35.63536],[136.158328,35.635627],[136.158241,35.635869],[136.158353,35.636427],[136.158528,35.636993],[136.158591,35.63761],[136.158528,35.638218],[136.158403,35.638652],[136.157816,35.639935],[136.157353,35.640451],[136.157341,35.641168],[136.157278,35.641235],[136.156953,35.641393],[136.156116,35.641685],[136.155504,35.64181],[136.155041,35.642176],[136.154779,35.642593],[136.154666,35.643118],[136.154691,35.643126],[136.154629,35.643226],[136.154404,35.643384],[136.154116,35.643684],[136.154066,35.643801],[136.153979,35.644218],[136.154266,35.646076],[136.154166,35.646309],[136.153779,35.646326],[136.153566,35.646267],[136.153041,35.646242],[136.152254,35.647334],[136.151742,35.647976],[136.151317,35.648717],[136.151192,35.649417],[136.151254,35.649592],[136.152004,35.650317],[136.152504,35.650692],[136.152491,35.650767],[136.151129,35.651175],[136.150904,35.651758],[136.151067,35.652375],[136.151166,35.653],[136.151054,35.653308],[136.150654,35.6534],[136.150192,35.654233],[136.150004,35.65475],[136.150067,35.6549],[136.150354,35.6551],[136.151204,35.655533],[136.150854,35.656433],[136.150541,35.657841],[136.150454,35.658674],[136.149966,35.659583],[136.149442,35.660024],[136.149154,35.660441],[136.149117,35.661032],[136.148779,35.661641],[136.148442,35.662116],[136.148029,35.662466],[136.147504,35.662666],[136.14578,35.663049],[136.14483,35.66339],[136.144017,35.66374],[136.14318,35.663907],[136.142642,35.663965],[136.140593,35.663915],[136.140393,35.663965],[136.139918,35.664257],[136.139418,35.664749],[136.139255,35.665024],[136.138856,35.66504],[136.138168,35.665032],[136.137381,35.665165],[136.136731,35.665482],[136.136118,35.665949],[136.135718,35.666615],[136.135406,35.667357],[136.134931,35.667548],[136.134706,35.667923],[136.134531,35.669207],[136.134469,35.669382],[136.134494,35.669823],[136.134481,35.669865],[136.135056,35.67039],[136.135531,35.671023],[136.136081,35.671473],[136.136193,35.672248],[136.136343,35.672473],[136.136618,35.672656],[136.137293,35.672798],[136.137693,35.673048],[136.13783,35.673381],[136.137905,35.673839],[136.137968,35.674939],[136.138343,35.675347],[136.138793,35.675581],[136.139143,35.675897],[136.13978,35.676989],[136.139755,35.677347],[136.139592,35.677664],[136.139667,35.677955],[136.139992,35.678297],[136.140592,35.678597],[136.141617,35.67898],[136.141792,35.678989],[136.142317,35.679105],[136.142592,35.679422],[136.142829,35.679938],[136.142954,35.68028],[136.142904,35.680622],[136.143067,35.68118],[136.143267,35.681588],[136.143429,35.682446],[136.143504,35.683146],[136.144054,35.683671],[136.144417,35.683921],[136.144466,35.684038],[136.144541,35.684304],[136.145191,35.684671],[136.145754,35.686254],[136.146029,35.686729],[136.146241,35.687029],[136.146641,35.687187],[136.147291,35.687262],[136.147991,35.687354],[136.148266,35.687537],[136.148816,35.688329],[136.148966,35.688762],[136.148828,35.689237],[136.149003,35.689912],[136.149078,35.690045],[136.149915,35.690887],[136.15024,35.691253],[136.150265,35.691612],[136.150003,35.692537],[136.150003,35.692962],[136.150115,35.693278],[136.150215,35.69382],[136.15014,35.694136],[136.149703,35.69477],[136.149628,35.695078],[136.149678,35.695311],[136.150415,35.696711],[136.15054,35.697069],[136.150353,35.697769],[136.150653,35.698069],[136.151802,35.698619],[136.152327,35.698777],[136.152852,35.698802],[136.153352,35.698761],[136.153902,35.698836],[136.154302,35.699044],[136.154752,35.699536],[136.155014,35.699769],[136.155564,35.700136],[136.156164,35.700294],[136.156964,35.700319],[136.157402,35.700144],[136.158177,35.699319],[136.158739,35.698936],[136.159414,35.698669],[136.160239,35.698428],[136.160951,35.698069],[136.161326,35.697778],[136.161639,35.696744],[136.161814,35.696411],[136.162264,35.696253],[136.163501,35.696153],[136.164776,35.69627],[136.165401,35.696436],[136.165901,35.696686],[136.166163,35.697003],[136.166238,35.697611],[136.166088,35.697969],[136.166226,35.698944],[136.166201,35.699394],[136.166288,35.699777],[136.166663,35.700819],[136.166875,35.702177],[136.167038,35.702494],[136.167663,35.703152],[136.167963,35.703352],[136.168275,35.702769],[136.168525,35.702544],[136.169375,35.702035],[136.169888,35.701635],[136.170388,35.701369],[136.170638,35.701436],[136.170963,35.701594],[136.171437,35.701644],[136.171812,35.70176],[136.17295,35.702669],[136.17365,35.703077],[136.17405,35.703352],[136.17435,35.703669],[136.174575,35.703744],[136.174925,35.703469],[136.175812,35.703052],[136.176012,35.702919],[136.176712,35.702877],[136.177112,35.702719],[136.177674,35.702294],[136.178399,35.701644],[136.179299,35.701769],[136.179724,35.701661],[136.180199,35.701702],[136.180711,35.701502],[136.181036,35.701461],[136.181486,35.701694],[136.181899,35.702052],[136.182149,35.702419],[136.182249,35.702827],[136.182449,35.70301],[136.183399,35.703469],[136.183973,35.703585],[136.184498,35.70356],[136.185298,35.70366],[136.185973,35.703502],[136.187286,35.703202],[136.18906,35.702469],[136.189523,35.702219],[136.190098,35.702544],[136.190323,35.702586],[136.190848,35.702344],[136.191073,35.702328],[136.191173,35.702011],[136.191198,35.701603],[136.19136,35.701269],[136.19161,35.700953],[136.191835,35.700569],[136.19196,35.700528],[136.19261,35.700645],[136.192785,35.70062],[136.193347,35.700403],[136.193672,35.699995],[136.193822,35.699661],[136.193935,35.699161],[136.19426,35.698803],[136.194622,35.698245],[136.195285,35.697028],[136.195485,35.69622],[136.19551,35.69577],[136.195622,35.694845],[136.195797,35.694512],[136.19621,35.694262],[136.196485,35.693704],[136.196585,35.693412],[136.196847,35.692962],[136.196822,35.692579],[136.196647,35.692146],[136.197847,35.690596],[136.198272,35.689654],[136.198422,35.689521],[136.199184,35.689279],[136.199559,35.689463],[136.199709,35.689638],[136.199997,35.689913],[136.200334,35.689804],[136.200784,35.689829],[136.201284,35.689604],[136.201409,35.689363],[136.201447,35.68873],[136.201697,35.688396],[136.201947,35.688146],[136.201972,35.687946],[136.202084,35.687563],[136.202284,35.68738],[136.202784,35.687271],[136.203209,35.687205],[136.203534,35.686938],[136.204097,35.686655],[136.204471,35.686655],[136.205009,35.687021],[136.205534,35.687046],[136.205796,35.687046],[136.206146,35.686938],[136.206396,35.686963],[136.206971,35.687255],[136.207296,35.687396],[136.207721,35.687421],[136.208196,35.687513],[136.208296,35.687513],[136.209096,35.686688],[136.210033,35.686397],[136.210258,35.686105],[136.210333,35.685955],[136.210333,35.68568],[136.210258,35.685522],[136.210246,35.68518],[136.210446,35.684397],[136.210683,35.683972],[136.211433,35.682914],[136.211721,35.682355],[136.212121,35.681972],[136.212733,35.681639],[136.212858,35.681705],[136.213046,35.682155],[136.213146,35.682472],[136.213371,35.682747],[136.213621,35.682905],[136.213771,35.68313],[136.213933,35.683447],[136.214183,35.683522],[136.215045,35.683614],[136.215495,35.68373],[136.216333,35.684305],[136.217108,35.684464],[136.217808,35.684497],[136.218545,35.68448],[136.21922,35.684372],[136.219545,35.684147],[136.21952,35.684147],[136.220057,35.683405],[136.220182,35.683364],[136.220782,35.683297],[136.221282,35.683322],[136.221482,35.683305],[136.222107,35.683081],[136.222482,35.682789],[136.222795,35.682431],[136.222995,35.682114],[136.22312,35.681781],[136.223507,35.681306],[136.224107,35.681022],[136.225082,35.680822],[136.225332,35.680739],[136.225794,35.680448],[136.227619,35.680389],[136.227894,35.680506],[136.228194,35.680756],[136.228694,35.681073],[136.229169,35.681306],[136.229669,35.681489],[136.229881,35.681623],[136.230581,35.682331],[136.231081,35.682581],[136.232281,35.682548],[136.233693,35.682356],[136.234168,35.682473],[136.234393,35.682406],[136.234893,35.681414],[136.236793,35.680031],[136.236968,35.679848],[136.237768,35.679223],[136.239967,35.677282],[136.240605,35.67679],[136.241505,35.676457],[136.242592,35.67579],[136.242892,35.675657],[136.243267,35.675207],[136.244304,35.674016],[136.244679,35.673724],[136.244879,35.673732],[136.245254,35.673932],[136.246129,35.674641],[136.246179,35.674707],[136.246604,35.675074],[136.246929,35.675299],[136.24712,35.675364],[136.247129,35.675382],[136.247591,35.675566],[136.248479,35.675749],[136.249329,35.676049],[136.249853,35.676182],[136.250228,35.676249],[136.250478,35.676232],[136.250816,35.675941],[136.251528,35.675082],[136.251891,35.674749],[136.252416,35.674524],[136.253053,35.674324],[136.254428,35.673783],[136.254878,35.673449],[136.255265,35.673041],[136.25559,35.672591],[136.25639,35.671941],[136.257503,35.671175],[136.257853,35.671091],[136.25854,35.671291],[136.25984,35.671616],[136.26044,35.671658],[136.261352,35.671666],[136.262015,35.671575],[136.263027,35.671375],[136.263852,35.671108],[136.26449,35.670816],[136.264989,35.670475],[136.266127,35.669825],[136.266214,35.669766],[136.268202,35.66905],[136.269052,35.668717],[136.269602,35.668425],[136.270076,35.668042],[136.270276,35.667683],[136.270214,35.667325],[136.270301,35.666967],[136.270964,35.666242],[136.271301,35.666],[136.271526,35.665433],[136.271714,35.6653],[136.272401,35.665392],[136.273889,35.665325],[136.275651,35.664342],[136.276426,35.6636],[136.276626,35.663509],[136.277088,35.663425],[136.277613,35.663225],[136.278088,35.662751],[136.279226,35.661784],[136.279826,35.661467],[136.280713,35.661067],[136.280276,35.660343],[136.280163,35.660009],[136.280201,35.659401],[136.280613,35.658834],[136.280863,35.658634],[136.279876,35.658318],[136.279463,35.658018],[136.279101,35.657568],[136.276689,35.655018],[136.276476,35.654568],[136.276339,35.654043],[136.276201,35.653276],[136.276201,35.652426],[136.276401,35.651726],[136.276951,35.651002],[136.277426,35.65051],[136.278001,35.65006],[136.279251,35.649435],[136.279576,35.64901],[136.280051,35.648536],[136.280963,35.647952],[136.281513,35.647527],[136.281626,35.646986],[136.281688,35.646444],[136.281938,35.646019],[136.282326,35.645611],[136.282601,35.645003],[136.283013,35.643786],[136.283101,35.64332],[136.282888,35.64282],[136.282751,35.642187],[136.282726,35.641645],[136.282338,35.641087],[136.281851,35.640653],[136.281526,35.640245],[136.281138,35.640087],[136.279926,35.639953],[136.279813,35.639862],[136.279563,35.639412],[136.279438,35.63882],[136.279101,35.63837],[136.279051,35.637854],[136.279114,35.637287],[136.279226,35.636837],[136.279388,35.636412],[136.280601,35.635537],[136.281601,35.634929],[136.282376,35.634546],[136.282876,35.634079],[136.283201,35.633513],[136.283601,35.631688],[136.283813,35.631105],[136.284288,35.630838],[136.285888,35.629688],[136.286638,35.628772],[136.28705,35.628322],[136.287413,35.62778],[136.28715,35.626047],[136.28715,35.62503],[136.287263,35.624422],[136.287713,35.623097],[136.287963,35.622414],[136.288325,35.620981],[136.288625,35.620456],[136.289013,35.620323],[136.290363,35.620464],[136.290725,35.620264],[136.29095,35.619814],[136.291137,35.619681],[136.291637,35.619431],[136.2929,35.618739],[136.293325,35.618464],[136.29395,35.618131],[136.294587,35.617998],[136.2955,35.618023],[136.296212,35.618114],[136.296874,35.618006],[136.297624,35.617739],[136.298224,35.617581],[136.298662,35.617673],[136.299237,35.617989],[136.299924,35.618414],[136.300699,35.618806],[136.301462,35.619031],[136.303286,35.619439],[136.303561,35.619664],[136.303611,35.620048],[136.303774,35.620414],[136.304161,35.620231],[136.304549,35.620006],[136.305074,35.619964],[136.305261,35.620481],[136.305211,35.620689],[136.305236,35.621248],[136.305974,35.621906],[136.306661,35.622273],[136.307486,35.622589],[136.309761,35.623181],[136.310448,35.623248],[136.311811,35.622806],[136.312548,35.622848],[136.313511,35.622989],[136.31431,35.623148],[136.315135,35.623239],[136.315604,35.623348],[136.31571,35.623198],[136.31611,35.621889],[136.31641,35.621664],[136.316985,35.621556],[136.317735,35.621556],[136.318448,35.621448],[136.318673,35.621356],[136.319085,35.620931],[136.319448,35.620365],[136.319835,35.619848],[136.320298,35.619423],[136.32151,35.61884],[136.32201,35.618098],[136.32246,35.617515],[136.32296,35.617015],[136.323447,35.61664],[136.323622,35.616257],[136.322772,35.61454],[136.321923,35.613632],[136.32121,35.612574],[136.320823,35.611757],[136.320698,35.611132],[136.32056,35.61079],[136.32031,35.610474],[136.319735,35.61009],[136.319185,35.609657],[136.318035,35.608124],[136.317548,35.607649],[136.316773,35.607174],[136.316548,35.607082],[136.315398,35.606224],[136.315185,35.606132],[136.31501,35.605791],[136.315373,35.605591],[136.315573,35.605574],[136.317135,35.604874],[136.317773,35.604699],[136.318248,35.604408],[136.318885,35.603933],[136.319098,35.603533],[136.319235,35.603008],[136.319485,35.602583],[136.319848,35.602183],[136.320123,35.601749],[136.320323,35.601233],[136.320435,35.600583],[136.320935,35.599141],[136.321272,35.598708],[136.321572,35.598241],[136.321635,35.597725],[136.321335,35.59585],[136.321347,35.594517],[136.321397,35.593892],[136.32171,35.593575],[136.322122,35.5933],[136.32251,35.5931],[136.322647,35.592742],[136.322485,35.591475],[136.32246,35.590826],[136.322485,35.590217],[136.32241,35.589742],[136.322222,35.589267],[136.32211,35.588484],[136.322172,35.588009],[136.32236,35.587601],[136.322885,35.586951],[136.323022,35.586701],[136.323335,35.586526],[136.323372,35.58646],[136.323372,35.58601],[136.323497,35.585668],[136.32411,35.585176],[136.324297,35.584768],[136.324397,35.584268],[136.32436,35.583868],[136.32411,35.583618],[136.323122,35.583235],[136.32276,35.583118],[136.32261,35.582402],[136.322173,35.581519],[136.32211,35.581277],[136.322173,35.580752],[136.323073,35.579086],[136.323098,35.578702],[136.322698,35.577919],[136.32266,35.577286],[136.323073,35.575236],[136.323098,35.574919],[136.32291,35.574153],[136.322573,35.573811],[136.32236,35.573361],[136.321985,35.572261],[136.321898,35.57167],[136.322048,35.571112],[136.322698,35.570095],[136.322698,35.569528],[136.321773,35.568628],[136.320173,35.567029],[136.319611,35.56642],[136.318848,35.565362],[136.318573,35.564096],[136.318386,35.563404],[136.318348,35.562679],[136.318236,35.562096],[136.317798,35.561621],[136.317648,35.561038],[136.317548,35.560063],[136.317423,35.559521],[136.317211,35.558913],[136.316349,35.557605],[136.316261,35.557338],[136.316161,35.556772],[136.316199,35.556147],[136.316386,35.555622],[136.316686,35.555222],[136.316936,35.554814],[136.317149,35.55353],[136.317311,35.55288],[136.317336,35.552406],[136.317249,35.552131],[136.316686,35.551139],[136.316636,35.550622],[136.316686,35.550239],[136.316536,35.549631],[136.316661,35.549064],[136.317149,35.548231],[136.317399,35.54749],[136.317711,35.547131],[136.318074,35.546931],[136.318599,35.546748],[136.319061,35.546456],[136.319499,35.54609],[136.320574,35.545398],[136.321873,35.544315],[136.322298,35.544223],[136.322611,35.544357],[136.322911,35.544715],[136.323536,35.545123],[136.324548,35.545282],[136.325136,35.545598],[136.325723,35.546182],[136.325935,35.547698],[136.325748,35.548031],[136.325623,35.548465],[136.325898,35.549114],[136.32646,35.549564],[136.327048,35.549881],[136.328423,35.550106],[136.329072,35.550306],[136.329635,35.550689],[136.329785,35.550739],[136.330335,35.550781],[136.331597,35.550489],[136.33216,35.550464],[136.33336,35.549998],[136.333884,35.549948],[136.334497,35.550106],[136.335172,35.550173],[136.335909,35.550106],[136.336897,35.550131],[136.337484,35.549973],[136.338034,35.54934],[136.338659,35.548282],[136.339459,35.546232],[136.339584,35.545624],[136.339584,35.544315],[136.339759,35.543749],[136.340159,35.543366],[136.340784,35.543099],[136.341146,35.542691],[136.340934,35.542082],[136.340496,35.541907],[136.339947,35.541608],[136.339609,35.541249],[136.339484,35.541066],[136.339359,35.540574],[136.339484,35.540008],[136.339759,35.539558],[136.340097,35.539158],[136.340259,35.538908],[136.340709,35.537483],[136.340809,35.537308],[136.340809,35.537283],[136.341921,35.537441],[136.343059,35.537533],[136.343209,35.537483],[136.343734,35.537241],[136.344221,35.537083],[136.344721,35.536967],[136.345184,35.536492],[136.345609,35.536108],[136.346009,35.536],[136.346009,35.536108],[136.346259,35.536492],[136.346321,35.536808],[136.346633,35.53735],[136.347121,35.537641],[136.348258,35.537958],[136.348321,35.537891],[136.348533,35.537666],[136.348908,35.5374],[136.349333,35.537258],[136.349521,35.537258],[136.350021,35.537417],[136.350758,35.537866],[136.35137,35.538183],[136.351833,35.538341],[136.353008,35.538366],[136.35457,35.5385],[136.355195,35.53875],[136.35627,35.539491],[136.356632,35.5399],[136.356695,35.540233],[136.356395,35.541024],[136.356482,35.541458],[136.356757,35.541924],[136.356795,35.542358],[136.356882,35.542849],[136.356982,35.543008],[136.357382,35.543233],[136.357969,35.543508],[136.358394,35.543958],[136.358582,35.544407],[136.358707,35.545107],[136.358769,35.546416],[136.358982,35.546999],[136.359019,35.547449],[136.358982,35.54799],[136.359107,35.548807],[136.359319,35.549274],[136.359419,35.549365],[136.359632,35.549482],[136.359694,35.549482],[136.360007,35.54959],[136.361019,35.550515],[136.361081,35.550965],[136.361056,35.551532],[136.361119,35.552257],[136.361206,35.552498],[136.361519,35.552998],[136.361981,35.553556],[136.362194,35.554015],[136.362256,35.554256],[136.362319,35.554931],[136.362719,35.555948],[136.362744,35.556198],[136.362531,35.556939],[136.362469,35.557439],[136.362594,35.557864],[136.362531,35.558314],[136.362656,35.558697],[136.362756,35.558789],[136.363619,35.558947],[136.364543,35.559356],[136.365218,35.559781],[136.365493,35.559872],[136.365806,35.559847],[136.366856,35.559447],[136.367256,35.559356],[136.368143,35.559306],[136.369318,35.559131],[136.369593,35.558997],[136.370118,35.558856],[136.370455,35.558881],[136.370793,35.559039],[136.371168,35.559289],[136.37153,35.559489],[136.372168,35.559772],[136.372493,35.559822],[136.372905,35.559772],[136.373293,35.559614],[136.373618,35.559322],[136.373843,35.558914],[136.374117,35.558581],[136.374093,35.557973],[136.374192,35.557498],[136.37483,35.556073],[136.375155,35.55479],[136.375455,35.55389],[136.375342,35.553507],[136.375067,35.55304],[136.375267,35.552223],[136.375942,35.551057],[136.376392,35.550582],[136.37743,35.549632],[136.377542,35.549091],[136.377792,35.548549],[136.37823,35.548099],[136.379105,35.547599],[136.379442,35.547149],[136.379692,35.546699],[136.380404,35.545866],[136.380454,35.545416],[136.380342,35.544941],[136.380405,35.544583],[136.380255,35.544016],[136.380067,35.5435],[136.37998,35.542941],[136.380092,35.541208],[136.380305,35.540733],[136.380605,35.540283],[136.38083,35.539758],[136.38088,35.5392],[136.381017,35.538684],[136.381017,35.538184],[136.381067,35.537667],[136.381479,35.537417],[136.381979,35.537284],[136.382592,35.537192],[136.382504,35.536626],[136.382304,35.536109],[136.382279,35.536109],[136.382392,35.535551],[136.382604,35.535142],[136.383542,35.534759],[136.384117,35.533451],[136.384454,35.533018],[136.384729,35.532884],[136.385167,35.532926],[136.385779,35.533176],[136.386542,35.532834],[136.387042,35.532676],[136.387642,35.532743],[136.388716,35.532943],[136.389329,35.532901],[136.389554,35.532809],[136.389929,35.532559],[136.390266,35.531993],[136.391279,35.531876],[136.392004,35.53186],[136.392829,35.531876],[136.393466,35.531743],[136.393979,35.53156],[136.394779,35.531401],[136.395254,35.531218],[136.395416,35.531218],[136.395966,35.531351],[136.396491,35.531526],[136.397041,35.53166],[136.397591,35.531935],[136.397928,35.531843],[136.398416,35.531568],[136.398966,35.531435],[136.399416,35.531185],[136.399716,35.530735],[136.400041,35.530377],[136.400341,35.530143],[136.400453,35.529835],[136.400228,35.52891],[136.400228,35.52846],[136.400391,35.52801],[136.400341,35.527718],[136.400253,35.527652],[136.399953,35.527219],[136.399953,35.527177],[136.400616,35.526927],[136.400828,35.526569],[136.401103,35.526319],[136.401628,35.526094],[136.401791,35.525735],[136.401378,35.524719],[136.401103,35.523636],[136.400966,35.523369],[136.400303,35.522969],[136.399853,35.522627],[136.399466,35.522227],[136.399116,35.521752],[136.399141,35.521169],[136.399579,35.520878],[136.400066,35.520469],[136.401203,35.519678],[136.401966,35.519269],[136.402516,35.519044],[136.402766,35.518636],[136.402978,35.51747],[136.404028,35.516878],[136.404416,35.51652],[136.404766,35.515861],[136.405078,35.515437],[136.405291,35.514962],[136.405453,35.513812],[136.405566,35.513495],[136.405291,35.513495],[136.404978,35.513545],[136.404766,35.513503],[136.404566,35.513345],[136.404403,35.512912],[136.404241,35.511862],[136.404016,35.51152],[136.403791,35.511495],[136.403404,35.511637],[136.403104,35.511954],[136.402716,35.51227],[136.402504,35.512603],[136.402479,35.513078],[136.402279,35.513328],[136.401291,35.513303],[136.400354,35.513645],[136.400079,35.51362],[136.400029,35.51342],[136.400191,35.513012],[136.400466,35.512562],[136.400566,35.512045],[136.400404,35.511645],[136.400241,35.511579],[136.399741,35.511512],[136.399666,35.511462],[136.399442,35.510587],[136.399242,35.510495],[136.398467,35.51032],[136.397979,35.510045],[136.397479,35.509845],[136.396904,35.509379],[136.396704,35.508945],[136.396892,35.508479],[136.396954,35.508204],[136.396729,35.507279],[136.396454,35.507037],[136.395905,35.506812],[136.395355,35.506787],[136.394655,35.506679],[136.394355,35.506521],[136.39408,35.506321],[136.393855,35.506004],[136.39378,35.505671],[136.39378,35.505196],[136.393692,35.504746],[136.393005,35.504546],[136.392967,35.504121],[136.392892,35.504096],[136.392592,35.504121],[136.392393,35.504096],[136.392318,35.504004],[136.392068,35.503263],[136.391818,35.502988],[136.39108,35.501546],[136.390005,35.50003],[136.389793,35.499405],[136.389493,35.498363],[136.389281,35.497938],[136.388893,35.497464],[136.388481,35.497147],[136.387868,35.497014],[136.387681,35.496339],[136.387931,35.495572],[136.388331,35.494847],[136.388268,35.493947],[136.387968,35.493522],[136.387118,35.493072],[136.386956,35.492706],[136.386818,35.492031],[136.386718,35.490523],[136.386606,35.489714],[136.386668,35.488948],[136.387006,35.488315],[136.387468,35.487865],[136.387943,35.487481],[136.388493,35.487282],[136.389993,35.48634],[136.390568,35.485757],[136.391143,35.485348],[136.391618,35.485215],[136.392193,35.485423],[136.39263,35.485648],[136.393243,35.485082],[136.393718,35.484365],[136.393993,35.48349],[136.394605,35.483107],[136.395405,35.482499],[136.39573,35.482024],[136.396205,35.481716],[136.39728,35.481374],[136.397942,35.481066],[136.398167,35.479549],[136.399029,35.478183],[136.399667,35.476475],[136.400004,35.475725],[136.399979,35.475642],[136.400092,35.475433],[136.400504,35.475008],[136.401329,35.474292],[136.401767,35.473975],[136.401917,35.47355],[136.401917,35.473075],[136.401479,35.471567],[136.401429,35.4708],[136.401454,35.470301],[136.401592,35.470059],[136.403642,35.469409],[136.404354,35.469051],[136.405291,35.469026],[136.406554,35.469167],[136.407329,35.469009],[136.408216,35.468759],[136.409041,35.468759],[136.411241,35.468293],[136.411903,35.468068],[136.412753,35.467459],[136.413091,35.467309],[136.413866,35.466834],[136.414466,35.466518],[136.415378,35.46661],[136.41609,35.466726],[136.416778,35.466976],[136.417603,35.467068],[136.41819,35.467226],[136.418565,35.467385],[136.41904,35.46736],[136.41959,35.466935],[136.420003,35.466485],[136.42059,35.46561],[136.420865,35.464868],[136.42104,35.463877],[136.42109,35.463085],[136.421065,35.462135],[136.420965,35.461327],[136.420803,35.460585],[136.42069,35.459119],[136.420753,35.458511],[136.421115,35.457794],[136.421403,35.455786],[136.421728,35.455253],[136.42239,35.454528],[136.422915,35.454303],[136.42349,35.454103],[136.42419,35.45377],[136.424465,35.453453],[136.424652,35.45287],[136.42474,35.452053],[136.424965,35.451203],[136.425352,35.450637],[136.425465,35.450145],[136.425602,35.449778],[136.426102,35.449179],[136.42619,35.448345],[136.425778,35.447737],[136.425115,35.44712],[136.424515,35.446446],[136.423553,35.445204],[136.423228,35.444487],[136.423015,35.443854],[136.422741,35.443271],[136.422328,35.442796],[136.422141,35.442363],[136.422028,35.441738],[136.422091,35.441063],[136.422416,35.440679],[136.422941,35.440179],[136.42314,35.439913],[136.422703,35.439463],[136.422128,35.439013],[136.421628,35.438246],[136.421328,35.437705],[136.420728,35.436821],[136.420178,35.436105],[136.419328,35.43538],[136.418429,35.435063],[136.417854,35.43463],[136.417241,35.434096],[136.416529,35.43393],[136.415904,35.433663],[136.415566,35.43323],[136.415404,35.432713],[136.415379,35.432238],[136.415466,35.431721],[136.416016,35.431071],[136.416191,35.430713],[136.416291,35.430288],[136.417454,35.429272],[136.418091,35.428872],[136.418641,35.428263],[136.418779,35.427722],[136.418516,35.427139],[136.418179,35.426639],[136.417441,35.42628],[136.416617,35.425738],[136.415404,35.425238],[136.414804,35.42488],[136.414229,35.424472],[136.413704,35.423972],[136.413329,35.423522],[136.41253,35.422955],[136.41203,35.422555],[136.411792,35.422305],[136.41163,35.421947],[136.411605,35.421672],[136.411717,35.420997],[136.411767,35.419855],[136.411792,35.418589],[136.411792,35.418564],[136.412342,35.418339],[136.412992,35.417972],[136.413717,35.41768],[136.414429,35.417339],[136.414892,35.416847],[136.415417,35.416372],[136.415929,35.416014],[136.416542,35.415673],[136.417204,35.415356],[136.418516,35.41454],[136.420079,35.413073],[136.420416,35.412507],[136.420491,35.41199],[136.420854,35.411407],[136.421229,35.410932],[136.421391,35.410482],[136.421416,35.410207],[136.422166,35.409174],[136.423016,35.408132],[136.423616,35.407774],[136.424466,35.407407],[136.424628,35.407074],[136.424466,35.405949],[136.424266,35.405024],[136.424466,35.404666],[136.425416,35.403283],[136.425728,35.402966],[136.426141,35.402633],[136.427178,35.402225],[136.427616,35.401816],[136.427703,35.401366],[136.427841,35.40105],[136.428441,35.400533],[136.429128,35.400283],[136.429891,35.3999],[136.430441,35.399783],[136.430778,35.399825],[136.431165,35.399742],[136.431515,35.399042],[136.432153,35.398725],[136.432528,35.398633],[136.433003,35.398333],[136.433165,35.398092],[136.433465,35.397883],[136.433715,35.397775],[136.434153,35.397858],[136.434565,35.397883],[136.435615,35.397542],[136.43624,35.397358],[136.436603,35.397158],[136.436715,35.3968],[136.436815,35.395917],[136.43704,35.395359],[136.437253,35.395125],[136.437665,35.395042],[136.437915,35.39495],[136.43849,35.394634],[136.439202,35.394334],[136.439865,35.394292],[136.44034,35.394201],[136.44069,35.394017],[136.441027,35.393751],[136.44099,35.393301],[136.440915,35.392868],[136.44104,35.392376],[136.441102,35.391968],[136.441102,35.391451],[136.441314,35.391043],[136.441652,35.390701],[136.442602,35.390301],[136.443564,35.389777],[136.444089,35.389643],[136.444389,35.389485],[136.444339,35.389052],[136.444039,35.388535],[136.443589,35.387994],[136.443227,35.38741],[136.442877,35.386627],[136.442427,35.386152],[136.441739,35.384711],[136.441414,35.384236],[136.441464,35.384236],[136.441077,35.383903],[136.439702,35.382936],[136.438677,35.38172],[136.43694,35.379153],[136.436465,35.378887],[136.435752,35.378553],[136.43429,35.37772],[136.433628,35.377295],[136.43079,35.375762],[136.430003,35.375321],[136.428891,35.374779],[136.428228,35.374329],[136.426741,35.373496],[136.426366,35.373388],[136.425566,35.373413],[136.425091,35.373638],[136.424241,35.373571],[136.423579,35.373413],[136.423091,35.373371],[136.422541,35.373371],[136.421854,35.373171],[136.421304,35.372788],[136.420554,35.372746],[136.419954,35.372996],[136.418992,35.373221],[136.418079,35.373313],[136.416517,35.373563],[136.415879,35.373562],[136.415467,35.373479],[136.415117,35.373254],[136.414729,35.372913],[136.414505,35.372554],[136.414392,35.372146],[136.41403,35.371471],[136.413892,35.371313],[136.41373,35.371229],[136.413317,35.370913],[136.412292,35.370279],[136.411942,35.369788],[136.411942,35.369313],[136.41263,35.368546],[136.412842,35.368096],[136.412755,35.367597],[136.412317,35.366588],[136.412155,35.366072],[136.41218,35.365372],[136.41333,35.364714],[136.41338,35.362239],[136.413317,35.361964],[136.413317,35.361381],[136.413455,35.360772],[136.413455,35.360006],[136.413268,35.359531],[136.412655,35.358973],[136.412055,35.358639],[136.41158,35.358481],[136.41108,35.358523],[136.41073,35.358456],[136.410505,35.358281],[136.40968,35.356931],[136.409543,35.356523],[136.409756,35.355848],[136.409781,35.355373],[136.410193,35.354807],[136.41063,35.354448],[136.41063,35.35404],[136.410555,35.353457],[136.410556,35.35289],[136.410631,35.352557],[136.410855,35.352307],[136.41173,35.352149],[136.412605,35.352215],[136.41333,35.352299],[136.41368,35.352573],[136.413855,35.353582],[136.414018,35.353723],[136.414243,35.35374],[136.414793,35.354123],[136.415642,35.354573],[136.416217,35.354773],[136.416555,35.35484],[136.416855,35.354548],[136.41748,35.353848],[136.41768,35.353823],[136.418442,35.35414],[136.41913,35.354115],[136.419854,35.353982],[136.420729,35.354023],[136.421279,35.353998],[136.421642,35.35384],[136.421717,35.353498],[136.421529,35.35314],[136.421079,35.352715],[136.420867,35.352173],[136.420942,35.351657],[136.421267,35.350865],[136.421842,35.349649],[136.422254,35.348607],[136.422167,35.348157],[136.421567,35.347216],[136.420904,35.346607],[136.42033,35.346157],[136.419217,35.344741],[136.419217,35.344249],[136.419467,35.343949],[136.419355,35.343657],[136.41888,35.343191],[136.41858,35.342758],[136.418605,35.342424],[136.41888,35.341724],[136.418967,35.341316],[136.41888,35.340999],[136.418467,35.340574],[136.417967,35.340349],[136.41748,35.340058],[136.417142,35.339358],[136.416842,35.338841],[136.416505,35.338458],[136.41598,35.33765],[136.415318,35.33675],[136.41533,35.336533],[136.41558,35.336241],[136.415518,35.336041],[136.415355,35.335908],[136.415268,35.335791],[136.415293,35.335566],[136.41563,35.335066],[136.41563,35.334683],[136.415543,35.334483],[136.41523,35.334125],[136.415155,35.333992],[136.414618,35.33365],[136.414843,35.333242],[136.414843,35.33295],[136.414593,35.332775],[136.413618,35.3323],[136.412755,35.331983],[136.412468,35.331692],[136.412243,35.331375],[136.412168,35.330833],[136.412168,35.330542],[136.412418,35.329909],[136.412018,35.329659],[136.411743,35.329417],[136.411431,35.328917],[136.411318,35.32865],[136.411431,35.327767],[136.412181,35.327134],[136.41293,35.326167],[136.413155,35.325626],[136.413518,35.324451],[136.413518,35.324226],[136.412955,35.323576],[136.412481,35.322784],[136.412318,35.322426],[136.412206,35.321818],[136.412168,35.321234],[136.412231,35.320668],[136.412118,35.320059],[136.412118,35.319493],[136.412168,35.31911],[136.412081,35.318501],[136.412281,35.31641],[136.412281,35.316068],[136.412218,35.315727],[136.411968,35.315052],[136.411831,35.314785],[136.411406,35.314218],[136.411293,35.313993],[136.411131,35.313793],[136.409818,35.31276],[136.409256,35.312327],[136.408981,35.312035],[136.408006,35.311227],[136.407506,35.310777],[136.406631,35.309827],[136.406606,35.309627],[136.406631,35.309377],[136.406769,35.309286],[136.406944,35.309061],[136.407219,35.308202],[136.406969,35.307436],[136.406856,35.306828],[136.406856,35.306561],[136.406682,35.305519],[136.406432,35.304936],[136.405294,35.304128],[136.404982,35.303853],[136.403695,35.303545],[136.403257,35.303386],[136.403082,35.303203],[136.403007,35.303003],[136.40297,35.302803],[136.403057,35.302278],[136.403057,35.302011],[136.403107,35.301695],[136.40297,35.300587],[136.402882,35.300453],[136.402582,35.300345],[136.402195,35.300295],[136.401857,35.300187],[136.40157,35.300028],[136.401158,35.299987],[136.400933,35.29992],[136.40057,35.29967],[136.40027,35.299537],[136.399733,35.299353],[136.399595,35.299245],[136.399458,35.299037],[136.399483,35.298562],[136.399508,35.298495],[136.399433,35.298204],[136.39917,35.297845],[136.398983,35.297729],[136.398283,35.297554],[136.398146,35.29737],[136.397896,35.296404],[136.397608,35.295996],[136.396858,35.295596],[136.396721,35.295412],[136.396183,35.294196],[136.395934,35.293971],[136.395796,35.293929],[136.395321,35.293946],[136.394959,35.293838],[136.394884,35.293771],[136.394659,35.293363],[136.394796,35.292554],[136.394684,35.292263],[136.394409,35.292013],[136.393871,35.291763],[136.393646,35.291721],[136.393421,35.291721],[136.393096,35.291655],[136.392896,35.291588],[136.392734,35.291471],[136.392234,35.290755],[136.391834,35.290438],[136.391284,35.290188],[136.391197,35.29008],[136.391059,35.28963],[136.391022,35.289063],[136.391084,35.287822],[136.391222,35.287572],[136.391359,35.287438],[136.391609,35.28728],[136.391772,35.287055],[136.393084,35.286222],[136.393309,35.286014],[136.393559,35.28563],[136.394084,35.284622],[136.394446,35.283872],[136.394809,35.283422],[136.394784,35.283289],[136.394559,35.283106],[136.394471,35.282997],[136.394446,35.282789],[136.394559,35.282406],[136.394696,35.282164],[136.395134,35.281689],[136.395309,35.281531],[136.395884,35.280781],[136.396059,35.280381],[136.396084,35.280173],[136.395996,35.279564],[136.395883,35.27914],[136.395746,35.278756],[136.395833,35.278331],[136.395908,35.278148],[136.395933,35.277765],[136.395883,35.277023],[136.395908,35.276298],[136.395883,35.275807],[136.395933,35.27499],[136.395933,35.274698],[136.395821,35.273932],[136.395658,35.273507],[136.395508,35.273299],[136.395146,35.272915],[136.395008,35.272715],[136.394733,35.271841],[136.394596,35.270757],[136.394696,35.270166],[136.394646,35.269491],[136.394808,35.268233],[136.394896,35.2674],[136.394896,35.267175],[136.394808,35.266716],[136.394358,35.266025],[136.394133,35.265525],[136.394108,35.265325],[136.394133,35.26505],[136.394221,35.264875],[136.394471,35.264558],[136.394558,35.2644],[136.394583,35.264109],[136.394546,35.2639],[136.393658,35.262442],[136.393596,35.261942],[136.393683,35.261626],[136.394158,35.260543],[136.394233,35.260301],[136.394383,35.260076],[136.394458,35.259843],[136.394521,35.259034],[136.394983,35.258693],[136.396296,35.258243],[136.396771,35.257993],[136.396996,35.257793],[136.396821,35.257385],[136.396296,35.256685],[136.396046,35.256393],[136.395096,35.255543],[136.394596,35.255135],[136.394346,35.254793],[136.394234,35.254485],[136.394009,35.254144],[136.393921,35.253785],[136.393946,35.253402],[136.393871,35.253352],[136.393646,35.25331],[136.393396,35.25321],[136.393246,35.25301],[136.392771,35.252627],[136.392384,35.252177],[136.391459,35.251344],[136.390984,35.251053],[136.390184,35.250669],[136.389984,35.250511],[136.389347,35.249836],[136.388984,35.249611],[136.388809,35.249561],[136.387584,35.24952],[136.387309,35.249478],[136.387134,35.249403],[136.386522,35.249003],[136.38536,35.248395],[136.38516,35.248353],[136.38466,35.248353],[136.384047,35.24842],[136.38401,35.248437],[136.383235,35.248445],[136.382235,35.248195],[136.381948,35.24817],[136.381485,35.248237],[136.381223,35.24842],[136.381035,35.24867],[136.380923,35.24867],[136.38081,35.24862],[136.380448,35.248287],[136.379386,35.247612],[136.379248,35.247428],[136.379086,35.246804],[136.379023,35.246329],[136.378911,35.245987],[136.378686,35.245604],[136.378661,35.245495],[136.378798,35.245245],[136.379073,35.245045],[136.379223,35.244862],[136.379161,35.244679],[136.378911,35.244346],[136.378711,35.244121],[136.378161,35.243754],[136.377374,35.243396],[136.377349,35.243287],[136.377399,35.243129],[136.377574,35.242904],[136.377799,35.242837],[136.378436,35.242654],[136.378661,35.242538],[136.378823,35.242338],[136.378936,35.241954],[136.378986,35.241688],[136.379073,35.241504],[136.379211,35.241346],[136.379986,35.240913],[136.380686,35.240688],[136.381523,35.240555],[136.382248,35.240505],[136.382386,35.240488],[136.382523,35.240371],[136.382811,35.240013],[136.38311,35.239855],[136.383585,35.239763],[136.383723,35.239655],[136.383835,35.239496],[136.383885,35.23918],[136.383973,35.238996],[136.38456,35.238497],[136.384673,35.238363],[136.384948,35.237647],[136.385335,35.237055],[136.38556,35.236497],[136.38561,35.236289],[136.38556,35.235955],[136.38561,35.235322],[136.385673,35.235189],[136.385885,35.235047],[136.386723,35.234847],[136.38706,35.234714],[136.387335,35.234647],[136.388285,35.234555],[136.388535,35.234464],[136.388785,35.234305],[136.388923,35.234255],[136.389235,35.234255],[136.389485,35.234347],[136.390047,35.234439],[136.391347,35.234413],[136.391885,35.234297],[136.39211,35.234188],[136.392497,35.233847],[136.392772,35.233422],[136.39311,35.23238],[136.393222,35.232155],[136.39366,35.231522],[136.393885,35.23103],[136.39391,35.230847],[136.393797,35.230514],[136.393685,35.230422],[136.392685,35.230081],[136.392547,35.229972],[136.39251,35.229856],[136.393022,35.229614],[136.393385,35.229522],[136.394022,35.229314],[136.394635,35.229205],[136.39511,35.229064],[136.395584,35.228839],[136.396047,35.22873],[136.396309,35.22868],[136.397222,35.228322],[136.397784,35.228164],[136.398059,35.228114],[136.398509,35.228113],[136.398697,35.228072],[136.398834,35.227955],[136.399084,35.22728],[136.399197,35.226564],[136.399197,35.225972],[136.399422,35.225839],[136.399784,35.225839],[136.400584,35.225905],[136.401034,35.22588],[136.401346,35.225655],[136.401671,35.225138],[136.401896,35.225022],[136.402009,35.225005],[136.402396,35.225088],[136.402646,35.22518],[136.402934,35.225338],[136.403234,35.22538],[136.403434,35.225297],[136.403684,35.225113],[136.404071,35.224613],[136.404796,35.22403],[136.405271,35.224096],[136.405659,35.224188],[136.405883,35.224188],[136.406383,35.224071],[136.406971,35.223688],[136.407246,35.223646],[136.408246,35.223663],[136.408471,35.223596],[136.409383,35.222779],[136.410308,35.221855],[136.410533,35.221588],[136.410583,35.221405],[136.410583,35.22123],[136.410696,35.220955],[136.410896,35.220863],[136.411033,35.220613],[136.411608,35.219871],[136.411858,35.219288],[136.41197,35.21913],[136.41217,35.218971],[136.412195,35.218855],[136.41197,35.218522],[136.412033,35.21843],[136.412195,35.21838],[136.413733,35.218222],[136.414258,35.218088],[136.41517,35.21768],[136.415345,35.217363],[136.415483,35.21723],[136.415595,35.217047],[136.415845,35.21608],[136.41592,35.215355],[136.41592,35.215047],[136.416557,35.214589],[136.41667,35.214481],[136.416645,35.214206],[136.416557,35.213964],[136.416395,35.213056],[136.416083,35.211889],[136.41597,35.211231],[136.416083,35.210514],[136.416158,35.209989],[136.41622,35.209248],[136.416357,35.208773],[136.416382,35.207873],[136.416245,35.207556],[136.41602,35.207198],[136.415883,35.206907],[136.41582,35.206657],[136.415845,35.206207],[136.415983,35.205507],[136.416182,35.205165],[136.41657,35.204873],[136.417245,35.204607],[136.417457,35.204357],[136.417682,35.20399],[136.417845,35.203857],[136.417882,35.203724],[136.417657,35.20354],[136.417482,35.20334],[136.417207,35.202824],[136.417007,35.202732],[136.416645,35.20269],[136.416457,35.202599],[136.41592,35.202174],[136.41537,35.201949],[136.415008,35.201516],[136.414645,35.200907],[136.414358,35.200432],[136.414283,35.200124],[136.414058,35.199716],[136.413858,35.199424],[136.413745,35.198949],[136.413833,35.198433],[136.413795,35.197983],[136.413545,35.197216],[136.413095,35.196449],[136.412658,35.195908],[136.412733,35.195475],[136.412845,35.195166],[136.412958,35.194533],[136.412933,35.1937],[136.412783,35.1923],[136.412708,35.191983],[136.41237,35.191558],[136.411945,35.191217],[136.411395,35.190817],[136.411195,35.190292],[136.41092,35.189775],[136.410608,35.189417],[136.410445,35.189192],[136.410108,35.1889],[136.409658,35.187842],[136.409408,35.187659],[136.40902,35.187525],[136.40882,35.187417],[136.408633,35.187209],[136.409433,35.186825],[136.409845,35.186559],[136.410045,35.186467],[136.41082,35.186242],[136.41107,35.186192],[136.411158,35.18615],[136.411658,35.186075],[136.41222,35.186125],[136.41297,35.186259],[136.413058,35.186259],[136.413532,35.186076],[136.414357,35.185667],[136.415332,35.185334],[136.416032,35.185176],[136.416482,35.184992],[136.416832,35.184742],[136.41717,35.184243],[136.417482,35.184043],[136.418232,35.183818],[136.418482,35.183726],[136.418894,35.183384],[136.419457,35.182751],[136.419707,35.182643],[136.419869,35.182643],[136.420069,35.182751],[136.420319,35.182776],[136.420507,35.182751],[136.420844,35.182801],[136.421519,35.183093],[136.422069,35.183251],[136.422544,35.183476],[136.423069,35.183943],[136.424107,35.184326],[136.424631,35.184551],[136.424719,35.184526],[136.424944,35.183826],[136.425269,35.183601],[136.425419,35.183493],[136.425669,35.183126],[136.426019,35.182885],[136.426219,35.182793],[136.426419,35.182743],[136.426856,35.182768],[136.427081,35.182701],[136.427469,35.182385],[136.428219,35.182002],[136.428556,35.181702],[136.428719,35.181393],[136.428919,35.181302],[136.429419,35.18121],[136.430056,35.180985],[136.430394,35.180577],[136.430694,35.180102],[136.430981,35.17981],[136.431144,35.179719],[136.431594,35.179627],[136.431919,35.17956],[136.432144,35.179352],[136.432644,35.178702],[136.433281,35.178319],[136.433531,35.178044],[136.433669,35.177844],[136.433919,35.177102],[136.434056,35.176869],[136.434481,35.176694],[136.435368,35.176469],[136.435818,35.176377],[136.436168,35.175919],[136.436281,35.175561],[136.436456,35.175294],[136.436843,35.174453],[136.436868,35.173778],[136.437006,35.173353],[136.437118,35.173194],[136.437981,35.172495],[136.439281,35.171703],[136.440168,35.171386],[136.440531,35.171411],[136.441068,35.171545],[136.441505,35.171703],[136.441868,35.171695],[136.44263,35.171378],[136.442818,35.171311],[136.44318,35.171336],[136.443605,35.171653],[136.443705,35.171719],[136.443955,35.171694],[136.44463,35.171244],[136.444718,35.171153],[136.44463,35.17052],[136.444855,35.17027],[136.44518,35.170095],[136.445405,35.169886],[136.445442,35.169828],[136.445792,35.169536],[136.446042,35.169261],[136.446117,35.169061],[136.446092,35.168678],[136.446042,35.168611],[136.44508,35.168453],[136.444918,35.168336],[136.444668,35.167911],[136.44478,35.166987],[136.44488,35.166562],[136.444992,35.166337],[136.445155,35.166178],[136.44538,35.166062],[136.44593,35.165903],[136.446617,35.165812],[136.446892,35.165837],[136.44708,35.165878],[136.44763,35.166328],[136.44788,35.166487],[136.448105,35.166578],[136.448517,35.16662],[136.449067,35.16662],[136.449892,35.166553],[136.450054,35.166511],[136.450467,35.166486],[136.451779,35.16617],[136.452167,35.165962],[136.452467,35.16572],[136.453354,35.164387],[136.453929,35.163578],[136.454416,35.162745],[136.454616,35.16202],[136.454641,35.161795],[136.454579,35.161612],[136.454441,35.161187],[136.453841,35.160129],[136.453229,35.159362],[136.452791,35.158687],[136.452854,35.158595],[136.453229,35.158396],[136.453454,35.158212],[136.454054,35.157496],[136.454304,35.156362],[136.454516,35.154696],[136.454554,35.154404],[136.454416,35.153863],[136.454466,35.153638],[136.455041,35.152555],[136.454741,35.152396],[136.454441,35.152171],[136.454079,35.152021],[136.453779,35.151946],[136.453479,35.151838],[136.452616,35.151388],[136.451879,35.151046],[136.451791,35.15098],[136.451304,35.149905],[136.451054,35.149613],[136.450804,35.149471],[136.450204,35.149313],[136.449792,35.149471],[136.449592,35.149563],[136.449267,35.149546],[136.448742,35.149638],[136.448467,35.149613],[136.448254,35.149563],[136.448029,35.149563],[136.447804,35.149638],[136.447204,35.14973],[136.44613,35.149746],[136.44588,35.14968],[136.44578,35.149613],[136.445505,35.149546],[136.44498,35.14948],[136.444592,35.149346],[136.444367,35.149146],[136.444367,35.148988],[136.44473,35.147922],[136.444667,35.147405],[136.444205,35.146413],[136.444067,35.14608],[136.443842,35.145763],[136.443405,35.145222],[136.443242,35.144822],[136.443242,35.144638],[136.443317,35.144322],[136.443817,35.143397],[136.44393,35.143105],[136.444167,35.142697],[136.444142,35.142697],[136.444255,35.142539],[136.44428,35.14243],[136.44423,35.14218],[136.444092,35.141914],[136.443892,35.14123],[136.443755,35.140964],[136.443567,35.14038],[136.443405,35.139772],[136.44318,35.138847],[136.442817,35.138756],[136.442193,35.138714],[136.441255,35.138514],[136.440843,35.138397],[136.44038,35.138222],[136.440068,35.137972],[136.439468,35.137089],[136.439243,35.136864],[136.43903,35.136714],[136.438593,35.136556],[136.438006,35.136439],[136.437906,35.136239],[136.437843,35.135964],[136.437656,35.135356],[136.437518,35.133964],[136.437268,35.132747],[136.437043,35.132231],[136.436793,35.131914],[136.436081,35.131306],[136.435643,35.130948],[136.435393,35.130806],[136.435306,35.130723],[136.435481,35.130581],[136.436306,35.130181],[136.436631,35.130064],[136.436818,35.130039],[136.437043,35.129973],[136.437868,35.129481],[136.438331,35.129073],[136.438668,35.128665],[136.438943,35.128573],[136.439431,35.128531],[136.439931,35.128531],[136.440068,35.128481],[136.440531,35.128415],[136.440993,35.12824],[136.442018,35.127648],[136.442843,35.127331],[136.442918,35.127331],[136.44418,35.126698],[136.444655,35.12634],[136.445143,35.125798],[136.445343,35.12569],[136.44638,35.125282],[136.446718,35.125073],[136.447668,35.124015],[136.448055,35.12354],[136.447668,35.123049],[136.44748,35.12289],[136.44723,35.122782],[136.446218,35.122573],[136.445943,35.122332],[136.445668,35.121424],[136.445256,35.120682],[136.445143,35.119915],[136.445031,35.119624],[136.444506,35.118999],[136.444293,35.118857],[136.443881,35.118699],[136.443268,35.118366],[136.442968,35.118166],[136.442393,35.117874],[136.442056,35.117507],[136.441406,35.117124],[136.441019,35.116949],[136.440306,35.116766],[136.440106,35.116541],[136.439969,35.115891],[136.440106,35.115033],[136.440219,35.114783],[136.441156,35.113791],[136.441481,35.1133],[136.441506,35.113116],[136.441293,35.112625],[136.441368,35.112083],[136.441418,35.111941],[136.442143,35.11125],[136.442556,35.110775],[136.442581,35.110617],[136.442518,35.110233],[136.442168,35.110008],[136.441993,35.109825],[136.441718,35.109242],[136.441618,35.1089],[136.441119,35.108067],[136.441006,35.107642],[136.441069,35.10735],[136.441031,35.106767],[136.441231,35.106517],[136.441643,35.106084],[136.441918,35.105617],[136.441993,35.105367],[136.442018,35.104984],[136.441993,35.104709],[136.441606,35.103609],[136.441556,35.103317],[136.441581,35.103001],[136.441669,35.102234],[136.441769,35.101984],[136.442106,35.101601],[136.442156,35.101401],[136.441931,35.101018],[136.441656,35.100676],[136.440594,35.099843],[136.440344,35.099693],[136.440094,35.099393],[136.439869,35.09901],[136.439019,35.096918],[136.438944,35.09651],[136.438931,35.096218],[136.439381,35.095052],[136.439481,35.094485],[136.439819,35.09356],[136.439869,35.093152],[136.439756,35.092994],[136.439369,35.092819],[136.439206,35.092685],[136.439019,35.092394],[136.438931,35.092185],[136.438719,35.091935],[136.438407,35.091802],[136.438332,35.09171],[136.438382,35.091535],[136.438519,35.091377],[136.438882,35.091177],[136.439181,35.090902],[136.439431,35.090769],[136.439806,35.090635],[136.439981,35.090336],[136.440281,35.089394],[136.440744,35.088852],[136.441269,35.088419],[136.441481,35.088111],[136.441894,35.087028],[136.442031,35.086803],[136.442194,35.086686],[136.442144,35.086644],[136.442144,35.086561],[136.442306,35.085778],[136.442306,35.085619],[136.441881,35.085544],[136.441481,35.085361],[136.441231,35.085319],[136.440756,35.085294],[136.440556,35.085244],[136.440031,35.084861],[136.439657,35.084536],[136.439507,35.084286],[136.439282,35.084111],[136.438582,35.08397],[136.438357,35.083828],[136.438307,35.083653],[136.438469,35.083361],[136.438469,35.08327],[136.438344,35.083153],[136.438169,35.083111],[136.437694,35.083036],[136.437519,35.082945],[136.437269,35.082945],[136.437044,35.082895],[136.436794,35.08287],[136.436669,35.082853],[136.436369,35.082686],[136.436169,35.08267],[136.435869,35.082753],[136.435644,35.082778],[136.43547,35.082595],[136.43542,35.082436],[136.435495,35.082236],[136.435894,35.081803],[136.436019,35.081603],[136.436182,35.081203],[136.436182,35.080836],[136.435969,35.080045],[136.435995,35.079728],[136.436319,35.079303],[136.436344,35.079195],[136.436344,35.079012],[136.436394,35.07897],[136.436757,35.078878],[136.436832,35.078653],[136.436957,35.078562],[136.437082,35.078187],[136.437182,35.078095],[136.437457,35.077937],[136.437519,35.07787],[136.437469,35.077645],[136.437544,35.077512],[136.437519,35.077079],[136.437569,35.07697],[136.437819,35.076837],[136.438057,35.07652],[136.438332,35.076429],[136.438707,35.076412],[136.438907,35.07632],[136.439182,35.075987],[136.439607,35.07572],[136.439869,35.075454],[136.439994,35.075071],[136.440069,35.074954],[136.440519,35.074662],[136.440557,35.074437],[136.440482,35.074262],[136.440507,35.073962],[136.440457,35.073829],[136.440332,35.073721],[136.440157,35.073487],[136.440082,35.073154],[136.439769,35.072654],[136.439719,35.072496],[136.439844,35.072204],[136.440682,35.070671],[136.440844,35.070363],[136.440969,35.070313],[136.441144,35.070313],[136.441269,35.070179],[136.441082,35.069254],[136.441107,35.068938],[136.441407,35.068021],[136.441394,35.067546],[136.441419,35.067363],[136.441619,35.066963],[136.441719,35.066846],[136.441807,35.066555],[136.441507,35.06588],[136.441407,35.065405],[136.441469,35.06513],[136.441219,35.06493],[136.441094,35.064655],[136.441119,35.064363],[136.441094,35.064272],[136.441019,35.064247],[136.440294,35.064605],[136.440094,35.064713],[136.439957,35.064897],[136.439857,35.065121],[136.439782,35.065163],[136.439557,35.065163],[136.439382,35.06523],[136.439132,35.065338],[136.438732,35.065313],[136.438582,35.065338],[136.438457,35.065246],[136.438132,35.064613],[136.438145,35.064138],[136.438045,35.064047],[136.437645,35.06368],[136.437545,35.063588],[136.43697,35.063405],[136.436645,35.063363],[136.436445,35.063288],[136.43632,35.06318],[136.43622,35.062997],[136.43602,35.062772],[136.43587,35.062522],[136.435757,35.062138],[136.435707,35.062072],[136.435457,35.062088],[136.435032,35.06213],[136.434795,35.062105],[136.434357,35.061922],[136.433757,35.06158],[136.433608,35.061422],[136.433508,35.060922],[136.433508,35.060697],[136.433845,35.060272],[136.43392,35.059955],[136.43392,35.059822],[136.433445,35.059164],[136.43327,35.059139],[136.432745,35.059114],[136.432595,35.059114],[136.43202,35.059222],[136.43162,35.059105],[136.431295,35.05908],[136.431095,35.058989],[136.430845,35.058722],[136.430595,35.058605],[136.43042,35.058539],[136.430245,35.05833],[136.429858,35.057422],[136.429483,35.057014],[136.429195,35.056447],[136.428995,35.056181],[136.428745,35.056131],[136.428595,35.056172],[136.428108,35.056422],[136.427533,35.056555],[136.427108,35.056822],[136.426833,35.056864],[136.425933,35.056722],[136.425583,35.056739],[136.425146,35.056855],[136.424971,35.056872],[136.424721,35.056805],[136.424583,35.056555],[136.424558,35.056239],[136.424583,35.05583],[136.424458,35.055605],[136.423396,35.054989],[136.423121,35.05478],[136.422946,35.054539],[136.422796,35.054106],[136.422734,35.053247],[136.422734,35.052839],[136.422521,35.051731],[136.422471,35.051489],[136.422421,35.051347],[136.422121,35.051056],[136.421946,35.050939],[136.421696,35.050873],[136.421221,35.050822],[136.420796,35.050664],[136.420096,35.050339],[136.419846,35.050089],[136.419484,35.049589],[136.419359,35.049481],[136.419059,35.049389],[136.418584,35.049364],[136.418084,35.049356],[136.418009,35.049264],[136.418009,35.049064],[136.418109,35.048906],[136.418409,35.048614],[136.418534,35.048456],[136.418546,35.048214],[136.418446,35.047848],[136.418271,35.047373],[136.417984,35.046873],[136.417834,35.04584],[136.417859,35.045565],[136.417997,35.045048],[136.417972,35.044623],[136.417847,35.044256],[136.417584,35.044006],[136.417534,35.043848],[136.417559,35.04374],[136.417709,35.043556],[136.417809,35.043198],[136.417922,35.042815],[136.418047,35.042523],[136.417972,35.042315],[136.417847,35.042248],[136.417597,35.042157],[136.417297,35.042157],[136.416972,35.04224],[136.416547,35.04224],[136.416422,35.042215],[136.416072,35.041407],[136.416047,35.041132],[136.416259,35.040907],[136.416459,35.040798],[136.417084,35.040598],[136.417184,35.040482],[136.417372,35.039607],[136.417122,35.039199],[136.417047,35.038857],[136.417022,35.038632],[136.416809,35.03814],[136.416734,35.037749],[136.41656,35.037349],[136.416622,35.037124],[136.416747,35.036899],[136.416747,35.036374],[136.416897,35.036041],[136.416985,35.035541],[136.417185,35.035299],[136.417135,35.034774],[136.417097,35.034166],[136.417097,35.033924],[136.417122,35.033833],[136.417622,35.033583],[136.41786,35.033316],[136.418135,35.032916],[136.418285,35.032391],[136.418647,35.031808],[136.418622,35.0317],[136.418547,35.031583],[136.418272,35.031383],[136.418097,35.031133],[136.418135,35.0307],[136.418285,35.030366],[136.41856,35.030166],[136.418985,35.030008],[136.41931,35.029991],[136.42021,35.030066],[136.42036,35.030016],[136.420822,35.0298],[136.421197,35.029733],[136.421597,35.029758],[136.422322,35.029917],[136.422672,35.029925],[136.422997,35.029833],[136.423247,35.029817],[136.423997,35.029883],[136.424247,35.029825],[136.424397,35.029758],[136.424572,35.029617],[136.424659,35.029508],[136.424684,35.029258],[136.424609,35.029125],[136.424359,35.029008],[136.424209,35.028825],[136.424184,35.028558],[136.423859,35.0284],[136.423584,35.028217],[136.423034,35.028075],[136.422909,35.028008],[136.422834,35.027892],[136.422697,35.027533],[136.422472,35.02715],[136.422272,35.026917],[136.422222,35.02685],[136.422272,35.026717],[136.422522,35.026609],[136.423022,35.026517],[136.423109,35.026475],[136.423059,35.026184],[136.423134,35.025734],[136.423009,35.025484],[136.422959,35.025367],[136.422809,35.025275],[136.422384,35.025209],[136.422085,35.025025],[136.421947,35.02475],[136.422097,35.0245],[136.421822,35.024167],[136.421572,35.023892],[136.421547,35.023759],[136.421785,35.023309],[136.42181,35.023151],[136.42176,35.022967],[136.421685,35.022851],[136.421622,35.021884],[136.421522,35.021609],[136.421372,35.021384],[136.420897,35.020976],[136.420122,35.020659],[136.418948,35.020401],[136.418273,35.020301],[136.418073,35.020193],[136.417635,35.019826],[136.41726,35.019643],[136.41716,35.019551],[136.41716,35.019418],[136.417335,35.019301],[136.417485,35.019259],[136.41761,35.019151],[136.41771,35.018701],[136.417723,35.018518],[136.417798,35.018385],[136.418223,35.018093],[136.418398,35.017935],[136.418598,35.017576],[136.418785,35.016926],[136.41876,35.016743],[136.41866,35.016651],[136.41806,35.016335],[136.417785,35.016101],[136.417598,35.015652],[136.417273,35.015218],[136.417048,35.014952],[136.416948,35.014518],[136.416835,35.013952],[136.416935,35.013643],[136.41721,35.01321],[136.417273,35.012944],[136.41716,35.011119],[136.417448,35.010169],[136.417548,35.009811],[136.417748,35.009311],[136.417823,35.009177],[136.418035,35.009094],[136.41836,35.009002],[136.418435,35.008894],[136.418485,35.008511],[136.41846,35.008127],[136.418748,35.007677],[136.418748,35.006753],[136.41891,35.006028],[136.419135,35.005578],[136.419698,35.005178],[136.420023,35.004936],[136.420048,35.004661],[136.419798,35.004161],[136.419685,35.003445],[136.419735,35.003236],[136.419773,35.00297],[136.419898,35.00277],[136.420173,35.00257],[136.420673,35.002303],[136.420823,35.00217],[136.420985,35.001895],[136.42121,35.001245],[136.421235,35.000928],[136.421223,34.999687],[136.421173,34.99967],[136.421148,34.999687],[136.420973,34.999662],[136.420823,34.999595],[136.42041,34.99912],[136.420185,34.999095],[136.419885,34.999137],[136.419735,34.999112],[136.419235,34.998728],[136.419135,34.998595],[136.419035,34.998545],[136.41861,34.998479],[136.418435,34.99827],[136.418261,34.998179],[136.417761,34.998179],[136.417111,34.997995],[136.416911,34.997829],[136.416786,34.997787],[136.416286,34.997737],[136.415936,34.997379],[136.415411,34.997104],[136.414961,34.996695],[136.414736,34.99667],[136.414486,34.996737],[136.414236,34.996662],[136.414111,34.996554],[136.414011,34.996345],[136.413923,34.996029],[136.413823,34.995829],[136.413324,34.995462],[136.413324,34.99537],[136.413624,34.99517],[136.413873,34.99497],[136.414086,34.994546],[136.414336,34.994387],[136.414411,34.994296],[136.414748,34.993171],[136.414848,34.993062],[136.415373,34.993129],[136.415623,34.993112],[136.415748,34.993021],[136.415848,34.992729],[136.416111,34.992479],[136.416286,34.992304],[136.416236,34.992004],[136.415936,34.991421],[136.415648,34.991038],[136.415423,34.990513],[136.415473,34.990129],[136.415586,34.989746],[136.415586,34.989321],[136.415748,34.988555],[136.415898,34.988396],[136.415898,34.988013],[136.415573,34.987355],[136.415461,34.987171],[136.415361,34.98693],[136.415461,34.98648],[136.415411,34.986272],[136.415211,34.985955],[136.415186,34.985797],[136.415298,34.985305],[136.415273,34.985163],[136.415098,34.98483],[136.415073,34.984713],[136.415123,34.984672],[136.415161,34.984305],[136.415136,34.984105],[136.415061,34.983922],[136.415036,34.983722],[136.415211,34.983205],[136.415223,34.98293],[136.415074,34.982747],[136.415174,34.982372],[136.415149,34.98223],[136.415024,34.982122],[136.414674,34.981955],[136.414574,34.981797],[136.414574,34.981714],[136.414649,34.981597],[136.415136,34.98158],[136.415286,34.981489],[136.415511,34.981039],[136.415836,34.980614],[136.415699,34.980364],[136.415349,34.980089],[136.414824,34.979797],[136.414599,34.979631],[136.414374,34.978981],[136.413711,34.978047],[136.412636,34.977339],[136.412011,34.977064],[136.411861,34.977022],[136.411199,34.976631],[136.410949,34.976339],[136.410799,34.976022],[136.410549,34.975931],[136.409999,34.975814],[136.409799,34.975722],[136.409474,34.975356],[136.409024,34.975106],[136.408899,34.974906],[136.408812,34.974539],[136.408462,34.974106],[136.408362,34.974023],[136.407862,34.973814],[136.407562,34.973631],[136.407474,34.972748],[136.407524,34.972456],[136.407499,34.972273],[136.407424,34.972098],[136.406949,34.971548],[136.406412,34.971365],[136.406212,34.971248],[136.405862,34.97089],[136.405737,34.970823],[136.405437,34.970815],[136.405012,34.970815],[136.404837,34.970765],[136.404437,34.970498],[136.404137,34.97009],[136.403912,34.96954],[136.40375,34.96934],[136.403275,34.969198],[136.403125,34.96904],[136.40305,34.96859],[136.403125,34.968073],[136.403387,34.967531],[136.403462,34.967265],[136.40345,34.96654],[136.403375,34.96634],[136.4032,34.966132],[136.4026,34.965898],[136.402225,34.965807],[136.402175,34.96579],[136.402125,34.965648],[136.402087,34.964973],[136.402012,34.964857],[136.401137,34.96429],[136.400262,34.96379],[136.399862,34.963648],[136.399687,34.963532],[136.399462,34.963282],[136.399312,34.963215],[136.399312,34.963107],[136.399362,34.96304],[136.39945,34.962607],[136.3997,34.962365],[136.399825,34.962157],[136.399912,34.96169],[136.399812,34.961099],[136.399637,34.960807],[136.399537,34.960715],[136.399188,34.960624],[136.399063,34.960532],[136.398775,34.960007],[136.398625,34.959807],[136.398125,34.959507],[136.3978,34.959074],[136.3976,34.958874],[136.39755,34.95874],[136.397538,34.958399],[136.397338,34.958057],[136.396788,34.957624],[136.396638,34.957399],[136.3966,34.956724],[136.396375,34.95609],[136.396488,34.954666],[136.396538,34.954557],[136.396538,34.954466],[136.396438,34.954399],[136.396501,34.954082],[136.396401,34.953966],[136.396351,34.953766],[136.396276,34.953674],[136.395976,34.953399],[136.395363,34.952674],[136.395338,34.952424],[136.395463,34.951866],[136.395463,34.951774],[136.395488,34.951774],[136.395313,34.951566],[136.395001,34.951316],[136.394851,34.951249],[136.394088,34.951174],[136.393289,34.950966],[136.392664,34.951032],[136.392364,34.951007],[136.392064,34.951049],[136.391789,34.951249],[136.391314,34.951407],[136.391039,34.951449],[136.390489,34.951491],[136.390326,34.951582],[136.390151,34.952074],[136.389976,34.952324],[136.389751,34.952407],[136.389426,34.952366],[136.389076,34.952291],[136.388801,34.952266],[136.388626,34.952291],[136.388401,34.952399],[136.387939,34.95289],[136.387714,34.953007],[136.387564,34.953007],[136.387289,34.952865],[136.387064,34.952682],[136.386714,34.952499],[136.386464,34.952432],[136.386239,34.952432],[136.386014,34.95254],[136.385889,34.95254],[136.385614,34.952399],[136.385439,34.952265],[136.385064,34.95179],[136.384889,34.951657],[136.384777,34.951332],[136.384727,34.950974],[136.384652,34.950774],[136.384502,34.950632],[136.384227,34.950499],[136.383977,34.950432],[136.383727,34.950266],[136.383527,34.950041],[136.382977,34.949832],[136.38274,34.949649],[136.38244,34.949174],[136.382165,34.948749],[136.38189,34.948449],[136.381265,34.948149],[136.380977,34.948041],[136.380728,34.947899],[136.380378,34.947582],[136.380153,34.947307],[136.379803,34.946632],[136.37889,34.945699],[136.37844,34.945674],[136.378165,34.945532],[136.37784,34.945507],[136.377615,34.945466],[136.377391,34.945349],[136.377166,34.945191],[136.376991,34.944966],[136.376466,34.944599],[136.376091,34.944324],[136.375578,34.943849],[136.375278,34.943616],[136.374878,34.943416],[136.374228,34.943208],[136.374054,34.942907],[136.373679,34.942682],[136.373404,34.942407],[136.372916,34.942116],[136.373266,34.941824],[136.373691,34.941174],[136.374154,34.940724],[136.374979,34.940207],[136.375566,34.939991],[136.375591,34.939899],[136.375541,34.939449],[136.375604,34.938791],[136.375554,34.938657],[136.375254,34.938449],[136.375179,34.938432],[136.375129,34.938341],[136.375229,34.938024],[136.375229,34.937841],[136.375041,34.937391],[136.374316,34.936391],[136.373929,34.935982],[136.373229,34.935416],[136.373079,34.935099],[136.372979,34.934874],[136.372629,34.934641],[136.372204,34.934366],[136.372119,34.934415],[136.372079,34.934516],[136.371892,34.934566],[136.371829,34.934549],[136.371742,34.934199],[136.371704,34.933125],[136.371767,34.932533],[136.371879,34.932058],[136.371879,34.931858],[136.371517,34.931117],[136.371542,34.9307],[136.371667,34.930433],[136.371929,34.930133],[136.372119,34.929965],[136.372229,34.929967],[136.372579,34.929883],[136.372679,34.929817],[136.372779,34.929408],[136.372842,34.929],[136.373042,34.928417],[136.373042,34.928125],[136.372904,34.927925],[136.372704,34.927809],[136.372529,34.927759],[136.372179,34.927784],[136.372119,34.927757],[136.371942,34.927842],[136.37173,34.927817],[136.37193,34.927509],[136.372119,34.927349],[136.372304,34.927192],[136.372679,34.926926],[136.373367,34.926009],[136.373842,34.925559],[136.374104,34.925359],[136.374379,34.925201],[136.374829,34.925118],[136.375154,34.925076],[136.375229,34.925009],[136.375317,34.924443],[136.375192,34.924376],[136.374417,34.924009],[136.374242,34.923918],[136.374142,34.923776],[136.374067,34.923709],[136.373917,34.923751],[136.373642,34.923843],[136.373392,34.923868],[136.373192,34.923818],[136.372817,34.923609],[136.372692,34.923543],[136.372167,34.923584],[136.372119,34.923624],[136.37193,34.923601],[136.370767,34.923526],[136.37048,34.923451],[136.36988,34.923151],[136.36923,34.922943],[136.36903,34.922851],[136.368517,34.922401],[136.36793,34.922151],[136.367805,34.922035],[136.367718,34.921577],[136.367593,34.921302],[136.367005,34.920635],[136.366918,34.920443],[136.36693,34.920285],[136.367155,34.91991],[136.367643,34.919419],[136.36808,34.919119],[136.368143,34.919052],[136.368105,34.918852],[136.368005,34.918652],[136.367943,34.918427],[136.367668,34.917927],[136.367393,34.917594],[136.367305,34.917211],[136.367343,34.917027],[136.367305,34.916844],[136.367343,34.916736],[136.368018,34.916394],[136.36813,34.916261],[136.368355,34.915561],[136.36843,34.914953],[136.368405,34.914819],[136.367255,34.914078],[136.366918,34.913669],[136.366593,34.913495],[136.366043,34.913336],[136.365405,34.913111],[136.365218,34.912978],[136.36508,34.91277],[136.364993,34.91257],[136.364968,34.912345],[136.364693,34.911986],[136.364605,34.911786],[136.364581,34.911087],[136.364718,34.91032],[136.364993,34.909437],[136.364881,34.909054],[136.364993,34.908854],[136.365506,34.908562],[136.365843,34.908287],[136.365868,34.908112],[136.365781,34.90757],[136.365668,34.907345],[136.365593,34.906779],[136.365693,34.905837],[136.365856,34.905362],[136.365993,34.905137],[136.365856,34.904979],[136.363993,34.905112],[136.363081,34.905187],[136.362231,34.905121],[136.361956,34.905071],[136.361494,34.904688],[136.361244,34.904554],[136.360581,34.904379],[136.360119,34.904263],[136.359981,34.904129],[136.359894,34.903338],[136.359531,34.902796],[136.359394,34.902505],[136.359231,34.902305],[136.358631,34.901813],[136.358269,34.90138],[136.358019,34.901221],[136.357769,34.901113],[136.357419,34.90073],[136.357357,34.900596],[136.357307,34.900596],[136.356369,34.900305],[136.355682,34.899988],[136.355357,34.899896],[136.354832,34.899896],[136.354419,34.899988],[136.353982,34.900038],[136.353944,34.900055],[136.353619,34.899971],[136.353394,34.899813],[136.353157,34.899696],[136.352932,34.899655],[136.352632,34.899671],[136.352195,34.899746],[136.352107,34.899721],[136.35192,34.899538],[136.35172,34.899455],[136.351145,34.89943],[136.350757,34.899338],[136.350482,34.89918],[136.350232,34.89898],[136.35002,34.89873],[136.349932,34.898488],[136.349882,34.897963],[136.349357,34.897155],[136.348608,34.896322],[136.34812,34.895872],[136.347895,34.895763],[136.34762,34.895672],[136.347095,34.895447],[136.346845,34.895263],[136.346408,34.894813],[136.346158,34.894655],[136.345783,34.895263],[136.345333,34.895405],[136.344708,34.895447],[136.344458,34.895513],[136.343721,34.895855],[136.343033,34.895763],[136.342721,34.895763],[136.342508,34.895813],[136.342258,34.89563],[136.341958,34.895588],[136.341483,34.895722],[136.341108,34.895722],[136.340608,34.895563],[136.340283,34.895388],[136.339671,34.895388],[136.339558,34.895363],[136.339208,34.895138],[136.338571,34.894647],[136.336734,34.89388],[136.334996,34.893022],[136.334259,34.892864],[136.334059,34.892755],[136.333921,34.892597],[136.333734,34.89253],[136.332659,34.892397],[136.331009,34.89233],[136.330659,34.892239],[136.329997,34.891722],[136.329859,34.891539],[136.329697,34.89123],[136.329134,34.890664],[136.327797,34.889447],[136.32716,34.889181],[136.326772,34.888664],[136.326585,34.888547],[136.326172,34.888522],[136.32581,34.888597],[136.325347,34.888731],[136.325147,34.888864],[136.324735,34.889564],[136.324597,34.889697],[136.324472,34.889764],[136.324297,34.889789],[136.323997,34.889747],[136.323335,34.889539],[136.322735,34.889272],[136.32246,34.889206],[136.32216,34.889231],[136.321585,34.889497],[136.32081,34.889747],[136.32031,34.889722],[136.31946,34.889572],[136.319135,34.889456],[136.318361,34.888981],[136.317873,34.888531],[136.317648,34.888289],[136.317423,34.888131],[136.317123,34.887998],[136.316911,34.887948],[136.316661,34.887856],[136.315911,34.887431],[136.315611,34.887298],[136.315261,34.887206],[136.314986,34.887098],[136.314598,34.887006],[136.313886,34.886939],[136.313499,34.886964],[136.313361,34.886898],[136.313274,34.886739],[136.313199,34.886264],[136.313274,34.885631],[136.313636,34.884615],[136.313774,34.883965],[136.313799,34.883648],[136.313761,34.883106],[136.313486,34.882298],[136.313599,34.881781],[136.313711,34.881506],[136.313461,34.881148],[136.313136,34.880448],[136.312774,34.88034],[136.312524,34.88029],[136.311874,34.880065],[136.311149,34.879907],[136.310437,34.87989],[136.310324,34.879823],[136.310387,34.879148],[136.310324,34.87899],[136.310187,34.878832],[136.308649,34.878315],[136.308462,34.878198],[136.308262,34.877932],[136.308074,34.877415],[136.307524,34.877049],[136.3073,34.876874],[136.306812,34.876582],[136.306337,34.876132],[136.305762,34.875499],[136.305237,34.875165],[136.304887,34.874957],[136.30365,34.874874],[136.303487,34.874957],[136.303175,34.875299],[136.302688,34.876065],[136.302438,34.876315],[136.302138,34.876407],[136.3017,34.876357],[136.30115,34.876157],[136.300788,34.876116],[136.300625,34.876049],[136.300325,34.875682],[136.300075,34.875574],[136.299663,34.875641],[136.299338,34.875616],[136.298788,34.875391],[136.298813,34.875099],[136.298701,34.874916],[136.298401,34.874649],[136.298088,34.874199],[136.297788,34.873407],[136.297301,34.872957],[136.296801,34.872666],[136.295401,34.872149],[136.294739,34.871949],[136.294601,34.871882],[136.293639,34.870999],[136.293014,34.870324],[136.292926,34.870307],[136.292764,34.870324],[136.292626,34.870399],[136.292427,34.870666],[136.292239,34.870782],[136.292014,34.870782],[136.291327,34.870416],[136.290202,34.869991],[136.290089,34.869966],[136.289877,34.869832],[136.289714,34.869674],[136.289539,34.869591],[136.289352,34.869607],[136.289127,34.869674],[136.288502,34.870016],[136.287927,34.870266],[136.28754,34.870332],[136.286715,34.870224],[136.286465,34.870224],[136.285478,34.870582],[136.285203,34.870624],[136.284815,34.870624],[136.284103,34.870449],[136.283803,34.870332],[136.28344,34.870649],[136.282591,34.871174],[136.282291,34.871174],[136.281691,34.871107],[136.281603,34.871124],[136.281691,34.871374],[136.281716,34.872049],[136.281628,34.87239],[136.280978,34.87304],[136.280753,34.873199],[136.280528,34.873265],[136.280016,34.87329],[136.279816,34.873407],[136.279654,34.873648],[136.279516,34.87374],[136.279104,34.87379],[136.278191,34.873807],[136.277891,34.873882],[136.277541,34.87404],[136.277266,34.874215],[136.277291,34.87404],[136.277266,34.873832],[136.277041,34.873357],[136.276654,34.872865],[136.276517,34.872732],[136.276379,34.872232],[136.276354,34.871915],[136.276267,34.871715],[136.276104,34.871515],[136.275642,34.871199],[136.274929,34.87084],[136.274704,34.870682],[136.274017,34.869957],[136.273692,34.869757],[136.273055,34.869399],[136.272892,34.869265],[136.27248,34.869199],[136.271542,34.869132],[136.270667,34.869149],[136.270393,34.869082],[136.270005,34.868791],[136.269455,34.868457],[136.269205,34.868207],[136.268993,34.867849],[136.26888,34.867082],[136.268855,34.865774],[136.26888,34.865416],[136.26838,34.864741],[136.268243,34.864599],[136.267968,34.864441],[136.266656,34.863991],[136.266043,34.863858],[136.265743,34.863749],[136.265393,34.863566],[136.264181,34.862866],[136.263956,34.862783],[136.263031,34.862666],[136.262506,34.862533],[136.261132,34.861833],[136.260332,34.8615],[136.259644,34.861275],[136.259419,34.861275],[136.258844,34.861116],[136.258544,34.860958],[136.25822,34.86085],[136.256957,34.860058],[136.25657,34.859858],[136.25522,34.859358],[136.254758,34.859067],[136.254595,34.858867],[136.254458,34.858525],[136.254283,34.858367],[136.25407,34.8583],[136.252633,34.8581],[136.251733,34.8579],[136.250633,34.857833],[136.249758,34.8579],[136.249146,34.858083],[136.248683,34.858467],[136.248434,34.858667],[136.247396,34.85885],[136.247196,34.858808],[136.247132,34.858847],[136.246934,34.858817],[136.246571,34.858908],[136.246196,34.85915],[136.245996,34.859225],[136.245746,34.859242],[136.245509,34.859225],[136.245121,34.859042],[136.244647,34.858708],[136.244409,34.858658],[136.244047,34.858642],[136.243522,34.85875],[136.243147,34.859108],[136.242972,34.859383],[136.242697,34.859583],[136.242459,34.859675],[136.242097,34.8597],[136.241772,34.859675],[136.240672,34.859358],[136.24026,34.859383],[136.239685,34.859541],[136.23916,34.859791],[136.238997,34.859816],[136.238822,34.859791],[136.238335,34.859541],[136.238035,34.859525],[136.237735,34.859541],[136.237485,34.859608],[136.23726,34.859858],[136.23701,34.860675],[136.23696,34.860758],[136.236747,34.86085],[136.236222,34.860916],[136.236022,34.861033],[136.235922,34.861233],[136.235748,34.861441],[136.23561,34.861508],[136.235448,34.861524],[136.234785,34.861391],[136.23336,34.860941],[136.232923,34.860941],[136.232535,34.861099],[136.23221,34.861283],[136.231798,34.861441],[136.231435,34.861508],[136.230586,34.861508],[136.229961,34.861466],[136.229411,34.861508],[136.229048,34.861466],[136.228411,34.861174],[136.228173,34.861041],[136.227948,34.861016],[136.227861,34.861041],[136.227698,34.861016],[136.226598,34.861266],[136.226111,34.861466],[136.225748,34.861649],[136.225286,34.862033],[136.225061,34.862282],[136.224599,34.862707],[136.223799,34.863141],[136.223474,34.863249],[136.223086,34.863299],[136.222461,34.863316],[136.221436,34.863391],[136.219986,34.863366],[136.219849,34.863457],[136.219649,34.863816],[136.219486,34.863999],[136.218861,34.864474],[136.218836,34.86499],[136.218774,34.865324],[136.218561,34.86564],[136.218062,34.865507],[136.217512,34.865374],[136.216912,34.865099],[136.216599,34.865032],[136.216324,34.865374],[136.216137,34.865482],[136.215612,34.865532],[136.215237,34.865507],[136.214874,34.865557],[136.214549,34.86549],[136.213724,34.865582],[136.213224,34.865823],[136.212737,34.86594],[136.212262,34.865965],[136.211962,34.866032],[136.2118,34.866123],[136.211412,34.866573],[136.211387,34.86664],[136.211225,34.866773],[136.211025,34.86684],[136.210837,34.866865],[136.2104,34.866998],[136.209162,34.868106],[136.209,34.868148],[136.208287,34.868173],[136.207562,34.868556],[136.207262,34.868648],[136.206775,34.868556],[136.206025,34.868673],[136.205562,34.868698],[136.204763,34.868648],[136.204463,34.868581],[136.204213,34.86849],[136.204,34.868315],[136.203688,34.867931],[136.202975,34.86834],[136.20245,34.86874],[136.202125,34.869148],[136.201988,34.869414],[136.201825,34.869506],[136.201638,34.869531],[136.201025,34.869464],[136.2005,34.869598],[136.199788,34.870048],[136.199488,34.869889],[136.1988,34.869914],[136.198413,34.869806],[136.198176,34.869806],[136.197401,34.870664],[136.196988,34.870998],[136.196938,34.871064],[136.196826,34.871606],[136.196713,34.871764],[136.196301,34.871789],[136.196138,34.871881],[136.195751,34.872331],[136.195476,34.872356],[136.195176,34.872556],[136.194738,34.872756],[136.194413,34.872781],[136.193338,34.872622],[136.192038,34.872539],[136.191413,34.872697],[136.190539,34.873097],[136.189989,34.87348],[136.189764,34.873864],[136.189764,34.874047],[136.189851,34.874247],[136.190039,34.874497],[136.190501,34.875489],[136.190513,34.875672],[136.190426,34.875755],[136.190151,34.875872],[136.189851,34.875938],[136.189414,34.875938],[136.189076,34.875988],[136.188914,34.876122],[136.188889,34.876888],[136.188801,34.87738],[136.188526,34.877747],[136.187901,34.877855],[136.187651,34.877946],[136.187264,34.878288],[136.187101,34.878355],[136.186964,34.87833],[136.186689,34.878171],[136.186414,34.87808],[136.186051,34.87813],[136.185726,34.878288],[136.185126,34.878646],[136.185064,34.878646],[136.184901,34.878555],[136.184714,34.87838],[136.184489,34.878246],[136.184326,34.878221],[136.183914,34.87833],[136.183614,34.87838],[136.182452,34.878113],[136.182039,34.87813],[136.181827,34.878246],[136.181252,34.878671],[136.181002,34.878721],[136.180752,34.878855],[136.180702,34.879263],[136.180477,34.87953],[136.180177,34.879663],[136.179902,34.879738],[136.179627,34.879713],[136.179327,34.879646],[136.179164,34.879646],[136.178964,34.879688],[136.178752,34.879804],[136.178689,34.879913],[136.178689,34.880029],[136.178802,34.880254],[136.179189,34.880729],[136.179189,34.880996],[136.178827,34.881404],[136.178502,34.881721],[136.178314,34.882212],[136.178364,34.882687],[136.178552,34.882912],[136.179689,34.883704],[136.180102,34.884171],[136.180264,34.884512],[136.180451,34.885071],[136.180726,34.885595],[136.180789,34.885795],[136.180726,34.885995],[136.180376,34.886337],[136.180039,34.886445],[136.179739,34.886495],[136.179464,34.88647],[136.179164,34.886587],[136.179077,34.886654],[136.178977,34.886829],[136.178802,34.886987],[136.178589,34.887062],[136.178252,34.887079],[136.177702,34.886904],[136.177377,34.886837],[136.176989,34.886837],[136.176414,34.887012],[136.176164,34.887037],[136.175452,34.886945],[136.175177,34.886995],[136.174852,34.887104],[136.174352,34.887245],[136.174002,34.887262],[136.172727,34.887154],[136.172127,34.887287],[136.17194,34.887245],[136.171302,34.886954],[136.170802,34.886795],[136.170477,34.886729],[136.17004,34.886687],[136.16949,34.886754],[136.169102,34.886845],[136.168877,34.886978],[136.16864,34.887312],[136.16834,34.887387],[136.167927,34.887403],[136.167653,34.887495],[136.167178,34.887787],[136.166378,34.887928],[136.16569,34.887862],[136.16559,34.887812],[136.164928,34.887095],[136.16479,34.88707],[136.16459,34.88712],[136.163353,34.887095],[136.16314,34.887053],[136.163078,34.887003],[136.16289,34.886987],[136.162453,34.88707],[136.162178,34.887162],[136.161928,34.887212],[136.161566,34.887095],[136.161053,34.886828],[136.160778,34.886762],[136.160366,34.886737],[136.159891,34.886537],[136.159678,34.886378],[136.159516,34.886178],[136.159428,34.885812],[136.159453,34.88487],[136.159403,34.884729],[136.158441,34.884737],[136.157828,34.884779],[136.157228,34.884712],[136.156791,34.88462],[136.155554,34.884537],[136.154254,34.884553],[136.153904,34.884578],[136.153654,34.884553],[136.153291,34.884378],[136.152191,34.883387],[136.151542,34.883045],[136.151204,34.882962],[136.150517,34.882962],[136.150129,34.88287],[136.149717,34.882737],[136.149342,34.882512],[136.148654,34.882037],[136.148517,34.88197],[136.148104,34.881862],[136.147829,34.881862],[136.147492,34.881929],[136.147392,34.88202],[136.147417,34.882404],[136.147354,34.882604],[136.147192,34.882854],[136.146342,34.883303],[136.145155,34.88362],[136.144917,34.883712],[136.144692,34.883845],[136.144605,34.884112],[136.144642,34.884387],[136.144605,34.884678],[136.144505,34.884945],[136.144255,34.885262],[136.14393,34.885486],[136.143542,34.885645],[136.142717,34.885895],[136.142305,34.886053],[136.142005,34.886211],[136.141392,34.886645],[136.141005,34.88682],[136.14063,34.886936],[136.13983,34.887053],[136.139418,34.887053],[136.13908,34.887161],[136.137355,34.888219],[136.13703,34.888378],[136.136855,34.888403],[136.13653,34.888269],[136.136305,34.888044],[136.13538,34.88667],[136.135205,34.886378],[136.13518,34.885836],[136.135293,34.885228],[136.135156,34.885028],[136.134931,34.884845],[136.133281,34.884011],[136.132931,34.883786],[136.131831,34.883245],[136.131393,34.883087],[136.131256,34.88307],[136.131081,34.883136],[136.129856,34.884195],[136.129631,34.884286],[136.129356,34.884286],[136.129056,34.884403],[136.128756,34.88467],[136.127869,34.885119],[136.127656,34.885344],[136.127319,34.885886],[136.127244,34.886269],[136.127244,34.886586],[136.127069,34.886719],[136.127019,34.886811],[136.126444,34.887244],[136.125969,34.887561],[136.125756,34.887827],[136.125531,34.888327],[136.125419,34.888394],[136.124981,34.888436],[136.124656,34.888502],[136.123969,34.888802],[136.123582,34.888869],[136.123257,34.888736],[136.122319,34.888077],[136.122182,34.888011],[136.122142,34.888032],[136.122107,34.888102],[136.121694,34.887944],[136.121582,34.888052],[136.121532,34.888569],[136.121282,34.888819],[136.120982,34.889019],[136.120757,34.889335],[136.120732,34.889585],[136.120344,34.890152],[136.120269,34.890485],[136.120344,34.890869],[136.120482,34.891094],[136.120519,34.891319],[136.120432,34.891477],[136.119719,34.891769],[136.119557,34.891993],[136.119057,34.892227],[136.117982,34.892518],[136.117632,34.892543],[136.117245,34.892427],[136.11697,34.892227],[136.116782,34.892135],[136.116532,34.89216],[136.11617,34.892268],[136.115845,34.892518],[136.115657,34.892768],[136.115182,34.89306],[136.11507,34.893193],[136.115132,34.893402],[136.115045,34.89376],[136.114632,34.894326],[136.114495,34.894685],[136.114632,34.895068],[136.11497,34.895401],[136.115382,34.895968],[136.115495,34.896443],[136.115357,34.896685],[136.114782,34.897359],[136.114582,34.897676],[136.114532,34.897926],[136.11472,34.898201],[136.115107,34.898268],[136.11527,34.898443],[136.115269,34.898651],[136.11492,34.898943],[136.11487,34.899209],[136.114645,34.899434],[136.114345,34.899592],[136.113432,34.899751],[136.11327,34.900067],[136.113357,34.900451],[136.113545,34.900942],[136.113432,34.901151],[136.113132,34.901326],[136.112332,34.901942],[136.111957,34.90205],[136.111407,34.901942],[136.110957,34.901892],[136.110745,34.901825],[136.110632,34.901492],[136.110382,34.901059],[136.11027,34.900976],[136.108682,34.900726],[136.108183,34.900592],[136.107245,34.900209],[136.106595,34.900142],[136.10632,34.900142],[136.106095,34.900051],[136.105845,34.899692],[136.105545,34.899626],[136.105345,34.899467],[136.105383,34.899126],[136.105545,34.898567],[136.105408,34.898384],[136.104245,34.897776],[136.103945,34.897509],[136.103695,34.897168],[136.103395,34.896634],[136.103095,34.896334],[136.102733,34.896109],[136.101858,34.896134],[136.101833,34.896159],[136.101633,34.896118],[136.101383,34.895734],[136.101358,34.895593],[136.101171,34.895218],[136.100946,34.894876],[136.100996,34.894518],[136.100971,34.894134],[136.100858,34.893701],[136.100746,34.89346],[136.100446,34.893368],[136.100233,34.893235],[136.100096,34.893101],[136.100196,34.89251],[136.100096,34.892218],[136.099846,34.891901],[136.099458,34.891585],[136.099046,34.891318],[136.098796,34.890985],[136.098683,34.890576],[136.098546,34.890285],[136.098496,34.889852],[136.098433,34.889693],[136.098021,34.889335],[136.097609,34.88911],[136.097196,34.889002],[136.096896,34.888952],[136.096434,34.888952],[136.095959,34.888818],[136.095571,34.888618],[136.095109,34.88801],[136.094809,34.88781],[136.094534,34.887743],[136.093096,34.887693],[136.092884,34.887785],[136.092584,34.888218],[136.092284,34.888285],[136.091596,34.888326],[136.090572,34.888626],[136.090359,34.88896],[136.090159,34.889051],[136.089884,34.889051],[136.089447,34.888943],[136.089222,34.889093],[136.088984,34.889568],[136.088684,34.890243],[136.088409,34.890518],[136.088047,34.890676],[136.087684,34.890701],[136.087409,34.890584],[136.087334,34.890493],[136.087084,34.889751],[136.086947,34.889576],[136.086622,34.889368],[136.086309,34.889301],[136.086259,34.889168],[136.086509,34.888626],[136.086472,34.888218],[136.086397,34.887835],[136.086097,34.887476],[136.085622,34.887118],[136.085409,34.887001],[136.085409,34.886826],[136.085684,34.886376],[136.085784,34.885968],[136.085922,34.885768],[136.086059,34.885768],[136.086672,34.885927],[136.086909,34.885877],[136.087134,34.885743],[136.087384,34.885293],[136.087659,34.884977],[136.087847,34.884635],[136.088072,34.883918],[136.088347,34.883535],[136.088809,34.88306],[136.089434,34.882769],[136.089572,34.882627],[136.089547,34.882335],[136.089022,34.881869],[136.089059,34.88121],[136.089022,34.880877],[136.088947,34.880719],[136.088397,34.880602],[136.087897,34.88031],[136.087597,34.880427],[136.087235,34.880685],[136.087035,34.880502],[136.08686,34.88031],[136.08646,34.879994],[136.086135,34.879802],[136.085885,34.879644],[136.085622,34.879427],[136.085522,34.879336],[136.08526,34.879061],[136.085172,34.878886],[136.085172,34.878711],[136.085172,34.878427],[136.085235,34.878194],[136.085272,34.878019],[136.08546,34.877919],[136.085585,34.877836],[136.085572,34.877761],[136.085585,34.877602],[136.085597,34.877427],[136.085622,34.877302],[136.085635,34.877186],[136.085672,34.877102],[136.085747,34.876994],[136.085835,34.876852],[136.085922,34.876794],[136.085985,34.876686],[136.086072,34.876569],[136.086122,34.876494],[136.086197,34.876394],[136.086285,34.876261],[136.08666,34.876328],[136.087672,34.876461],[136.088135,34.876344],[136.088497,34.875986],[136.088772,34.875919],[136.089234,34.875919],[136.089847,34.875961],[136.090122,34.875736],[136.090447,34.875353],[136.091522,34.874611],[136.091934,34.874228],[136.092372,34.874045],[136.092447,34.873911],[136.092834,34.87362],[136.092997,34.873545],[136.093859,34.873386],[136.094647,34.873345],[136.095396,34.873453],[136.095921,34.873661],[136.096496,34.87307],[136.096659,34.87262],[136.097009,34.872445],[136.097621,34.87217],[136.097921,34.872128],[136.098309,34.872195],[136.098359,34.87197],[136.098521,34.87167],[136.098771,34.871062],[136.098884,34.87057],[136.099071,34.870479],[136.099459,34.870437],[136.099921,34.870479],[136.100171,34.870662],[136.100396,34.870679],[136.100771,34.870612],[136.101246,34.870345],[136.101959,34.87027],[136.102621,34.869962],[136.102971,34.869846],[136.103246,34.869821],[136.103546,34.870029],[136.104096,34.870096],[136.104458,34.869954],[136.104646,34.869954],[136.104871,34.870112],[136.105171,34.870246],[136.105396,34.870271],[136.105808,34.870137],[136.106133,34.870162],[136.106321,34.870087],[136.106846,34.869796],[136.107096,34.869704],[136.107321,34.869846],[136.107783,34.870404],[136.107946,34.870521],[136.108033,34.870537],[136.108333,34.870404],[136.108633,34.870179],[136.10897,34.869837],[136.10902,34.869571],[136.109208,34.869596],[136.109433,34.869796],[136.109658,34.869929],[136.11017,34.870062],[136.110445,34.870062],[136.111383,34.869887],[136.111708,34.869704],[136.112183,34.869638],[136.113195,34.869363],[136.113445,34.869363],[136.113695,34.869521],[136.113933,34.869638],[136.114345,34.869704],[136.114408,34.869971],[136.114383,34.870263],[136.114458,34.870871],[136.114657,34.871004],[136.115232,34.871029],[136.115345,34.871212],[136.115232,34.871637],[136.115232,34.871821],[136.115507,34.871979],[136.115782,34.872021],[136.116357,34.871904],[136.11672,34.871746],[136.116882,34.871612],[136.116932,34.871279],[136.117295,34.871071],[136.117595,34.871046],[136.117795,34.871163],[136.11787,34.871029],[136.118057,34.870896],[136.118532,34.870738],[136.118857,34.870663],[136.119132,34.870754],[136.119295,34.871071],[136.11952,34.871204],[136.119882,34.871496],[136.119795,34.871904],[136.119932,34.871929],[136.120619,34.871838],[136.120807,34.871879],[136.121007,34.872396],[136.121257,34.872538],[136.122142,34.872816],[136.122594,34.872821],[136.122782,34.872779],[136.123307,34.872504],[136.123469,34.872479],[136.123907,34.872529],[136.124132,34.872504],[136.124569,34.872213],[136.124632,34.872163],[136.124594,34.871921],[136.124544,34.871804],[136.124594,34.871713],[136.124957,34.871579],[136.125369,34.871538],[136.125557,34.871463],[136.125669,34.871329],[136.125782,34.870613],[136.125919,34.870205],[136.126032,34.86993],[136.126007,34.869796],[136.125757,34.869688],[136.125594,34.869546],[136.125282,34.86903],[136.124794,34.868022],[136.124457,34.867747],[136.124044,34.867522],[136.123832,34.86748],[136.123694,34.867363],[136.123469,34.867005],[136.123332,34.866913],[136.122919,34.866738],[136.122894,34.866463],[136.122919,34.866238],[136.123282,34.865813],[136.123882,34.865338],[136.125007,34.864547],[136.125119,34.864072],[136.125344,34.863597],[136.125557,34.863264],[136.126057,34.862747],[136.126107,34.862606],[136.126382,34.862222],[136.127019,34.861906],[136.126907,34.861822],[136.125669,34.861322],[136.125119,34.860922],[136.124432,34.860739],[136.124182,34.860581],[136.123944,34.860489],[136.123057,34.860314],[136.122232,34.860106],[136.122143,34.860101],[136.121969,34.860056],[136.121807,34.859939],[136.121532,34.859872],[136.121419,34.859872],[136.121145,34.859781],[136.120932,34.859556],[136.120632,34.858839],[136.120457,34.858589],[136.12022,34.858431],[136.119832,34.858322],[136.119445,34.858031],[136.118945,34.857981],[136.118532,34.857806],[136.118095,34.857447],[136.11782,34.856922],[136.117732,34.856631],[136.11757,34.856431],[136.117382,34.855848],[136.117182,34.855639],[136.116882,34.855506],[136.116582,34.855531],[136.116357,34.855623],[136.11587,34.856181],[136.115683,34.856272],[136.115483,34.856322],[136.115233,34.856322],[136.114883,34.856181],[136.114358,34.855939],[136.113995,34.855956],[136.113583,34.856072],[136.113508,34.856114],[136.113283,34.856164],[136.113033,34.856122],[136.112683,34.855964],[136.111495,34.855531],[136.11092,34.855531],[136.110783,34.855381],[136.110483,34.854856],[136.110321,34.854772],[136.110046,34.854814],[136.109846,34.854814],[136.109546,34.854497],[136.109496,34.854181],[136.109383,34.853889],[136.108496,34.852948],[136.108196,34.852764],[136.107396,34.852789],[136.107158,34.852672],[136.107071,34.852589],[136.106958,34.852314],[136.107096,34.852023],[136.107321,34.851981],[136.107621,34.851981],[136.108033,34.851731],[136.108058,34.851298],[136.108308,34.850831],[136.108446,34.850423],[136.108358,34.850106],[136.108196,34.849723],[136.108083,34.849631],[136.107896,34.849273],[136.107808,34.84894],[136.107783,34.84799],[136.107721,34.847448],[136.107721,34.846973],[136.107496,34.846257],[136.107446,34.84569],[136.107146,34.844748],[136.106596,34.843782],[136.106458,34.843415],[136.106233,34.843173],[136.105933,34.843082],[136.105383,34.843057],[136.105321,34.843032],[136.105108,34.842607],[136.105021,34.841415],[136.104971,34.84114],[136.104721,34.840832],[136.104421,34.840624],[136.104008,34.84074],[136.103646,34.840674],[136.103396,34.84054],[136.102471,34.840424],[136.102083,34.84054],[136.101721,34.840557],[136.101284,34.840515],[136.101121,34.840423],[136.100984,34.840198],[136.100484,34.839865],[136.100321,34.83959],[136.100134,34.839115],[136.099796,34.839165],[136.099446,34.839165],[136.099034,34.839074],[136.098459,34.839365],[136.097959,34.839507],[136.097021,34.839665],[136.096609,34.839773],[136.095822,34.84014],[136.095459,34.840248],[136.095209,34.840248],[136.094797,34.840065],[136.094359,34.839823],[136.094084,34.83944],[136.093672,34.83894],[136.093534,34.838632],[136.093422,34.838515],[136.093034,34.838248],[136.092847,34.837907],[136.092759,34.837498],[136.092622,34.837257],[136.092384,34.837098],[136.092209,34.836848],[136.091659,34.836823],[136.091447,34.836848],[136.091334,34.83674],[136.091272,34.836582],[136.091034,34.836415],[136.090897,34.836348],[136.09051,34.836373],[136.090247,34.836548],[136.09016,34.836573],[136.09021,34.836582],[136.089772,34.837282],[136.089522,34.83739],[136.089222,34.837456],[136.08881,34.837506],[136.088422,34.837615],[136.08826,34.837731],[136.087822,34.837931],[136.087347,34.838073],[136.086772,34.838115],[136.086535,34.837823],[136.08636,34.837731],[136.086122,34.837665],[136.08601,34.837531],[136.086085,34.837081],[136.086085,34.836581],[136.085985,34.836573],[136.086485,34.83619],[136.086747,34.836032],[136.086985,34.835832],[136.087185,34.835473],[136.087247,34.83529],[136.087597,34.834957],[136.087747,34.834748],[136.08801,34.834507],[136.089185,34.834257],[136.089422,34.834099],[136.089822,34.833624],[136.089885,34.833265],[136.08976,34.832949],[136.089622,34.832749],[136.089522,34.832249],[136.089672,34.831691],[136.089647,34.831399],[136.089372,34.831099],[136.088997,34.830899],[136.088497,34.830741],[136.08811,34.830724],[136.08761,34.830541],[136.087435,34.830432],[136.087372,34.830224],[136.08741,34.830066],[136.087672,34.829616],[136.08796,34.829032],[136.08846,34.828691],[136.08866,34.828358],[136.088835,34.827433],[136.088897,34.827366],[136.089185,34.827208],[136.089422,34.827008],[136.089485,34.826783],[136.08966,34.826574],[136.089835,34.826508],[136.090047,34.826508],[136.090485,34.8264],[136.090922,34.826058],[136.091035,34.825858],[136.091072,34.825608],[136.090922,34.825358],[136.090747,34.825208],[136.09066,34.825025],[136.090622,34.824841],[136.090747,34.824616],[136.090772,34.824191],[136.09101,34.824008],[136.091235,34.823966],[136.091647,34.823833],[136.091947,34.823492],[136.092209,34.823017],[136.092672,34.822433],[136.092972,34.822025],[136.093109,34.82165],[136.092972,34.821375],[136.092497,34.821042],[136.092347,34.820859],[136.092347,34.820609],[136.092497,34.820367],[136.092609,34.820317],[136.092759,34.820317],[136.093134,34.820517],[136.093409,34.820609],[136.093759,34.82045],[136.093997,34.820209],[136.094222,34.819842],[136.095109,34.818942],[136.095284,34.818851],[136.094284,34.818901],[136.093872,34.818742],[136.093097,34.817751],[136.092897,34.817459],[136.092572,34.817101],[136.092135,34.816942],[136.092047,34.816942],[136.091597,34.816809],[136.091135,34.816334],[136.090747,34.816001],[136.090535,34.815659],[136.090485,34.815342],[136.090447,34.814443],[136.090385,34.814109],[136.090472,34.814018],[136.090622,34.813993],[136.090972,34.814126],[136.091097,34.814126],[136.09106,34.813834],[136.090885,34.813093],[136.09056,34.812351],[136.090322,34.812009],[136.089472,34.812084],[136.089172,34.811968],[136.08876,34.811584],[136.088435,34.811359],[136.087935,34.811093],[136.087585,34.810976],[136.086785,34.810893],[136.086285,34.810909],[136.086085,34.811026],[136.085735,34.810984],[136.085498,34.810843],[136.084735,34.810168],[136.084548,34.809968],[136.084348,34.809876],[136.083523,34.809859],[136.083261,34.809768],[136.083136,34.809609],[136.082848,34.809026],[136.082173,34.80826],[136.081461,34.807718],[136.081161,34.807651],[136.080961,34.807651],[136.080461,34.807943],[136.080223,34.808151],[136.080023,34.808234],[136.079786,34.808234],[136.079311,34.807743],[136.079136,34.807635],[136.078936,34.807585],[136.078699,34.807609],[136.078486,34.807701],[136.078074,34.808018],[136.077111,34.808376],[136.076936,34.808401],[136.076586,34.808284],[136.076349,34.808176],[136.076111,34.808109],[136.075874,34.808084],[136.075586,34.808018],[136.075311,34.807834],[136.074899,34.807293],[136.074661,34.807051],[136.073962,34.806059],[136.073424,34.805518],[136.073187,34.805476],[136.072899,34.805359],[136.072812,34.805359],[136.072687,34.805159],[136.072812,34.804843],[136.072987,34.804551],[136.072987,34.804143],[136.072899,34.804076],[136.072512,34.80406],[136.072187,34.804101],[136.071724,34.804368],[136.071312,34.804218],[136.070599,34.804101],[136.070537,34.804101],[136.070399,34.803768],[136.07025,34.803543],[136.069925,34.803335],[136.0696,34.80336],[136.069337,34.803518],[136.0691,34.803718],[136.068775,34.803901],[136.068537,34.803993],[136.068337,34.803993],[136.067987,34.803793],[136.067775,34.803634],[136.067212,34.803343],[136.066862,34.802868],[136.0666,34.802618],[136.066062,34.802234],[136.065688,34.802143],[136.06525,34.802151],[136.06495,34.802101],[136.064213,34.801768],[136.063925,34.801743],[136.06375,34.801676],[136.063625,34.801026],[136.063475,34.800735],[136.063088,34.80026],[136.062738,34.79981],[136.0625,34.799693],[136.0618,34.799835],[136.060388,34.800326],[136.060151,34.800551],[136.060038,34.800801],[136.059976,34.801134],[136.059976,34.801409],[136.059926,34.801584],[136.059776,34.801793],[136.059601,34.801926],[136.059338,34.801968],[136.058801,34.801993],[136.058101,34.802242],[136.057776,34.802442],[136.057576,34.802667],[136.057488,34.803009],[136.057551,34.803592],[136.057426,34.803751],[136.057338,34.803726],[136.057101,34.803567],[136.056451,34.803009],[136.055864,34.802401],[136.055214,34.802067],[136.055076,34.801859],[136.055014,34.801634],[136.055039,34.801392],[136.055014,34.800643],[136.054889,34.800443],[136.054689,34.800334],[136.053826,34.800109],[136.053364,34.799901],[136.052389,34.799343],[136.052064,34.799209],[136.051802,34.799143],[136.050714,34.799159],[136.050277,34.799234],[136.049889,34.799343],[136.049214,34.799459],[136.048714,34.799459],[136.048452,34.799817],[136.048277,34.800559],[136.04834,34.800901],[136.048277,34.801076],[136.048127,34.801234],[136.04749,34.801526],[136.047077,34.801551],[136.046815,34.801442],[136.046602,34.801284],[136.046402,34.801009],[136.046302,34.800742],[136.046015,34.800476],[136.045977,34.800251],[136.045627,34.799726],[136.045152,34.799259],[136.044452,34.799059],[136.044127,34.799126],[136.043752,34.799326],[136.043565,34.799367],[136.043515,34.799351],[136.04304,34.799034],[136.042515,34.798809],[136.04189,34.798701],[136.041453,34.798584],[136.04119,34.798476],[136.04104,34.798292],[136.04089,34.797776],[136.040953,34.797576],[136.040953,34.797351],[136.040865,34.797051],[136.04074,34.796534],[136.040628,34.796376],[136.039478,34.796084],[136.03924,34.795976],[136.039003,34.795684],[136.039003,34.795501],[136.039115,34.795343],[136.039303,34.795209],[136.039528,34.795101],[136.039653,34.794943],[136.039615,34.794734],[136.039478,34.794509],[136.039203,34.794268],[136.038853,34.794084],[136.038203,34.793884],[136.037203,34.793768],[136.036678,34.793768],[136.036266,34.793818],[136.035853,34.793926],[136.035241,34.793884],[136.034703,34.794268],[136.034353,34.794384],[136.034004,34.794334],[136.033116,34.794293],[136.032891,34.794243],[136.032616,34.794068],[136.032391,34.793776],[136.032241,34.793459],[136.032029,34.793209],[136.031741,34.792984],[136.031116,34.792626],[136.030879,34.792376],[136.030316,34.791818],[136.030054,34.791726],[136.029704,34.791685],[136.029416,34.791435],[136.028879,34.791101],[136.028642,34.791035],[136.028492,34.790893],[136.028142,34.79076],[136.028029,34.79076],[136.027617,34.790851],[136.027404,34.790851],[136.026904,34.790718],[136.026679,34.79076],[136.026442,34.79121],[136.026117,34.79146],[136.025354,34.791668],[136.025054,34.791776],[136.024467,34.792093],[136.024442,34.792134],[136.024155,34.792159],[136.023942,34.792068],[136.023742,34.791934],[136.02338,34.791826],[136.022742,34.791934],[136.022505,34.791918],[136.022292,34.791826],[136.022092,34.791576],[136.021742,34.791643],[136.021442,34.791868],[136.021417,34.792051],[136.021355,34.792143],[136.021242,34.792184],[136.020067,34.792118],[136.01983,34.792143],[136.01953,34.792318],[136.01913,34.792726],[136.01868,34.793043],[136.01833,34.793243],[136.01798,34.793401],[136.017718,34.793584],[136.01733,34.794034],[136.016955,34.794351],[136.016418,34.794576],[136.016343,34.795834],[136.016218,34.796309],[136.016305,34.796484],[136.016368,34.796892],[136.01628,34.797434],[136.015993,34.797817],[136.015868,34.797834],[136.015731,34.797817],[136.015343,34.797567],[136.014868,34.797459],[136.014493,34.797409],[136.014168,34.7973],[136.013843,34.797142],[136.013168,34.796575],[136.012906,34.796267],[136.012693,34.795592],[136.012606,34.795476],[136.012518,34.795434],[136.011631,34.795634],[136.011343,34.795659],[136.011131,34.79575],[136.011043,34.795859],[136.011043,34.796042],[136.011131,34.796467],[136.011106,34.79665],[136.011281,34.796892],[136.011281,34.797075],[136.011081,34.797567],[136.010994,34.797909],[136.010881,34.798109],[136.010694,34.798242],[136.010294,34.798358],[136.010206,34.798492],[136.010169,34.798717],[136.010256,34.798942],[136.010469,34.799258],[136.010581,34.799258],[136.010469,34.799283],[136.010031,34.799508],[136.009819,34.7998],[136.009881,34.799867],[136.010319,34.8],[136.010444,34.800067],[136.010644,34.800317],[136.010731,34.800767],[136.011006,34.801192],[136.011231,34.801691],[136.011331,34.802316],[136.011419,34.802541],[136.011656,34.802766],[136.012268,34.803125],[136.012443,34.803283],[136.012706,34.80385],[136.012918,34.804116],[136.013443,34.804608],[136.013631,34.804858],[136.013656,34.805083],[136.013743,34.805333],[136.014331,34.806008],[136.014418,34.806233],[136.014743,34.806791],[136.014806,34.807199],[136.015131,34.807649],[136.015218,34.807916],[136.015218,34.808282],[136.015168,34.808549],[136.015043,34.808749],[136.015043,34.808974],[136.015168,34.809182],[136.015518,34.809632],[136.015756,34.809832],[136.016218,34.809991],[136.016518,34.810057],[136.01663,34.810166],[136.016693,34.810932],[136.016905,34.811157],[136.017405,34.811382],[136.01788,34.812015],[136.01823,34.81219],[136.018518,34.812549],[136.01873,34.812707],[136.01888,34.81269],[136.019205,34.812415],[136.01958,34.812282],[136.01988,34.81224],[136.020555,34.812257],[136.020817,34.812324],[136.021755,34.812732],[136.022167,34.81284],[136.022467,34.812957],[136.022667,34.813115],[136.022842,34.81334],[136.022967,34.813582],[136.023405,34.813699],[136.023617,34.813807],[136.02373,34.813924],[136.023755,34.814149],[136.02388,34.814282],[136.024317,34.814548],[136.024704,34.81489],[136.024942,34.814957],[136.025054,34.814932],[136.025529,34.814482],[136.025754,34.814324],[136.025942,34.814324],[136.026117,34.814482],[136.026204,34.814707],[136.026767,34.814707],[136.027267,34.81484],[136.027404,34.814907],[136.027642,34.815115],[136.027854,34.815357],[136.028766,34.816098],[136.029004,34.81664],[136.029116,34.817248],[136.029091,34.817565],[136.028804,34.818173],[136.028529,34.818848],[136.028479,34.819256],[136.028391,34.819815],[136.028154,34.820556],[136.027866,34.821706],[136.027779,34.821798],[136.027629,34.821839],[136.027516,34.821839],[136.027191,34.821748],[136.026842,34.821731],[136.026654,34.821798],[136.026454,34.822064],[136.026367,34.822289],[136.026254,34.822473],[136.026104,34.822539],[136.025979,34.822539],[136.025479,34.822473],[136.025279,34.822514],[136.025217,34.822564],[136.025104,34.822897],[136.024992,34.823081],[136.024042,34.823647],[136.023817,34.823731],[136.023192,34.823847],[136.022954,34.823956],[136.022817,34.824114],[136.022554,34.824389],[136.022342,34.824431],[136.021904,34.824431],[136.021692,34.824481],[136.021554,34.824656],[136.021167,34.825314],[136.020817,34.82558],[136.018855,34.826614],[136.018492,34.826863],[136.018405,34.82698],[136.018292,34.827272],[136.017817,34.828147],[136.01768,34.828238],[136.016855,34.828305],[136.01668,34.828438],[136.01633,34.828872],[136.01618,34.828713],[136.016142,34.828505],[136.01618,34.827988],[136.016055,34.827813],[136.015768,34.827522],[136.01573,34.827338],[136.015793,34.826863],[136.015768,34.826663],[136.01558,34.826438],[136.014555,34.826238],[136.013993,34.826038],[136.01288,34.82543],[136.012555,34.825297],[136.012118,34.825205],[136.011993,34.825247],[136.011493,34.825605],[136.010706,34.825763],[136.009856,34.826105],[136.009556,34.826105],[136.009056,34.826013],[136.008706,34.826013],[136.008118,34.826063],[136.007731,34.826147],[136.007581,34.826222],[136.007319,34.826288],[136.007119,34.826288],[136.006531,34.82613],[136.006031,34.826105],[136.005731,34.826238],[136.005444,34.826622],[136.005269,34.827746],[136.005006,34.828271],[136.004769,34.828405],[136.004444,34.828671],[136.004331,34.829371],[136.004069,34.829638],[136.004006,34.829821],[136.004031,34.830379],[136.003981,34.831079],[136.003856,34.831329],[136.003719,34.831488],[136.002981,34.831962],[136.002594,34.832521],[136.002506,34.832771],[136.002519,34.832971],[136.002631,34.833104],[136.002956,34.833312],[136.003019,34.833446],[136.002981,34.833646],[136.002781,34.834029],[136.002719,34.834279],[136.003019,34.835245],[136.003106,34.835762],[136.003081,34.835987],[136.002956,34.836437],[136.002669,34.836579],[136.002694,34.83682],[136.002631,34.83732],[136.002744,34.837612],[136.003181,34.837812],[136.003519,34.838103],[136.003569,34.838237],[136.003931,34.838603],[136.004031,34.838937],[136.004118,34.839978],[136.004031,34.84067],[136.003893,34.84092],[136.003731,34.841078],[136.003793,34.841261],[136.003956,34.841395],[136.004093,34.841578],[136.004143,34.84187],[136.004281,34.842161],[136.004643,34.842411],[136.005331,34.84277],[136.005406,34.842903],[136.005406,34.84297],[136.004718,34.84392],[136.004256,34.844328],[136.004068,34.844394],[136.003018,34.844503],[136.001806,34.845003],[136.001644,34.845044],[136.000956,34.845094],[135.999969,34.845028],[135.999531,34.844978],[135.999169,34.844894],[135.998794,34.844603],[135.998544,34.844486],[135.997907,34.844461],[135.997769,34.844328],[135.997669,34.844103],[135.997444,34.843836],[135.997257,34.843694],[135.997154,34.843742],[135.997044,34.843553],[135.996694,34.843461],[135.996144,34.843461],[135.995819,34.843119],[135.995357,34.842961],[135.995057,34.842536],[135.995032,34.842403],[135.994757,34.842086],[135.994207,34.842086],[135.993657,34.842261],[135.993119,34.842219],[135.992844,34.842128],[135.992132,34.842644],[135.991557,34.842803],[135.990495,34.842036],[135.990032,34.841853],[135.989845,34.841586],[135.989532,34.841286],[135.98872,34.841128],[135.98817,34.840994],[135.987407,34.840878],[135.98692,34.841419],[135.986832,34.841553],[135.986532,34.841619],[135.986145,34.841536],[135.98612,34.841553],[135.985932,34.841528],[135.985107,34.841619],[135.984832,34.841711],[135.98377,34.840536],[135.983095,34.839978],[135.982108,34.839411],[135.981558,34.839211],[135.980858,34.839136],[135.979845,34.839111],[135.979321,34.838911],[135.979183,34.838886],[135.978396,34.838619],[135.977521,34.838461],[135.976533,34.838569],[135.975446,34.838519],[135.974483,34.838611],[135.974021,34.838544],[135.973671,34.838203],[135.973346,34.838003],[135.973121,34.837936],[135.972709,34.837953],[135.972309,34.838094],[135.971534,34.838428],[135.971046,34.838428],[135.969896,34.837836],[135.969784,34.838061],[135.970121,34.838744],[135.971096,34.840344],[135.971346,34.841127],[135.971533,34.842094],[135.971471,34.842902],[135.971308,34.842994],[135.970958,34.84351],[135.971496,34.844485],[135.971908,34.845094],[135.972158,34.845785],[135.971695,34.846352],[135.971008,34.846419],[135.970383,34.847069],[135.969396,34.847135],[135.968733,34.84686],[135.968133,34.846727],[135.967833,34.846752],[135.967508,34.846885],[135.967121,34.847285],[135.967096,34.84821],[135.966933,34.848885],[135.966521,34.849268],[135.965871,34.849585],[135.965121,34.849827],[135.963571,34.85021],[135.962908,34.850318],[135.962746,34.850435],[135.962721,34.85086],[135.962746,34.851401],[135.962671,34.851851],[135.962908,34.85246],[135.962958,34.853001],[135.962908,34.85311],[135.962058,34.853401],[135.961733,34.853784],[135.961408,34.854618],[135.96072,34.854418],[135.960395,34.854193],[135.959683,34.853876],[135.959133,34.853984],[135.958921,34.854409],[135.958783,34.854818],[135.958783,34.855001],[135.958183,34.854884],[135.957033,34.854768],[135.956733,34.854434],[135.956208,34.854026],[135.955696,34.853709],[135.954933,34.853443],[135.954158,34.853434],[135.953721,34.853368],[135.953321,34.853101],[135.952984,34.852651],[135.952521,34.852334],[135.952009,34.852334],[135.951434,34.852468],[135.951209,34.852443],[135.949496,34.851634],[135.949171,34.851651],[135.948896,34.851926],[135.948534,34.851968],[135.948096,34.851718],[135.947659,34.851359],[135.947284,34.851293],[135.946759,34.851376],[135.946272,34.851693],[135.946047,34.851759],[135.946159,34.851826],[135.946509,34.852276],[135.946946,34.853359],[135.946971,34.853793],[135.946734,34.854442],[135.946396,34.855051],[135.946209,34.855592],[135.945496,34.856801],[135.945034,34.857209],[135.944971,34.857275],[135.945196,34.85775],[135.945334,34.858267],[135.945271,34.858442],[135.944559,34.859484],[135.943821,34.859434],[135.943471,34.859617],[135.943134,34.859859],[135.943109,34.860175],[135.943134,34.860533],[135.942696,34.861325],[135.942371,34.8615],[135.942121,34.861933],[135.942146,34.862317],[135.942446,34.862558],[135.942346,34.862767],[135.941771,34.863075],[135.941659,34.8633],[135.941571,34.863375],[135.941609,34.863392],[135.941196,34.863733],[135.941196,34.864133],[135.941271,34.864358],[135.941221,34.864633],[135.940971,34.865058],[135.941159,34.8656],[135.941346,34.866383],[135.941409,34.8672],[135.941546,34.867741],[135.941621,34.868349],[135.942033,34.869024],[135.942271,34.869341],[135.942521,34.869766],[135.942846,34.870191],[135.943071,34.871499],[135.943308,34.872107],[135.943658,34.872582],[135.943833,34.872982],[135.943383,34.873391],[135.943308,34.873882],[135.943546,34.874407],[135.943821,34.874857],[135.943883,34.875257],[135.943821,34.875416],[135.943196,34.876024],[135.942921,34.877124],[135.942896,34.877599],[135.943384,34.878182],[135.943134,34.878407],[135.942259,34.878949],[135.941734,34.879582],[135.941272,34.879807],[135.940759,34.879957],[135.940209,34.88034],[135.940047,34.880565],[135.939847,34.881065],[135.939709,34.881599],[135.939872,34.88194],[135.940509,34.882099],[135.940784,34.882299],[135.940809,34.88284],[135.940972,34.883965],[135.941272,34.884482],[135.941072,34.885498],[135.940822,34.885832],[135.940634,34.886332],[135.940609,34.887773],[135.940085,34.888357],[135.93976,34.888582],[135.93981,34.888832],[135.94006,34.889348],[135.940085,34.889865],[135.940385,34.89029],[135.94036,34.890948],[135.94041,34.891398],[135.94041,34.892181],[135.940597,34.892723],[135.940847,34.89324],[135.941247,34.893448],[135.94131,34.893515],[135.94106,34.893673],[135.940672,34.893623],[135.939697,34.89344],[135.93906,34.893198],[135.937648,34.89229],[135.93691,34.892115],[135.936173,34.891798],[135.935485,34.891073],[135.93511,34.890373],[135.93456,34.889073],[135.93431,34.888732],[135.933935,34.888532],[135.933573,34.887873],[135.933448,34.88779],[135.932873,34.887715],[135.932536,34.88774],[135.931561,34.888073],[135.931336,34.888323],[135.930948,34.888506],[135.930411,34.888573],[135.929936,34.888481],[135.929748,34.888415],[135.929173,34.888298],[135.928761,34.88819],[135.928461,34.88789],[135.928199,34.887423],[135.927974,34.887215],[135.927949,34.887148],[135.927811,34.88704],[135.927099,34.886815],[135.926936,34.886473],[135.926936,34.886381],[135.926561,34.886206],[135.926311,34.885907],[135.925924,34.885665],[135.925661,34.88559],[135.925161,34.885573],[135.924674,34.885323],[135.924424,34.884915],[135.924186,34.884873],[135.924049,34.884807],[135.923661,34.883857],[135.923424,34.88359],[135.922974,34.883698],[135.922512,34.883765],[135.921999,34.88379],[135.921399,34.88399],[135.920899,34.884098],[135.920162,34.884373],[135.919999,34.88439],[135.919612,34.884306],[135.919012,34.884598],[135.918712,34.884665],[135.917975,34.884573],[135.9173,34.884073],[135.916825,34.883806],[135.916087,34.88369],[135.91585,34.88349],[135.91565,34.88349],[135.915,34.883731],[135.914612,34.88394],[135.914425,34.883915],[135.913825,34.883731],[135.9133,34.883398],[135.912975,34.883348],[135.912862,34.883465],[135.912837,34.883848],[135.91245,34.883573],[135.912125,34.883056],[135.911963,34.882673],[135.911613,34.882265],[135.911313,34.882065],[135.911338,34.881706],[135.911225,34.881498],[135.910788,34.881273],[135.910525,34.881007],[135.910438,34.880807],[135.9097,34.880348],[135.909863,34.880015],[135.909863,34.879565],[135.909675,34.879115],[135.909263,34.878598],[135.909213,34.878298],[135.909188,34.877782],[135.9093,34.877648],[135.909488,34.877265],[135.909163,34.876973],[135.908238,34.876548],[135.9081,34.87659],[135.9076,34.876473],[135.906901,34.875865],[135.906676,34.87544],[135.907363,34.874157],[135.907388,34.874049],[135.907176,34.874024],[135.906626,34.874065],[135.905201,34.87409],[135.904926,34.87404],[135.904251,34.87379],[135.903101,34.87314],[135.902988,34.87309],[135.902088,34.872507],[135.900889,34.871832],[135.900476,34.871715],[135.900151,34.87149],[135.899501,34.871307],[135.898301,34.871265],[135.897501,34.871174],[135.897364,34.871199],[135.897201,34.871332],[135.897176,34.871465],[135.896301,34.872632],[135.895889,34.87304],[135.894489,34.873465],[135.893677,34.873848],[135.892964,34.874232],[135.892252,34.874457],[135.891539,34.874607],[135.890939,34.874632],[135.889764,34.874832],[135.889515,34.874923],[135.88899,34.875332],[135.888452,34.875465],[135.887677,34.875548],[135.886965,34.87569],[135.886315,34.875598],[135.88549,34.875415],[135.885027,34.87559],[135.885002,34.875706],[135.885027,34.875998],[135.885352,34.876406],[135.885277,34.877123],[135.885565,34.878139],[135.886027,34.878814],[135.886852,34.879381],[135.887702,34.879539],[135.888352,34.879806],[135.888677,34.880256],[135.888702,34.881006],[135.888539,34.881631],[135.886977,34.883072],[135.886077,34.883589],[135.885315,34.883856],[135.884127,34.884514],[135.88334,34.884305],[135.88279,34.88433],[135.882352,34.884214],[135.882215,34.883947],[135.881727,34.883789],[135.881453,34.883739],[135.881215,34.883789],[135.881153,34.883872],[135.880665,34.884255],[135.879978,34.884689],[135.87874,34.885089],[135.87844,34.885314],[135.87819,34.88608],[135.877978,34.886505],[135.87784,34.886622],[135.877103,34.886572],[135.876253,34.886239],[135.875815,34.88628],[135.875678,34.88648],[135.875241,34.886955],[135.874528,34.888213],[135.874303,34.888888],[135.874028,34.888913],[135.873628,34.888755],[135.872828,34.888822],[135.872316,34.888797],[135.872228,34.888797],[135.872164,34.888845],[135.871703,34.889222],[135.871266,34.889713],[135.870803,34.890072],[135.870041,34.890605],[135.869241,34.89108],[135.868578,34.891347],[135.868454,34.891363],[135.868454,34.891413],[135.867954,34.891613],[135.867129,34.891988],[135.866754,34.892305],[135.867054,34.89253],[135.867354,34.893071],[135.867591,34.893705],[135.867679,34.894405],[135.867641,34.89508],[135.867254,34.896788],[135.866929,34.897554],[135.866454,34.898471],[135.865604,34.899688],[135.864541,34.900938],[135.864066,34.901546],[135.863579,34.902062],[135.862891,34.902937],[135.863054,34.903612],[135.863129,34.903729],[135.865179,34.905421],[135.866716,34.906579],[135.867478,34.906987],[135.867803,34.907121],[135.868953,34.907504],[135.869666,34.907846],[135.870066,34.908229],[135.870566,34.908996],[135.870941,34.909745],[135.871266,34.910554],[135.871403,34.911437],[135.871291,34.91312],[135.871316,34.914429],[135.871178,34.91497],[135.871066,34.915145],[135.870466,34.915662],[135.869728,34.91602],[135.869341,34.916262],[135.869203,34.91662],[135.869228,34.917662],[135.869116,34.918245],[135.868916,34.918762],[135.868703,34.919212],[135.868503,34.919386],[135.868591,34.919636],[135.868678,34.919753],[135.868878,34.919903],[135.868878,34.919945],[135.869453,34.920736],[135.869728,34.921003],[135.870203,34.921636],[135.870341,34.921903],[135.870391,34.922786],[135.870691,34.923078],[135.871053,34.923253],[135.871441,34.923503],[135.871691,34.923728],[135.871828,34.924044],[135.871803,34.924336],[135.871666,34.924719],[135.871391,34.925194],[135.870753,34.925961],[135.870703,34.926094],[135.871328,34.926519],[135.872164,34.92679],[135.872253,34.926752],[135.872641,34.926952],[135.872866,34.927169],[135.873003,34.928027],[135.873253,34.928611],[135.87414,34.92971],[135.874665,34.930202],[135.875028,34.930452],[135.875378,34.930519],[135.875678,34.930652],[135.875928,34.930827],[135.87604,34.93096],[135.87649,34.931819],[135.87674,34.932535],[135.876953,34.932668],[135.87734,34.932735],[135.877703,34.932935],[135.87864,34.93381],[135.879165,34.934143],[135.879602,34.934343],[135.879877,34.934568],[135.878927,34.936393],[135.878627,34.936785],[135.878502,34.937168],[135.878477,34.937935],[135.87834,34.938384],[135.877727,34.939534],[135.87734,34.939943],[135.87669,34.940393],[135.876665,34.940693],[135.876803,34.940934],[135.877003,34.941134],[135.877078,34.941434],[135.877053,34.941542],[135.87654,34.942534],[135.876328,34.942809],[135.87619,34.943101],[135.876228,34.943617],[135.876415,34.944092],[135.876865,34.944875],[135.877165,34.945234],[135.877552,34.945592],[135.878465,34.946334],[135.87869,34.9466],[135.878765,34.946875],[135.878715,34.947167],[135.878502,34.947525],[135.877765,34.948317],[135.877115,34.948642],[135.876765,34.94945],[135.876327,34.9497],[135.876052,34.949975],[135.87584,34.950583],[135.875765,34.951216],[135.875827,34.951708],[135.875802,34.952116],[135.875715,34.952474],[135.875452,34.953308],[135.875452,34.953608],[135.87529,34.953849],[135.874965,34.954099],[135.874715,34.954374],[135.87459,34.954757],[135.874315,34.955191],[135.87399,34.955349],[135.873228,34.955574],[135.87284,34.955624],[135.872453,34.955624],[135.872428,34.955599],[135.872265,34.955607],[135.87224,34.955582],[135.872165,34.955604],[135.871953,34.955674],[135.871578,34.955716],[135.871103,34.955491],[135.870803,34.955516],[135.870665,34.955649],[135.870253,34.956299],[135.869765,34.95669],[135.869265,34.956799],[135.868715,34.956757],[135.868303,34.956624],[135.867753,34.956665],[135.867016,34.956824],[135.866166,34.957049],[135.865591,34.957165],[135.864491,34.957482],[135.863803,34.95784],[135.863578,34.958065],[135.863553,34.958223],[135.863691,34.959173],[135.863666,34.959598],[135.863553,34.959957],[135.863528,34.960207],[135.863278,34.960723],[135.863091,34.960923],[135.862653,34.961081],[135.862216,34.961331],[135.861941,34.961765],[135.861466,34.962731],[135.861228,34.962998],[135.861116,34.963048],[135.860179,34.963248],[135.859929,34.963498],[135.859241,34.964381],[135.859004,34.964939],[135.858704,34.965214],[135.857979,34.965639],[135.857679,34.965997],[135.857216,34.966406],[135.856391,34.966764],[135.856229,34.967106],[135.856254,34.967556],[135.856454,34.968547],[135.856254,34.969222],[135.855979,34.96963],[135.855654,34.969989],[135.854854,34.970422],[135.854579,34.970714],[135.854279,34.970914],[135.853929,34.971005],[135.852879,34.970755],[135.852579,34.97083],[135.852379,34.971072],[135.852354,34.971414],[135.852579,34.972288],[135.852904,34.973147],[135.853729,34.973688],[135.854179,34.973822],[135.854429,34.974155],[135.854754,34.974722],[135.854842,34.97508],[135.854729,34.975463],[135.854317,34.976388],[135.854129,34.976971],[135.854342,34.977246],[135.855167,34.977671],[135.855504,34.977963],[135.855804,34.978321],[135.856242,34.978704],[135.856604,34.979138],[135.856817,34.979521],[135.856879,34.979921],[135.856829,34.980146],[135.856329,34.981121],[135.856304,34.981521],[135.856629,34.982196],[135.856717,34.982646],[135.856554,34.983029],[135.856054,34.983262],[135.855842,34.983529],[135.855779,34.983887],[135.855567,34.984179],[135.855154,34.984587],[135.854904,34.984679],[135.854354,34.984429],[135.853829,34.984254],[135.853392,34.984204],[135.852867,34.984204],[135.852754,34.984229],[135.852267,34.984479],[135.85208,34.984412],[135.852017,34.984346],[135.851767,34.984187],[135.850892,34.984054],[135.850292,34.984546],[135.849905,34.98477],[135.849467,34.984437],[135.849355,34.984437],[135.849105,34.984637],[135.849055,34.985204],[135.84908,34.986329],[135.849055,34.986912],[135.849192,34.987412],[135.849692,34.988179],[135.84983,34.98872],[135.849967,34.99007],[135.84988,34.990545],[135.849692,34.991037],[135.84928,34.991537],[135.84898,34.99147],[135.848592,34.991287],[135.847243,34.991062],[135.844905,34.990503],[135.844168,34.99032],[135.843643,34.990095],[135.843643,34.98967],[135.843393,34.989537],[135.843118,34.989737],[135.842568,34.989937],[135.84193,34.989895],[135.841355,34.98992],[135.839106,34.99017],[135.838193,34.990237],[135.835556,34.990645],[135.834731,34.990711],[135.831706,34.990828],[135.831106,34.990828],[135.829894,34.990945],[135.829319,34.991061],[135.828769,34.991061],[135.827194,34.991153],[135.826957,34.991195],[135.826919,34.991378],[135.827119,34.99162],[135.829369,34.993469],[135.829432,34.993828],[135.829182,34.994436],[135.829269,34.994869],[135.829657,34.995336],[135.830394,34.995902],[135.830781,34.996302],[135.831081,34.996686],[135.831269,34.997161],[135.831519,34.997611],[135.832406,34.998894],[135.832481,34.999169],[135.832406,34.999777],[135.832356,35.000694],[135.832406,35.000852],[135.833394,35.000902],[135.833531,35.00081],[135.833556,35.000019],[135.833619,34.999619],[135.833719,34.999302],[135.834194,34.999227],[135.834994,34.999294],[135.835319,34.999277],[135.835819,34.999452],[135.836094,34.999727],[135.836281,35.000019],[135.836394,35.000352],[135.836394,35.000652],[135.836531,35.001169],[135.836506,35.001302],[135.836344,35.001502],[135.836044,35.002044],[135.835931,35.002385],[135.835656,35.002927],[135.835569,35.002994],[135.835469,35.003227],[135.835419,35.003302],[135.835219,35.003435],[135.834169,35.004468],[135.833956,35.004835],[135.833619,35.005752],[135.833531,35.006635],[135.833081,35.008126],[135.832994,35.008576],[135.832994,35.008985],[135.832906,35.009276],[135.832819,35.009368],[135.832157,35.009701],[135.831694,35.009809],[135.830844,35.009826],[135.830432,35.009776],[135.829607,35.009551],[135.829282,35.009368],[135.828894,35.008843],[135.828657,35.008776],[135.828244,35.008751],[135.827969,35.008884],[135.827832,35.009068],[135.827694,35.009109],[135.827232,35.008493],[135.826869,35.008401],[135.825582,35.008418],[135.825007,35.008484],[135.823982,35.008751],[135.823907,35.008793],[135.82387,35.008976],[135.823957,35.009109],[135.823982,35.009359],[135.823782,35.009693],[135.823782,35.009943],[135.823645,35.010234],[135.82332,35.010392],[135.823145,35.010509],[135.823032,35.010801],[135.822645,35.011409],[135.82237,35.012017],[135.822257,35.012126],[135.82132,35.012734],[135.821045,35.012817],[135.82077,35.012859],[135.82047,35.012859],[135.82022,35.012901],[135.82022,35.0134],[135.820433,35.014192],[135.820408,35.014692],[135.820258,35.01505],[135.820283,35.015392],[135.820533,35.015642],[135.820783,35.015709],[135.820858,35.015642],[135.82087,35.015392],[135.820783,35.015009],[135.82082,35.014559],[135.820958,35.014017],[135.821158,35.0137],[135.821433,35.013542],[135.821945,35.013367],[135.822282,35.013326],[135.822882,35.013326],[135.823207,35.013284],[135.823595,35.013176],[135.824095,35.013084],[135.824257,35.013017],[135.824507,35.012367],[135.824757,35.012209],[135.825057,35.012142],[135.825445,35.012101],[135.825745,35.012101],[135.826207,35.012242],[135.82652,35.012192],[135.826845,35.012109],[135.827557,35.012067],[135.828032,35.011934],[135.828307,35.011684],[135.828557,35.011667],[135.828769,35.011734],[135.828857,35.011801],[135.829019,35.011801],[135.829344,35.011692],[135.829619,35.011717],[135.829732,35.011692],[135.829869,35.011742],[135.830144,35.011676],[135.830444,35.011701],[135.834231,35.012534],[135.834369,35.012509],[135.834506,35.012534],[135.835019,35.012809],[135.835294,35.012792],[135.835431,35.012742],[135.835569,35.012901],[135.835594,35.013084],[135.835681,35.013267],[135.835869,35.014034],[135.835894,35.014442],[135.835856,35.015301],[135.835606,35.016084],[135.835356,35.016534],[135.834694,35.017392],[135.834681,35.017684],[135.834794,35.017984],[135.835019,35.018209],[135.835144,35.018525],[135.835094,35.018792],[135.834894,35.018975],[135.834844,35.019225],[135.834981,35.01965],[135.834944,35.019858],[135.834919,35.019858],[135.834644,35.020375],[135.834519,35.021591],[135.834519,35.022],[135.834431,35.0222],[135.834431,35.022316],[135.834106,35.0224],[135.833781,35.022375],[135.833531,35.022308],[135.833256,35.02215],[135.833044,35.021941],[135.832819,35.021808],[135.832519,35.021783],[135.832294,35.021808],[135.832019,35.021733],[135.831807,35.021733],[135.831444,35.021775],[135.831257,35.021733],[135.831032,35.02155],[135.830794,35.02155],[135.830594,35.021616],[135.830382,35.021541],[135.830157,35.021541],[135.829969,35.0217],[135.829694,35.021808],[135.829519,35.021791],[135.829282,35.021808],[135.829144,35.021925],[135.828857,35.022283],[135.828619,35.02235],[135.827869,35.022183],[135.827682,35.022183],[135.827132,35.022358],[135.827044,35.022858],[135.82647,35.023533],[135.826432,35.023624],[135.826457,35.023874],[135.826682,35.024099],[135.826794,35.024441],[135.826757,35.024774],[135.826557,35.025433],[135.826644,35.025633],[135.826832,35.025724],[135.827169,35.025774],[135.827432,35.025883],[135.827569,35.026183],[135.827544,35.026607],[135.827457,35.026924],[135.827532,35.027241],[135.827894,35.027649],[135.828057,35.028032],[135.828082,35.028374],[135.827994,35.029007],[135.828044,35.029274],[135.828044,35.029524],[135.827844,35.029882],[135.827794,35.030224],[135.827619,35.030515],[135.826857,35.030849],[135.826357,35.031207],[135.826082,35.031499],[135.825582,35.031932],[135.825557,35.032173],[135.825657,35.032857],[135.825632,35.03319],[135.825382,35.033482],[135.82497,35.03389],[135.824857,35.03409],[135.824682,35.03529],[135.82457,35.035556],[135.824295,35.035848],[135.823957,35.036048],[135.823495,35.03589],[135.823332,35.035865],[135.822807,35.03589],[135.82237,35.035948],[135.821632,35.036015],[135.820907,35.036756],[135.82082,35.037048],[135.820632,35.037298],[135.820045,35.037881],[135.819795,35.038214],[135.819195,35.038823],[135.818583,35.039247],[135.81817,35.039497],[135.817845,35.039631],[135.817395,35.039739],[135.817183,35.039939],[135.816433,35.040772],[135.816345,35.040797],[135.815658,35.041356],[135.815495,35.04163],[135.815458,35.042147],[135.815733,35.042939],[135.815895,35.04323],[135.816033,35.043347],[135.816133,35.04373],[135.815995,35.04398],[135.815033,35.044605],[135.814758,35.04483],[135.814695,35.04508],[135.814808,35.045372],[135.815183,35.045805],[135.815345,35.046163],[135.815458,35.046546],[135.815733,35.047046],[135.81627,35.047705],[135.816495,35.047913],[135.816795,35.048113],[135.817533,35.04823],[135.81797,35.048438],[135.81857,35.049005],[135.818732,35.049096],[135.819095,35.049188],[135.82077,35.049355],[135.82137,35.049471],[135.821457,35.049521],[135.821645,35.049863],[135.821832,35.050563],[135.821995,35.050829],[135.82207,35.050879],[135.822844,35.050929],[135.823607,35.051229],[135.823907,35.051454],[135.824344,35.052021],[135.824619,35.052113],[135.825057,35.052204],[135.825282,35.052429],[135.825444,35.052971],[135.825607,35.053312],[135.826069,35.053546],[135.826756,35.053796],[135.826944,35.053821],[135.827794,35.053754],[135.828231,35.053396],[135.828519,35.053287],[135.829069,35.053179],[135.830131,35.053071],[135.830856,35.052846],[135.831181,35.052646],[135.831481,35.052604],[135.833043,35.052929],[135.833268,35.053129],[135.833343,35.053379],[135.833231,35.053987],[135.833693,35.054471],[135.834056,35.054737],[135.834406,35.055329],[135.834681,35.055487],[135.834843,35.055671],[135.834868,35.056596],[135.835031,35.057162],[135.835043,35.057545],[135.835405,35.058179],[135.835643,35.058745],[135.835893,35.058995],[135.836055,35.05947],[135.83608,35.059678],[135.83573,35.061528],[135.83573,35.061862],[135.835818,35.062403],[135.835705,35.062836],[135.83523,35.063803],[135.834843,35.064503],[135.834418,35.065469],[135.834218,35.066103],[135.834243,35.066169],[135.834193,35.066503],[135.834193,35.066819],[135.83438,35.067503],[135.83413,35.068219],[135.833705,35.068919],[135.83343,35.069302],[135.832855,35.069794],[135.832743,35.070177],[135.832655,35.070652],[135.832568,35.070769],[135.83193,35.071127],[135.831855,35.071302],[135.83188,35.071527],[135.832093,35.07196],[135.832855,35.073135],[135.83313,35.073452],[135.833968,35.074752],[135.83413,35.075927],[135.83423,35.076127],[135.834593,35.076335],[135.834918,35.076693],[135.835005,35.076943],[135.83538,35.07726],[135.836043,35.077443],[135.836393,35.077651],[135.836555,35.077901],[135.83653,35.078735],[135.836605,35.07901],[135.836805,35.079076],[135.83773,35.078968],[135.83798,35.078926],[135.838142,35.078951],[135.83823,35.07906],[135.838192,35.079426],[135.838055,35.080143],[135.838105,35.08046],[135.838217,35.080685],[135.838355,35.081209],[135.838405,35.081751],[135.838405,35.082176],[135.838505,35.082743],[135.838917,35.083676],[135.83918,35.084442],[135.83923,35.084784],[135.839367,35.085051],[135.839667,35.085392],[135.839942,35.085642],[135.84003,35.085867],[135.840017,35.086092],[135.839867,35.086551],[135.839617,35.0873],[135.839392,35.087592],[135.839292,35.087684],[135.83918,35.087992],[135.839042,35.088217],[135.838792,35.088425],[135.838605,35.088717],[135.838242,35.088825],[135.83808,35.088942],[135.83783,35.089434],[135.83698,35.090292],[135.836817,35.090358],[135.836542,35.090558],[135.835642,35.090875],[135.835255,35.09105],[135.83523,35.091167],[135.835692,35.091817],[135.83613,35.092292],[135.836705,35.092716],[135.837667,35.094291],[135.83778,35.094808],[135.837555,35.095799],[135.83758,35.095908],[135.837755,35.096133],[135.837917,35.096558],[135.837992,35.097033],[135.838192,35.097458],[135.838655,35.097799],[135.838955,35.098424],[135.83898,35.098874],[135.839367,35.099324],[135.839442,35.099616],[135.839617,35.099891],[135.840379,35.100357],[135.840679,35.100291],[135.841092,35.100449],[135.841442,35.100832],[135.841554,35.101149],[135.841879,35.101465],[135.842104,35.101532],[135.842679,35.101849],[135.842929,35.102115],[135.843117,35.102474],[135.843092,35.102815],[135.843142,35.103532],[135.843617,35.104365],[135.843642,35.104748],[135.843479,35.10504],[135.843229,35.105282],[135.843092,35.105715],[135.843142,35.10614],[135.843417,35.10654],[135.843667,35.106765],[135.843779,35.107373],[135.843879,35.10769],[135.843854,35.108165],[135.843716,35.10859],[135.843604,35.108698],[135.843466,35.109014],[135.843416,35.109689],[135.843466,35.110006],[135.843741,35.110548],[135.844379,35.111464],[135.845029,35.111489],[135.845141,35.111514],[135.845229,35.111714],[135.845004,35.112256],[135.844679,35.112681],[135.844566,35.113381],[135.844654,35.113806],[135.844816,35.114072],[135.844891,35.114122],[135.845741,35.113831],[135.846541,35.113697],[135.847141,35.113806],[135.847416,35.114055],[135.847504,35.11428],[135.847554,35.11473],[135.847779,35.115539],[135.847854,35.116055],[135.847904,35.117272],[135.848103,35.117738],[135.848178,35.118413],[135.848153,35.118705],[135.848341,35.118905],[135.848678,35.118997],[135.848891,35.11913],[135.849066,35.119405],[135.849228,35.119896],[135.849528,35.120188],[135.850241,35.12048],[135.850178,35.120621],[135.849966,35.120863],[135.849641,35.12188],[135.849666,35.122013],[135.849927,35.12255],[135.850078,35.122863],[135.850316,35.123138],[135.850316,35.123338],[135.850241,35.123829],[135.850041,35.124038],[135.849941,35.124104],[135.849741,35.124371],[135.849603,35.124796],[135.849666,35.125204],[135.849553,35.125404],[135.849278,35.125496],[135.849416,35.125696],[135.849528,35.126012],[135.849578,35.126646],[135.849666,35.127004],[135.849928,35.127296],[135.850403,35.127679],[135.850778,35.128079],[135.851003,35.128437],[135.851028,35.128554],[135.850953,35.129004],[135.850703,35.129387],[135.850841,35.129679],[135.851028,35.129945],[135.851165,35.130237],[135.851303,35.130712],[135.85174,35.130979],[135.85194,35.131229],[135.852128,35.13172],[135.852403,35.133653],[135.852178,35.134287],[135.85204,35.134462],[135.851853,35.134603],[135.851078,35.134978],[135.850565,35.13512],[135.850128,35.135295],[135.849815,35.13687],[135.85004,35.137253],[135.850428,35.137703],[135.850665,35.138103],[135.850478,35.138328],[135.850015,35.13847],[135.849653,35.138645],[135.84954,35.138986],[135.849628,35.139595],[135.84979,35.140178],[135.84944,35.140786],[135.84889,35.141278],[135.848753,35.141611],[135.84869,35.141994],[135.848728,35.142111],[135.848965,35.142494],[135.849628,35.142894],[135.85009,35.143278],[135.85034,35.143569],[135.85059,35.144378],[135.851215,35.145144],[135.851715,35.145411],[135.851878,35.145461],[135.85229,35.145661],[135.852528,35.145911],[135.85259,35.146069],[135.852615,35.146427],[135.85239,35.146852],[135.85229,35.147186],[135.852777,35.147594],[135.852915,35.147752],[135.852915,35.148202],[135.852752,35.148627],[135.852777,35.149036],[135.853027,35.149461],[135.85344,35.149686],[135.853715,35.149794],[135.85349,35.150427],[135.853552,35.150852],[135.853815,35.151777],[135.854177,35.152402],[135.854615,35.152719],[135.855352,35.153102],[135.856015,35.153369],[135.856727,35.153577],[135.856727,35.153819],[135.85664,35.15411],[135.856452,35.15506],[135.856502,35.155618],[135.85689,35.156701],[135.856865,35.15706],[135.856615,35.157301],[135.856365,35.157685],[135.856177,35.158135],[135.856152,35.159443],[135.85609,35.159509],[135.855877,35.159643],[135.855415,35.159801],[135.85429,35.160093],[135.85294,35.160226],[135.851328,35.160276],[135.850778,35.160318],[135.850415,35.160293],[135.84954,35.160792],[135.84844,35.161326],[135.846991,35.162276],[135.846741,35.162501],[135.846653,35.162992],[135.846678,35.163467],[135.846628,35.163934],[135.846378,35.164292],[135.845591,35.164992],[135.845391,35.165283],[135.845253,35.1656],[135.845366,35.165983],[135.845716,35.1667],[135.845666,35.167042],[135.844928,35.167641],[135.844566,35.1683],[135.844316,35.168608],[135.844053,35.168816],[135.844078,35.169175],[135.844178,35.169441],[135.844128,35.16985],[135.844241,35.169875],[135.843978,35.170299],[135.843866,35.170616],[135.843866,35.170858],[135.843978,35.171758],[135.843953,35.171983],[135.843841,35.172233],[135.843541,35.172657],[135.843216,35.172999],[135.842916,35.173241],[135.842429,35.173741],[135.842366,35.173941],[135.842454,35.174524],[135.842954,35.175715],[135.843141,35.17639],[135.843116,35.17679],[135.842691,35.177715],[135.842766,35.178073],[135.843079,35.178407],[135.843316,35.178748],[135.843129,35.178948],[135.842879,35.179107],[135.842116,35.179223],[135.841429,35.179398],[135.841179,35.179532],[135.840741,35.179848],[135.840529,35.180281],[135.840554,35.180906],[135.840529,35.18124],[135.840454,35.181398],[135.840229,35.181673],[135.840179,35.181873],[135.840204,35.182256],[135.840591,35.182948],[135.840954,35.183714],[135.841016,35.184231],[135.840904,35.185148],[135.840791,35.185672],[135.84058,35.186101],[135.840666,35.186297],[135.840779,35.186431],[135.840879,35.186839],[135.841104,35.187106],[135.841441,35.187331],[135.841991,35.187597],[135.842129,35.187731],[135.842341,35.187797],[135.842266,35.187939],[135.842129,35.188497],[135.841941,35.189797],[135.841754,35.19023],[135.841616,35.190405],[135.841391,35.190589],[135.841004,35.190747],[135.840541,35.190905],[135.840291,35.191014],[135.840029,35.191197],[135.839854,35.191372],[135.839641,35.191713],[135.839316,35.192705],[135.839154,35.193013],[135.838991,35.193238],[135.838829,35.193896],[135.838604,35.194296],[135.838279,35.194705],[135.837954,35.195446],[135.837704,35.195738],[135.837329,35.196213],[135.837242,35.196838],[135.837054,35.197179],[135.837142,35.198096],[135.836867,35.199037],[135.836954,35.199329],[135.836954,35.199671],[135.836904,35.199804],[135.836654,35.200029],[135.836167,35.200296],[135.835917,35.200521],[135.835704,35.200904],[135.835567,35.201062],[135.835454,35.201312],[135.835429,35.201787],[135.835267,35.202029],[135.835154,35.20212],[135.835129,35.202229],[135.835704,35.202862],[135.835792,35.203037],[135.835929,35.20322],[135.835929,35.203354],[135.835879,35.203737],[135.835579,35.204229],[135.835517,35.204662],[135.835392,35.205262],[135.835442,35.205737],[135.835579,35.206028],[135.835554,35.20607],[135.835604,35.20632],[135.835529,35.206587],[135.835392,35.206862],[135.834929,35.207353],[135.834604,35.207828],[135.834354,35.208078],[135.834129,35.208387],[135.833829,35.20877],[135.833617,35.208928],[135.832517,35.209537],[135.832104,35.209828],[135.831754,35.210053],[135.831092,35.210328],[135.830992,35.210461],[135.831017,35.210645],[135.831379,35.21127],[135.831654,35.211986],[135.831729,35.212503],[135.831929,35.212995],[135.832479,35.213961],[135.832504,35.214161],[135.832379,35.214253],[135.831929,35.214461],[135.831304,35.214636],[135.830779,35.214819],[135.830367,35.215178],[135.830317,35.215294],[135.830104,35.215469],[135.829967,35.215653],[135.829829,35.216053],[135.829804,35.216661],[135.829879,35.216886],[135.829854,35.216936],[135.829917,35.217086],[135.830242,35.217536],[135.830492,35.217694],[135.830654,35.217894],[135.830629,35.217944],[135.830742,35.218186],[135.830742,35.218411],[135.830529,35.218911],[135.830092,35.219336],[135.829479,35.219744],[135.829292,35.219986],[135.829267,35.220327],[135.829454,35.220727],[135.829679,35.221019],[135.829792,35.221269],[135.829817,35.221494],[135.830042,35.221894],[135.830179,35.222027],[135.830429,35.222394],[135.830792,35.222685],[135.830892,35.222702],[135.831329,35.222569],[135.831667,35.222594],[135.831992,35.222727],[135.832329,35.222969],[135.832404,35.223102],[135.832741,35.223485],[135.832991,35.223619],[135.834004,35.223869],[135.834366,35.22391],[135.834554,35.223977],[135.834941,35.224177],[135.835079,35.224335],[135.835704,35.224785],[135.836341,35.225235],[135.836591,35.225344],[135.837166,35.225819],[135.837716,35.226019],[135.837991,35.22606],[135.838053,35.226202],[135.837916,35.226627],[135.837778,35.226802],[135.837666,35.227077],[135.837641,35.227635],[135.837703,35.227927],[135.837678,35.228377],[135.837728,35.229093],[135.837678,35.229277],[135.837678,35.229477],[135.837603,35.230243],[135.837303,35.23076],[135.837216,35.231143],[135.837028,35.231435],[135.837003,35.231835],[135.837141,35.232018],[135.837091,35.232509],[135.837141,35.232784],[135.837416,35.233501],[135.837503,35.233818],[135.837453,35.234043],[135.837341,35.234243],[135.837428,35.234468],[135.837666,35.234693],[135.837891,35.235434],[135.837866,35.236059],[135.837791,35.236617],[135.837678,35.237067],[135.837491,35.237542],[135.837378,35.237676],[135.837078,35.238217],[135.836641,35.238917],[135.836503,35.239025],[135.836291,35.239142],[135.835541,35.239409],[135.835241,35.239567],[135.835141,35.239684],[135.835029,35.239925],[135.835053,35.240083],[135.834866,35.2404],[135.834754,35.240492],[135.834566,35.240733],[135.834504,35.240942],[135.834591,35.241117],[135.834679,35.241208],[135.834841,35.24125],[135.835228,35.2413],[135.836128,35.241117],[135.836491,35.241117],[135.836903,35.241292],[135.837291,35.241608],[135.837566,35.242033],[135.837728,35.242167],[135.838141,35.242442],[135.838578,35.242842],[135.838828,35.243133],[135.839103,35.243358],[135.839628,35.243608],[135.83979,35.243758],[135.839878,35.243941],[135.839928,35.244258],[135.839878,35.244725],[135.83974,35.244866],[135.839603,35.245108],[135.839578,35.245291],[135.83969,35.245916],[135.839728,35.246391],[135.839778,35.246933],[135.840003,35.247649],[135.840115,35.247824],[135.84014,35.247966],[135.840528,35.248299],[135.840578,35.248432],[135.840828,35.248682],[135.84099,35.248749],[135.841878,35.249107],[135.84224,35.249332],[135.842615,35.249532],[135.84279,35.249666],[135.84279,35.249932],[135.842728,35.250116],[135.842815,35.250316],[135.843115,35.250632],[135.843952,35.25139],[135.84409,35.251615],[135.844115,35.251732],[135.84409,35.251799],[135.843977,35.25184],[135.843653,35.252049],[135.843478,35.252199],[135.842878,35.252632],[135.842328,35.253148],[135.842365,35.253198],[135.84234,35.253215],[135.842365,35.25349],[135.842453,35.253732],[135.84259,35.253982],[135.84294,35.25434],[135.843115,35.254707],[135.84319,35.255082],[135.843415,35.255448],[135.84369,35.255623],[135.844215,35.255807],[135.844627,35.256073],[135.845002,35.25639],[135.845252,35.256748],[135.84559,35.256931],[135.846027,35.257065],[135.846052,35.258173],[135.84594,35.258665],[135.845452,35.259773],[135.844952,35.260698],[135.844627,35.261439],[135.844652,35.261839],[135.844902,35.262406],[135.845202,35.262747],[135.845677,35.263122],[135.84614,35.263756],[135.846252,35.264114],[135.846315,35.264481],[135.846915,35.265897],[135.847252,35.26648],[135.847665,35.266955],[135.848427,35.267497],[135.848865,35.267672],[135.849477,35.267855],[135.849864,35.267947],[135.850689,35.26853],[135.851102,35.268714],[135.852189,35.269005],[135.852439,35.269155],[135.852639,35.269405],[135.853077,35.270147],[135.853514,35.270597],[135.854402,35.271047],[135.854814,35.271322],[135.855052,35.271613],[135.855114,35.27213],[135.855064,35.272672],[135.854839,35.27353],[135.854514,35.275196],[135.854627,35.27558],[135.854814,35.275896],[135.855202,35.27623],[135.856164,35.276971],[135.858226,35.278096],[135.858451,35.278371],[135.858501,35.278663],[135.858476,35.279138],[135.858589,35.280196],[135.858564,35.280912],[135.858676,35.281362],[135.858864,35.281721],[135.859714,35.282421],[135.860676,35.282987],[135.860764,35.282987],[135.860601,35.28312],[135.860239,35.28332],[135.860076,35.28357],[135.859914,35.284445],[135.859664,35.285554],[135.859389,35.286028],[135.858789,35.286678],[135.858564,35.287045],[135.858439,35.28772],[135.858401,35.288212],[135.858439,35.289136],[135.858401,35.289295],[135.856977,35.289045],[135.855852,35.288645],[135.855252,35.288462],[135.854777,35.28822],[135.854389,35.287878],[135.853902,35.287137],[135.853564,35.28682],[135.852114,35.286303],[135.851777,35.286012],[135.851589,35.285587],[135.851427,35.285062],[135.851252,35.284095],[135.851114,35.283712],[135.85079,35.283329],[135.850377,35.282721],[135.850177,35.282137],[135.849677,35.280429],[135.84949,35.280062],[135.849165,35.279746],[135.84864,35.279479],[135.848202,35.279321],[135.848065,35.279188],[135.846552,35.279279],[135.84644,35.279096],[135.846027,35.278738],[135.84539,35.278488],[135.844677,35.278338],[135.843278,35.278313],[135.842453,35.278271],[135.84179,35.278154],[135.841103,35.277888],[135.840665,35.277571],[135.84039,35.277121],[135.840365,35.275863],[135.840253,35.275638],[135.839753,35.275521],[135.838691,35.275679],[135.838491,35.275654],[135.838191,35.275505],[135.838053,35.275188],[135.838028,35.274846],[135.837966,35.274671],[135.837416,35.27478],[135.836841,35.274713],[135.836178,35.274513],[135.835441,35.274238],[135.834891,35.274155],[135.834341,35.274171],[135.833541,35.274763],[135.832966,35.275096],[135.832479,35.275329],[135.831679,35.276096],[135.831454,35.276229],[135.830666,35.276479],[135.829891,35.276654],[135.829541,35.276929],[135.829091,35.277379],[135.828691,35.277896],[135.828466,35.278329],[135.828304,35.278821],[135.827567,35.279654],[135.827229,35.280312],[135.826817,35.280712],[135.825754,35.281437],[135.825279,35.28182],[135.825204,35.282045],[135.825554,35.282904],[135.825617,35.283329],[135.825342,35.284412],[135.825154,35.284862],[135.824879,35.285153],[135.824542,35.285312],[135.824379,35.285445],[135.824129,35.285895],[135.823804,35.286278],[135.823092,35.287203],[135.822654,35.287703],[135.822017,35.28872],[135.821855,35.288895],[135.82098,35.289553],[135.820617,35.290003],[135.820067,35.290969],[135.82018,35.291286],[135.820455,35.291603],[135.820267,35.292253],[135.820292,35.292619],[135.820567,35.293402],[135.820517,35.294219],[135.820617,35.294444],[135.820867,35.294577],[135.821255,35.294619],[135.821305,35.294669],[135.821367,35.295502],[135.821342,35.295994],[135.821367,35.296535],[135.821417,35.296719],[135.821367,35.297077],[135.82118,35.297369],[135.82068,35.297885],[135.820242,35.298269],[135.819992,35.298677],[135.819855,35.299194],[135.819442,35.299494],[135.81898,35.299735],[135.818342,35.299852],[135.816892,35.299918],[135.816342,35.300102],[135.81568,35.300643],[135.815292,35.300843],[135.815055,35.301027],[135.814967,35.301227],[135.81513,35.301518],[135.81538,35.301727],[135.81563,35.302043],[135.815655,35.302335],[135.81563,35.302602],[135.815705,35.302893],[135.815742,35.30326],[135.815542,35.303685],[135.815405,35.30416],[135.814967,35.305918],[135.814642,35.306818],[135.814505,35.307001],[135.814367,35.307068],[135.813293,35.307401],[135.811818,35.307926],[135.811543,35.308059],[135.810743,35.308284],[135.81038,35.308759],[135.810193,35.309117],[135.810193,35.309409],[135.810443,35.309526],[135.810743,35.309617],[135.811093,35.309792],[135.811318,35.310067],[135.81143,35.310717],[135.811455,35.311775],[135.811243,35.3125],[135.81118,35.3129],[135.811268,35.313492],[135.81113,35.313875],[135.810718,35.314192],[135.810493,35.314434],[135.81053,35.314575],[135.810418,35.315],[135.810055,35.315117],[135.809293,35.3152],[135.809368,35.316108],[135.809268,35.316508],[135.809018,35.316783],[135.808493,35.316917],[135.807418,35.31705],[135.806931,35.317008],[135.805831,35.316833],[135.804643,35.317125],[135.804043,35.317217],[135.803356,35.317375],[135.802856,35.317691],[135.801731,35.31825],[135.801368,35.318525],[135.800793,35.318816],[135.799306,35.319266],[135.798544,35.319566],[135.797906,35.319966],[135.797381,35.320399],[135.796894,35.320666],[135.796344,35.320916],[135.795406,35.321124],[135.795219,35.321208],[135.795194,35.321458],[135.795081,35.321841],[135.794994,35.321958],[135.794169,35.322383],[135.792956,35.322882],[135.792269,35.322974],[135.791582,35.323149],[135.791119,35.323516],[135.790907,35.323832],[135.790844,35.325182],[135.790706,35.325632],[135.790381,35.32624],[135.790381,35.326557],[135.790456,35.326965],[135.790431,35.32714],[135.790244,35.327665],[135.790131,35.32809],[135.789856,35.328382],[135.788894,35.328674],[135.788344,35.328923],[135.787744,35.329332],[135.786919,35.32999],[135.786532,35.330232],[135.786144,35.330348],[135.785819,35.330507],[135.785794,35.330798],[135.785932,35.331182],[135.785869,35.33154],[135.785757,35.331656],[135.784907,35.33204],[135.784744,35.332331],[135.784582,35.332756],[135.784307,35.333215],[135.784194,35.333523],[135.784007,35.334365],[135.783707,35.334831],[135.783257,35.335306],[135.782269,35.336231],[135.782182,35.336523],[135.782207,35.336673],[135.782482,35.337714],[135.782482,35.338164],[135.782432,35.338631],[135.781819,35.339581],[135.781407,35.339939],[135.780782,35.340572],[135.780557,35.340572],[135.779932,35.340255],[135.779682,35.340097],[135.779244,35.339947],[135.778807,35.340014],[135.778444,35.340347],[135.778282,35.340755],[135.778194,35.340872],[135.777869,35.341139],[135.775695,35.342114],[135.775032,35.342497],[135.77432,35.342788],[135.773695,35.342947],[135.772982,35.342897],[135.77237,35.342988],[135.771795,35.343305],[135.771195,35.343513],[135.770782,35.34353],[135.770395,35.343447],[135.769845,35.343447],[135.768995,35.343913],[135.768495,35.343938],[135.767733,35.343922],[135.766745,35.34408],[135.765858,35.34408],[135.765033,35.344146],[135.764708,35.344238],[135.764083,35.344488],[135.76377,35.345046],[135.76372,35.345455],[135.763945,35.346288],[135.76427,35.346854],[135.764658,35.347321],[135.76507,35.347704],[135.76572,35.348179],[135.766195,35.348629],[135.766108,35.349038],[135.76592,35.349438],[135.765895,35.349938],[135.766083,35.350296],[135.766583,35.350571],[135.76707,35.350746],[135.76737,35.351287],[135.767545,35.351962],[135.767595,35.353046],[135.767645,35.353179],[135.768445,35.353312],[135.769057,35.353496],[135.76947,35.353829],[135.769682,35.354371],[135.769545,35.355204],[135.769195,35.355679],[135.768782,35.35602],[135.76927,35.35742],[135.769707,35.359128],[135.769932,35.359853],[135.770257,35.360237],[135.771082,35.360928],[135.77177,35.361403],[135.772157,35.362036],[135.772432,35.362303],[135.772632,35.362436],[135.773594,35.363336],[135.773807,35.363969],[135.773832,35.364553],[135.773919,35.364694],[135.774632,35.365319],[135.775732,35.365369],[135.776444,35.365478],[135.777406,35.365794],[135.777544,35.365886],[135.777769,35.366244],[135.777744,35.366894],[135.778644,35.368361],[135.779119,35.369394],[135.779331,35.37086],[135.779744,35.371985],[135.779144,35.372527],[135.778844,35.373068],[135.778869,35.373227],[135.779056,35.373502],[135.779531,35.373768],[135.780519,35.37426],[135.782031,35.374777],[135.782831,35.375301],[135.783218,35.375768],[135.783568,35.376285],[135.783931,35.376968],[135.784256,35.377326],[135.784693,35.377418],[135.785243,35.377301],[135.785931,35.37746],[135.786618,35.377776],[135.78728,35.377951],[135.78863,35.378243],[135.790055,35.378401],[135.790605,35.378743],[135.791018,35.379301],[135.791793,35.380809],[135.79198,35.381417],[135.791955,35.381551],[135.79193,35.381551],[135.791655,35.382076],[135.79078,35.383809],[135.790643,35.384259],[135.790718,35.3848],[135.790718,35.385367],[135.79083,35.386625],[135.79108,35.386742],[135.79268,35.38705],[135.793417,35.387325],[135.793742,35.387392],[135.794842,35.387475],[135.795692,35.387317],[135.796742,35.386933],[135.797455,35.386575],[135.798117,35.386142],[135.798642,35.38565],[135.799154,35.384884],[135.799567,35.384884],[135.800154,35.385042],[135.800367,35.385058],[135.801492,35.384992],[135.802042,35.385108],[135.802629,35.385108],[135.803179,35.385017],[135.803529,35.3849],[135.804354,35.384542],[135.805092,35.384384],[135.805816,35.384542],[135.806466,35.384767],[135.806966,35.384967],[135.807429,35.385258],[135.807541,35.385458],[135.807816,35.3862],[135.807816,35.386742],[135.808016,35.387283],[135.808566,35.387866],[135.808754,35.388325],[135.808891,35.388775],[135.809029,35.389425],[135.809304,35.390058],[135.810053,35.391358],[135.810053,35.391566],[135.809891,35.391924],[135.808979,35.392441],[135.808479,35.392966],[135.808316,35.393207],[135.808079,35.393799],[135.808016,35.394382],[135.808129,35.395149],[135.808316,35.395824],[135.809066,35.397449],[135.809366,35.397874],[135.809591,35.398299],[135.809566,35.398749],[135.809391,35.39929],[135.809503,35.399699],[135.809891,35.400082],[135.810091,35.400465],[135.810028,35.401182],[135.810166,35.401615],[135.810341,35.402557],[135.810553,35.403082],[135.810478,35.403865],[135.810391,35.404157],[135.810366,35.404815],[135.81044,35.405332],[135.81064,35.406098],[135.810665,35.407565],[135.810615,35.408081],[135.81064,35.408915],[135.810753,35.409365],[135.811003,35.409881],[135.81139,35.410489],[135.812328,35.411639],[135.813015,35.412723],[135.813528,35.413189],[135.813778,35.413256],[135.814628,35.413031],[135.815427,35.413123],[135.816065,35.412848],[135.816777,35.412673],[135.818015,35.412689],[135.818927,35.412581],[135.819527,35.412623],[135.820577,35.412939],[135.82189,35.413548],[135.822602,35.413789],[135.824565,35.414739],[135.82509,35.414647],[135.82574,35.414331],[135.826077,35.414414],[135.826602,35.414622],[135.827014,35.414597],[135.827177,35.414556],[135.827752,35.414306],[135.828327,35.413898],[135.829127,35.413556],[135.830064,35.413264],[135.831164,35.412748],[135.831627,35.412406],[135.831927,35.412248],[135.832639,35.412448],[135.833277,35.412273],[135.833777,35.412064],[135.835889,35.411998],[135.836214,35.412023],[135.836852,35.412223],[135.837214,35.412648],[135.837564,35.413456],[135.837864,35.413797],[135.838364,35.414206],[135.838802,35.414339],[135.839051,35.414356],[135.839601,35.414131],[135.840539,35.413456],[135.841389,35.413098],[135.842189,35.413023],[135.842989,35.413073],[135.843589,35.413139],[135.843951,35.413073],[135.844276,35.412914],[135.844964,35.412281],[135.845426,35.411939],[135.846201,35.411223],[135.846414,35.411239],[135.846939,35.411381],[135.847076,35.411373],[135.847464,35.411306],[135.847901,35.411064],[135.848401,35.411039],[135.848789,35.410973],[135.849201,35.410814],[135.849638,35.410589],[135.850463,35.410514],[135.851151,35.410581],[135.851676,35.410581],[135.852251,35.410539],[135.852526,35.410631],[135.852826,35.410923],[135.853151,35.411531],[135.853288,35.411506],[135.854363,35.410556],[135.855438,35.409406],[135.8556,35.409023],[135.855625,35.408756],[135.855488,35.407565],[135.855263,35.406998],[135.854713,35.406415],[135.854575,35.406032],[135.854825,35.405215],[135.854988,35.404382],[135.855013,35.40384],[135.85515,35.403257],[135.855063,35.402874],[135.854463,35.40229],[135.854275,35.401841],[135.854275,35.401366],[135.8544,35.400782],[135.854788,35.400399],[135.856,35.399766],[135.856088,35.399699],[135.85635,35.399291],[135.85655,35.398591],[135.8569,35.398008],[135.857925,35.397174],[135.858062,35.397108],[135.85855,35.397016],[135.859187,35.396858],[135.8597,35.396449],[135.860175,35.395483],[135.860637,35.395141],[135.861275,35.394983],[135.861925,35.395033],[135.862787,35.395141],[135.862975,35.395116],[135.863499,35.394983],[135.864162,35.394641],[135.864787,35.394416],[135.865287,35.394483],[135.865724,35.3946],[135.866437,35.394683],[135.867187,35.394708],[135.867674,35.394825],[135.868062,35.395116],[135.868287,35.395475],[135.868662,35.395766],[135.869461,35.395966],[135.870174,35.396033],[135.871361,35.395966],[135.871636,35.396033],[135.871861,35.396325],[135.872136,35.396841],[135.872158,35.396881],[135.872549,35.396966],[135.872649,35.396966],[135.873174,35.397075],[135.874111,35.397116],[135.874199,35.397091],[135.874886,35.3972],[135.875323,35.397375],[135.875773,35.397666],[135.876686,35.398558],[135.877323,35.398958],[135.877936,35.399274],[135.878511,35.399408],[135.879398,35.399733],[135.880148,35.400491],[135.880586,35.400716],[135.882435,35.400749],[135.882935,35.401108],[135.883235,35.401441],[135.883648,35.401624],[135.884285,35.401708],[135.884785,35.401949],[135.885223,35.402216],[135.885923,35.402508],[135.886935,35.402774],[135.88776,35.402924],[135.888785,35.402983],[135.889722,35.402958],[135.890272,35.403091],[135.890635,35.403133],[135.890772,35.403782],[135.890972,35.404274],[135.892122,35.406382],[135.89231,35.406824],[135.892372,35.40739],[135.892347,35.407949],[135.892885,35.409582],[135.893372,35.410574],[135.893372,35.41124],[135.893247,35.412048],[135.893697,35.41369],[135.893785,35.414206],[135.893822,35.414673],[135.893772,35.415415],[135.893635,35.416223],[135.893572,35.417281],[135.893485,35.417839],[135.893497,35.418356],[135.893035,35.419598],[135.893022,35.419848],[135.89296,35.419856],[135.89336,35.420222],[135.893685,35.420339],[135.893885,35.420456],[135.894172,35.420814],[135.894597,35.421497],[135.895022,35.421722],[135.896022,35.421914],[135.896172,35.422114],[135.896285,35.422456],[135.896485,35.422814],[135.896785,35.423089],[135.897235,35.423247],[135.897709,35.423389],[135.897884,35.423639],[135.897909,35.423822],[135.898122,35.424389],[135.898797,35.424889],[135.899322,35.425072],[135.899722,35.425139],[135.899997,35.425455],[135.900272,35.425705],[135.901022,35.425872],[135.901234,35.42653],[135.901409,35.427205],[135.901872,35.428405],[135.902209,35.429013],[135.902759,35.429522],[135.903234,35.429655],[135.904134,35.429572],[135.904409,35.429622],[135.905834,35.43008],[135.906334,35.430063],[135.906821,35.429972],[135.907296,35.42973],[135.907796,35.429555],[135.908496,35.429605],[135.908896,35.429814],[135.909621,35.430064],[135.911471,35.430347],[135.912071,35.430514],[135.912695,35.430855],[135.91342,35.431355],[135.913783,35.431789],[135.914108,35.432214],[135.914795,35.434338],[135.914833,35.435022],[135.914783,35.43538],[135.91462,35.435805],[135.91437,35.437005],[135.914558,35.43743],[135.914583,35.437746],[135.914433,35.438288],[135.914045,35.438805],[135.913545,35.439205],[135.912883,35.440013],[135.912533,35.440504],[135.91227,35.441088],[135.912345,35.441679],[135.912908,35.442696],[135.913133,35.443171],[135.91307,35.444121],[135.913083,35.444954],[135.913033,35.445229],[135.912758,35.445521],[135.912208,35.445671],[135.911383,35.445662],[135.910908,35.445596],[135.910396,35.445704],[135.910296,35.446037],[135.909921,35.446512],[135.909733,35.446829],[135.909733,35.447162],[135.909958,35.44757],[135.910458,35.447804],[135.911908,35.448329],[135.912495,35.448854],[135.912995,35.449487],[135.91382,35.45037],[135.914083,35.450854],[135.914383,35.45157],[135.914595,35.452478],[135.914508,35.453603],[135.914683,35.454237],[135.91527,35.45517],[135.915395,35.455553],[135.91547,35.456045],[135.915332,35.45657],[135.914845,35.457845],[135.914795,35.458478],[135.914858,35.459136],[135.914982,35.459586],[135.91567,35.460853],[135.915895,35.461486],[135.916157,35.462886],[135.916195,35.463586],[135.91617,35.464111],[135.916607,35.464969],[135.916807,35.465552],[135.916832,35.465802],[135.91717,35.466685],[135.917307,35.46741],[135.917257,35.468019],[135.91702,35.46896],[135.916695,35.469593],[135.916307,35.470135],[135.915982,35.47051],[135.915907,35.470877],[135.915957,35.471052],[135.91612,35.471143],[135.916607,35.471193],[135.916895,35.471327],[135.91727,35.47156],[135.91752,35.471993],[135.917907,35.47296],[135.917882,35.47346],[135.918057,35.473818],[135.918382,35.474001],[135.918882,35.474168],[135.919157,35.474393],[135.919645,35.475118],[135.919695,35.475159],[135.920045,35.475276],[135.920619,35.475601],[135.921619,35.475676],[135.921844,35.475851],[135.921869,35.476101],[135.921682,35.476801],[135.921607,35.477384],[135.921644,35.477976],[135.921819,35.478267],[135.922119,35.478609],[135.922369,35.478967],[135.922557,35.479584],[135.922807,35.480192],[135.923082,35.480692],[135.923107,35.480667],[135.923482,35.481009],[135.923769,35.481417],[135.923844,35.481642],[135.923719,35.482],[135.923307,35.48245],[135.923107,35.482767],[135.923057,35.483242],[135.923094,35.48385],[135.923044,35.48455],[135.922382,35.485875],[135.922432,35.486058],[135.923257,35.486467],[135.923669,35.486742],[135.923869,35.487258],[135.923919,35.48755],[135.924157,35.488116],[135.924282,35.488958],[135.924482,35.489475],[135.924819,35.489816],[135.924994,35.489883],[135.925619,35.490025],[135.927094,35.490258],[135.927531,35.49035],[135.927769,35.490533],[135.927919,35.490833],[135.928669,35.491758],[135.929019,35.491808],[135.929444,35.491716],[135.930118,35.491841],[135.930193,35.491841],[135.930168,35.492083],[135.930193,35.492449],[135.930356,35.492874],[135.930431,35.493758],[135.930793,35.494141],[135.931418,35.495024],[135.931468,35.495499],[135.931531,35.495641],[135.931806,35.496632],[135.931818,35.497149],[135.931768,35.497491],[135.931793,35.497716],[135.932581,35.498982],[135.932956,35.499774],[135.933143,35.500365],[135.933118,35.50079],[135.933131,35.50149],[135.933181,35.501873],[135.933481,35.502282],[135.933856,35.502598],[135.934331,35.503173],[135.934831,35.503415],[135.935243,35.503665],[135.935468,35.503848],[135.93543,35.504565],[135.93568,35.50549],[135.935793,35.506056],[135.93653,35.507564],[135.936843,35.508822],[135.93698,35.509272],[135.937255,35.509614],[135.937468,35.509972],[135.93758,35.510331],[135.93758,35.510464],[135.937418,35.511006],[135.93753,35.511097],[135.93788,35.511189],[135.93778,35.512247],[135.93783,35.512764],[135.937805,35.512947],[135.93783,35.513197],[135.93778,35.51353],[135.937555,35.513822],[135.937505,35.513964],[135.93753,35.514122],[135.93778,35.51488],[135.937968,35.515222],[135.938142,35.516147],[135.938555,35.51653],[135.93888,35.517113],[135.938967,35.517613],[135.938767,35.518063],[135.938692,35.518396],[135.93883,35.51898],[135.939155,35.519863],[135.939455,35.520338],[135.939542,35.520379],[135.940092,35.520354],[135.940592,35.520263],[135.940855,35.520354],[135.941105,35.520604],[135.941405,35.520738],[135.94218,35.520804],[135.942455,35.521004],[135.942729,35.521029],[135.943167,35.521146],[135.943467,35.521188],[135.943942,35.521163],[135.944567,35.521229],[135.945229,35.521054],[135.945779,35.521138],[135.946104,35.521138],[135.946467,35.520963],[135.946854,35.520646],[135.947067,35.520396],[135.947616,35.519654],[135.948216,35.51848],[135.948741,35.517155],[135.948854,35.516696],[135.949291,35.516363],[135.950029,35.515597],[135.950554,35.514672],[135.950604,35.514222],[135.950804,35.513705],[135.951354,35.512489],[135.951654,35.511964],[135.951891,35.511064],[135.951866,35.510414],[135.951891,35.510006],[135.952116,35.509597],[135.952229,35.509198],[135.952029,35.508448],[135.951866,35.507956],[135.951779,35.507481],[135.951941,35.506939],[135.952391,35.506223],[135.952828,35.505998],[135.953428,35.50584],[135.953816,35.505681],[135.954441,35.505565],[135.954991,35.505615],[135.955578,35.505765],[135.956041,35.50579],[135.956478,35.505923],[135.956866,35.505973],[135.957441,35.505898],[135.957828,35.505673],[135.958515,35.504798],[135.958703,35.504365],[135.958978,35.504032],[135.959965,35.503215],[135.960053,35.503173],[135.96039,35.50269],[135.960678,35.502065],[135.961078,35.501907],[135.961478,35.501865],[135.961653,35.501824],[135.961903,35.50164],[135.96224,35.501349],[135.962715,35.501132],[135.96364,35.501449],[135.96374,35.501449],[135.96434,35.501682],[135.964715,35.501865],[135.965302,35.502432],[135.965777,35.50259],[135.966877,35.502874],[135.967565,35.50274],[135.967965,35.50254],[135.968364,35.502407],[135.968689,35.502365],[135.968839,35.502324],[135.969089,35.502099],[135.969627,35.501332],[135.969952,35.50104],[135.970339,35.500957],[135.971314,35.500824],[135.971689,35.500516],[135.972377,35.500157],[135.972677,35.499124],[135.972864,35.498582],[135.973139,35.498199],[135.973639,35.497891],[135.974101,35.497691],[135.974426,35.497491],[135.975214,35.495891],[135.975601,35.495241],[135.975826,35.49495],[135.975876,35.494766],[135.975939,35.494183],[135.976214,35.493691],[135.977301,35.492792],[135.978138,35.491783],[135.978713,35.490933],[135.979001,35.490392],[135.979151,35.489675],[135.979138,35.488842],[135.979213,35.488567],[135.979488,35.488342],[135.979901,35.488192],[135.980151,35.487942],[135.980663,35.486817],[135.980913,35.486551],[135.981313,35.486576],[135.981838,35.486759],[135.982338,35.487076],[135.983425,35.488075],[135.98455,35.489167],[135.9855,35.489675],[135.9865,35.490109],[135.986937,35.4904],[135.987412,35.491125],[135.988237,35.4919],[135.98925,35.492517],[135.989775,35.4927],[135.990349,35.492658],[135.991037,35.492533],[135.991662,35.492267],[135.992212,35.492],[135.992824,35.491775],[135.993424,35.491642],[135.994324,35.491609],[135.994999,35.491725],[135.995524,35.49195],[135.996599,35.492617],[135.996649,35.492617],[135.996774,35.49255],[135.997049,35.492325],[135.997149,35.492165],[135.997236,35.492042],[135.997511,35.491575],[135.997711,35.49135],[135.998623,35.4915],[135.998923,35.491592],[135.999861,35.49165],[136.000448,35.491567],[136.000998,35.491667],[136.001623,35.49185],[136.002198,35.491884],[136.003173,35.491534],[136.003873,35.490951],[136.004048,35.490934],[136.005448,35.491426],[136.006235,35.491592],[136.006685,35.491734],[136.006922,35.4921],[136.006997,35.492484],[136.00701,35.493275],[136.007285,35.493442],[136.008222,35.493592],[136.008772,35.493775],[136.009447,35.4946],[136.010035,35.495217],[136.010447,35.495742],[136.010834,35.496608],[136.011547,35.497433],[136.011597,35.497775],[136.011447,35.498242],[136.011159,35.49865],[136.010672,35.499641],[136.010835,35.499958],[136.011647,35.500491],[136.011722,35.500916],[136.011722,35.501441],[136.011809,35.502099],[136.011747,35.502908],[136.012047,35.503174],[136.012097,35.503183],[136.012234,35.503366],[136.012372,35.503658],[136.012072,35.503974],[136.011747,35.504516],[136.011722,35.504757],[136.011935,35.505324],[136.012509,35.506041],[136.012922,35.506674],[136.013372,35.507532],[136.013784,35.507915],[136.014297,35.50814],[136.014797,35.508499],[136.015184,35.508999],[136.015672,35.510257],[136.015734,35.510773],[136.015209,35.511407],[136.015147,35.511515],[136.015234,35.511815],[136.015559,35.512123],[136.016034,35.512265],[136.016997,35.512348],[136.017784,35.512373],[136.018509,35.512215],[136.019059,35.511965],[136.019709,35.511807],[136.020159,35.511898],[136.020396,35.512307],[136.020784,35.513315],[136.021171,35.514131],[136.021834,35.515456],[136.022434,35.516873],[136.023034,35.518164],[136.023171,35.518906],[136.023209,35.519539],[136.023371,35.520056],[136.023809,35.520347],[136.024821,35.520889],[136.025321,35.521289],[136.025846,35.521539],[136.027058,35.521831],[136.027383,35.522147],[136.027846,35.52273],[136.028433,35.52318],[136.028621,35.523747],[136.028346,35.52408],[136.027771,35.524514],[136.027521,35.524605],[136.027196,35.524847],[136.027196,35.524922],[136.027433,35.525455],[136.027658,35.526138],[136.027633,35.526272],[136.027158,35.526405],[136.026483,35.52668],[136.026171,35.526905],[136.026096,35.52753],[136.026446,35.528863],[136.026446,35.52958],[136.027908,35.529088],[136.029283,35.52933],[136.029833,35.529396],[136.030246,35.529621],[136.030795,35.529805],[136.030845,35.52978],[136.03272,35.530121],[136.033483,35.530163],[136.03662,35.530721],[136.037195,35.530905],[136.037632,35.531196],[136.038207,35.531463],[136.039282,35.531621],[136.039894,35.532005],[136.040494,35.532321],[136.040882,35.532455],[136.041182,35.532363],[136.041682,35.531513],[136.041869,35.531105],[136.042169,35.530971],[136.042719,35.530896],[136.044256,35.530921],[136.044894,35.530763],[136.045381,35.530763],[136.045856,35.530555],[136.046206,35.530222],[136.046269,35.530197],[136.046344,35.53033],[136.046544,35.530922],[136.046644,35.531505],[136.046619,35.532088],[136.046819,35.532471],[136.047206,35.53308],[136.047506,35.533738],[136.048056,35.534571],[136.048331,35.534771],[136.048819,35.534746],[136.049406,35.534571],[136.050143,35.534496],[136.050881,35.534479],[136.051456,35.534388],[136.052206,35.533979],[136.052781,35.53373],[136.053106,35.53348],[136.053443,35.533321],[136.05393,35.533321],[136.05443,35.533571],[136.054893,35.53373],[136.055393,35.533705],[136.055918,35.533638],[136.05613,35.533255],[136.056493,35.532913],[136.057068,35.532738],[136.057418,35.532488],[136.057555,35.532238],[136.058142,35.532055],[136.058717,35.532055],[136.059092,35.532196],[136.059567,35.532238],[136.060167,35.532055],[136.060692,35.531855],[136.060967,35.531513],[136.061192,35.531022],[136.061354,35.530413],[136.061429,35.53023],[136.061729,35.529039],[136.061954,35.528539],[136.062067,35.52843],[136.062367,35.528222],[136.062917,35.528155],[136.063167,35.528205],[136.063767,35.52818],[136.064679,35.528064],[136.065004,35.52818],[136.065279,35.528355],[136.065466,35.528022],[136.066079,35.527389],[136.066566,35.527006],[136.067041,35.526797],[136.067641,35.526639],[136.067941,35.526531],[136.068516,35.526372],[136.069566,35.526322],[136.070253,35.526572],[136.071291,35.527181],[136.071928,35.527656],[136.072178,35.527972],[136.072341,35.528397],[136.07284,35.52903],[136.074078,35.529747],[136.074515,35.529855],[136.074928,35.529814],[136.07534,35.529905],[136.076103,35.530289],[136.076815,35.530514],[136.07709,35.530647],[136.07754,35.531297],[136.07759,35.531747],[136.077427,35.532222],[136.07724,35.53263],[136.077102,35.53378],[136.076827,35.534405],[136.077127,35.534721],[136.077627,35.535063],[136.078115,35.535238],[136.079327,35.535513],[136.07969,35.535846],[136.079877,35.53643],[136.079965,35.536996],[136.080314,35.538171],[136.080652,35.539046],[136.081277,35.539204],[136.081452,35.539363],[136.081614,35.539879],[136.081777,35.540129],[136.082164,35.540371],[136.082739,35.540554],[136.083452,35.540396],[136.084339,35.540037],[136.085564,35.539696],[136.086801,35.539179],[136.087439,35.539038],[136.088539,35.538946],[136.088926,35.538638],[136.089438,35.538113],[136.090076,35.537755],[136.090788,35.53748],[136.091451,35.537396],[136.092113,35.537463],[136.092713,35.537571],[136.093288,35.537505],[136.093813,35.537071],[136.0945,35.536038],[136.094988,35.535538],[136.0962,35.534772],[136.097488,35.533897],[136.097963,35.53383],[136.098587,35.534005],[136.099137,35.534097],[136.099462,35.53398],[136.09985,35.533647],[136.099987,35.533355],[136.100187,35.532539],[136.100425,35.532114],[136.100787,35.532072],[136.101137,35.53193],[136.101825,35.531389],[136.10295,35.530739],[136.103537,35.53053],[136.103974,35.530305],[136.104349,35.529747],[136.105149,35.528772],[136.105312,35.528731],[136.105424,35.528772],[136.105699,35.528889],[136.106274,35.528956],[136.106524,35.529247],[136.107099,35.530347],[136.107187,35.530647],[136.106662,35.531814],[136.106474,35.532039],[136.106387,35.532089],[136.106087,35.532805],[136.106149,35.533372],[136.106262,35.533822],[136.106399,35.534222],[136.106724,35.534655],[136.106749,35.535513],[136.106586,35.53598],[136.106124,35.536705],[136.105987,35.537063],[136.106099,35.537496],[136.106074,35.53783],[136.105874,35.538121],[136.106011,35.538571],[136.106536,35.538979],[136.107011,35.539271],[136.107911,35.540079],[136.108186,35.541121],[136.108636,35.541996],[136.108874,35.542221],[136.109074,35.542512],[136.109099,35.542629],[136.108961,35.543121],[136.109298,35.543687],[136.109298,35.543954],[136.109211,35.544295],[136.109411,35.544904],[136.109298,35.545445],[136.108998,35.545829],[136.108086,35.546504],[136.107924,35.546862],[136.107924,35.547287],[136.108061,35.547895],[136.108198,35.548262],[136.108498,35.548595],[136.108886,35.549362],[136.109023,35.549836],[136.108786,35.54997],[136.108673,35.549995],[136.108473,35.55017],[136.108398,35.550736],[136.108236,35.551186],[136.107873,35.551636],[136.107323,35.552561],[136.106911,35.553128],[136.106449,35.553394],[136.106224,35.553711],[136.106099,35.554161],[136.105874,35.554727],[136.105349,35.555519],[136.105574,35.555786],[136.105824,35.555944],[136.106149,35.556211],[136.106399,35.556569],[136.106724,35.556952],[136.107361,35.557294],[136.107498,35.557477],[136.107998,35.557652],[136.108686,35.557785],[136.108786,35.55801],[136.108686,35.558527],[136.108686,35.558935],[136.108848,35.559185],[136.109423,35.559294],[136.109923,35.559319],[136.110111,35.559385],[136.110386,35.559744],[136.110523,35.56006],[136.110361,35.56051],[136.110311,35.561027],[136.110448,35.561318],[136.110498,35.562652],[136.110636,35.563126],[136.110748,35.563351],[136.109961,35.564701],[136.109736,35.565243],[136.109623,35.565693],[136.108973,35.567026],[136.108723,35.567384],[136.108311,35.567768],[136.107986,35.568176],[136.107898,35.568401],[136.108011,35.568576],[136.108373,35.568867],[136.108948,35.569117],[136.109661,35.569159],[136.109986,35.569301],[136.110186,35.569659],[136.110436,35.570309],[136.110685,35.570559],[136.110985,35.570967],[136.111448,35.572042],[136.111148,35.572992],[136.111723,35.573242],[136.112273,35.573325],[136.112585,35.57355],[136.112773,35.5738],[136.11291,35.574092],[136.112723,35.574433],[136.112723,35.574833],[136.112798,35.575217],[136.112635,35.575508],[136.112335,35.57565],[136.112085,35.576841],[136.112098,35.577316],[136.112173,35.577791],[136.112123,35.578575],[136.112398,35.579316],[136.11226,35.579658],[136.112148,35.580108],[136.112185,35.580266],[136.112648,35.581074],[136.113035,35.582157],[136.11336,35.582607],[136.113585,35.582807],[136.114085,35.583016],[136.114572,35.583057],[136.115397,35.582991],[136.116697,35.582016],[136.116997,35.581566],[136.11721,35.581091],[136.117322,35.580666],[136.11721,35.580258],[136.116885,35.579875],[136.11661,35.57945],[136.116572,35.579091],[136.117147,35.5783],[136.118084,35.577467],[136.119097,35.5769],[136.119409,35.576858],[136.119959,35.576858],[136.120259,35.576742],[136.120584,35.576475],[136.120947,35.576292],[136.121247,35.576225],[136.121709,35.57625],[136.121846,35.576225],[136.121884,35.57625],[136.122137,35.576181],[136.123021,35.576275],[136.123434,35.576275],[136.123959,35.576125],[136.124371,35.576125],[136.124921,35.576075],[136.125584,35.575875],[136.126308,35.575542],[136.126496,35.575517],[136.127183,35.575634],[136.127846,35.575834],[136.128458,35.575675],[136.128921,35.57545],[136.129121,35.575409],[136.129833,35.575342],[136.131433,35.5748],[136.132095,35.574717],[136.132345,35.574625],[136.132783,35.5746],[136.13372,35.574825],[136.134333,35.575075],[136.13502,35.575434],[136.135357,35.575659],[136.13577,35.575842],[136.136257,35.575825],[136.137395,35.575309],[136.138332,35.575625],[136.138582,35.575667],[136.139107,35.575601],[136.13947,35.575334],[136.139857,35.574951],[136.14052,35.574609],[136.141945,35.573784],[136.142394,35.573034],[136.142557,35.572251],[136.142869,35.571868],[136.143032,35.571484],[136.143419,35.571126],[136.143857,35.571018],[136.144357,35.570835],[136.144657,35.570635],[136.145044,35.570543],[136.145544,35.570543],[136.146094,35.57066],[136.146482,35.570901],[136.147082,35.571876],[136.147219,35.572009],[136.147532,35.572118],[136.147994,35.572034],[136.148544,35.571651],[136.149107,35.571376],[136.149481,35.571385],[136.149706,35.571718],[136.149819,35.572351],[136.150069,35.572801],[136.150281,35.572909],[136.150919,35.572893],[136.152744,35.572601],[136.153869,35.572443],[136.154119,35.57231],[136.154206,35.572043],[136.154394,35.571743],[136.154844,35.571543],[136.155369,35.571476],[136.155719,35.571568],[136.156606,35.571476],[136.157106,35.571276],[136.157518,35.571251],[136.158043,35.571393],[136.158731,35.571685],[136.159418,35.571868],[136.160243,35.571843],[136.161181,35.571576],[136.162481,35.571468],[136.163305,35.57106],[136.16353,35.570635],[136.163893,35.56951],[136.164443,35.568835],[136.165743,35.566944],[136.16638,35.566202],[136.166605,35.565727],[136.166793,35.565435],[136.16688,35.565369],[136.167243,35.565302],[136.16768,35.565344],[136.167755,35.56541],[136.168093,35.565502],[136.168393,35.565485],[136.168805,35.565419],[136.169443,35.565685],[136.169805,35.565935],[136.169943,35.566227],[136.16988,35.56661],[136.169805,35.566769],[136.169605,35.566994],[136.16933,35.567418],[136.169168,35.567935],[136.169193,35.568052],[136.169493,35.568227],[136.16958,35.568368],[136.169693,35.568702],[136.16938,35.569652],[136.169468,35.569893],[136.170267,35.571043],[136.170317,35.571335],[136.169955,35.571651],[136.169705,35.572376],[136.16948,35.574268],[136.169517,35.574334],[136.169842,35.574601],[136.170642,35.575643],[136.170642,35.575751],[136.17048,35.576043],[136.170192,35.576384],[136.169592,35.576901],[136.169042,35.577284],[136.168517,35.577501],[136.168405,35.577643],[136.16793,35.578559],[136.167792,35.578767],[136.16768,35.579442],[136.167767,35.580026],[136.167705,35.580476],[136.16743,35.580859],[136.166955,35.581176],[136.166742,35.581442],[136.166405,35.582367],[136.16663,35.582792],[136.167117,35.583425],[136.167842,35.584234],[136.168167,35.58475],[136.169079,35.58545],[136.169817,35.585883],[136.170429,35.586375],[136.170654,35.5865],[136.171704,35.587558],[136.172354,35.5884],[136.172554,35.588775],[136.172566,35.589766],[136.172654,35.590216]]]},"properties":{"number":13,"name":"近江","yomi":"おうみ","id_url":"K21.html","id":"K21","pref":"滋賀県"},"type":"Feature"}]}