{"features":[{"type":"Feature","properties":{"yomi":"しもつけ","id_url":"K26.html","name":"下野","number":9,"id":"K26","pref":"栃木県"},"geometry":{"type":"Polygon","coordinates":[[[139.961243,37.153273],[139.96168,37.152415],[139.961768,37.152165],[139.961955,37.150949],[139.961881,37.150565],[139.962043,37.149599],[139.962206,37.149415],[139.962518,37.148941],[139.962906,37.148532],[139.963568,37.148491],[139.964131,37.148624],[139.964768,37.148624],[139.965718,37.148374],[139.967243,37.147791],[139.968168,37.148166],[139.969093,37.148483],[139.969593,37.148691],[139.969781,37.148708],[139.970206,37.148549],[139.971206,37.147741],[139.972181,37.147283],[139.972993,37.147108],[139.973818,37.147016],[139.975606,37.146875],[139.976218,37.1469],[139.977981,37.147033],[139.978893,37.146983],[139.979281,37.146875],[139.981318,37.146084],[139.982206,37.145676],[139.982955,37.145292],[139.983568,37.145017],[139.983705,37.145017],[139.984768,37.144659],[139.98563,37.144251],[139.986218,37.143893],[139.986743,37.143735],[139.98763,37.143551],[139.98833,37.143326],[139.988493,37.14321],[139.988718,37.143185],[139.989355,37.143052],[139.99023,37.142802],[139.990842,37.142735],[139.99128,37.142843],[139.99198,37.143135],[139.993205,37.143744],[139.99388,37.143769],[139.994105,37.143727],[139.994655,37.14386],[139.995217,37.143927],[139.995805,37.14386],[139.996604,37.143627],[139.998442,37.143186],[139.998992,37.142877],[139.999729,37.142644],[140.000517,37.142661],[140.000767,37.142636],[140.001504,37.142636],[140.002142,37.142611],[140.002442,37.142486],[140.003217,37.142244],[140.003954,37.141769],[140.004329,37.141578],[140.004604,37.141711],[140.005079,37.141794],[140.005666,37.141736],[140.006191,37.141861],[140.006866,37.141653],[140.008904,37.141844],[140.009541,37.141861],[140.010316,37.141786],[140.011791,37.141328],[140.012416,37.141003],[140.012816,37.140761],[140.013591,37.140436],[140.014503,37.139995],[140.014816,37.139895],[140.015453,37.139903],[140.016041,37.139836],[140.016678,37.139478],[140.016928,37.13947],[140.018516,37.139695],[140.018641,37.139778],[140.019041,37.140186],[140.019003,37.141145],[140.019128,37.14132],[140.01949,37.14157],[140.021303,37.14222],[140.021978,37.142653],[140.022715,37.14307],[140.023928,37.142936],[140.024428,37.142836],[140.025302,37.142211],[140.02559,37.141695],[140.026015,37.141478],[140.026252,37.140778],[140.026752,37.140103],[140.027177,37.139878],[140.028452,37.139553],[140.029165,37.139612],[140.030015,37.13937],[140.030664,37.139079],[140.031589,37.139129],[140.032002,37.139712],[140.032989,37.14012],[140.033627,37.139929],[140.034189,37.139887],[140.034564,37.139895],[140.035239,37.13957],[140.035876,37.139454],[140.036589,37.139421],[140.037589,37.139204],[140.038089,37.139354],[140.038514,37.139362],[140.038614,37.138954],[140.038926,37.138387],[140.040064,37.138012],[140.040651,37.137621],[140.041251,37.137354],[140.041876,37.137204],[140.042601,37.137071],[140.042926,37.137104],[140.044188,37.136546],[140.044913,37.136638],[140.045488,37.136663],[140.045738,37.136546],[140.046138,37.13613],[140.046363,37.135613],[140.046888,37.135363],[140.047563,37.134263],[140.048025,37.133763],[140.048463,37.13253],[140.04875,37.13188],[140.049175,37.131455],[140.04975,37.131164],[140.0503,37.130764],[140.050563,37.13068],[140.051213,37.13063],[140.051775,37.130397],[140.052275,37.129997],[140.05285,37.129889],[140.05295,37.129672],[140.053687,37.129197],[140.054262,37.128897],[140.054812,37.128806],[140.055275,37.128439],[140.05555,37.127706],[140.056212,37.127306],[140.056875,37.127181],[140.057,37.126681],[140.057237,37.126223],[140.05745,37.126106],[140.058024,37.126031],[140.058687,37.125906],[140.059187,37.12549],[140.059799,37.125481],[140.060387,37.125756],[140.061149,37.126514],[140.061724,37.126789],[140.062299,37.127206],[140.063236,37.127381],[140.063674,37.127148],[140.064111,37.126706],[140.064949,37.127339],[140.065199,37.127339],[140.065974,37.127073],[140.066549,37.12654],[140.067074,37.126265],[140.067849,37.126348],[140.068923,37.12659],[140.069736,37.126631],[140.070373,37.126281],[140.071023,37.12629],[140.071748,37.12619],[140.072336,37.12569],[140.073048,37.125473],[140.074098,37.125765],[140.07491,37.125523],[140.076023,37.125557],[140.076773,37.125457],[140.076973,37.125407],[140.077685,37.12504],[140.078073,37.124615],[140.07866,37.124415],[140.07936,37.124332],[140.07956,37.12424],[140.080047,37.123932],[140.081047,37.12389],[140.08171,37.123707],[140.081922,37.123674],[140.082597,37.123465],[140.083422,37.123007],[140.084084,37.122699],[140.084497,37.12274],[140.085434,37.122765],[140.086572,37.122415],[140.087259,37.122349],[140.087959,37.121982],[140.088922,37.121416],[140.089521,37.121599],[140.090434,37.121974],[140.091409,37.122324],[140.092371,37.123174],[140.092971,37.123782],[140.093596,37.12404],[140.093883,37.12364],[140.094421,37.12344],[140.095583,37.123965],[140.095896,37.12379],[140.096283,37.123749],[140.096458,37.123849],[140.097071,37.124124],[140.097608,37.124057],[140.097745,37.123866],[140.098158,37.123457],[140.099558,37.123441],[140.099708,37.123424],[140.10012,37.123266],[140.100233,37.123166],[140.10057,37.122541],[140.101683,37.121441],[140.10232,37.121091],[140.10337,37.120816],[140.104332,37.120699],[140.105045,37.120566],[140.105407,37.120141],[140.105545,37.119658],[140.106107,37.119441],[140.10712,37.119141],[140.107407,37.119008],[140.107757,37.118666],[140.107795,37.11795],[140.107957,37.117516],[140.108245,37.117083],[140.108695,37.116525],[140.108932,37.116416],[140.110132,37.116175],[140.110957,37.11545],[140.111682,37.114925],[140.112444,37.11445],[140.113119,37.113933],[140.113669,37.113184],[140.114157,37.112809],[140.115044,37.112342],[140.115781,37.112042],[140.116894,37.111934],[140.117669,37.111742],[140.118256,37.111376],[140.118556,37.110967],[140.118619,37.110817],[140.118656,37.110267],[140.118794,37.110051],[140.119381,37.109901],[140.120756,37.109776],[140.120956,37.109709],[140.121068,37.109492],[140.121206,37.108851],[140.121481,37.108634],[140.121631,37.108584],[140.121692,37.108622],[140.121756,37.108643],[140.122831,37.108168],[140.123318,37.108093],[140.124993,37.108018],[140.125593,37.107851],[140.126193,37.107326],[140.126443,37.106676],[140.126768,37.10611],[140.127255,37.105568],[140.127743,37.105143],[140.127893,37.10491],[140.127905,37.104351],[140.128218,37.103968],[140.128955,37.103643],[140.129368,37.103627],[140.130105,37.103718],[140.130668,37.103543],[140.13098,37.103243],[140.131593,37.103268],[140.13238,37.103385],[140.134055,37.103468],[140.134792,37.10361],[140.13528,37.103785],[140.135692,37.104118],[140.136355,37.105343],[140.136792,37.105935],[140.137042,37.10651],[140.13733,37.106593],[140.137667,37.106277],[140.13808,37.105818],[140.138879,37.105368],[140.139604,37.105068],[140.140267,37.104735],[140.140892,37.104044],[140.141317,37.103035],[140.141717,37.102627],[140.142879,37.101727],[140.143842,37.101211],[140.144567,37.100777],[140.145142,37.100336],[140.145329,37.100152],[140.146604,37.099386],[140.147204,37.098878],[140.148454,37.097644],[140.148679,37.097136],[140.148679,37.09702],[140.148479,37.096553],[140.148429,37.096261],[140.148779,37.096286],[140.149379,37.096078],[140.149891,37.095428],[140.150816,37.094387],[140.150754,37.094345],[140.150716,37.094345],[140.149379,37.093587],[140.149304,37.093512],[140.149292,37.09327],[140.149679,37.092504],[140.150366,37.092437],[140.150979,37.09227],[140.151716,37.092212],[140.152816,37.092037],[140.153754,37.091937],[140.154966,37.091479],[140.155729,37.091412],[140.155929,37.091437],[140.156079,37.091404],[140.156516,37.091196],[140.156741,37.090871],[140.157016,37.090287],[140.157491,37.089662],[140.157678,37.089287],[140.157553,37.088937],[140.157104,37.088596],[140.155641,37.087938],[140.155229,37.087638],[140.154754,37.087396],[140.153966,37.087163],[140.153591,37.086996],[140.153329,37.086788],[140.153079,37.086421],[140.153091,37.086138],[140.153216,37.085938],[140.153466,37.085721],[140.154454,37.085521],[140.154741,37.08523],[140.155029,37.084638],[140.155891,37.083821],[140.156116,37.083188],[140.156354,37.082788],[140.156604,37.082572],[140.157216,37.082355],[140.157429,37.08218],[140.157316,37.081772],[140.157379,37.081597],[140.158029,37.08108],[140.158866,37.080639],[140.160141,37.080105],[140.161041,37.07993],[140.162691,37.079797],[140.163128,37.079689],[140.163503,37.079455],[140.164078,37.079214],[140.164828,37.078797],[140.165903,37.078064],[140.166391,37.077514],[140.166828,37.076889],[140.167328,37.076498],[140.16789,37.076239],[140.168665,37.075664],[140.168803,37.075039],[140.168828,37.074473],[140.169003,37.073998],[140.16944,37.073448],[140.169715,37.073165],[140.17019,37.072906],[140.170728,37.07269],[140.171078,37.072348],[140.171328,37.071798],[140.171728,37.071315],[140.172778,37.070357],[140.173115,37.070373],[140.173478,37.070923],[140.173828,37.071548],[140.17399,37.071723],[140.17469,37.071598],[140.17494,37.071448],[140.175265,37.070998],[140.17604,37.070473],[140.176402,37.070048],[140.17759,37.069465],[140.177727,37.069174],[140.178177,37.069074],[140.178752,37.069257],[140.17954,37.069265],[140.179865,37.069207],[140.181052,37.068915],[140.181827,37.068957],[140.182627,37.068857],[140.183189,37.068924],[140.183989,37.069182],[140.184552,37.069274],[140.185189,37.068982],[140.185652,37.06869],[140.185777,37.06854],[140.186014,37.067699],[140.186139,37.067657],[140.186864,37.067599],[140.187027,37.067557],[140.187689,37.067274],[140.188514,37.066774],[140.189464,37.066457],[140.190352,37.066266],[140.190939,37.065691],[140.191114,37.065557],[140.192576,37.065699],[140.193089,37.065507],[140.193589,37.064799],[140.194001,37.064024],[140.194426,37.063633],[140.194751,37.063383],[140.194151,37.062408],[140.194302,37.061924],[140.194639,37.0615],[140.194677,37.061091],[140.194639,37.060466],[140.194502,37.060016],[140.194064,37.059633],[140.193602,37.059033],[140.193364,37.0583],[140.192902,37.058175],[140.192202,37.058175],[140.191602,37.057933],[140.191477,37.057567],[140.191239,37.057258],[140.190802,37.056967],[140.190627,37.056775],[140.191427,37.056067],[140.191639,37.055958],[140.192677,37.055892],[140.192839,37.05585],[140.193302,37.055467],[140.193664,37.054834],[140.194477,37.053017],[140.194639,37.052301],[140.194952,37.051659],[140.195227,37.051517],[140.195752,37.051584],[140.196114,37.051592],[140.196402,37.051134],[140.196602,37.050709],[140.197764,37.050584],[140.198164,37.050392],[140.198414,37.050001],[140.198439,37.049776],[140.198689,37.049351],[140.198714,37.048934],[140.199027,37.048543],[140.199677,37.047993],[140.199927,37.047551],[140.200052,37.046876],[140.200002,37.04621],[140.199864,37.045693],[140.199539,37.045151],[140.199477,37.044577],[140.199214,37.044102],[140.199202,37.04371],[140.199614,37.04331],[140.199764,37.042885],[140.199539,37.04226],[140.199039,37.041219],[140.199027,37.040602],[140.198877,37.039952],[140.198465,37.039227],[140.198402,37.038369],[140.19844,37.038261],[140.197065,37.037652],[140.19604,37.037052],[140.195652,37.036711],[140.195615,37.036377],[140.196402,37.035294],[140.19744,37.034886],[140.197615,37.034744],[140.198652,37.033611],[140.199265,37.03302],[140.19944,37.032795],[140.19924,37.03202],[140.199077,37.03177],[140.198865,37.031136],[140.199102,37.030437],[140.199415,37.029862],[140.199452,37.02947],[140.199302,37.028853],[140.199402,37.028187],[140.19989,37.027779],[140.200452,37.027395],[140.20144,37.026904],[140.201515,37.026762],[140.201527,37.026029],[140.201615,37.025554],[140.201752,37.025421],[140.20234,37.025254],[140.202727,37.024896],[140.202902,37.024221],[140.20324,37.023962],[140.204477,37.023912],[140.20524,37.023837],[140.205977,37.023904],[140.206764,37.023712],[140.207377,37.023154],[140.208039,37.022946],[140.208839,37.022929],[140.209014,37.022896],[140.209527,37.022629],[140.210152,37.021921],[140.210877,37.021429],[140.211189,37.021271],[140.211752,37.020505],[140.211864,37.020013],[140.212152,37.019855],[140.212902,37.019688],[140.213202,37.019655],[140.213952,37.019638],[140.214202,37.019655],[140.215052,37.019846],[140.215814,37.020171],[140.217114,37.02063],[140.217526,37.020771],[140.217614,37.020746],[140.217839,37.02058],[140.218026,37.020013],[140.218026,37.019322],[140.218114,37.019055],[140.219476,37.01858],[140.219864,37.01853],[140.220114,37.018663],[140.220201,37.019338],[140.220289,37.019597],[140.220376,37.019655],[140.221001,37.019722],[140.221589,37.019722],[140.221739,37.019813],[140.222251,37.02063],[140.223063,37.021713],[140.223013,37.02218],[140.223188,37.022696],[140.224051,37.023505],[140.224463,37.023746],[140.226713,37.023755],[140.227263,37.023971],[140.22775,37.024063],[140.22875,37.02393],[140.2291,37.023921],[140.229838,37.02403],[140.230588,37.024096],[140.23125,37.023796],[140.231888,37.023321],[140.232513,37.02308],[140.2337,37.023238],[140.234737,37.02343],[140.2355,37.023488],[140.23595,37.023563],[140.2361,37.023688],[140.236562,37.023871],[140.237125,37.024005],[140.237675,37.024046],[140.23835,37.02393],[140.238962,37.023772],[140.239762,37.023705],[140.240387,37.023605],[140.240662,37.023763],[140.241124,37.023863],[140.241962,37.023763],[140.242187,37.023822],[140.242724,37.024047],[140.243274,37.024313],[140.243474,37.024805],[140.243962,37.025305],[140.244387,37.02543],[140.245674,37.02548],[140.246099,37.025538],[140.246683,37.02566],[140.246949,37.02573],[140.247187,37.025763],[140.247461,37.025713],[140.247799,37.025738],[140.248845,37.025992],[140.249024,37.025946],[140.249449,37.02573],[140.249611,37.025563],[140.249961,37.025038],[140.249936,37.024813],[140.249724,37.02448],[140.249599,37.024163],[140.249486,37.023622],[140.249624,37.023197],[140.250324,37.022272],[140.250411,37.021964],[140.250311,37.021805],[140.250011,37.021605],[140.249749,37.021289],[140.249674,37.020839],[140.249736,37.020705],[140.249674,37.020222],[140.249762,37.019939],[140.249787,37.019439],[140.249199,37.018681],[140.249249,37.018464],[140.249787,37.017506],[140.249812,37.017198],[140.249712,37.016848],[140.249924,37.015964],[140.250199,37.015306],[140.250599,37.014798],[140.250937,37.014265],[140.250999,37.014073],[140.251249,37.013723],[140.251324,37.013498],[140.251124,37.012857],[140.251049,37.012315],[140.251099,37.011698],[140.251324,37.01084],[140.251562,37.010624],[140.252287,37.010382],[140.252187,37.010124],[140.251674,37.009332],[140.251587,37.008965],[140.251537,37.008949],[140.251524,37.008924],[140.251224,37.008882],[140.250899,37.00889],[140.249724,37.009199],[140.248912,37.009274],[140.248437,37.00934],[140.247687,37.009424],[140.246787,37.009365],[140.2467,37.009332],[140.246684,37.00937],[140.2463,37.00949],[140.246,37.009524],[140.245412,37.009757],[140.2451,37.009924],[140.244932,37.010017],[140.244867,37.010049],[140.244837,37.00999],[140.24495,37.009715],[140.2453,37.009207],[140.245437,37.008924],[140.245762,37.008532],[140.245787,37.008232],[140.245725,37.007824],[140.2457,37.006999],[140.245725,37.006599],[140.245875,37.006257],[140.245837,37.005907],[140.245975,37.005499],[140.245975,37.005257],[140.2459,37.005107],[140.245675,37.004874],[140.2455,37.004583],[140.245387,37.004208],[140.24515,37.003716],[140.244538,37.003249],[140.24445,37.003091],[140.244388,37.003083],[140.2443,37.002941],[140.244225,37.002641],[140.244213,37.002341],[140.244125,37.001983],[140.24395,37.0017],[140.243638,37.0014],[140.243263,37.001233],[140.242225,37.001091],[140.241888,37.000941],[140.2417,37.000733],[140.24125,37.000375],[140.241025,37.000366],[140.2407,37.000433],[140.24035,37.000466],[140.240225,37.0004],[140.240163,37.00015],[140.240226,36.9999],[140.240863,36.9985],[140.240851,36.998208],[140.240588,36.997675],[140.240601,36.997483],[140.240838,36.996983],[140.240763,36.996775],[140.240788,36.996525],[140.241013,36.9964],[140.241926,36.996367],[140.242426,36.996317],[140.242888,36.996167],[140.24335,36.995934],[140.2436,36.99565],[140.243775,36.995259],[140.24415,36.994667],[140.244513,36.993834],[140.2444,36.993384],[140.244351,36.993284],[140.243601,36.992701],[140.243476,36.992451],[140.243551,36.991967],[140.243776,36.991559],[140.244113,36.991234],[140.244638,36.990918],[140.245176,36.990551],[140.245751,36.989884],[140.246126,36.989709],[140.246376,36.989684],[140.246685,36.989723],[140.247375,36.98936],[140.247913,36.988993],[140.248413,36.988785],[140.24895,36.988518],[140.249038,36.988518],[140.2502,36.988801],[140.25025,36.988485],[140.25015,36.987535],[140.249925,36.986885],[140.250125,36.986543],[140.250513,36.986135],[140.250563,36.985893],[140.250075,36.984835],[140.25055,36.984718],[140.25095,36.98406],[140.250913,36.983519],[140.250738,36.983319],[140.249888,36.982827],[140.249263,36.982719],[140.248901,36.982477],[140.248163,36.981827],[140.247926,36.981469],[140.247213,36.981136],[140.246938,36.980911],[140.246901,36.980394],[140.246838,36.980094],[140.246685,36.980049],[140.246338,36.979852],[140.245489,36.979519],[140.244751,36.979177],[140.244351,36.979052],[140.244164,36.978894],[140.244164,36.978702],[140.244601,36.978211],[140.244626,36.978086],[140.244539,36.977961],[140.244251,36.977711],[140.244001,36.977419],[140.243776,36.977053],[140.243664,36.976503],[140.243764,36.976203],[140.244051,36.975811],[140.244189,36.97542],[140.244201,36.975086],[140.244089,36.974803],[140.243839,36.974595],[140.243676,36.974386],[140.243614,36.97407],[140.243664,36.973753],[140.243789,36.973336],[140.243964,36.973078],[140.244301,36.972928],[140.244439,36.972911],[140.244864,36.972745],[140.245214,36.97247],[140.245439,36.972145],[140.245514,36.971395],[140.245726,36.971095],[140.246064,36.970753],[140.246685,36.970333],[140.247664,36.970112],[140.248113,36.969837],[140.248338,36.96947],[140.248663,36.968595],[140.248776,36.968437],[140.249176,36.968204],[140.249651,36.968087],[140.250613,36.967729],[140.252126,36.966746],[140.252238,36.966429],[140.252176,36.966229],[140.252151,36.965688],[140.252288,36.965054],[140.252501,36.964446],[140.252788,36.963971],[140.253026,36.963363],[140.253026,36.963113],[140.252976,36.96293],[140.252376,36.962713],[140.251551,36.962288],[140.251188,36.96193],[140.250863,36.961455],[140.249988,36.960897],[140.249588,36.960522],[140.249238,36.960022],[140.248813,36.959663],[140.248276,36.958947],[140.248163,36.958863],[140.247738,36.95868],[140.247251,36.958597],[140.246851,36.958463],[140.246685,36.958326],[140.245951,36.957838],[140.245564,36.95768],[140.245364,36.957639],[140.244776,36.957397],[140.244564,36.957105],[140.244389,36.956164],[140.244214,36.955847],[140.243576,36.955197],[140.243089,36.953831],[140.242926,36.953589],[140.242289,36.953056],[140.241939,36.952856],[140.241589,36.952572],[140.241164,36.952072],[140.241127,36.951764],[140.241189,36.951406],[140.241127,36.951223],[140.240877,36.951006],[140.240627,36.950239],[140.240627,36.949831],[140.240802,36.949106],[140.240814,36.94874],[140.241064,36.947981],[140.241077,36.947756],[140.240964,36.947415],[140.240714,36.946998],[140.240514,36.94644],[140.240577,36.946057],[140.240714,36.94574],[140.240914,36.945482],[140.241152,36.945382],[140.241702,36.94534],[140.242089,36.945265],[140.242489,36.94499],[140.242901,36.944632],[140.243051,36.944399],[140.242926,36.944065],[140.242876,36.943774],[140.243026,36.943432],[140.243231,36.943372],[140.243439,36.94329],[140.244189,36.943149],[140.244826,36.943057],[140.245101,36.942957],[140.245401,36.94274],[140.245639,36.94264],[140.245939,36.94264],[140.246214,36.942599],[140.246651,36.942349],[140.246686,36.942211],[140.246939,36.941849],[140.247314,36.941599],[140.247964,36.941732],[140.248439,36.941732],[140.249226,36.941541],[140.249651,36.941591],[140.250651,36.941991],[140.251263,36.942032],[140.251938,36.941824],[140.252451,36.941507],[140.253263,36.941249],[140.253551,36.940932],[140.253651,36.940441],[140.253763,36.940141],[140.254276,36.939891],[140.254638,36.939641],[140.255026,36.938741],[140.255163,36.938466],[140.255338,36.938358],[140.256063,36.938241],[140.257138,36.938116],[140.257838,36.937775],[140.258038,36.93775],[140.258438,36.937575],[140.258638,36.937525],[140.259163,36.937525],[140.259963,36.937583],[140.261575,36.937575],[140.261625,36.937533],[140.261613,36.936316],[140.261701,36.936041],[140.262263,36.935766],[140.26285,36.935566],[140.263275,36.935466],[140.263388,36.935466],[140.2635,36.9352],[140.263713,36.934275],[140.264,36.93355],[140.264163,36.9333],[140.263713,36.933217],[140.262838,36.932967],[140.262263,36.932975],[140.261026,36.933408],[140.260776,36.933408],[140.260063,36.933258],[140.259301,36.933017],[140.258001,36.932708],[140.257463,36.93255],[140.256663,36.93215],[140.256301,36.931817],[140.254664,36.930042],[140.253939,36.929959],[140.253589,36.9298],[140.252764,36.929017],[140.252451,36.928767],[140.252364,36.928476],[140.252389,36.928117],[140.252276,36.927642],[140.252077,36.927176],[140.251814,36.926701],[140.251552,36.925909],[140.251014,36.925059],[140.250777,36.924268],[140.250577,36.924001],[140.250127,36.923643],[140.249814,36.923443],[140.248964,36.923151],[140.24879,36.922318],[140.248527,36.921826],[140.248377,36.921351],[140.248377,36.920993],[140.248465,36.920585],[140.248765,36.919802],[140.248935,36.91933],[140.249602,36.918193],[140.249952,36.917569],[140.25009,36.917252],[140.249765,36.91676],[140.24969,36.916502],[140.250002,36.916035],[140.250115,36.91571],[140.249952,36.915294],[140.249615,36.914836],[140.249402,36.914319],[140.249428,36.913636],[140.24964,36.913277],[140.249578,36.912894],[140.248878,36.911894],[140.24884,36.911486],[140.248965,36.911036],[140.249178,36.910694],[140.248965,36.910169],[140.24879,36.909461],[140.248715,36.908811],[140.248915,36.908386],[140.249115,36.907703],[140.249628,36.907253],[140.249965,36.906878],[140.25024,36.906487],[140.250465,36.906053],[140.250565,36.905603],[140.250378,36.905095],[140.250291,36.904695],[140.250416,36.904212],[140.250641,36.90367],[140.250728,36.903204],[140.250728,36.903004],[140.250353,36.902004],[140.250516,36.901121],[140.250691,36.900529],[140.251203,36.899821],[140.251441,36.899204],[140.25169,36.898796],[140.25184,36.897988],[140.251753,36.897721],[140.251578,36.897596],[140.251316,36.897271],[140.251366,36.896971],[140.251765,36.896738],[140.25289,36.896354],[140.253115,36.895888],[140.25314,36.895696],[140.253365,36.895263],[140.253378,36.89513],[140.253115,36.894655],[140.253053,36.894213],[140.25329,36.893471],[140.253328,36.892796],[140.253515,36.892413],[140.25399,36.892088],[140.254178,36.891797],[140.254228,36.89133],[140.254203,36.891197],[140.253678,36.890522],[140.253678,36.889347],[140.25329,36.888114],[140.253328,36.887739],[140.253615,36.887305],[140.253565,36.886964],[140.253328,36.886614],[140.253028,36.886272],[140.252815,36.88593],[140.252928,36.885664],[140.25329,36.885464],[140.253815,36.885256],[140.254328,36.884956],[140.254815,36.884406],[140.255128,36.883639],[140.254603,36.883114],[140.254515,36.883056],[140.25409,36.882414],[140.253753,36.881964],[140.25374,36.881539],[140.253878,36.881089],[140.254003,36.880889],[140.25434,36.880481],[140.25434,36.880081],[140.254128,36.879264],[140.253815,36.87859],[140.253765,36.877781],[140.25384,36.877473],[140.253965,36.877315],[140.25449,36.87694],[140.255078,36.87659],[140.255215,36.876473],[140.255278,36.876315],[140.255253,36.875757],[140.255378,36.875215],[140.255965,36.874432],[140.25639,36.874024],[140.256628,36.873565],[140.25654,36.873074],[140.255803,36.871965],[140.25529,36.871315],[140.25414,36.869507],[140.25409,36.869382],[140.254465,36.867882],[140.25454,36.867682],[140.254528,36.867041],[140.254403,36.866566],[140.25434,36.866099],[140.254078,36.865824],[140.253866,36.865383],[140.253778,36.864799],[140.253878,36.864083],[140.253791,36.863691],[140.253641,36.863466],[140.253678,36.8631],[140.253878,36.862516],[140.253828,36.862025],[140.253895,36.861425],[140.253978,36.860916],[140.254203,36.8604],[140.254028,36.860008],[140.253716,36.859742],[140.253278,36.859192],[140.253128,36.85835],[140.252903,36.857142],[140.252766,36.8563],[140.252828,36.855809],[140.252753,36.85545],[140.252691,36.855309],[140.251853,36.854634],[140.251741,36.854492],[140.251791,36.854134],[140.251766,36.853717],[140.251666,36.853525],[140.251628,36.853025],[140.251503,36.852609],[140.251528,36.852226],[140.251903,36.851784],[140.252166,36.851576],[140.252066,36.851276],[140.251978,36.851167],[140.252053,36.850826],[140.252341,36.850359],[140.252728,36.849401],[140.252866,36.849301],[140.254216,36.848893],[140.254691,36.848659],[140.255316,36.848393],[140.256128,36.84836],[140.256553,36.84821],[140.256641,36.848126],[140.256791,36.847818],[140.256878,36.847335],[140.256916,36.846768],[140.256803,36.846635],[140.256428,36.846335],[140.256228,36.845751],[140.256178,36.845518],[140.256216,36.844968],[140.256178,36.844685],[140.255666,36.843893],[140.255403,36.843377],[140.255291,36.842927],[140.255016,36.842468],[140.254966,36.842127],[140.255203,36.841002],[140.255453,36.840552],[140.255953,36.840235],[140.256316,36.839927],[140.256516,36.83941],[140.256741,36.838969],[140.257078,36.838436],[140.257353,36.838311],[140.257891,36.838336],[140.258491,36.838319],[140.259528,36.837911],[140.260341,36.838061],[140.260916,36.838002],[140.261391,36.837927],[140.261866,36.837319],[140.262403,36.836861],[140.262716,36.836494],[140.262691,36.836444],[140.262891,36.835819],[140.262703,36.835161],[140.262391,36.834486],[140.262503,36.834103],[140.262591,36.833545],[140.262303,36.832886],[140.262328,36.832661],[140.262578,36.831936],[140.262916,36.83187],[140.263341,36.831711],[140.263553,36.83122],[140.263866,36.830703],[140.264666,36.830362],[140.265566,36.829162],[140.265641,36.828987],[140.265453,36.82847],[140.264891,36.82802],[140.265253,36.82752],[140.265641,36.826795],[140.265666,36.826479],[140.265578,36.826012],[140.266866,36.824704],[140.267028,36.824021],[140.266916,36.823504],[140.266253,36.822312],[140.266554,36.821363],[140.266666,36.821163],[140.266691,36.820713],[140.266829,36.820146],[140.266629,36.819654],[140.266554,36.819088],[140.267216,36.818438],[140.267329,36.817755],[140.267266,36.817513],[140.266904,36.817063],[140.266879,36.81638],[140.266904,36.81573],[140.266741,36.815097],[140.266591,36.814038],[140.266654,36.813588],[140.266516,36.813113],[140.266004,36.812822],[140.265116,36.812663],[140.264704,36.81233],[140.264342,36.811697],[140.263829,36.811314],[140.263504,36.810839],[140.263354,36.810572],[140.263354,36.809964],[140.263942,36.80933],[140.264504,36.808856],[140.264779,36.808406],[140.264667,36.807056],[140.264742,36.806239],[140.264879,36.805614],[140.264879,36.805364],[140.264604,36.804281],[140.264829,36.804031],[140.265517,36.803698],[140.265879,36.803398],[140.265942,36.802773],[140.266354,36.800965],[140.266904,36.79979],[140.266992,36.79909],[140.266854,36.798865],[140.266454,36.797424],[140.266517,36.796657],[140.266454,36.79619],[140.266317,36.795757],[140.265655,36.795424],[140.26498,36.79499],[140.264592,36.794682],[140.264592,36.794632],[140.264755,36.794499],[140.26528,36.794315],[140.265755,36.793907],[140.265705,36.793682],[140.265955,36.793032],[140.265867,36.792582],[140.266117,36.791907],[140.266305,36.791158],[140.266367,36.790574],[140.265917,36.789991],[140.265505,36.789516],[140.26528,36.788866],[140.26508,36.788549],[140.264405,36.787691],[140.264018,36.786608],[140.26363,36.78605],[140.263243,36.785841],[140.262293,36.786116],[140.26173,36.786433],[140.261318,36.786525],[140.259643,36.786116],[140.258943,36.785808],[140.258418,36.785491],[140.257218,36.785291],[140.256493,36.784566],[140.255943,36.784166],[140.255293,36.783916],[140.253793,36.78365],[140.253618,36.782791],[140.253681,36.782408],[140.254456,36.7818],[140.254868,36.781075],[140.255431,36.780692],[140.255543,36.780575],[140.255543,36.780175],[140.255268,36.779608],[140.255256,36.779],[140.255568,36.77855],[140.255793,36.778392],[140.256768,36.777959],[140.257243,36.77765],[140.257381,36.777125],[140.257343,36.776967],[140.256618,36.776209],[140.256231,36.775392],[140.255669,36.775234],[140.254556,36.775242],[140.254119,36.774967],[140.253944,36.774809],[140.253781,36.774492],[140.254006,36.774201],[140.254444,36.773792],[140.254969,36.773026],[140.255444,36.772667],[140.255869,36.772259],[140.256256,36.772059],[140.256756,36.771851],[140.257669,36.771559],[140.258344,36.771176],[140.258781,36.770751],[140.258981,36.770434],[140.259144,36.770293],[140.259344,36.770068],[140.259319,36.769643],[140.259531,36.769193],[140.260181,36.768651],[140.260706,36.76811],[140.261006,36.76761],[140.260819,36.767252],[140.260206,36.766527],[140.260094,36.766443],[140.258919,36.766035],[140.257394,36.766127],[140.256719,36.765993],[140.255432,36.764577],[140.255357,36.764443],[140.255294,36.764035],[140.255632,36.763535],[140.255794,36.763227],[140.255294,36.76221],[140.255294,36.761602],[140.255432,36.761035],[140.255407,36.760719],[140.255007,36.760269],[140.255007,36.759727],[140.255707,36.759169],[140.255794,36.758644],[140.256069,36.757994],[140.256682,36.757136],[140.257119,36.756861],[140.257682,36.756778],[140.258019,36.756528],[140.258232,36.755986],[140.258732,36.755536],[140.259132,36.755328],[140.259494,36.755011],[140.259569,36.754786],[140.259544,36.754561],[140.259094,36.753436],[140.259044,36.75317],[140.259094,36.75312],[140.259357,36.752703],[140.259707,36.75232],[140.260294,36.752212],[140.260619,36.751937],[140.260819,36.751628],[140.261232,36.750345],[140.261732,36.749195],[140.261907,36.748612],[140.262169,36.748362],[140.262644,36.748204],[140.263782,36.747912],[140.264344,36.747912],[140.264582,36.747729],[140.265482,36.746737],[140.266544,36.745971],[140.267069,36.745638],[140.267419,36.745188],[140.267694,36.744513],[140.267894,36.74368],[140.268182,36.743138],[140.268569,36.742796],[140.268919,36.742396],[140.269244,36.742121],[140.269657,36.742371],[140.270094,36.742571],[140.270531,36.742555],[140.271031,36.742255],[140.271207,36.741497],[140.271294,36.741338],[140.271681,36.741088],[140.272856,36.740588],[140.273231,36.740188],[140.273294,36.740005],[140.273556,36.739739],[140.274119,36.739805],[140.275031,36.739555],[140.275731,36.739305],[140.276556,36.739055],[140.277231,36.738814],[140.277444,36.738522],[140.277581,36.737997],[140.277819,36.737664],[140.278231,36.737414],[140.279256,36.736631],[140.279519,36.736197],[140.279869,36.735839],[140.280494,36.735839],[140.281131,36.735798],[140.281318,36.735723],[140.281781,36.735323],[140.282018,36.734781],[140.282343,36.734581],[140.282981,36.734331],[140.283193,36.734214],[140.283456,36.733815],[140.283568,36.733273],[140.284368,36.732373],[140.284681,36.731856],[140.284806,36.731515],[140.284793,36.730573],[140.285068,36.72994],[140.286493,36.728232],[140.286581,36.727465],[140.287406,36.726382],[140.287406,36.726091],[140.287581,36.725457],[140.287343,36.724849],[140.287231,36.724383],[140.286843,36.723974],[140.286606,36.723433],[140.286631,36.723008],[140.286894,36.722808],[140.287256,36.722824],[140.287481,36.722891],[140.287568,36.722849],[140.287656,36.722533],[140.287569,36.722058],[140.287194,36.721366],[140.287194,36.721208],[140.287481,36.720641],[140.287594,36.720483],[140.287769,36.720125],[140.287594,36.719808],[140.287119,36.719275],[140.286944,36.718775],[140.287031,36.718192],[140.287156,36.718058],[140.287469,36.717875],[140.287856,36.717742],[140.288381,36.717333],[140.289144,36.717083],[140.289444,36.716592],[140.289469,36.715717],[140.289881,36.715217],[140.290019,36.714859],[140.290056,36.714584],[140.290406,36.714001],[140.291256,36.713459],[140.291719,36.713034],[140.292081,36.712784],[140.292494,36.712559],[140.292194,36.712451],[140.289894,36.712001],[140.289306,36.711976],[140.287431,36.712134],[140.286819,36.712226],[140.286082,36.712434],[140.285607,36.712517],[140.285319,36.712292],[140.284694,36.711709],[140.284107,36.711309],[140.283394,36.711192],[140.283457,36.711059],[140.283544,36.710584],[140.283482,36.709976],[140.283157,36.709526],[140.282607,36.708968],[140.282395,36.708626],[140.282245,36.708201],[140.280545,36.707484],[140.279745,36.707351],[140.278245,36.707151],[140.276833,36.707034],[140.276283,36.707101],[140.27587,36.707418],[140.275045,36.708159],[140.274958,36.708184],[140.274695,36.708092],[140.274133,36.707759],[140.27337,36.707534],[140.272783,36.707401],[140.271958,36.707059],[140.271508,36.706951],[140.270871,36.706543],[140.270721,36.706251],[140.270983,36.705393],[140.270983,36.705018],[140.270721,36.704718],[140.269833,36.703934],[140.269483,36.703418],[140.269183,36.703126],[140.268708,36.702968],[140.268596,36.702651],[140.268383,36.702335],[140.267921,36.702293],[140.267296,36.702543],[140.266659,36.702701],[140.266071,36.702651],[140.265534,36.702501],[140.263596,36.702251],[140.262834,36.702276],[140.262246,36.702251],[140.261771,36.701934],[140.261247,36.701468],[140.260359,36.701285],[140.259834,36.701268],[140.259097,36.701376],[140.258397,36.701693],[140.258184,36.702009],[140.257947,36.702234],[140.257334,36.702434],[140.256859,36.702726],[140.256222,36.703001],[140.255722,36.702976],[140.255097,36.702709],[140.254159,36.702101],[140.251897,36.701943],[140.251597,36.702009],[140.25131,36.702217],[140.250872,36.702351],[140.25046,36.702284],[140.249685,36.702101],[140.248897,36.701992],[140.24816,36.701967],[140.24751,36.702192],[140.247135,36.702284],[140.246694,36.70228],[140.246585,36.702292],[140.246272,36.702159],[140.246047,36.702001],[140.245822,36.701759],[140.24541,36.701101],[140.245185,36.700559],[140.244823,36.699976],[140.244735,36.699459],[140.244485,36.699168],[140.244198,36.698084],[140.244035,36.697743],[140.243698,36.697651],[140.242898,36.698034],[140.242248,36.697968],[140.241835,36.697793],[140.241448,36.697976],[140.24136,36.698284],[140.241085,36.698693],[140.240748,36.699009],[140.240423,36.699193],[140.240085,36.699259],[140.239548,36.699284],[140.238686,36.699217],[140.238386,36.699259],[140.237711,36.699467],[140.237048,36.699626],[140.236523,36.699442],[140.236123,36.699426],[140.235261,36.699717],[140.234461,36.699917],[140.234073,36.700059],[140.234036,36.700484],[140.234073,36.700526],[140.233961,36.700601],[140.233148,36.700234],[140.232648,36.700217],[140.232011,36.699992],[140.231424,36.699834],[140.230949,36.699609],[140.230524,36.699226],[140.229724,36.698709],[140.229436,36.698326],[140.229274,36.697967],[140.229186,36.697467],[140.228874,36.697109],[140.228374,36.696676],[140.228187,36.696409],[140.227737,36.695534],[140.227399,36.695076],[140.227062,36.693976],[140.22695,36.693143],[140.226812,36.692601],[140.2263,36.691785],[140.225125,36.69091],[140.224662,36.690593],[140.224288,36.690052],[140.223988,36.689402],[140.223675,36.688977],[140.222863,36.688543],[140.2222,36.688277],[140.221676,36.687827],[140.220776,36.687444],[140.220438,36.687194],[140.220363,36.686635],[140.220438,36.685844],[140.220576,36.685235],[140.220238,36.684827],[140.220076,36.684536],[140.220076,36.684444],[140.220551,36.683811],[140.220713,36.683677],[140.221213,36.683677],[140.221776,36.683744],[140.222213,36.683994],[140.222351,36.684011],[140.222888,36.683761],[140.223188,36.683652],[140.223438,36.683361],[140.223576,36.682678],[140.223601,36.681578],[140.223851,36.681103],[140.224188,36.680786],[140.224301,36.680603],[140.224401,36.680194],[140.224438,36.679836],[140.224263,36.679361],[140.224513,36.67887],[140.224901,36.677828],[140.224838,36.677286],[140.224763,36.677195],[140.224013,36.676928],[140.223613,36.676837],[140.223451,36.676887],[140.222613,36.677311],[140.222176,36.677586],[140.221863,36.67772],[140.221526,36.677561],[140.221613,36.677178],[140.221863,36.67657],[140.221951,36.676145],[140.222026,36.675937],[140.222088,36.675578],[140.221913,36.675312],[140.221714,36.675128],[140.221501,36.674703],[140.221464,36.67427],[140.221576,36.674228],[140.221801,36.674045],[140.222101,36.673529],[140.222439,36.673095],[140.222801,36.672937],[140.223576,36.67287],[140.224863,36.672687],[140.225163,36.672687],[140.225501,36.672729],[140.226051,36.672487],[140.226588,36.672304],[140.227163,36.672237],[140.227526,36.672145],[140.227776,36.671671],[140.228176,36.671554],[140.229175,36.671396],[140.230863,36.670471],[140.231288,36.670179],[140.2314,36.669904],[140.231475,36.669796],[140.231513,36.669104],[140.231575,36.668704],[140.231538,36.667954],[140.231625,36.667754],[140.231738,36.667213],[140.231925,36.666738],[140.232675,36.66608],[140.232788,36.665788],[140.232725,36.665455],[140.232176,36.664305],[140.231951,36.663447],[140.231751,36.663288],[140.231276,36.663197],[140.229988,36.663022],[140.229576,36.662813],[140.229326,36.662522],[140.229301,36.662388],[140.229376,36.662097],[140.230238,36.661413],[140.230801,36.661372],[140.230938,36.661213],[140.230963,36.66083],[140.231051,36.660405],[140.231188,36.660014],[140.231488,36.659772],[140.232126,36.659564],[140.232776,36.659247],[140.233326,36.658914],[140.233988,36.658031],[140.234776,36.657647],[140.23555,36.657372],[140.235713,36.656989],[140.235775,36.656356],[140.235988,36.656064],[140.236413,36.655798],[140.236775,36.655414],[140.236963,36.655006],[140.236938,36.654189],[140.23705,36.653881],[140.237325,36.653806],[140.237525,36.653856],[140.2378,36.654148],[140.238075,36.654123],[140.2383,36.653965],[140.238413,36.653831],[140.23855,36.653448],[140.238688,36.653223],[140.239275,36.652523],[140.239713,36.652406],[140.240075,36.652248],[140.240613,36.651573],[140.240888,36.650873],[140.240825,36.649973],[140.24105,36.649274],[140.240875,36.64889],[140.240425,36.648507],[140.23995,36.648165],[140.239738,36.647782],[140.23965,36.647224],[140.23945,36.646857],[140.239225,36.646541],[140.2392,36.646316],[140.239288,36.646157],[140.239175,36.645824],[140.239225,36.645466],[140.239413,36.645032],[140.23955,36.644607],[140.2398,36.644333],[140.2402,36.644241],[140.2405,36.644216],[140.240813,36.643991],[140.24125,36.643316],[140.2415,36.643024],[140.24155,36.642508],[140.241663,36.6421],[140.241725,36.641333],[140.241975,36.640858],[140.241963,36.640475],[140.241738,36.64005],[140.241625,36.639508],[140.241688,36.638892],[140.241875,36.638442],[140.241963,36.638108],[140.241988,36.637633],[140.242238,36.637383],[140.242688,36.637159],[140.242875,36.636884],[140.242788,36.636617],[140.2424,36.636325],[140.241738,36.635942],[140.241088,36.635667],[140.240476,36.6356],[140.240063,36.635517],[140.239638,36.635242],[140.238776,36.635225],[140.238251,36.635134],[140.237413,36.635159],[140.237213,36.634775],[140.236913,36.634409],[140.236238,36.634275],[140.235563,36.634209],[140.235213,36.634209],[140.234401,36.63455],[140.234201,36.634575],[140.233876,36.634459],[140.233701,36.634234],[140.233764,36.633967],[140.234176,36.633625],[140.234339,36.633284],[140.234364,36.632],[140.234501,36.630809],[140.234751,36.630509],[140.234914,36.630442],[140.234976,36.630059],[140.234889,36.629634],[140.234976,36.629117],[140.235139,36.628893],[140.235139,36.628484],[140.235076,36.628101],[140.235576,36.627626],[140.235414,36.627268],[140.235101,36.626968],[140.234826,36.626793],[140.234939,36.626276],[140.234851,36.625735],[140.234901,36.624968],[140.234626,36.623768],[140.234976,36.623226],[140.235564,36.623001],[140.236289,36.62291],[140.236564,36.623135],[140.237601,36.623768],[140.238576,36.624668],[140.239001,36.624918],[140.239476,36.625001],[140.239726,36.624935],[140.239726,36.624668],[140.239826,36.624301],[140.240613,36.623785],[140.241138,36.622968],[140.241588,36.622727],[140.241888,36.622493],[140.242551,36.62171],[140.242801,36.62146],[140.242888,36.621119],[140.243213,36.620377],[140.243276,36.619902],[140.243438,36.619452],[140.243801,36.619069],[140.244638,36.618569],[140.244713,36.618477],[140.244963,36.617869],[140.245238,36.617527],[140.245351,36.617102],[140.245551,36.615819],[140.245788,36.615319],[140.245938,36.614911],[140.245676,36.614144],[140.245788,36.613878],[140.246238,36.613511],[140.246676,36.613244],[140.246699,36.613175],[140.247213,36.612661],[140.247438,36.612278],[140.247776,36.611845],[140.248276,36.610945],[140.248413,36.610511],[140.248501,36.610045],[140.248576,36.609228],[140.248238,36.60862],[140.248213,36.608195],[140.248351,36.607403],[140.248276,36.606845],[140.248301,36.606229],[140.248013,36.605604],[140.248126,36.605445],[140.248351,36.605287],[140.248551,36.605037],[140.248763,36.604654],[140.249151,36.603412],[140.249076,36.603162],[140.248763,36.602762],[140.248788,36.602487],[140.248988,36.602154],[140.249213,36.601904],[140.249176,36.601637],[140.248926,36.601362],[140.248788,36.601029],[140.248788,36.600646],[140.248901,36.600263],[140.248951,36.599879],[140.249101,36.599471],[140.248988,36.599246],[140.248738,36.598971],[140.248451,36.598588],[140.248064,36.59783],[140.247901,36.597221],[140.247476,36.596971],[140.247089,36.596905],[140.246976,36.596855],[140.247001,36.596721],[140.247164,36.596455],[140.247201,36.59598],[140.247001,36.59578],[140.246801,36.595463],[140.246776,36.594872],[140.2467,36.594719],[140.246651,36.594655],[140.246289,36.594497],[140.246039,36.594322],[140.245926,36.594005],[140.245926,36.593597],[140.246064,36.592763],[140.245976,36.592447],[140.245777,36.592022],[140.245639,36.591547],[140.245389,36.59103],[140.245077,36.590597],[140.244802,36.590105],[140.244627,36.589539],[140.244552,36.589047],[140.244439,36.588731],[140.244127,36.588589],[140.243964,36.588572],[140.243739,36.588439],[140.243739,36.588281],[140.243877,36.587689],[140.243677,36.586922],[140.243877,36.586656],[140.244339,36.586473],[140.244164,36.586014],[140.243789,36.585364],[140.243215,36.584648],[140.243302,36.584556],[140.243665,36.584373],[140.244027,36.584256],[140.24419,36.584123],[140.244302,36.583898],[140.244352,36.583556],[140.244327,36.58334],[140.244102,36.583156],[140.243927,36.58309],[140.24384,36.583023],[140.243902,36.582931],[140.244427,36.582431],[140.244502,36.58239],[140.244902,36.582565],[140.245264,36.582606],[140.245627,36.582423],[140.245652,36.582356],[140.245627,36.582181],[140.245477,36.58189],[140.24504,36.580207],[140.244977,36.579823],[140.245052,36.578923],[140.244902,36.578065],[140.24484,36.577415],[140.244777,36.57719],[140.244677,36.575999],[140.244365,36.575349],[140.244252,36.575232],[140.24394,36.575057],[140.243153,36.574816],[140.242728,36.574524],[140.24264,36.574349],[140.242665,36.574099],[140.242915,36.573824],[140.245028,36.572466],[140.245252,36.572283],[140.24539,36.572008],[140.24554,36.571149],[140.245953,36.570341],[140.245928,36.570116],[140.245865,36.570141],[140.24559,36.5701],[140.245365,36.570008],[140.245278,36.569916],[140.245528,36.569575],[140.245553,36.5694],[140.245465,36.56895],[140.245515,36.568816],[140.245678,36.568675],[140.246701,36.56763],[140.246715,36.567675],[140.246815,36.567633],[140.246765,36.567408],[140.246701,36.56723],[140.246665,36.56725],[140.246553,36.567233],[140.246553,36.567208],[140.24614,36.566983],[140.246128,36.5669],[140.246415,36.566558],[140.24644,36.566425],[140.246015,36.566308],[140.245678,36.5662],[140.24564,36.565733],[140.245728,36.565592],[140.24614,36.565275],[140.246478,36.565117],[140.246701,36.56513],[140.246715,36.564967],[140.246965,36.564792],[140.246865,36.564558],[140.246765,36.564542],[140.246701,36.564572],[140.24664,36.56455],[140.24569,36.564533],[140.245103,36.5645],[140.244865,36.56425],[140.244528,36.563692],[140.244078,36.563175],[140.243741,36.562842],[140.246701,36.559623],[140.247478,36.559217],[140.248178,36.558818],[140.248353,36.558684],[140.248528,36.558418],[140.248665,36.557943],[140.249278,36.556726],[140.249428,36.556393],[140.249653,36.556076],[140.249715,36.556035],[140.250615,36.555718],[140.250865,36.55561],[140.251115,36.555435],[140.251378,36.555143],[140.251478,36.554893],[140.251528,36.554418],[140.251428,36.552477],[140.251328,36.55216],[140.251103,36.552002],[140.250653,36.551818],[140.250228,36.551435],[140.249541,36.550635],[140.249066,36.550044],[140.248691,36.54966],[140.248441,36.549452],[140.247566,36.549002],[140.247303,36.548752],[140.247053,36.548252],[140.247053,36.547977],[140.247128,36.54766],[140.247166,36.547235],[140.247266,36.546877],[140.247241,36.546852],[140.247341,36.546536],[140.247628,36.546202],[140.247828,36.546019],[140.248091,36.545144],[140.248141,36.545036],[140.248166,36.544627],[140.248066,36.543928],[140.248054,36.543561],[140.248004,36.542844],[140.247941,36.542436],[140.247941,36.541986],[140.248041,36.541628],[140.248054,36.540295],[140.248091,36.539411],[140.248066,36.539236],[140.248091,36.538828],[140.248079,36.538578],[140.247904,36.538353],[140.247204,36.537828],[140.247229,36.537512],[140.247541,36.53697],[140.247766,36.536478],[140.247866,36.536187],[140.247729,36.535279],[140.247729,36.53492],[140.247842,36.534445],[140.248729,36.532804],[140.249267,36.531729],[140.249754,36.530962],[140.250104,36.530446],[140.250442,36.530087],[140.250792,36.529913],[140.251591,36.529713],[140.251966,36.529471],[140.252504,36.528863],[140.252941,36.527896],[140.253166,36.527604],[140.253341,36.527288],[140.253304,36.526388],[140.253204,36.526071],[140.252717,36.525346],[140.252617,36.525071],[140.252717,36.524755],[140.252992,36.524422],[140.253729,36.523905],[140.253929,36.523572],[140.254029,36.52323],[140.254417,36.522605],[140.254592,36.52238],[140.257141,36.52068],[140.257691,36.520439],[140.258554,36.520131],[140.259129,36.519797],[140.259404,36.519531],[140.259504,36.519372],[140.259691,36.518872],[140.259691,36.518131],[140.259791,36.517931],[140.260029,36.517797],[140.260179,36.517656],[140.260229,36.517523],[140.260054,36.517339],[140.259604,36.517223],[140.258879,36.516948],[140.258529,36.516748],[140.258104,36.516631],[140.257704,36.516581],[140.256479,36.516506],[140.256104,36.516414],[140.255729,36.516389],[140.255354,36.516431],[140.254229,36.516398],[140.253779,36.516306],[140.253004,36.515664],[140.252255,36.515323],[140.251605,36.514864],[140.25133,36.514798],[140.250955,36.514906],[140.25033,36.515173],[140.249705,36.515031],[140.249205,36.515056],[140.248805,36.515189],[140.24848,36.515206],[140.24768,36.515023],[140.247405,36.514864],[140.247255,36.514406],[140.24763,36.513889],[140.247643,36.513531],[140.247593,36.513439],[140.247518,36.512581],[140.24758,36.512356],[140.247805,36.512181],[140.248305,36.511865],[140.24853,36.511548],[140.248743,36.51119],[140.248843,36.51079],[140.24913,36.50919],[140.24918,36.509073],[140.249368,36.508082],[140.249218,36.507857],[140.249043,36.50774],[140.248718,36.507648],[140.248318,36.507623],[140.247693,36.507465],[140.247343,36.507282],[140.246818,36.507273],[140.246703,36.507279],[140.246593,36.507215],[140.245843,36.507265],[140.245281,36.507207],[140.245143,36.507315],[140.245006,36.507498],[140.244843,36.50739],[140.244581,36.507048],[140.244531,36.507032],[140.244281,36.507148],[140.243918,36.507373],[140.243081,36.507648],[140.242493,36.507632],[140.242381,36.50754],[140.242268,36.507223],[140.242268,36.507048],[140.242481,36.506548],[140.242506,36.506299],[140.242331,36.50599],[140.241906,36.505582],[140.241568,36.505315],[140.241031,36.505007],[140.241306,36.504574],[140.241418,36.504332],[140.241518,36.50374],[140.241494,36.503182],[140.241431,36.503149],[140.241456,36.503074],[140.241356,36.502932],[140.241169,36.502682],[140.241044,36.502641],[140.240569,36.502632],[140.240244,36.502724],[140.240094,36.502807],[140.240019,36.502899],[140.239981,36.502982],[140.239956,36.503057],[140.239956,36.503074],[140.239969,36.503149],[140.239781,36.503349],[140.239569,36.50344],[140.238944,36.503449],[140.238694,36.50354],[140.238369,36.503715],[140.238094,36.503924],[140.237394,36.504132],[140.236669,36.504274],[140.235969,36.504682],[140.235694,36.504732],[140.235594,36.50374],[140.235507,36.503399],[140.235532,36.503157],[140.235582,36.503149],[140.235407,36.502849],[140.234894,36.502715],[140.233969,36.502474],[140.233582,36.502482],[140.232882,36.502915],[140.232644,36.502965],[140.232069,36.502874],[140.231557,36.502699],[140.230769,36.502799],[140.230482,36.502724],[140.230307,36.502549],[140.23027,36.50244],[140.23002,36.502149],[140.229795,36.502057],[140.22957,36.502032],[140.22952,36.50199],[140.229495,36.501807],[140.229957,36.500774],[140.23002,36.500416],[140.23007,36.500307],[140.23042,36.500082],[140.230995,36.499524],[140.231157,36.499166],[140.23122,36.498841],[140.230957,36.498483],[140.231007,36.497883],[140.231195,36.497366],[140.230957,36.496924],[140.230657,36.495983],[140.230107,36.495233],[140.230007,36.494558],[140.23002,36.494108],[140.23007,36.493791],[140.230232,36.493366],[140.230307,36.492892],[140.230132,36.492267],[140.23007,36.491758],[140.22992,36.491242],[140.229645,36.490883],[140.22912,36.490625],[140.227745,36.4899],[140.227208,36.489534],[140.226758,36.489075],[140.226595,36.488717],[140.226558,36.488334],[140.226683,36.488],[140.227495,36.487375],[140.227545,36.487026],[140.227433,36.486384],[140.227258,36.485951],[140.226883,36.485634],[140.226258,36.485251],[140.225771,36.484501],[140.225483,36.484409],[140.224971,36.484359],[140.224383,36.484217],[140.224171,36.483926],[140.224121,36.483542],[140.223721,36.482743],[140.223683,36.482251],[140.223483,36.481726],[140.223308,36.481484],[140.222808,36.481368],[140.222434,36.481093],[140.221959,36.480684],[140.221471,36.480343],[140.221009,36.480276],[140.220621,36.480343],[140.220134,36.480534],[140.219946,36.480551],[140.219434,36.480501],[140.218859,36.480234],[140.218384,36.480093],[140.217934,36.479776],[140.217484,36.479318],[140.217059,36.479118],[140.216659,36.478884],[140.216272,36.478051],[140.215947,36.477751],[140.215809,36.477393],[140.215547,36.477035],[140.214997,36.476693],[140.214784,36.476568],[140.214722,36.476435],[140.214659,36.476185],[140.214634,36.47576],[140.214697,36.475018],[140.214647,36.47481],[140.214372,36.474427],[140.214097,36.474152],[140.213984,36.473793],[140.213697,36.473368],[140.213347,36.472927],[140.212222,36.471343],[140.212047,36.470985],[140.212135,36.470535],[140.212385,36.470177],[140.21246,36.469835],[140.21271,36.469519],[140.21311,36.469185],[140.213097,36.468785],[140.212897,36.468352],[140.212872,36.467985],[140.21311,36.467386],[140.21316,36.467227],[140.212935,36.466994],[140.21241,36.466886],[140.212047,36.466719],[140.211935,36.466361],[140.211722,36.466177],[140.21091,36.466102],[140.21076,36.465894],[140.210773,36.465427],[140.210373,36.465111],[140.210048,36.465086],[140.209698,36.465127],[140.209273,36.465077],[140.208398,36.464461],[140.208123,36.464194],[140.208048,36.463761],[140.20786,36.463352],[140.207648,36.463077],[140.207485,36.462561],[140.207198,36.462061],[140.207098,36.461494],[140.207223,36.461136],[140.207623,36.460578],[140.207711,36.460061],[140.207561,36.459403],[140.207711,36.458886],[140.207173,36.458161],[140.207173,36.457828],[140.207336,36.457061],[140.207311,36.456786],[140.206011,36.456487],[140.205673,36.456212],[140.205361,36.455737],[140.204873,36.45537],[140.203874,36.454728],[140.203449,36.45452],[140.202949,36.454437],[140.202649,36.454295],[140.202574,36.454178],[140.202599,36.453912],[140.202836,36.453595],[140.203011,36.453187],[140.203049,36.451787],[140.202749,36.450729],[140.202886,36.450337],[140.203161,36.450112],[140.203699,36.449787],[140.203999,36.449496],[140.204099,36.448638],[140.204324,36.448213],[140.204461,36.448096],[140.204836,36.447879],[140.205061,36.447471],[140.205411,36.447088],[140.205599,36.447004],[140.206099,36.446646],[140.206174,36.446513],[140.206111,36.44608],[140.205836,36.445696],[140.205386,36.44528],[140.204999,36.444472],[140.204711,36.444288],[140.204624,36.443997],[140.204649,36.443838],[140.204649,36.443455],[140.204549,36.443288],[140.204274,36.44298],[140.203537,36.442522],[140.202849,36.440464],[140.202287,36.439239],[140.201837,36.438806],[140.201462,36.438489],[140.201362,36.437922],[140.201474,36.437472],[140.201499,36.437139],[140.201349,36.436914],[140.201175,36.436548],[140.201275,36.436023],[140.201437,36.435598],[140.201412,36.435173],[140.201775,36.43359],[140.201937,36.43319],[140.201987,36.432731],[140.201337,36.432165],[140.201212,36.431807],[140.201275,36.431448],[140.201687,36.430365],[140.201687,36.429932],[140.201662,36.429798],[140.201687,36.429599],[140.201975,36.429349],[140.2026,36.42904],[140.20305,36.428865],[140.2034,36.428665],[140.203325,36.428299],[140.203312,36.427899],[140.203387,36.426907],[140.2034,36.426491],[140.203337,36.426291],[140.202737,36.424524],[140.202438,36.423908],[140.202425,36.423508],[140.202963,36.422541],[140.203113,36.421958],[140.203138,36.421208],[140.203225,36.420841],[140.2032,36.420508],[140.20315,36.420416],[140.20265,36.420166],[140.202313,36.419875],[140.20225,36.419825],[140.201983,36.419608],[140.201425,36.41905],[140.200975,36.418625],[140.2008,36.418325],[140.200688,36.417875],[140.200438,36.417408],[140.200101,36.416933],[140.199376,36.416325],[140.198601,36.415917],[140.198263,36.415492],[140.198238,36.414517],[140.198063,36.414209],[140.197726,36.4138],[140.197901,36.413575],[140.197976,36.413234],[140.197564,36.41245],[140.197451,36.41195],[140.197201,36.411767],[140.196614,36.411542],[140.196501,36.411384],[140.196101,36.410551],[140.195989,36.409492],[140.195652,36.409067],[140.194677,36.408792],[140.194452,36.408592],[140.194289,36.408367],[140.194014,36.408209],[140.192914,36.406884],[140.192639,36.406409],[140.192527,36.405909],[140.192614,36.404901],[140.192577,36.404668],[140.192527,36.404601],[140.192165,36.404468],[140.191515,36.404309],[140.19024,36.404201],[140.18954,36.404084],[140.18909,36.403909],[140.188902,36.403634],[140.188927,36.403209],[140.18909,36.402284],[140.188952,36.402084],[140.18709,36.401701],[140.18639,36.401409],[140.186028,36.401026],[140.185715,36.400143],[140.18569,36.399401],[140.18524,36.39861],[140.185153,36.398276],[140.185024,36.398306],[140.18479,36.398343],[140.184128,36.398318],[140.183615,36.398118],[140.18309,36.397985],[140.181665,36.397693],[140.180641,36.397376],[140.179828,36.397601],[140.179491,36.39756],[140.179103,36.397376],[140.178491,36.397268],[140.178103,36.397426],[140.177541,36.397809],[140.177103,36.398034],[140.176653,36.398376],[140.176291,36.398601],[140.175016,36.398826],[140.174866,36.398801],[140.174228,36.398509],[140.173728,36.398426],[140.173366,36.398534],[140.172753,36.399034],[140.172453,36.399051],[140.172028,36.399009],[140.170828,36.399217],[140.169854,36.399034],[140.169329,36.398992],[140.168829,36.398992],[140.168691,36.399059],[140.168291,36.399442],[140.167991,36.399667],[140.167129,36.399876],[140.165841,36.40005],[140.165341,36.400009],[140.165066,36.399917],[140.164841,36.399692],[140.164591,36.399534],[140.164254,36.399492],[140.163166,36.399425],[140.162529,36.399067],[140.161692,36.398817],[140.160967,36.398459],[140.159967,36.398101],[140.159604,36.398009],[140.158767,36.39805],[140.158092,36.398009],[140.157654,36.398034],[140.157479,36.398075],[140.156979,36.398059],[140.156529,36.397967],[140.156279,36.398059],[140.155979,36.398325],[140.154729,36.4],[140.15353,36.401242],[140.15228,36.402117],[140.152055,36.402433],[140.151355,36.40365],[140.150742,36.4046],[140.149917,36.40555],[140.149242,36.406066],[140.148805,36.406358],[140.148442,36.406874],[140.14833,36.408099],[140.148192,36.408324],[140.147717,36.408641],[140.147355,36.409041],[140.146855,36.409949],[140.146492,36.410307],[140.146192,36.410441],[140.145992,36.410666],[140.145742,36.411049],[140.14533,36.411366],[140.145105,36.411641],[140.145042,36.411816],[140.14508,36.412724],[140.144742,36.413215],[140.144192,36.41394],[140.144155,36.414007],[140.14383,36.413824],[140.143155,36.413532],[140.142093,36.413199],[140.141818,36.412974],[140.14148,36.412274],[140.141343,36.412115],[140.141005,36.41209],[140.14053,36.412115],[140.137993,36.412524],[140.136906,36.412774],[140.135543,36.413132],[140.135068,36.41329],[140.134593,36.413632],[140.134156,36.414107],[140.133731,36.41444],[140.133318,36.414557],[140.132868,36.414623],[140.132456,36.414915],[140.132206,36.414915],[140.131781,36.414873],[140.130331,36.414607],[140.127607,36.413932],[140.126932,36.41384],[140.126069,36.414048],[140.125257,36.41409],[140.124707,36.413982],[140.12342,36.413823],[140.122532,36.413507],[140.121995,36.413348],[140.12171,36.413249],[140.121257,36.412998],[140.120445,36.412549],[140.11942,36.411924],[140.11852,36.411482],[140.117908,36.411282],[140.117358,36.411165],[140.11727,36.411124],[140.116808,36.411099],[140.115471,36.411215],[140.114808,36.411215],[140.114333,36.411057],[140.114046,36.410765],[140.113846,36.410449],[140.113233,36.409865],[140.112971,36.409507],[140.112808,36.408999],[140.112671,36.408832],[140.111971,36.408332],[140.110559,36.407724],[140.110046,36.407482],[140.109621,36.407207],[140.109471,36.406999],[140.109346,36.406599],[140.109296,36.406216],[140.109396,36.405741],[140.109609,36.405374],[140.110046,36.404807],[140.110421,36.404507],[140.110546,36.404299],[140.110546,36.403724],[140.110409,36.403441],[140.110084,36.402833],[140.109909,36.402208],[140.109996,36.401816],[140.110284,36.401241],[140.110571,36.400691],[140.110684,36.40015],[140.110884,36.399725],[140.110959,36.399266],[140.111021,36.39885],[140.111196,36.398025],[140.111046,36.397958],[140.109772,36.398116],[140.109309,36.3981],[140.108959,36.397891],[140.108434,36.397308],[140.107997,36.3969],[140.107147,36.396408],[140.106422,36.396067],[140.104447,36.394992],[140.10381,36.3947],[140.10326,36.394592],[140.10236,36.39455],[140.101685,36.39445],[140.10131,36.394275],[140.100873,36.394125],[140.10061,36.394167],[140.10026,36.39435],[140.100035,36.394642],[140.099835,36.3948],[140.099823,36.3953],[140.100173,36.395658],[140.100235,36.3961],[140.100498,36.396416],[140.10086,36.396575],[140.101323,36.397008],[140.101298,36.397108],[140.101298,36.397208],[140.100798,36.397416],[140.100198,36.397733],[140.09941,36.398325],[140.09901,36.398366],[140.098048,36.3981],[140.09756,36.39815],[140.096661,36.398375],[140.095998,36.398575],[140.095511,36.398783],[140.095098,36.399099],[140.094461,36.399908],[140.094036,36.400391],[140.093636,36.400749],[140.092673,36.401249],[140.092323,36.401591],[140.092036,36.401657],[140.091798,36.401391],[140.091573,36.401024],[140.091286,36.400758],[140.090811,36.400666],[140.090411,36.400641],[140.090149,36.400441],[140.090049,36.400316],[140.089536,36.398949],[140.089299,36.398566],[140.088999,36.398366],[140.088499,36.398283],[140.088099,36.398324],[140.087549,36.398533],[140.086911,36.398891],[140.086511,36.399483],[140.086224,36.399524],[140.085787,36.399508],[140.085437,36.399591],[140.085012,36.399841],[140.084462,36.400316],[140.084174,36.400841],[140.083912,36.401449],[140.083762,36.401924],[140.083449,36.402607],[140.083174,36.402832],[140.083024,36.402891],[140.082324,36.403007],[140.081924,36.403124],[140.081049,36.403649],[140.080737,36.403532],[140.080274,36.403307],[140.079862,36.403215],[140.079549,36.403265],[140.078937,36.403582],[140.0775,36.404082],[140.076962,36.404207],[140.0761,36.404174],[140.074237,36.403932],[140.0723,36.403774],[140.071388,36.403649],[140.070638,36.40349],[140.06895,36.403265],[140.068225,36.403248],[140.067575,36.40334],[140.066776,36.403698],[140.066401,36.403773],[140.066113,36.403607],[140.065988,36.403473],[140.065851,36.40304],[140.065901,36.401857],[140.065726,36.401557],[140.065201,36.40104],[140.065126,36.400607],[140.065088,36.400065],[140.065313,36.399624],[140.065363,36.399041],[140.065326,36.398516],[140.065238,36.398024],[140.065151,36.397099],[140.065238,36.396741],[140.065576,36.396124],[140.065863,36.394749],[140.066176,36.394233],[140.066326,36.394075],[140.067538,36.393008],[140.068426,36.391966],[140.068551,36.391691],[140.068401,36.390833],[140.068476,36.390383],[140.068626,36.389917],[140.068788,36.389533],[140.068938,36.389375],[140.069113,36.389075],[140.069063,36.388867],[140.068526,36.388334],[140.068176,36.388075],[140.067664,36.387859],[140.067189,36.3877],[140.066989,36.387592],[140.066839,36.387234],[140.066701,36.386309],[140.066539,36.385875],[140.066089,36.385251],[140.065376,36.384692],[140.064701,36.383976],[140.064239,36.383267],[140.064039,36.382951],[140.063939,36.382626],[140.063802,36.382326],[140.063277,36.381909],[140.062814,36.381551],[140.062289,36.381143],[140.061852,36.381034],[140.061427,36.380943],[140.061039,36.380801],[140.060977,36.380684],[140.060827,36.380468],[140.060489,36.380234],[140.06014,36.380126],[140.059715,36.380126],[140.05914,36.380259],[140.05894,36.380218],[140.058315,36.380043],[140.057577,36.379959],[140.057415,36.379926],[140.056152,36.379484],[140.055515,36.379034],[140.05514,36.378484],[140.05489,36.378359],[140.054603,36.378284],[140.054365,36.378318],[140.054103,36.378409],[140.053953,36.378359],[140.053753,36.378076],[140.053078,36.377934],[140.052903,36.377818],[140.052128,36.377709],[140.051303,36.377468],[140.050828,36.377184],[140.05049,36.376984],[140.05014,36.376718],[140.049878,36.376401],[140.049715,36.376235],[140.049553,36.376076],[140.049366,36.375993],[140.049041,36.37596],[140.048741,36.375993],[140.048278,36.375643],[140.047991,36.375501],[140.047366,36.375418],[140.046341,36.375476],[140.046066,36.375434],[140.045516,36.375084],[140.045316,36.375034],[140.044791,36.375118],[140.043878,36.375093],[140.043204,36.375301],[140.042516,36.375476],[140.041429,36.375184],[140.041116,36.375034],[140.040704,36.375009],[140.040066,36.375034],[140.039691,36.375034],[140.039404,36.375601],[140.039054,36.376076],[140.038629,36.376392],[140.038016,36.376634],[140.037416,36.376934],[140.037066,36.377184],[140.036567,36.377367],[140.035817,36.377575],[140.035417,36.377842],[140.035129,36.378184],[140.034754,36.378009],[140.034154,36.377825],[140.033467,36.3778],[140.032567,36.37785],[140.031592,36.37775],[140.031417,36.377767],[140.031204,36.377834],[140.030929,36.377867],[140.030717,36.377817],[140.030042,36.376734],[140.029929,36.376684],[140.029492,36.376734],[140.029054,36.376825],[140.02848,36.377034],[140.028367,36.377117],[140.02813,36.377167],[140.027117,36.376825],[140.026967,36.37665],[140.026905,36.376267],[140.02693,36.375859],[140.026817,36.375542],[140.026555,36.375384],[140.026155,36.375384],[140.02513,36.37575],[140.024555,36.375825],[140.02258,36.375509],[140.022092,36.375559],[140.02183,36.375717],[140.02148,36.376417],[140.021405,36.376458],[140.021167,36.376442],[140.020143,36.375817],[140.019718,36.375675],[140.019218,36.375675],[140.017655,36.37575],[140.016443,36.376008],[140.016343,36.375825],[140.01628,36.375442],[140.016168,36.375417],[140.016055,36.375533],[140.015968,36.3758],[140.01568,36.375733],[140.015693,36.375508],[140.01558,36.3751],[140.015393,36.374608],[140.014318,36.374858],[140.014518,36.375517],[140.014693,36.375942],[140.014843,36.376383],[140.015168,36.376325],[140.01558,36.376025],[140.015693,36.375975],[140.015805,36.376008],[140.015855,36.376133],[140.016468,36.376433],[140.016068,36.376841],[140.01563,36.377141],[140.01523,36.377341],[140.01488,36.377383],[140.014268,36.377208],[140.012993,36.376533],[140.012581,36.37615],[140.012456,36.375991],[140.012281,36.375541],[140.012018,36.374167],[140.011843,36.373558],[140.011543,36.373242],[140.011143,36.373],[140.010968,36.372883],[140.010756,36.372958],[140.010656,36.373258],[140.010306,36.373675],[140.010018,36.374308],[140.009843,36.374558],[140.008831,36.374333],[140.008956,36.374958],[140.006956,36.375275],[140.005106,36.375558],[140.004044,36.375733],[140.002794,36.375974],[140.001619,36.376324],[140.000982,36.376508],[140.000394,36.376599],[140.000369,36.376549],[140.000507,36.375691],[140.000532,36.375241],[140.000469,36.374841],[140.000394,36.374433],[140.000857,36.374299],[140.000882,36.374091],[140.000794,36.373725],[140.000907,36.373433],[140.001194,36.3731],[140.002169,36.372091],[140.002556,36.371658],[140.002856,36.371308],[140.003081,36.371067],[140.003531,36.370575],[140.003706,36.370317],[140.003419,36.370133],[140.002606,36.369758],[140.002394,36.369533],[140.002194,36.36855],[140.002119,36.368242],[140.001981,36.368108],[140.000282,36.368592],[139.999607,36.368817],[139.997169,36.369525],[139.996732,36.369638],[139.99622,36.369541],[139.994832,36.369541],[139.993333,36.369691],[139.992583,36.369658],[139.991883,36.369575],[139.991495,36.369466],[139.991158,36.369283],[139.990733,36.368908],[139.989695,36.367283],[139.989483,36.367133],[139.989221,36.36715],[139.988371,36.367516],[139.986571,36.3678],[139.985246,36.368224],[139.984884,36.368399],[139.984284,36.368974],[139.983746,36.369533],[139.982747,36.370449],[139.982547,36.370566],[139.981122,36.370232],[139.980709,36.369932],[139.980459,36.369882],[139.979734,36.370016],[139.979647,36.369941],[139.979285,36.369857],[139.97906,36.370199],[139.978772,36.370741],[139.978522,36.371799],[139.978372,36.372207],[139.978272,36.37229],[139.97816,36.372274],[139.977135,36.372457],[139.976472,36.372707],[139.97606,36.37294],[139.975173,36.373673],[139.974435,36.374448],[139.974323,36.374882],[139.97451,36.375823],[139.974485,36.376007],[139.974223,36.376615],[139.974223,36.377157],[139.97401,36.377831],[139.97401,36.378281],[139.974198,36.378623],[139.973673,36.378756],[139.973223,36.378498],[139.972423,36.377906],[139.972123,36.37759],[139.972035,36.377206],[139.972248,36.376257],[139.97231,36.375782],[139.972235,36.375332],[139.97201,36.374882],[139.971686,36.374423],[139.970136,36.372832],[139.969973,36.372448],[139.969836,36.37184],[139.969648,36.37134],[139.969273,36.370757],[139.968873,36.370432],[139.968186,36.370107],[139.967799,36.36979],[139.967411,36.369407],[139.966461,36.368899],[139.966024,36.368307],[139.965511,36.367474],[139.965399,36.367008],[139.965599,36.366566],[139.965911,36.366166],[139.965974,36.365966],[139.965924,36.365466],[139.965736,36.364941],[139.965536,36.364583],[139.965236,36.364241],[139.965236,36.364075],[139.965711,36.362758],[139.965374,36.362258],[139.965036,36.361708],[139.964936,36.3613],[139.965024,36.3611],[139.965436,36.361042],[139.965661,36.3609],[139.965711,36.3605],[139.965649,36.359975],[139.965436,36.359409],[139.965011,36.359134],[139.964899,36.359134],[139.964886,36.358792],[139.965024,36.358367],[139.964411,36.358425],[139.964174,36.357476],[139.963936,36.356217],[139.964849,36.356059],[139.965036,36.355992],[139.964949,36.355434],[139.964886,36.355343],[139.964836,36.355026],[139.964849,36.354568],[139.965074,36.353876],[139.965111,36.352701],[139.965061,36.352176],[139.964849,36.35161],[139.964661,36.350935],[139.964461,36.350885],[139.963486,36.350877],[139.963036,36.350927],[139.961287,36.350952],[139.960674,36.350993],[139.959962,36.350993],[139.958612,36.350868],[139.958837,36.350193],[139.954637,36.350043],[139.952787,36.349968],[139.952262,36.349918],[139.952325,36.349777],[139.951925,36.349727],[139.94975,36.349743],[139.949538,36.349718],[139.949475,36.349485],[139.94805,36.349477],[139.947363,36.349427],[139.947075,36.349243],[139.94625,36.349235],[139.946138,36.349218],[139.946163,36.348768],[139.945663,36.34876],[139.945001,36.348685],[139.945051,36.348352],[139.945063,36.347827],[139.943576,36.347777],[139.943476,36.347777],[139.943451,36.34721],[139.943351,36.346869],[139.942451,36.346835],[139.941638,36.34676],[139.940501,36.346602],[139.939364,36.34636],[139.938251,36.346102],[139.936551,36.345735],[139.935189,36.345494],[139.935164,36.345227],[139.935227,36.344844],[139.935227,36.344052],[139.935189,36.343602],[139.935077,36.343535],[139.933902,36.343544],[139.931164,36.343485],[139.930327,36.34351],[139.929552,36.343494],[139.92874,36.343394],[139.927877,36.343144],[139.927577,36.342644],[139.927302,36.342485],[139.926078,36.342277],[139.925553,36.342069],[139.92494,36.341877],[139.923403,36.341844],[139.922853,36.341769],[139.922403,36.341627],[139.921941,36.341319],[139.921603,36.340994],[139.921191,36.340794],[139.919778,36.339702],[139.919253,36.339352],[139.917153,36.337644],[139.916491,36.337211],[139.915991,36.337003],[139.915404,36.336886],[139.914791,36.336861],[139.914379,36.336811],[139.914166,36.336494],[139.913191,36.335294],[139.913016,36.335053],[139.912929,36.334936],[139.912454,36.334128],[139.912191,36.33377],[139.912066,36.333545],[139.911679,36.332686],[139.911592,36.332061],[139.911654,36.331761],[139.912154,36.330028],[139.912417,36.328928],[139.912667,36.327462],[139.912754,36.326612],[139.912692,36.325912],[139.912492,36.323687],[139.912067,36.321796],[139.911804,36.319996],[139.911679,36.318846],[139.911204,36.315988],[139.911079,36.314905],[139.910879,36.313605],[139.910455,36.311013],[139.910242,36.309872],[139.910217,36.309847],[139.910242,36.309847],[139.910655,36.309864],[139.911155,36.309847],[139.912542,36.309889],[139.914717,36.30998],[139.914867,36.309914],[139.914979,36.309705],[139.915042,36.309439],[139.914892,36.308422],[139.914679,36.307614],[139.914329,36.306939],[139.913504,36.305706],[139.91253,36.303989],[139.91143,36.302281],[139.911167,36.301948],[139.911017,36.301673],[139.91073,36.301273],[139.910192,36.300914],[139.909517,36.300573],[139.907193,36.29954],[139.905193,36.298465],[139.905105,36.298373],[139.904256,36.297923],[139.903931,36.298323],[139.903581,36.298665],[139.903218,36.29864],[139.902993,36.298665],[139.902868,36.29864],[139.901906,36.29864],[139.901868,36.299023],[139.901318,36.299048],[139.900906,36.299098],[139.900668,36.299181],[139.900606,36.299206],[139.900668,36.299906],[139.900756,36.300014],[139.900168,36.300423],[139.900343,36.300689],[139.900231,36.300739],[139.899756,36.300648],[139.899731,36.300714],[139.899881,36.300914],[139.899968,36.301164],[139.899906,36.301414],[139.899818,36.301439],[139.899468,36.301281],[139.899343,36.301164],[139.899231,36.300689],[139.898819,36.300606],[139.898581,36.300448],[139.898344,36.300223],[139.897469,36.300198],[139.896994,36.300223],[139.896431,36.300406],[139.896019,36.300606],[139.895531,36.300714],[139.895294,36.300739],[139.895319,36.301639],[139.895269,36.301756],[139.895081,36.301798],[139.894356,36.301864],[139.894294,36.301956],[139.894181,36.303014],[139.894206,36.303822],[139.894294,36.304114],[139.894569,36.304497],[139.894681,36.304564],[139.895356,36.304364],[139.895594,36.304339],[139.896156,36.304431],[139.896506,36.304614],[139.897119,36.304989],[139.898006,36.305739],[139.898806,36.306364],[139.898943,36.30643],[139.898831,36.306564],[139.897981,36.30783],[139.897656,36.308347],[139.897219,36.308955],[139.896581,36.309922],[139.896344,36.309764],[139.895344,36.309314],[139.894981,36.309114],[139.894606,36.309589],[139.894394,36.309722],[139.893931,36.309605],[139.893081,36.309405],[139.892281,36.309247],[139.891806,36.30923],[139.891457,36.309247],[139.891194,36.309455],[139.890807,36.309905],[139.890194,36.310397],[139.889694,36.310647],[139.888644,36.310897],[139.888319,36.31103],[139.888194,36.311055],[139.887869,36.311255],[139.887382,36.31148],[139.887057,36.311522],[139.886407,36.311547],[139.885295,36.311913],[139.884882,36.311913],[139.884557,36.311821],[139.884082,36.311571],[139.883695,36.311255],[139.88317,36.310897],[139.882845,36.310763],[139.882607,36.310605],[139.88252,36.31058],[139.88232,36.310338],[139.882195,36.31013],[139.881632,36.309705],[139.881232,36.30953],[139.88082,36.309505],[139.880082,36.309772],[139.879608,36.310205],[139.878758,36.310722],[139.878408,36.311263],[139.878383,36.31158],[139.878295,36.312721],[139.878408,36.313688],[139.878558,36.314213],[139.87877,36.314571],[139.878883,36.314679],[139.87927,36.315329],[139.879857,36.315938],[139.879982,36.316188],[139.879982,36.316279],[139.88012,36.316821],[139.880445,36.317246],[139.881182,36.318171],[139.881507,36.318479],[139.882282,36.319362],[139.882457,36.319654],[139.882482,36.320104],[139.882607,36.320754],[139.88257,36.320871],[139.882607,36.321137],[139.882482,36.321362],[139.881957,36.322104],[139.881495,36.322604],[139.881082,36.322804],[139.88032,36.322987],[139.879695,36.323029],[139.879495,36.32287],[139.87932,36.322829],[139.87832,36.322895],[139.87817,36.322937],[139.876783,36.322987],[139.875645,36.323145],[139.874645,36.32317],[139.874645,36.323078],[139.87482,36.322287],[139.875133,36.321437],[139.875195,36.321162],[139.87522,36.32067],[139.874958,36.320762],[139.874695,36.320895],[139.874633,36.320962],[139.874345,36.320829],[139.87352,36.319837],[139.872071,36.318196],[139.872183,36.318129],[139.872633,36.317746],[139.872596,36.317746],[139.872421,36.317496],[139.872358,36.317179],[139.872508,36.315229],[139.872446,36.315146],[139.872271,36.315129],[139.872071,36.315013],[139.871744,36.314982],[139.870933,36.315088],[139.870746,36.315038],[139.870658,36.314788],[139.870596,36.314338],[139.870458,36.314138],[139.870046,36.313888],[139.869758,36.313846],[139.869508,36.313846],[139.869208,36.313913],[139.868371,36.314346],[139.868183,36.314388],[139.867671,36.314096],[139.867309,36.313821],[139.867196,36.313804],[139.866621,36.314296],[139.865621,36.314979],[139.864809,36.315587],[139.864496,36.315246],[139.864334,36.315179],[139.863834,36.314688],[139.863496,36.314329],[139.863071,36.313738],[139.862934,36.313446],[139.862884,36.313421],[139.862884,36.313246],[139.862434,36.312838],[139.862121,36.312838],[139.862046,36.312813],[139.861796,36.312546],[139.861509,36.312504],[139.861259,36.312296],[139.860709,36.312188],[139.860597,36.312071],[139.860597,36.312029],[139.860372,36.311871],[139.860372,36.311804],[139.860197,36.311646],[139.859872,36.311579],[139.859759,36.311621],[139.859559,36.311529],[139.859247,36.31133],[139.859147,36.311396],[139.858922,36.311263],[139.858472,36.310746],[139.858272,36.310588],[139.857522,36.310521],[139.857109,36.31068],[139.856597,36.31068],[139.855822,36.310813],[139.854572,36.310929],[139.854147,36.310996],[139.853935,36.311129],[139.853685,36.311354],[139.85321,36.311446],[139.853147,36.311588],[139.85301,36.311654],[139.85296,36.311629],[139.852847,36.311429],[139.85271,36.311538],[139.852422,36.311446],[139.852147,36.311604],[139.851835,36.311604],[139.851472,36.311679],[139.85131,36.311788],[139.851222,36.311763],[139.85106,36.311588],[139.85081,36.311679],[139.85056,36.311929],[139.84961,36.311771],[139.84936,36.311629],[139.84866,36.311321],[139.848385,36.311138],[139.847885,36.310663],[139.84701,36.310146],[139.846623,36.309563],[139.846373,36.309288],[139.846173,36.308838],[139.845873,36.308505],[139.845673,36.308363],[139.84551,36.308371],[139.84531,36.308121],[139.845223,36.307871],[139.845198,36.307238],[139.84506,36.306746],[139.845085,36.306605],[139.84486,36.306363],[139.84461,36.306155],[139.844435,36.305913],[139.844298,36.305863],[139.843861,36.305846],[139.843498,36.305546],[139.843123,36.305013],[139.842911,36.304421],[139.842848,36.304221],[139.842623,36.303996],[139.842486,36.303721],[139.842261,36.303588],[139.842148,36.303388],[139.842261,36.303022],[139.842236,36.302847],[139.842148,36.30273],[139.842173,36.302463],[139.841873,36.302213],[139.841611,36.301922],[139.841311,36.301472],[139.841286,36.301247],[139.841173,36.301222],[139.840861,36.301247],[139.840836,36.301197],[139.840861,36.300997],[139.840811,36.300955],[139.840611,36.301047],[139.840523,36.301047],[139.840473,36.30093],[139.840498,36.300705],[139.840473,36.300663],[139.840361,36.300638],[139.840136,36.300888],[139.840086,36.300863],[139.840023,36.300705],[139.839886,36.300572],[139.839548,36.300455],[139.839498,36.300522],[139.839411,36.300522],[139.839386,36.300438],[139.839436,36.300255],[139.839411,36.300188],[139.839523,36.300055],[139.839523,36.300005],[139.839411,36.29998],[139.839361,36.300005],[139.839323,36.299897],[139.839098,36.299688],[139.838773,36.299238],[139.838661,36.298722],[139.837986,36.297414],[139.837374,36.296422],[139.836386,36.295255],[139.835799,36.294505],[139.835611,36.294172],[139.835349,36.293497],[139.835211,36.292347],[139.835236,36.291439],[139.835349,36.290989],[139.836036,36.289098],[139.836236,36.288398],[139.836836,36.286906],[139.838586,36.28359],[139.838724,36.283432],[139.839174,36.282482],[139.840699,36.27984],[139.840886,36.27939],[139.841161,36.278899],[139.841661,36.277724],[139.841774,36.277341],[139.841724,36.276366],[139.841499,36.275599],[139.841274,36.275358],[139.839536,36.274274],[139.838449,36.273466],[139.837974,36.273149],[139.837836,36.272991],[139.836249,36.271774],[139.835774,36.271366],[139.834987,36.270533],[139.834712,36.270108],[139.834262,36.268866],[139.834262,36.268758],[139.833787,36.267608],[139.833362,36.266933],[139.832999,36.266433],[139.832225,36.265575],[139.831525,36.264517],[139.83135,36.264208],[139.831275,36.263908],[139.8311,36.263525],[139.830762,36.262042],[139.830262,36.259925],[139.829638,36.257709],[139.829588,36.257284],[139.829363,36.256518],[139.8291,36.255076],[139.828988,36.254693],[139.828876,36.253743],[139.828763,36.253168],[139.828738,36.253101],[139.828763,36.25296],[139.828638,36.252285],[139.828426,36.251543],[139.827676,36.249843],[139.827014,36.248135],[139.826864,36.247577],[139.826776,36.247394],[139.826264,36.246819],[139.825164,36.245544],[139.824539,36.244836],[139.824289,36.244452],[139.823489,36.243494],[139.823152,36.242952],[139.822639,36.242286],[139.822377,36.242019],[139.822214,36.241686],[139.822089,36.241253],[139.821989,36.240494],[139.821989,36.239861],[139.821677,36.239753],[139.82159,36.239728],[139.821065,36.239536],[139.819477,36.238986],[139.818865,36.23882],[139.816715,36.238053],[139.815378,36.237661],[139.815153,36.237578],[139.815015,36.237553],[139.81484,36.23747],[139.814628,36.237403],[139.81409,36.237186],[139.813541,36.237036],[139.813003,36.236836],[139.795105,36.230853],[139.79458,36.230662],[139.794443,36.230637],[139.793768,36.230403],[139.792993,36.230162],[139.792568,36.230012],[139.792381,36.229962],[139.791956,36.229812],[139.789868,36.22907],[139.789056,36.228787],[139.788531,36.228662],[139.788031,36.228487],[139.787244,36.22827],[139.787081,36.228178],[139.786581,36.228028],[139.786431,36.227945],[139.785569,36.227728],[139.785494,36.227687],[139.785506,36.227345],[139.785419,36.22687],[139.785219,36.226737],[139.784969,36.226695],[139.784444,36.226745],[139.783756,36.226645],[139.783619,36.226603],[139.783369,36.226628],[139.783256,36.226603],[139.782619,36.22677],[139.782256,36.226778],[139.781282,36.22647],[139.780194,36.226053],[139.779719,36.225812],[139.779219,36.225503],[139.778682,36.225128],[139.778094,36.224778],[139.777707,36.22462],[139.777319,36.224537],[139.775557,36.224262],[139.775257,36.224112],[139.774832,36.223778],[139.77442,36.223695],[139.773395,36.223662],[139.772832,36.223512],[139.771682,36.222978],[139.770183,36.222412],[139.768033,36.221812],[139.765946,36.221095],[139.765308,36.22092],[139.763583,36.220353],[139.760484,36.219445],[139.759959,36.219228],[139.759109,36.218695],[139.758534,36.218428],[139.758359,36.218386],[139.758021,36.218211],[139.757297,36.21752],[139.756272,36.216345],[139.755884,36.216011],[139.754222,36.214745],[139.753722,36.214411],[139.751872,36.213261],[139.750835,36.212553],[139.75036,36.212312],[139.748648,36.211345],[139.748035,36.211053],[139.747348,36.210928],[139.74701,36.210912],[139.74681,36.21087],[139.746759,36.210882],[139.74496,36.20957],[139.744573,36.209345],[139.743248,36.208895],[139.742886,36.208737],[139.742186,36.208528],[139.741748,36.208328],[139.740661,36.207587],[139.739661,36.206954],[139.738936,36.20657],[139.738461,36.206387],[139.737636,36.205979],[139.736774,36.205645],[139.736436,36.205487],[139.736024,36.20557],[139.735549,36.205487],[139.735074,36.205304],[139.734636,36.205079],[139.734436,36.205012],[139.733574,36.204554],[139.730274,36.203071],[139.729662,36.202662],[139.728824,36.202212],[139.728074,36.201912],[139.727612,36.201646],[139.727387,36.201554],[139.727187,36.201821],[139.727074,36.202571],[139.726774,36.203804],[139.726687,36.203937],[139.726774,36.204304],[139.727374,36.205829],[139.727124,36.20597],[139.725737,36.206345],[139.724262,36.20657],[139.723874,36.206703],[139.721762,36.207178],[139.721599,36.207245],[139.720924,36.207395],[139.720374,36.207603],[139.720174,36.207712],[139.720099,36.207937],[139.720174,36.208437],[139.720124,36.208887],[139.719974,36.209287],[139.719949,36.209511],[139.719974,36.210011],[139.720224,36.210661],[139.720362,36.21127],[139.720087,36.211361],[139.719137,36.211495],[139.718637,36.211428],[139.718224,36.211428],[139.718062,36.211495],[139.717774,36.211536],[139.71745,36.211445],[139.716675,36.211103],[139.716362,36.210903],[139.716037,36.210228],[139.715862,36.209661],[139.714837,36.210045],[139.71445,36.210086],[139.714275,36.209978],[139.714087,36.209753],[139.71375,36.20982],[139.7122,36.21022],[139.710975,36.21047],[139.710863,36.21042],[139.710613,36.209836],[139.708863,36.210461],[139.708338,36.210619],[139.707551,36.210936],[139.707301,36.210819],[139.707076,36.210644],[139.706801,36.210303],[139.706551,36.209628],[139.706451,36.209136],[139.706551,36.20902],[139.706701,36.208978],[139.707063,36.208928],[139.707588,36.208911],[139.708113,36.208753],[139.708201,36.208503],[139.708063,36.207853],[139.708338,36.207378],[139.708401,36.206995],[139.708313,36.20677],[139.707788,36.205987],[139.707563,36.205537],[139.707401,36.205062],[139.707063,36.204179],[139.707126,36.204179],[139.707063,36.204112],[139.706601,36.202537],[139.706539,36.201887],[139.706464,36.201862],[139.706351,36.201904],[139.705601,36.202487],[139.704764,36.20332],[139.704426,36.203504],[139.703901,36.203704],[139.703426,36.203954],[139.703089,36.204062],[139.702476,36.204153],[139.702201,36.204104],[139.701976,36.203929],[139.701539,36.203429],[139.701426,36.203387],[139.700876,36.203362],[139.700014,36.20352],[139.698702,36.20397],[139.698539,36.20412],[139.698502,36.204553],[139.698589,36.20487],[139.698677,36.205562],[139.698727,36.20572],[139.698777,36.206328],[139.698552,36.206512],[139.698252,36.206553],[139.697914,36.206553],[139.697639,36.206462],[139.697389,36.206303],[139.696777,36.206012],[139.696139,36.205895],[139.695777,36.20592],[139.695252,36.206078],[139.694164,36.206462],[139.693614,36.206595],[139.693227,36.206637],[139.692727,36.206595],[139.692365,36.206503],[139.69139,36.206095],[139.69119,36.205962],[139.69059,36.205353],[139.690227,36.204628],[139.689752,36.203887],[139.689427,36.20312],[139.689227,36.202854],[139.689003,36.202287],[139.68889,36.202154],[139.688728,36.201679],[139.688478,36.201296],[139.688178,36.200621],[139.687953,36.199896],[139.68784,36.199737],[139.687403,36.200596],[139.68704,36.201629],[139.686815,36.202662],[139.686615,36.20332],[139.686503,36.20352],[139.686053,36.20372],[139.68559,36.203879],[139.685303,36.203854],[139.685115,36.203787],[139.683953,36.203179],[139.68364,36.202887],[139.683365,36.202462],[139.683178,36.201854],[139.682778,36.20142],[139.682366,36.201037],[139.682066,36.200879],[139.681703,36.200746],[139.681066,36.200612],[139.680566,36.200612],[139.680478,36.200587],[139.680041,36.200629],[139.679116,36.200787],[139.677666,36.20137],[139.677391,36.20157],[139.676841,36.202112],[139.676616,36.202428],[139.676279,36.203053],[139.675941,36.203528],[139.675604,36.204228],[139.675354,36.204903],[139.675104,36.20632],[139.675016,36.208028],[139.674791,36.208611],[139.674629,36.208836],[139.674204,36.209111],[139.673904,36.209219],[139.673541,36.209286],[139.672866,36.209311],[139.672341,36.209261],[139.671954,36.209153],[139.671154,36.208611],[139.669929,36.207661],[139.669154,36.207169],[139.668767,36.206986],[139.668267,36.206853],[139.667342,36.206736],[139.66688,36.206778],[139.666567,36.207003],[139.666067,36.207094],[139.664767,36.207136],[139.664542,36.207161],[139.664367,36.207269],[139.664142,36.207744],[139.664005,36.208352],[139.66403,36.208869],[139.664142,36.209161],[139.664455,36.209677],[139.665167,36.21051],[139.665392,36.210652],[139.665867,36.211035],[139.666529,36.211435],[139.667304,36.211777],[139.669254,36.212435],[139.669529,36.212702],[139.669779,36.213044],[139.669891,36.213402],[139.669916,36.213627],[139.669829,36.214577],[139.669654,36.215002],[139.669491,36.215293],[139.669291,36.215452],[139.668966,36.21561],[139.668516,36.215768],[139.667992,36.21601],[139.667267,36.216485],[139.667104,36.216726],[139.667067,36.217268],[139.667154,36.217743],[139.667179,36.218326],[139.667066,36.218668],[139.666841,36.219184],[139.665954,36.220034],[139.665642,36.220576],[139.665504,36.221168],[139.665529,36.222176],[139.665466,36.222692],[139.665491,36.223034],[139.665441,36.223434],[139.665129,36.223592],[139.664829,36.223501],[139.664054,36.223076],[139.663604,36.222917],[139.662142,36.222192],[139.661717,36.221901],[139.660442,36.221242],[139.659505,36.220859],[139.659305,36.220909],[139.65908,36.221042],[139.658917,36.221426],[139.658917,36.221651],[139.659017,36.221826],[139.659305,36.222101],[139.65958,36.222301],[139.660267,36.222959],[139.660904,36.223675],[139.661179,36.2242],[139.661242,36.224559],[139.661267,36.225234],[139.661179,36.225525],[139.660954,36.225934],[139.660317,36.226875],[139.659529,36.228],[139.659504,36.228175],[139.659592,36.228558],[139.659554,36.228717],[139.659704,36.228875],[139.659954,36.229017],[139.660092,36.229033],[139.660279,36.228992],[139.660567,36.228875],[139.660817,36.228858],[139.661167,36.2289],[139.662004,36.229267],[139.662504,36.229583],[139.662891,36.229966],[139.663091,36.230208],[139.663116,36.230391],[139.663029,36.230616],[139.662866,36.230708],[139.662554,36.230708],[139.661829,36.23055],[139.661666,36.230458],[139.660729,36.230141],[139.659667,36.229866],[139.659054,36.229841],[139.658467,36.229908],[139.657967,36.230041],[139.657779,36.230158],[139.657642,36.230341],[139.657692,36.230516],[139.657917,36.23065],[139.658192,36.230725],[139.658417,36.230808],[139.658642,36.230858],[139.658942,36.231016],[139.659142,36.231175],[139.659167,36.231375],[139.659104,36.231425],[139.658804,36.231466],[139.657554,36.231175],[139.657129,36.231125],[139.656354,36.230966],[139.655555,36.231125],[139.65508,36.231283],[139.654217,36.231641],[139.65383,36.231866],[139.65383,36.232041],[139.65393,36.232333],[139.65413,36.232541],[139.654854,36.233174],[139.655242,36.233733],[139.655267,36.233933],[139.655229,36.234116],[139.655129,36.234208],[139.654567,36.234091],[139.654567,36.234316],[139.654679,36.234991],[139.654617,36.235199],[139.654229,36.236007],[139.653617,36.236857],[139.653504,36.236949],[139.653117,36.237082],[139.653004,36.237082],[139.652754,36.237241],[139.652392,36.237582],[139.652167,36.237849],[139.651892,36.238007],[139.651555,36.238099],[139.65128,36.238207],[139.651217,36.23859],[139.65108,36.238815],[139.650555,36.239132],[139.650442,36.239107],[139.65028,36.238499],[139.65008,36.238315],[139.64983,36.238182],[139.649192,36.237957],[139.648805,36.237891],[139.648667,36.237957],[139.648467,36.238115],[139.648217,36.238449],[139.647855,36.238815],[139.647217,36.239215],[139.646405,36.240024],[139.645955,36.24034],[139.645518,36.240474],[139.645293,36.240474],[139.645093,36.240207],[139.645018,36.239732],[139.645018,36.23944],[139.644905,36.23874],[139.64438,36.23759],[139.643831,36.236915],[139.643168,36.236282],[139.642468,36.235674],[139.641918,36.235382],[139.641718,36.235399],[139.641556,36.235474],[139.641418,36.235624],[139.641406,36.236215],[139.641543,36.23734],[139.641956,36.238915],[139.641981,36.239324],[139.642181,36.239815],[139.64243,36.240107],[139.642455,36.240357],[139.642368,36.241098],[139.642118,36.241798],[139.641893,36.242157],[139.641468,36.242765],[139.640693,36.243548],[139.638906,36.245081],[139.637368,36.246948],[139.636756,36.248164],[139.636593,36.248656],[139.636168,36.249531],[139.635856,36.250297],[139.635556,36.250864],[139.635193,36.251064],[139.634856,36.251689],[139.634856,36.251781],[139.634768,36.251964],[139.634218,36.252747],[139.633881,36.253164],[139.633831,36.253264],[139.633693,36.25338],[139.633219,36.253589],[139.632944,36.253614],[139.632556,36.253547],[139.631856,36.253572],[139.631556,36.253689],[139.631269,36.253889],[139.630994,36.254255],[139.630894,36.254522],[139.630781,36.255038],[139.630844,36.255563],[139.630956,36.255988],[139.631181,36.256438],[139.631381,36.25673],[139.631831,36.257247],[139.632731,36.258005],[139.633881,36.258855],[139.634643,36.259438],[139.635193,36.259863],[139.635681,36.260288],[139.636181,36.260872],[139.636356,36.261205],[139.636443,36.26163],[139.636718,36.262055],[139.636981,36.262346],[139.637618,36.26268],[139.638143,36.26288],[139.63993,36.263346],[139.640693,36.263496],[139.641492,36.263721],[139.642005,36.263938],[139.642392,36.264255],[139.642592,36.264521],[139.642817,36.265171],[139.643017,36.265988],[139.642942,36.266321],[139.64278,36.266638],[139.642692,36.266729],[139.642167,36.267029],[139.64183,36.267071],[139.641055,36.266538],[139.639905,36.265804],[139.638018,36.264413],[139.637631,36.264171],[139.637331,36.264063],[139.637106,36.264013],[139.636856,36.264088],[139.636718,36.264263],[139.636668,36.264763],[139.636506,36.265146],[139.636118,36.265938],[139.635793,36.266438],[139.635568,36.266688],[139.635356,36.267021],[139.635081,36.267546],[139.634619,36.268562],[139.634206,36.269671],[139.634044,36.269937],[139.634019,36.270054],[139.633469,36.27057],[139.633044,36.27087],[139.632719,36.271054],[139.632406,36.271145],[139.631057,36.27147],[139.629444,36.271612],[139.628769,36.271612],[139.628607,36.27157],[139.626907,36.27142],[139.625844,36.271412],[139.625232,36.271478],[139.624757,36.271595],[139.62382,36.272053],[139.623495,36.272345],[139.62272,36.272978],[139.62197,36.273594],[139.621767,36.27368],[139.621607,36.273803],[139.620857,36.274153],[139.62037,36.274294],[139.619595,36.274394],[139.61907,36.274427],[139.618095,36.274344],[139.617095,36.274086],[139.616983,36.274086],[139.61637,36.273844],[139.615808,36.273536],[139.615245,36.273119],[139.614395,36.272252],[139.614145,36.271894],[139.612958,36.270444],[139.612045,36.269553],[139.611233,36.268994],[139.610033,36.268469],[139.609308,36.268228],[139.608646,36.268061],[139.607783,36.267978],[139.607371,36.268028],[139.606483,36.268061],[139.605958,36.268111],[139.603796,36.268186],[139.602996,36.268261],[139.600396,36.268386],[139.599559,36.268352],[139.597984,36.268369],[139.596872,36.268427],[139.596347,36.26841],[139.594272,36.268552],[139.593447,36.268585],[139.592947,36.268635],[139.591835,36.268668],[139.590485,36.268685],[139.58976,36.268602],[139.589623,36.26856],[139.588598,36.268527],[139.588348,36.268577],[139.586661,36.268935],[139.585561,36.26911],[139.584536,36.269185],[139.583948,36.269168],[139.583311,36.269043],[139.582811,36.268868],[139.581636,36.268343],[139.580886,36.268035],[139.580236,36.267751],[139.579599,36.267535],[139.578849,36.267227],[139.577874,36.266943],[139.577087,36.266777],[139.575375,36.266751],[139.57405,36.266793],[139.572575,36.266943],[139.572225,36.267085],[139.571838,36.26731],[139.571488,36.267609],[139.571125,36.267859],[139.570575,36.268051],[139.57025,36.268051],[139.569688,36.267951],[139.568325,36.267759],[139.565513,36.267168],[139.564238,36.267001],[139.562914,36.266926],[139.562214,36.266959],[139.561526,36.267101],[139.560926,36.267292],[139.560151,36.267817],[139.558952,36.268892],[139.557952,36.269875],[139.556402,36.271333],[139.554214,36.273233],[139.553714,36.2736],[139.55352,36.273821],[139.553589,36.273866],[139.555876,36.276658],[139.555914,36.277016],[139.555539,36.277649],[139.555264,36.277949],[139.554526,36.278607],[139.553514,36.279324],[139.553101,36.279532],[139.552639,36.279674],[139.552276,36.279674],[139.551776,36.279524],[139.551526,36.279299],[139.551326,36.278966],[139.550951,36.278449],[139.550614,36.278324],[139.550064,36.278307],[139.550014,36.278349],[139.549689,36.279074],[139.549376,36.280165],[139.549101,36.280524],[139.548826,36.280615],[139.548476,36.28069],[139.548414,36.280624],[139.548014,36.279799],[139.547927,36.279507],[139.547689,36.279074],[139.547377,36.278699],[139.546677,36.277982],[139.544652,36.276324],[139.544402,36.276258],[139.544264,36.276166],[139.544064,36.275808],[139.542402,36.276216],[139.540364,36.276782],[139.540064,36.276891],[139.539877,36.277007],[139.539852,36.277166],[139.540327,36.277949],[139.540364,36.278174],[139.540339,36.278241],[139.540089,36.278357],[139.539927,36.278566],[139.540014,36.27899],[139.540252,36.279507],[139.540339,36.279957],[139.540314,36.28014],[139.540102,36.280324],[139.539689,36.280574],[139.538477,36.281174],[139.537927,36.28129],[139.537202,36.281482],[139.537039,36.281598],[139.536789,36.28169],[139.536439,36.281765],[139.536402,36.281673],[139.536239,36.281448],[139.535302,36.280532],[139.535077,36.280249],[139.535127,36.279949],[139.535265,36.279474],[139.535277,36.279115],[139.53459,36.279015],[139.534427,36.279057],[139.533902,36.279449],[139.533815,36.27954],[139.532527,36.279824],[139.532252,36.279965],[139.532002,36.280149],[139.531627,36.28099],[139.531515,36.281123],[139.53119,36.281373],[139.529815,36.282132],[139.529352,36.28234],[139.52894,36.282598],[139.528615,36.28289],[139.528052,36.283756],[139.52769,36.284073],[139.52734,36.284306],[139.526977,36.284448],[139.526515,36.28454],[139.52609,36.284573],[139.525627,36.28464],[139.525177,36.284673],[139.52479,36.284606],[139.52459,36.284473],[139.524228,36.284098],[139.523865,36.283623],[139.523603,36.283448],[139.523328,36.283456],[139.523003,36.283506],[139.52289,36.283481],[139.522603,36.28319],[139.522128,36.282473],[139.52159,36.281831],[139.521128,36.281381],[139.520628,36.281056],[139.520128,36.280815],[139.51949,36.280706],[139.518516,36.280898],[139.518166,36.281015],[139.517053,36.281273],[139.516616,36.281348],[139.515703,36.281223],[139.514916,36.281031],[139.514753,36.280923],[139.514528,36.280631],[139.514466,36.280498],[139.514266,36.279665],[139.514116,36.279373],[139.513953,36.279215],[139.513828,36.278948],[139.513553,36.278656],[139.513153,36.278415],[139.513128,36.278373],[139.512429,36.278181],[139.512241,36.278181],[139.511654,36.278281],[139.511054,36.278331],[139.509754,36.278506],[139.509279,36.278623],[139.508891,36.278781],[139.507341,36.279839],[139.506404,36.280373],[139.505717,36.280689],[139.504617,36.280998],[139.504029,36.281098],[139.503642,36.281122],[139.503429,36.281081],[139.503229,36.280997],[139.502754,36.280614],[139.502467,36.280306],[139.501979,36.279364],[139.501717,36.278398],[139.501455,36.277548],[139.501105,36.276848],[139.50093,36.276631],[139.500517,36.276273],[139.50023,36.276098],[139.50018,36.276006],[139.500005,36.27599],[139.49998,36.276031],[139.499117,36.27579],[139.49818,36.275623],[139.497343,36.275406],[139.496779,36.275411],[139.495918,36.275415],[139.495593,36.275323],[139.495305,36.275081],[139.494855,36.274565],[139.494518,36.274281],[139.494268,36.274123],[139.493681,36.273973],[139.492406,36.27379],[139.491881,36.273773],[139.491518,36.273906],[139.491268,36.27414],[139.491193,36.274523],[139.491206,36.274856],[139.491106,36.275356],[139.490943,36.275565],[139.490693,36.275748],[139.490118,36.275931],[139.489281,36.276098],[139.488868,36.276106],[139.488506,36.276064],[139.487506,36.275765],[139.486394,36.275323],[139.485919,36.275215],[139.485444,36.275181],[139.485169,36.275048],[139.484744,36.274648],[139.484157,36.274181],[139.483819,36.273981],[139.483732,36.273956],[139.483669,36.273756],[139.483757,36.27349],[139.483744,36.273173],[139.483557,36.273057],[139.483382,36.273015],[139.483019,36.272998],[139.482882,36.27289],[139.482819,36.272573],[139.482819,36.272165],[139.482594,36.272032],[139.482207,36.271973],[139.481757,36.271957],[139.481419,36.27164],[139.481244,36.271423],[139.480969,36.271357],[139.480719,36.271407],[139.479732,36.27209],[139.479357,36.272257],[139.478182,36.272223],[139.477582,36.272273],[139.477145,36.272415],[139.476645,36.272623],[139.475745,36.273265],[139.475382,36.273631],[139.475282,36.273973],[139.475382,36.274581],[139.475557,36.275164],[139.47562,36.275614],[139.475457,36.275748],[139.47422,36.276281],[139.473807,36.276331],[139.472995,36.276122],[139.472682,36.275989],[139.47152,36.275756],[139.471458,36.275639],[139.471458,36.275348],[139.471583,36.274398],[139.471795,36.273881],[139.471945,36.273498],[139.471945,36.273381],[139.47227,36.272948],[139.472658,36.272581],[139.472695,36.271731],[139.472583,36.271415],[139.472383,36.271056],[139.472095,36.270698],[139.471783,36.27059],[139.47052,36.27074],[139.469883,36.270773],[139.469545,36.270681],[139.469233,36.270531],[139.468958,36.270515],[139.468633,36.270673],[139.467483,36.271431],[139.467146,36.27159],[139.466646,36.271623],[139.465733,36.271381],[139.464408,36.271464],[139.463996,36.271539],[139.463658,36.271681],[139.463308,36.271889],[139.462646,36.272164],[139.462459,36.272373],[139.462434,36.272464],[139.462521,36.272864],[139.462633,36.273064],[139.462558,36.273314],[139.462309,36.273431],[139.461759,36.273572],[139.461259,36.273989],[139.461021,36.274147],[139.460109,36.274381],[139.459834,36.274747],[139.459571,36.275381],[139.459321,36.27568],[139.459084,36.275905],[139.458559,36.276247],[139.458509,36.276364],[139.458546,36.276764],[139.458634,36.276905],[139.458971,36.277122],[139.459859,36.277564],[139.460196,36.27763],[139.460383,36.277622],[139.460696,36.277572],[139.461021,36.27768],[139.461258,36.278105],[139.461283,36.278222],[139.461571,36.27853],[139.462383,36.279022],[139.462883,36.279263],[139.463183,36.27928],[139.463771,36.279139],[139.464183,36.27893],[139.464508,36.278855],[139.46557,36.279097],[139.46587,36.279089],[139.466508,36.279014],[139.46737,36.27898],[139.468083,36.278997],[139.46822,36.278947],[139.468383,36.278764],[139.46852,36.278764],[139.468558,36.278897],[139.468483,36.279214],[139.468395,36.279305],[139.467633,36.279605],[139.46727,36.279839],[139.467245,36.279905],[139.46727,36.280113],[139.467395,36.280355],[139.46742,36.280538],[139.467258,36.280738],[139.46652,36.281313],[139.466383,36.281405],[139.465033,36.281963],[139.464683,36.282188],[139.464333,36.28258],[139.463833,36.282788],[139.46337,36.283063],[139.463008,36.283388],[139.462558,36.283996],[139.46247,36.284155],[139.462583,36.284354],[139.462533,36.284446],[139.461983,36.284704],[139.461296,36.284913],[139.460933,36.285054],[139.460421,36.285963],[139.460433,36.286254],[139.460521,36.286546],[139.460771,36.286796],[139.460883,36.286971],[139.460833,36.287104],[139.460508,36.287379],[139.459658,36.287979],[139.459133,36.288371],[139.458758,36.288554],[139.457846,36.288812],[139.457271,36.289137],[139.457046,36.289229],[139.455496,36.289087],[139.454996,36.289095],[139.454384,36.289079],[139.454196,36.289037],[139.454134,36.288987],[139.454434,36.288787],[139.454659,36.288579],[139.454484,36.288445],[139.443647,36.288237],[139.443522,36.293786],[139.442985,36.294261],[139.442235,36.294769],[139.44086,36.295353],[139.439872,36.295944],[139.439222,36.296519],[139.438922,36.296727],[139.437873,36.296986],[139.437098,36.297111],[139.436898,36.296661],[139.436498,36.296236],[139.436448,36.296011],[139.43641,36.295603],[139.436073,36.295203],[139.435923,36.294844],[139.435948,36.294578],[139.436123,36.293603],[139.436135,36.293045],[139.43576,36.292028],[139.435511,36.291986],[139.435211,36.292086],[139.434961,36.292286],[139.434948,36.292628],[139.434861,36.292878],[139.434673,36.293128],[139.434486,36.293261],[139.432761,36.294278],[139.431636,36.295053],[139.430923,36.295444],[139.430611,36.295561],[139.430398,36.295703],[139.430423,36.295861],[139.430486,36.295903],[139.430773,36.296644],[139.431048,36.298377],[139.431186,36.29991],[139.431486,36.301077],[139.431461,36.301252],[139.431223,36.301394],[139.430636,36.301668],[139.429048,36.302543],[139.426961,36.303585],[139.426661,36.303818],[139.426636,36.303927],[139.426749,36.304176],[139.426974,36.304468],[139.427036,36.304985],[139.427186,36.30521],[139.427386,36.305335],[139.427911,36.305493],[139.429023,36.305743],[139.429223,36.305926],[139.429248,36.306176],[139.428598,36.306451],[139.427461,36.306851],[139.426911,36.307076],[139.426586,36.307309],[139.426011,36.307876],[139.425486,36.307859],[139.424211,36.307859],[139.423349,36.307893],[139.423024,36.308009],[139.422762,36.308751],[139.422649,36.308934],[139.422237,36.309051],[139.421687,36.309259],[139.421599,36.309326],[139.420824,36.310334],[139.420524,36.310809],[139.419887,36.312617],[139.419724,36.312759],[139.41945,36.31285],[139.4189,36.312992],[139.418925,36.313217],[139.41905,36.313417],[139.419075,36.313575],[139.418737,36.313625],[139.418575,36.313509],[139.4184,36.313267],[139.417987,36.312959],[139.4177,36.312867],[139.41745,36.312942],[139.417187,36.313125],[139.416912,36.313467],[139.416725,36.313825],[139.417112,36.314158],[139.415713,36.315916],[139.4175,36.317016],[139.417225,36.317291],[139.416537,36.317616],[139.415713,36.317825],[139.415525,36.317991],[139.415475,36.318149],[139.415475,36.318466],[139.415563,36.318733],[139.415463,36.319316],[139.415525,36.319591],[139.415688,36.319858],[139.415975,36.320124],[139.4164,36.320366],[139.416562,36.320433],[139.4169,36.320499],[139.417125,36.320608],[139.418187,36.321516],[139.417912,36.321724],[139.417175,36.322116],[139.416787,36.322207],[139.416313,36.322282],[139.4161,36.322357],[139.415875,36.322516],[139.4158,36.322716],[139.416063,36.323257],[139.415838,36.323574],[139.415538,36.323849],[139.4154,36.323916],[139.414963,36.324241],[139.4148,36.32449],[139.414675,36.324849],[139.414788,36.325049],[139.41555,36.32599],[139.416163,36.325915],[139.416962,36.325499],[139.4171,36.325607],[139.417325,36.326032],[139.417937,36.326182],[139.418325,36.326357],[139.41845,36.326674],[139.41845,36.326899],[139.418512,36.32699],[139.418812,36.327099],[139.419462,36.326457],[139.420012,36.325774],[139.4198,36.324807],[139.4198,36.324516],[139.41995,36.324107],[139.420137,36.323841],[139.420387,36.323357],[139.420487,36.322999],[139.420575,36.322949],[139.421474,36.322583],[139.421837,36.322533],[139.421899,36.322558],[139.422449,36.322932],[139.422762,36.323216],[139.422937,36.323532],[139.423062,36.324024],[139.423062,36.324341],[139.422962,36.324932],[139.423024,36.325266],[139.423137,36.325357],[139.423299,36.325307],[139.423437,36.325216],[139.423674,36.324357],[139.423887,36.323974],[139.424049,36.323816],[139.424524,36.323832],[139.425324,36.323841],[139.425936,36.323882],[139.426274,36.323991],[139.426436,36.324141],[139.426561,36.324416],[139.426699,36.325016],[139.426636,36.325632],[139.426836,36.325874],[139.426449,36.326332],[139.426599,36.326757],[139.426661,36.327024],[139.426361,36.327324],[139.425849,36.32814],[139.424974,36.328874],[139.424887,36.328899],[139.424662,36.328832],[139.424474,36.328807],[139.422949,36.330698],[139.423437,36.331123],[139.423437,36.33119],[139.423299,36.331415],[139.422912,36.331823],[139.422787,36.332098],[139.422025,36.33274],[139.421037,36.33354],[139.420412,36.334132],[139.420162,36.334498],[139.4193,36.335406],[139.418687,36.335681],[139.418525,36.335798],[139.4182,36.33614],[139.417962,36.336481],[139.417862,36.336623],[139.417088,36.337031],[139.415425,36.337964],[139.415025,36.338131],[139.414638,36.338181],[139.414413,36.338139],[139.413613,36.337731],[139.413288,36.337798],[139.412213,36.338281],[139.410788,36.339048],[139.409526,36.339656],[139.405664,36.341706],[139.400851,36.343914],[139.398951,36.344905],[139.398051,36.345339],[139.393589,36.347655],[139.393252,36.347905],[139.392202,36.348813],[139.391739,36.349288],[139.391189,36.349996],[139.390464,36.351138],[139.389689,36.352688],[139.388877,36.354112],[139.388302,36.354912],[139.387964,36.355204],[139.387089,36.355754],[139.38534,36.356645],[139.384065,36.357287],[139.383402,36.357512],[139.38304,36.357695],[139.382565,36.358087],[139.38229,36.358245],[139.381402,36.358587],[139.380527,36.358953],[139.378165,36.36002],[139.37774,36.360337],[139.375903,36.361878],[139.374815,36.362661],[139.373678,36.363678],[139.372878,36.364269],[139.37179,36.364936],[139.371528,36.365078],[139.370465,36.365936],[139.370278,36.366094],[139.369441,36.366686],[139.369191,36.366936],[139.368603,36.367402],[139.368191,36.367811],[139.367441,36.368761],[139.367078,36.369302],[139.366716,36.36996],[139.366503,36.370477],[139.366391,36.370927],[139.366441,36.371269],[139.366591,36.371402],[139.36684,36.37151],[139.367365,36.371402],[139.367503,36.371419],[139.367615,36.37151],[139.367778,36.371802],[139.368153,36.372552],[139.368178,36.372868],[139.36809,36.373043],[139.367703,36.373652],[139.36759,36.373993],[139.36759,36.374493],[139.367703,36.374802],[139.367828,36.375551],[139.367653,36.376093],[139.367265,36.376968],[139.36669,36.37801],[139.366465,36.378801],[139.366278,36.379409],[139.366103,36.379701],[139.36564,36.380218],[139.365103,36.380651],[139.365028,36.380784],[139.365053,36.381151],[139.364965,36.381168],[139.363665,36.381759],[139.362965,36.382251],[139.362765,36.382459],[139.362103,36.382976],[139.36174,36.383226],[139.361103,36.383726],[139.361053,36.383809],[139.361015,36.384017],[139.361053,36.384284],[139.36124,36.384851],[139.361553,36.385275],[139.362452,36.3858],[139.362752,36.386092],[139.363177,36.386559],[139.363927,36.38755],[139.36449,36.388117],[139.364965,36.388683],[139.365077,36.388908],[139.365077,36.3892],[139.36499,36.389583],[139.36499,36.389833],[139.365077,36.389992],[139.365277,36.39015],[139.365664,36.390233],[139.365914,36.390325],[139.366639,36.391141],[139.366889,36.391658],[139.367402,36.392333],[139.367902,36.392666],[139.368102,36.393008],[139.368102,36.393191],[139.368439,36.394066],[139.368602,36.394883],[139.368577,36.395149],[139.368602,36.395558],[139.368826,36.396208],[139.369051,36.396549],[139.369589,36.397516],[139.369889,36.397874],[139.371039,36.398349],[139.371376,36.398441],[139.371764,36.398599],[139.371951,36.398624],[139.372301,36.398682],[139.374051,36.399207],[139.374551,36.399466],[139.374963,36.399732],[139.375213,36.399932],[139.375376,36.400124],[139.375601,36.400657],[139.375738,36.40179],[139.375776,36.402382],[139.375626,36.403048],[139.375663,36.40329],[139.376363,36.404523],[139.37635,36.404698],[139.375775,36.405198],[139.375475,36.405573],[139.375463,36.405807],[139.375638,36.406115],[139.376275,36.406615],[139.376413,36.406956],[139.376563,36.407781],[139.376763,36.408465],[139.376725,36.40954],[139.376625,36.409939],[139.376688,36.410548],[139.37685,36.410998],[139.377775,36.412714],[139.37795,36.412947],[139.378337,36.413306],[139.378387,36.413456],[139.37835,36.413781],[139.378412,36.414322],[139.378587,36.414597],[139.378712,36.414664],[139.379825,36.414914],[139.38015,36.415122],[139.38035,36.415456],[139.380512,36.415964],[139.380562,36.41683],[139.3807,36.417155],[139.382137,36.418447],[139.382324,36.418547],[139.382524,36.418622],[139.383349,36.418697],[139.384299,36.419005],[139.384687,36.419172],[139.384999,36.41938],[139.385174,36.419638],[139.385324,36.419805],[139.385749,36.420438],[139.385862,36.420797],[139.385837,36.42143],[139.385912,36.421655],[139.386136,36.421946],[139.386311,36.422055],[139.386561,36.422171],[139.387036,36.42228],[139.387399,36.422255],[139.388536,36.422121],[139.388874,36.422305],[139.389236,36.422613],[139.389761,36.42318],[139.390236,36.423738],[139.390486,36.423963],[139.390848,36.424121],[139.391736,36.424305],[139.391798,36.424371],[139.391773,36.424713],[139.391886,36.425388],[139.392073,36.426013],[139.392111,36.426263],[139.391973,36.427163],[139.391973,36.427388],[139.392186,36.428071],[139.392523,36.428496],[139.392723,36.428654],[139.393898,36.428854],[139.394111,36.428987],[139.394223,36.429121],[139.394398,36.430096],[139.394586,36.430429],[139.394948,36.430837],[139.395011,36.431129],[139.394736,36.432145],[139.394786,36.432662],[139.394873,36.433004],[139.394848,36.43327],[139.394536,36.43372],[139.394461,36.433904],[139.394436,36.434079],[139.394623,36.43442],[139.394935,36.434554],[139.395548,36.434645],[139.395935,36.434737],[139.396273,36.43487],[139.39691,36.43532],[139.397548,36.435637],[139.39811,36.43572],[139.398973,36.435745],[139.39936,36.435787],[139.39961,36.435853],[139.400647,36.436487],[139.400947,36.436578],[139.401372,36.43662],[139.401922,36.436645],[139.402172,36.436712],[139.402422,36.43682],[139.402784,36.437112],[139.403297,36.43772],[139.403372,36.437878],[139.403322,36.438762],[139.403459,36.439028],[139.403734,36.439236],[139.404072,36.439661],[139.404472,36.440336],[139.404547,36.440586],[139.404522,36.44097],[139.404409,36.44142],[139.404546,36.441803],[139.404884,36.442478],[139.405059,36.443178],[139.405084,36.444344],[139.404971,36.444911],[139.404946,36.445003],[139.405034,36.445094],[139.405446,36.445111],[139.405834,36.445203],[139.406396,36.445653],[139.406558,36.445703],[139.406733,36.445836],[139.407233,36.446011],[139.407821,36.446261],[139.408096,36.446486],[139.409296,36.447902],[139.409633,36.448494],[139.41002,36.448961],[139.410358,36.449119],[139.410858,36.449252],[139.411195,36.449302],[139.411583,36.449477],[139.411745,36.449636],[139.41192,36.449952],[139.412258,36.450835],[139.412345,36.451302],[139.412345,36.451602],[139.412057,36.45261],[139.411757,36.453677],[139.411782,36.454077],[139.411895,36.45426],[139.41207,36.454735],[139.411957,36.455277],[139.41162,36.455477],[139.411345,36.455518],[139.41087,36.455543],[139.410732,36.45561],[139.41057,36.455752],[139.40962,36.45681],[139.40937,36.456968],[139.409145,36.457126],[139.409032,36.457351],[139.408757,36.457735],[139.408508,36.457801],[139.408395,36.457918],[139.408345,36.458051],[139.408532,36.458276],[139.408845,36.45846],[139.40932,36.458501],[139.409645,36.458451],[139.410157,36.458435],[139.410707,36.458451],[139.411382,36.45861],[139.411607,36.458885],[139.411907,36.459509],[139.412157,36.459826],[139.412382,36.460026],[139.413019,36.460409],[139.413382,36.460659],[139.414057,36.461243],[139.414444,36.461759],[139.414694,36.461901],[139.414869,36.461918],[139.416319,36.461359],[139.417706,36.460901],[139.417906,36.460793],[139.418156,36.460518],[139.418181,36.460268],[139.418119,36.459976],[139.418144,36.459801],[139.418069,36.459118],[139.418119,36.458893],[139.418206,36.45881],[139.418869,36.458443],[139.419094,36.458193],[139.419144,36.458176],[139.419644,36.457677],[139.419681,36.45761],[139.420181,36.457252],[139.420569,36.457093],[139.420906,36.457002],[139.421231,36.456952],[139.421681,36.456977],[139.421881,36.457043],[139.422769,36.457535],[139.423331,36.457943],[139.424531,36.459027],[139.424893,36.459185],[139.425218,36.459268],[139.425643,36.459335],[139.425918,36.459335],[139.426418,36.459268],[139.426781,36.459135],[139.426981,36.459135],[139.427281,36.459177],[139.427593,36.459177],[139.427956,36.459068],[139.42868,36.458702],[139.429318,36.458502],[139.43038,36.458002],[139.430993,36.457527],[139.431355,36.45771],[139.43143,36.457819],[139.431405,36.457977],[139.431155,36.458427],[139.430905,36.459018],[139.430993,36.45951],[139.43113,36.459735],[139.431218,36.45996],[139.431243,36.460393],[139.431155,36.460618],[139.431105,36.46066],[139.43058,36.460802],[139.43013,36.460843],[139.429793,36.46091],[139.429543,36.461027],[139.429518,36.461276],[139.429605,36.461501],[139.429793,36.461676],[139.43033,36.462018],[139.430443,36.462218],[139.430668,36.462468],[139.431167,36.462601],[139.43153,36.462735],[139.43208,36.463318],[139.43248,36.463635],[139.43278,36.463768],[139.433205,36.463885],[139.435017,36.46411],[139.435342,36.464218],[139.435384,36.464261],[139.435379,36.464285],[139.435404,36.46476],[139.435492,36.465143],[139.435879,36.46571],[139.436104,36.465868],[139.436467,36.466043],[139.436554,36.466176],[139.436829,36.467084],[139.436854,36.467309],[139.436692,36.467918],[139.436717,36.468368],[139.436891,36.468634],[139.436916,36.469451],[139.437054,36.469742],[139.437254,36.469992],[139.437279,36.470217],[139.437229,36.470709],[139.437316,36.471092],[139.437429,36.471384],[139.437291,36.472109],[139.437291,36.472492],[139.437366,36.472875],[139.437654,36.473684],[139.437766,36.47425],[139.438103,36.474925],[139.437991,36.474975],[139.436816,36.474792],[139.436341,36.474683],[139.435641,36.474458],[139.435116,36.474167],[139.434704,36.473717],[139.434166,36.472925],[139.433966,36.472742],[139.433167,36.472409],[139.432942,36.4722],[139.432604,36.471775],[139.432329,36.471484],[139.431829,36.471284],[139.431492,36.471259],[139.431292,36.471325],[139.431042,36.471459],[139.430879,36.4716],[139.431067,36.471734],[139.431492,36.472184],[139.431579,36.472434],[139.431442,36.472925],[139.431492,36.473625],[139.431467,36.473783],[139.431354,36.473967],[139.431167,36.474125],[139.430554,36.474483],[139.430517,36.474575],[139.430654,36.474683],[139.430992,36.475092],[139.431217,36.475858],[139.431167,36.476041],[139.430717,36.476358],[139.430692,36.476583],[139.430604,36.477233],[139.430504,36.477483],[139.430666,36.477841],[139.430666,36.477958],[139.430504,36.478208],[139.430279,36.478316],[139.429667,36.478433],[139.429604,36.478541],[139.429666,36.478791],[139.429941,36.479358],[139.430004,36.479691],[139.429941,36.479941],[139.429979,36.480591],[139.429954,36.481224],[139.429779,36.482041],[139.429729,36.482124],[139.429666,36.482174],[139.429479,36.482441],[139.429116,36.482757],[139.427804,36.483349],[139.427591,36.483549],[139.427279,36.483732],[139.426866,36.48384],[139.426442,36.483999],[139.426104,36.484299],[139.425967,36.484682],[139.426004,36.484882],[139.426191,36.485357],[139.426391,36.485649],[139.426391,36.486057],[139.426304,36.486373],[139.426279,36.486532],[139.426954,36.487523],[139.427004,36.487657],[139.427341,36.48874],[139.427791,36.489748],[139.427966,36.49004],[139.428016,36.490248],[139.428016,36.490448],[139.427829,36.490581],[139.427541,36.490631],[139.426929,36.490565],[139.425929,36.49029],[139.425391,36.490223],[139.425091,36.490248],[139.424091,36.490456],[139.423641,36.490498],[139.423254,36.490456],[139.423004,36.49039],[139.422254,36.490365],[139.421917,36.490406],[139.421417,36.490639],[139.421217,36.490881],[139.421104,36.491223],[139.421329,36.491831],[139.422367,36.492931],[139.422591,36.493248],[139.422641,36.493431],[139.422529,36.493681],[139.422254,36.493814],[139.420617,36.494106],[139.419967,36.494289],[139.419667,36.494422],[139.418917,36.494806],[139.418667,36.494856],[139.417942,36.494881],[139.417904,36.494972],[139.417992,36.495214],[139.418242,36.495822],[139.418329,36.496164],[139.418354,36.49648],[139.418279,36.497064],[139.418104,36.497422],[139.418142,36.497763],[139.418392,36.498238],[139.419567,36.499972],[139.419679,36.50038],[139.419117,36.50083],[139.418979,36.501121],[139.419042,36.501305],[139.419204,36.50148],[139.419342,36.501705],[139.419342,36.501863],[139.419067,36.502246],[139.419154,36.502363],[139.420354,36.502813],[139.420766,36.503038],[139.421154,36.503238],[139.421466,36.503463],[139.422441,36.504088],[139.422779,36.504246],[139.423004,36.504471],[139.423079,36.504671],[139.423116,36.505171],[139.423553,36.505846],[139.423891,36.506321],[139.424003,36.506587],[139.424028,36.506771],[139.423978,36.506971],[139.423753,36.507312],[139.423428,36.507604],[139.423003,36.507854],[139.422453,36.508037],[139.422203,36.508196],[139.421891,36.508579],[139.421753,36.50887],[139.421778,36.509095],[139.421866,36.509187],[139.422616,36.509587],[139.424353,36.510354],[139.424628,36.510379],[139.425066,36.510237],[139.425465,36.510329],[139.425878,36.510487],[139.426303,36.510554],[139.42699,36.510595],[139.427778,36.510754],[139.42789,36.510937],[139.428165,36.511729],[139.428503,36.512512],[139.428703,36.512737],[139.42939,36.512895],[139.429527,36.51292],[139.429927,36.513053],[139.430252,36.513253],[139.43054,36.513595],[139.430765,36.513953],[139.431065,36.514203],[139.431402,36.514562],[139.431452,36.514853],[139.431377,36.515053],[139.431427,36.515487],[139.431627,36.515753],[139.431852,36.515936],[139.431627,36.516345],[139.431652,36.516678],[139.431577,36.517061],[139.431602,36.517128],[139.431765,36.517245],[139.432327,36.517178],[139.432689,36.517178],[139.432802,36.517336],[139.432827,36.517853],[139.432777,36.518145],[139.432864,36.518753],[139.432964,36.519111],[139.433052,36.519203],[139.433502,36.519336],[139.434277,36.519453],[139.434564,36.519519],[139.434639,36.519561],[139.434814,36.520219],[139.434864,36.521161],[139.434764,36.522269],[139.435451,36.522902],[139.435926,36.523394],[139.436289,36.523711],[139.436964,36.524069],[139.437026,36.524361],[139.437164,36.524652],[139.437576,36.524994],[139.438888,36.525444],[139.439363,36.52551],[139.439976,36.525485],[139.440026,36.526069],[139.440313,36.526835],[139.440701,36.527494],[139.441763,36.528777],[139.44185,36.529027],[139.441688,36.529452],[139.441463,36.529743],[139.44135,36.53026],[139.4414,36.530443],[139.442863,36.531701],[139.44255,36.531751],[139.442275,36.531751],[139.441988,36.53171],[139.441488,36.53171],[139.441075,36.531818],[139.44085,36.531885],[139.440575,36.531885],[139.439713,36.531751],[139.439288,36.531735],[139.438876,36.531776],[139.438151,36.532068],[139.437338,36.532526],[139.436926,36.532634],[139.436226,36.532593],[139.435813,36.532593],[139.435038,36.532776],[139.434776,36.532884],[139.434638,36.533109],[139.434588,36.533493],[139.434501,36.533726],[139.434588,36.533876],[139.434901,36.533876],[139.435151,36.533743],[139.435538,36.533718],[139.436151,36.533834],[139.436676,36.534151],[139.436926,36.534443],[139.437438,36.535384],[139.437851,36.536242],[139.437551,36.536626],[139.437463,36.536626],[139.437051,36.536917],[139.436963,36.537076],[139.436963,36.537325],[139.437213,36.537617],[139.437138,36.537759],[139.436601,36.538092],[139.436413,36.538434],[139.436351,36.538725],[139.436413,36.539425],[139.436463,36.539675],[139.436638,36.539967],[139.436775,36.540125],[139.437188,36.5403],[139.437775,36.540417],[139.438063,36.540508],[139.438138,36.540575],[139.438138,36.540658],[139.437975,36.540817],[139.437413,36.541],[139.437163,36.541117],[139.437025,36.541292],[139.437,36.541542],[139.437063,36.541883],[139.437,36.542108],[139.437063,36.542333],[139.4372,36.542466],[139.437475,36.542716],[139.437675,36.543166],[139.437738,36.544291],[139.437838,36.544516],[139.43795,36.544633],[139.438288,36.544833],[139.438288,36.545191],[139.438238,36.545574],[139.438375,36.546024],[139.438513,36.546391],[139.438488,36.546974],[139.438513,36.547474],[139.438275,36.548149],[139.438275,36.548574],[139.4388,36.549724],[139.43905,36.550107],[139.439137,36.550332],[139.439112,36.550357],[139.439137,36.550516],[139.43925,36.55074],[139.439612,36.551057],[139.440425,36.551549],[139.441812,36.552224],[139.442237,36.552382],[139.442287,36.552424],[139.442762,36.552515],[139.443437,36.55254],[139.443874,36.552424],[139.444124,36.55229],[139.444624,36.55184],[139.444962,36.551682],[139.445549,36.551541],[139.446162,36.551699],[139.446524,36.551632],[139.446974,36.551407],[139.447549,36.550982],[139.447974,36.550774],[139.448662,36.550641],[139.449024,36.550482],[139.449562,36.550049],[139.449887,36.549891],[139.450649,36.549757],[139.450949,36.549757],[139.451061,36.549716],[139.452374,36.549641],[139.452649,36.549758],[139.453399,36.550457],[139.454749,36.551399],[139.455136,36.551599],[139.456248,36.552366],[139.456886,36.552932],[139.457286,36.553107],[139.457611,36.553199],[139.458036,36.55324],[139.458511,36.553174],[139.459286,36.552974],[139.459736,36.552991],[139.460236,36.553082],[139.460798,36.553057],[139.461098,36.553965],[139.46146,36.554482],[139.461685,36.554732],[139.462223,36.555724],[139.462448,36.556348],[139.462473,36.556598],[139.462035,36.557573],[139.461998,36.557815],[139.46211,36.557973],[139.462648,36.558357],[139.46281,36.558582],[139.463035,36.559665],[139.46321,36.559848],[139.463597,36.560048],[139.464047,36.560206],[139.464485,36.560406],[139.46491,36.560748],[139.465247,36.561106],[139.465472,36.561673],[139.46561,36.562506],[139.46556,36.563406],[139.465585,36.563589],[139.465835,36.563723],[139.466697,36.564014],[139.466984,36.564173],[139.467397,36.564581],[139.467784,36.564739],[139.467984,36.564756],[139.468847,36.564731],[139.469047,36.564781],[139.469209,36.564981],[139.469434,36.565364],[139.469597,36.565564],[139.469772,36.565656],[139.470047,36.565681],[139.470934,36.565497],[139.472271,36.565089],[139.472446,36.565073],[139.473059,36.566081],[139.473559,36.566464],[139.473921,36.566597],[139.474121,36.567031],[139.473984,36.567389],[139.473734,36.567597],[139.473571,36.567864],[139.473621,36.568139],[139.473709,36.568272],[139.474184,36.568655],[139.474209,36.56883],[139.473959,36.570122],[139.473909,36.570822],[139.473909,36.57113],[139.474021,36.571813],[139.473909,36.572422],[139.473884,36.572897],[139.474083,36.573413],[139.474171,36.573547],[139.474333,36.57368],[139.474608,36.573797],[139.475421,36.57393],[139.476171,36.574197],[139.476821,36.57438],[139.477546,36.574713],[139.478296,36.575163],[139.479183,36.575771],[139.479745,36.57623],[139.48002,36.576521],[139.480395,36.576971],[139.480645,36.577196],[139.48087,36.577305],[139.481558,36.577513],[139.48192,36.577646],[139.482395,36.577963],[139.48262,36.578163],[139.482458,36.578346],[139.482145,36.578904],[139.482158,36.579471],[139.48227,36.579921],[139.482408,36.580804],[139.482608,36.581162],[139.483045,36.581637],[139.483133,36.581654],[139.483357,36.581929],[139.483382,36.582129],[139.483357,36.582312],[139.483195,36.582879],[139.48292,36.583304],[139.48247,36.583487],[139.482357,36.583487],[139.48177,36.583687],[139.48122,36.584029],[139.481133,36.58412],[139.480633,36.584454],[139.480358,36.584729],[139.48022,36.585112],[139.480195,36.585404],[139.48022,36.585695],[139.480195,36.585854],[139.479383,36.585945],[139.478608,36.586129],[139.47807,36.58617],[139.477933,36.586262],[139.477795,36.586445],[139.477733,36.586453],[139.477795,36.58652],[139.477633,36.586887],[139.47737,36.587112],[139.47637,36.587312],[139.476208,36.587378],[139.47592,36.587837],[139.475733,36.588303],[139.475458,36.588778],[139.475345,36.589045],[139.47512,36.589278],[139.47462,36.58952],[139.47442,36.589886],[139.474095,36.590195],[139.47387,36.590336],[139.473783,36.590603],[139.473845,36.590961],[139.473958,36.591253],[139.474433,36.591753],[139.474495,36.591978],[139.474495,36.592245],[139.474833,36.593053],[139.47487,36.594086],[139.474733,36.594536],[139.47462,36.594719],[139.473983,36.595328],[139.473808,36.595777],[139.473808,36.596111],[139.473595,36.596544],[139.47317,36.596944],[139.472983,36.597536],[139.47282,36.597827],[139.472533,36.598094],[139.47242,36.598277],[139.47242,36.598452],[139.47257,36.59886],[139.472545,36.59906],[139.47232,36.599494],[139.47212,36.599627],[139.47162,36.59976],[139.471508,36.599894],[139.47082,36.601227],[139.47082,36.601477],[139.470908,36.601627],[139.471095,36.601785],[139.471095,36.601943],[139.471045,36.602035],[139.470958,36.602377],[139.471183,36.602752],[139.471133,36.602977],[139.47077,36.603135],[139.47047,36.603252],[139.46997,36.604043],[139.469545,36.604285],[139.468908,36.604493],[139.468095,36.60481],[139.467345,36.604993],[139.466783,36.605193],[139.466221,36.60551],[139.465558,36.606185],[139.465421,36.606368],[139.465246,36.606476],[139.464883,36.606143],[139.464296,36.60576],[139.463958,36.605651],[139.463346,36.605676],[139.462733,36.60561],[139.462196,36.605435],[139.461721,36.605385],[139.461196,36.60541],[139.460571,36.605568],[139.460159,36.605526],[139.459484,36.605593],[139.458921,36.605801],[139.458484,36.605868],[139.458009,36.605984],[139.457946,36.606051],[139.457646,36.606251],[139.457359,36.606051],[139.457084,36.605693],[139.455897,36.604751],[139.455534,36.604593],[139.454947,36.604193],[139.454359,36.603835],[139.453409,36.603676],[139.452709,36.603501],[139.452484,36.603501],[139.452209,36.603976],[139.451684,36.604718],[139.451622,36.605143],[139.451509,36.605526],[139.451297,36.606043],[139.451097,36.606268],[139.450822,36.606409],[139.450397,36.606384],[139.449922,36.606276],[139.449472,36.606226],[139.449147,36.606251],[139.447835,36.606634],[139.447522,36.606818],[139.447297,36.607001],[139.446822,36.607109],[139.446098,36.607384],[139.445798,36.607434],[139.445423,36.607409],[139.44506,36.607276],[139.444723,36.606934],[139.444135,36.606134],[139.443885,36.605976],[139.44341,36.605884],[139.442848,36.605843],[139.442198,36.605593],[139.441811,36.605484],[139.441198,36.605168],[139.440773,36.604876],[139.439686,36.60441],[139.438898,36.604343],[139.438561,36.60421],[139.438286,36.604143],[139.437974,36.603968],[139.437724,36.603651],[139.437524,36.602551],[139.437236,36.602326],[139.436536,36.60186],[139.436424,36.601743],[139.436149,36.601743],[139.435724,36.601835],[139.435311,36.60186],[139.435111,36.601793],[139.434661,36.601727],[139.433987,36.601818],[139.432924,36.601885],[139.432087,36.601802],[139.431499,36.601643],[139.4301,36.601735],[139.429775,36.601602],[139.429462,36.601427],[139.428737,36.601227],[139.427975,36.601068],[139.427162,36.601068],[139.42675,36.601143],[139.426612,36.60121],[139.42655,36.601385],[139.425975,36.602718],[139.4255,36.602968],[139.424938,36.603393],[139.424463,36.60351],[139.423513,36.603535],[139.423013,36.60351],[139.422563,36.603535],[139.422088,36.60351],[139.421726,36.603535],[139.421451,36.603826],[139.421088,36.603985],[139.420688,36.603968],[139.420238,36.603851],[139.419876,36.603943],[139.419188,36.60431],[139.418601,36.604468],[139.417951,36.60456],[139.417313,36.604718],[139.416951,36.604943],[139.416813,36.605076],[139.416426,36.605351],[139.415001,36.605934],[139.414164,36.606618],[139.412939,36.607809],[139.412576,36.608101],[139.411264,36.607834],[139.410776,36.607818],[139.410226,36.607993],[139.409302,36.608359],[139.408802,36.608492],[139.408302,36.608476],[139.407877,36.608384],[139.407339,36.608384],[139.406589,36.608476],[139.406089,36.608634],[139.40544,36.608792],[139.404915,36.608817],[139.40394,36.608776],[139.403652,36.608734],[139.403715,36.608509],[139.403852,36.608259],[139.404127,36.608009],[139.40449,36.607834],[139.405577,36.607376],[139.405777,36.607151],[139.40594,36.606593],[139.406389,36.606068],[139.406527,36.605801],[139.406627,36.605351],[139.406602,36.60481],[139.40529,36.604726],[139.404727,36.604551],[139.404302,36.60426],[139.403665,36.603985],[139.403302,36.603768],[139.402765,36.603518],[139.40209,36.603518],[139.401565,36.603568],[139.401253,36.603501],[139.40069,36.603118],[139.400353,36.602943],[139.399965,36.602876],[139.399403,36.602676],[139.398541,36.602201],[139.398228,36.602118],[139.397841,36.602201],[139.397028,36.60266],[139.396503,36.603284],[139.395966,36.603426],[139.395191,36.603468],[139.394878,36.603651],[139.393716,36.604734],[139.392879,36.605701],[139.392741,36.605792],[139.392066,36.606067],[139.391841,36.606292],[139.391679,36.607009],[139.391516,36.607275],[139.390929,36.607709],[139.389641,36.608967],[139.389279,36.609442],[139.389041,36.609892],[139.388529,36.6105],[139.387342,36.611491],[139.386892,36.6117],[139.386192,36.6119],[139.385104,36.611791],[139.383955,36.61175],[139.383417,36.611866],[139.382892,36.611933],[139.38153,36.612433],[139.380967,36.612524],[139.38043,36.612566],[139.379955,36.612708],[139.379405,36.612999],[139.37918,36.612974],[139.378593,36.612799],[139.377805,36.612758],[139.377443,36.612616],[139.376905,36.612333],[139.376268,36.612216],[139.375318,36.612158],[139.374868,36.612066],[139.374443,36.611933],[139.373381,36.612024],[139.371781,36.611796],[139.371718,36.611799],[139.371681,36.611799],[139.371544,36.611774],[139.370956,36.611974],[139.370669,36.612174],[139.370394,36.612607],[139.370169,36.612782],[139.369994,36.612824],[139.369244,36.612916],[139.368769,36.612774],[139.368131,36.612482],[139.367657,36.612324],[139.367032,36.612499],[139.366257,36.612832],[139.364382,36.613699],[139.363457,36.614107],[139.363007,36.61424],[139.362695,36.614124],[139.36217,36.613849],[139.36187,36.613782],[139.360657,36.61364],[139.36002,36.613499],[139.359432,36.613432],[139.358845,36.613524],[139.35762,36.613899],[139.35747,36.613965],[139.357308,36.614165],[139.35602,36.614498],[139.35552,36.614448],[139.355345,36.614382],[139.354933,36.614423],[139.354346,36.61469],[139.353421,36.614848],[139.352833,36.614915],[139.352221,36.61509],[139.351458,36.61574],[139.350621,36.616998],[139.350196,36.61749],[139.349996,36.617648],[139.348771,36.618498],[139.347571,36.619098],[139.347121,36.619481],[139.346634,36.620381],[139.346559,36.620672],[139.346471,36.621589],[139.346634,36.621889],[139.346684,36.622339],[139.346009,36.622764],[139.345821,36.62323],[139.345709,36.623705],[139.345696,36.624114],[139.345784,36.624539],[139.345809,36.62503],[139.345784,36.62553],[139.345721,36.62573],[139.345584,36.625888],[139.345496,36.625913],[139.345221,36.625913],[139.344571,36.625797],[139.343934,36.625722],[139.343147,36.625722],[139.342422,36.625763],[139.341759,36.625963],[139.340834,36.626113],[139.33996,36.626222],[139.339297,36.626513],[139.33851,36.627296],[139.33811,36.627388],[139.336947,36.627338],[139.336685,36.627355],[139.335985,36.627513],[139.33591,36.627555],[139.334823,36.627571],[139.33336,36.627638],[139.332698,36.627205],[139.332498,36.627113],[139.331998,36.62698],[139.331748,36.62698],[139.330848,36.627105],[139.330011,36.627371],[139.329286,36.627729],[139.329423,36.628313],[139.329361,36.628588],[139.329161,36.629013],[139.329048,36.629438],[139.329048,36.629804],[139.328961,36.630496],[139.328711,36.631304],[139.328648,36.631712],[139.328673,36.631829],[139.328648,36.632071],[139.328486,36.632654],[139.328148,36.63322],[139.327886,36.633487],[139.327948,36.633912],[139.328386,36.634412],[139.328636,36.634779],[139.328723,36.634795],[139.328886,36.635245],[139.328798,36.635537],[139.328611,36.635812],[139.328661,36.636037],[139.328461,36.63617],[139.328186,36.636487],[139.328411,36.63707],[139.328461,36.63757],[139.328436,36.63777],[139.328573,36.638261],[139.329098,36.638786],[139.329435,36.639011],[139.329435,36.639328],[139.329123,36.639595],[139.32906,36.639911],[139.329348,36.640178],[139.329673,36.640586],[139.330173,36.641653],[139.330448,36.642503],[139.330398,36.642869],[139.330223,36.643386],[139.329498,36.644644],[139.328848,36.645427],[139.328623,36.646052],[139.328735,36.646552],[139.328785,36.647319],[139.328723,36.647452],[139.328673,36.647494],[139.32856,36.647944],[139.328048,36.648418],[139.327935,36.648485],[139.327885,36.648577],[139.327498,36.64871],[139.327385,36.648818],[139.32726,36.649135],[139.327323,36.649768],[139.327285,36.649918],[139.326848,36.650302],[139.32656,36.65066],[139.326535,36.651068],[139.326973,36.651701],[139.32751,36.652018],[139.328148,36.652201],[139.328235,36.652176],[139.328423,36.652401],[139.328535,36.652626],[139.32851,36.652918],[139.328398,36.653235],[139.327835,36.654093],[139.327773,36.654476],[139.327635,36.654943],[139.32746,36.655867],[139.327235,36.656267],[139.32651,36.657259],[139.32726,36.657892],[139.327923,36.658817],[139.32871,36.659609],[139.329435,36.66015],[139.329597,36.660492],[139.329647,36.660809],[139.329535,36.661167],[139.329535,36.661284],[139.329647,36.661525],[139.329672,36.662042],[139.329922,36.662517],[139.330035,36.662858],[139.33026,36.663308],[139.330422,36.663533],[139.330984,36.663992],[139.331709,36.664283],[139.332322,36.664575],[139.332934,36.664716],[139.333772,36.665241],[139.334609,36.66565],[139.334722,36.665783],[139.334697,36.665916],[139.334522,36.666075],[139.333822,36.666974],[139.333822,36.667174],[139.334159,36.667849],[139.335184,36.669566],[139.335396,36.669874],[139.335734,36.670357],[139.335759,36.670491],[139.335459,36.671491],[139.335059,36.672574],[139.334833,36.673382],[139.334821,36.67399],[139.335033,36.674598],[139.335846,36.676107],[139.336108,36.67669],[139.337295,36.677173],[139.337945,36.677706],[139.338832,36.67819],[139.33927,36.678373],[139.339282,36.67844],[139.338832,36.679756],[139.338482,36.680273],[139.337295,36.681306],[139.336907,36.681797],[139.336732,36.682364],[139.336957,36.682897],[139.337532,36.683539],[139.339044,36.68483],[139.339294,36.685347],[139.339169,36.686214],[139.338669,36.687255],[139.338231,36.688897],[139.337856,36.68953],[139.337156,36.689913],[139.337069,36.690405],[139.336981,36.691971],[139.337081,36.692571],[139.337494,36.69298],[139.340181,36.69383],[139.341106,36.694246],[139.341843,36.694938],[139.342305,36.695638],[139.343205,36.696446],[139.343543,36.696813],[139.343793,36.697263],[139.343955,36.697404],[139.345168,36.697929],[139.345892,36.698321],[139.346142,36.698487],[139.348667,36.699829],[139.349854,36.700929],[139.350179,36.701187],[139.351604,36.702562],[139.352104,36.703304],[139.352579,36.70437],[139.354116,36.70557],[139.355679,36.706612],[139.356216,36.707078],[139.356478,36.707603],[139.356466,36.708236],[139.356066,36.709111],[139.355416,36.709795],[139.355503,36.709995],[139.356241,36.710819],[139.356941,36.711303],[139.357841,36.711578],[139.358416,36.712994],[139.35864,36.713286],[139.360415,36.713586],[139.360778,36.713611],[139.361115,36.713469],[139.36114,36.713769],[139.360728,36.714269],[139.360215,36.714827],[139.360015,36.715419],[139.359828,36.716844],[139.360053,36.717052],[139.360778,36.717527],[139.361602,36.717869],[139.362415,36.718085],[139.363202,36.718418],[139.36399,36.718943],[139.364565,36.719393],[139.364827,36.719877],[139.364802,36.720551],[139.364864,36.721868],[139.364764,36.722385],[139.364889,36.723026],[139.365214,36.723543],[139.366564,36.724509],[139.366752,36.724859],[139.366787,36.725599],[139.366827,36.725626],[139.366764,36.725642],[139.366089,36.725892],[139.365952,36.726192],[139.365652,36.727267],[139.365402,36.727826],[139.364977,36.728376],[139.364877,36.728576],[139.364827,36.729159],[139.364952,36.72975],[139.364814,36.7302],[139.364852,36.73055],[139.365139,36.730984],[139.365251,36.731584],[139.365414,36.732758],[139.365476,36.732883],[139.365926,36.733258],[139.366576,36.733625],[139.367076,36.734017],[139.367364,36.734458],[139.367401,36.735108],[139.367314,36.735766],[139.366951,36.736391],[139.366951,36.736833],[139.367051,36.736991],[139.367526,36.737375],[139.368076,36.737699],[139.368226,36.738008],[139.368138,36.739349],[139.368201,36.739924],[139.368138,36.740474],[139.367938,36.741074],[139.368051,36.741807],[139.368351,36.742166],[139.368788,36.742532],[139.369101,36.743007],[139.369551,36.743824],[139.369888,36.744299],[139.3702,36.74489],[139.370538,36.745165],[139.371088,36.74539],[139.371613,36.745632],[139.371766,36.745633],[139.372063,36.745873],[139.372338,36.746157],[139.37255,36.746448],[139.372538,36.746615],[139.372413,36.746707],[139.372213,36.746773],[139.371775,36.746815],[139.37165,36.746807],[139.3708,36.746807],[139.36965,36.746698],[139.368838,36.746873],[139.368213,36.747115],[139.365763,36.74784],[139.365613,36.747865],[139.364263,36.747757],[139.363538,36.747732],[139.362526,36.747815],[139.362063,36.747949],[139.361626,36.748324],[139.361464,36.748499],[139.361014,36.748832],[139.359639,36.74949],[139.359026,36.749657],[139.357926,36.749732],[139.357339,36.749949],[139.357214,36.750024],[139.356714,36.750232],[139.356189,36.750374],[139.355864,36.750724],[139.355489,36.751299],[139.355326,36.751874],[139.355289,36.752099],[139.355126,36.752674],[139.355014,36.752924],[139.354776,36.753099],[139.354601,36.753165],[139.354576,36.753507],[139.354864,36.754382],[139.355089,36.755373],[139.355089,36.755598],[139.354664,36.756323],[139.354701,36.756957],[139.354539,36.757448],[139.354589,36.758015],[139.354926,36.759165],[139.355039,36.759731],[139.355214,36.760198],[139.355076,36.760565],[139.353876,36.761306],[139.352426,36.761923],[139.351851,36.762348],[139.350851,36.763389],[139.350739,36.763564],[139.350851,36.763789],[139.351964,36.764806],[139.352464,36.765031],[139.352801,36.765372],[139.353026,36.765839],[139.353089,36.766447],[139.353226,36.767106],[139.353589,36.767689],[139.353901,36.768347],[139.354288,36.768972],[139.354488,36.769405],[139.354263,36.769922],[139.353926,36.770372],[139.353264,36.77198],[139.352964,36.77268],[139.353014,36.773622],[139.353351,36.774097],[139.354938,36.774322],[139.357226,36.774297],[139.358038,36.774363],[139.3589,36.77463],[139.359875,36.775197],[139.360963,36.77718],[139.361525,36.777921],[139.362175,36.779021],[139.362138,36.779479],[139.362063,36.779946],[139.36215,36.780404],[139.362425,36.780763],[139.362588,36.780921],[139.363238,36.781254],[139.363762,36.781638],[139.364375,36.781888],[139.36505,36.782112],[139.3656,36.782471],[139.366,36.782854],[139.367337,36.783571],[139.367587,36.783779],[139.367925,36.783754],[139.368475,36.783479],[139.370012,36.782987],[139.370374,36.783096],[139.370874,36.783187],[139.371624,36.783254],[139.371773,36.783352],[139.372149,36.783437],[139.373587,36.784046],[139.374249,36.784271],[139.374799,36.784612],[139.375974,36.785879],[139.376474,36.78632],[139.376599,36.78657],[139.376324,36.786845],[139.376212,36.786912],[139.376187,36.787095],[139.376761,36.787795],[139.376674,36.78812],[139.376399,36.78852],[139.376311,36.789212],[139.376049,36.790128],[139.375761,36.790753],[139.375861,36.791195],[139.376299,36.79142],[139.377186,36.79152],[139.377961,36.791703],[139.378024,36.79212],[139.378086,36.794028],[139.377936,36.796078],[139.377699,36.796569],[139.377536,36.796736],[139.376811,36.796977],[139.376586,36.797019],[139.375961,36.797244],[139.375836,36.797411],[139.376136,36.799311],[139.375811,36.799852],[139.375711,36.800185],[139.375824,36.800444],[139.376436,36.800977],[139.377473,36.802044],[139.378048,36.802685],[139.378336,36.803185],[139.377923,36.803543],[139.377523,36.804002],[139.377723,36.804393],[139.378923,36.804702],[139.380398,36.804702],[139.381348,36.804785],[139.382335,36.804985],[139.382435,36.805118],[139.383173,36.805685],[139.384023,36.805827],[139.38521,36.805585],[139.385885,36.805243],[139.386435,36.805118],[139.38766,36.805293],[139.388248,36.80536],[139.388585,36.805335],[139.388847,36.806135],[139.389322,36.806885],[139.390547,36.807752],[139.391947,36.80846],[139.392747,36.80896],[139.393484,36.809568],[139.393722,36.809876],[139.393422,36.81011],[139.392834,36.81031],[139.392334,36.810793],[139.391509,36.812051],[139.391072,36.813368],[139.391009,36.814068],[139.391247,36.814551],[139.391772,36.815134],[139.393072,36.816326],[139.393409,36.816926],[139.393747,36.817609],[139.394247,36.818184],[139.395484,36.819059],[139.396184,36.819459],[139.397034,36.820292],[139.397746,36.820725],[139.398309,36.820942],[139.398909,36.821284],[139.400559,36.821392],[139.401308,36.82155],[139.402521,36.822433],[139.403208,36.823],[139.403283,36.823842],[139.403746,36.824483],[139.404846,36.825291],[139.405721,36.825916],[139.40592,36.8264],[139.406445,36.826716],[139.40672,36.827041],[139.406533,36.827391],[139.406395,36.827516],[139.405895,36.827733],[139.405358,36.828158],[139.40532,36.828308],[139.405458,36.828708],[139.405695,36.828983],[139.405858,36.829374],[139.406352,36.829486],[139.406395,36.829483],[139.406295,36.829774],[139.406033,36.830224],[139.405345,36.830983],[139.404795,36.831349],[139.403895,36.831757],[139.403158,36.831991],[139.402345,36.832174],[139.40172,36.832399],[139.401145,36.832732],[139.400458,36.832916],[139.39977,36.833174],[139.398633,36.834232],[139.398096,36.834524],[139.397496,36.83464],[139.396783,36.83454],[139.395671,36.834257],[139.394846,36.834124],[139.394083,36.83414],[139.392783,36.834482],[139.392696,36.834424],[139.392483,36.834007],[139.392046,36.832766],[139.391896,36.832599],[139.391221,36.832682],[139.388884,36.833524],[139.388071,36.833724],[139.387521,36.834065],[139.386821,36.835307],[139.386071,36.835757],[139.384796,36.835973],[139.384221,36.835982],[139.383509,36.836173],[139.383171,36.836457],[139.383096,36.836523],[139.382721,36.83659],[139.382047,36.836565],[139.381272,36.836582],[139.380822,36.836665],[139.379859,36.837407],[139.379409,36.837623],[139.379209,36.837673],[139.377897,36.83854],[139.377397,36.83874],[139.376922,36.838806],[139.376672,36.838781],[139.376122,36.838665],[139.374922,36.838156],[139.374522,36.83809],[139.374122,36.83824],[139.37386,36.838506],[139.373735,36.838981],[139.373485,36.83934],[139.373385,36.839406],[139.372272,36.83994],[139.371771,36.84012],[139.371735,36.840131],[139.370385,36.84049],[139.369185,36.841064],[139.369047,36.841098],[139.368197,36.841173],[139.36631,36.841256],[139.366385,36.841964],[139.366273,36.842464],[139.365998,36.843006],[139.365173,36.844281],[139.364598,36.845805],[139.36416,36.846389],[139.363835,36.846997],[139.36356,36.847422],[139.361873,36.847514],[139.36116,36.847614],[139.36046,36.847839],[139.359723,36.84813],[139.359235,36.848197],[139.359011,36.848188],[139.357536,36.847897],[139.357236,36.847872],[139.356486,36.848038],[139.354836,36.848638],[139.353986,36.848705],[139.353061,36.848972],[139.352361,36.849388],[139.351849,36.849813],[139.351486,36.850188],[139.351074,36.850996],[139.350699,36.851496],[139.350199,36.85183],[139.349999,36.851913],[139.348649,36.852638],[139.348636,36.852829],[139.349574,36.853263],[139.350086,36.853579],[139.350711,36.854088],[139.351236,36.854696],[139.351574,36.855179],[139.353136,36.856146],[139.353873,36.856754],[139.354523,36.857212],[139.354948,36.857712],[139.355323,36.858262],[139.355573,36.858496],[139.355673,36.859004],[139.355598,36.860154],[139.355548,36.860412],[139.355073,36.861437],[139.355423,36.862453],[139.35591,36.863153],[139.35641,36.863962],[139.357173,36.864878],[139.357573,36.865453],[139.357723,36.866036],[139.357585,36.866678],[139.357435,36.866778],[139.35711,36.867203],[139.357135,36.867811],[139.357473,36.868511],[139.357673,36.869103],[139.357585,36.869653],[139.357535,36.870327],[139.357735,36.871111],[139.358123,36.871861],[139.358098,36.872544],[139.35751,36.875627],[139.35726,36.87666],[139.356947,36.877168],[139.356235,36.877552],[139.356173,36.87766],[139.35636,36.877968],[139.357047,36.87811],[139.357585,36.878035],[139.357772,36.877943],[139.358497,36.877352],[139.358897,36.87681],[139.359697,36.875877],[139.360235,36.875194],[139.360947,36.87416],[139.36116,36.874785],[139.361572,36.876535],[139.36201,36.877127],[139.36256,36.877518],[139.362935,36.877527],[139.364534,36.877152],[139.365472,36.87701],[139.366372,36.877052],[139.367184,36.877052],[139.368109,36.87736],[139.368959,36.877785],[139.369759,36.87811],[139.370171,36.87816],[139.370296,36.878418],[139.370059,36.878743],[139.369409,36.879335],[139.369147,36.879418],[139.368597,36.879652],[139.368647,36.879993],[139.369521,36.880543],[139.369934,36.880935],[139.370371,36.881443],[139.370871,36.881851],[139.371271,36.882301],[139.371809,36.882743],[139.371984,36.882993],[139.372059,36.883193],[139.371996,36.883709],[139.37177,36.884107],[139.371296,36.884551],[139.371196,36.884843],[139.371446,36.885759],[139.371371,36.886226],[139.371221,36.886626],[139.370671,36.887676],[139.370321,36.887934],[139.370109,36.888142],[139.370309,36.888876],[139.370384,36.889309],[139.370584,36.889642],[139.370784,36.889801],[139.371309,36.889925],[139.371659,36.889917],[139.37177,36.889973],[139.372034,36.890259],[139.372284,36.890667],[139.372971,36.8915],[139.373271,36.891975],[139.373396,36.892367],[139.373396,36.892859],[139.373433,36.893267],[139.373608,36.89365],[139.373958,36.894175],[139.374421,36.89445],[139.374996,36.8947],[139.375671,36.895158],[139.376146,36.895658],[139.37647,36.896067],[139.376845,36.896358],[139.377258,36.8965],[139.377845,36.896617],[139.378433,36.896842],[139.378583,36.896933],[139.379183,36.897725],[139.379408,36.897958],[139.379508,36.897983],[139.380183,36.897983],[139.381482,36.898125],[139.382057,36.898317],[139.382382,36.89865],[139.382757,36.89915],[139.38332,36.899633],[139.384495,36.900025],[139.385295,36.900166],[139.386195,36.90015],[139.386682,36.90015],[139.386819,36.900241],[139.387094,36.900533],[139.388169,36.901083],[139.389544,36.901683],[139.390219,36.901908],[139.391219,36.902166],[139.391819,36.902375],[139.392694,36.902833],[139.394069,36.903424],[139.394406,36.903699],[139.394506,36.903949],[139.395219,36.905216],[139.395444,36.905833],[139.395594,36.906457],[139.395381,36.907274],[139.394994,36.907724],[139.394119,36.908507],[139.393656,36.908932],[139.393331,36.909465],[139.393244,36.910415],[139.393319,36.910824],[139.393919,36.911207],[139.394331,36.911615],[139.394531,36.912007],[139.394881,36.912432],[139.394956,36.912482],[139.395481,36.912915],[139.395968,36.913457],[139.396893,36.914748],[139.397131,36.915315],[139.397256,36.915815],[139.397543,36.916648],[139.398118,36.91774],[139.398381,36.918323],[139.398618,36.919298],[139.398893,36.919748],[139.399518,36.920523],[139.399943,36.920948],[139.40098,36.921815],[139.40163,36.92224],[139.402468,36.922915],[139.403305,36.923748],[139.405905,36.925123],[139.406692,36.925631],[139.40728,36.926056],[139.407767,36.926481],[139.408305,36.926715],[139.408942,36.926906],[139.409717,36.927073],[139.411004,36.927456],[139.411604,36.92764],[139.411992,36.927681],[139.412179,36.927565],[139.412729,36.92684],[139.413391,36.926356],[139.413929,36.926123],[139.415116,36.926065],[139.416041,36.926081],[139.416666,36.926031],[139.418003,36.925731],[139.419091,36.92529],[139.419491,36.924948],[139.419791,36.924523],[139.420128,36.924265],[139.420703,36.924298],[139.421915,36.924565],[139.42379,36.924765],[139.42454,36.924757],[139.425127,36.924632],[139.425815,36.924415],[139.426777,36.924223],[139.42754,36.924398],[139.428427,36.924856],[139.429664,36.925606],[139.430264,36.926031],[139.430814,36.926523],[139.430926,36.926673],[139.430976,36.926873],[139.430539,36.927248],[139.430039,36.927548],[139.429739,36.928031],[139.429839,36.928881],[139.430077,36.929498],[139.430964,36.930723],[139.431439,36.931272],[139.432676,36.932397],[139.432901,36.932797],[139.433051,36.933347],[139.433451,36.934047],[139.434138,36.93478],[139.434913,36.93583],[139.435038,36.936297],[139.434701,36.93733],[139.434763,36.939272],[139.434838,36.939463],[139.435263,36.940263],[139.435213,36.940663],[139.434726,36.941247],[139.434526,36.941672],[139.434551,36.941813],[139.434951,36.942146],[139.435751,36.942396],[139.436688,36.942638],[139.437963,36.943771],[139.438725,36.944288],[139.439688,36.944513],[139.440688,36.94478],[139.4412,36.945255],[139.441638,36.946163],[139.441737,36.946938],[139.441687,36.947596],[139.441725,36.947646],[139.4427,36.947613],[139.4435,36.947538],[139.444425,36.947563],[139.445487,36.947629],[139.446375,36.947921],[139.447074,36.948471],[139.447812,36.949129],[139.448299,36.949446],[139.450337,36.949696],[139.451161,36.949913],[139.451874,36.950321],[139.452661,36.950654],[139.453536,36.951754],[139.454074,36.952529],[139.454499,36.953046],[139.455073,36.953346],[139.456398,36.953687],[139.456936,36.953962],[139.457348,36.954804],[139.457348,36.955404],[139.457248,36.955987],[139.457386,36.956545],[139.457986,36.957037],[139.458298,36.957445],[139.458473,36.958054],[139.458973,36.958978],[139.458835,36.959753],[139.458585,36.960337],[139.458085,36.961128],[139.457923,36.961645],[139.458335,36.96252],[139.458485,36.963186],[139.45846,36.964253],[139.458385,36.965853],[139.45866,36.966486],[139.459023,36.967069],[139.459423,36.967502],[139.459635,36.967677],[139.459885,36.968069],[139.459848,36.968961],[139.459785,36.969652],[139.45981,36.969686],[139.45986,36.969711],[139.460735,36.970385],[139.461285,36.970777],[139.461685,36.970919],[139.463822,36.971244],[139.464397,36.971294],[139.465535,36.971252],[139.466397,36.971077],[139.466997,36.970994],[139.467409,36.971119],[139.467572,36.971119],[139.468659,36.970986],[139.469422,36.971344],[139.470172,36.971511],[139.471084,36.971486],[139.471734,36.971411],[139.472534,36.971411],[139.473234,36.971552],[139.474871,36.972119],[139.476809,36.972644],[139.477771,36.973044],[139.479346,36.973969],[139.479996,36.974236],[139.480858,36.974477],[139.481633,36.974636],[139.482371,36.974694],[139.48312,36.974961],[139.483795,36.975286],[139.484283,36.975369],[139.484758,36.975027],[139.485245,36.974561],[139.486945,36.973086],[139.487658,36.972628],[139.488345,36.972111],[139.48882,36.971628],[139.489333,36.971336],[139.49082,36.970936],[139.491432,36.970578],[139.49167,36.970278],[139.49252,36.968561],[139.492782,36.968186],[139.49362,36.967928],[139.49382,36.967945],[139.494632,36.968095],[139.495832,36.968378],[139.496755,36.968483],[139.498357,36.968961],[139.499044,36.969078],[139.500519,36.968886],[139.501232,36.96902],[139.502057,36.969336],[139.502894,36.969528],[139.503606,36.969586],[139.504119,36.969753],[139.504981,36.970644],[139.505706,36.971069],[139.506519,36.971611],[139.507543,36.972486],[139.508318,36.972986],[139.508681,36.973428],[139.509056,36.974061],[139.509593,36.974286],[139.510243,36.974453],[139.51108,36.974969],[139.51203,36.975144],[139.512418,36.975344],[139.512968,36.976302],[139.51363,36.976977],[139.514293,36.977444],[139.51483,36.977777],[139.515667,36.977911],[139.516792,36.977969],[139.51803,36.978594],[139.519092,36.978927],[139.520192,36.979044],[139.521117,36.979361],[139.522217,36.980352],[139.522854,36.98086],[139.523329,36.981377],[139.524054,36.981552],[139.525529,36.981277],[139.526541,36.980402],[139.527266,36.980352],[139.528204,36.98056],[139.529316,36.98066],[139.530203,36.980677],[139.530966,36.981019],[139.531378,36.981227],[139.532528,36.981727],[139.533578,36.98166],[139.53489,36.980893],[139.535428,36.98081],[139.535565,36.980935],[139.53634,36.98171],[139.53689,36.982002],[139.536965,36.982268],[139.537328,36.98291],[139.53829,36.983818],[139.538602,36.984376],[139.53874,36.984743],[139.53924,36.985568],[139.539865,36.986293],[139.540152,36.986534],[139.540702,36.987101],[139.541377,36.987326],[139.542227,36.987659],[139.543377,36.987893],[139.543452,36.988209],[139.544439,36.990151],[139.544627,36.990576],[139.545152,36.991351],[139.545927,36.991776],[139.546714,36.992726],[139.547164,36.993067],[139.547201,36.993234],[139.547351,36.993376],[139.548089,36.993801],[139.548664,36.993467],[139.549539,36.992734],[139.549939,36.992651],[139.550876,36.992592],[139.551788,36.992367],[139.553088,36.992684],[139.554426,36.992517],[139.554576,36.992567],[139.555888,36.995459],[139.5564,36.996325],[139.556875,36.996858],[139.557138,36.996917],[139.558263,36.996992],[139.559387,36.997],[139.561275,36.996892],[139.563812,36.996892],[139.564749,36.996992],[139.566624,36.998125],[139.568424,36.999067],[139.569049,36.999342],[139.569724,36.999892],[139.570661,37.000533],[139.571324,37.001216],[139.571799,37.001625],[139.573273,37.00185],[139.574236,37.001866],[139.574923,37.001958],[139.575723,37.002008],[139.576461,37.002016],[139.577148,37.002683],[139.577298,37.003075],[139.577411,37.003233],[139.577773,37.003608],[139.578085,37.004283],[139.578485,37.004566],[139.578848,37.0047],[139.57926,37.0049],[139.579485,37.005058],[139.579598,37.005191],[139.579498,37.005683],[139.579398,37.005958],[139.579373,37.00625],[139.57941,37.006541],[139.579385,37.007283],[139.57951,37.007575],[139.57996,37.008341],[139.580023,37.008566],[139.579998,37.008966],[139.580035,37.009349],[139.58016,37.009691],[139.580435,37.010116],[139.58096,37.011074],[139.581485,37.011524],[139.58171,37.011741],[139.581835,37.012016],[139.582035,37.012866],[139.582072,37.013432],[139.581935,37.014782],[139.58191,37.014849],[139.581972,37.015007],[139.582447,37.015207],[139.582997,37.015291],[139.583685,37.015299],[139.58386,37.015274],[139.584685,37.014907],[139.584872,37.014857],[139.585347,37.014807],[139.586072,37.015049],[139.587135,37.015482],[139.587409,37.015524],[139.587847,37.015474],[139.588147,37.015316],[139.588422,37.015082],[139.588747,37.014741],[139.589272,37.014332],[139.589659,37.014149],[139.590172,37.013799],[139.590509,37.013641],[139.590834,37.013616],[139.592309,37.013824],[139.592609,37.013799],[139.592997,37.013541],[139.593272,37.013424],[139.593772,37.013307],[139.594371,37.012982],[139.594971,37.012416],[139.595396,37.011849],[139.595784,37.011724],[139.596559,37.011807],[139.597171,37.011932],[139.598009,37.011974],[139.598309,37.011924],[139.598484,37.011966],[139.599409,37.012991],[139.599809,37.013391],[139.599896,37.013682],[139.599959,37.014382],[139.600046,37.014474],[139.600683,37.014641],[139.601783,37.015107],[139.602171,37.015416],[139.602571,37.015907],[139.602621,37.015924],[139.602846,37.015882],[139.603471,37.015557],[139.604058,37.015432],[139.604408,37.015024],[139.604796,37.014799],[139.606196,37.014416],[139.607108,37.014182],[139.607495,37.014107],[139.607933,37.014107],[139.608545,37.014207],[139.609108,37.014224],[139.61057,37.013849],[139.61087,37.013732],[139.611195,37.013724],[139.611258,37.013699],[139.611308,37.013682],[139.611508,37.013741],[139.611695,37.013857],[139.612658,37.014407],[139.613157,37.014807],[139.61332,37.014849],[139.614295,37.014882],[139.615107,37.015049],[139.615607,37.015091],[139.616632,37.015191],[139.61702,37.015324],[139.618282,37.016074],[139.619232,37.016532],[139.619319,37.016649],[139.619257,37.016849],[139.619107,37.017165],[139.618944,37.017599],[139.618944,37.017915],[139.618844,37.018232],[139.618444,37.01909],[139.618444,37.019315],[139.618569,37.01954],[139.618757,37.01974],[139.619344,37.020024],[139.619657,37.020207],[139.620169,37.020898],[139.620507,37.021182],[139.621344,37.021582],[139.621544,37.021715],[139.621742,37.021713],[139.621772,37.021704],[139.621907,37.021865],[139.622044,37.022415],[139.622432,37.022765],[139.622894,37.023973],[139.623082,37.02434],[139.623494,37.024807],[139.623956,37.025132],[139.624656,37.02554],[139.625331,37.025873],[139.625419,37.02609],[139.625181,37.026373],[139.625031,37.026765],[139.624969,37.027148],[139.624819,37.027431],[139.623731,37.028115],[139.623369,37.028406],[139.623119,37.028923],[139.623232,37.029215],[139.623619,37.029781],[139.624144,37.030973],[139.624556,37.031748],[139.625006,37.032831],[139.625281,37.033114],[139.625694,37.033331],[139.626144,37.033431],[139.626731,37.033439],[139.627669,37.033364],[139.628193,37.033348],[139.630943,37.033723],[139.631143,37.033689],[139.631581,37.033073],[139.631956,37.032706],[139.632406,37.032431],[139.632943,37.032281],[139.634605,37.032073],[139.636018,37.031831],[139.63653,37.031831],[139.637005,37.031948],[139.63753,37.032165],[139.637955,37.032206],[139.638605,37.03209],[139.63933,37.032406],[139.639705,37.032473],[139.64008,37.03259],[139.640667,37.033023],[139.641155,37.033431],[139.641567,37.033848],[139.641892,37.034256],[139.642592,37.035256],[139.643004,37.035639],[139.643417,37.035898],[139.643717,37.036014],[139.643729,37.036014],[139.644154,37.036189],[139.644667,37.036364],[139.645242,37.036414],[139.646479,37.036423],[139.647029,37.036523],[139.647541,37.036723],[139.648216,37.037081],[139.648841,37.037339],[139.649379,37.037398],[139.651228,37.037256],[139.651628,37.037306],[139.651891,37.037423],[139.652228,37.037714],[139.653491,37.039164],[139.654053,37.039747],[139.654503,37.040047],[139.654915,37.040397],[139.655653,37.041314],[139.655915,37.041972],[139.656753,37.041614],[139.657265,37.041456],[139.657827,37.041414],[139.658615,37.041472],[139.65919,37.041397],[139.65984,37.041247],[139.660427,37.041197],[139.660765,37.041064],[139.661152,37.040756],[139.661614,37.040572],[139.662089,37.040514],[139.662827,37.040481],[139.663402,37.040406],[139.663864,37.040298],[139.664489,37.039964],[139.664689,37.039906],[139.664739,37.039956],[139.665002,37.040473],[139.665201,37.040756],[139.665501,37.041089],[139.665889,37.041631],[139.666176,37.041822],[139.667689,37.042139],[139.667826,37.042347],[139.668064,37.042864],[139.668351,37.043256],[139.668726,37.043656],[139.668976,37.044039],[139.669063,37.044514],[139.668901,37.044855],[139.668463,37.045464],[139.668401,37.046014],[139.668451,37.046172],[139.668626,37.046522],[139.668901,37.046772],[139.669363,37.046922],[139.669738,37.04698],[139.670113,37.04708],[139.671051,37.048055],[139.671263,37.04833],[139.671263,37.048538],[139.671063,37.048913],[139.671013,37.04958],[139.671026,37.050022],[139.670826,37.050788],[139.670963,37.051213],[139.671613,37.05213],[139.671713,37.052396],[139.671513,37.053246],[139.671588,37.053671],[139.671576,37.054046],[139.671501,37.054288],[139.6716,37.054721],[139.671988,37.055463],[139.6724,37.056296],[139.672488,37.056629],[139.672563,37.057171],[139.672588,37.057163],[139.672775,37.057446],[139.673225,37.057788],[139.673425,37.057788],[139.674163,37.057429],[139.675462,37.056938],[139.676025,37.056829],[139.67655,37.056771],[139.677062,37.056929],[139.677575,37.057346],[139.678,37.057538],[139.678362,37.057646],[139.678775,37.057921],[139.679287,37.058329],[139.680037,37.058688],[139.680712,37.058721],[139.681649,37.058696],[139.683012,37.059054],[139.684136,37.059179],[139.684299,37.059329],[139.684499,37.060079],[139.684699,37.060396],[139.685149,37.060646],[139.686624,37.061262],[139.687324,37.061271],[139.688074,37.060996],[139.688574,37.060912],[139.689186,37.061071],[139.689673,37.061346],[139.690223,37.061879],[139.690973,37.062246],[139.691786,37.062529],[139.692311,37.062587],[139.692723,37.062462],[139.694036,37.061787],[139.694811,37.061487],[139.695523,37.061262],[139.69631,37.061079],[139.696948,37.061037],[139.697173,37.060996],[139.698223,37.061046],[139.698685,37.060946],[139.699185,37.060679],[139.699623,37.060196],[139.69976,37.059913],[139.700048,37.059538],[139.700373,37.059504],[139.700772,37.059663],[139.70126,37.060079],[139.701947,37.060787],[139.704297,37.062487],[139.704709,37.062896],[139.705009,37.063312],[139.705397,37.063754],[139.705572,37.063871],[139.705997,37.064096],[139.706534,37.064137],[139.707922,37.064104],[139.708171,37.064296],[139.708596,37.064946],[139.708934,37.065396],[139.709196,37.065654],[139.709684,37.065812],[139.709809,37.065879],[139.709996,37.06612],[139.710034,37.066304],[139.709909,37.067395],[139.710059,37.067687],[139.711171,37.068495],[139.712108,37.068429],[139.713821,37.068579],[139.714608,37.068562],[139.71592,37.06842],[139.716133,37.068437],[139.717658,37.068295],[139.717945,37.068362],[139.718033,37.068462],[139.718208,37.068887],[139.718658,37.070512],[139.71882,37.070828],[139.718945,37.070937],[139.71917,37.070962],[139.719545,37.070903],[139.71987,37.070728],[139.720282,37.070395],[139.720645,37.070045],[139.72102,37.06977],[139.721407,37.069687],[139.721845,37.069695],[139.722345,37.069595],[139.722795,37.069437],[139.722907,37.069429],[139.723232,37.069495],[139.723807,37.069895],[139.723982,37.06992],[139.724407,37.06987],[139.72497,37.069687],[139.72562,37.069429],[139.726482,37.068845],[139.726769,37.068812],[139.726894,37.06887],[139.727332,37.06917],[139.727969,37.06952],[139.728344,37.069812],[139.728494,37.069887],[139.728932,37.069945],[139.729332,37.069854],[139.729719,37.069712],[139.731157,37.069079],[139.731794,37.068854],[139.732531,37.068671],[139.732856,37.068687],[139.733144,37.068979],[139.733594,37.069454],[139.734344,37.069962],[139.734931,37.070179],[139.735731,37.070337],[139.736169,37.070479],[139.736444,37.070829],[139.737218,37.072004],[139.737318,37.072654],[139.738318,37.072462],[139.739418,37.072587],[139.739768,37.072562],[139.740131,37.072395],[139.740493,37.07212],[139.740931,37.071887],[139.741093,37.071837],[139.741568,37.071812],[139.74208,37.071845],[139.742668,37.071995],[139.743518,37.072245],[139.743843,37.072154],[139.745105,37.071562],[139.745505,37.071312],[139.745868,37.070929],[139.746005,37.070729],[139.746143,37.070671],[139.746493,37.070729],[139.74668,37.070804],[139.747555,37.071004],[139.748805,37.071046],[139.749305,37.070887],[139.750005,37.070504],[139.750392,37.070329],[139.750892,37.070237],[139.751617,37.070212],[139.752455,37.070571],[139.752767,37.070796],[139.752855,37.070954],[139.752992,37.071404],[139.752942,37.072912],[139.753017,37.073204],[139.753379,37.073412],[139.753604,37.073479],[139.754054,37.073812],[139.754779,37.074262],[139.755479,37.074404],[139.756204,37.074354],[139.756729,37.074395],[139.757454,37.074737],[139.758066,37.074845],[139.758766,37.074737],[139.758991,37.07467],[139.759379,37.074779],[139.759829,37.075204],[139.760441,37.075454],[139.760691,37.075479],[139.761241,37.075654],[139.762004,37.07572],[139.762779,37.07572],[139.763091,37.075929],[139.763278,37.076445],[139.763391,37.077479],[139.763341,37.077637],[139.763316,37.077978],[139.763641,37.078428],[139.763866,37.078603],[139.764403,37.079195],[139.764953,37.079962],[139.765578,37.08027],[139.76619,37.080412],[139.76669,37.080612],[139.76714,37.081328],[139.767665,37.081803],[139.768189,37.082411],[139.768702,37.08282],[139.769427,37.083153],[139.770626,37.083495],[139.770739,37.08367],[139.770701,37.083786],[139.770489,37.084078],[139.770489,37.084436],[139.770764,37.085095],[139.771039,37.085545],[139.771376,37.085795],[139.772338,37.086403],[139.772338,37.086503],[139.772676,37.087203],[139.773276,37.088111],[139.773613,37.088761],[139.773776,37.089278],[139.773801,37.090044],[139.774513,37.091519],[139.774913,37.091969],[139.775376,37.091769],[139.775688,37.091519],[139.776113,37.091002],[139.776476,37.090436],[139.776926,37.089853],[139.777563,37.089153],[139.777875,37.088911],[139.778175,37.088928],[139.778513,37.089228],[139.779063,37.089811],[139.779725,37.089994],[139.780425,37.089994],[139.781238,37.089886],[139.782013,37.08982],[139.782738,37.08962],[139.783263,37.089595],[139.784188,37.090145],[139.784963,37.090436],[139.786237,37.090661],[139.787212,37.090686],[139.788162,37.09062],[139.788525,37.090511],[139.789225,37.090178],[139.7902,37.089928],[139.790612,37.089795],[139.791612,37.089686],[139.7924,37.089686],[139.792675,37.089662],[139.7934,37.089445],[139.79415,37.089103],[139.7953,37.088412],[139.79585,37.08827],[139.797299,37.088145],[139.798337,37.087987],[139.799024,37.087762],[139.799674,37.087404],[139.800287,37.086954],[139.801087,37.086712],[139.801849,37.08662],[139.802899,37.086579],[139.803511,37.086512],[139.804549,37.086512],[139.804649,37.086421],[139.804811,37.086404],[139.806248,37.085779],[139.807061,37.085604],[139.808286,37.085079],[139.808923,37.084946],[139.809648,37.084829],[139.810711,37.085871],[139.811435,37.085962],[139.812773,37.085729],[139.813473,37.085729],[139.815223,37.085862],[139.81601,37.085754],[139.817485,37.085438],[139.818172,37.085229],[139.818822,37.085163],[139.820185,37.085271],[139.821272,37.085321],[139.821747,37.085388],[139.82186,37.085363],[139.821547,37.085704],[139.820572,37.086404],[139.820522,37.086437],[139.819935,37.087296],[139.819785,37.087679],[139.81971,37.088196],[139.819672,37.088804],[139.819697,37.090137],[139.81981,37.090904],[139.819885,37.091195],[139.820022,37.092345],[139.81996,37.093178],[139.819797,37.094037],[139.819485,37.094645],[139.818535,37.09602],[139.818372,37.096653],[139.818335,37.09692],[139.81836,37.097686],[139.81861,37.098411],[139.818772,37.099178],[139.818772,37.099719],[139.81886,37.100369],[139.819209,37.101211],[139.819047,37.101636],[139.819097,37.101702],[139.819484,37.101911],[139.819797,37.102202],[139.819984,37.102719],[139.820234,37.103669],[139.820309,37.104502],[139.820284,37.10541],[139.820309,37.10606],[139.820422,37.10631],[139.820834,37.106918],[139.821109,37.10751],[139.821272,37.108185],[139.820859,37.108901],[139.820297,37.109376],[139.819184,37.110001],[139.818284,37.110409],[139.81631,37.111059],[139.816085,37.111326],[139.816085,37.111509],[139.816409,37.114234],[139.816134,37.114959],[139.815122,37.116284],[139.815147,37.11685],[139.816172,37.11805],[139.816734,37.118325],[139.818172,37.118667],[139.818509,37.1188],[139.818847,37.119383],[139.819034,37.1204],[139.819059,37.121325],[139.819222,37.12185],[139.820146,37.122525],[139.820809,37.122908],[139.821646,37.123066],[139.822559,37.123391],[139.824058,37.124208],[139.826258,37.125341],[139.827008,37.125833],[139.827808,37.126241],[139.828458,37.126832],[139.828108,37.128274],[139.828133,37.128999],[139.828308,37.129174],[139.82917,37.129382],[139.82942,37.12959],[139.829857,37.13024],[139.830857,37.132273],[139.831682,37.133515],[139.831907,37.133657],[139.832907,37.133682],[139.833382,37.133565],[139.835944,37.133323],[139.838794,37.13324],[139.839044,37.133265],[139.839181,37.134015],[139.839394,37.134781],[139.839819,37.135481],[139.840031,37.135706],[139.840894,37.136181],[139.842456,37.137156],[139.843768,37.137631],[139.844568,37.138015],[139.845318,37.138448],[139.846206,37.139081],[139.847568,37.139406],[139.847718,37.139406],[139.848468,37.138773],[139.848831,37.138573],[139.850368,37.137856],[139.851455,37.137273],[139.852005,37.13714],[139.853655,37.137498],[139.854793,37.13764],[139.855718,37.13769],[139.85663,37.137848],[139.857517,37.138323],[139.858967,37.139681],[139.860305,37.140523],[139.861192,37.141156],[139.861554,37.141698],[139.861854,37.142306],[139.863304,37.143822],[139.863829,37.144564],[139.864492,37.145022],[139.865241,37.145605],[139.865741,37.146314],[139.866091,37.146943],[139.866466,37.147189],[139.867129,37.147355],[139.868079,37.147489],[139.868916,37.147539],[139.869553,37.147447],[139.871715,37.146736],[139.871828,37.146597],[139.872303,37.146422],[139.873391,37.146306],[139.874615,37.146239],[139.876378,37.146031],[139.876965,37.146006],[139.87754,37.146189],[139.878577,37.146972],[139.879415,37.147339],[139.880952,37.147672],[139.881252,37.147781],[139.881952,37.148164],[139.882652,37.148597],[139.884151,37.149314],[139.885051,37.149789],[139.885826,37.150014],[139.886751,37.15003],[139.887076,37.150014],[139.887838,37.15003],[139.888313,37.15028],[139.88895,37.15093],[139.889725,37.151472],[139.890088,37.151563],[139.891825,37.15188],[139.89255,37.15253],[139.893999,37.153005],[139.894974,37.153247],[139.896787,37.15343],[139.897562,37.153472],[139.898236,37.153605],[139.899599,37.153697],[139.900711,37.153738],[139.901886,37.154072],[139.902361,37.154297],[139.902474,37.15383],[139.903974,37.15263],[139.904386,37.152047],[139.904923,37.151455],[139.905311,37.150647],[139.905473,37.150422],[139.905973,37.149922],[139.906723,37.149472],[139.907448,37.149089],[139.909036,37.148456],[139.910286,37.148114],[139.910848,37.147914],[139.911736,37.148073],[139.912185,37.148248],[139.914335,37.14809],[139.915273,37.147798],[139.915973,37.147615],[139.916448,37.147723],[139.91776,37.148781],[139.91846,37.14919],[139.919072,37.149614],[139.920185,37.150498],[139.921497,37.150806],[139.924097,37.151864],[139.924372,37.151931],[139.925372,37.151773],[139.926934,37.151098],[139.927821,37.150981],[139.928721,37.15114],[139.930359,37.151631],[139.930533,37.151723],[139.931258,37.152264],[139.932033,37.152739],[139.932871,37.153164],[139.933458,37.153548],[139.934158,37.153731],[139.935183,37.153798],[139.937333,37.153681],[139.937445,37.153631],[139.938395,37.153523],[139.939782,37.153223],[139.940895,37.153023],[139.94132,37.153023],[139.942482,37.152815],[139.943632,37.152565],[139.943957,37.152773],[139.944582,37.153331],[139.945444,37.15394],[139.946806,37.154231],[139.949181,37.154256],[139.950206,37.154365],[139.950519,37.154431],[139.950994,37.15464],[139.951968,37.154881],[139.952831,37.15504],[139.953831,37.155015],[139.954806,37.154831],[139.956343,37.154381],[139.957093,37.154248],[139.957293,37.154248],[139.958068,37.154065],[139.958868,37.153615],[139.95948,37.153481],[139.96068,37.153473],[139.96083,37.153456],[139.961243,37.153273]]]}}],"type":"FeatureCollection"}