{"type":"FeatureCollection","features":[{"properties":{"name":"岩代","number":10,"yomi":"いわしろ","id_url":"K28.html","pref":"福島県","id":"K28"},"geometry":{"coordinates":[[[140.489092,37.89947],[140.489742,37.899554],[140.490004,37.899645],[140.490167,37.899804],[140.490254,37.899979],[140.490542,37.900229],[140.491029,37.900479],[140.491454,37.90052],[140.492229,37.900379],[140.492767,37.900204],[140.493279,37.900046],[140.494266,37.899796],[140.494779,37.899812],[140.495129,37.899879],[140.495641,37.900037],[140.496041,37.900196],[140.496429,37.900212],[140.496626,37.90015],[140.496825,37.900162],[140.497366,37.900196],[140.497879,37.900304],[140.498428,37.900496],[140.498991,37.900879],[140.499453,37.901254],[140.499691,37.901521],[140.499666,37.902021],[140.499816,37.902421],[140.500216,37.902596],[140.500953,37.902687],[140.501641,37.902721],[140.502091,37.902812],[140.502328,37.903729],[140.502278,37.904312],[140.50229,37.904787],[140.502715,37.905254],[140.50324,37.905545],[140.504378,37.905562],[140.50494,37.905354],[140.505703,37.905012],[140.506865,37.904662],[140.507802,37.904679],[140.50869,37.905121],[140.509352,37.905321],[140.511102,37.904296],[140.511402,37.903729],[140.511552,37.903596],[140.513227,37.903154],[140.514164,37.903188],[140.515239,37.903388],[140.515727,37.903538],[140.516177,37.904863],[140.515814,37.905904],[140.516051,37.906279],[140.517401,37.907596],[140.518376,37.907887],[140.519176,37.907971],[140.519914,37.907712],[140.520476,37.907487],[140.520526,37.907504],[140.520963,37.908154],[140.521776,37.908804],[140.522001,37.908871],[140.522676,37.908704],[140.523926,37.908246],[140.524351,37.907929],[140.525263,37.907813],[140.52625,37.907729],[140.526963,37.907504],[140.5279,37.907071],[140.529288,37.906746],[140.5305,37.905905],[140.5316,37.90533],[140.531888,37.90533],[140.532975,37.906446],[140.53335,37.906713],[140.534512,37.906413],[140.534937,37.906271],[140.535225,37.906313],[140.535425,37.906405],[140.535825,37.906671],[140.536525,37.907363],[140.536724,37.907521],[140.537124,37.907655],[140.537462,37.907713],[140.537599,37.907713],[140.538799,37.907955],[140.539087,37.907955],[140.539574,37.90788],[140.540137,37.907721],[140.540937,37.907646],[140.541187,37.907647],[140.541624,37.907888],[140.543161,37.90803],[140.544386,37.908522],[140.545549,37.908513],[140.546236,37.908663],[140.547011,37.908655],[140.547286,37.908722],[140.548098,37.90923],[140.549211,37.90988],[140.550236,37.910047],[140.551573,37.909838],[140.552398,37.909855],[140.553398,37.909755],[140.554335,37.909497],[140.555098,37.909655],[140.555873,37.909897],[140.55656,37.91018],[140.557185,37.91033],[140.558148,37.91003],[140.558972,37.90998],[140.559322,37.910247],[140.560435,37.910805],[140.561547,37.910905],[140.562235,37.911172],[140.563097,37.911597],[140.563522,37.911997],[140.563734,37.912539],[140.563572,37.912922],[140.563484,37.91303],[140.562809,37.913489],[140.562359,37.913897],[140.562422,37.914372],[140.562972,37.914997],[140.563572,37.915188],[140.564309,37.91528],[140.564309,37.915363],[140.564122,37.91568],[140.563109,37.91668],[140.562909,37.917288],[140.562584,37.91783],[140.562497,37.918055],[140.562784,37.918413],[140.563246,37.918838],[140.563371,37.919196],[140.563371,37.919313],[140.563509,37.919663],[140.563846,37.92028],[140.564159,37.920571],[140.565196,37.921105],[140.565671,37.921455],[140.565934,37.921855],[140.566008,37.922371],[140.566083,37.92268],[140.566233,37.922846],[140.566308,37.922888],[140.566996,37.922621],[140.568408,37.92193],[140.569358,37.92138],[140.569521,37.921246],[140.569633,37.921071],[140.569608,37.920855],[140.569458,37.920463],[140.569546,37.919872],[140.569608,37.919647],[140.569683,37.919355],[140.569933,37.91888],[140.570158,37.918655],[140.570421,37.918563],[140.571471,37.918305],[140.572546,37.918188],[140.573733,37.917864],[140.574408,37.917222],[140.574458,37.916997],[140.574108,37.91628],[140.574396,37.915855],[140.575208,37.915239],[140.575258,37.915056],[140.575258,37.914564],[140.575533,37.914539],[140.576446,37.914147],[140.577271,37.913897],[140.578008,37.913622],[140.579021,37.912889],[140.580008,37.912523],[140.580233,37.912498],[140.580796,37.912206],[140.581296,37.911298],[140.582083,37.910573],[140.582483,37.910256],[140.583158,37.909548],[140.583658,37.909256],[140.584346,37.909006],[140.584546,37.909065],[140.585408,37.90994],[140.585545,37.910006],[140.586458,37.91009],[140.58672,37.91009],[140.587283,37.909431],[140.587883,37.908365],[140.58822,37.908007],[140.588445,37.907915],[140.589383,37.90739],[140.59017,37.906707],[140.591045,37.906273],[140.59192,37.906157],[140.59307,37.90639],[140.59407,37.906724],[140.594245,37.906882],[140.594783,37.907165],[140.59537,37.90669],[140.59582,37.90619],[140.596458,37.90634],[140.59757,37.907257],[140.59812,37.907657],[140.598207,37.907682],[140.598345,37.907657],[140.59872,37.907749],[140.599157,37.908507],[140.599732,37.909249],[140.600182,37.910165],[140.600582,37.910523],[140.601145,37.910382],[140.601257,37.910249],[140.602257,37.910124],[140.603595,37.910632],[140.604707,37.910899],[140.60532,37.911432],[140.605607,37.91179],[140.606845,37.911015],[140.607507,37.911074],[140.60822,37.911007],[140.609045,37.911157],[140.609757,37.91124],[140.610357,37.911282],[140.610407,37.91139],[140.610357,37.911707],[140.61042,37.912407],[140.610232,37.912607],[140.60992,37.913065],[140.60992,37.913265],[140.61022,37.913824],[140.61077,37.914249],[140.611494,37.915149],[140.612007,37.915415],[140.612432,37.915299],[140.612544,37.915182],[140.613169,37.914974],[140.613569,37.91499],[140.614782,37.914982],[140.615694,37.914824],[140.616257,37.91439],[140.617094,37.913416],[140.618282,37.912799],[140.618594,37.912549],[140.618894,37.911641],[140.619332,37.910782],[140.619669,37.910291],[140.620807,37.908499],[140.620882,37.907891],[140.620857,37.907758],[140.620994,37.907016],[140.621207,37.906383],[140.621507,37.905725],[140.621682,37.905233],[140.622007,37.904916],[140.622394,37.9041],[140.622444,37.90355],[140.622432,37.903008],[140.622669,37.902492],[140.623319,37.901267],[140.623507,37.901017],[140.624069,37.900584],[140.624919,37.900159],[140.626207,37.899592],[140.627419,37.899142],[140.628631,37.898851],[140.629944,37.898651],[140.633168,37.898076],[140.637493,37.897151],[140.638643,37.896943],[140.641717,37.896135],[140.644167,37.895618],[140.644592,37.895552],[140.644667,37.895593],[140.645142,37.896802],[140.645729,37.897735],[140.646554,37.898468],[140.648317,37.898927],[140.649754,37.899168],[140.651241,37.899693],[140.652716,37.900002],[140.655503,37.900193],[140.657128,37.900335],[140.659591,37.900894],[140.660441,37.90091],[140.661065,37.900477],[140.661953,37.900285],[140.662415,37.900335],[140.66289,37.899535],[140.663353,37.899211],[140.66409,37.898869],[140.664203,37.898102],[140.664415,37.897752],[140.665115,37.897511],[140.665165,37.897003],[140.665153,37.896444],[140.665315,37.896294],[140.666365,37.896244],[140.66664,37.895628],[140.66694,37.895169],[140.66964,37.894661],[140.670665,37.89417],[140.671453,37.893736],[140.672128,37.893278],[140.67379,37.892745],[140.674977,37.892737],[140.676052,37.89262],[140.677027,37.89237],[140.67849,37.892237],[140.680602,37.891653],[140.682377,37.89067],[140.68359,37.890295],[140.68519,37.889854],[140.687665,37.889371],[140.68849,37.889154],[140.689402,37.888646],[140.690152,37.888104],[140.690115,37.887421],[140.68964,37.885921],[140.690577,37.885038],[140.690952,37.884471],[140.690965,37.884013],[140.69044,37.883463],[140.689015,37.882813],[140.688265,37.882155],[140.685302,37.880421],[140.684602,37.880188],[140.683802,37.879955],[140.683015,37.879613],[140.682803,37.877905],[140.682515,37.876905],[140.68189,37.876055],[140.681953,37.875822],[140.682865,37.874147],[140.683328,37.873655],[140.684528,37.872981],[140.685728,37.872664],[140.686878,37.872397],[140.68734,37.871772],[140.687565,37.871164],[140.687528,37.871039],[140.687065,37.870531],[140.686515,37.870014],[140.686815,37.868831],[140.686503,37.868423],[140.68624,37.868314],[140.68594,37.867973],[140.686215,37.867381],[140.68629,37.866565],[140.686353,37.866306],[140.687528,37.86509],[140.687853,37.864831],[140.68864,37.863265],[140.689015,37.86284],[140.689278,37.86274],[140.690315,37.862665],[140.690478,37.862615],[140.691215,37.861707],[140.691478,37.861015],[140.691728,37.859965],[140.692103,37.859265],[140.692365,37.858682],[140.69234,37.858041],[140.692378,37.857916],[140.69294,37.857299],[140.692653,37.856632],[140.692315,37.856157],[140.692215,37.855724],[140.691965,37.855132],[140.691028,37.853591],[140.690778,37.853016],[140.690753,37.852508],[140.690815,37.852308],[140.691103,37.851974],[140.691703,37.85155],[140.691965,37.850991],[140.69174,37.850383],[140.691578,37.849675],[140.690466,37.849391],[140.689291,37.848891],[140.689041,37.848858],[140.688403,37.848475],[140.687841,37.847533],[140.685678,37.847],[140.685616,37.846766],[140.685916,37.845167],[140.685816,37.844467],[140.685866,37.84405],[140.686416,37.843583],[140.686878,37.842459],[140.686891,37.842225],[140.685416,37.841834],[140.684816,37.841317],[140.684504,37.840775],[140.684179,37.839534],[140.683804,37.838842],[140.683091,37.838559],[140.682366,37.838109],[140.680616,37.83745],[140.679654,37.836992],[140.679391,37.836801],[140.679204,37.836501],[140.679188,37.836346],[140.679204,37.836217],[140.679304,37.835584],[140.679504,37.835201],[140.679692,37.835067],[140.682504,37.833576],[140.682604,37.833484],[140.682779,37.833376],[140.683366,37.832634],[140.683704,37.831801],[140.683779,37.831534],[140.683904,37.831259],[140.684154,37.830993],[140.684342,37.830743],[140.684442,37.830451],[140.684392,37.830201],[140.684029,37.829326],[140.683954,37.82921],[140.683604,37.828376],[140.684517,37.827277],[140.684954,37.826352],[140.684979,37.826102],[140.684742,37.824835],[140.684692,37.824368],[140.684754,37.823777],[140.684904,37.823535],[140.685279,37.823127],[140.686192,37.82266],[140.686292,37.82246],[140.686104,37.821894],[140.685954,37.821619],[140.685754,37.821077],[140.685829,37.820969],[140.686129,37.820744],[140.686204,37.820702],[140.686392,37.820519],[140.686492,37.820186],[140.686517,37.819777],[140.686442,37.819436],[140.686317,37.819252],[140.686329,37.819186],[140.685479,37.818077],[140.685329,37.817802],[140.685267,37.817561],[140.685367,37.816719],[140.685604,37.816203],[140.685479,37.815778],[140.685454,37.815619],[140.685704,37.815144],[140.686142,37.814719],[140.686242,37.814653],[140.687454,37.813695],[140.688229,37.813228],[140.688554,37.813095],[140.688792,37.813003],[140.689242,37.813053],[140.689417,37.813095],[140.689567,37.813236],[140.689792,37.813236],[140.689842,37.81317],[140.689817,37.813011],[140.689892,37.812787],[140.689992,37.812628],[140.690242,37.812403],[140.690529,37.811845],[140.690729,37.81157],[140.691179,37.811078],[140.691417,37.81072],[140.691592,37.810495],[140.691642,37.810204],[140.691617,37.81007],[140.691492,37.80982],[140.691454,37.80937],[140.691504,37.80907],[140.691804,37.808604],[140.691892,37.808379],[140.691967,37.808312],[140.691942,37.808287],[140.691992,37.80822],[140.691942,37.807904],[140.691917,37.807746],[140.691967,37.807479],[140.692067,37.807362],[140.692292,37.807229],[140.692854,37.806962],[140.694692,37.805304],[140.695054,37.804771],[140.695254,37.804654],[140.695354,37.804479],[140.695254,37.804254],[140.694804,37.803929],[140.694454,37.803729],[140.694379,37.803571],[140.694345,37.803431],[140.694317,37.803271],[140.693929,37.801171],[140.693554,37.800655],[140.693392,37.800446],[140.693242,37.800155],[140.693242,37.799955],[140.693292,37.799747],[140.693679,37.79903],[140.693879,37.798605],[140.693979,37.79813],[140.693967,37.79788],[140.693742,37.797605],[140.693567,37.797522],[140.692942,37.797263],[140.691092,37.796755],[140.689892,37.796388],[140.689342,37.795755],[140.688942,37.79543],[140.68823,37.794439],[140.687955,37.793914],[140.687705,37.793755],[140.687255,37.793705],[140.68673,37.793589],[140.686255,37.79343],[140.685742,37.793022],[140.685292,37.79288],[140.684993,37.792655],[140.684743,37.792314],[140.684518,37.79188],[140.684318,37.791564],[140.684068,37.791339],[140.683805,37.791197],[140.682818,37.791055],[140.682168,37.790989],[140.682043,37.790914],[140.681905,37.790672],[140.681805,37.790281],[140.68168,37.790122],[140.680655,37.789197],[140.680168,37.788847],[140.679168,37.787856],[140.678643,37.787397],[140.678443,37.787264],[140.678455,37.786581],[140.67848,37.786289],[140.678443,37.785431],[140.678393,37.785114],[140.677656,37.783106],[140.677718,37.782765],[140.678218,37.781781],[140.678356,37.78124],[140.678256,37.780923],[140.678131,37.780648],[140.678006,37.780356],[140.678043,37.779748],[140.678143,37.779657],[140.678618,37.779415],[140.679143,37.779232],[140.679531,37.77919],[140.679806,37.779215],[140.680606,37.778998],[140.681255,37.778798],[140.68173,37.778757],[140.68188,37.778715],[140.682118,37.778398],[140.682343,37.777949],[140.682718,37.777432],[140.682855,37.777074],[140.68288,37.776849],[140.68278,37.776215],[140.682718,37.775424],[140.682768,37.775174],[140.683106,37.774615],[140.683931,37.773674],[140.684343,37.773132],[140.684531,37.772032],[140.684506,37.771224],[140.684393,37.770699],[140.684393,37.770474],[140.684518,37.770249],[140.684968,37.769941],[140.687056,37.768824],[140.687418,37.768558],[140.687868,37.768383],[140.688118,37.76825],[140.688343,37.768066],[140.688493,37.768],[140.689281,37.767891],[140.689756,37.767783],[140.690156,37.767633],[140.69068,37.767316],[140.690955,37.767225],[140.69123,37.767183],[140.69138,37.767208],[140.69198,37.767191],[140.692518,37.767191],[140.692693,37.767083],[140.692768,37.7669],[140.692943,37.766725],[140.69423,37.765925],[140.69493,37.765475],[140.695155,37.765433],[140.695768,37.765208],[140.696118,37.765058],[140.696768,37.764567],[140.69718,37.764092],[140.69763,37.763825],[140.69793,37.763759],[140.69818,37.763759],[140.69903,37.763834],[140.69988,37.7638],[140.70028,37.763684],[140.700593,37.763484],[140.700967,37.763034],[140.70108,37.762292],[140.701155,37.762159],[140.701305,37.762025],[140.702392,37.760409],[140.702417,37.760317],[140.702243,37.760026],[140.702255,37.759776],[140.702305,37.759667],[140.702405,37.759576],[140.702555,37.759534],[140.703055,37.759576],[140.70343,37.759517],[140.70568,37.759734],[140.705705,37.759709],[140.706505,37.759942],[140.706655,37.760034],[140.70663,37.760059],[140.70668,37.760259],[140.70698,37.760576],[140.707855,37.760692],[140.708305,37.760742],[140.709879,37.760776],[140.710379,37.760717],[140.710679,37.760651],[140.711279,37.760584],[140.711629,37.760634],[140.711942,37.760609],[140.712442,37.760434],[140.713692,37.759926],[140.715167,37.760301],[140.715817,37.760484],[140.716292,37.760576],[140.717316,37.760609],[140.718216,37.760768],[140.719179,37.760801],[140.719854,37.761118],[140.720341,37.761259],[140.720666,37.761418],[140.721516,37.761901],[140.721666,37.761943],[140.721766,37.761926],[140.722204,37.761609],[140.722704,37.761434],[140.722754,37.761434],[140.726278,37.764076],[140.727153,37.764376],[140.727353,37.764559],[140.727503,37.765034],[140.727778,37.765259],[140.728178,37.765442],[140.728553,37.765717],[140.72879,37.766234],[140.72914,37.766601],[140.72974,37.767101],[140.730765,37.767809],[140.731115,37.767992],[140.73184,37.767992],[140.732415,37.768109],[140.73274,37.768117],[140.733015,37.768076],[140.73384,37.768217],[140.734365,37.768151],[140.73459,37.768059],[140.734915,37.768084],[140.73524,37.768159],[140.735565,37.768267],[140.73569,37.768276],[140.735977,37.767101],[140.736215,37.765301],[140.736327,37.764759],[140.736227,37.764218],[140.736052,37.763876],[140.735977,37.763609],[140.736015,37.763293],[140.736265,37.76266],[140.736365,37.762185],[140.736627,37.761426],[140.736702,37.761018],[140.736715,37.760676],[140.73644,37.760043],[140.73634,37.759885],[140.736165,37.759502],[140.736077,37.759118],[140.736052,37.758693],[140.736102,37.75826],[140.736177,37.75801],[140.736128,37.75786],[140.73604,37.757718],[140.73594,37.757268],[140.735915,37.757177],[140.73524,37.756943],[140.73474,37.756602],[140.734365,37.756535],[140.733965,37.756535],[140.733465,37.756393],[140.733065,37.75621],[140.732215,37.755952],[140.731166,37.755477],[140.730803,37.75511],[140.730603,37.754527],[140.730553,37.754294],[140.730403,37.754002],[140.730228,37.753844],[140.729541,37.753435],[140.729291,37.75336],[140.729091,37.753227],[140.729016,37.753027],[140.728966,37.753019],[140.728916,37.75301],[140.728778,37.752469],[140.728466,37.752044],[140.728366,37.752002],[140.728028,37.75186],[140.727266,37.751777],[140.726716,37.751885],[140.726266,37.75191],[140.725941,37.751844],[140.725416,37.751619],[140.725166,37.751644],[140.724891,37.751735],[140.724341,37.75171],[140.723966,37.751577],[140.723791,37.75146],[140.723654,37.751419],[140.723279,37.75151],[140.723216,37.751552],[140.722891,37.751619],[140.722316,37.751394],[140.722041,37.751377],[140.721079,37.751377],[140.720529,37.751285],[140.719779,37.751285],[140.718679,37.751377],[140.718492,37.751427],[140.718242,37.751352],[140.718054,37.751244],[140.717717,37.75111],[140.717192,37.751202],[140.716267,37.751469],[140.716042,37.751494],[140.714804,37.751202],[140.714555,37.751202],[140.714092,37.751335],[140.713867,37.75136],[140.713567,37.751335],[140.712105,37.751068],[140.711855,37.750977],[140.711555,37.750802],[140.711342,37.750735],[140.711067,37.75071],[140.710842,37.750752],[140.710517,37.750893],[140.70988,37.751027],[140.709655,37.750985],[140.709192,37.750802],[140.709055,37.75071],[140.708255,37.750443],[140.707818,37.750352],[140.706605,37.750177],[140.706005,37.750085],[140.70553,37.75011],[140.70498,37.750177],[140.70433,37.75006],[140.703743,37.749818],[140.702893,37.749593],[140.702705,37.74946],[140.702455,37.74901],[140.702118,37.748785],[140.701905,37.74871],[140.701681,37.748602],[140.701568,37.74826],[140.701468,37.74786],[140.701331,37.747793],[140.701131,37.747768],[140.701131,37.747452],[140.701243,37.746552],[140.701218,37.746285],[140.700943,37.745469],[140.700881,37.745177],[140.700806,37.744977],[140.700693,37.74486],[140.700306,37.744794],[140.699418,37.744727],[140.698818,37.74466],[140.698543,37.744569],[140.698318,37.744394],[140.698218,37.743985],[140.698218,37.743827],[140.698156,37.743669],[140.698019,37.74356],[140.697169,37.743219],[140.696256,37.742977],[140.695794,37.74291],[140.695436,37.74277],[140.695244,37.742635],[140.694719,37.742569],[140.694331,37.74241],[140.693644,37.741985],[140.693369,37.74221],[140.693231,37.74241],[140.692881,37.74271],[140.692469,37.742844],[140.692194,37.743069],[140.691894,37.743185],[140.691669,37.743185],[140.691119,37.743069],[140.690294,37.74296],[140.689882,37.743069],[140.689357,37.74316],[140.688732,37.743094],[140.688094,37.742894],[140.687657,37.742777],[140.687519,37.742777],[140.687132,37.742852],[140.685707,37.742894],[140.685094,37.742827],[140.684794,37.742694],[140.684657,37.74256],[140.684332,37.742335],[140.683695,37.742269],[140.682982,37.74211],[140.682845,37.742019],[140.682707,37.741702],[140.682532,37.74146],[140.681907,37.74071],[140.681432,37.740485],[140.681245,37.74031],[140.681082,37.740085],[140.680945,37.73981],[140.680395,37.739094],[140.680145,37.738844],[140.67987,37.73851],[140.67982,37.738485],[140.679595,37.738552],[140.679045,37.738685],[140.678745,37.738685],[140.678495,37.738644],[140.678133,37.738444],[140.678033,37.738302],[140.678033,37.73826],[140.677883,37.73781],[140.677583,37.737627],[140.677533,37.73756],[140.677558,37.737244],[140.677445,37.737044],[140.677145,37.736844],[140.676708,37.736619],[140.676595,37.736502],[140.676545,37.736327],[140.676508,37.735627],[140.676458,37.735286],[140.676508,37.735194],[140.676458,37.734952],[140.676295,37.734702],[140.676095,37.734519],[140.67602,37.734319],[140.67602,37.733752],[140.675795,37.733511],[140.675708,37.733286],[140.675683,37.732944],[140.675633,37.732694],[140.675021,37.731753],[140.675083,37.731478],[140.675383,37.731169],[140.675471,37.730919],[140.675496,37.730669],[140.675433,37.730444],[140.675433,37.730178],[140.675521,37.729945],[140.676008,37.729253],[140.676208,37.728778],[140.676483,37.728236],[140.676421,37.728145],[140.675683,37.727695],[140.675433,37.727603],[140.675133,37.727536],[140.674858,37.72752],[140.674258,37.727378],[140.673758,37.726995],[140.673208,37.726661],[140.672983,37.726436],[140.672746,37.726011],[140.672433,37.725711],[140.672246,37.725603],[140.672021,37.72542],[140.671996,37.725312],[140.672246,37.724928],[140.672246,37.724795],[140.671996,37.724112],[140.671809,37.723753],[140.671471,37.723512],[140.670784,37.723212],[140.669959,37.722945],[140.669709,37.722812],[140.669334,37.722495],[140.669334,37.722228],[140.669496,37.721912],[140.669571,37.721545],[140.669496,37.720787],[140.669571,37.720287],[140.669771,37.720087],[140.670346,37.719637],[140.670621,37.71952],[140.671334,37.71927],[140.671559,37.719162],[140.671496,37.719004],[140.671246,37.718712],[140.671059,37.71862],[140.670234,37.71857],[140.669871,37.718462],[140.669684,37.718304],[140.669434,37.717654],[140.669159,37.717129],[140.668809,37.716771],[140.668359,37.716504],[140.667709,37.716212],[140.667322,37.715871],[140.667159,37.715629],[140.667234,37.715154],[140.667122,37.714679],[140.666909,37.714254],[140.666772,37.713871],[140.667009,37.713346],[140.667184,37.713121],[140.667422,37.712921],[140.667834,37.712646],[140.668034,37.712446],[140.668109,37.712196],[140.668059,37.711413],[140.666984,37.711479],[140.666547,37.711454],[140.665359,37.711146],[140.665059,37.710988],[140.664759,37.710779],[140.664759,37.710696],[140.664872,37.710463],[140.665009,37.710288],[140.665122,37.710063],[140.664709,37.709788],[140.66416,37.709563],[140.663935,37.709546],[140.663522,37.709521],[140.66281,37.709454],[140.661985,37.709096],[140.661597,37.708846],[140.661572,37.708779],[140.661872,37.707921],[140.661735,37.706388],[140.661922,37.705463],[140.662172,37.704946],[140.66181,37.703172],[140.66181,37.70258],[140.661872,37.702038],[140.661897,37.701997],[140.661835,37.701497],[140.661948,37.701255],[140.662248,37.700889],[140.662198,37.700622],[140.66206,37.700422],[140.661423,37.699897],[140.661423,37.699764],[140.66126,37.699405],[140.661123,37.699339],[140.660773,37.699289],[140.660248,37.699339],[140.660023,37.699272],[140.659885,37.699114],[140.65961,37.698914],[140.659498,37.698914],[140.659285,37.698997],[140.65896,37.699247],[140.65876,37.699247],[140.65821,37.699047],[140.658048,37.699022],[140.65741,37.699247],[140.65651,37.699497],[140.656373,37.699589],[140.656035,37.699705],[140.655548,37.699655],[140.655273,37.699572],[140.654998,37.699547],[140.654861,37.699572],[140.654673,37.699705],[140.654336,37.700039],[140.654036,37.70013],[140.653811,37.700022],[140.653398,37.699664],[140.653048,37.699439],[140.652823,37.69923],[140.652436,37.699005],[140.651673,37.698489],[140.651236,37.698105],[140.650873,37.697972],[140.649861,37.697747],[140.649699,37.69763],[140.649499,37.697405],[140.649424,37.697164],[140.649449,37.696489],[140.649549,37.696264],[140.649724,37.696031],[140.649474,37.695989],[140.649311,37.695897],[140.648949,37.695514],[140.647874,37.695156],[140.647599,37.694772],[140.646811,37.693847],[140.646636,37.693556],[140.646262,37.693156],[140.645624,37.692722],[140.645099,37.692114],[140.644887,37.691623],[140.644849,37.691348],[140.644912,37.690806],[140.644962,37.690723],[140.645262,37.690498],[140.645299,37.690131],[140.645162,37.689206],[140.645024,37.688715],[140.645024,37.688556],[140.645237,37.688015],[140.645324,37.687473],[140.645487,37.68729],[140.645737,37.686906],[140.645674,37.68664],[140.645599,37.686506],[140.645562,37.686348],[140.645699,37.686057],[140.645874,37.685265],[140.645924,37.685015],[140.645924,37.684207],[140.645974,37.684165],[140.646287,37.684248],[140.646999,37.684298],[140.647687,37.684223],[140.648399,37.684115],[140.648612,37.684115],[140.649612,37.684248],[140.649937,37.684207],[140.650074,37.684132],[140.650349,37.683665],[140.650536,37.683615],[140.650924,37.683682],[140.651524,37.68389],[140.651749,37.684065],[140.652136,37.684565],[140.652136,37.684648],[140.651749,37.68519],[140.651724,37.685465],[140.651861,37.68589],[140.652186,37.686323],[140.652436,37.686273],[140.653586,37.686365],[140.654199,37.686523],[140.654449,37.687082],[140.654686,37.687357],[140.655074,37.687532],[140.655461,37.687623],[140.655873,37.687665],[140.656148,37.68744],[140.656448,37.686973],[140.656723,37.686723],[140.656973,37.686382],[140.657048,37.685932],[140.657273,37.685365],[140.657461,37.685099],[140.657598,37.685007],[140.657986,37.684874],[140.658098,37.684515],[140.658123,37.684065],[140.658623,37.683607],[140.658748,37.682707],[140.659086,37.681516],[140.659161,37.681241],[140.659436,37.680699],[140.660236,37.679891],[140.661336,37.679191],[140.661886,37.678899],[140.662161,37.678808],[140.662411,37.678674],[140.663148,37.678424],[140.663586,37.678133],[140.663836,37.678016],[140.664461,37.677908],[140.665123,37.677699],[140.665486,37.67745],[140.666336,37.676758],[140.666998,37.676216],[140.667136,37.675966],[140.667098,37.675808],[140.666961,37.67565],[140.666473,37.675291],[140.666411,37.674883],[140.666523,37.674025],[140.666311,37.673325],[140.666248,37.672492],[140.665998,37.6722],[140.665486,37.671975],[140.665348,37.671417],[140.665373,37.670759],[140.665536,37.669992],[140.665698,37.669692],[140.665786,37.669459],[140.665824,37.668975],[140.665486,37.667951],[140.665261,37.667584],[140.664811,37.667142],[140.664424,37.666659],[140.664074,37.665967],[140.663849,37.665017],[140.663511,37.664559],[140.662336,37.663276],[140.662586,37.663043],[140.662774,37.662984],[140.663261,37.662768],[140.663774,37.662359],[140.664274,37.661818],[140.664424,37.661601],[140.665086,37.66126],[140.665711,37.661101],[140.666086,37.660985],[140.665836,37.660668],[140.665836,37.660143],[140.665411,37.659535],[140.664924,37.658576],[140.664924,37.658335],[140.665161,37.657702],[140.665099,37.657002],[140.664811,37.656318],[140.664737,37.655952],[140.665286,37.655585],[140.665861,37.655427],[140.666336,37.655085],[140.666974,37.654435],[140.668399,37.653227],[140.668636,37.652969],[140.668411,37.652602],[140.668149,37.652019],[140.667449,37.651294],[140.667374,37.649919],[140.667237,37.648969],[140.666687,37.647528],[140.667074,37.646511],[140.667612,37.645978],[140.667874,37.645553],[140.667512,37.644603],[140.667762,37.644045],[140.667637,37.643587],[140.667074,37.643203],[140.666699,37.643037],[140.666687,37.642437],[140.666574,37.641637],[140.666924,37.641287],[140.667249,37.640895],[140.667062,37.640454],[140.667099,37.63997],[140.667399,37.639404],[140.667412,37.638837],[140.667662,37.638237],[140.667849,37.637487],[140.667887,37.636629],[140.668012,37.635646],[140.668112,37.635121],[140.667512,37.634163],[140.667412,37.633813],[140.667749,37.633479],[140.668112,37.63288],[140.668399,37.63223],[140.668312,37.631655],[140.667974,37.631146],[140.667974,37.631021],[140.668599,37.629938],[140.668674,37.629722],[140.669112,37.629222],[140.669637,37.628555],[140.670287,37.62803],[140.670849,37.627347],[140.671037,37.626989],[140.671574,37.626505],[140.672212,37.626222],[140.672724,37.625656],[140.673012,37.624881],[140.673387,37.624422],[140.673787,37.624339],[140.673937,37.623889],[140.673949,37.623389],[140.674224,37.622773],[140.674537,37.622373],[140.674799,37.622223],[140.675462,37.621948],[140.675624,37.621848],[140.676412,37.621223],[140.677212,37.620673],[140.677937,37.620398],[140.678762,37.620131],[140.678974,37.620006],[140.679699,37.619756],[140.680574,37.619365],[140.680874,37.619132],[140.680981,37.619074],[140.682199,37.618723],[140.682811,37.618607],[140.683424,37.61839],[140.683999,37.617999],[140.684649,37.617649],[140.685324,37.617432],[140.685486,37.61719],[140.685361,37.616549],[140.685161,37.615957],[140.685136,37.615724],[140.685349,37.615157],[140.685649,37.614541],[140.686161,37.613991],[140.687461,37.613291],[140.687999,37.612832],[140.688161,37.612374],[140.688486,37.611866],[140.689099,37.611499],[140.689724,37.611316],[140.690261,37.610941],[140.691199,37.610466],[140.691661,37.609975],[140.692361,37.609641],[140.693648,37.609475],[140.694086,37.609075],[140.694436,37.608483],[140.694923,37.608108],[140.695661,37.607858],[140.696223,37.607767],[140.696661,37.607458],[140.696973,37.607042],[140.697111,37.606458],[140.697436,37.606367],[140.698073,37.606025],[140.698561,37.605642],[140.699311,37.605492],[140.700786,37.605467],[140.701548,37.605708],[140.702311,37.606092],[140.703423,37.606292],[140.704786,37.606333],[140.705785,37.6064],[140.706523,37.606333],[140.707073,37.606034],[140.707598,37.605609],[140.707985,37.605084],[140.70906,37.604567],[140.710785,37.603867],[140.711823,37.603484],[140.712648,37.603067],[140.713535,37.602551],[140.714448,37.602342],[140.71601,37.601901],[140.717173,37.601667],[140.718085,37.601559],[140.718398,37.601476],[140.718648,37.600943],[140.71871,37.600326],[140.71886,37.599526],[140.719248,37.598984],[140.720198,37.598759],[140.720423,37.598318],[140.720373,37.597926],[140.720485,37.597876],[140.721198,37.597793],[140.72226,37.59761],[140.72266,37.597168],[140.722872,37.596601],[140.72281,37.596135],[140.723073,37.595768],[140.724135,37.595285],[140.725222,37.594877],[140.725435,37.594743],[140.726247,37.59376],[140.726285,37.593668],[140.726135,37.593277],[140.725285,37.592477],[140.724173,37.591202],[140.723898,37.590285],[140.723935,37.589985],[140.724123,37.589194],[140.724073,37.588577],[140.72396,37.587927],[140.72401,37.586886],[140.723935,37.586736],[140.723673,37.586344],[140.722398,37.585178],[140.72191,37.584769],[140.72166,37.584661],[140.721085,37.584069],[140.720635,37.583486],[140.720173,37.582769],[140.719486,37.58207],[140.718961,37.581486],[140.717748,37.580695],[140.716948,37.579703],[140.716623,37.579053],[140.716511,37.578536],[140.716123,37.577811],[140.714549,37.576237],[140.714361,37.576012],[140.714024,37.575403],[140.713499,37.57342],[140.713149,37.572587],[140.713086,37.57257],[140.712124,37.57257],[140.711436,37.57277],[140.710812,37.573245],[140.709662,37.574195],[140.709324,37.574328],[140.708312,37.574262],[140.707262,37.574087],[140.706549,37.574062],[140.705749,37.573928],[140.705499,37.573862],[140.704849,37.57402],[140.704624,37.574245],[140.704537,37.574895],[140.703612,37.57537],[140.702974,37.575303],[140.702699,37.575436],[140.702287,37.575461],[140.701462,37.575445],[140.701024,37.575236],[140.700824,37.575078],[140.699949,37.574545],[140.699099,37.574403],[140.698937,37.57432],[140.698437,37.573886],[140.6978,37.573645],[140.697862,37.573503],[140.698187,37.573395],[140.698274,37.573303],[140.69865,37.572178],[140.698625,37.572062],[140.6989,37.571637],[140.69915,37.571453],[140.699587,37.571228],[140.699637,37.570753],[140.699225,37.56992],[140.698262,37.568279],[140.697875,37.567962],[140.6978,37.567829],[140.697937,37.567287],[140.698125,37.566862],[140.698125,37.566729],[140.697825,37.566187],[140.6979,37.565687],[140.69865,37.564379],[140.698587,37.563887],[140.698375,37.563229],[140.697825,37.562763],[140.69785,37.562471],[140.6984,37.562129],[140.698562,37.561788],[140.698512,37.561563],[140.698175,37.561229],[140.69735,37.560913],[140.696862,37.560779],[140.696137,37.560663],[140.69535,37.560621],[140.695037,37.560529],[140.694138,37.559613],[140.693938,37.559296],[140.693113,37.558413],[140.692863,37.557738],[140.692425,37.556838],[140.6916,37.555488],[140.691025,37.554363],[140.690888,37.554163],[140.689563,37.552655],[140.689313,37.552247],[140.688713,37.55098],[140.688213,37.55038],[140.687663,37.550039],[140.687313,37.549631],[140.687163,37.548939],[140.686951,37.548239],[140.686401,37.547514],[140.686263,37.547431],[140.686263,37.547356],[140.685551,37.546281],[140.685188,37.545623],[140.685076,37.545356],[140.684201,37.543848],[140.683589,37.542923],[140.683239,37.542515],[140.682651,37.541981],[140.682001,37.541298],[140.681726,37.540581],[140.681714,37.539723],[140.681801,37.539115],[140.681964,37.538482],[140.681914,37.53824],[140.681339,37.537723],[140.681139,37.537607],[140.680702,37.537274],[140.680202,37.536749],[140.679652,37.536574],[140.678664,37.536299],[140.677764,37.536007],[140.67699,37.535832],[140.676052,37.535674],[140.675065,37.535407],[140.67424,37.53504],[140.673477,37.534974],[140.67229,37.534682],[140.671303,37.534324],[140.66984,37.533965],[140.66954,37.53394],[140.668191,37.53419],[140.666741,37.534124],[140.666466,37.53424],[140.665416,37.535415],[140.664766,37.535815],[140.664628,37.535865],[140.663053,37.535982],[140.662204,37.536157],[140.661491,37.53659],[140.660966,37.536748],[140.660166,37.536815],[140.659241,37.537065],[140.657841,37.537673],[140.656742,37.537806],[140.656517,37.537806],[140.654342,37.536456],[140.653167,37.535965],[140.652205,37.535398],[140.652005,37.535423],[140.65138,37.535606],[140.650742,37.535648],[140.65003,37.535581],[140.64918,37.535248],[140.648305,37.535065],[140.647092,37.53529],[140.646868,37.535273],[140.646293,37.534981],[140.644968,37.533398],[140.644318,37.532865],[140.64368,37.532498],[140.643018,37.532048],[140.64288,37.531665],[140.642855,37.531107],[140.642493,37.53034],[140.642356,37.529732],[140.642468,37.529099],[140.642443,37.528557],[140.641843,37.528382],[140.641431,37.528157],[140.641231,37.527949],[140.641318,37.527407],[140.641181,37.527116],[140.640543,37.526941],[140.640193,37.527024],[140.639893,37.527182],[140.639806,37.527141],[140.639581,37.526757],[140.639256,37.526332],[140.639168,37.526307],[140.637719,37.526058],[140.636969,37.526057],[140.635681,37.526291],[140.634881,37.526224],[140.634119,37.525841],[140.633481,37.525458],[140.631369,37.525116],[140.630632,37.525208],[140.629907,37.525099],[140.629419,37.524899],[140.628732,37.524874],[140.628044,37.524808],[140.62642,37.523699],[140.625957,37.523299],[140.625545,37.522508],[140.62522,37.522258],[140.624695,37.522283],[140.62442,37.522058],[140.624145,37.521633],[140.623945,37.52145],[140.623432,37.52125],[140.622657,37.520525],[140.622195,37.520167],[140.621832,37.519942],[140.62163,37.519904],[140.621445,37.519858],[140.62132,37.519858],[140.62107,37.519975],[140.620858,37.520191],[140.620733,37.520575],[140.620633,37.520733],[140.620208,37.520983],[140.61982,37.521383],[140.61977,37.521475],[140.619195,37.521849],[140.618395,37.522049],[140.617645,37.522091],[140.616733,37.522283],[140.616083,37.522149],[140.615483,37.521891],[140.614758,37.521908],[140.613958,37.521841],[140.612558,37.521241],[140.612333,37.521191],[140.611433,37.521274],[140.610733,37.521408],[140.609808,37.521358],[140.608908,37.521191],[140.608209,37.521166],[140.607621,37.521274],[140.607521,37.521366],[140.607246,37.522241],[140.607171,37.522374],[140.606659,37.522616],[140.606234,37.522482],[140.606059,37.522416],[140.605721,37.521982],[140.605571,37.521391],[140.605571,37.521191],[140.605396,37.520741],[140.605009,37.520491],[140.604334,37.520191],[140.603834,37.519691],[140.603609,37.519058],[140.603596,37.518783],[140.603296,37.518108],[140.603171,37.517358],[140.603009,37.517041],[140.602434,37.517016],[140.601684,37.516791],[140.601159,37.516599],[140.600822,37.516824],[140.600547,37.517324],[140.599872,37.517674],[140.599484,37.518016],[140.599434,37.518099],[140.599184,37.518216],[140.598134,37.517933],[140.597134,37.517724],[140.59626,37.517649],[140.594885,37.517707],[140.59451,37.517499],[140.594435,37.517166],[140.594485,37.517008],[140.594397,37.516533],[140.593972,37.515783],[140.593972,37.515358],[140.593735,37.515041],[140.593535,37.514633],[140.59336,37.514066],[140.593135,37.513883],[140.591985,37.513966],[140.59046,37.51375],[140.590285,37.513591],[140.58971,37.513316],[140.588985,37.513291],[140.58801,37.513599],[140.587273,37.513616],[140.58691,37.513433],[140.58671,37.513075],[140.58611,37.512141],[140.584923,37.5108],[140.584298,37.51035],[140.583673,37.510233],[140.583498,37.51025],[140.582648,37.5107],[140.581973,37.510958],[140.581223,37.510775],[140.580623,37.510275],[140.580298,37.510091],[140.579548,37.5102],[140.578736,37.510416],[140.577636,37.510641],[140.576936,37.510724],[140.576461,37.510516],[140.576236,37.510358],[140.575636,37.510016],[140.574636,37.509916],[140.573837,37.509908],[140.572962,37.509633],[140.572812,37.509699],[140.572587,37.509583],[140.572624,37.508708],[140.572524,37.508525],[140.572249,37.508208],[140.571724,37.50805],[140.571024,37.507566],[140.569387,37.505775],[140.568562,37.505675],[140.566562,37.505508],[140.566662,37.505058],[140.566975,37.504467],[140.567125,37.503975],[140.566587,37.503092],[140.566625,37.503042],[140.566637,37.503008],[140.5665,37.50285],[140.566037,37.502825],[140.564625,37.502858],[140.564013,37.502842],[140.563238,37.50215],[140.562475,37.502192],[140.562113,37.502425],[140.561513,37.502542],[140.560863,37.502542],[140.560613,37.502475],[140.560013,37.5021],[140.558738,37.501583],[140.558288,37.501458],[140.558201,37.5015],[140.557751,37.501792],[140.557301,37.502275],[140.557001,37.502433],[140.557001,37.502633],[140.557113,37.503041],[140.557138,37.503275],[140.557263,37.503475],[140.557438,37.503658],[140.557738,37.503791],[140.557863,37.503883],[140.558176,37.504516],[140.558176,37.504725],[140.557501,37.505008],[140.557276,37.5049],[140.557276,37.504625],[140.557201,37.504491],[140.556926,37.5044],[140.556751,37.504216],[140.556651,37.504216],[140.556476,37.504258],[140.555976,37.504841],[140.555463,37.505133],[140.554888,37.506008],[140.554301,37.506383],[140.553901,37.506924],[140.553651,37.507083],[140.553476,37.506966],[140.552876,37.506374],[140.551901,37.506074],[140.551126,37.506116],[140.550276,37.505774],[140.549776,37.505766],[140.549376,37.506216],[140.548989,37.506549],[140.548414,37.506774],[140.548189,37.507066],[140.548364,37.507541],[140.548576,37.507899],[140.548601,37.508216],[140.548501,37.508307],[140.548126,37.508849],[140.547664,37.509249],[140.547164,37.509424],[140.546989,37.509449],[140.546401,37.510074],[140.546676,37.510482],[140.546801,37.510757],[140.546776,37.510915],[140.546414,37.511407],[140.545914,37.511398],[140.545439,37.51144],[140.545189,37.511532],[140.545089,37.511532],[140.544314,37.511165],[140.543814,37.510865],[140.542764,37.510565],[140.542214,37.51054],[140.541927,37.510174],[140.541702,37.509765],[140.541202,37.509474],[140.540627,37.50924],[140.540127,37.509215],[140.539152,37.508715],[140.538552,37.508757],[140.538177,37.508974],[140.536015,37.509615],[140.535915,37.509498],[140.535527,37.508124],[140.535402,37.50799],[140.53389,37.50694],[140.533215,37.505715],[140.532678,37.505324],[140.532303,37.505032],[140.532178,37.504441],[140.53214,37.503766],[140.531965,37.503424],[140.531665,37.503091],[140.531615,37.503007],[140.53164,37.502916],[140.531728,37.502532],[140.53099,37.502091],[140.530753,37.501616],[140.530553,37.501324],[140.530053,37.501174],[140.529653,37.500741],[140.529503,37.500024],[140.529303,37.499691],[140.528816,37.499283],[140.528153,37.498525],[140.528078,37.498699],[140.527541,37.499066],[140.526691,37.499074],[140.525566,37.499149],[140.524941,37.499283],[140.524491,37.499583],[140.523679,37.500033],[140.523479,37.500399],[140.523716,37.500982],[140.523691,37.501499],[140.523529,37.501974],[140.523329,37.502357],[140.522804,37.502949],[140.522754,37.50304],[140.522729,37.503157],[140.522241,37.503557],[140.521816,37.504165],[140.521379,37.504615],[140.520904,37.504974],[140.520729,37.50504],[140.520529,37.504924],[140.520329,37.504674],[140.520104,37.50424],[140.519579,37.50404],[140.518154,37.503915],[140.517604,37.503774],[140.517317,37.503482],[140.516992,37.50304],[140.516754,37.50294],[140.515954,37.502265],[140.515579,37.501732],[140.514955,37.500832],[140.51433,37.500407],[140.51418,37.500366],[140.51308,37.500599],[140.512805,37.500457],[140.51263,37.499991],[140.512617,37.499357],[140.51293,37.498791],[140.513067,37.498382],[140.512318,37.496724],[140.512018,37.495666],[140.511705,37.494833],[140.51113,37.4943],[140.51068,37.494141],[140.51003,37.494391],[140.50928,37.494824],[140.508743,37.495033],[140.508281,37.494899],[140.507656,37.494499],[140.507543,37.494208],[140.507856,37.493816],[140.508043,37.493141],[140.508493,37.4926],[140.508881,37.492191],[140.509043,37.491358],[140.509018,37.491017],[140.508668,37.489467],[140.508831,37.489258],[140.509081,37.489033],[140.508768,37.488767],[140.508518,37.488675],[140.508231,37.488208],[140.507369,37.487017],[140.507194,37.4867],[140.506944,37.485917],[140.506681,37.485334],[140.506281,37.484792],[140.506131,37.484676],[140.505731,37.484234],[140.505306,37.484101],[140.504694,37.484126],[140.503894,37.484059],[140.502594,37.483326],[140.502169,37.483151],[140.501657,37.483192],[140.501182,37.483467],[140.501119,37.483467],[140.500982,37.483359],[140.500894,37.482884],[140.500807,37.482617],[140.50007,37.482592],[140.49937,37.482667],[140.498995,37.482759],[140.498495,37.482809],[140.497357,37.482792],[140.496995,37.482934],[140.496643,37.483105],[140.496569,37.483156],[140.49627,37.483217],[140.495383,37.48355],[140.495083,37.484025],[140.494783,37.484209],[140.494258,37.48425],[140.493595,37.484234],[140.49297,37.484167],[140.49217,37.483942],[140.491833,37.483717],[140.491783,37.483284],[140.491695,37.483125],[140.49162,37.483059],[140.491258,37.483042],[140.490796,37.48295],[140.490408,37.48295],[140.489996,37.483284],[140.489583,37.483809],[140.489558,37.48385],[140.489196,37.483759],[140.488871,37.483534],[140.488258,37.483675],[140.487771,37.483675],[140.487471,37.483717],[140.486946,37.483917],[140.486646,37.483808],[140.486421,37.483675],[140.485821,37.483858],[140.485546,37.4839],[140.485184,37.484017],[140.484746,37.484375],[140.484446,37.48455],[140.484034,37.48505],[140.483571,37.4853],[140.482846,37.485342],[140.482296,37.4853],[140.480984,37.484825],[140.480184,37.484358],[140.479797,37.48395],[140.479472,37.483792],[140.479134,37.483683],[140.478922,37.483525],[140.478747,37.483317],[140.478534,37.483142],[140.478422,37.4826],[140.478259,37.4824],[140.478147,37.4824],[140.478009,37.482125],[140.478034,37.48145],[140.478059,37.481359],[140.478034,37.481225],[140.477897,37.48105],[140.477622,37.480909],[140.477397,37.480642],[140.477347,37.480642],[140.47716,37.480734],[140.476885,37.480709],[140.476135,37.480417],[140.475197,37.480484],[140.474872,37.480625],[140.47446,37.480892],[140.474322,37.480917],[140.474047,37.481025],[140.473885,37.481208],[140.473747,37.4815],[140.473472,37.48175],[140.473035,37.481975],[140.472872,37.482108],[140.47281,37.483191],[140.472672,37.483758],[140.472785,37.484158],[140.472985,37.4845],[140.473197,37.484766],[140.47361,37.485058],[140.474385,37.485508],[140.474135,37.486366],[140.474135,37.486483],[140.473922,37.486658],[140.473372,37.486749],[140.47301,37.486841],[140.472547,37.486799],[140.472135,37.486799],[140.471935,37.486841],[140.471172,37.486799],[140.47021,37.486683],[140.469823,37.486508],[140.469523,37.486033],[140.46921,37.485699],[140.46891,37.485424],[140.468548,37.484841],[140.468248,37.4845],[140.468173,37.484141],[140.467998,37.483808],[140.46751,37.483308],[140.467123,37.483216],[140.466823,37.483083],[140.466485,37.482591],[140.466073,37.482541],[140.465723,37.48225],[140.464423,37.4818],[140.464148,37.4816],[140.464011,37.481558],[140.463548,37.481533],[140.463186,37.481625],[140.462773,37.481667],[140.462336,37.481508],[140.461761,37.481058],[140.461623,37.481042],[140.461211,37.481083],[140.460936,37.48115],[140.460849,37.481017],[140.460961,37.48075],[140.460874,37.480542],[140.460524,37.480433],[140.460024,37.480117],[140.459561,37.480167],[140.459174,37.480342],[140.458811,37.480458],[140.458349,37.4805],[140.458049,37.480633],[140.457661,37.48075],[140.457336,37.481],[140.456949,37.481025],[140.456474,37.480841],[140.455824,37.480433],[140.455412,37.48035],[140.454037,37.480375],[140.453649,37.480508],[140.453237,37.48035],[140.452899,37.48015],[140.452274,37.480258],[140.452187,37.480258],[140.451887,37.480416],[140.451724,37.48035],[140.451587,37.480241],[140.451399,37.481183],[140.451399,37.481475],[140.451887,37.482558],[140.452137,37.482808],[140.453049,37.483324],[140.453237,37.483616],[140.453099,37.484041],[140.453162,37.484474],[140.452912,37.484833],[140.452574,37.485108],[140.451724,37.485374],[140.451237,37.485574],[140.450412,37.485666],[140.449774,37.485782],[140.449287,37.485757],[140.448837,37.485674],[140.448537,37.485532],[140.448187,37.485149],[140.447962,37.484857],[140.447849,37.484774],[140.447412,37.484632],[140.44645,37.484482],[140.446087,37.484366],[140.445675,37.484033],[140.445187,37.483558],[140.444712,37.483216],[140.44455,37.482816],[140.444462,37.482116],[140.444362,37.481866],[140.443887,37.481841],[140.44285,37.482116],[140.442487,37.482049],[140.441613,37.481691],[140.440788,37.482049],[140.4404,37.482258],[140.439963,37.482433],[140.439463,37.482391],[140.4382,37.481899],[140.438088,37.481874],[140.437838,37.482058],[140.436938,37.483182],[140.43655,37.483566],[140.436138,37.483857],[140.435425,37.484057],[140.434988,37.484107],[140.43495,37.484149],[140.434788,37.484016],[140.43465,37.483791],[140.434163,37.483882],[140.433963,37.484424],[140.433338,37.48449],[140.432926,37.484582],[140.432613,37.484765],[140.432338,37.485282],[140.432151,37.485349],[140.431801,37.485374],[140.431188,37.485549],[140.430838,37.485465],[140.430701,37.485324],[140.430638,37.485082],[140.430663,37.485015],[140.430938,37.484924],[140.431601,37.484807],[140.431713,37.48474],[140.431763,37.484515],[140.432063,37.484332],[140.432201,37.484174],[140.432101,37.483232],[140.431163,37.483391],[140.429151,37.483774],[140.428688,37.48384],[140.428601,37.484065],[140.428626,37.484157],[140.428576,37.484315],[140.428301,37.484407],[140.428163,37.484382],[140.428001,37.48454],[140.427588,37.484724],[140.427538,37.484815],[140.427288,37.48504],[140.425776,37.485915],[140.425439,37.486007],[140.425026,37.485873],[140.424889,37.485648],[140.424866,37.485607],[140.425714,37.485398],[140.426576,37.484832],[140.425576,37.484232],[140.425389,37.484182],[140.424751,37.484699],[140.424476,37.484973],[140.424264,37.485265],[140.424201,37.485398],[140.424014,37.485648],[140.423789,37.485648],[140.423351,37.485315],[140.423214,37.485132],[140.423101,37.484773],[140.422914,37.484523],[140.422864,37.484274],[140.422964,37.483782],[140.423576,37.48319],[140.423739,37.482857],[140.423764,37.482582],[140.423601,37.482182],[140.422776,37.481524],[140.422501,37.481141],[140.422064,37.480807],[140.421452,37.480766],[140.421039,37.480966],[140.420739,37.480924],[140.420489,37.480716],[140.420414,37.480716],[140.420102,37.480632],[140.419889,37.480424],[140.419777,37.480407],[140.419527,37.480674],[140.419502,37.480766],[140.419552,37.481174],[140.419527,37.481415],[140.419414,37.481532],[140.419177,37.481532],[140.418927,37.481465],[140.418514,37.481415],[140.418127,37.481107],[140.417714,37.481107],[140.417214,37.48124],[140.416777,37.481199],[140.416589,37.481082],[140.416289,37.481149],[140.415702,37.481424],[140.41549,37.48169],[140.413427,37.48194],[140.412852,37.482057],[140.412715,37.482165],[140.412577,37.48264],[140.412515,37.483182],[140.41244,37.483523],[140.41224,37.483857],[140.41194,37.484082],[140.41139,37.484398],[140.409965,37.484831],[140.409465,37.485098],[140.408952,37.485481],[140.40864,37.485798],[140.408227,37.486315],[140.40799,37.486698],[140.407465,37.487831],[140.407215,37.488214],[140.407052,37.488706],[140.40694,37.489564],[140.407002,37.490289],[140.40714,37.490781],[140.405748,37.488362],[140.404859,37.486798],[140.402456,37.482084],[140.398857,37.476967],[140.397196,37.471988],[140.395259,37.467839],[140.394144,37.463494],[140.393806,37.460791],[140.394595,37.458764],[140.397525,37.457188],[140.399892,37.455837],[140.401582,37.454147],[140.402259,37.45167],[140.401695,37.449418],[140.40023,37.447278],[140.399441,37.445026],[140.400005,37.442436],[140.400906,37.439958],[140.400455,37.437256],[140.397751,37.434328],[140.396285,37.431662],[140.396285,37.426932],[140.396736,37.42254],[140.396848,37.419274],[140.395609,37.414883],[140.393242,37.410153],[140.390199,37.406549],[140.388396,37.401707],[140.386255,37.397766],[140.385804,37.395063],[140.386367,37.393374],[140.388621,37.392585],[140.391557,37.39273],[140.393134,37.392054],[140.394149,37.39059],[140.394261,37.389239],[140.393698,37.387887],[140.391669,37.385748],[140.388739,37.382932],[140.387161,37.380342],[140.386598,37.379216],[140.386711,37.37764],[140.387161,37.376626],[140.388626,37.375951],[140.39043,37.376288],[140.392571,37.376851],[140.394825,37.377302],[140.396741,37.377302],[140.398431,37.376514],[140.399108,37.374599],[140.39877,37.373135],[140.398206,37.372009],[140.397868,37.370883],[140.397868,37.369532],[140.398206,37.36818],[140.397643,37.366491],[140.396177,37.365478],[140.394374,37.364239],[140.392909,37.363225],[140.392796,37.361762],[140.392796,37.360072],[140.393698,37.357708],[140.394825,37.35523],[140.395501,37.352978],[140.395388,37.351401],[140.394938,37.349712],[140.393131,37.347601],[140.39099,37.346249],[140.389525,37.346362],[140.387496,37.346587],[140.384791,37.347601],[140.383101,37.347263],[140.381974,37.346024],[140.38141,37.345123],[140.38096,37.34242],[140.380509,37.340506],[140.380621,37.338479],[140.380621,37.336227],[140.379382,37.334538],[140.376677,37.333975],[140.373634,37.3342],[140.370704,37.333186],[140.368675,37.330821],[140.366759,37.327781],[140.365745,37.324853],[140.36552,37.321137],[140.365294,37.317758],[140.364393,37.315168],[140.362815,37.312466],[140.360561,37.309538],[140.359434,37.306948],[140.358983,37.304583],[140.359096,37.302443],[140.359995,37.29977],[140.361573,37.297968],[140.362587,37.296279],[140.362925,37.293801],[140.362925,37.292337],[140.363827,37.290873],[140.364616,37.289972],[140.36439,37.288621],[140.364052,37.285693],[140.364278,37.283553],[140.364841,37.2804],[140.366532,37.279049],[140.36811,37.278373],[140.370702,37.278261],[140.373745,37.27781],[140.375289,37.276552],[140.376182,37.274769],[140.375652,37.272937],[140.375415,37.271154],[140.37499,37.269454],[140.374827,37.268812],[140.374965,37.268629],[140.375152,37.268587],[140.376152,37.268446],[140.376202,37.268246],[140.37764,37.267971],[140.37784,37.267346],[140.378065,37.267346],[140.379015,37.267479],[140.379127,37.266888],[140.37979,37.266846],[140.38084,37.267029],[140.380927,37.266779],[140.381027,37.265888],[140.381052,37.264046],[140.380827,37.26338],[140.380465,37.263063],[140.378915,37.26183],[140.377978,37.260847],[140.37689,37.25943],[140.375203,37.257755],[140.373178,37.255814],[140.371903,37.25443],[140.371666,37.254205],[140.371178,37.253614],[140.369054,37.253064],[140.367066,37.252464],[140.366016,37.252172],[140.362817,37.251614],[140.361079,37.251414],[140.360792,37.251347],[140.360892,37.250106],[140.361042,37.250081],[140.362554,37.250281],[140.363442,37.249647],[140.363529,37.248722],[140.363554,37.248022],[140.363792,37.247931],[140.364654,37.247973],[140.365204,37.247973],[140.365441,37.247864],[140.365866,37.247498],[140.366304,37.247023],[140.366504,37.246664],[140.366654,37.246548],[140.369204,37.246698],[140.369579,37.246364],[140.369991,37.246356],[140.370454,37.246406],[140.370629,37.246448],[140.370679,37.246514],[140.371154,37.247781],[140.371656,37.247523],[140.371791,37.247331],[140.372216,37.246973],[140.372703,37.247306],[140.373203,37.246989],[140.373741,37.246581],[140.373828,37.246556],[140.374028,37.246623],[140.374253,37.246781],[140.374303,37.246781],[140.374641,37.246573],[140.375578,37.245848],[140.375716,37.245798],[140.376053,37.245773],[140.376728,37.24584],[140.377378,37.245856],[140.377916,37.245698],[140.379128,37.245265],[140.380928,37.244848],[140.382428,37.244615],[140.382765,37.244523],[140.383503,37.244407],[140.383978,37.244357],[140.384203,37.244398],[140.384828,37.244598],[140.385653,37.244998],[140.386502,37.24529],[140.387152,37.245373],[140.38809,37.245432],[140.388452,37.245432],[140.388702,37.24394],[140.388702,37.243765],[140.389027,37.242707],[140.389252,37.242274],[140.389727,37.241682],[140.390177,37.241032],[140.390677,37.240099],[140.390865,37.238882],[140.390765,37.237983],[140.39059,37.236899],[140.390527,37.235958],[140.390627,37.235433],[140.390852,37.234733],[140.391128,37.2337],[140.391402,37.233091],[140.391852,37.232616],[140.39224,37.232317],[140.393815,37.231117],[140.39429,37.230633],[140.39494,37.230092],[140.395415,37.22955],[140.395577,37.2293],[140.39639,37.227675],[140.396552,37.227226],[140.396715,37.225551],[140.396652,37.225009],[140.396502,37.224251],[140.396302,37.223884],[140.396015,37.223593],[140.395502,37.223351],[140.393828,37.222843],[140.393315,37.222643],[140.392978,37.222551],[140.392328,37.222759],[140.390528,37.223534],[140.389378,37.223884],[140.389153,37.223909],[140.388753,37.223867],[140.387391,37.223492],[140.386966,37.223201],[140.386716,37.223134],[140.386291,37.223334],[140.385416,37.223684],[140.384966,37.223684],[140.384366,37.223617],[140.383691,37.223126],[140.383203,37.222834],[140.383091,37.222834],[140.382391,37.223134],[140.381878,37.223434],[140.381541,37.223384],[140.380129,37.222992],[140.379141,37.222834],[140.378116,37.222934],[140.377729,37.222825],[140.377329,37.222625],[140.376991,37.222559],[140.376141,37.222809],[140.375629,37.222884],[140.374704,37.222792],[140.374041,37.22255],[140.372517,37.222467],[140.372179,37.222409],[140.371817,37.222292],[140.371666,37.222206],[140.371042,37.222134],[140.370254,37.221934],[140.369879,37.221667],[140.369092,37.22085],[140.368717,37.220625],[140.368017,37.220584],[140.367055,37.220634],[140.366567,37.22075],[140.365705,37.22145],[140.365442,37.221542],[140.364717,37.221725],[140.363992,37.22195],[140.363442,37.2224],[140.36298,37.222583],[140.36228,37.222675],[140.361355,37.222858],[140.360955,37.222975],[140.359943,37.223183],[140.35933,37.223358],[140.358493,37.224874],[140.358243,37.225216],[140.357255,37.225533],[140.357018,37.225649],[140.356505,37.226074],[140.355405,37.226824],[140.355205,37.226916],[140.35488,37.226982],[140.353956,37.226066],[140.353431,37.225816],[140.352581,37.225524],[140.351881,37.225116],[140.351043,37.224149],[140.349556,37.222933],[140.347281,37.221291],[140.346756,37.220824],[140.345644,37.219358],[140.345382,37.218816],[140.344082,37.218958],[140.343294,37.219074],[140.339382,37.219783],[140.338782,37.220441],[140.337457,37.222224],[140.33717,37.222424],[140.336332,37.222699],[140.33552,37.222907],[140.334645,37.223024],[140.333083,37.223141],[140.332883,37.223091],[140.332208,37.222082],[140.33212,37.222082],[140.331833,37.221966],[140.331683,37.221807],[140.331533,37.221424],[140.331533,37.220658],[140.331645,37.220499],[140.33277,37.219508],[140.33312,37.219141],[140.333145,37.219033],[140.33297,37.218941],[140.331758,37.218516],[140.331058,37.218249],[140.330646,37.218133],[140.328733,37.218341],[140.327896,37.218391],[140.327696,37.218283],[140.327921,37.217808],[140.327771,37.21765],[140.327433,37.217783],[140.326534,37.218416],[140.326271,37.217966],[140.326121,37.217425],[140.326096,37.21745],[140.325834,37.217408],[140.325621,37.217333],[140.325309,37.217041],[140.325309,37.21675],[140.326634,37.216025],[140.326696,37.215983],[140.326746,37.2158],[140.326659,37.215733],[140.325621,37.216366],[140.324121,37.216866],[140.323509,37.216958],[140.323359,37.216916],[140.323509,37.216733],[140.324196,37.216141],[140.324634,37.215716],[140.324971,37.214833],[140.325346,37.2144],[140.325471,37.213933],[140.326109,37.213817],[140.326246,37.213725],[140.326621,37.213383],[140.326621,37.213342],[140.326509,37.213292],[140.326334,37.213275],[140.325546,37.213617],[140.325346,37.213858],[140.325146,37.21425],[140.324859,37.214567],[140.324509,37.214133],[140.324484,37.215016],[140.324171,37.215783],[140.323646,37.216166],[140.323471,37.216375],[140.323096,37.2166],[140.322759,37.217025],[140.322209,37.21735],[140.321947,37.217366],[140.321572,37.217141],[140.321484,37.217125],[140.321509,37.21685],[140.321822,37.21595],[140.321934,37.215675],[140.321872,37.215658],[140.321622,37.215816],[140.321509,37.216133],[140.321072,37.216941],[140.320547,37.217216],[140.320059,37.217624],[140.319084,37.218599],[140.318734,37.218916],[140.318622,37.218933],[140.318009,37.218941],[140.318097,37.219616],[140.317959,37.219907],[140.317634,37.219841],[140.317309,37.219524],[140.317134,37.219049],[140.317084,37.219049],[140.317047,37.219124],[140.316735,37.219441],[140.316597,37.219932],[140.317234,37.220991],[140.317384,37.221599],[140.317209,37.222216],[140.316722,37.222732],[140.316084,37.223165],[140.315734,37.223574],[140.315709,37.223682],[140.315947,37.223932],[140.316147,37.224024],[140.316697,37.224474],[140.316797,37.224965],[140.316334,37.225374],[140.315659,37.22574],[140.315459,37.22594],[140.315584,37.226348],[140.315984,37.226907],[140.316159,37.227023],[140.316372,37.227582],[140.316722,37.228015],[140.317009,37.228557],[140.316784,37.228957],[140.316671,37.229031],[140.316284,37.22914],[140.316109,37.229165],[140.314984,37.228923],[140.314697,37.22899],[140.314284,37.229665],[140.314059,37.229731],[140.313622,37.229806],[140.313072,37.230056],[140.311772,37.231098],[140.311459,37.23159],[140.311109,37.232248],[140.310709,37.232681],[140.310534,37.232789],[140.310134,37.233381],[140.310134,37.233739],[140.310222,37.234098],[140.310217,37.234181],[140.310197,37.234256],[140.309997,37.234623],[140.309822,37.235298],[140.309709,37.236114],[140.309709,37.237264],[140.309772,37.237647],[140.308672,37.237672],[140.308059,37.237472],[140.307135,37.237064],[140.306347,37.236822],[140.305535,37.236614],[140.304697,37.236322],[140.303872,37.235856],[140.30271,37.234889],[140.302448,37.234573],[140.302685,37.234214],[140.303085,37.233689],[140.303198,37.233123],[140.30316,37.232631],[140.302898,37.23209],[140.302848,37.23189],[140.302835,37.231323],[140.302923,37.230623],[140.302898,37.229898],[140.302448,37.228523],[140.302386,37.228165],[140.302011,37.228032],[140.301786,37.227848],[140.301923,37.226607],[140.301861,37.226473],[140.301186,37.22584],[140.300486,37.224965],[140.300261,37.22454],[140.300199,37.224157],[140.299961,37.223974],[140.299299,37.223774],[140.298424,37.22359],[140.298111,37.223665],[140.297899,37.223932],[140.297586,37.224182],[140.297649,37.224499],[140.297799,37.224949],[140.297649,37.225199],[140.297361,37.225157],[140.296811,37.224882],[140.296461,37.225024],[140.296311,37.225407],[140.296061,37.225832],[140.295599,37.226065],[140.294962,37.226265],[140.294349,37.226423],[140.294349,37.226265],[140.294837,37.225724],[140.294812,37.225499],[140.294599,37.225432],[140.293387,37.226357],[140.293162,37.226224],[140.292837,37.225774],[140.292249,37.225257],[140.291262,37.224899],[140.290575,37.224565],[140.289725,37.224207],[140.288887,37.224074],[140.287875,37.223965],[140.286938,37.223899],[140.2861,37.223965],[140.2854,37.224215],[140.284388,37.224849],[140.283875,37.225282],[140.28335,37.225482],[140.282775,37.225399],[140.28245,37.225282],[140.281988,37.224274],[140.281138,37.223799],[140.280788,37.223149],[140.280726,37.222874],[140.280726,37.222199],[140.280838,37.221632],[140.280863,37.221157],[140.280688,37.220891],[140.280338,37.220483],[140.280201,37.220191],[140.280076,37.220216],[140.279351,37.220558],[140.278926,37.220624],[140.278114,37.220674],[140.276976,37.220699],[140.275964,37.220882],[140.275089,37.220949],[140.273902,37.221066],[140.273152,37.220932],[140.271352,37.220349],[140.270565,37.220124],[140.27004,37.219883],[140.269265,37.219749],[140.268477,37.219549],[140.267665,37.219433],[140.26729,37.219416],[140.26529,37.219808],[140.26444,37.219899],[140.264128,37.219966],[140.262415,37.220174],[140.261466,37.220199],[140.260703,37.220066],[140.259978,37.220024],[140.259141,37.219933],[140.257803,37.219866],[140.256354,37.220124],[140.254554,37.220191],[140.253804,37.220357],[140.252466,37.220557],[140.251429,37.220857],[140.250617,37.221291],[140.249892,37.221424],[140.248354,37.222291],[140.247929,37.222374],[140.247467,37.222557],[140.246879,37.222715],[140.246676,37.222737],[140.246379,37.222715],[140.246179,37.222649],[140.245904,37.222474],[140.245417,37.221732],[140.245105,37.221374],[140.24493,37.221241],[140.244417,37.220974],[140.243792,37.220882],[140.24363,37.220932],[140.243117,37.220916],[140.242917,37.220849],[140.242517,37.220624],[140.242092,37.220491],[140.24153,37.220516],[140.240743,37.220766],[140.24038,37.220999],[140.240093,37.221424],[140.23968,37.221807],[140.23908,37.221974],[140.238693,37.221949],[140.237193,37.221624],[140.236993,37.221624],[140.23623,37.221716],[140.235555,37.222041],[140.235043,37.22249],[140.234606,37.223082],[140.234268,37.223599],[140.233881,37.224415],[140.233855,37.225132],[140.233206,37.225365],[140.232618,37.225207],[140.231993,37.224899],[140.231768,37.224849],[140.231118,37.22504],[140.230443,37.225382],[140.229818,37.225607],[140.229143,37.225457],[140.228231,37.225007],[140.227531,37.224924],[140.227244,37.224857],[140.226644,37.22459],[140.225369,37.22424],[140.225119,37.224015],[140.224831,37.224124],[140.224294,37.22424],[140.223819,37.224557],[140.222931,37.22569],[140.222531,37.225848],[140.221831,37.226307],[140.221231,37.226448],[140.220619,37.226473],[140.220281,37.22674],[140.219807,37.227198],[140.219132,37.227423],[140.218244,37.22734],[140.217994,37.227273],[140.217344,37.227215],[140.216782,37.22744],[140.216132,37.227582],[140.215657,37.22774],[140.215057,37.228123],[140.214269,37.228315],[140.212382,37.228048],[140.212007,37.228073],[140.210857,37.228515],[140.210795,37.228556],[140.21077,37.228898],[140.210582,37.229415],[140.21007,37.229623],[140.209145,37.229781],[140.208495,37.230015],[140.207957,37.230465],[140.207795,37.231006],[140.207832,37.231164],[140.208107,37.231523],[140.208232,37.231948],[140.207732,37.232673],[140.207332,37.232973],[140.207257,37.233447],[140.207282,37.233756],[140.206432,37.233739],[140.205895,37.233814],[140.20582,37.233906],[140.20552,37.235372],[140.205207,37.235822],[140.204707,37.236272],[140.204282,37.236772],[140.203807,37.237155],[140.20302,37.237572],[140.20212,37.237847],[140.201782,37.237914],[140.201245,37.23783],[140.200707,37.237314],[140.199982,37.236506],[140.199907,37.236464],[140.199507,37.236506],[140.199082,37.237005],[140.198608,37.237372],[140.19712,37.23783],[140.196695,37.23783],[140.196158,37.237789],[140.195983,37.23788],[140.19542,37.238314],[140.194895,37.238655],[140.19427,37.238747],[140.193533,37.23873],[140.19257,37.238914],[140.192095,37.239164],[140.191595,37.23973],[140.190745,37.240097],[140.19007,37.240213],[140.189908,37.240347],[140.189458,37.241122],[140.188783,37.24128],[140.188133,37.241305],[140.187883,37.24138],[140.187321,37.241855],[140.186758,37.242105],[140.185571,37.24218],[140.185033,37.242297],[140.184721,37.24268],[140.184421,37.243313],[140.184258,37.243896],[140.184146,37.244596],[140.184033,37.24498],[140.183221,37.24483],[140.182533,37.244763],[140.182058,37.245013],[140.181583,37.245404],[140.180908,37.245496],[140.180646,37.245496],[140.179996,37.245321],[140.179433,37.245304],[140.178871,37.245438],[140.178609,37.245371],[140.177934,37.245021],[140.177446,37.244863],[140.177021,37.244613],[140.176571,37.244279],[140.175859,37.243654],[140.175321,37.243413],[140.174434,37.242921],[140.173671,37.242788],[140.172796,37.242521],[140.172596,37.242371],[140.172059,37.242213],[140.171521,37.242263],[140.170834,37.241904],[140.170584,37.241729],[140.170072,37.241663],[140.169422,37.241846],[140.168897,37.242096],[140.168697,37.242121],[140.167984,37.242371],[140.167459,37.242646],[140.166722,37.242537],[140.166259,37.242379],[140.166209,37.242429],[140.165872,37.243104],[140.165484,37.243404],[140.165084,37.243512],[140.164922,37.243445],[140.164209,37.243337],[140.163134,37.24357],[140.163084,37.243462],[140.162959,37.242895],[140.162622,37.242854],[140.161772,37.243087],[140.160897,37.243112],[140.160159,37.242887],[140.159197,37.242354],[140.158484,37.242154],[140.15756,37.242295],[140.156797,37.242687],[140.156722,37.243203],[140.156385,37.243653],[140.155822,37.243887],[140.155197,37.243845],[140.15446,37.24362],[140.15226,37.243811],[140.151723,37.24407],[140.15116,37.244228],[140.150535,37.244211],[140.149923,37.244411],[140.148898,37.244553],[140.147973,37.244653],[140.147073,37.245653],[140.146423,37.245944],[140.145698,37.246336],[140.144711,37.247219],[140.143361,37.247744],[140.142848,37.248061],[140.142523,37.248694],[140.142048,37.24931],[140.141823,37.249852],[140.141523,37.250435],[140.141548,37.251093],[140.141786,37.251693],[140.141761,37.252127],[140.141648,37.25246],[140.141248,37.25306],[140.140998,37.253401],[140.140686,37.253668],[140.139848,37.25406],[140.139361,37.254218],[140.137836,37.254501],[140.137249,37.254726],[140.136574,37.254868],[140.135186,37.254851],[140.134599,37.254917],[140.133699,37.255242],[140.133099,37.255401],[140.132336,37.255384],[140.131999,37.255451],[140.131612,37.255909],[140.131074,37.256342],[140.129724,37.256775],[140.128487,37.257117],[140.128312,37.257259],[140.127674,37.25805],[140.127312,37.258342],[140.126749,37.258725],[140.126599,37.258775],[140.126037,37.259092],[140.125849,37.259275],[140.125174,37.259958],[140.125037,37.26],[140.124525,37.26],[140.123875,37.259917],[140.122975,37.259742],[140.122625,37.259808],[140.122212,37.260108],[140.121962,37.260241],[140.121686,37.260312],[140.121337,37.2603],[140.120412,37.260458],[140.11805,37.26105],[140.117538,37.261066],[140.116663,37.261033],[140.116163,37.261133],[140.115463,37.261325],[140.11465,37.261649],[140.1143,37.261858],[140.114188,37.261274],[140.113988,37.260908],[140.113838,37.260491],[140.112826,37.259908],[140.112626,37.259708],[140.112626,37.259616],[140.112888,37.259283],[140.112976,37.258616],[140.112651,37.258092],[140.112126,37.257583],[140.111938,37.25745],[140.111276,37.257175],[140.110713,37.25685],[140.110401,37.256508],[140.109476,37.256367],[140.108726,37.255908],[140.108089,37.255767],[140.106789,37.255892],[140.106039,37.255875],[140.105864,37.255842],[140.105252,37.2554],[140.104677,37.255167],[140.103952,37.255142],[140.103527,37.255008],[140.102827,37.254125],[140.102439,37.2539],[140.102302,37.25365],[140.102264,37.25325],[140.102089,37.253059],[140.101977,37.253042],[140.101939,37.252975],[140.10164,37.252917],[140.101102,37.252742],[140.10054,37.252725],[140.100315,37.252659],[140.099552,37.251942],[140.099315,37.251567],[140.099252,37.250159],[140.099327,37.249984],[140.100077,37.249201],[140.100165,37.249034],[140.10019,37.248443],[140.100065,37.247718],[140.100127,37.247484],[140.100377,37.246984],[140.10079,37.246584],[140.101527,37.24606],[140.101815,37.245443],[140.101952,37.244951],[140.10224,37.24431],[140.10214,37.243727],[140.102165,37.24351],[140.10204,37.243185],[140.101627,37.242702],[140.10154,37.24256],[140.101352,37.242435],[140.101027,37.242685],[140.100515,37.242835],[140.099815,37.24286],[140.099515,37.242827],[140.099453,37.242802],[140.098903,37.242893],[140.09834,37.24276],[140.097215,37.241627],[140.09674,37.241393],[140.096453,37.24136],[140.095591,37.241568],[140.094716,37.241902],[140.094391,37.241952],[140.093591,37.242027],[140.092916,37.242035],[140.092091,37.242318],[140.091266,37.242693],[140.090641,37.243235],[140.090403,37.243526],[140.089616,37.244001],[140.088904,37.244601],[140.088129,37.245409],[140.087054,37.245968],[140.086341,37.246609],[140.086304,37.246592],[140.086091,37.246342],[140.085904,37.245768],[140.085929,37.245134],[140.086004,37.244509],[140.086266,37.244001],[140.086729,37.243609],[140.086916,37.243076],[140.087891,37.242343],[140.088204,37.241526],[140.088691,37.241302],[140.089054,37.241218],[140.089354,37.24086],[140.089816,37.239885],[140.088891,37.239077],[140.088604,37.238135],[140.088329,37.237994],[140.087916,37.237994],[140.086729,37.237252],[140.086354,37.236844],[140.086367,37.236469],[140.088016,37.235244],[140.088641,37.234519],[140.088866,37.234028],[140.088991,37.233578],[140.089266,37.233044],[140.088916,37.232619],[140.088342,37.232119],[140.087667,37.231653],[140.087479,37.231561],[140.086942,37.231161],[140.086742,37.231094],[140.086304,37.23067],[140.086367,37.230511],[140.086217,37.229736],[140.085304,37.228628],[140.085167,37.228528],[140.08478,37.22847],[140.083855,37.227328],[140.083517,37.226453],[140.083192,37.226437],[140.081667,37.227037],[140.08088,37.227203],[140.080055,37.227295],[140.079105,37.227511],[140.078205,37.227245],[140.077743,37.227303],[140.077105,37.227478],[140.076668,37.227136],[140.07628,37.22657],[140.075231,37.225845],[140.074493,37.225162],[140.073643,37.224737],[140.072906,37.22432],[140.072681,37.224237],[140.072131,37.22412],[140.071806,37.223812],[140.071631,37.223237],[140.071931,37.222678],[140.072081,37.222504],[140.072431,37.22227],[140.072531,37.222137],[140.072544,37.221679],[140.072306,37.22092],[140.072181,37.220112],[140.071719,37.219829],[140.071644,37.219521],[140.071931,37.218979],[140.072344,37.218396],[140.073544,37.217454],[140.073544,37.217271],[140.073369,37.216596],[140.073156,37.216079],[140.073231,37.215446],[140.073394,37.214521],[140.073256,37.213896],[140.073056,37.213513],[140.072519,37.212671],[140.071757,37.210947],[140.071457,37.210022],[140.071157,37.209947],[140.069494,37.210247],[140.068632,37.210563],[140.068157,37.210821],[140.067295,37.211838],[140.066382,37.212254],[140.064407,37.213054],[140.063632,37.213221],[140.062683,37.212838],[140.062208,37.212371],[140.06192,37.211504],[140.061395,37.20963],[140.06132,37.20903],[140.060483,37.208955],[140.059633,37.208921],[140.058046,37.207971],[140.057396,37.207538],[140.057258,37.207355],[140.056871,37.20718],[140.056034,37.207121],[140.055096,37.207421],[140.053821,37.207929],[140.052171,37.208179],[140.051734,37.207904],[140.051146,37.207096],[140.049797,37.204663],[140.049097,37.203605],[140.048572,37.203213],[140.04756,37.203513],[140.044797,37.205021],[140.043597,37.205496],[140.04241,37.205871],[140.040773,37.206113],[140.039623,37.206204],[140.038248,37.205679],[140.03746,37.205079],[140.036398,37.204696],[140.035548,37.204354],[140.035161,37.203838],[140.035011,37.203596],[140.034623,37.203204],[140.033973,37.202921],[140.033449,37.202554],[140.033149,37.201788],[140.032599,37.201329],[140.031774,37.200788],[140.030737,37.20043],[140.029524,37.200396],[140.028274,37.200596],[140.027199,37.200713],[140.026287,37.200546],[140.023,37.198988],[140.02215,37.198696],[140.021263,37.198555],[140.02,37.198221],[140.019563,37.197921],[140.018626,37.197655],[140.017988,37.197263],[140.017476,37.196996],[140.016963,37.197213],[140.016651,37.19728],[140.015901,37.197313],[140.015314,37.197163],[140.014851,37.19698],[140.014589,37.196946],[140.014026,37.19738],[140.013976,37.197496],[140.013776,37.197705],[140.013201,37.197738],[140.012426,37.198063],[140.012189,37.198238],[140.011201,37.198438],[140.010464,37.198421],[140.009514,37.198496],[140.008627,37.198429],[140.008014,37.198079],[140.007027,37.197804],[140.006164,37.197629],[140.005402,37.197621],[140.004702,37.197813],[140.003115,37.198321],[140.002515,37.198562],[140.001765,37.199146],[140.00089,37.199529],[140.000127,37.199704],[139.999465,37.199737],[139.998852,37.199562],[139.998215,37.198954],[139.997028,37.198379],[139.996865,37.198071],[139.996753,37.197512],[139.996699,37.197366],[139.99664,37.197312],[139.996528,37.197254],[139.996415,37.196746],[139.996278,37.196521],[139.995965,37.196429],[139.995165,37.196437],[139.994203,37.196279],[139.993715,37.196279],[139.993065,37.196537],[139.992228,37.197237],[139.991253,37.197837],[139.990728,37.198112],[139.990578,37.198137],[139.989928,37.19807],[139.988541,37.198062],[139.988216,37.198137],[139.987891,37.198478],[139.987003,37.199753],[139.986078,37.200836],[139.985541,37.201061],[139.984153,37.201569],[139.983341,37.201886],[139.982303,37.201969],[139.982016,37.201928],[139.982028,37.201903],[139.981641,37.201369],[139.980041,37.199403],[139.979653,37.198995],[139.978166,37.197795],[139.977829,37.19737],[139.977341,37.196378],[139.977104,37.196028],[139.976754,37.195845],[139.976054,37.19567],[139.974916,37.195286],[139.974679,37.195161],[139.974454,37.19487],[139.974129,37.19407],[139.973741,37.193595],[139.972804,37.192678],[139.972454,37.192245],[139.972129,37.191778],[139.971291,37.191187],[139.970879,37.19067],[139.970566,37.190128],[139.970379,37.189695],[139.970154,37.189453],[139.969729,37.189187],[139.969417,37.18887],[139.969517,37.187979],[139.969454,37.187379],[139.969179,37.187037],[139.968854,37.18672],[139.968492,37.186587],[139.967779,37.186554],[139.967354,37.18627],[139.967017,37.185887],[139.966654,37.185595],[139.966167,37.185262],[139.965742,37.18507],[139.964992,37.18432],[139.964554,37.183754],[139.964279,37.183529],[139.963892,37.182779],[139.963704,37.18252],[139.963229,37.182212],[139.962817,37.182037],[139.962542,37.181729],[139.962067,37.180879],[139.961667,37.180629],[139.960655,37.180512],[139.959805,37.180387],[139.959705,37.18002],[139.959905,37.179354],[139.960017,37.178179],[139.959905,37.177646],[139.959192,37.176612],[139.958955,37.176088],[139.958905,37.175579],[139.959117,37.175204],[139.959705,37.174688],[139.960005,37.174354],[139.96033,37.174129],[139.96058,37.173996],[139.961205,37.173563],[139.961517,37.173171],[139.961692,37.172821],[139.96198,37.17248],[139.962355,37.171963],[139.962842,37.170688],[139.96338,37.169963],[139.963305,37.16973],[139.963067,37.16953],[139.962817,37.169238],[139.961917,37.16773],[139.961692,37.16728],[139.96183,37.166755],[139.962355,37.165922],[139.962505,37.165447],[139.962293,37.163197],[139.96243,37.162564],[139.96313,37.161814],[139.96363,37.161348],[139.963855,37.160939],[139.96388,37.160756],[139.963518,37.159314],[139.963005,37.157823],[139.962705,37.157264],[139.962305,37.156765],[139.96208,37.156115],[139.96203,37.155323],[139.961743,37.154306],[139.96138,37.153565],[139.961243,37.153273],[139.96083,37.153456],[139.96068,37.153473],[139.95948,37.153481],[139.958868,37.153615],[139.958068,37.154065],[139.957293,37.154248],[139.957093,37.154248],[139.956343,37.154381],[139.954806,37.154831],[139.953831,37.155015],[139.952831,37.15504],[139.951968,37.154881],[139.950994,37.15464],[139.950519,37.154431],[139.950206,37.154365],[139.949181,37.154256],[139.946806,37.154231],[139.945444,37.15394],[139.944582,37.153331],[139.943957,37.152773],[139.943632,37.152565],[139.942482,37.152815],[139.94132,37.153023],[139.940895,37.153023],[139.939782,37.153223],[139.938395,37.153523],[139.937445,37.153631],[139.937333,37.153681],[139.935183,37.153798],[139.934158,37.153731],[139.933458,37.153548],[139.932871,37.153164],[139.932033,37.152739],[139.931258,37.152264],[139.930533,37.151723],[139.930359,37.151631],[139.928721,37.15114],[139.927821,37.150981],[139.926934,37.151098],[139.925372,37.151773],[139.924372,37.151931],[139.924097,37.151864],[139.921497,37.150806],[139.920185,37.150498],[139.919072,37.149614],[139.91846,37.14919],[139.91776,37.148781],[139.916448,37.147723],[139.915973,37.147615],[139.915273,37.147798],[139.914335,37.14809],[139.912185,37.148248],[139.911736,37.148073],[139.910848,37.147914],[139.910286,37.148114],[139.909036,37.148456],[139.907448,37.149089],[139.906723,37.149472],[139.905973,37.149922],[139.905473,37.150422],[139.905311,37.150647],[139.904923,37.151455],[139.904386,37.152047],[139.903974,37.15263],[139.902474,37.15383],[139.902361,37.154297],[139.901886,37.154072],[139.900711,37.153738],[139.899599,37.153697],[139.898236,37.153605],[139.897562,37.153472],[139.896787,37.15343],[139.894974,37.153247],[139.893999,37.153005],[139.89255,37.15253],[139.891825,37.15188],[139.890088,37.151563],[139.889725,37.151472],[139.88895,37.15093],[139.888313,37.15028],[139.887838,37.15003],[139.887076,37.150014],[139.886751,37.15003],[139.885826,37.150014],[139.885051,37.149789],[139.884151,37.149314],[139.882652,37.148597],[139.881952,37.148164],[139.881252,37.147781],[139.880952,37.147672],[139.879415,37.147339],[139.878577,37.146972],[139.87754,37.146189],[139.876965,37.146006],[139.876378,37.146031],[139.874615,37.146239],[139.873391,37.146306],[139.872303,37.146422],[139.871828,37.146597],[139.871715,37.146736],[139.869553,37.147447],[139.868916,37.147539],[139.868079,37.147489],[139.867129,37.147355],[139.866466,37.147189],[139.866091,37.146943],[139.865741,37.146314],[139.865241,37.145605],[139.864492,37.145022],[139.863829,37.144564],[139.863304,37.143822],[139.861854,37.142306],[139.861554,37.141698],[139.861192,37.141156],[139.860305,37.140523],[139.858967,37.139681],[139.857517,37.138323],[139.85663,37.137848],[139.855718,37.13769],[139.854793,37.13764],[139.853655,37.137498],[139.852005,37.13714],[139.851455,37.137273],[139.850368,37.137856],[139.848831,37.138573],[139.848468,37.138773],[139.847718,37.139406],[139.847568,37.139406],[139.846206,37.139081],[139.845318,37.138448],[139.844568,37.138015],[139.843768,37.137631],[139.842456,37.137156],[139.840894,37.136181],[139.840031,37.135706],[139.839819,37.135481],[139.839394,37.134781],[139.839181,37.134015],[139.839044,37.133265],[139.838794,37.13324],[139.835944,37.133323],[139.833382,37.133565],[139.832907,37.133682],[139.831907,37.133657],[139.831682,37.133515],[139.830857,37.132273],[139.829857,37.13024],[139.82942,37.12959],[139.82917,37.129382],[139.828308,37.129174],[139.828133,37.128999],[139.828108,37.128274],[139.828458,37.126832],[139.827808,37.126241],[139.827008,37.125833],[139.826258,37.125341],[139.824058,37.124208],[139.822559,37.123391],[139.821646,37.123066],[139.820809,37.122908],[139.820146,37.122525],[139.819222,37.12185],[139.819059,37.121325],[139.819034,37.1204],[139.818847,37.119383],[139.818509,37.1188],[139.818172,37.118667],[139.816734,37.118325],[139.816172,37.11805],[139.815147,37.11685],[139.815122,37.116284],[139.816134,37.114959],[139.816409,37.114234],[139.816085,37.111509],[139.816085,37.111326],[139.81631,37.111059],[139.818284,37.110409],[139.819184,37.110001],[139.820297,37.109376],[139.820859,37.108901],[139.821272,37.108185],[139.821109,37.10751],[139.820834,37.106918],[139.820422,37.10631],[139.820309,37.10606],[139.820284,37.10541],[139.820309,37.104502],[139.820234,37.103669],[139.819984,37.102719],[139.819797,37.102202],[139.819484,37.101911],[139.819097,37.101702],[139.819047,37.101636],[139.819209,37.101211],[139.81886,37.100369],[139.818772,37.099719],[139.818772,37.099178],[139.81861,37.098411],[139.81836,37.097686],[139.818335,37.09692],[139.818372,37.096653],[139.818535,37.09602],[139.819485,37.094645],[139.819797,37.094037],[139.81996,37.093178],[139.820022,37.092345],[139.819885,37.091195],[139.81981,37.090904],[139.819697,37.090137],[139.819672,37.088804],[139.81971,37.088196],[139.819785,37.087679],[139.819935,37.087296],[139.820522,37.086437],[139.820572,37.086404],[139.821547,37.085704],[139.82186,37.085363],[139.821747,37.085388],[139.821272,37.085321],[139.820185,37.085271],[139.818822,37.085163],[139.818172,37.085229],[139.817485,37.085438],[139.81601,37.085754],[139.815223,37.085862],[139.813473,37.085729],[139.812773,37.085729],[139.811435,37.085962],[139.810711,37.085871],[139.809648,37.084829],[139.808923,37.084946],[139.808286,37.085079],[139.807061,37.085604],[139.806248,37.085779],[139.804811,37.086404],[139.804649,37.086421],[139.804549,37.086512],[139.803511,37.086512],[139.802899,37.086579],[139.801849,37.08662],[139.801087,37.086712],[139.800287,37.086954],[139.799674,37.087404],[139.799024,37.087762],[139.798337,37.087987],[139.797299,37.088145],[139.79585,37.08827],[139.7953,37.088412],[139.79415,37.089103],[139.7934,37.089445],[139.792675,37.089662],[139.7924,37.089686],[139.791612,37.089686],[139.790612,37.089795],[139.7902,37.089928],[139.789225,37.090178],[139.788525,37.090511],[139.788162,37.09062],[139.787212,37.090686],[139.786237,37.090661],[139.784963,37.090436],[139.784188,37.090145],[139.783263,37.089595],[139.782738,37.08962],[139.782013,37.08982],[139.781238,37.089886],[139.780425,37.089994],[139.779725,37.089994],[139.779063,37.089811],[139.778513,37.089228],[139.778175,37.088928],[139.777875,37.088911],[139.777563,37.089153],[139.776926,37.089853],[139.776476,37.090436],[139.776113,37.091002],[139.775688,37.091519],[139.775376,37.091769],[139.774913,37.091969],[139.774513,37.091519],[139.773801,37.090044],[139.773776,37.089278],[139.773613,37.088761],[139.773276,37.088111],[139.772676,37.087203],[139.772338,37.086503],[139.772338,37.086403],[139.771376,37.085795],[139.771039,37.085545],[139.770764,37.085095],[139.770489,37.084436],[139.770489,37.084078],[139.770701,37.083786],[139.770739,37.08367],[139.770626,37.083495],[139.769427,37.083153],[139.768702,37.08282],[139.768189,37.082411],[139.767665,37.081803],[139.76714,37.081328],[139.76669,37.080612],[139.76619,37.080412],[139.765578,37.08027],[139.764953,37.079962],[139.764403,37.079195],[139.763866,37.078603],[139.763641,37.078428],[139.763316,37.077978],[139.763341,37.077637],[139.763391,37.077479],[139.763278,37.076445],[139.763091,37.075929],[139.762779,37.07572],[139.762004,37.07572],[139.761241,37.075654],[139.760691,37.075479],[139.760441,37.075454],[139.759829,37.075204],[139.759379,37.074779],[139.758991,37.07467],[139.758766,37.074737],[139.758066,37.074845],[139.757454,37.074737],[139.756729,37.074395],[139.756204,37.074354],[139.755479,37.074404],[139.754779,37.074262],[139.754054,37.073812],[139.753604,37.073479],[139.753379,37.073412],[139.753017,37.073204],[139.752942,37.072912],[139.752992,37.071404],[139.752855,37.070954],[139.752767,37.070796],[139.752455,37.070571],[139.751617,37.070212],[139.750892,37.070237],[139.750392,37.070329],[139.750005,37.070504],[139.749305,37.070887],[139.748805,37.071046],[139.747555,37.071004],[139.74668,37.070804],[139.746493,37.070729],[139.746143,37.070671],[139.746005,37.070729],[139.745868,37.070929],[139.745505,37.071312],[139.745105,37.071562],[139.743843,37.072154],[139.743518,37.072245],[139.742668,37.071995],[139.74208,37.071845],[139.741568,37.071812],[139.741093,37.071837],[139.740931,37.071887],[139.740493,37.07212],[139.740131,37.072395],[139.739768,37.072562],[139.739418,37.072587],[139.738318,37.072462],[139.737318,37.072654],[139.737218,37.072004],[139.736444,37.070829],[139.736169,37.070479],[139.735731,37.070337],[139.734931,37.070179],[139.734344,37.069962],[139.733594,37.069454],[139.733144,37.068979],[139.732856,37.068687],[139.732531,37.068671],[139.731794,37.068854],[139.731157,37.069079],[139.729719,37.069712],[139.729332,37.069854],[139.728932,37.069945],[139.728494,37.069887],[139.728344,37.069812],[139.727969,37.06952],[139.727332,37.06917],[139.726894,37.06887],[139.726769,37.068812],[139.726482,37.068845],[139.72562,37.069429],[139.72497,37.069687],[139.724407,37.06987],[139.723982,37.06992],[139.723807,37.069895],[139.723232,37.069495],[139.722907,37.069429],[139.722795,37.069437],[139.722345,37.069595],[139.721845,37.069695],[139.721407,37.069687],[139.72102,37.06977],[139.720645,37.070045],[139.720282,37.070395],[139.71987,37.070728],[139.719545,37.070903],[139.71917,37.070962],[139.718945,37.070937],[139.71882,37.070828],[139.718658,37.070512],[139.718208,37.068887],[139.718033,37.068462],[139.717945,37.068362],[139.717658,37.068295],[139.716133,37.068437],[139.71592,37.06842],[139.714608,37.068562],[139.713821,37.068579],[139.712108,37.068429],[139.711171,37.068495],[139.710059,37.067687],[139.709909,37.067395],[139.710034,37.066304],[139.709996,37.06612],[139.709809,37.065879],[139.709684,37.065812],[139.709196,37.065654],[139.708934,37.065396],[139.708596,37.064946],[139.708171,37.064296],[139.707922,37.064104],[139.706534,37.064137],[139.705997,37.064096],[139.705572,37.063871],[139.705397,37.063754],[139.705009,37.063312],[139.704709,37.062896],[139.704297,37.062487],[139.701947,37.060787],[139.70126,37.060079],[139.700772,37.059663],[139.700373,37.059504],[139.700048,37.059538],[139.69976,37.059913],[139.699623,37.060196],[139.699185,37.060679],[139.698685,37.060946],[139.698223,37.061046],[139.697173,37.060996],[139.696948,37.061037],[139.69631,37.061079],[139.695523,37.061262],[139.694811,37.061487],[139.694036,37.061787],[139.692723,37.062462],[139.692311,37.062587],[139.691786,37.062529],[139.690973,37.062246],[139.690223,37.061879],[139.689673,37.061346],[139.689186,37.061071],[139.688574,37.060912],[139.688074,37.060996],[139.687324,37.061271],[139.686624,37.061262],[139.685149,37.060646],[139.684699,37.060396],[139.684499,37.060079],[139.684299,37.059329],[139.684136,37.059179],[139.683012,37.059054],[139.681649,37.058696],[139.680712,37.058721],[139.680037,37.058688],[139.679287,37.058329],[139.678775,37.057921],[139.678362,37.057646],[139.678,37.057538],[139.677575,37.057346],[139.677062,37.056929],[139.67655,37.056771],[139.676025,37.056829],[139.675462,37.056938],[139.674163,37.057429],[139.673425,37.057788],[139.673225,37.057788],[139.672775,37.057446],[139.672588,37.057163],[139.672563,37.057171],[139.672488,37.056629],[139.6724,37.056296],[139.671988,37.055463],[139.6716,37.054721],[139.671501,37.054288],[139.671576,37.054046],[139.671588,37.053671],[139.671513,37.053246],[139.671713,37.052396],[139.671613,37.05213],[139.670963,37.051213],[139.670826,37.050788],[139.671026,37.050022],[139.671013,37.04958],[139.671063,37.048913],[139.671263,37.048538],[139.671263,37.04833],[139.671051,37.048055],[139.670113,37.04708],[139.669738,37.04698],[139.669363,37.046922],[139.668901,37.046772],[139.668626,37.046522],[139.668451,37.046172],[139.668401,37.046014],[139.668463,37.045464],[139.668901,37.044855],[139.669063,37.044514],[139.668976,37.044039],[139.668726,37.043656],[139.668351,37.043256],[139.668064,37.042864],[139.667826,37.042347],[139.667689,37.042139],[139.666176,37.041822],[139.665889,37.041631],[139.665501,37.041089],[139.665201,37.040756],[139.665002,37.040473],[139.664739,37.039956],[139.664689,37.039906],[139.664489,37.039964],[139.663864,37.040298],[139.663402,37.040406],[139.662827,37.040481],[139.662089,37.040514],[139.661614,37.040572],[139.661152,37.040756],[139.660765,37.041064],[139.660427,37.041197],[139.65984,37.041247],[139.65919,37.041397],[139.658615,37.041472],[139.657827,37.041414],[139.657265,37.041456],[139.656753,37.041614],[139.655915,37.041972],[139.655653,37.041314],[139.654915,37.040397],[139.654503,37.040047],[139.654053,37.039747],[139.653491,37.039164],[139.652228,37.037714],[139.651891,37.037423],[139.651628,37.037306],[139.651228,37.037256],[139.649379,37.037398],[139.648841,37.037339],[139.648216,37.037081],[139.647541,37.036723],[139.647029,37.036523],[139.646479,37.036423],[139.645242,37.036414],[139.644667,37.036364],[139.644154,37.036189],[139.643729,37.036014],[139.643717,37.036014],[139.643417,37.035898],[139.643004,37.035639],[139.642592,37.035256],[139.641892,37.034256],[139.641567,37.033848],[139.641155,37.033431],[139.640667,37.033023],[139.64008,37.03259],[139.639705,37.032473],[139.63933,37.032406],[139.638605,37.03209],[139.637955,37.032206],[139.63753,37.032165],[139.637005,37.031948],[139.63653,37.031831],[139.636018,37.031831],[139.634605,37.032073],[139.632943,37.032281],[139.632406,37.032431],[139.631956,37.032706],[139.631581,37.033073],[139.631143,37.033689],[139.630943,37.033723],[139.628193,37.033348],[139.627669,37.033364],[139.626731,37.033439],[139.626144,37.033431],[139.625694,37.033331],[139.625281,37.033114],[139.625006,37.032831],[139.624556,37.031748],[139.624144,37.030973],[139.623619,37.029781],[139.623232,37.029215],[139.623119,37.028923],[139.623369,37.028406],[139.623731,37.028115],[139.624819,37.027431],[139.624969,37.027148],[139.625031,37.026765],[139.625181,37.026373],[139.625419,37.02609],[139.625331,37.025873],[139.624656,37.02554],[139.623956,37.025132],[139.623494,37.024807],[139.623082,37.02434],[139.622894,37.023973],[139.622432,37.022765],[139.622044,37.022415],[139.621907,37.021865],[139.621772,37.021704],[139.621742,37.021713],[139.621544,37.021715],[139.621344,37.021582],[139.620507,37.021182],[139.620169,37.020898],[139.619657,37.020207],[139.619344,37.020024],[139.618757,37.01974],[139.618569,37.01954],[139.618444,37.019315],[139.618444,37.01909],[139.618844,37.018232],[139.618944,37.017915],[139.618944,37.017599],[139.619107,37.017165],[139.619257,37.016849],[139.619319,37.016649],[139.619232,37.016532],[139.618282,37.016074],[139.61702,37.015324],[139.616632,37.015191],[139.615607,37.015091],[139.615107,37.015049],[139.614295,37.014882],[139.61332,37.014849],[139.613157,37.014807],[139.612658,37.014407],[139.611695,37.013857],[139.611508,37.013741],[139.611308,37.013682],[139.611258,37.013699],[139.611195,37.013724],[139.61087,37.013732],[139.61057,37.013849],[139.609108,37.014224],[139.608545,37.014207],[139.607933,37.014107],[139.607495,37.014107],[139.607108,37.014182],[139.606196,37.014416],[139.604796,37.014799],[139.604408,37.015024],[139.604058,37.015432],[139.603471,37.015557],[139.602846,37.015882],[139.602621,37.015924],[139.602571,37.015907],[139.602171,37.015416],[139.601783,37.015107],[139.600683,37.014641],[139.600046,37.014474],[139.599959,37.014382],[139.599896,37.013682],[139.599809,37.013391],[139.599409,37.012991],[139.598484,37.011966],[139.598309,37.011924],[139.598009,37.011974],[139.597171,37.011932],[139.596559,37.011807],[139.595784,37.011724],[139.595396,37.011849],[139.594971,37.012416],[139.594371,37.012982],[139.593772,37.013307],[139.593272,37.013424],[139.592997,37.013541],[139.592609,37.013799],[139.592309,37.013824],[139.590834,37.013616],[139.590509,37.013641],[139.590172,37.013799],[139.589659,37.014149],[139.589272,37.014332],[139.588747,37.014741],[139.588422,37.015082],[139.588147,37.015316],[139.587847,37.015474],[139.587409,37.015524],[139.587135,37.015482],[139.586072,37.015049],[139.585347,37.014807],[139.584872,37.014857],[139.584685,37.014907],[139.58386,37.015274],[139.583685,37.015299],[139.582997,37.015291],[139.582447,37.015207],[139.581972,37.015007],[139.58191,37.014849],[139.581935,37.014782],[139.582072,37.013432],[139.582035,37.012866],[139.581835,37.012016],[139.58171,37.011741],[139.581485,37.011524],[139.58096,37.011074],[139.580435,37.010116],[139.58016,37.009691],[139.580035,37.009349],[139.579998,37.008966],[139.580023,37.008566],[139.57996,37.008341],[139.57951,37.007575],[139.579385,37.007283],[139.57941,37.006541],[139.579373,37.00625],[139.579398,37.005958],[139.579498,37.005683],[139.579598,37.005191],[139.579485,37.005058],[139.57926,37.0049],[139.578848,37.0047],[139.578485,37.004566],[139.578085,37.004283],[139.577773,37.003608],[139.577411,37.003233],[139.577298,37.003075],[139.577148,37.002683],[139.576461,37.002016],[139.575723,37.002008],[139.574923,37.001958],[139.574236,37.001866],[139.573273,37.00185],[139.571799,37.001625],[139.571324,37.001216],[139.570661,37.000533],[139.569724,36.999892],[139.569049,36.999342],[139.568424,36.999067],[139.566624,36.998125],[139.564749,36.996992],[139.563812,36.996892],[139.561275,36.996892],[139.559387,36.997],[139.558263,36.996992],[139.557138,36.996917],[139.556875,36.996858],[139.5564,36.996325],[139.555888,36.995459],[139.554576,36.992567],[139.554426,36.992517],[139.553088,36.992684],[139.551788,36.992367],[139.550876,36.992592],[139.549939,36.992651],[139.549539,36.992734],[139.548664,36.993467],[139.548089,36.993801],[139.547351,36.993376],[139.547201,36.993234],[139.547164,36.993067],[139.546714,36.992726],[139.545927,36.991776],[139.545152,36.991351],[139.544627,36.990576],[139.544439,36.990151],[139.543452,36.988209],[139.543377,36.987893],[139.542227,36.987659],[139.541377,36.987326],[139.540702,36.987101],[139.540152,36.986534],[139.539865,36.986293],[139.53924,36.985568],[139.53874,36.984743],[139.538602,36.984376],[139.53829,36.983818],[139.537328,36.98291],[139.536965,36.982268],[139.53689,36.982002],[139.53634,36.98171],[139.535565,36.980935],[139.535428,36.98081],[139.53489,36.980893],[139.533578,36.98166],[139.532528,36.981727],[139.531378,36.981227],[139.530966,36.981019],[139.530203,36.980677],[139.529316,36.98066],[139.528204,36.98056],[139.527266,36.980352],[139.526541,36.980402],[139.525529,36.981277],[139.524054,36.981552],[139.523329,36.981377],[139.522854,36.98086],[139.522217,36.980352],[139.521117,36.979361],[139.520192,36.979044],[139.519092,36.978927],[139.51803,36.978594],[139.516792,36.977969],[139.515667,36.977911],[139.51483,36.977777],[139.514293,36.977444],[139.51363,36.976977],[139.512968,36.976302],[139.512418,36.975344],[139.51203,36.975144],[139.51108,36.974969],[139.510243,36.974453],[139.509593,36.974286],[139.509056,36.974061],[139.508681,36.973428],[139.508318,36.972986],[139.507543,36.972486],[139.506519,36.971611],[139.505706,36.971069],[139.504981,36.970644],[139.504119,36.969753],[139.503606,36.969586],[139.502894,36.969528],[139.502057,36.969336],[139.501232,36.96902],[139.500519,36.968886],[139.499044,36.969078],[139.498357,36.968961],[139.496755,36.968483],[139.495832,36.968378],[139.494632,36.968095],[139.49382,36.967945],[139.49362,36.967928],[139.492782,36.968186],[139.49252,36.968561],[139.49167,36.970278],[139.491432,36.970578],[139.49082,36.970936],[139.489333,36.971336],[139.48882,36.971628],[139.488345,36.972111],[139.487658,36.972628],[139.486945,36.973086],[139.485245,36.974561],[139.484758,36.975027],[139.484283,36.975369],[139.483795,36.975286],[139.48312,36.974961],[139.482371,36.974694],[139.481633,36.974636],[139.480858,36.974477],[139.479996,36.974236],[139.479346,36.973969],[139.477771,36.973044],[139.476809,36.972644],[139.474871,36.972119],[139.473234,36.971552],[139.472534,36.971411],[139.471734,36.971411],[139.471084,36.971486],[139.470172,36.971511],[139.469422,36.971344],[139.468659,36.970986],[139.467572,36.971119],[139.467409,36.971119],[139.466997,36.970994],[139.466397,36.971077],[139.465535,36.971252],[139.464397,36.971294],[139.463822,36.971244],[139.461685,36.970919],[139.461285,36.970777],[139.460735,36.970385],[139.45986,36.969711],[139.45981,36.969686],[139.459785,36.969652],[139.459848,36.968961],[139.459885,36.968069],[139.459635,36.967677],[139.459423,36.967502],[139.459023,36.967069],[139.45866,36.966486],[139.458385,36.965853],[139.45846,36.964253],[139.458485,36.963186],[139.458335,36.96252],[139.457923,36.961645],[139.458085,36.961128],[139.458585,36.960337],[139.458835,36.959753],[139.458973,36.958978],[139.458473,36.958054],[139.458298,36.957445],[139.457986,36.957037],[139.457386,36.956545],[139.457248,36.955987],[139.457348,36.955404],[139.457348,36.954804],[139.456936,36.953962],[139.456398,36.953687],[139.455073,36.953346],[139.454499,36.953046],[139.454074,36.952529],[139.453536,36.951754],[139.452661,36.950654],[139.451874,36.950321],[139.451161,36.949913],[139.450337,36.949696],[139.448299,36.949446],[139.447812,36.949129],[139.447074,36.948471],[139.446375,36.947921],[139.445487,36.947629],[139.444425,36.947563],[139.4435,36.947538],[139.4427,36.947613],[139.441725,36.947646],[139.441687,36.947596],[139.441737,36.946938],[139.441638,36.946163],[139.4412,36.945255],[139.440688,36.94478],[139.439688,36.944513],[139.438725,36.944288],[139.437963,36.943771],[139.436688,36.942638],[139.435751,36.942396],[139.434951,36.942146],[139.434551,36.941813],[139.434526,36.941672],[139.434726,36.941247],[139.435213,36.940663],[139.435263,36.940263],[139.434838,36.939463],[139.434763,36.939272],[139.434701,36.93733],[139.435038,36.936297],[139.434913,36.93583],[139.434138,36.93478],[139.433451,36.934047],[139.433051,36.933347],[139.432901,36.932797],[139.432676,36.932397],[139.431439,36.931272],[139.430964,36.930723],[139.430077,36.929498],[139.429839,36.928881],[139.429739,36.928031],[139.430039,36.927548],[139.430539,36.927248],[139.430976,36.926873],[139.430926,36.926673],[139.430814,36.926523],[139.430264,36.926031],[139.429664,36.925606],[139.428427,36.924856],[139.42754,36.924398],[139.426777,36.924223],[139.425815,36.924415],[139.425127,36.924632],[139.42454,36.924757],[139.42379,36.924765],[139.421915,36.924565],[139.420703,36.924298],[139.420128,36.924265],[139.419791,36.924523],[139.419491,36.924948],[139.419091,36.92529],[139.418003,36.925731],[139.416666,36.926031],[139.416041,36.926081],[139.415116,36.926065],[139.413929,36.926123],[139.413391,36.926356],[139.412729,36.92684],[139.412179,36.927565],[139.411992,36.927681],[139.411604,36.92764],[139.411004,36.927456],[139.409717,36.927073],[139.408942,36.926906],[139.408305,36.926715],[139.407767,36.926481],[139.40728,36.926056],[139.406692,36.925631],[139.405905,36.925123],[139.403305,36.923748],[139.402468,36.922915],[139.40163,36.92224],[139.40098,36.921815],[139.399943,36.920948],[139.399518,36.920523],[139.398893,36.919748],[139.398618,36.919298],[139.398381,36.918323],[139.398118,36.91774],[139.397543,36.916648],[139.397256,36.915815],[139.397131,36.915315],[139.396893,36.914748],[139.395968,36.913457],[139.395481,36.912915],[139.394956,36.912482],[139.394881,36.912432],[139.394531,36.912007],[139.394331,36.911615],[139.393919,36.911207],[139.393319,36.910824],[139.392919,36.910774],[139.392181,36.910924],[139.390831,36.911324],[139.390156,36.911457],[139.388669,36.911357],[139.387019,36.911365],[139.386394,36.911432],[139.385644,36.911715],[139.385257,36.911782],[139.384732,36.911732],[139.384232,36.911574],[139.384057,36.911482],[139.383557,36.911457],[139.382982,36.911565],[139.382657,36.911699],[139.382157,36.911965],[139.381595,36.912207],[139.381395,36.912457],[139.38137,36.912632],[139.381532,36.913673],[139.381357,36.914098],[139.38067,36.914507],[139.38012,36.91479],[139.379995,36.91479],[139.37957,36.91504],[139.379182,36.915398],[139.378732,36.915665],[139.378157,36.915881],[139.37707,36.916106],[139.376032,36.91709],[139.375107,36.917373],[139.374557,36.91769],[139.37357,36.918131],[139.37312,36.918398],[139.372795,36.918464],[139.372395,36.918281],[139.37197,36.918031],[139.37176,36.917948],[139.37167,36.917981],[139.371208,36.917765],[139.370858,36.917523],[139.37037,36.917315],[139.369695,36.917365],[139.368858,36.917523],[139.368133,36.917723],[139.367895,36.917839],[139.366633,36.918114],[139.366346,36.918114],[139.366171,36.918081],[139.365533,36.918098],[139.364783,36.918281],[139.364308,36.918214],[139.363721,36.917723],[139.363096,36.917339],[139.362408,36.917089],[139.362358,36.917114],[139.361496,36.916664],[139.361159,36.916514],[139.360471,36.91629],[139.359709,36.916248],[139.359396,36.916289],[139.357871,36.916839],[139.357259,36.916906],[139.356984,36.916839],[139.356259,36.916581],[139.355534,36.916348],[139.355159,36.916314],[139.353522,36.915923],[139.352784,36.915798],[139.352434,36.915698],[139.351659,36.915348],[139.350697,36.914798],[139.350172,36.914298],[139.350022,36.914065],[139.349435,36.91304],[139.349372,36.913031],[139.349285,36.913148],[139.34951,36.914031],[139.349747,36.915389],[139.35006,36.917922],[139.350022,36.918322],[139.349272,36.918872],[139.348997,36.919181],[139.348622,36.919772],[139.348435,36.920147],[139.347547,36.921047],[139.346247,36.921922],[139.345772,36.922355],[139.345022,36.923122],[139.34466,36.923647],[139.344685,36.924055],[139.345235,36.925255],[139.34526,36.925572],[139.344772,36.925863],[139.34341,36.926496],[139.342985,36.926913],[139.342635,36.927496],[139.342147,36.927646],[139.341335,36.927805],[139.340423,36.927846],[139.339498,36.92783],[139.33871,36.927646],[139.337885,36.92728],[139.336973,36.926705],[139.334686,36.925021],[139.334148,36.924738],[139.333548,36.92468],[139.332773,36.924647],[139.329886,36.924638],[139.327849,36.924655],[139.327249,36.924871],[139.326461,36.925313],[139.325699,36.925646],[139.324674,36.925946],[139.323637,36.926138],[139.322662,36.926071],[139.321799,36.925855],[139.320937,36.925805],[139.32,36.925796],[139.319062,36.925671],[139.31865,36.925646],[139.31775,36.92573],[139.316887,36.926021],[139.315088,36.926721],[139.312363,36.926963],[139.311,36.927021],[139.309338,36.927029],[139.308451,36.926913],[139.307351,36.926579],[139.305951,36.926096],[139.304689,36.925788],[139.304201,36.925954],[139.303726,36.926271],[139.303051,36.926846],[139.302639,36.927412],[139.302426,36.928054],[139.301976,36.928704],[139.301189,36.929371],[139.300026,36.930412],[139.299101,36.931112],[139.297839,36.932137],[139.295902,36.933578],[139.294964,36.934378],[139.294439,36.934661],[139.294164,36.93472],[139.293502,36.934628],[139.292777,36.934628],[139.29249,36.934811],[139.29189,36.934645],[139.291465,36.934461],[139.29139,36.934453],[139.29094,36.934536],[139.290865,36.934245],[139.29059,36.934003],[139.290365,36.933928],[139.28984,36.933812],[139.289065,36.933962],[139.287903,36.934103],[139.287315,36.934261],[139.287078,36.934278],[139.286428,36.934236],[139.285903,36.93407],[139.285415,36.933737],[139.284628,36.933578],[139.284541,36.933278],[139.284491,36.93277],[139.284303,36.93232],[139.284166,36.931895],[139.283941,36.93162],[139.283591,36.931512],[139.282866,36.931445],[139.282403,36.931353],[139.282116,36.93122],[139.281666,36.93132],[139.280966,36.931787],[139.280641,36.932328],[139.280216,36.93252],[139.279879,36.932537],[139.279292,36.932945],[139.278104,36.933653],[139.277342,36.933886],[139.277079,36.933795],[139.27643,36.933628],[139.275805,36.93357],[139.275092,36.93372],[139.274705,36.934261],[139.274167,36.934745],[139.273243,36.935228],[139.272455,36.935478],[139.270818,36.936728],[139.270118,36.937211],[139.269668,36.937627],[139.268618,36.938469],[139.268268,36.938844],[139.268043,36.939386],[139.267806,36.939835],[139.267568,36.940394],[139.267193,36.94086],[139.266481,36.941152],[139.265718,36.941127],[139.264881,36.940869],[139.264581,36.940435],[139.264268,36.938911],[139.263918,36.938536],[139.263631,36.938394],[139.262906,36.938236],[139.261994,36.938102],[139.261219,36.937786],[139.260444,36.936902],[139.259844,36.936444],[139.259331,36.935961],[139.258719,36.935552],[139.258294,36.935053],[139.258082,36.934611],[139.257532,36.933994],[139.256969,36.933578],[139.256244,36.933178],[139.256019,36.933103],[139.255419,36.932744],[139.255007,36.932419],[139.254545,36.932353],[139.253295,36.932419],[139.252707,36.932328],[139.250958,36.931703],[139.250695,36.931219],[139.250295,36.931203],[139.250208,36.931269],[139.249933,36.931244],[139.249795,36.931169],[139.249308,36.931036],[139.248845,36.931036],[139.24812,36.930694],[139.247608,36.930936],[139.247533,36.930936],[139.247208,36.930836],[139.246783,36.930844],[139.246671,36.930869],[139.246501,36.930769],[139.246458,36.930536],[139.246183,36.930394],[139.245771,36.930461],[139.245133,36.930378],[139.244196,36.930036],[139.244008,36.929703],[139.243271,36.929678],[139.242609,36.929569],[139.242471,36.929586],[139.241559,36.929994],[139.241559,36.930061],[139.241484,36.930061],[139.241096,36.929953],[139.241171,36.929703],[139.241146,36.929453],[139.240846,36.929361],[139.240659,36.929436],[139.240271,36.929886],[139.240109,36.930627],[139.239946,36.931011],[139.239609,36.931461],[139.239284,36.932294],[139.239509,36.932586],[139.239171,36.932944],[139.238959,36.933419],[139.239071,36.933802],[139.238909,36.93416],[139.237859,36.934619],[139.237196,36.934793],[139.236821,36.93486],[139.236684,36.934843],[139.236709,36.934502],[139.236459,36.93421],[139.235884,36.934077],[139.235384,36.934102],[139.235247,36.934194],[139.234997,36.934102],[139.234922,36.934302],[139.234647,36.934527],[139.234734,36.935027],[139.234534,36.935477],[139.234597,36.935877],[139.234534,36.936177],[139.234872,36.936643],[139.235034,36.93716],[139.234922,36.937343],[139.234809,36.937385],[139.234209,36.937276],[139.234072,36.937051],[139.233609,36.937026],[139.232859,36.937326],[139.232534,36.937276],[139.232172,36.93701],[139.232072,36.937026],[139.231759,36.937301],[139.232034,36.937501],[139.232122,36.937751],[139.231847,36.937868],[139.231209,36.937818],[139.231109,36.937776],[139.231209,36.937593],[139.231622,36.937343],[139.231897,36.937076],[139.231797,36.936826],[139.231547,36.936668],[139.231047,36.936668],[139.230609,36.936826],[139.230197,36.937526],[139.229847,36.938343],[139.230034,36.938609],[139.230634,36.939059],[139.230472,36.939418],[139.230034,36.939801],[139.229959,36.940093],[139.230197,36.940318],[139.230609,36.940568],[139.230747,36.940609],[139.231609,36.940368],[139.231709,36.940384],[139.231934,36.940501],[139.232397,36.940501],[139.232846,36.940676],[139.233946,36.941351],[139.234571,36.941917],[139.235096,36.942251],[139.235759,36.942317],[139.236384,36.942184],[139.237158,36.941934],[139.238583,36.941551],[139.240096,36.941301],[139.240946,36.941368],[139.241246,36.941459],[139.241745,36.941684],[139.241883,36.941976],[139.24177,36.942268],[139.241083,36.942768],[139.240758,36.943109],[139.240758,36.943468],[139.24087,36.943534],[139.242133,36.943626],[139.242795,36.943759],[139.243208,36.944143],[139.243345,36.944684],[139.243258,36.945467],[139.243432,36.946167],[139.243707,36.946976],[139.244057,36.947651],[139.244095,36.948217],[139.24387,36.948534],[139.24327,36.948625],[139.24307,36.9486],[139.242307,36.94885],[139.241782,36.949167],[139.241707,36.949567],[139.241945,36.950042],[139.243157,36.951192],[139.243794,36.9516],[139.244319,36.951842],[139.244844,36.9522],[139.245144,36.952633],[139.245257,36.953125],[139.245444,36.953625],[139.245881,36.954117],[139.246081,36.954458],[139.246331,36.9556],[139.246781,36.956038],[139.246869,36.956067],[139.247069,36.956175],[139.247506,36.956308],[139.247894,36.956267],[139.248868,36.955817],[139.249606,36.955692],[139.249743,36.955733],[139.249993,36.955933],[139.249843,36.957158],[139.250156,36.958558],[139.25018,36.959275],[139.250018,36.959866],[139.249505,36.960316],[139.248905,36.960724],[139.248655,36.961174],[139.24878,36.961558],[139.24948,36.961924],[139.249905,36.961949],[139.250455,36.961858],[139.250905,36.961891],[139.25103,36.962016],[139.251218,36.962341],[139.25133,36.963283],[139.25133,36.964058],[139.251192,36.964624],[139.250855,36.965057],[139.250455,36.965307],[139.249867,36.965399],[139.24938,36.965299],[139.24883,36.965257],[139.248368,36.965457],[139.24808,36.965832],[139.247968,36.966224],[139.248268,36.966624],[139.248705,36.967091],[139.24928,36.967424],[139.249317,36.967499],[139.24923,36.967815],[139.248905,36.968324],[139.248692,36.968899],[139.248905,36.969674],[139.248617,36.96994],[139.248055,36.97034],[139.247742,36.970715],[139.247867,36.971182],[139.248017,36.971307],[139.24863,36.97154],[139.249992,36.971965],[139.250917,36.972357],[139.251879,36.97284],[139.252554,36.973365],[139.252679,36.973765],[139.252329,36.974915],[139.252004,36.97534],[139.252054,36.97594],[139.252241,36.976406],[139.251966,36.976706],[139.251566,36.976948],[139.251116,36.977173],[139.250629,36.977315],[139.250292,36.977365],[139.249704,36.977598],[139.249342,36.978198],[139.249242,36.978614],[139.248779,36.979089],[139.247667,36.979689],[139.247329,36.980048],[139.247242,36.980264],[139.247329,36.980856],[139.247879,36.981897],[139.248154,36.982264],[139.248742,36.982381],[139.249304,36.982364],[139.249829,36.982406],[139.250054,36.982514],[139.250616,36.983047],[139.251091,36.983247],[139.251816,36.98343],[139.253141,36.983639],[139.253291,36.984255],[139.253541,36.984972],[139.253854,36.985422],[139.253991,36.985547],[139.254541,36.986197],[139.254903,36.986788],[139.255216,36.987405],[139.255616,36.988847],[139.255441,36.989205],[139.255091,36.989371],[139.254216,36.989588],[139.253841,36.98998],[139.253703,36.99068],[139.253653,36.992879],[139.253428,36.993213],[139.252841,36.993571],[139.252628,36.993929],[139.252603,36.994079],[139.252628,36.994412],[139.253166,36.995129],[139.253278,36.995604],[139.253178,36.996029],[139.252316,36.997145],[139.251916,36.997962],[139.251791,36.998754],[139.251791,36.999278],[139.251788,36.999748],[139.251753,37.000228],[139.251616,37.000812],[139.251703,37.001645],[139.251666,37.002111],[139.251278,37.00307],[139.251179,37.003136],[139.251054,37.00337],[139.250941,37.003836],[139.251053,37.004519],[139.250991,37.004719],[139.250628,37.005253],[139.250391,37.005461],[139.249904,37.006069],[139.249729,37.006386],[139.249541,37.006952],[139.249379,37.007211],[139.248029,37.008186],[139.247479,37.00866],[139.247241,37.008785],[139.246779,37.009049],[139.246666,37.009177],[139.246541,37.009452],[139.246516,37.010502],[139.246241,37.011085],[139.246104,37.011235],[139.245416,37.012093],[139.244816,37.012685],[139.244554,37.01311],[139.244466,37.013476],[139.244479,37.013826],[139.244416,37.014176],[139.244229,37.014493],[139.243941,37.014693],[139.243504,37.014901],[139.243342,37.015068],[139.243416,37.015459],[139.243654,37.015918],[139.243904,37.016093],[139.244566,37.016443],[139.244741,37.016593],[139.244841,37.016759],[139.244816,37.017076],[139.244729,37.017351],[139.244604,37.018176],[139.244616,37.018426],[139.244766,37.018701],[139.245454,37.019542],[139.245904,37.020092],[139.246779,37.02093],[139.247078,37.021175],[139.247428,37.021592],[139.247653,37.022217],[139.247828,37.022784],[139.248428,37.023742],[139.248566,37.024075],[139.248528,37.024683],[139.248441,37.02545],[139.248078,37.026292],[139.247928,37.026575],[139.247816,37.026983],[139.247791,37.026983],[139.247853,37.027175],[139.247978,37.027291],[139.248128,37.02735],[139.248441,37.027383],[139.248778,37.027383],[139.249166,37.027441],[139.249378,37.027525],[139.249491,37.027658],[139.249416,37.028041],[139.248928,37.02915],[139.248803,37.029483],[139.248616,37.030574],[139.248628,37.030866],[139.248703,37.031033],[139.248865,37.031158],[139.24944,37.031349],[139.250478,37.031649],[139.250953,37.031924],[139.251603,37.032441],[139.25244,37.033216],[139.25319,37.034082],[139.253303,37.034341],[139.253352,37.034824],[139.253327,37.035932],[139.253365,37.03619],[139.253477,37.036324],[139.253927,37.036607],[139.254127,37.036865],[139.254177,37.037157],[139.25409,37.037657],[139.253752,37.038207],[139.253315,37.038782],[139.25299,37.039282],[139.252865,37.039623],[139.252852,37.039873],[139.253015,37.040098],[139.253327,37.040257],[139.253577,37.040298],[139.25469,37.040265],[139.254977,37.040323],[139.255427,37.04059],[139.256452,37.041257],[139.257102,37.04189],[139.257402,37.042215],[139.257714,37.042398],[139.258752,37.042698],[139.259139,37.042923],[139.259514,37.043231],[139.259727,37.043498],[139.260176,37.044398],[139.260239,37.044781],[139.260201,37.044973],[139.259839,37.045456],[139.259514,37.045964],[139.259626,37.046248],[139.260051,37.046998],[139.260289,37.047514],[139.260226,37.047773],[139.260039,37.048048],[139.259676,37.048206],[139.259114,37.048322],[139.258439,37.048339],[139.257902,37.048464],[139.257839,37.048514],[139.257264,37.049897],[139.256864,37.051305],[139.256652,37.052655],[139.256702,37.05368],[139.257151,37.054988],[139.257364,37.056046],[139.257314,37.056405],[139.257214,37.056621],[139.257001,37.056796],[139.256352,37.056988],[139.255589,37.057188],[139.255202,37.057363],[139.255014,37.057496],[139.254802,37.057988],[139.254727,37.058304],[139.254639,37.058954],[139.254464,37.059254],[139.254377,37.059613],[139.254339,37.060062],[139.254489,37.060554],[139.254577,37.061512],[139.254627,37.061612],[139.254577,37.062062],[139.254402,37.062579],[139.254239,37.062737],[139.253877,37.062787],[139.253464,37.06287],[139.253089,37.062995],[139.252677,37.06322],[139.252239,37.063837],[139.251564,37.064529],[139.251314,37.064912],[139.251127,37.06537],[139.250977,37.065603],[139.250789,37.065653],[139.250114,37.065978],[139.249989,37.066053],[139.249827,37.06627],[139.249789,37.067086],[139.249289,37.067936],[139.248789,37.068461],[139.248689,37.06862],[139.247552,37.070169],[139.247127,37.070653],[139.24699,37.070928],[139.24684,37.071669],[139.246778,37.07189],[139.246465,37.072877],[139.246465,37.073302],[139.246577,37.073977],[139.246778,37.07434],[139.246952,37.074569],[139.247564,37.076644],[139.248327,37.078285],[139.249002,37.079468],[139.249114,37.079827],[139.249102,37.080535],[139.249064,37.08081],[139.248789,37.081301],[139.248552,37.081526],[139.248002,37.081843],[139.247352,37.082076],[139.246939,37.082159],[139.246777,37.082159],[139.246514,37.082268],[139.246189,37.082384],[139.245402,37.082759],[139.24389,37.083743],[139.24319,37.084301],[139.242452,37.084976],[139.241927,37.085684],[139.241665,37.086425],[139.24044,37.088159],[139.239902,37.088758],[139.239452,37.089117],[139.239227,37.089258],[139.238915,37.089658],[139.238727,37.090242],[139.23874,37.090658],[139.238877,37.090883],[139.239665,37.09165],[139.24039,37.092458],[139.240677,37.092916],[139.240865,37.093316],[139.240865,37.093583],[139.24074,37.093875],[139.240065,37.094874],[139.239052,37.096274],[139.23769,37.098141],[139.236752,37.099765],[139.236103,37.101182],[139.235915,37.101815],[139.23579,37.102465],[139.235652,37.104498],[139.235527,37.105298],[139.23529,37.107373],[139.235227,37.109006],[139.235277,37.109698],[139.235165,37.111206],[139.235102,37.111647],[139.23509,37.112356],[139.235277,37.11348],[139.236065,37.116047],[139.236577,37.117455],[139.237589,37.119805],[139.238177,37.120938],[139.239202,37.122429],[139.240402,37.123954],[139.241776,37.125454],[139.243589,37.127637],[139.243789,37.127962],[139.243926,37.128354],[139.243976,37.128795],[139.243951,37.129195],[139.243776,37.130287],[139.243738,37.132361],[139.244063,37.135744],[139.244613,37.138036],[139.245063,37.140377],[139.2451,37.14131],[139.245188,37.142218],[139.245825,37.145468],[139.246125,37.146435],[139.246338,37.14666],[139.246775,37.146839],[139.247475,37.147534],[139.248362,37.148876],[139.249337,37.150676],[139.249812,37.151576],[139.250075,37.152525],[139.250212,37.153284],[139.250175,37.153984],[139.249874,37.155958],[139.249937,37.156575],[139.250162,37.156883],[139.250512,37.157208],[139.250949,37.157467],[139.252262,37.157975],[139.252812,37.158208],[139.252999,37.158416],[139.253024,37.1588],[139.252749,37.159608],[139.252687,37.160158],[139.252787,37.160708],[139.252949,37.161433],[139.252624,37.162016],[139.252462,37.162174],[139.251962,37.162374],[139.251049,37.162899],[139.250487,37.163332],[139.250324,37.163607],[139.250349,37.163799],[139.250487,37.164016],[139.250849,37.164257],[139.251512,37.164424],[139.252974,37.164574],[139.253361,37.164632],[139.253636,37.164724],[139.253836,37.164882],[139.253811,37.165124],[139.253424,37.165324],[139.252549,37.16559],[139.251312,37.165874],[139.249512,37.166157],[139.248862,37.166207],[139.247987,37.166165],[139.247287,37.166132],[139.246954,37.166159],[139.246724,37.166165],[139.246362,37.166249],[139.246174,37.166382],[139.246024,37.166699],[139.246062,37.167057],[139.246237,37.167323],[139.246487,37.167515],[139.246687,37.167573],[139.246912,37.167665],[139.247137,37.167823],[139.247287,37.168165],[139.247324,37.168707],[139.247359,37.169462],[139.247262,37.169715],[139.247137,37.169798],[139.246926,37.169848],[139.246774,37.169887],[139.246546,37.169989],[139.246224,37.170098],[139.246037,37.17014],[139.245387,37.169965],[139.244774,37.169873],[139.244312,37.169898],[139.244,37.16994],[139.2437,37.170031],[139.243337,37.170231],[139.243137,37.17039],[139.242975,37.170823],[139.242675,37.172356],[139.242675,37.172698],[139.242837,37.173164],[139.243375,37.173981],[139.243562,37.174231],[139.243899,37.174406],[139.244487,37.174448],[139.244712,37.174448],[139.244874,37.174498],[139.245049,37.174722],[139.245187,37.175822],[139.245274,37.17713],[139.245274,37.17718],[139.245137,37.177247],[139.244724,37.177272],[139.244274,37.177222],[139.243799,37.177247],[139.243599,37.177297],[139.243549,37.17738],[139.243574,37.177589],[139.243712,37.177947],[139.243999,37.179055],[139.244249,37.180455],[139.244449,37.181105],[139.244449,37.181372],[139.244374,37.181605],[139.244087,37.181963],[139.243812,37.182188],[139.241612,37.18343],[139.241287,37.18368],[139.241062,37.183929],[139.240812,37.184313],[139.240725,37.184788],[139.240787,37.185079],[139.241175,37.185713],[139.241262,37.186004],[139.241287,37.186362],[139.241262,37.186812],[139.241099,37.187062],[139.240787,37.187287],[139.240375,37.187512],[139.23965,37.187762],[139.239037,37.187787],[139.238675,37.187771],[139.238537,37.187787],[139.238312,37.187771],[139.237875,37.187837],[139.237512,37.187862],[139.236287,37.188179],[139.235725,37.188495],[139.2355,37.188695],[139.234838,37.189512],[139.234813,37.18962],[139.234588,37.189979],[139.234013,37.19077],[139.233125,37.191678],[139.23265,37.192012],[139.231763,37.192736],[139.231363,37.19317],[139.2312,37.193528],[139.231063,37.193978],[139.230813,37.194545],[139.23045,37.195128],[139.230125,37.195578],[139.229626,37.196169],[139.229238,37.196553],[139.228676,37.196936],[139.228201,37.197119],[139.227201,37.197386],[139.226313,37.197686],[139.225976,37.197911],[139.225613,37.198294],[139.225151,37.199335],[139.225063,37.199694],[139.225126,37.20001],[139.225313,37.20071],[139.225963,37.201585],[139.226438,37.20231],[139.226551,37.20271],[139.226488,37.203118],[139.226351,37.203393],[139.226138,37.203527],[139.225826,37.203593],[139.225438,37.203727],[139.223601,37.204118],[139.223438,37.204118],[139.222464,37.204293],[139.221901,37.204435],[139.221426,37.204701],[139.221239,37.205018],[139.221101,37.205376],[139.221076,37.206285],[139.221126,37.206918],[139.221101,37.207385],[139.221126,37.207843],[139.221189,37.208851],[139.221139,37.208993],[139.220989,37.209076],[139.220889,37.209101],[139.219739,37.209309],[139.217901,37.209493],[139.217651,37.209443],[139.217489,37.209084],[139.216952,37.208026],[139.216527,37.207418],[139.215977,37.206493],[139.215464,37.205143],[139.215277,37.20471],[139.215052,37.204376],[139.214352,37.203718],[139.214214,37.203451],[139.213927,37.202701],[139.21384,37.202168],[139.213815,37.201577],[139.213702,37.200943],[139.213315,37.199868],[139.213027,37.199643],[139.211752,37.198827],[139.211027,37.198468],[139.210303,37.19806],[139.20999,37.197927],[139.20954,37.197593],[139.209265,37.197185],[139.208928,37.196377],[139.208515,37.19586],[139.207815,37.195494],[139.207028,37.195335],[139.206391,37.195044],[139.205966,37.194619],[139.205753,37.194435],[139.205078,37.194144],[139.204516,37.194102],[139.203941,37.194127],[139.202904,37.19401],[139.199929,37.194044],[139.199391,37.194085],[139.198929,37.194085],[139.198229,37.194044],[139.196754,37.194019],[139.196529,37.194069],[139.196569,37.194714],[139.196564,37.195159],[139.196554,37.19576],[139.196667,37.196185],[139.197042,37.196702],[139.197179,37.197202],[139.197154,37.197627],[139.197042,37.19801],[139.196792,37.198618],[139.196704,37.199093],[139.196704,37.199543],[139.196604,37.200068],[139.196404,37.200493],[139.196292,37.200626],[139.196104,37.201059],[139.195879,37.201393],[139.195267,37.201784],[139.194817,37.202168],[139.194742,37.202484],[139.194817,37.203001],[139.194854,37.203651],[139.194717,37.204193],[139.194379,37.204709],[139.194042,37.205051],[139.193579,37.205409],[139.193242,37.205842],[139.192767,37.206226],[139.191967,37.206476],[139.191354,37.206792],[139.190654,37.207442],[139.190542,37.207826],[139.190354,37.208284],[139.18988,37.208709],[139.18943,37.208959],[139.188905,37.209092],[139.188205,37.209234],[139.18748,37.20955],[139.187092,37.209909],[139.18698,37.210067],[139.186817,37.210492],[139.186767,37.211467],[139.186567,37.212075],[139.186205,37.212908],[139.18568,37.213383],[139.18488,37.214441],[139.18468,37.214758],[139.18463,37.215208],[139.184705,37.215525],[139.184705,37.21595],[139.184567,37.216108],[139.184043,37.216475],[139.183343,37.217175],[139.182905,37.217466],[139.181905,37.217966],[139.180318,37.218958],[139.179205,37.219791],[139.178868,37.219974],[139.178505,37.220091],[139.178205,37.220316],[139.17778,37.220716],[139.177168,37.221124],[139.176806,37.221441],[139.176193,37.221782],[139.175868,37.222049],[139.175468,37.222482],[139.174781,37.223024],[139.173781,37.22374],[139.173218,37.224424],[139.172856,37.224757],[139.172468,37.225299],[139.172356,37.225707],[139.172306,37.226182],[139.172168,37.226632],[139.172006,37.226907],[139.171718,37.227198],[139.171531,37.227465],[139.171106,37.22839],[139.170806,37.228665],[139.170393,37.228865],[139.170031,37.229156],[139.169556,37.229948],[139.167768,37.231781],[139.167219,37.231823],[139.166494,37.231939],[139.166181,37.232048],[139.165906,37.232256],[139.165744,37.233131],[139.165494,37.233806],[139.165381,37.234348],[139.165306,37.235047],[139.165019,37.235614],[139.164881,37.236106],[139.164781,37.237822],[139.164856,37.238364],[139.164893,37.238972],[139.164856,37.239197],[139.164918,37.239605],[139.165443,37.240214],[139.166118,37.24098],[139.166431,37.241563],[139.166768,37.24253],[139.167068,37.243505],[139.16738,37.243997],[139.167943,37.24458],[139.168743,37.24573],[139.168968,37.246271],[139.169193,37.246655],[139.169555,37.247221],[139.169918,37.248121],[139.170255,37.249138],[139.170318,37.249496],[139.17023,37.250171],[139.170293,37.250446],[139.170405,37.250513],[139.171105,37.251121],[139.17163,37.251546],[139.17208,37.251796],[139.173167,37.252487],[139.173336,37.252913],[139.173392,37.253037],[139.173792,37.253679],[139.173955,37.254337],[139.17428,37.255045],[139.174617,37.256345],[139.174892,37.256653],[139.175117,37.256753],[139.175217,37.256762],[139.175754,37.256678],[139.176667,37.256587],[139.177129,37.256603],[139.177679,37.25667],[139.177892,37.256812],[139.178004,37.257295],[139.178441,37.258695],[139.178679,37.259161],[139.178966,37.259545],[139.179416,37.259961],[139.180466,37.260578],[139.181341,37.261245],[139.181766,37.261503],[139.182178,37.261611],[139.182591,37.261778],[139.182816,37.261978],[139.182878,37.262219],[139.182891,37.262636],[139.183091,37.263144],[139.183328,37.263478],[139.183628,37.263811],[139.18529,37.264678],[139.185665,37.264969],[139.186053,37.265377],[139.186628,37.265919],[139.187115,37.266227],[139.187602,37.266469],[139.187952,37.266744],[139.188977,37.268369],[139.189265,37.268694],[139.189602,37.268877],[139.190727,37.269102],[139.191639,37.269352],[139.191902,37.269585],[139.192227,37.270694],[139.192664,37.272443],[139.192889,37.273135],[139.193051,37.273393],[139.193239,37.273551],[139.194601,37.274401],[139.195076,37.27456],[139.195564,37.274576],[139.196189,37.274676],[139.196851,37.27496],[139.197351,37.275276],[139.197738,37.275601],[139.198463,37.276476],[139.198838,37.277026],[139.199213,37.277493],[139.199525,37.277618],[139.199925,37.277668],[139.200525,37.277976],[139.201363,37.278634],[139.202712,37.280201],[139.20295,37.280609],[139.203312,37.281067],[139.204037,37.281792],[139.204825,37.283],[139.205237,37.283475],[139.2058,37.283975],[139.206237,37.28425],[139.206712,37.284442],[139.207512,37.284683],[139.208199,37.284758],[139.209324,37.284825],[139.209449,37.284858],[139.209949,37.284908],[139.210349,37.285],[139.210824,37.285225],[139.211811,37.285841],[139.212486,37.286591],[139.212861,37.2872],[139.213399,37.288216],[139.213711,37.289108],[139.214386,37.291499],[139.214561,37.291933],[139.214561,37.292299],[139.214311,37.292724],[139.214136,37.293199],[139.214161,37.293657],[139.214348,37.294474],[139.21461,37.29609],[139.214485,37.296757],[139.21446,37.297299],[139.214985,37.299473],[139.215273,37.30024],[139.215998,37.301382],[139.216173,37.301748],[139.216835,37.303473],[139.217535,37.304898],[139.217697,37.305256],[139.21771,37.305514],[139.21761,37.305698],[139.217447,37.306498],[139.217297,37.306831],[139.217197,37.306906],[139.216485,37.307239],[139.21626,37.307448],[139.215685,37.308256],[139.21561,37.308672],[139.215648,37.308964],[139.215897,37.309322],[139.216772,37.309922],[139.217497,37.310606],[139.218335,37.311497],[139.220647,37.313614],[139.221959,37.31493],[139.222197,37.31538],[139.222709,37.317005],[139.222822,37.317797],[139.222959,37.318338],[139.223684,37.31898],[139.224134,37.319496],[139.224222,37.319996],[139.224209,37.321305],[139.223972,37.321646],[139.223359,37.322096],[139.223034,37.322238],[139.222472,37.322555],[139.221772,37.323188],[139.221385,37.323396],[139.221135,37.323646],[139.220622,37.324788],[139.22051,37.325329],[139.22081,37.326288],[139.220797,37.326438],[139.220585,37.326788],[139.220435,37.327171],[139.220435,37.327537],[139.220185,37.328204],[139.220122,37.328862],[139.219672,37.329604],[139.219672,37.329995],[139.21971,37.330154],[139.220172,37.330937],[139.220297,37.331462],[139.220222,37.331645],[139.220135,37.331703],[139.21936,37.331962],[139.218885,37.332345],[139.218297,37.333145],[139.217785,37.334086],[139.217835,37.334245],[139.218097,37.334461],[139.218459,37.334703],[139.219022,37.334844],[139.219484,37.335003],[139.220284,37.335136],[139.220722,37.335319],[139.220859,37.335419],[139.221397,37.335611],[139.221659,37.335669],[139.221784,37.335786],[139.221759,37.335969],[139.221647,37.336119],[139.221484,37.336361],[139.221309,37.336394],[139.221422,37.336761],[139.221447,37.336986],[139.221672,37.337211],[139.222109,37.337477],[139.222959,37.337819],[139.223371,37.338044],[139.223984,37.338719],[139.224121,37.33926],[139.224283,37.339644],[139.224621,37.339952],[139.224783,37.340427],[139.224946,37.340718],[139.225083,37.340768],[139.226133,37.340968],[139.226646,37.341418],[139.226958,37.34191],[139.22737,37.342293],[139.227608,37.342743],[139.227858,37.343443],[139.228108,37.343376],[139.228433,37.343243],[139.228933,37.343101],[139.230495,37.342926],[139.23152,37.34286],[139.23187,37.342852],[139.232832,37.343218],[139.23352,37.343668],[139.233407,37.344276],[139.233407,37.345401],[139.233632,37.346951],[139.234219,37.348759],[139.234544,37.349926],[139.234707,37.350692],[139.234744,37.351592],[139.234656,37.353151],[139.234444,37.354117],[139.233706,37.356392],[139.233481,37.357567],[139.233656,37.358467],[139.234144,37.359342],[139.234694,37.360158],[139.234869,37.360875],[139.235056,37.362],[139.235443,37.363042],[139.235943,37.363916],[139.236193,37.364816],[139.236193,37.366125],[139.236493,37.367133],[139.237018,37.367791],[139.237543,37.368241],[139.237568,37.368733],[139.23713,37.369258],[139.236943,37.369616],[139.236993,37.369749],[139.237405,37.370291],[139.237793,37.371058],[139.238018,37.372791],[139.237855,37.373557],[139.23758,37.374299],[139.236943,37.374999],[139.236593,37.37644],[139.235193,37.37784],[139.234943,37.378673],[139.234505,37.379165],[139.233605,37.379573],[139.231918,37.379982],[139.231406,37.380498],[139.231318,37.380656],[139.231618,37.382031],[139.231218,37.38239],[139.230631,37.382773],[139.230606,37.383156],[139.230968,37.383365],[139.231593,37.383589],[139.231655,37.383631],[139.231355,37.384039],[139.230918,37.384556],[139.23083,37.384739],[139.230805,37.385389],[139.231055,37.386131],[139.231518,37.386989],[139.231655,37.387572],[139.23158,37.387797],[139.23103,37.388272],[139.230318,37.388522],[139.229318,37.388564],[139.228768,37.388547],[139.227593,37.388614],[139.227043,37.388956],[139.227818,37.390322],[139.227981,37.390889],[139.227593,37.390847],[139.226106,37.391097],[139.225731,37.391297],[139.224931,37.391864],[139.224156,37.392288],[139.223531,37.392805],[139.222656,37.393263],[139.221881,37.393347],[139.221219,37.393038],[139.220369,37.392297],[139.219269,37.391955],[139.218106,37.391705],[139.215807,37.391438],[139.215032,37.391422],[139.213932,37.391713],[139.213032,37.391897],[139.212444,37.392072],[139.211894,37.392455],[139.210607,37.393471],[139.209782,37.394396],[139.209232,37.395121],[139.20852,37.395679],[139.207945,37.396088],[139.207645,37.396496],[139.207532,37.396988],[139.207457,37.397621],[139.207457,37.398296],[139.207532,37.398971],[139.207595,37.400345],[139.207457,37.401112],[139.206957,37.401679],[139.20617,37.402262],[139.205757,37.402803],[139.205532,37.403478],[139.204707,37.40517],[139.204707,37.406095],[139.203857,37.406411],[139.20342,37.406703],[139.202383,37.408194],[139.201858,37.408711],[139.199633,37.409778],[139.198695,37.410269],[139.197845,37.410611],[139.197494,37.410694],[139.197133,37.410769],[139.197231,37.410919],[139.197483,37.411286],[139.198008,37.412052],[139.198395,37.412727],[139.198783,37.413177],[139.200408,37.413944],[139.201282,37.414252],[139.202307,37.414369],[139.203095,37.414569],[139.20337,37.414769],[139.204032,37.415427],[139.204782,37.41601],[139.205682,37.416344],[139.206707,37.416544],[139.208269,37.416702],[139.208357,37.416752],[139.208432,37.416927],[139.207832,37.418143],[139.207419,37.419185],[139.207308,37.419645],[139.207282,37.41971],[139.207132,37.420168],[139.207044,37.420651],[139.207007,37.421818],[139.206969,37.422768],[139.206769,37.424009],[139.206769,37.424559],[139.207382,37.427626],[139.207469,37.428434],[139.207656,37.429067],[139.207781,37.429292],[139.209206,37.430692],[139.209406,37.431042],[139.209444,37.431525],[139.209494,37.431625],[139.209906,37.431833],[139.210456,37.432033],[139.210831,37.432425],[139.211068,37.433108],[139.211418,37.4338],[139.212193,37.434816],[139.213293,37.436133],[139.213568,37.436575],[139.213518,37.436966],[139.213343,37.437591],[139.213081,37.438283],[139.213118,37.438883],[139.213156,37.439008],[139.21433,37.439358],[139.214755,37.439741],[139.215018,37.440083],[139.21483,37.440957],[139.214968,37.441641],[139.21533,37.442199],[139.216018,37.442832],[139.218067,37.44489],[139.218555,37.445282],[139.21988,37.445532],[139.22018,37.445765],[139.220392,37.445857],[139.221267,37.445799],[139.221942,37.445915],[139.222079,37.446007],[139.222317,37.44634],[139.222304,37.446749],[139.222392,37.44724],[139.222667,37.447749],[139.222817,37.448232],[139.223067,37.448782],[139.223454,37.449165],[139.223654,37.44914],[139.224092,37.448715],[139.224829,37.44809],[139.224942,37.448065],[139.225554,37.448199],[139.225929,37.448165],[139.226879,37.447249],[139.226979,37.44719],[139.227216,37.447249],[139.227566,37.447565],[139.227779,37.44769],[139.228016,37.447607],[139.228441,37.447349],[139.229029,37.447257],[139.230141,37.447165],[139.230491,37.447107],[139.230941,37.446957],[139.231241,37.446532],[139.231541,37.446007],[139.231691,37.445816],[139.232316,37.445499],[139.233091,37.445316],[139.234803,37.444824],[139.235766,37.444799],[139.236641,37.444916],[139.237378,37.445083],[139.238678,37.445941],[139.239865,37.445949],[139.24114,37.446899],[139.242165,37.447457],[139.243315,37.447966],[139.24394,37.448299],[139.24449,37.448524],[139.244965,37.448649],[139.246277,37.448799],[139.246763,37.449046],[139.246964,37.449141],[139.247877,37.450424],[139.248389,37.450757],[139.249189,37.45094],[139.249902,37.45184],[139.250426,37.451974],[139.251089,37.452249],[139.251551,37.452407],[139.251801,37.452424],[139.252351,37.452332],[139.253014,37.452174],[139.254639,37.451907],[139.255651,37.451382],[139.256388,37.450891],[139.256638,37.450616],[139.257276,37.449607],[139.257713,37.448791],[139.258063,37.448608],[139.258063,37.448524],[139.257876,37.448183],[139.257688,37.447666],[139.258013,37.447033],[139.258151,37.446941],[139.259063,37.447033],[139.260351,37.447616],[139.261338,37.447891],[139.263125,37.448266],[139.264413,37.448608],[139.265675,37.448624],[139.266837,37.449233],[139.267962,37.449524],[139.268587,37.449841],[139.270299,37.450333],[139.272162,37.450224],[139.273099,37.450358],[139.275299,37.451891],[139.275899,37.452224],[139.277199,37.452808],[139.277911,37.452924],[139.278686,37.453241],[139.278761,37.453166],[139.279498,37.452133],[139.279911,37.451724],[139.280661,37.450799],[139.281286,37.450166],[139.282061,37.4499],[139.283323,37.449783],[139.284311,37.450008],[139.28516,37.450866],[139.286185,37.452016],[139.287123,37.452399],[139.287585,37.452374],[139.28896,37.452416],[139.29006,37.452599],[139.292122,37.453341],[139.293134,37.453966],[139.293822,37.454508],[139.294322,37.454599],[139.295609,37.454733],[139.296546,37.455183],[139.297646,37.455608],[139.298609,37.455808],[139.298996,37.456399],[139.299621,37.456824],[139.300121,37.457316],[139.301058,37.457766],[139.301958,37.457816],[139.302571,37.457816],[139.304221,37.458599],[139.305308,37.458849],[139.30652,37.458866],[139.30737,37.458532],[139.308945,37.456724],[139.309908,37.456008],[139.31072,37.455733],[139.31227,37.456091],[139.313195,37.456541],[139.313945,37.457174],[139.314382,37.457666],[139.31502,37.458616],[139.315595,37.459382],[139.31672,37.459757],[139.318282,37.459982],[139.318807,37.460099],[139.319719,37.460341],[139.320594,37.460749],[139.320932,37.460724],[139.322057,37.460857],[139.323919,37.461582],[139.326044,37.462341],[139.326481,37.462432],[139.326394,37.461957],[139.326481,37.461149],[139.327081,37.460674],[139.327606,37.460024],[139.329531,37.459366],[139.330156,37.45885],[139.330843,37.458491],[139.332968,37.458191],[139.334781,37.4579],[139.33568,37.4579],[139.33678,37.458483],[139.338155,37.458841],[139.338793,37.458683],[139.33898,37.458841],[139.339805,37.459291],[139.340105,37.459383],[139.341105,37.459808],[139.342117,37.460124],[139.343442,37.460124],[139.345767,37.460274],[139.346429,37.460683],[139.347342,37.461716],[139.349104,37.463924],[139.350041,37.464849],[139.350866,37.465366],[139.351191,37.465816],[139.351391,37.466899],[139.351416,37.467774],[139.351553,37.46809],[139.351853,37.467999],[139.353178,37.467365],[139.355378,37.467249],[139.355928,37.467382],[139.358015,37.46804],[139.359365,37.468982],[139.359852,37.468849],[139.360815,37.46914],[139.361702,37.46954],[139.362252,37.469882],[139.362577,37.46999],[139.36379,37.46929],[139.365377,37.468957],[139.366177,37.468657],[139.366639,37.468165],[139.367089,37.467441],[139.367689,37.466741],[139.368177,37.466091],[139.368489,37.465524],[139.369164,37.465366],[139.370189,37.465641],[139.370876,37.465499],[139.371701,37.465033],[139.371751,37.464938],[139.372364,37.464691],[139.373351,37.464108],[139.374039,37.463883],[139.374426,37.463833],[139.375389,37.463633],[139.376238,37.463316],[139.377176,37.463199],[139.378738,37.463108],[139.379651,37.46315],[139.380551,37.463441],[139.381463,37.46385],[139.382013,37.463916],[139.382263,37.46385],[139.383113,37.463733],[139.384163,37.463783],[139.385225,37.463641],[139.386,37.46335],[139.386825,37.462966],[139.388225,37.462516],[139.390087,37.461792],[139.390887,37.461208],[139.392512,37.460458],[139.393725,37.460433],[139.394762,37.460342],[139.395812,37.460117],[139.397487,37.459892],[139.398562,37.460634],[139.399686,37.461558],[139.400536,37.462192],[139.402736,37.463717],[139.403723,37.46435],[139.404798,37.464933],[139.406148,37.465833],[139.406336,37.466333],[139.406236,37.466958],[139.406098,37.467166],[139.404686,37.468],[139.404411,37.468608],[139.404936,37.470091],[139.405436,37.470566],[139.405461,37.470858],[139.404773,37.472666],[139.404636,37.473116],[139.404523,37.474057],[139.404698,37.475141],[139.40521,37.476107],[139.405435,37.47699],[139.406048,37.477799],[139.406873,37.47859],[139.408023,37.479357],[139.408298,37.480232],[139.408798,37.481382],[139.409722,37.483273],[139.40981,37.483881],[139.408498,37.485373],[139.40786,37.485931],[139.40736,37.486248],[139.406923,37.486473],[139.40701,37.486789],[139.408272,37.488389],[139.408572,37.489339],[139.408472,37.490172],[139.40786,37.49193],[139.407972,37.49258],[139.408385,37.493097],[139.41001,37.494722],[139.413634,37.496522],[139.413859,37.496655],[139.414047,37.497063],[139.413809,37.497713],[139.413634,37.497938],[139.412872,37.498438],[139.412459,37.499063],[139.412297,37.499655],[139.410859,37.501546],[139.410722,37.502021],[139.410759,37.502946],[139.410947,37.504579],[139.411297,37.505321],[139.412984,37.506812],[139.413871,37.507679],[139.414271,37.508179],[139.414396,37.508662],[139.414384,37.508854],[139.414246,37.509345],[139.414246,37.509954],[139.414384,37.510178],[139.416721,37.510145],[139.417359,37.510095],[139.418646,37.510079],[139.422033,37.510595],[139.422283,37.510737],[139.423146,37.511462],[139.42382,37.511395],[139.42417,37.51127],[139.425083,37.511104],[139.426233,37.511079],[139.427258,37.511145],[139.427458,37.511187],[139.427958,37.511379],[139.42802,37.511654],[139.427957,37.512554],[139.428357,37.51332],[139.428345,37.513937],[139.428407,37.514195],[139.42887,37.514653],[139.42997,37.514753],[139.431095,37.514437],[139.431682,37.514353],[139.433082,37.514503],[139.433844,37.514662],[139.435944,37.513987],[139.437606,37.51367],[139.438919,37.513287],[139.440106,37.513529],[139.440956,37.514037],[139.441893,37.514287],[139.442568,37.514504],[139.443093,37.51457],[139.443618,37.514995],[139.444855,37.515545],[139.445518,37.515612],[139.44693,37.515987],[139.448118,37.516504],[139.44943,37.517012],[139.449955,37.51717],[139.451017,37.517345],[139.45248,37.517279],[139.454354,37.517429],[139.456692,37.517954],[139.457154,37.517979],[139.457454,37.51757],[139.457942,37.517037],[139.458054,37.516595],[139.457954,37.515987],[139.458217,37.515637],[139.459067,37.515171],[139.459866,37.514554],[139.460529,37.514171],[139.462041,37.513854],[139.463491,37.513013],[139.463904,37.51233],[139.464629,37.51148],[139.464928,37.510855],[139.465079,37.510163],[139.465303,37.509822],[139.465803,37.509205],[139.466003,37.508605],[139.466453,37.508222],[139.467966,37.507597],[139.468278,37.507355],[139.468816,37.506839],[139.470266,37.506622],[139.471366,37.506514],[139.471928,37.506214],[139.47234,37.505614],[139.47299,37.505105],[139.474953,37.503697],[139.47529,37.503014],[139.475353,37.502922],[139.475653,37.502672],[139.476065,37.502581],[139.47739,37.502764],[139.477603,37.502872],[139.477773,37.502962],[139.477915,37.503014],[139.478265,37.503464],[139.47924,37.504122],[139.479727,37.504197],[139.48074,37.504697],[139.483202,37.506547],[139.483839,37.507172],[139.484139,37.50793],[139.484314,37.508772],[139.484689,37.509497],[139.485302,37.51008],[139.486052,37.510338],[139.486876,37.510288],[139.487926,37.510163],[139.488339,37.510163],[139.489076,37.51083],[139.489476,37.510955],[139.491226,37.51173],[139.492351,37.511921],[139.494363,37.512205],[139.49475,37.51233],[139.49622,37.512509],[139.496737,37.512593],[139.497613,37.512438],[139.49945,37.512246],[139.500575,37.512038],[139.501175,37.511705],[139.50165,37.511788],[139.502137,37.51183],[139.502587,37.511763],[139.502925,37.51158],[139.503287,37.511038],[139.503425,37.510588],[139.503625,37.51023],[139.504125,37.510072],[139.504325,37.510047],[139.504687,37.509872],[139.505312,37.509755],[139.505712,37.509613],[139.505787,37.509613],[139.5065,37.50988],[139.507075,37.510147],[139.507662,37.510555],[139.508237,37.510797],[139.508349,37.510822],[139.508712,37.510705],[139.509812,37.510113],[139.510574,37.509955],[139.511537,37.509863],[139.512299,37.509705],[139.512912,37.509297],[139.513249,37.508847],[139.513649,37.508664],[139.514074,37.508889],[139.514161,37.50898],[139.514749,37.509289],[139.516036,37.509755],[139.516536,37.509914],[139.516686,37.509997],[139.517286,37.510688],[139.517736,37.511363],[139.517998,37.511813],[139.518598,37.512663],[139.519398,37.513488],[139.51996,37.513888],[139.520135,37.513955],[139.521098,37.514197],[139.521498,37.514247],[139.523223,37.514597],[139.523785,37.514547],[139.524298,37.51423],[139.52526,37.514163],[139.525847,37.514047],[139.52641,37.51373],[139.527372,37.513055],[139.527647,37.512755],[139.528097,37.512422],[139.529372,37.512372],[139.530272,37.512522],[139.531185,37.512855],[139.53141,37.51288],[139.531547,37.51283],[139.532285,37.512739],[139.532422,37.512672],[139.533647,37.512397],[139.534597,37.512014],[139.534822,37.511964],[139.535447,37.511922],[139.536547,37.51198],[139.537009,37.511914],[139.537847,37.511614],[139.538522,37.511347],[139.539147,37.511206],[139.539909,37.511272],[139.541159,37.511331],[139.541784,37.511531],[139.542971,37.512064],[139.543284,37.512047],[139.543396,37.511889],[139.543421,37.511506],[139.543471,37.511306],[139.544209,37.510781],[139.544509,37.510422],[139.544871,37.509906],[139.545071,37.509548],[139.545159,37.509481],[139.546621,37.509248],[139.547646,37.509156],[139.548521,37.509148],[139.549108,37.508989],[139.549671,37.508539],[139.550546,37.507814],[139.550996,37.507789],[139.551483,37.507814],[139.551933,37.507723],[139.552521,37.507339],[139.553896,37.50684],[139.554695,37.506456],[139.555083,37.506156],[139.55547,37.505773],[139.555833,37.505123],[139.555858,37.504723],[139.555945,37.504315],[139.556033,37.504181],[139.556483,37.504115],[139.557245,37.504157],[139.557533,37.504107],[139.558208,37.504107],[139.558745,37.50424],[139.559333,37.504298],[139.56007,37.504073],[139.560558,37.503982],[139.561657,37.503982],[139.561932,37.503732],[139.562157,37.503373],[139.562582,37.503015],[139.562845,37.502832],[139.56322,37.502673],[139.56347,37.502515],[139.563695,37.502398],[139.563807,37.502382],[139.564257,37.502107],[139.564482,37.501799],[139.564657,37.501682],[139.564932,37.50164],[139.565157,37.501774],[139.565307,37.501907],[139.565695,37.501974],[139.566432,37.502198],[139.567144,37.502332],[139.567282,37.502448],[139.567707,37.502623],[139.567882,37.502782],[139.567932,37.50294],[139.567919,37.503015],[139.568157,37.503298],[139.568694,37.503632],[139.570881,37.50459],[139.571394,37.504907],[139.571869,37.505415],[139.571956,37.505548],[139.572419,37.50604],[139.573019,37.506515],[139.573556,37.50689],[139.574493,37.507198],[139.575231,37.507198],[139.575743,37.507581],[139.576343,37.508206],[139.576456,37.508273],[139.576856,37.508698],[139.578105,37.509631],[139.579718,37.510323],[139.580768,37.510898],[139.581118,37.510964],[139.581343,37.511239],[139.581743,37.511439],[139.58273,37.511548],[139.58338,37.511764],[139.583717,37.512056],[139.584742,37.512748],[139.585092,37.512906],[139.58498,37.513198],[139.584417,37.514048],[139.58428,37.514522],[139.584317,37.515064],[139.584517,37.515439],[139.584717,37.515689],[139.586504,37.516981],[139.586742,37.517722],[139.586804,37.518281],[139.586754,37.519472],[139.586592,37.519805],[139.586729,37.520214],[139.587104,37.520372],[139.587642,37.520522],[139.587954,37.520922],[139.587916,37.522297],[139.588029,37.523105],[139.588291,37.523638],[139.589229,37.524555],[139.590791,37.52513],[139.590966,37.525247],[139.591079,37.525447],[139.590629,37.526546],[139.590466,37.527288],[139.590528,37.52778],[139.590478,37.528071],[139.590079,37.528188],[139.589579,37.528413],[139.589429,37.528505],[139.589041,37.528638],[139.588504,37.528663],[139.587566,37.528604],[139.586604,37.528404],[139.586516,37.528429],[139.586241,37.528296],[139.586204,37.528246],[139.585504,37.527979],[139.584679,37.527896],[139.583692,37.527946],[139.583267,37.528171],[139.582929,37.528513],[139.582317,37.529296],[139.581867,37.529438],[139.580504,37.529621],[139.579092,37.529896],[139.578705,37.530054],[139.578367,37.530371],[139.577805,37.531404],[139.577367,37.532554],[139.576892,37.533495],[139.57653,37.534662],[139.576442,37.534687],[139.575942,37.535003],[139.57473,37.535837],[139.57428,37.536245],[139.573942,37.536495],[139.572905,37.537145],[139.572205,37.53742],[139.571043,37.538461],[139.570293,37.539003],[139.570118,37.539361],[139.57013,37.539828],[139.570355,37.540303],[139.571018,37.541261],[139.57128,37.541803],[139.571417,37.542228],[139.571255,37.543011],[139.570892,37.543752],[139.570692,37.543911],[139.570555,37.543977],[139.569993,37.544052],[139.569518,37.544211],[139.569118,37.544527],[139.56878,37.544702],[139.56833,37.544777],[139.567768,37.544961],[139.56678,37.545661],[139.566043,37.545885],[139.56568,37.546069],[139.565655,37.546135],[139.565768,37.546377],[139.56648,37.54761],[139.566918,37.548127],[139.56748,37.548635],[139.568617,37.549444],[139.568742,37.549485],[139.56933,37.549885],[139.569905,37.550335],[139.570105,37.550443],[139.570242,37.550668],[139.570192,37.550918],[139.569992,37.551343],[139.569892,37.552043],[139.569692,37.55251],[139.569355,37.55301],[139.568855,37.553368],[139.568517,37.553777],[139.56873,37.555251],[139.568592,37.556576],[139.568605,37.557076],[139.56878,37.557835],[139.56878,37.558243],[139.568505,37.559184],[139.56823,37.559768],[139.567917,37.560126],[139.567755,37.560418],[139.56773,37.560893],[139.567767,37.561434],[139.567817,37.561568],[139.56788,37.562018],[139.567717,37.562418],[139.56763,37.562534],[139.567542,37.562984],[139.56758,37.563051],[139.56783,37.563226],[139.568317,37.563476],[139.568654,37.563692],[139.568892,37.564209],[139.569692,37.565101],[139.570867,37.567434],[139.571292,37.567967],[139.571642,37.56815],[139.571842,37.568734],[139.571842,37.569134],[139.572216,37.570259],[139.572254,37.57055],[139.572054,37.57075],[139.571054,37.572217],[139.570317,37.572933],[139.570541,37.573158],[139.570979,37.573467],[139.571291,37.573758],[139.571491,37.574075],[139.571579,37.574525],[139.571329,37.574992],[139.571166,37.575467],[139.571079,37.575875],[139.571141,37.576275],[139.571166,37.576766],[139.571066,37.577108],[139.570729,37.5774],[139.570529,37.577716],[139.570516,37.57895],[139.570379,37.579441],[139.570066,37.579691],[139.569641,37.579824],[139.568766,37.579924],[139.568429,37.579858],[139.568204,37.579858],[139.568029,37.580058],[139.567979,37.580599],[139.567816,37.580916],[139.567479,37.581299],[139.567254,37.581608],[139.566779,37.582066],[139.566217,37.582824],[139.566017,37.583191],[139.566129,37.583457],[139.566167,37.583749],[139.566366,37.583882],[139.567216,37.584174],[139.567466,37.584349],[139.567504,37.584416],[139.567416,37.584682],[139.567329,37.584749],[139.567054,37.584866],[139.566654,37.584957],[139.566429,37.585091],[139.565954,37.585632],[139.565616,37.586132],[139.565516,37.58634],[139.565404,37.587124],[139.565179,37.587374],[139.564754,37.587665],[139.564504,37.58789],[139.564279,37.588273],[139.564142,37.588698],[139.564142,37.588857],[139.564679,37.58899],[139.564829,37.589057],[139.565341,37.589457],[139.565629,37.589932],[139.565716,37.590557],[139.565466,37.59159],[139.565529,37.592173],[139.565704,37.592756],[139.565641,37.592981],[139.565279,37.593565],[139.565204,37.594156],[139.565254,37.594398],[139.565179,37.594873],[139.564304,37.595881],[139.564054,37.596331],[139.564091,37.596648],[139.564966,37.597406],[139.564691,37.597498],[139.564179,37.597564],[139.563579,37.597881],[139.563216,37.598647],[139.563029,37.598939],[139.562829,37.599097],[139.562441,37.599664],[139.562266,37.600222],[139.560741,37.601039],[139.559929,37.601555],[139.559054,37.602005],[139.557929,37.602464],[139.557154,37.60253],[139.556479,37.602239],[139.556104,37.602172],[139.555317,37.602197],[139.554529,37.60238],[139.553955,37.602722],[139.55323,37.60358],[139.552892,37.603688],[139.55258,37.604297],[139.552242,37.604855],[139.55143,37.605738],[139.55068,37.606838],[139.54978,37.608121],[139.549242,37.608571],[139.548792,37.609071],[139.548567,37.60963],[139.548492,37.610213],[139.548717,37.611155],[139.549042,37.611579],[139.54898,37.612013],[139.548617,37.612529],[139.548192,37.613271],[139.548092,37.613629],[139.548142,37.613763],[139.54843,37.614079],[139.548717,37.615021],[139.549967,37.615487],[139.550767,37.615712],[139.551242,37.615929],[139.551417,37.616062],[139.551654,37.616512],[139.551792,37.617254],[139.552117,37.618312],[139.552142,37.618754],[139.552067,37.618829],[139.551529,37.618962],[139.550754,37.619054],[139.550117,37.619412],[139.549717,37.619937],[139.549379,37.620562],[139.549104,37.620945],[139.548567,37.621195],[139.547892,37.621762],[139.547717,37.622162],[139.547592,37.622995],[139.54743,37.624203],[139.546805,37.625195],[139.546592,37.625895],[139.546567,37.626611],[139.54668,37.626861],[139.54668,37.627736],[139.546567,37.62787],[139.546067,37.628095],[139.546005,37.628411],[139.546042,37.629103],[139.54633,37.629686],[139.546729,37.630178],[139.546929,37.630519],[139.546829,37.631594],[139.546917,37.631794],[139.547254,37.632086],[139.547454,37.632494],[139.547429,37.633119],[139.547467,37.633677],[139.547829,37.634127],[139.549429,37.635627],[139.550054,37.635827],[139.550454,37.635869],[139.551216,37.636427],[139.551591,37.636835],[139.551766,37.636969],[139.551879,37.637277],[139.551879,37.637435],[139.552004,37.637977],[139.552404,37.638377],[139.552791,37.638668],[139.553141,37.639227],[139.553478,37.639635],[139.553941,37.639993],[139.554616,37.640277],[139.555016,37.640502],[139.555278,37.640835],[139.555366,37.641085],[139.555116,37.641351],[139.554603,37.641668],[139.554016,37.641985],[139.553503,37.642143],[139.552678,37.64251],[139.552116,37.643143],[139.551529,37.643884],[139.551441,37.644243],[139.551479,37.644418],[139.551166,37.645076],[139.551029,37.645818],[139.551004,37.646376],[139.550729,37.646942],[139.549854,37.647859],[139.549291,37.648625],[139.549241,37.649034],[139.549729,37.6493],[139.550866,37.649809],[139.551341,37.650059],[139.552203,37.650192],[139.553016,37.650117],[139.553703,37.650092],[139.554491,37.650117],[139.554891,37.650609],[139.55549,37.651009],[139.556178,37.651209],[139.557028,37.651383],[139.558015,37.651467],[139.558353,37.651467],[139.55889,37.651508],[139.55944,37.651708],[139.560065,37.652042],[139.560465,37.652333],[139.560827,37.652758],[139.561265,37.653142],[139.562227,37.653633],[139.562964,37.653808],[139.563727,37.653941],[139.565002,37.654],[139.565777,37.653958],[139.566851,37.653725],[139.567501,37.653542],[139.568201,37.65325],[139.568464,37.653117],[139.568626,37.653183],[139.569139,37.653492],[139.569651,37.6539],[139.570088,37.654408],[139.570451,37.654975],[139.570938,37.6556],[139.571251,37.655891],[139.572788,37.655991],[139.573413,37.656191],[139.574063,37.656483],[139.574888,37.657041],[139.575663,37.657891],[139.576063,37.658224],[139.576662,37.658541],[139.57805,37.659074],[139.578675,37.659566],[139.579562,37.660549],[139.580024,37.660907],[139.582412,37.661349],[139.583911,37.662107],[139.584936,37.662457],[139.585336,37.662999],[139.585799,37.66349],[139.586336,37.66389],[139.586998,37.664449],[139.587086,37.664874],[139.587373,37.665507],[139.587886,37.66604],[139.588223,37.66649],[139.588461,37.66709],[139.588461,37.667207],[139.58951,37.667423],[139.59036,37.667557],[139.591273,37.667598],[139.59146,37.666273],[139.591648,37.665915],[139.59216,37.665573],[139.59281,37.665373],[139.593548,37.665232],[139.594647,37.665248],[139.595397,37.665473],[139.596447,37.66594],[139.597834,37.666765],[139.598234,37.667032],[139.598497,37.667457],[139.599034,37.668173],[139.599472,37.668423],[139.599984,37.668623],[139.600572,37.668731],[139.600834,37.668906],[139.600859,37.669356],[139.600921,37.669606],[139.600896,37.669665],[139.600846,37.669906],[139.600809,37.670964],[139.600946,37.671306],[139.601609,37.671823],[139.602684,37.672948],[139.603046,37.673089],[139.604034,37.673339],[139.604346,37.673497],[139.604721,37.673789],[139.605058,37.674189],[139.605196,37.674414],[139.605283,37.674797],[139.605333,37.675389],[139.605246,37.676689],[139.605358,37.676897],[139.605733,37.677189],[139.605896,37.677664],[139.605871,37.67773],[139.605671,37.677914],[139.605333,37.678138],[139.604996,37.67843],[139.604596,37.678922],[139.604421,37.679188],[139.604446,37.679397],[139.605446,37.679713],[139.605671,37.679963],[139.605808,37.680388],[139.606146,37.680522],[139.606546,37.680746],[139.606833,37.680996],[139.607146,37.681446],[139.607508,37.682171],[139.608158,37.683005],[139.608608,37.683138],[139.609008,37.683296],[139.609258,37.683613],[139.60937,37.684313],[139.609483,37.684354],[139.609908,37.684421],[139.610595,37.684671],[139.611383,37.685396],[139.611782,37.685663],[139.61257,37.685713],[139.612807,37.685688],[139.613345,37.685738],[139.613657,37.685896],[139.613957,37.686279],[139.61427,37.686521],[139.614757,37.686679],[139.61507,37.686837],[139.61507,37.687062],[139.61487,37.687312],[139.614782,37.687671],[139.615295,37.687946],[139.616569,37.688329],[139.617669,37.688804],[139.618094,37.688804],[139.618982,37.688645],[139.619369,37.688604],[139.619794,37.688645],[139.620869,37.68912],[139.621156,37.689145],[139.621531,37.689079],[139.62172,37.688969],[139.622144,37.688954],[139.622494,37.689179],[139.623294,37.689237],[139.623694,37.689304],[139.624069,37.689262],[139.624244,37.689195],[139.624619,37.68897],[139.624944,37.688704],[139.625131,37.688454],[139.625831,37.688504],[139.626331,37.688396],[139.626431,37.688329],[139.627031,37.688204],[139.627231,37.688296],[139.627306,37.688404],[139.627481,37.688812],[139.627956,37.689087],[139.628056,37.689204],[139.627968,37.689762],[139.627668,37.690279],[139.627618,37.690529],[139.628231,37.69157],[139.628331,37.69202],[139.628218,37.692495],[139.628043,37.692653],[139.627568,37.692945],[139.627068,37.693028],[139.626406,37.693003],[139.625881,37.693112],[139.625631,37.693537],[139.625581,37.693695],[139.625318,37.694078],[139.624943,37.694461],[139.624693,37.694836],[139.624281,37.695195],[139.624206,37.695736],[139.624356,37.696211],[139.624318,37.696486],[139.623643,37.697244],[139.623631,37.697944],[139.623531,37.698369],[139.623331,37.698661],[139.622019,37.699694],[139.62172,37.699852],[139.621531,37.699977],[139.621481,37.700094],[139.621444,37.700586],[139.621481,37.701177],[139.62172,37.70156],[139.622568,37.701952],[139.623043,37.702135],[139.623418,37.702385],[139.623493,37.702477],[139.623456,37.703019],[139.623531,37.703494],[139.623743,37.704152],[139.623568,37.704577],[139.623643,37.704918],[139.623818,37.705343],[139.623856,37.70596],[139.623668,37.706743],[139.623718,37.706876],[139.624043,37.707085],[139.624193,37.707335],[139.62448,37.708326],[139.624243,37.709618],[139.624068,37.710226],[139.624418,37.710451],[139.625018,37.710767],[139.625593,37.710934],[139.625843,37.711067],[139.62648,37.711342],[139.627105,37.711709],[139.627755,37.712142],[139.629192,37.713259],[139.631104,37.715033],[139.632329,37.716075],[139.632754,37.716508],[139.632754,37.716575],[139.632516,37.717008],[139.632091,37.717566],[139.631904,37.717883],[139.631804,37.718308],[139.631491,37.719099],[139.631491,37.719433],[139.631541,37.719591],[139.631791,37.719841],[139.632291,37.719958],[139.632841,37.719733],[139.633366,37.719491],[139.633729,37.719474],[139.634166,37.719674],[139.634654,37.719774],[139.635228,37.719824],[139.635378,37.719866],[139.635816,37.720207],[139.635866,37.720324],[139.636216,37.720732],[139.636891,37.721099],[139.637691,37.721099],[139.638166,37.721174],[139.63909,37.72219],[139.639953,37.72279],[139.640128,37.722857],[139.640453,37.723082],[139.640503,37.723215],[139.64044,37.724548],[139.640515,37.724757],[139.64089,37.725165],[139.641515,37.725348],[139.64209,37.725415],[139.642427,37.725781],[139.642427,37.725915],[139.642602,37.726415],[139.64274,37.727248],[139.642865,37.727564],[139.642965,37.727656],[139.644364,37.728031],[139.645914,37.728156],[139.646664,37.728222],[139.647264,37.728389],[139.647714,37.728681],[139.648164,37.728914],[139.648914,37.729073],[139.649589,37.729106],[139.649614,37.729148],[139.649614,37.729914],[139.649752,37.730481],[139.650226,37.731139],[139.650539,37.731798],[139.650614,37.732223],[139.650189,37.732856],[139.650126,37.733164],[139.650451,37.733573],[139.650776,37.733914],[139.651101,37.734148],[139.651289,37.734623],[139.651439,37.735114],[139.651539,37.735256],[139.652014,37.735706],[139.652164,37.735981],[139.652076,37.736923],[139.652114,37.737647],[139.652289,37.737939],[139.653364,37.738381],[139.653914,37.738673],[139.654089,37.738856],[139.654889,37.739448],[139.655576,37.739839],[139.656126,37.740156],[139.656876,37.740731],[139.657351,37.741073],[139.657676,37.741523],[139.657539,37.742448],[139.657539,37.742898],[139.657701,37.743189],[139.658201,37.743714],[139.658688,37.744731],[139.658813,37.745389],[139.658601,37.745931],[139.658601,37.746289],[139.658676,37.746339],[139.658726,37.746497],[139.658726,37.747106],[139.659026,37.748864],[139.658976,37.749431],[139.659126,37.749972],[139.659113,37.75053],[139.658276,37.751322],[139.657801,37.751922],[139.657776,37.752355],[139.657809,37.7528],[139.657763,37.753139],[139.657726,37.753855],[139.657826,37.754489],[139.657976,37.754939],[139.658251,37.75523],[139.658713,37.755347],[139.659425,37.755347],[139.660313,37.755389],[139.661325,37.755589],[139.664225,37.756314],[139.664737,37.756314],[139.665825,37.756714],[139.66665,37.757188],[139.666862,37.757347],[139.667362,37.757863],[139.667475,37.758072],[139.667662,37.758697],[139.6676,37.760055],[139.667787,37.760955],[139.668399,37.762147],[139.668674,37.76278],[139.668737,37.76348],[139.669224,37.76413],[139.669574,37.764446],[139.670424,37.765146],[139.671599,37.765821],[139.672649,37.766246],[139.673011,37.766455],[139.673286,37.766813],[139.673286,37.767713],[139.673511,37.767896],[139.674249,37.768229],[139.675323,37.768596],[139.676211,37.769021],[139.676948,37.769471],[139.677573,37.769988],[139.67821,37.771904],[139.67871,37.772313],[139.679473,37.772604],[139.679748,37.772804],[139.68031,37.773437],[139.680647,37.774087],[139.680647,37.774296],[139.68036,37.774921],[139.680272,37.775396],[139.68076,37.775846],[139.68231,37.776612],[139.68341,37.777287],[139.683747,37.777537],[139.684834,37.777987],[139.685659,37.778687],[139.686584,37.778937],[139.687471,37.77932],[139.688034,37.780104],[139.688396,37.780537],[139.689634,37.781412],[139.690921,37.781979],[139.691883,37.782454],[139.692921,37.78322],[139.694221,37.783987],[139.69487,37.784228],[139.696095,37.784912],[139.697083,37.785695],[139.697758,37.786645],[139.698157,37.787612],[139.698895,37.788695],[139.699295,37.789145],[139.700282,37.790095],[139.702507,37.791711],[139.703394,37.792461],[139.703982,37.793336],[139.704506,37.795253],[139.705094,37.795978],[139.705794,37.796428],[139.707031,37.796919],[139.708293,37.797194],[139.709493,37.797486],[139.711893,37.798678],[139.71273,37.798769],[139.713405,37.798953],[139.713843,37.799744],[139.714418,37.800169],[139.715168,37.800511],[139.715505,37.800961],[139.715742,37.801677],[139.716117,37.802336],[139.716767,37.803119],[139.718305,37.804702],[139.718392,37.804769],[139.718955,37.805352],[139.719754,37.806819],[139.720342,37.807477],[139.720892,37.808168],[139.721292,37.808918],[139.721604,37.809343],[139.722154,37.809527],[139.722842,37.809685],[139.723267,37.810427],[139.724779,37.811443],[139.725679,37.811643],[139.726654,37.81171],[139.727004,37.81171],[139.727704,37.811868],[139.728291,37.812385],[139.728728,37.812752],[139.728816,37.812952],[139.729191,37.813468],[139.729428,37.813652],[139.729953,37.813743],[139.730203,37.813743],[139.730753,37.813943],[139.731653,37.814102],[139.732666,37.814152],[139.73344,37.814218],[139.734765,37.81471],[139.73544,37.815094],[139.73674,37.815569],[139.737627,37.815727],[139.73874,37.815636],[139.738827,37.815661],[139.740589,37.817169],[139.741389,37.817694],[139.741489,37.817894],[139.741327,37.818344],[139.741052,37.818861],[139.740814,37.819178],[139.740627,37.819586],[139.740814,37.819986],[139.740902,37.820103],[139.740877,37.820261],[139.740564,37.820669],[139.740227,37.821211],[139.740039,37.821369],[139.739514,37.821611],[139.73909,37.822061],[139.738652,37.822653],[139.738127,37.823011],[139.738165,37.823353],[139.738315,37.823711],[139.738377,37.824319],[139.738165,37.824903],[139.737452,37.825719],[139.737115,37.826011],[139.736752,37.826661],[139.736502,37.827203],[139.736127,37.827544],[139.735977,37.827861],[139.73564,37.828086],[139.735115,37.828511],[139.734502,37.828919],[139.733827,37.829569],[139.732553,37.830402],[139.73204,37.830602],[139.731415,37.830627],[139.730828,37.830444],[139.730428,37.830269],[139.73009,37.83036],[139.72954,37.830668],[139.729078,37.831127],[139.728765,37.831752],[139.728553,37.832093],[139.728465,37.832185],[139.728215,37.832651],[139.72769,37.833176],[139.727315,37.833668],[139.72714,37.834726],[139.726978,37.835018],[139.726215,37.835318],[139.725903,37.835584],[139.724853,37.836168],[139.724465,37.836317],[139.724358,37.836438],[139.723715,37.836851],[139.723528,37.837142],[139.723165,37.837434],[139.722453,37.837859],[139.722128,37.838242],[139.720815,37.83935],[139.720428,37.839709],[139.719653,37.840792],[139.719515,37.841242],[139.718803,37.84185],[139.719003,37.8426],[139.719003,37.84325],[139.71889,37.843883],[139.718615,37.84465],[139.718403,37.844916],[139.718265,37.844983],[139.71779,37.845366],[139.717328,37.845866],[139.71684,37.846158],[139.716253,37.846408],[139.716015,37.846583],[139.71549,37.847308],[139.71549,37.848074],[139.715303,37.848566],[139.71524,37.848949],[139.715278,37.849174],[139.715078,37.849766],[139.715328,37.850391],[139.715378,37.850708],[139.715553,37.851049],[139.715553,37.851432],[139.715415,37.851907],[139.71539,37.852132],[139.71514,37.852691],[139.714815,37.853007],[139.714203,37.853349],[139.714181,37.853358],[139.713678,37.853574],[139.71349,37.853616],[139.71319,37.853757],[139.712365,37.853957],[139.711903,37.854157],[139.711316,37.854315],[139.710691,37.854382],[139.709953,37.854274],[139.709341,37.854074],[139.708678,37.85389],[139.708053,37.853557],[139.707616,37.853149],[139.707091,37.852449],[139.706429,37.852224],[139.705791,37.851982],[139.705491,37.85189],[139.704829,37.851757],[139.702941,37.850674],[139.702492,37.850265],[139.702004,37.849974],[139.701754,37.849907],[139.701267,37.849932],[139.700992,37.849974],[139.700404,37.849799],[139.699504,37.849574],[139.698679,37.84919],[139.698242,37.848782],[139.698179,37.848699],[139.698155,37.84809],[139.697967,37.84784],[139.697655,37.84784],[139.697467,37.847907],[139.697005,37.847974],[139.69678,37.848065],[139.69598,37.848065],[139.69483,37.848199],[139.69398,37.848274],[139.693267,37.848407],[139.691593,37.848499],[139.691005,37.848499],[139.69073,37.848299],[139.69063,37.84784],[139.690405,37.84744],[139.689055,37.846874],[139.687906,37.846699],[139.687218,37.846649],[139.686756,37.84679],[139.685681,37.847015],[139.684906,37.847015],[139.684718,37.84699],[139.684143,37.84699],[139.683893,37.84704],[139.682268,37.846907],[139.682031,37.84684],[139.681506,37.846882],[139.681006,37.846999],[139.681394,37.847174],[139.681993,37.847398],[139.682193,37.847448],[139.685906,37.847265],[139.686693,37.84704],[139.687518,37.846924],[139.688818,37.84719],[139.689643,37.847574],[139.690018,37.847932],[139.690543,37.848607],[139.691018,37.848765],[139.691755,37.848832],[139.692655,37.848815],[139.69368,37.848699],[139.69478,37.848632],[139.696017,37.848649],[139.696942,37.84874],[139.697142,37.848782],[139.697555,37.849124],[139.697904,37.849732],[139.698592,37.85034],[139.698929,37.85059],[139.699804,37.851424],[139.701242,37.85239],[139.702029,37.852774],[139.702966,37.85329],[139.703354,37.853557],[139.704266,37.854298],[139.705004,37.854973],[139.705716,37.855698],[139.706291,37.85599],[139.706603,37.856098],[139.707416,37.856007],[139.708466,37.855765],[139.709816,37.855715],[139.71314,37.854949],[139.714753,37.854474],[139.71599,37.854041],[139.716328,37.853549],[139.716565,37.852332],[139.716565,37.851449],[139.716203,37.849766],[139.71599,37.848949],[139.715853,37.848233],[139.715815,37.847558],[139.715978,37.847175],[139.716228,37.846883],[139.716478,37.846675],[139.717328,37.84625],[139.717853,37.845866],[139.718153,37.845458],[139.71864,37.845166],[139.718778,37.84505],[139.719115,37.8446],[139.719365,37.844083],[139.719328,37.84345],[139.719353,37.842508],[139.719215,37.8419],[139.719765,37.841467],[139.71999,37.84095],[139.72034,37.840475],[139.720753,37.840025],[139.720865,37.83985],[139.721878,37.838967],[139.72284,37.837976],[139.723528,37.837526],[139.723853,37.837276],[139.724153,37.836867],[139.724603,37.836642],[139.725065,37.836351],[139.725178,37.836318],[139.725315,37.836284],[139.72609,37.835718],[139.726553,37.835518],[139.727203,37.835401],[139.727503,37.835226],[139.727503,37.83491],[139.72744,37.834526],[139.727628,37.833876],[139.728003,37.83331],[139.728365,37.832951],[139.728615,37.83266],[139.72904,37.831977],[139.729265,37.83146],[139.729628,37.83101],[139.73009,37.830694],[139.730403,37.830602],[139.73099,37.830852],[139.731728,37.830877],[139.732552,37.830835],[139.73274,37.830785],[139.733177,37.830494],[139.73394,37.829886],[139.73434,37.829477],[139.734652,37.829236],[139.73474,37.829211],[139.735327,37.828869],[139.736065,37.828286],[139.736352,37.828011],[139.736502,37.827719],[139.736815,37.827494],[139.73724,37.826728],[139.737302,37.826569],[139.737552,37.826186],[139.73779,37.826011],[139.737827,37.825878],[139.738102,37.825494],[139.73844,37.825286],[139.738565,37.824569],[139.738565,37.823819],[139.738502,37.823503],[139.738527,37.823211],[139.739364,37.822269],[139.739789,37.821903],[139.740314,37.821544],[139.740902,37.820869],[139.740989,37.820686],[139.741277,37.820328],[139.741339,37.820303],[139.742039,37.820511],[139.742689,37.82067],[139.743302,37.820603],[139.743676,37.820603],[139.743889,37.82067],[139.744414,37.820761],[139.745064,37.820761],[139.745551,37.820828],[139.745864,37.820828],[139.746601,37.820737],[139.7467,37.820783],[139.747513,37.820753],[139.748226,37.820812],[139.749038,37.82097],[139.749863,37.82132],[139.750601,37.821512],[139.751875,37.821662],[139.753838,37.822045],[139.755012,37.822071],[139.755625,37.822246],[139.756312,37.822712],[139.757062,37.823296],[139.757387,37.823679],[139.757524,37.824146],[139.757937,37.82472],[139.758887,37.825137],[139.759636,37.825204],[139.760861,37.825637],[139.761536,37.825837],[139.762099,37.826212],[139.762848,37.826537],[139.763848,37.826803],[139.764361,37.826912],[139.76531,37.827153],[139.766148,37.827462],[139.766835,37.827803],[139.767448,37.828028],[139.768447,37.828478],[139.76926,37.828711],[139.77011,37.828636],[139.770935,37.828345],[139.771559,37.828453],[139.771672,37.828578],[139.771759,37.82912],[139.772122,37.829561],[139.772922,37.82992],[139.774047,37.830103],[139.774309,37.830128],[139.774909,37.830028],[139.775459,37.82987],[139.776284,37.829903],[139.776971,37.83012],[139.777246,37.830253],[139.778371,37.830511],[139.778971,37.831086],[139.779671,37.831561],[139.781096,37.831886],[139.782146,37.832061],[139.782921,37.832061],[139.783496,37.831653],[139.783821,37.830786],[139.784271,37.83027],[139.784896,37.829503],[139.785383,37.829045],[139.786008,37.828786],[139.786533,37.82837],[139.787508,37.827453],[139.788083,37.82677],[139.788521,37.825679],[139.788683,37.82547],[139.788896,37.82492],[139.788933,37.824145],[139.788883,37.823321],[139.789096,37.822804],[139.789358,37.822654],[139.790071,37.822146],[139.790683,37.821662],[139.791371,37.821396],[139.793221,37.820838],[139.793346,37.820763],[139.793446,37.820238],[139.793696,37.819563],[139.794371,37.81873],[139.794721,37.81793],[139.795583,37.817288],[139.797383,37.817171],[139.798308,37.816963],[139.799195,37.816846],[139.800345,37.816355],[139.801033,37.816105],[139.802195,37.815388],[139.803383,37.815163],[139.803283,37.814947],[139.802983,37.814589],[139.80272,37.814114],[139.802695,37.81343],[139.802995,37.81248],[139.803808,37.810731],[139.80387,37.810331],[139.803958,37.809289],[139.804133,37.808514],[139.804358,37.808089],[139.804283,37.807548],[139.804321,37.806906],[139.804058,37.805923],[139.804133,37.805448],[139.804621,37.805565],[139.805358,37.805315],[139.805671,37.805148],[139.806433,37.804806],[139.80802,37.803807],[139.80872,37.803457],[139.809345,37.803315],[139.81007,37.803282],[139.810495,37.803507],[139.811558,37.80369],[139.812445,37.803698],[139.813082,37.803865],[139.813445,37.804107],[139.813882,37.805265],[139.81417,37.805806],[139.814482,37.806098],[139.815232,37.806548],[139.815482,37.806773],[139.815707,37.807265],[139.816019,37.807698],[139.817432,37.808273],[139.817994,37.808689],[139.818369,37.809231],[139.818556,37.809698],[139.818669,37.809889],[139.819194,37.810156],[139.820031,37.810406],[139.820444,37.810764],[139.821143,37.811781],[139.821693,37.812264],[139.823268,37.812697],[139.824568,37.813372],[139.825005,37.813456],[139.82538,37.813272],[139.825718,37.812481],[139.82613,37.812147],[139.826468,37.812056],[139.826555,37.811997],[139.826755,37.812022],[139.826843,37.812106],[139.827405,37.813147],[139.828942,37.814122],[139.829692,37.81468],[139.830542,37.815114],[139.831367,37.815297],[139.833404,37.815647],[139.834404,37.815664],[139.835029,37.81543],[139.835654,37.814889],[139.836279,37.814522],[139.837029,37.814464],[139.837991,37.814697],[139.838254,37.814814],[139.838628,37.815239],[139.838991,37.815797],[139.839978,37.816497],[139.840428,37.816664],[139.841141,37.816655],[139.84164,37.817022],[139.842128,37.81753],[139.842603,37.818088],[139.843503,37.818955],[139.844465,37.81978],[139.845465,37.820172],[139.846265,37.820322],[139.846977,37.820521],[139.847665,37.820755],[139.849552,37.82113],[139.850164,37.821338],[139.850589,37.82163],[139.850714,37.822071],[139.851077,37.822871],[139.851639,37.823388],[139.852226,37.82373],[139.852451,37.82368],[139.853326,37.823663],[139.854064,37.824113],[139.854626,37.824821],[139.855264,37.825405],[139.855639,37.825871],[139.856051,37.826171],[139.857488,37.826629],[139.858351,37.826771],[139.859251,37.826504],[139.860163,37.826055],[139.861375,37.825605],[139.863563,37.824863],[139.864213,37.82443],[139.865063,37.823755],[139.865775,37.823322],[139.866713,37.822922],[139.867188,37.82253],[139.8675,37.822205],[139.867888,37.821922],[139.868125,37.821439],[139.868363,37.82058],[139.868638,37.819964],[139.868975,37.819464],[139.870525,37.819189],[139.871213,37.818172],[139.87155,37.817856],[139.871688,37.817853],[139.871725,37.817764],[139.87175,37.817497],[139.871913,37.817206],[139.872988,37.816681],[139.873462,37.816547],[139.874112,37.816547],[139.875575,37.817406],[139.875925,37.817472],[139.876262,37.817447],[139.876562,37.817089],[139.876612,37.816522],[139.876237,37.815123],[139.876037,37.814356],[139.875825,37.813681],[139.875925,37.813256],[139.876175,37.812939],[139.877112,37.812331],[139.877825,37.812015],[139.878575,37.81174],[139.878812,37.811156],[139.87885,37.810865],[139.878987,37.81039],[139.879775,37.809848],[139.880412,37.810115],[139.881375,37.810406],[139.882112,37.810773],[139.882837,37.810548],[139.883762,37.810315],[139.884674,37.810206],[139.885162,37.809915],[139.885799,37.80964],[139.886487,37.809007],[139.888087,37.810515],[139.888499,37.81074],[139.889124,37.810948],[139.889674,37.810765],[139.890936,37.810423],[139.891761,37.810307],[139.892586,37.81029],[139.892999,37.810448],[139.893861,37.810515],[139.894786,37.810265],[139.897486,37.810057],[139.898523,37.810082],[139.899136,37.81019],[139.899661,37.810957],[139.900073,37.811448],[139.900861,37.811898],[139.901498,37.812307],[139.902185,37.813182],[139.902735,37.813773],[139.904223,37.814148],[139.90516,37.814307],[139.907022,37.815257],[139.908047,37.815098],[139.908735,37.814915],[139.909285,37.814415],[139.90956,37.814215],[139.91046,37.813899],[139.91151,37.813849],[139.911997,37.813607],[139.912797,37.813965],[139.913785,37.814057],[139.91481,37.814007],[139.916284,37.81434],[139.916697,37.813849],[139.917634,37.813174],[139.918459,37.813349],[139.919672,37.81369],[139.920522,37.813482],[139.921759,37.813415],[139.922834,37.813257],[139.923772,37.813274],[139.924696,37.813415],[139.925421,37.813724],[139.925634,37.814265],[139.925309,37.814874],[139.925146,37.815548],[139.925359,37.816023],[139.926596,37.81699],[139.927071,37.817532],[139.927533,37.818207],[139.927758,37.818931],[139.928196,37.819448],[139.928121,37.81994],[139.927921,37.820081],[139.927533,37.820573],[139.927546,37.82114],[139.927683,37.821315],[139.928233,37.821631],[139.929471,37.821698],[139.930158,37.822123],[139.930233,37.822348],[139.930158,37.823098],[139.929795,37.823723],[139.929683,37.824539],[139.930045,37.825014],[139.930345,37.825481],[139.930095,37.825781],[139.929933,37.825797],[139.92952,37.825756],[139.929033,37.825889],[139.928445,37.825914],[139.927983,37.826006],[139.927708,37.826481],[139.927895,37.827172],[139.928283,37.827672],[139.930295,37.828664],[139.93112,37.829222],[139.93247,37.829697],[139.934057,37.828972],[139.936182,37.82863],[139.937057,37.82838],[139.937257,37.828289],[139.937282,37.828222],[139.937495,37.827664],[139.937857,37.827122],[139.938407,37.826556],[139.938732,37.825839],[139.939195,37.824281],[139.93972,37.823781],[139.94002,37.823173],[139.940157,37.822656],[139.940457,37.822231],[139.940932,37.821781],[139.941557,37.821531],[139.94242,37.821148],[139.943245,37.82049],[139.944007,37.819998],[139.944332,37.81984],[139.944832,37.819473],[139.945407,37.819115],[139.946982,37.818707],[139.94797,37.818298],[139.94832,37.818123],[139.948895,37.817282],[139.949482,37.81659],[139.950382,37.816315],[139.951569,37.816065],[139.952907,37.815657],[139.953294,37.815707],[139.954482,37.815682],[139.955332,37.815791],[139.955694,37.815749],[139.956432,37.815541],[139.957307,37.815049],[139.957582,37.814982],[139.957994,37.814707],[139.958407,37.813916],[139.958769,37.812616],[139.959782,37.811374],[139.959944,37.811033],[139.960082,37.810491],[139.959944,37.809166],[139.960219,37.808283],[139.960569,37.807583],[139.960932,37.807025],[139.961457,37.806617],[139.962169,37.806033],[139.962194,37.805742],[139.961832,37.805084],[139.961807,37.804767],[139.962057,37.80335],[139.961944,37.802626],[139.961507,37.801867],[139.960457,37.800959],[139.960094,37.800309],[139.959707,37.799251],[139.95957,37.798576],[139.959357,37.797926],[139.95952,37.797359],[139.959795,37.796818],[139.960145,37.795801],[139.96062,37.795351],[139.961107,37.794968],[139.96127,37.794476],[139.961682,37.79411],[139.961957,37.793951],[139.962507,37.79346],[139.963719,37.791952],[139.964369,37.79136],[139.965032,37.791044],[139.965719,37.791044],[139.966407,37.79091],[139.967344,37.79021],[139.968194,37.789019],[139.968682,37.788611],[139.968907,37.788044],[139.968819,37.787461],[139.967782,37.786153],[139.967582,37.785861],[139.967332,37.785094],[139.967282,37.784286],[139.967495,37.783586],[139.96807,37.783003],[139.96882,37.782345],[139.969532,37.781578],[139.969882,37.780953],[139.970132,37.780203],[139.97052,37.779595],[139.970957,37.779212],[139.971482,37.77917],[139.971832,37.779078],[139.971944,37.778654],[139.971919,37.778062],[139.972194,37.777662],[139.972682,37.77752],[139.973069,37.777362],[139.973257,37.776737],[139.973319,37.776037],[139.973369,37.775854],[139.973594,37.775721],[139.974519,37.775762],[139.975382,37.775879],[139.975894,37.775696],[139.976507,37.775129],[139.977132,37.774638],[139.977819,37.774321],[139.978144,37.774204],[139.978831,37.773804],[139.979056,37.773346],[139.978806,37.772813],[139.978669,37.77218],[139.978606,37.771505],[139.978394,37.771096],[139.978032,37.770763],[139.977894,37.77033],[139.978119,37.769747],[139.978357,37.768622],[139.978144,37.76803],[139.977869,37.767672],[139.977832,37.767513],[139.977919,37.766772],[139.978082,37.76628],[139.979157,37.765847],[139.980169,37.765214],[139.981131,37.765039],[139.981844,37.764764],[139.982719,37.764497],[139.983356,37.764222],[139.983706,37.763656],[139.984119,37.762781],[139.984456,37.762148],[139.984944,37.761606],[139.985881,37.760889],[139.986594,37.760481],[139.987281,37.760231],[139.988131,37.760165],[139.988956,37.760165],[139.989343,37.760073],[139.990131,37.759823],[139.991343,37.759348],[139.992581,37.758698],[139.993381,37.75919],[139.994093,37.759665],[139.99483,37.76009],[139.995268,37.760248],[139.995818,37.760315],[139.996368,37.760473],[139.996618,37.760607],[139.997003,37.760653],[139.997168,37.760715],[139.997705,37.760957],[139.99813,37.761198],[139.998793,37.761315],[139.998955,37.76124],[139.99938,37.76094],[140.000042,37.760123],[140.000492,37.75994],[140.00123,37.759715],[140.001767,37.75949],[140.002167,37.759532],[140.00348,37.760332],[140.004692,37.76079],[140.005417,37.761007],[140.005992,37.76144],[140.006704,37.761798],[140.007679,37.762548],[140.008291,37.762682],[140.008929,37.762632],[140.009254,37.76294],[140.009966,37.763873],[140.010304,37.763906],[140.010704,37.76339],[140.011329,37.762732],[140.012029,37.762173],[140.012666,37.761848],[140.013153,37.761915],[140.013916,37.762348],[140.014928,37.762698],[140.015903,37.76284],[140.016953,37.762907],[140.01889,37.761932],[140.019403,37.762032],[140.019878,37.762398],[140.02014,37.763007],[140.020165,37.763473],[140.020553,37.763857],[140.021302,37.764482],[140.021765,37.765106],[140.022477,37.765465],[140.02444,37.766223],[140.025289,37.766298],[140.026239,37.766223],[140.027177,37.766373],[140.028727,37.767265],[140.029176,37.767365],[140.030639,37.767606],[140.031226,37.76804],[140.03151,37.768042],[140.03206,37.767962],[140.032501,37.767848],[140.033051,37.767573],[140.033351,37.767482],[140.034263,37.767398],[140.035301,37.767373],[140.036776,37.76779],[140.037888,37.768282],[140.0388,37.76889],[140.039663,37.769523],[140.040538,37.770231],[140.041113,37.770898],[140.041713,37.771506],[140.042662,37.772106],[140.043537,37.772581],[140.044437,37.772856],[140.044662,37.77304],[140.044825,37.773731],[140.044837,37.774281],[140.0453,37.774939],[140.046449,37.776273],[140.047362,37.777581],[140.047737,37.778489],[140.048499,37.779122],[140.049224,37.779031],[140.049924,37.779031],[140.050161,37.779072],[140.050824,37.779247],[140.051261,37.779472],[140.051861,37.779222],[140.052549,37.778664],[140.052924,37.778148],[140.053799,37.776223],[140.054361,37.775373],[140.054486,37.774773],[140.054161,37.774215],[140.054036,37.773365],[140.053761,37.772565],[140.053474,37.771907],[140.053349,37.771707],[140.053374,37.770965],[140.053724,37.770799],[140.055136,37.77089],[140.055449,37.770857],[140.057573,37.771324],[140.058523,37.771199],[140.059861,37.770532],[140.060123,37.770449],[140.060873,37.769882],[140.061898,37.769416],[140.062698,37.768974],[140.063723,37.767741],[140.063948,37.767724],[140.06466,37.767799],[140.06506,37.767574],[140.065335,37.766699],[140.065873,37.766233],[140.066073,37.765641],[140.066385,37.764941],[140.066935,37.764666],[140.06706,37.76465],[140.067085,37.764058],[140.06701,37.763483],[140.06756,37.761883],[140.067435,37.76125],[140.067373,37.760475],[140.067723,37.759734],[140.067985,37.75955],[140.068585,37.758976],[140.068873,37.758226],[140.069085,37.757926],[140.07006,37.757892],[140.071223,37.757884],[140.072223,37.757842],[140.073235,37.757692],[140.074622,37.757601],[140.075885,37.757593],[140.077047,37.757426],[140.078022,37.757093],[140.07876,37.756693],[140.080247,37.75611],[140.080597,37.75621],[140.080772,37.756401],[140.081447,37.756868],[140.082334,37.757409],[140.083284,37.757851],[140.084384,37.757984],[140.085421,37.758043],[140.086259,37.758035],[140.086746,37.75806],[140.086759,37.757968],[140.086571,37.757635],[140.086609,37.757126],[140.086996,37.756335],[140.087296,37.756018],[140.088021,37.755718],[140.088946,37.755193],[140.089584,37.754535],[140.089871,37.75411],[140.090209,37.752985],[140.090396,37.75251],[140.090709,37.752035],[140.091084,37.75156],[140.091596,37.75116],[140.092046,37.75086],[140.092609,37.750069],[140.093334,37.749869],[140.093984,37.749544],[140.095096,37.748511],[140.095796,37.747628],[140.096109,37.747153],[140.096184,37.746503],[140.096234,37.744261],[140.096296,37.744078],[140.096621,37.743678],[140.097121,37.743261],[140.098221,37.742578],[140.098484,37.742228],[140.098646,37.741362],[140.098796,37.740987],[140.099009,37.740703],[140.099284,37.740487],[140.099721,37.74032],[140.100271,37.740153],[140.100771,37.739903],[140.100934,37.739795],[140.101246,37.739478],[140.101496,37.738537],[140.101659,37.738195],[140.102271,37.737712],[140.102709,37.737445],[140.103184,37.73727],[140.103646,37.73717],[140.104008,37.737312],[140.104808,37.738162],[140.104896,37.73822],[140.105358,37.73837],[140.105821,37.738395],[140.106671,37.738262],[140.107796,37.73792],[140.109421,37.737487],[140.110146,37.737254],[140.112008,37.736179],[140.113558,37.735371],[140.114695,37.734688],[140.115358,37.734404],[140.115845,37.734321],[140.117308,37.734371],[140.119083,37.734563],[140.11992,37.734671],[140.120507,37.734671],[140.121357,37.734246],[140.121668,37.73415],[140.122145,37.734113],[140.12317,37.733954],[140.123907,37.733888],[140.125857,37.733838],[140.126744,37.733863],[140.127619,37.733946],[140.127757,37.734088],[140.128219,37.73478],[140.128969,37.735754],[140.129794,37.736288],[140.130806,37.736879],[140.132843,37.738163],[140.133781,37.738563],[140.135043,37.738746],[140.136368,37.738854],[140.137406,37.738854],[140.138318,37.738671],[140.140455,37.738105],[140.140593,37.738105],[140.14068,37.738238],[140.14043,37.738763],[140.140155,37.739529],[140.140243,37.740296],[140.14093,37.742363],[140.141367,37.742954],[140.14208,37.743629],[140.142992,37.744754],[140.143542,37.745521],[140.144042,37.746446],[140.145079,37.749412],[140.145442,37.750678],[140.145766,37.751462],[140.146016,37.752345],[140.146041,37.75277],[140.146216,37.75277],[140.146979,37.752612],[140.147729,37.75257],[140.149479,37.752837],[140.150279,37.752903],[140.150504,37.752945],[140.150554,37.752995],[140.150841,37.753003],[140.151066,37.753062],[140.151316,37.753137],[140.151891,37.753228],[140.152191,37.753228],[140.152428,37.753253],[140.152828,37.753287],[140.153291,37.753287],[140.153466,37.753312],[140.153903,37.753337],[140.154078,37.753404],[140.154278,37.753487],[140.154541,37.753604],[140.154703,37.753712],[140.154916,37.75382],[140.155028,37.753895],[140.155178,37.75397],[140.155328,37.754062],[140.155478,37.75417],[140.155616,37.754254],[140.155678,37.754312],[140.156228,37.75462],[140.156341,37.75467],[140.156478,37.754729],[140.156616,37.754779],[140.156766,37.754837],[140.156928,37.754887],[140.157128,37.754979],[140.157378,37.755087],[140.157553,37.755137],[140.157716,37.755195],[140.158078,37.755304],[140.158216,37.755379],[140.158578,37.755487],[140.158741,37.755529],[140.159078,37.755645],[140.159378,37.755754],[140.160041,37.756004],[140.160316,37.756079],[140.160453,37.756129],[140.160653,37.756187],[140.160765,37.756204],[140.160965,37.756279],[140.161078,37.756312],[140.161178,37.756354],[140.161278,37.756404],[140.161428,37.756512],[140.16154,37.756579],[140.16164,37.756579],[140.161765,37.756554],[140.161928,37.756529],[140.162015,37.756504],[140.16249,37.756579],[140.16314,37.75667],[140.163803,37.75667],[140.163915,37.756695],[140.16444,37.756745],[140.165228,37.756895],[140.165378,37.756937],[140.165553,37.75702],[140.16579,37.757054],[140.16619,37.757145],[140.166853,37.757162],[140.167128,37.757079],[140.16744,37.756954],[140.167603,37.756845],[140.16799,37.756662],[140.168215,37.756562],[140.168465,37.756412],[140.16869,37.756295],[140.168928,37.756145],[140.169203,37.756037],[140.169353,37.755987],[140.169778,37.755945],[140.17004,37.755904],[140.170315,37.755904],[140.170553,37.755862],[140.170703,37.755845],[140.17104,37.755879],[140.171215,37.755887],[140.171365,37.755887],[140.171652,37.755871],[140.171877,37.755946],[140.172077,37.755929],[140.172527,37.755929],[140.172765,37.755996],[140.173315,37.756062],[140.173852,37.756162],[140.174265,37.756229],[140.174952,37.756271],[140.17544,37.756279],[140.17624,37.756354],[140.176765,37.756387],[140.177115,37.756471],[140.17744,37.756437],[140.178002,37.756404],[140.178552,37.756404],[140.179139,37.756362],[140.179689,37.756337],[140.180189,37.756196],[140.180639,37.756096],[140.180939,37.755987],[140.181689,37.755812],[140.182414,37.755587],[140.183064,37.755354],[140.183452,37.755262],[140.183964,37.755179],[140.184464,37.755037],[140.185139,37.754804],[140.185714,37.754612],[140.186501,37.754346],[140.186976,37.754154],[140.187226,37.754071],[140.187501,37.753954],[140.187651,37.753888],[140.187751,37.753829],[140.187851,37.753854],[140.188101,37.753938],[140.188289,37.754004],[140.188439,37.754071],[140.188714,37.754096],[140.188976,37.754121],[140.189214,37.754063],[140.189551,37.753938],[140.189814,37.753813],[140.190026,37.753663],[140.190189,37.753546],[140.190363,37.753463],[140.190551,37.753338],[140.190688,37.753254],[140.190913,37.753196],[140.191201,37.753138],[140.191413,37.753104],[140.191688,37.753096],[140.191863,37.753113],[140.192013,37.753096],[140.192201,37.753113],[140.192413,37.753163],[140.192676,37.753188],[140.192938,37.753221],[140.193126,37.753205],[140.193376,37.753155],[140.193738,37.753163],[140.194026,37.753171],[140.194626,37.753188],[140.194938,37.75323],[140.195125,37.75323],[140.195463,37.753238],[140.195575,37.753221],[140.195738,37.753213],[140.195975,37.753188],[140.19615,37.75318],[140.196375,37.753188],[140.196475,37.753171],[140.196575,37.753171],[140.196688,37.75313],[140.1968,37.753071],[140.1969,37.753021],[140.196975,37.753005],[140.197775,37.752788],[140.1986,37.752763],[140.199512,37.75278],[140.200025,37.752672],[140.200137,37.751905],[140.200275,37.751272],[140.200525,37.750663],[140.202312,37.74938],[140.203962,37.748114],[140.204474,37.74778],[140.204887,37.747572],[140.205549,37.747864],[140.206399,37.748564],[140.207062,37.748897],[140.207674,37.748897],[140.208086,37.748722],[140.209124,37.748514],[140.209899,37.748422],[140.210974,37.748106],[140.212374,37.747923],[140.213524,37.747989],[140.214511,37.748214],[140.215424,37.748189],[140.215786,37.748081],[140.217536,37.746998],[140.218524,37.74634],[140.219486,37.74589],[140.220623,37.745848],[140.221111,37.745957],[140.222273,37.746498],[140.223511,37.746582],[140.225048,37.746448],[140.226361,37.746407],[140.227598,37.746173],[140.228123,37.745998],[140.22931,37.745657],[140.23041,37.745749],[140.23181,37.745899],[140.23296,37.745857],[140.23396,37.745899],[140.234835,37.745899],[140.235797,37.74594],[140.236572,37.746299],[140.237147,37.746507],[140.237285,37.746549],[140.237584,37.746799],[140.237947,37.747249],[140.238847,37.74824],[140.240209,37.750649],[140.240346,37.75119],[140.240321,37.752023],[140.240059,37.753007],[140.240071,37.753048],[140.240096,37.753107],[140.240109,37.753207],[140.240134,37.753282],[140.240209,37.753432],[140.240346,37.753598],[140.240484,37.753723],[140.240634,37.753832],[140.240871,37.754032],[140.241084,37.754207],[140.241321,37.75439],[140.241784,37.754682],[140.242059,37.754873],[140.242321,37.755115],[140.242533,37.755415],[140.242758,37.75579],[140.242871,37.756006],[140.243196,37.756323],[140.243458,37.756523],[140.243721,37.75674],[140.243871,37.756865],[140.243996,37.757115],[140.244133,37.757415],[140.244221,37.757656],[140.244271,37.757923],[140.244321,37.758181],[140.244383,37.758406],[140.244533,37.758548],[140.244795,37.758715],[140.245108,37.758873],[140.245483,37.759081],[140.24582,37.759223],[140.246083,37.759323],[140.246383,37.759481],[140.246655,37.759585],[140.24677,37.759656],[140.247933,37.75999],[140.24892,37.760348],[140.249195,37.760531],[140.249707,37.761173],[140.250307,37.761881],[140.250657,37.762123],[140.251732,37.762481],[140.252019,37.762698],[140.252219,37.762956],[140.252444,37.763339],[140.252619,37.763523],[140.252982,37.763664],[140.253382,37.763739],[140.253782,37.763864],[140.253907,37.763931],[140.254169,37.764173],[140.254532,37.764414],[140.254944,37.764581],[140.255106,37.764764],[140.255219,37.766023],[140.255331,37.766431],[140.255319,37.767397],[140.255294,37.767772],[140.255381,37.768106],[140.255869,37.768556],[140.256231,37.768847],[140.256843,37.769389],[140.257481,37.769772],[140.258343,37.770131],[140.259018,37.770356],[140.260056,37.770656],[140.260406,37.770822],[140.261068,37.771305],[140.26148,37.771764],[140.261755,37.772139],[140.26218,37.772539],[140.262668,37.77278],[140.262993,37.77298],[140.263255,37.773247],[140.26353,37.773714],[140.26358,37.773972],[140.263493,37.774255],[140.263268,37.774589],[140.26298,37.774905],[140.262768,37.775213],[140.262967,37.77558],[140.263242,37.775863],[140.263955,37.77638],[140.264342,37.776763],[140.264655,37.77713],[140.265242,37.777538],[140.265505,37.777797],[140.266092,37.778963],[140.266367,37.77918],[140.266779,37.779313],[140.267192,37.779538],[140.267879,37.780146],[140.268329,37.780296],[140.268629,37.780313],[140.269192,37.78028],[140.269954,37.780396],[140.272104,37.78043],[140.272429,37.780496],[140.273491,37.781005],[140.273691,37.781246],[140.274004,37.781438],[140.275166,37.781621],[140.276041,37.781538],[140.276253,37.781613],[140.276466,37.781888],[140.276903,37.782546],[140.277278,37.783021],[140.277478,37.783205],[140.277791,37.78398],[140.278353,37.784629],[140.278328,37.784913],[140.278028,37.785138],[140.277866,37.785213],[140.277541,37.785488],[140.277366,37.785754],[140.277191,37.786154],[140.276941,37.787146],[140.276916,37.787562],[140.276965,37.787704],[140.277365,37.787746],[140.277903,37.787871],[140.27849,37.788137],[140.278953,37.788437],[140.279678,37.789129],[140.279928,37.789479],[140.28014,37.790162],[140.28039,37.790412],[140.281302,37.790971],[140.28199,37.791537],[140.282277,37.791854],[140.28244,37.792154],[140.282577,37.792495],[140.28259,37.793362],[140.28214,37.794728],[140.282052,37.795062],[140.28199,37.796012],[140.281827,37.796512],[140.281852,37.796762],[140.28209,37.797153],[140.282202,37.797511],[140.282177,37.79802],[140.282414,37.798286],[140.283352,37.798795],[140.283952,37.799386],[140.284902,37.799745],[140.285527,37.800161],[140.286276,37.800711],[140.286601,37.800853],[140.287864,37.800753],[140.288539,37.80082],[140.289776,37.801078],[140.290076,37.801111],[140.290339,37.801228],[140.290626,37.801811],[140.290839,37.802519],[140.291163,37.803061],[140.291838,37.803644],[140.292201,37.804061],[140.292576,37.804136],[140.293263,37.804161],[140.293676,37.804261],[140.294438,37.804586],[140.29515,37.805102],[140.2956,37.805686],[140.295963,37.805852],[140.296425,37.805977],[140.296938,37.806244],[140.297413,37.806369],[140.297563,37.806436],[140.29785,37.806761],[140.298188,37.807036],[140.298438,37.807152],[140.298638,37.807336],[140.298775,37.807661],[140.298863,37.808044],[140.298738,37.808527],[140.2986,37.808769],[140.298275,37.808994],[140.298,37.809127],[140.29775,37.809185],[140.297338,37.809102],[140.297038,37.809194],[140.296638,37.809452],[140.2961,37.809894],[140.29595,37.810177],[140.2959,37.810369],[140.295988,37.810952],[140.295963,37.811035],[140.295788,37.811143],[140.295413,37.811227],[140.294588,37.811068],[140.294263,37.811043],[140.293938,37.811152],[140.293575,37.811418],[140.2934,37.811652],[140.293275,37.81196],[140.293288,37.81221],[140.293588,37.813018],[140.293638,37.813493],[140.2934,37.813826],[140.2931,37.814068],[140.292025,37.81466],[140.291475,37.815051],[140.29115,37.815168],[140.2908,37.815243],[140.290475,37.815259],[140.290188,37.815226],[140.289738,37.815093],[140.289213,37.814893],[140.288551,37.81456],[140.288163,37.814093],[140.287826,37.813993],[140.287426,37.814051],[140.287163,37.814235],[140.286976,37.814626],[140.286851,37.815034],[140.286713,37.815293],[140.286451,37.815559],[140.286188,37.815651],[140.285326,37.815484],[140.285126,37.815526],[140.285038,37.815643],[140.285001,37.815793],[140.285301,37.816084],[140.285251,37.816226],[140.284838,37.816601],[140.284676,37.816826],[140.284451,37.816992],[140.284063,37.817109],[140.283126,37.817584],[140.282851,37.817809],[140.282576,37.818176],[140.282351,37.818409],[140.282076,37.818542],[140.281414,37.818642],[140.280939,37.818867],[140.280214,37.819367],[140.279951,37.8196],[140.279914,37.8196],[140.279839,37.819892],[140.279864,37.8202],[140.279814,37.820292],[140.279576,37.820425],[140.279114,37.82075],[140.278801,37.820775],[140.278539,37.820925],[140.278251,37.821183],[140.278139,37.821167],[140.277714,37.820959],[140.277376,37.820967],[140.276876,37.821192],[140.276614,37.821183],[140.276214,37.821],[140.275889,37.8209],[140.275601,37.820884],[140.275302,37.820975],[140.275027,37.821117],[140.274714,37.821333],[140.274414,37.821617],[140.274102,37.822017],[140.273989,37.822108],[140.272952,37.822508],[140.272427,37.822842],[140.272277,37.822992],[140.271664,37.8233],[140.271352,37.823491],[140.271014,37.823633],[140.270602,37.823666],[140.270202,37.82365],[140.269839,37.823708],[140.269452,37.823841],[140.269127,37.8239],[140.268889,37.824141],[140.268889,37.824266],[140.269077,37.824816],[140.269227,37.825383],[140.269177,37.825516],[140.268339,37.825566],[140.267927,37.825574],[140.267615,37.825666],[140.267502,37.825733],[140.267402,37.826024],[140.267377,37.826374],[140.26729,37.826758],[140.267177,37.827016],[140.266877,37.827399],[140.265902,37.828232],[140.265765,37.828582],[140.26574,37.828866],[140.26564,37.829116],[140.26524,37.829757],[140.265052,37.830274],[140.264902,37.830515],[140.263677,37.831674],[140.263202,37.832323],[140.26274,37.833207],[140.262327,37.834223],[140.26229,37.83459],[140.262327,37.83494],[140.26249,37.835331],[140.262927,37.835831],[140.263027,37.836006],[140.263041,37.836293],[140.262953,37.836507],[140.262652,37.836848],[140.262602,37.836948],[140.262802,37.837348],[140.263352,37.837739],[140.263952,37.838056],[140.265114,37.838748],[140.265227,37.839006],[140.264852,37.839164],[140.263889,37.839431],[140.263402,37.839614],[140.262402,37.840239],[140.262165,37.840581],[140.262365,37.841056],[140.262589,37.841747],[140.262902,37.84228],[140.263427,37.842564],[140.263864,37.843014],[140.265389,37.844139],[140.266339,37.845047],[140.266601,37.845722],[140.266801,37.846422],[140.267289,37.847705],[140.267214,37.847838],[140.266651,37.84818],[140.266189,37.848738],[140.265964,37.84953],[140.265876,37.850579],[140.266051,37.851263],[140.266389,37.852021],[140.266451,37.852904],[140.266389,37.853271],[140.266126,37.854087],[140.265439,37.854646],[140.265389,37.854954],[140.265764,37.855212],[140.266901,37.855537],[140.267264,37.856295],[140.267513,37.85727],[140.267163,37.857729],[140.266914,37.857845],[140.265739,37.858828],[140.265464,37.859687],[140.265589,37.860387],[140.265464,37.861878],[140.265801,37.862611],[140.266351,37.863328],[140.267226,37.864103],[140.267838,37.864919],[140.268251,37.865186],[140.269113,37.865211],[140.269576,37.865403],[140.269676,37.865569],[140.269876,37.866203],[140.269951,37.866961],[140.269601,37.867711],[140.269388,37.868669],[140.269588,37.869569],[140.269513,37.869952],[140.268701,37.870852],[140.268588,37.871027],[140.268688,37.871419],[140.268976,37.872094],[140.269175,37.87286],[140.269088,37.873369],[140.26945,37.87391],[140.269813,37.874278],[140.269875,37.874293],[140.2699,37.874352],[140.2698,37.874602],[140.268775,37.87586],[140.268201,37.876727],[140.267626,37.87746],[140.267101,37.877676],[140.266413,37.878018],[140.265676,37.87846],[140.265351,37.879026],[140.265001,37.879459],[140.265013,37.879843],[140.265113,37.880418],[140.265026,37.880943],[140.265101,37.881818],[140.265163,37.882093],[140.265488,37.882817],[140.265751,37.883259],[140.265163,37.884001],[140.265063,37.884309],[140.264888,37.885175],[140.2648,37.885909],[140.264875,37.886109],[140.265088,37.886259],[140.26645,37.886117],[140.26665,37.886117],[140.267075,37.886309],[140.267375,37.886709],[140.267338,37.887175],[140.267113,37.887559],[140.26645,37.888334],[140.266225,37.888833],[140.2663,37.888975],[140.267163,37.889108],[140.2689,37.889517],[140.270562,37.8904],[140.270512,37.890883],[140.270175,37.891333],[140.269987,37.892025],[140.269775,37.892516],[140.269,37.893833],[140.26855,37.894375],[140.268537,37.894916],[140.268362,37.895333],[140.267762,37.895658],[140.267587,37.895724],[140.267312,37.896183],[140.26705,37.896841],[140.267412,37.898399],[140.267387,37.898974],[140.267212,37.899107],[140.266625,37.899274],[140.266062,37.899932],[140.266012,37.901032],[140.265775,37.901699],[140.265387,37.902424],[140.265325,37.903074],[140.265425,37.903682],[140.265687,37.904507],[140.265437,37.905223],[140.265187,37.905707],[140.264787,37.906248],[140.2645,37.909123],[140.264662,37.909523],[140.265124,37.910173],[140.265024,37.910464],[140.264587,37.911089],[140.264499,37.912048],[140.264699,37.912189],[140.265287,37.912497],[140.265837,37.912856],[140.266324,37.913272],[140.266387,37.913931],[140.266287,37.914156],[140.266087,37.915814],[140.266224,37.916389],[140.266449,37.916939],[140.267087,37.917647],[140.267124,37.917739],[140.268511,37.918472],[140.269211,37.918905],[140.269924,37.919138],[140.270636,37.919188],[140.271286,37.919413],[140.271574,37.919605],[140.271824,37.919655],[140.271921,37.919741],[140.271961,37.919838],[140.272124,37.919997],[140.272286,37.920672],[140.272511,37.921213],[140.272898,37.921755],[140.273723,37.922788],[140.273773,37.923171],[140.27396,37.923779],[140.274098,37.924046],[140.27501,37.924788],[140.275698,37.925471],[140.27661,37.926571],[140.276635,37.927137],[140.27586,37.927745],[140.275722,37.928237],[140.275947,37.928512],[140.278284,37.92997],[140.278359,37.930403],[140.278309,37.930986],[140.278447,37.93162],[140.278472,37.932336],[140.278859,37.933036],[140.279222,37.933461],[140.279297,37.933711],[140.278834,37.934436],[140.278809,37.934727],[140.278834,37.935786],[140.278696,37.936486],[140.278696,37.937269],[140.278396,37.937835],[140.278309,37.938485],[140.278146,37.939302],[140.278196,37.939394],[140.279246,37.939552],[140.279434,37.939685],[140.279984,37.94036],[140.280509,37.94081],[140.280983,37.941302],[140.280896,37.941593],[140.279134,37.942293],[140.278234,37.942993],[140.277821,37.94336],[140.277546,37.943902],[140.277621,37.944576],[140.277521,37.945276],[140.275296,37.947368],[140.275896,37.947868],[140.276534,37.948451],[140.277408,37.949934],[140.277496,37.950751],[140.277433,37.951559],[140.277633,37.952193],[140.277958,37.952551],[140.277933,37.952892],[140.276921,37.953792],[140.276283,37.954042],[140.276171,37.954151],[140.276096,37.954784],[140.276171,37.956475],[140.275933,37.956859],[140.275758,37.9569],[140.275108,37.956992],[140.273259,37.956842],[140.273121,37.957225],[140.272709,37.957675],[140.272271,37.958325],[140.272571,37.959292],[140.272196,37.9606],[140.272246,37.961866],[140.272296,37.962566],[140.272496,37.963308],[140.272383,37.963666],[140.271996,37.964208],[140.271833,37.964908],[140.271946,37.965741],[140.271721,37.966191],[140.271283,37.966624],[140.271346,37.966982],[140.271446,37.967207],[140.271646,37.967816],[140.271858,37.968199],[140.272271,37.968649],[140.272908,37.969974],[140.27332,37.970699],[140.273708,37.971015],[140.274195,37.97124],[140.27447,37.971415],[140.27497,37.971932],[140.275658,37.972365],[140.275745,37.972724],[140.275633,37.973332],[140.275683,37.973915],[140.276157,37.97464],[140.276845,37.975223],[140.277557,37.975715],[140.278195,37.976057],[140.279894,37.976665],[140.280932,37.975807],[140.281457,37.975423],[140.282282,37.975057],[140.282557,37.974832],[140.283244,37.974065],[140.283707,37.97344],[140.284182,37.97314],[140.286794,37.972732],[140.288144,37.972624],[140.289069,37.972482],[140.290119,37.972349],[140.290781,37.972007],[140.291494,37.971691],[140.291544,37.971541],[140.291606,37.970949],[140.291544,37.970524],[140.291881,37.970391],[140.292231,37.970408],[140.293119,37.970316],[140.294206,37.970291],[140.295669,37.970433],[140.296744,37.970316],[140.297868,37.969908],[140.300231,37.969591],[140.302243,37.969116],[140.302293,37.969074],[140.302318,37.968866],[140.302756,37.968058],[140.303918,37.967675],[140.304606,37.967308],[140.305531,37.966883],[140.306693,37.96645],[140.307131,37.966025],[140.307731,37.965683],[140.308343,37.965033],[140.308418,37.96395],[140.308556,37.963658],[140.309543,37.964108],[140.310156,37.964242],[140.310231,37.964058],[140.310918,37.964042],[140.31128,37.964125],[140.312293,37.964083],[140.31323,37.96435],[140.314105,37.964467],[140.314743,37.964034],[140.315068,37.963292],[140.31548,37.962659],[140.315505,37.961942],[140.315118,37.961175],[140.31493,37.960659],[140.314905,37.960042],[140.315093,37.959392],[140.315155,37.958917],[140.315455,37.958717],[140.316055,37.958376],[140.316718,37.958109],[140.317568,37.958242],[140.31848,37.958334],[140.319542,37.958826],[140.32043,37.958892],[140.32213,37.958168],[140.324542,37.958009],[140.325979,37.958684],[140.326392,37.958843],[140.328204,37.958593],[140.328567,37.958393],[140.329192,37.957801],[140.329654,37.956793],[140.330291,37.955976],[140.331054,37.955343],[140.331554,37.954735],[140.332079,37.953743],[140.332379,37.952885],[140.332754,37.952327],[140.333391,37.951827],[140.334079,37.951494],[140.334466,37.951627],[140.335016,37.95241],[140.335229,37.953785],[140.335616,37.95471],[140.335978,37.95521],[140.337241,37.954643],[140.338428,37.954194],[140.340266,37.953377],[140.340891,37.953127],[140.341303,37.952544],[140.342053,37.951736],[140.343228,37.951419],[140.344515,37.951261],[140.345928,37.951119],[140.34724,37.950777],[140.348115,37.950378],[140.349002,37.950078],[140.349765,37.950169],[140.351165,37.950236],[140.352239,37.950778],[140.353089,37.951294],[140.353777,37.951228],[140.354552,37.951478],[140.355464,37.951878],[140.355902,37.952194],[140.355814,37.952553],[140.355052,37.953186],[140.354614,37.953727],[140.353564,37.954427],[140.353514,37.954836],[140.354139,37.955261],[140.354589,37.956002],[140.354976,37.957785],[140.355389,37.957919],[140.356514,37.958094],[140.358688,37.958952],[140.359726,37.958952],[140.361101,37.958836],[140.362038,37.958877],[140.362563,37.958677],[140.364125,37.958719],[140.365,37.958452],[140.36555,37.958044],[140.366125,37.957369],[140.366463,37.957119],[140.368025,37.957119],[140.368825,37.956961],[140.3694,37.956778],[140.369862,37.956778],[140.370612,37.957044],[140.370687,37.957028],[140.371437,37.956486],[140.371636,37.956232],[140.372187,37.955686],[140.372662,37.955378],[140.373312,37.955228],[140.374399,37.95482],[140.374949,37.954695],[140.375762,37.954645],[140.380136,37.953787],[140.382173,37.953187],[140.383223,37.95307],[140.383748,37.952787],[140.384473,37.952262],[140.385348,37.952837],[140.385548,37.953187],[140.385523,37.953612],[140.385436,37.953679],[140.384598,37.954029],[140.384498,37.954387],[140.384673,37.955237],[140.384923,37.955337],[140.38546,37.955478],[140.38561,37.95572],[140.385448,37.956562],[140.385773,37.957962],[140.38581,37.958687],[140.385623,37.959261],[140.385485,37.960595],[140.38536,37.96092],[140.385198,37.961728],[140.385273,37.962478],[140.385773,37.963836],[140.385547,37.965186],[140.385635,37.965394],[140.386035,37.965919],[140.386835,37.967294],[140.388085,37.968986],[140.388397,37.969435],[140.388747,37.969577],[140.389359,37.969869],[140.389947,37.970244],[140.390597,37.97051],[140.391222,37.97066],[140.392022,37.971119],[140.392422,37.971602],[140.392872,37.972277],[140.393434,37.97281],[140.394159,37.973085],[140.395046,37.973335],[140.395771,37.973627],[140.396659,37.973902],[140.397521,37.974219],[140.398133,37.974394],[140.398708,37.974444],[140.400621,37.974352],[140.401583,37.974244],[140.403708,37.973869],[140.40477,37.973777],[140.407383,37.973661],[140.40762,37.973277],[140.407833,37.972719],[140.407883,37.972152],[140.407633,37.971503],[140.407395,37.971019],[140.407708,37.970419],[140.408095,37.969811],[140.407795,37.96812],[140.407758,37.967186],[140.40782,37.96692],[140.408533,37.96582],[140.409108,37.964445],[140.409083,37.964353],[140.409108,37.964062],[140.409458,37.96367],[140.410458,37.963453],[140.411908,37.963395],[140.413033,37.963537],[140.413783,37.963554],[140.414083,37.963462],[140.414857,37.963095],[140.415257,37.962587],[140.41582,37.962237],[140.41682,37.961762],[140.417807,37.961521],[140.418445,37.961404],[140.419919,37.960929],[140.420882,37.960388],[140.421044,37.959929],[140.421344,37.959413],[140.421757,37.958963],[140.422469,37.958654],[140.423194,37.95823],[140.423719,37.957696],[140.424357,37.95688],[140.425006,37.956447],[140.426481,37.95588],[140.428144,37.955388],[140.428944,37.954572],[140.429443,37.95443],[140.430331,37.954597],[140.431243,37.954439],[140.431893,37.95418],[140.433006,37.953947],[140.434268,37.953914],[140.436655,37.954089],[140.438118,37.954106],[140.439005,37.954272],[140.440205,37.955039],[140.441118,37.955364],[140.44178,37.955731],[140.443568,37.956247],[140.444118,37.956597],[140.444717,37.956906],[140.445405,37.956114],[140.446017,37.955281],[140.446455,37.954514],[140.44718,37.952998],[140.447417,37.951931],[140.44773,37.951256],[140.448117,37.950881],[140.448967,37.950806],[140.449317,37.950856],[140.450292,37.951073],[140.451167,37.951081],[140.452017,37.950773],[140.45283,37.950856],[140.45388,37.950723],[140.454717,37.950415],[140.455505,37.950357],[140.456242,37.950498],[140.456554,37.950657],[140.457317,37.951173],[140.458642,37.951565],[140.459879,37.951881],[140.461492,37.952565],[140.461717,37.952465],[140.461842,37.952273],[140.462054,37.951715],[140.462492,37.951507],[140.463492,37.950815],[140.464129,37.950298],[140.464854,37.949923],[140.465529,37.949424],[140.466042,37.949165],[140.468266,37.949024],[140.468666,37.948674],[140.470341,37.947749],[140.470829,37.947432],[140.471554,37.947357],[140.474104,37.946924],[140.474513,37.946876],[140.474757,37.946819],[140.474829,37.946782],[140.474816,37.946674],[140.474504,37.946241],[140.474041,37.945799],[140.473116,37.945024],[140.472441,37.944382],[140.471691,37.943391],[140.470967,37.942024],[140.470404,37.941549],[140.469179,37.940766],[140.468617,37.940025],[140.468367,37.938808],[140.468092,37.93855],[140.467579,37.938258],[140.467492,37.938108],[140.467542,37.93795],[140.467904,37.937425],[140.468067,37.93725],[140.468542,37.936608],[140.468692,37.935933],[140.468654,37.935692],[140.468267,37.934817],[140.468017,37.934058],[140.467892,37.933217],[140.467929,37.933017],[140.467892,37.932209],[140.468017,37.931592],[140.468667,37.931009],[140.468742,37.930792],[140.468754,37.930259],[140.468917,37.929917],[140.469354,37.929517],[140.469454,37.928876],[140.469217,37.928317],[140.468842,37.927759],[140.468592,37.927317],[140.468655,37.926717],[140.46898,37.926176],[140.46913,37.925784],[140.46898,37.925209],[140.468467,37.924343],[140.468317,37.923876],[140.46833,37.923684],[140.46848,37.923118],[140.468742,37.922551],[140.469655,37.921293],[140.469705,37.920968],[140.469642,37.920635],[140.469305,37.920076],[140.469367,37.91966],[140.46963,37.919585],[140.470055,37.919468],[140.470105,37.919401],[140.469992,37.919135],[140.469905,37.919018],[140.469617,37.918793],[140.469505,37.918593],[140.46948,37.918235],[140.469592,37.917968],[140.470205,37.916902],[140.47063,37.916452],[140.471005,37.916093],[140.47103,37.915843],[140.470993,37.915668],[140.47108,37.914968],[140.471193,37.914785],[140.47148,37.91456],[140.471705,37.914427],[140.471818,37.914294],[140.471893,37.913727],[140.472093,37.913302],[140.472493,37.912894],[140.472693,37.912644],[140.472743,37.912485],[140.472718,37.912244],[140.47283,37.911902],[140.47308,37.911652],[140.473705,37.911335],[140.474193,37.911027],[140.474418,37.910819],[140.475068,37.909919],[140.475405,37.909177],[140.475455,37.908969],[140.476155,37.907553],[140.476305,37.907394],[140.476468,37.907128],[140.476605,37.907011],[140.476955,37.906853],[140.47758,37.906653],[140.477942,37.906494],[140.478342,37.906286],[140.479342,37.905861],[140.479955,37.905295],[140.480267,37.905003],[140.480842,37.904636],[140.481467,37.904303],[140.482055,37.904078],[140.482655,37.90387],[140.482967,37.90367],[140.483055,37.90342],[140.483017,37.902387],[140.482992,37.902203],[140.483042,37.901912],[140.48313,37.901803],[140.483492,37.90162],[140.48418,37.90157],[140.48443,37.901545],[140.484692,37.901437],[140.48543,37.900962],[140.486792,37.900395],[140.487442,37.90012],[140.487779,37.89992],[140.488042,37.899695],[140.488154,37.899629],[140.488379,37.899562],[140.488717,37.899487],[140.489092,37.89947]]],"type":"Polygon"},"type":"Feature"}]}