{"features":[{"type":"Feature","geometry":{"coordinates":[[[141.513729,39.240761],[141.514016,39.240852],[141.515141,39.240786],[141.515578,39.240869],[141.515891,39.241069],[141.516116,39.241319],[141.516053,39.241527],[141.515153,39.242011],[141.514928,39.242252],[141.515003,39.242535],[141.515841,39.244219],[141.516191,39.24516],[141.516403,39.24561],[141.516878,39.246052],[141.517253,39.246177],[141.517616,39.246185],[141.518178,39.24616],[141.518803,39.246177],[141.51909,39.246293],[141.519228,39.246477],[141.51939,39.246885],[141.519428,39.247268],[141.519565,39.247852],[141.519653,39.247935],[141.519915,39.247935],[141.520165,39.248035],[141.520378,39.24826],[141.520678,39.248485],[141.520965,39.248552],[141.521328,39.24851],[141.521865,39.248352],[141.52219,39.248085],[141.52229,39.247735],[141.522415,39.247568],[141.522753,39.247393],[141.523103,39.247035],[141.523315,39.246677],[141.523515,39.246152],[141.523528,39.245419],[141.52374,39.24531],[141.524303,39.24531],[141.524665,39.245444],[141.524853,39.245494],[141.525877,39.245177],[141.52634,39.245144],[141.527127,39.245269],[141.528265,39.245186],[141.528865,39.245169],[141.529727,39.245561],[141.530165,39.245686],[141.530815,39.245761],[141.531115,39.245852],[141.531177,39.245902],[141.531377,39.245944],[141.531652,39.245894],[141.531789,39.245744],[141.532389,39.245227],[141.532452,39.245119],[141.533002,39.244502],[141.533602,39.244311],[141.534002,39.244352],[141.534714,39.244194],[141.535089,39.244194],[141.535177,39.244169],[141.535639,39.244319],[141.536089,39.244503],[141.536439,39.244544],[141.536889,39.244103],[141.537189,39.243978],[141.537639,39.243953],[141.538501,39.244036],[141.538876,39.243894],[141.539339,39.243794],[141.539889,39.243803],[141.540289,39.243703],[141.540589,39.243444],[141.540826,39.243311],[141.540951,39.243328],[141.541101,39.243519],[141.541189,39.244303],[141.541664,39.245086],[141.541789,39.245569],[141.542139,39.245628],[141.542514,39.245636],[141.543026,39.245678],[141.543188,39.245744],[141.543476,39.245953],[141.544113,39.246478],[141.544251,39.246811],[141.544301,39.247111],[141.545188,39.248544],[141.545613,39.249102],[141.546426,39.249969],[141.546726,39.250144],[141.547088,39.250286],[141.5483,39.250452],[141.549313,39.250802],[141.550188,39.251011],[141.5508,39.251019],[141.55125,39.250936],[141.5519,39.250702],[141.5523,39.250511],[141.552388,39.250502],[141.55295,39.250752],[141.553525,39.250961],[141.5544,39.251411],[141.554787,39.251852],[141.555025,39.252036],[141.555912,39.252169],[141.55615,39.252236],[141.5564,39.252386],[141.556687,39.252819],[141.556662,39.252877],[141.55665,39.253019],[141.556675,39.253519],[141.5568,39.253835],[141.556962,39.254085],[141.557175,39.254219],[141.55765,39.254294],[141.557912,39.254435],[141.55805,39.25496],[141.558412,39.25561],[141.558787,39.256085],[141.559324,39.25661],[141.559412,39.25676],[141.559887,39.257927],[141.560037,39.258118],[141.560662,39.258602],[141.561937,39.259735],[141.562174,39.259868],[141.562849,39.259877],[141.563286,39.260085],[141.564049,39.259985],[141.564499,39.25996],[141.565299,39.260093],[141.565624,39.259927],[141.566749,39.259243],[141.567161,39.259202],[141.567561,39.259218],[141.567998,39.259285],[141.568561,39.259435],[141.568873,39.259618],[141.569123,39.25996],[141.569648,39.259893],[141.569773,39.259952],[141.569998,39.260277],[141.570348,39.26041],[141.571136,39.26031],[141.571873,39.260452],[141.572148,39.260402],[141.572898,39.260102],[141.573435,39.259777],[141.573735,39.259477],[141.573973,39.259069],[141.57426,39.258719],[141.574485,39.25861],[141.57631,39.25816],[141.576798,39.258085],[141.577285,39.258069],[141.577423,39.258002],[141.577648,39.257794],[141.57766,39.257544],[141.577473,39.257211],[141.577073,39.256869],[141.576848,39.256644],[141.576885,39.256502],[141.576998,39.256277],[141.577423,39.256011],[141.578635,39.255602],[141.578922,39.255411],[141.57931,39.255019],[141.57971,39.254461],[141.579835,39.254078],[141.579822,39.253919],[141.579697,39.253753],[141.579622,39.253586],[141.579523,39.253111],[141.579398,39.252986],[141.579185,39.252878],[141.579085,39.252478],[141.579098,39.252153],[141.579335,39.251986],[141.579673,39.25182],[141.58006,39.251561],[141.580323,39.251328],[141.580772,39.25077],[141.58101,39.250328],[141.581472,39.250178],[141.582422,39.249995],[141.582772,39.250045],[141.583172,39.250178],[141.584447,39.250661],[141.584822,39.25067],[141.585197,39.250603],[141.585735,39.250453],[141.586072,39.25032],[141.586122,39.250178],[141.585497,39.249412],[141.585485,39.249303],[141.585572,39.248987],[141.586422,39.24807],[141.587222,39.247354],[141.587722,39.246762],[141.588122,39.246537],[141.588622,39.246562],[141.589659,39.246762],[141.589922,39.246779],[141.589959,39.246754],[141.589897,39.246354],[141.589959,39.246237],[141.590072,39.24617],[141.590309,39.246112],[141.590947,39.246121],[141.591109,39.246054],[141.591259,39.245421],[141.591434,39.245212],[141.591534,39.245146],[141.591884,39.245054],[141.592272,39.245012],[141.592472,39.244912],[141.592634,39.244746],[141.592959,39.244112],[141.593309,39.243571],[141.593947,39.243471],[141.594384,39.243488],[141.594634,39.243538],[141.595346,39.243929],[141.595484,39.244187],[141.595846,39.244396],[141.596071,39.244446],[141.596509,39.244704],[141.596934,39.245654],[141.597134,39.245929],[141.597671,39.246146],[141.599021,39.246204],[141.599321,39.246787],[141.599721,39.247329],[141.600021,39.247604],[141.600671,39.248262],[141.600983,39.248454],[141.601408,39.248637],[141.60237,39.249204],[141.603245,39.25002],[141.60357,39.250729],[141.603608,39.250945],[141.60337,39.251728],[141.603458,39.251862],[141.605033,39.252087],[141.605508,39.252128],[141.606008,39.252129],[141.606545,39.25207],[141.60767,39.251829],[141.60862,39.25172],[141.609357,39.251787],[141.60962,39.251712],[141.609945,39.251654],[141.610207,39.251654],[141.610807,39.251804],[141.610945,39.25177],[141.611307,39.251437],[141.611695,39.25087],[141.61207,39.250079],[141.61242,39.249471],[141.613082,39.249487],[141.613532,39.249454],[141.613969,39.249296],[141.614257,39.249221],[141.614619,39.249129],[141.615157,39.249121],[141.615869,39.249262],[141.616657,39.249296],[141.617219,39.249479],[141.617644,39.249654],[141.618294,39.249729],[141.618644,39.249812],[141.618906,39.249954],[141.619644,39.250579],[141.620506,39.250887],[141.620869,39.250962],[141.621119,39.250746],[141.621244,39.250562],[141.621444,39.250437],[141.621459,39.250413],[141.621556,39.250287],[141.621631,39.250071],[141.621844,39.249196],[141.622106,39.248971],[141.622394,39.248829],[141.622906,39.248754],[141.623744,39.248763],[141.623994,39.248696],[141.624431,39.248146],[141.624519,39.247946],[141.624806,39.247721],[141.625818,39.24758],[141.627193,39.247255],[141.627818,39.247155],[141.629318,39.247555],[141.629418,39.247613],[141.629543,39.247755],[141.62963,39.248788],[141.629718,39.249071],[141.62993,39.249238],[141.630805,39.249596],[141.63108,39.249788],[141.631368,39.250071],[141.631718,39.250529],[141.632055,39.250821],[141.632793,39.251013],[141.633168,39.251196],[141.633618,39.251488],[141.634067,39.251713],[141.63433,39.251938],[141.634517,39.252154],[141.634955,39.252171],[141.635042,39.252146],[141.635542,39.251838],[141.636517,39.251304],[141.637242,39.250746],[141.637567,39.250613],[141.637655,39.250613],[141.63813,39.250796],[141.638705,39.251096],[141.639105,39.25113],[141.63943,39.250971],[141.639555,39.250663],[141.639692,39.250471],[141.639867,39.250321],[141.640404,39.250063],[141.640917,39.249896],[141.642454,39.249655],[141.642867,39.249563],[141.643167,39.249297],[141.643917,39.248672],[141.644092,39.248447],[141.644292,39.247938],[141.644517,39.247605],[141.645154,39.247214],[141.646192,39.246747],[141.646742,39.246589],[141.647829,39.246522],[141.648329,39.246364],[141.649316,39.245972],[141.649879,39.245797],[141.651704,39.245381],[141.651904,39.245306],[141.652391,39.245064],[141.652529,39.245031],[141.654104,39.244864],[141.654979,39.244589],[141.655916,39.244197],[141.657104,39.243656],[141.658179,39.243089],[141.658429,39.243123],[141.659103,39.243489],[141.659866,39.243898],[141.660316,39.244256],[141.660566,39.244648],[141.660928,39.245097],[141.661553,39.245622],[141.661803,39.245972],[141.661953,39.246331],[141.661953,39.246714],[141.661828,39.247306],[141.661866,39.247439],[141.662378,39.248281],[141.66249,39.248689],[141.662415,39.249822],[141.662315,39.250514],[141.662053,39.251255],[141.66214,39.251305],[141.66384,39.25188],[141.66434,39.252105],[141.665653,39.252838],[141.665815,39.25288],[141.665978,39.253022],[141.666203,39.253138],[141.666478,39.253163],[141.667027,39.253138],[141.66754,39.253155],[141.66799,39.253247],[141.668315,39.25338],[141.668815,39.253447],[141.66944,39.25338],[141.67024,39.25318],[141.670927,39.253064],[141.671264,39.252929],[141.67134,39.252797],[141.671752,39.252622],[141.672002,39.252589],[141.672202,39.252597],[141.672327,39.252664],[141.672602,39.25288],[141.672902,39.25313],[141.673177,39.253422],[141.673702,39.25383],[141.674089,39.25403],[141.674577,39.254255],[141.674989,39.25448],[141.675264,39.254772],[141.675652,39.255364],[141.675952,39.255655],[141.676314,39.255905],[141.677139,39.256305],[141.677764,39.256755],[141.678264,39.25723],[141.678514,39.257522],[141.678751,39.25793],[141.678839,39.25838],[141.678839,39.258897],[141.678926,39.259213],[141.679251,39.259847],[141.679589,39.259955],[141.680076,39.259822],[141.680951,39.259505],[141.681314,39.259572],[141.681839,39.25948],[141.682139,39.259388],[141.682464,39.259389],[141.682851,39.259439],[141.683539,39.259389],[141.683926,39.25948],[141.684451,39.25973],[141.685276,39.26018],[141.685788,39.26058],[141.686151,39.26103],[141.686676,39.261913],[141.687501,39.263238],[141.6878,39.263555],[141.6878,39.263596],[141.68785,39.263646],[141.688463,39.263871],[141.6894,39.265196],[141.68995,39.265738],[141.690875,39.266213],[141.6922,39.266705],[141.69275,39.266821],[141.693137,39.266796],[141.693712,39.26668],[141.694262,39.26643],[141.6947,39.266321],[141.695637,39.266255],[141.696425,39.266363],[141.696925,39.266496],[141.697222,39.266661],[141.69745,39.266721],[141.697837,39.266588],[141.698187,39.266405],[141.699199,39.265796],[141.699562,39.265663],[141.700187,39.265238],[141.700549,39.265146],[141.700912,39.265146],[141.701649,39.265305],[141.702012,39.265321],[141.702562,39.265188],[141.702887,39.265147],[141.703462,39.265163],[141.704287,39.26503],[141.704924,39.264897],[141.705799,39.264805],[141.706149,39.264647],[141.706486,39.264355],[141.706512,39.263605],[141.706287,39.262955],[141.706099,39.261964],[141.706099,39.261672],[141.706287,39.261197],[141.706337,39.260947],[141.706124,39.260022],[141.705899,39.259397],[141.705874,39.259081],[141.706012,39.258539],[141.70565,39.256756],[141.7054,39.255906],[141.705262,39.255164],[141.705325,39.254439],[141.705125,39.253223],[141.705212,39.252881],[141.7052,39.252548],[141.704962,39.251731],[141.704687,39.251123],[141.7046,39.250657],[141.704888,39.249273],[141.705013,39.24884],[141.705275,39.248332],[141.705325,39.248099],[141.7053,39.246832],[141.7054,39.246365],[141.70555,39.24599],[141.7056,39.24564],[141.705538,39.245274],[141.7055,39.244074],[141.70555,39.243691],[141.705613,39.243549],[141.705863,39.243257],[141.70665,39.242674],[141.707625,39.241208],[141.708288,39.239966],[141.70845,39.239558],[141.708538,39.239075],[141.708663,39.238816],[141.708888,39.238633],[141.709575,39.238258],[141.709738,39.238],[141.709738,39.237833],[141.70985,39.237416],[141.710412,39.236925],[141.7105,39.236525],[141.710462,39.236242],[141.710575,39.235833],[141.710862,39.235575],[141.71125,39.235292],[141.711337,39.235117],[141.711437,39.2346],[141.711337,39.233725],[141.711262,39.2334],[141.711175,39.233267],[141.709588,39.231875],[141.709438,39.2317],[141.709313,39.230976],[141.709125,39.230651],[141.708613,39.230376],[141.707838,39.230084],[141.706688,39.229384],[141.706138,39.228984],[141.7057,39.228692],[141.705513,39.228501],[141.705063,39.227701],[141.704676,39.227151],[141.704188,39.226159],[141.703801,39.225601],[141.702926,39.223534],[141.702514,39.222485],[141.702301,39.221676],[141.702014,39.221101],[141.701164,39.219768],[141.701026,39.219193],[141.701164,39.21886],[141.701389,39.21861],[141.701664,39.21841],[141.701976,39.21836],[141.702439,39.218427],[141.703026,39.218435],[141.703839,39.218368],[141.704363,39.21826],[141.704701,39.218043],[141.704988,39.217752],[141.705238,39.217594],[141.705526,39.217527],[141.706051,39.217194],[141.706351,39.217027],[141.706551,39.21696],[141.706951,39.216969],[141.708326,39.21721],[141.709025,39.217269],[141.70985,39.217185],[141.710938,39.21731],[141.711525,39.217244],[141.712188,39.21741],[141.712825,39.217744],[141.7134,39.217927],[141.713837,39.218135],[141.714387,39.218302],[141.714575,39.21831],[141.714762,39.218202],[141.715987,39.216619],[141.716325,39.216069],[141.716587,39.215536],[141.71685,39.214702],[141.717,39.214303],[141.7171,39.214136],[141.717387,39.213919],[141.717812,39.213678],[141.718424,39.213386],[141.718687,39.213194],[141.719012,39.212611],[141.719699,39.211803],[141.721124,39.210553],[141.721599,39.210036],[141.721924,39.209586],[141.722862,39.208528],[141.723837,39.207345],[141.723949,39.207162],[141.724899,39.206029],[141.725961,39.205195],[141.727099,39.204545],[141.727986,39.204162],[141.728424,39.204012],[141.728849,39.203937],[141.728711,39.203754],[141.728216,39.203332],[141.728086,39.203229],[141.728045,39.203195],[141.728036,39.203137],[141.728036,39.202521],[141.727699,39.201004],[141.727524,39.200413],[141.727461,39.199888],[141.727474,39.199329],[141.727536,39.199046],[141.727799,39.198296],[141.728136,39.197688],[141.728699,39.197071],[141.729261,39.196638],[141.729461,39.19638],[141.729674,39.196022],[141.729724,39.195672],[141.729649,39.195122],[141.729486,39.19473],[141.729499,39.19423],[141.729049,39.193139],[141.729011,39.192589],[141.729036,39.192472],[141.729424,39.19173],[141.729724,39.191322],[141.729986,39.190889],[141.729999,39.190347],[141.730074,39.190081],[141.730361,39.189747],[141.730424,39.189514],[141.730461,39.188647],[141.730599,39.188164],[141.731886,39.187239],[141.733699,39.186431],[141.734211,39.186156],[141.734324,39.185915],[141.734386,39.185448],[141.734411,39.185056],[141.734611,39.184815],[141.735036,39.184406],[141.735436,39.183831],[141.735799,39.183598],[141.737098,39.183473],[141.737498,39.183398],[141.738248,39.183098],[141.738798,39.182932],[141.739373,39.182415],[141.739698,39.181965],[141.740011,39.181432],[141.740123,39.181015],[141.741011,39.180207],[141.741248,39.17984],[141.741336,39.179524],[141.741898,39.178291],[141.742261,39.177724],[141.742636,39.177349],[141.743398,39.176882],[141.743736,39.176616],[141.743836,39.176491],[141.744286,39.175491],[141.744461,39.175033],[141.744611,39.174899],[141.744911,39.174774],[141.745261,39.174683],[141.745586,39.174649],[141.74601,39.174566],[141.74631,39.174449],[141.746459,39.174462],[141.746673,39.174549],[141.747198,39.174683],[141.747773,39.174633],[141.748523,39.174358],[141.748898,39.174266],[141.749773,39.174325],[141.750585,39.174425],[141.751272,39.174333],[141.751535,39.174375],[141.752585,39.174725],[141.753247,39.175258],[141.754247,39.176291],[141.754397,39.176358],[141.755384,39.176574],[141.755909,39.176841],[141.757384,39.177433],[141.758809,39.177874],[141.759334,39.177999],[141.759796,39.178041],[141.760146,39.177858],[141.760509,39.177699],[141.761796,39.178116],[141.763184,39.178691],[141.763621,39.178774],[141.763709,39.178758],[141.764433,39.178791],[141.765333,39.178741],[141.766396,39.178775],[141.767071,39.178908],[141.767733,39.17895],[141.76967,39.178908],[141.770533,39.178966],[141.77167,39.179183],[141.77277,39.179441],[141.773295,39.179466],[141.773958,39.179433],[141.77482,39.179316],[141.77572,39.179333],[141.776595,39.179525],[141.77677,39.179591],[141.777432,39.179516],[141.777545,39.17945],[141.778032,39.179308],[141.778557,39.179333],[141.779607,39.179658],[141.780069,39.179675],[141.780444,39.179833],[141.781432,39.180025],[141.782007,39.180292],[141.782569,39.180625],[141.783032,39.180958],[141.783407,39.181183],[141.784019,39.181358],[141.784631,39.181441],[141.785319,39.181392],[141.786219,39.181225],[141.787144,39.180967],[141.787919,39.180667],[141.788844,39.180367],[141.790531,39.17975],[141.790968,39.179517],[141.791543,39.179042],[141.792056,39.178434],[141.792243,39.178067],[141.792681,39.177592],[141.793081,39.177342],[141.793656,39.177176],[141.794468,39.177126],[141.795018,39.177167],[141.795568,39.177251],[141.796143,39.177426],[141.798005,39.178317],[141.79873,39.178442],[141.799305,39.178392],[141.80038,39.178117],[141.802168,39.177534],[141.803255,39.177259],[141.804042,39.177209],[141.804905,39.177334],[141.805455,39.177534],[141.806242,39.177884],[141.807067,39.178484],[141.807442,39.178684],[141.807617,39.178726],[141.808079,39.178767],[141.808567,39.178451],[141.808879,39.178001],[141.809129,39.177618],[141.809479,39.177501],[141.809804,39.177518],[141.810204,39.177359],[141.810429,39.177109],[141.810654,39.176726],[141.811004,39.176451],[141.811404,39.176359],[141.812242,39.176326],[141.814441,39.176335],[141.815479,39.176276],[141.816116,39.176118],[141.816541,39.175951],[141.816691,39.17586],[141.817179,39.175901],[141.818366,39.176076],[141.818778,39.176051],[141.819603,39.175793],[141.820078,39.17586],[141.820716,39.176101],[141.821153,39.176301],[141.821666,39.176385],[141.822303,39.176335],[141.823053,39.176193],[141.82349,39.17626],[141.823865,39.176526],[141.824103,39.176818],[141.82464,39.177685],[141.82479,39.178026],[141.82499,39.17836],[141.825115,39.178451],[141.82604,39.178576],[141.827427,39.17861],[141.827777,39.178676],[141.828327,39.17896],[141.82854,39.179143],[141.82944,39.180035],[141.829565,39.18006],[141.829702,39.179918],[141.830165,39.179626],[141.831977,39.17871],[141.832839,39.178343],[141.833114,39.17811],[141.833464,39.177777],[141.833839,39.177543],[141.834527,39.17731],[141.835277,39.177152],[141.836314,39.177052],[141.836664,39.177118],[141.837739,39.177218],[141.838314,39.177127],[141.838889,39.176893],[141.839489,39.176752],[141.840076,39.176702],[141.840939,39.176677],[141.841539,39.17651],[141.842863,39.176094],[141.843763,39.175935],[141.845463,39.175985],[141.845876,39.175869],[141.846301,39.175685],[141.847026,39.175319],[141.847426,39.175161],[141.848288,39.175102],[141.848813,39.175169],[141.848988,39.175144],[141.8495,39.174919],[141.8499,39.174511],[141.850188,39.174436],[141.850563,39.174611],[141.851,39.174744],[141.8528,39.174594],[141.853225,39.174619],[141.853263,39.174569],[141.854037,39.174811],[141.854512,39.175119],[141.855012,39.175544],[141.855387,39.175769],[141.856112,39.175877],[141.8573,39.175844],[141.857787,39.175677],[141.858249,39.175561],[141.858674,39.175336],[141.859074,39.175061],[141.859912,39.174719],[141.860599,39.174061],[141.860849,39.173878],[141.861224,39.173803],[141.861862,39.173619],[141.862199,39.173394],[141.862287,39.173278],[141.863199,39.172503],[141.863774,39.172161],[141.864437,39.17187],[141.865012,39.171661],[141.865274,39.171453],[141.865549,39.170662],[141.865799,39.17017],[141.866149,39.169987],[141.866612,39.169887],[141.867212,39.169887],[141.868924,39.169828],[141.869636,39.169753],[141.870536,39.169703],[141.870711,39.169653],[141.870824,39.169562],[141.871374,39.16942],[141.871439,39.169387],[141.871899,39.168929],[141.872174,39.168595],[141.872824,39.16832],[141.873149,39.16837],[141.874011,39.169145],[141.874523,39.169529],[141.874611,39.169562],[141.875311,39.169962],[141.875486,39.170004],[141.875861,39.170029],[141.876761,39.169779],[141.877098,39.169729],[141.877473,39.169595],[141.877511,39.169562],[141.877548,39.16947],[141.878798,39.168754],[141.879485,39.168512],[141.88016,39.168337],[141.881248,39.168362],[141.882023,39.168587],[141.882873,39.168346],[141.883785,39.168037],[141.884085,39.167879],[141.884547,39.167771],[141.88471,39.167771],[141.885172,39.167996],[141.885472,39.167996],[141.885797,39.167837],[141.886447,39.167979],[141.886635,39.168137],[141.88701,39.168254],[141.88756,39.168279],[141.887985,39.168754],[141.888447,39.168846],[141.888709,39.168871],[141.889422,39.168804],[141.890097,39.168804],[141.891197,39.169287],[141.891609,39.169379],[141.892859,39.169471],[141.893347,39.169387],[141.893721,39.169412],[141.893884,39.169562],[141.894059,39.169687],[141.894734,39.170337],[141.895159,39.170604],[141.895509,39.170721],[141.896434,39.170854],[141.896759,39.171037],[141.896984,39.171187],[141.897446,39.171396],[141.897858,39.171704],[141.898171,39.172021],[141.899658,39.173254],[141.900058,39.173345],[141.900721,39.173412],[141.900958,39.173387],[141.901446,39.173479],[141.902208,39.173745],[141.902608,39.173787],[141.90287,39.173862],[141.90307,39.174012],[141.903358,39.17417],[141.903508,39.17417],[141.90397,39.174287],[141.904345,39.174887],[141.904545,39.175112],[141.905133,39.175545],[141.905245,39.175787],[141.905333,39.17637],[141.905395,39.176553],[141.90557,39.176753],[141.905708,39.176845],[141.906408,39.17702],[141.907095,39.177045],[141.90762,39.177112],[141.907907,39.17722],[141.908457,39.177812],[141.90927,39.178012],[141.909732,39.178187],[141.910032,39.178387],[141.910432,39.178612],[141.910982,39.178678],[141.912457,39.178637],[141.912832,39.17852],[141.913244,39.178495],[141.914657,39.17852],[141.915294,39.178403],[141.915782,39.178403],[141.916244,39.178495],[141.916456,39.178653],[141.916656,39.17897],[141.917231,39.179145],[141.917406,39.179395],[141.917619,39.179778],[141.917819,39.180045],[141.917994,39.180203],[141.918569,39.180603],[141.918831,39.180853],[141.919031,39.181211],[141.919094,39.181236],[141.919444,39.181211],[141.919868,39.181145],[141.921143,39.18112],[141.921293,39.181145],[141.921668,39.181095],[141.922193,39.181095],[141.922193,39.181028],[141.921843,39.180828],[141.921581,39.180762],[141.921431,39.18067],[141.921206,39.180445],[141.921056,39.180178],[141.920793,39.179812],[141.920743,39.179545],[141.920731,39.178895],[141.920856,39.178512],[141.921343,39.178312],[141.921318,39.17822],[141.921056,39.17822],[141.920993,39.178154],[141.920993,39.178062],[141.921081,39.178037],[141.921143,39.178062],[141.921543,39.177995],[141.921631,39.177929],[141.921623,39.177869],[141.921561,39.177819],[141.921393,39.177812],[141.921281,39.177862],[141.921256,39.177837],[141.921368,39.177587],[141.921368,39.177429],[141.921169,39.177095],[141.920644,39.176895],[141.919831,39.176404],[141.919744,39.176404],[141.919456,39.176195],[141.919369,39.175812],[141.919369,39.175454],[141.919306,39.175187],[141.919219,39.175004],[141.919106,39.174921],[141.919019,39.174896],[141.917656,39.174987],[141.917544,39.174896],[141.917344,39.174471],[141.917307,39.174271],[141.917194,39.174221],[141.917044,39.174221],[141.916994,39.174271],[141.916732,39.174179],[141.916619,39.174087],[141.916469,39.174021],[141.916469,39.173954],[141.916557,39.173912],[141.916557,39.173837],[141.916707,39.173796],[141.916732,39.173754],[141.916557,39.173546],[141.916094,39.173321],[141.916032,39.173279],[141.916069,39.173212],[141.916619,39.173412],[141.917019,39.173504],[141.917219,39.173479],[141.917457,39.173346],[141.917482,39.173304],[141.917394,39.173146],[141.917394,39.173079],[141.917307,39.173054],[141.917282,39.173121],[141.917044,39.172937],[141.916994,39.172854],[141.916757,39.172696],[141.915969,39.172338],[141.915244,39.172088],[141.914619,39.171929],[141.914232,39.171796],[141.913632,39.171463],[141.912957,39.171354],[141.912757,39.171354],[141.91262,39.171396],[141.912557,39.171463],[141.912495,39.171729],[141.912532,39.171821],[141.91247,39.171846],[141.91227,39.171804],[141.91192,39.171529],[141.91172,39.171488],[141.91117,39.170854],[141.910882,39.170721],[141.910207,39.170188],[141.91012,39.170163],[141.909857,39.169963],[141.90957,39.169846],[141.90937,39.169871],[141.909307,39.169913],[141.908995,39.169896],[141.908532,39.169738],[141.908358,39.169646],[141.90812,39.169604],[141.90757,39.169604],[141.90732,39.169563],[141.90697,39.169446],[141.906445,39.169154],[141.90602,39.168946],[141.905962,39.168907],[141.905858,39.168838],[141.905645,39.168696],[141.90562,39.16838],[141.905533,39.168288],[141.904945,39.167996],[141.904483,39.167905],[141.904345,39.167588],[141.904133,39.167246],[141.903808,39.167088],[141.903546,39.166863],[141.903408,39.166813],[141.903158,39.166638],[141.902483,39.166338],[141.902358,39.166138],[141.902008,39.165996],[141.901546,39.165746],[141.901358,39.165563],[141.901108,39.16543],[141.900946,39.165296],[141.900633,39.165205],[141.900383,39.165046],[141.899196,39.164472],[141.898546,39.16438],[141.898384,39.164263],[141.897734,39.16413],[141.897171,39.163655],[141.897471,39.16318],[141.896909,39.16293],[141.896771,39.162905],[141.896421,39.162997],[141.896309,39.162972],[141.895709,39.162697],[141.895884,39.162522],[141.895497,39.162222],[141.895447,39.161955],[141.895834,39.16198],[141.896096,39.161822],[141.896296,39.161439],[141.896484,39.16153],[141.896771,39.161913],[141.896959,39.162072],[141.897096,39.161805],[141.897396,39.161755],[141.897346,39.161597],[141.897459,39.161355],[141.896809,39.161189],[141.896596,39.160939],[141.896434,39.16058],[141.895547,39.159964],[141.895222,39.160122],[141.895184,39.160255],[141.895194,39.160529],[141.895184,39.160647],[141.894869,39.160445],[141.894759,39.160347],[141.894272,39.16023],[141.893922,39.160389],[141.893347,39.160455],[141.893072,39.160389],[141.892834,39.160247],[141.892734,39.15968],[141.892724,39.159441],[141.892622,39.159189],[141.892247,39.159097],[141.891672,39.159047],[141.891297,39.158847],[141.891222,39.158389],[141.891085,39.158297],[141.890872,39.15803],[141.889897,39.15773],[141.88976,39.157639],[141.890685,39.157755],[141.890822,39.157672],[141.890335,39.157489],[141.889472,39.157389],[141.888985,39.157256],[141.88876,39.157047],[141.888472,39.156872],[141.88796,39.156822],[141.887522,39.156889],[141.887368,39.157077],[141.887247,39.157089],[141.887285,39.156364],[141.887447,39.156072],[141.887285,39.155889],[141.886985,39.155689],[141.88691,39.155689],[141.88661,39.155572],[141.88591,39.155456],[141.885523,39.155547],[141.884935,39.155364],[141.884696,39.15526],[141.884423,39.155181],[141.88392,39.155109],[141.88361,39.155064],[141.88336,39.154972],[141.883148,39.154947],[141.882585,39.154606],[141.882261,39.154581],[141.882036,39.154497],[141.881686,39.154714],[141.881411,39.155006],[141.881086,39.155231],[141.881011,39.155456],[141.880623,39.155481],[141.880323,39.155408],[141.880061,39.155456],[141.879673,39.155472],[141.87951,39.155404],[141.879161,39.155339],[141.878948,39.155339],[141.878761,39.155497],[141.878373,39.155605],[141.878136,39.155539],[141.877886,39.155555],[141.877645,39.155533],[141.877461,39.155555],[141.877323,39.15558],[141.877156,39.155529],[141.877023,39.155397],[141.875999,39.155214],[141.875749,39.155005],[141.875761,39.154914],[141.876161,39.155072],[141.876186,39.154964],[141.875924,39.154806],[141.875699,39.154622],[141.875299,39.154414],[141.874974,39.154347],[141.874761,39.154256],[141.874536,39.154281],[141.874186,39.154256],[141.874049,39.154164],[141.874324,39.154031],[141.874161,39.153781],[141.873674,39.153597],[141.873386,39.153572],[141.873224,39.153531],[141.872649,39.153456],[141.872486,39.153547],[141.872599,39.153731],[141.872024,39.153772],[141.871762,39.153639],[141.871448,39.153543],[141.871049,39.153514],[141.870062,39.153606],[141.868849,39.153647],[141.868462,39.153714],[141.867712,39.153672],[141.867399,39.15358],[141.867312,39.153489],[141.866387,39.153539],[141.86615,39.153422],[141.865162,39.15338],[141.864562,39.153564],[141.864037,39.153539],[141.863712,39.153564],[141.863462,39.15363],[141.863112,39.15383],[141.86305,39.153905],[141.86305,39.154305],[141.862962,39.154464],[141.862537,39.154622],[141.862075,39.15478],[141.86195,39.154847],[141.861657,39.154938],[141.861437,39.15543],[141.861325,39.155655],[141.8612,39.155772],[141.860975,39.155863],[141.861112,39.156022],[141.861175,39.15618],[141.860512,39.156513],[141.860312,39.156513],[141.8597,39.156405],[141.859493,39.156358],[141.859107,39.156305],[141.858688,39.156247],[141.858313,39.156222],[141.8577,39.156313],[141.856838,39.156613],[141.85605,39.157013],[141.855875,39.15713],[141.855413,39.15733],[141.854663,39.157488],[141.854138,39.157446],[141.853738,39.15733],[141.853301,39.157088],[141.852926,39.156796],[141.852376,39.15648],[141.852051,39.156363],[141.851713,39.156363],[141.851301,39.15648],[141.851126,39.156505],[141.850551,39.15673],[141.850001,39.156838],[141.849888,39.156821],[141.849163,39.15653],[141.848464,39.156438],[141.848089,39.156171],[141.847714,39.155988],[141.847214,39.155855],[141.846789,39.15583],[141.846439,39.155721],[141.845039,39.155021],[141.844089,39.154413],[141.843714,39.154121],[141.843127,39.153588],[141.842202,39.152638],[141.842177,39.152571],[141.841877,39.152463],[141.841564,39.152255],[141.841364,39.151963],[141.841327,39.151738],[141.841102,39.151338],[141.840802,39.150997],[141.84049,39.15048],[141.840377,39.150163],[141.84029,39.149472],[141.840115,39.149039],[141.839815,39.148839],[141.839152,39.148505],[141.838315,39.148122],[141.837902,39.147805],[141.837465,39.147314],[141.837353,39.147089],[141.837115,39.145897],[141.837115,39.145447],[141.837203,39.145039],[141.837465,39.144789],[141.83799,39.144539],[141.83839,39.144472],[141.838627,39.144472],[141.83909,39.144589],[141.839285,39.144627],[141.83949,39.144589],[141.839777,39.144497],[141.840152,39.144589],[141.840365,39.144447],[141.840365,39.144406],[141.839802,39.144156],[141.84004,39.144064],[141.840127,39.143997],[141.840327,39.144047],[141.84039,39.144022],[141.840415,39.143956],[141.840902,39.143597],[141.841277,39.143456],[141.841715,39.143364],[141.841952,39.143189],[141.842765,39.142981],[141.843227,39.142964],[141.843689,39.142981],[141.844327,39.142664],[141.844577,39.142581],[141.844989,39.142331],[141.845214,39.142214],[141.845389,39.142264],[141.845652,39.142148],[141.846027,39.141856],[141.846439,39.141698],[141.847127,39.141248],[141.847414,39.141181],[141.847702,39.141156],[141.848089,39.141315],[141.848164,39.141381],[141.848402,39.141356],[141.848489,39.141265],[141.848437,39.141228],[141.848377,39.141156],[141.848802,39.140798],[141.848714,39.140548],[141.84867,39.140451],[141.848627,39.140348],[141.848539,39.140098],[141.848664,39.13994],[141.848777,39.139965],[141.848914,39.140098],[141.849127,39.140123],[141.849177,39.139915],[141.849439,39.139823],[141.849726,39.139873],[141.849876,39.139757],[141.849901,39.139465],[141.849839,39.13924],[141.849676,39.139107],[141.849527,39.13904],[141.849964,39.13904],[141.850251,39.138882],[141.850276,39.138723],[141.849926,39.138432],[141.849577,39.138298],[141.849352,39.13814],[141.849289,39.137915],[141.849664,39.137982],[141.850164,39.13814],[141.850564,39.138182],[141.850626,39.13814],[141.850564,39.137998],[141.850189,39.137757],[141.850127,39.13769],[141.850102,39.137507],[141.850127,39.137415],[141.850476,39.137573],[141.850889,39.137932],[141.851201,39.137732],[141.851514,39.137457],[141.851601,39.137307],[141.851514,39.137232],[141.851489,39.137124],[141.851601,39.137007],[141.851689,39.136807],[141.851951,39.136832],[141.852326,39.136674],[141.852414,39.136515],[141.852189,39.136132],[141.852239,39.135999],[141.852676,39.135865],[141.852798,39.135834],[141.852989,39.13579],[141.853276,39.135657],[141.853451,39.135857],[141.853601,39.135815],[141.853689,39.135615],[141.853864,39.135432],[141.853951,39.135432],[141.854151,39.135549],[141.854289,39.135524],[141.854239,39.135407],[141.854551,39.135232],[141.854676,39.135232],[141.854701,39.135299],[141.854901,39.135432],[141.855076,39.135474],[141.855226,39.135407],[141.855076,39.135316],[141.854964,39.135007],[141.854901,39.134932],[141.855051,39.134916],[141.855139,39.135007],[141.855601,39.135207],[141.855714,39.134957],[141.855826,39.134866],[141.856613,39.135382],[141.856751,39.135382],[141.856788,39.135207],[141.856701,39.134999],[141.856726,39.134891],[141.857476,39.135207],[141.857601,39.135182],[141.857601,39.135116],[141.857476,39.134957],[141.857388,39.134666],[141.857563,39.134732],[141.857713,39.134957],[141.858026,39.135132],[141.858438,39.135066],[141.858313,39.134907],[141.858376,39.134799],[141.858463,39.134774],[141.858921,39.134878],[141.859043,39.134857],[141.859238,39.134799],[141.859363,39.134707],[141.859363,39.134641],[141.858863,39.134366],[141.859013,39.134257],[141.858813,39.134057],[141.858951,39.134007],[141.859588,39.134416],[141.859788,39.134482],[141.860026,39.134257],[141.859795,39.134041],[141.859826,39.134007],[141.859938,39.133941],[141.860251,39.133849],[141.860488,39.133874],[141.860626,39.133849],[141.860814,39.133821],[141.861151,39.133666],[141.861438,39.133508],[141.861788,39.133783],[141.862051,39.133916],[141.862251,39.133874],[141.862688,39.133874],[141.86276,39.133804],[141.862776,39.133716],[141.862826,39.133466],[141.863325,39.133783],[141.86355,39.133849],[141.863675,39.133799],[141.863638,39.133641],[141.863133,39.133252],[141.863238,39.133216],[141.863413,39.133216],[141.863588,39.133124],[141.863988,39.133333],[141.864225,39.133349],[141.864538,39.133324],[141.864625,39.133216],[141.864825,39.133149],[141.865,39.132833],[141.865063,39.132791],[141.865238,39.132741],[141.865325,39.132808],[141.865288,39.132941],[141.8655,39.133099],[141.865663,39.133166],[141.865838,39.133166],[141.8663,39.133308],[141.866538,39.133258],[141.866713,39.133191],[141.8666,39.132941],[141.86665,39.132833],[141.866763,39.132783],[141.867088,39.133008],[141.867266,39.13293],[141.867375,39.132833],[141.8674,39.132741],[141.867525,39.132649],[141.867575,39.132516],[141.867288,39.132333],[141.867263,39.132241],[141.867288,39.132133],[141.868213,39.132041],[141.8683,39.131908],[141.868363,39.131658],[141.869,39.131925],[141.8692,39.131925],[141.8696,39.131791],[141.8698,39.131608],[141.869887,39.131433],[141.870037,39.131475],[141.870387,39.131675],[141.870562,39.131658],[141.870725,39.131475],[141.8703,39.131183],[141.869862,39.13085],[141.869975,39.130825],[141.87015,39.13085],[141.870637,39.131025],[141.870725,39.131025],[141.87085,39.130983],[141.8709,39.130916],[141.87085,39.130841],[141.870812,39.130616],[141.870875,39.130508],[141.870995,39.130581],[141.871225,39.130691],[141.871449,39.130754],[141.8717,39.1309],[141.87175,39.130875],[141.871837,39.130625],[141.872125,39.130675],[141.872375,39.13065],[141.872787,39.130475],[141.873025,39.130117],[141.873,39.130092],[141.872837,39.130092],[141.8726,39.129958],[141.872487,39.12995],[141.872325,39.129867],[141.872087,39.129842],[141.87195,39.129792],[141.872325,39.129683],[141.872787,39.129642],[141.872875,39.129525],[141.872575,39.129183],[141.871925,39.129158],[141.87195,39.129117],[141.872225,39.129025],[141.872412,39.128917],[141.872687,39.128892],[141.872875,39.128667],[141.872925,39.12865],[141.873112,39.128983],[141.873275,39.128967],[141.873337,39.1289],[141.873225,39.128583],[141.87325,39.128533],[141.873637,39.128625],[141.873687,39.128583],[141.873387,39.128375],[141.87325,39.128358],[141.873312,39.128267],[141.873662,39.128225],[141.874037,39.128267],[141.874125,39.1282],[141.873825,39.12795],[141.873587,39.127684],[141.873337,39.127634],[141.872912,39.127342],[141.872773,39.127271],[141.872505,39.12712],[141.872237,39.126975],[141.872262,39.126934],[141.872324,39.126806],[141.872375,39.126659],[141.872409,39.126581],[141.872837,39.1268],[141.872962,39.126909],[141.873262,39.127025],[141.87335,39.127025],[141.873237,39.126734],[141.873,39.126617],[141.872912,39.126617],[141.872625,39.126459],[141.872237,39.126275],[141.872278,39.126226],[141.872325,39.126167],[141.872462,39.126142],[141.872762,39.126009],[141.872787,39.125917],[141.872537,39.125759],[141.872387,39.125575],[141.872025,39.125467],[141.871925,39.125392],[141.871838,39.125125],[141.871813,39.124942],[141.871785,39.124895],[141.871738,39.12485],[141.871449,39.124688],[141.871375,39.124659],[141.871238,39.1247],[141.871038,39.124609],[141.870913,39.124517],[141.870363,39.124384],[141.87025,39.1243],[141.870275,39.124275],[141.870625,39.124342],[141.870825,39.124209],[141.870688,39.123959],[141.8704,39.123934],[141.870225,39.123959],[141.87025,39.123709],[141.870363,39.123601],[141.870538,39.123551],[141.8706,39.123467],[141.870513,39.123351],[141.87045,39.123351],[141.870075,39.123167],[141.870013,39.122942],[141.870013,39.122767],[141.8701,39.122676],[141.870425,39.122609],[141.87045,39.122542],[141.870188,39.121909],[141.870275,39.121776],[141.87045,39.121659],[141.870675,39.121617],[141.8708,39.121501],[141.87085,39.121234],[141.870763,39.121076],[141.870613,39.120943],[141.870613,39.120826],[141.87085,39.120784],[141.871024,39.120757],[141.871267,39.120753],[141.871449,39.120763],[141.871463,39.120793],[141.871738,39.121218],[141.872,39.121559],[141.872275,39.121784],[141.872813,39.122126],[141.873118,39.122148],[141.873275,39.122042],[141.873463,39.121976],[141.873113,39.121451],[141.873163,39.121451],[141.873763,39.121843],[141.874,39.122042],[141.874137,39.122109],[141.874325,39.122292],[141.874787,39.122434],[141.874875,39.122068],[141.874575,39.121576],[141.874337,39.121459],[141.873525,39.120984],[141.873475,39.120709],[141.873663,39.120509],[141.873718,39.120381],[141.87387,39.120294],[141.873913,39.120168],[141.873725,39.120009],[141.87345,39.119918],[141.87315,39.119734],[141.8731,39.119509],[141.872775,39.119126],[141.872675,39.11856],[141.87255,39.118417],[141.872488,39.118201],[141.872477,39.118061],[141.872488,39.11791],[141.872438,39.117685],[141.8722,39.11721],[141.872388,39.116801],[141.872738,39.11656],[141.873063,39.116718],[141.873363,39.116918],[141.874038,39.116876],[141.874263,39.116651],[141.874211,39.116515],[141.874125,39.11636],[141.87385,39.116085],[141.87385,39.115768],[141.87415,39.115477],[141.874538,39.115485],[141.875263,39.116002],[141.875913,39.116593],[141.876125,39.11666],[141.876825,39.116668],[141.876937,39.11651],[141.876775,39.116127],[141.876837,39.116127],[141.877312,39.116485],[141.877775,39.116735],[141.877987,39.116785],[141.8781,39.116602],[141.8787,39.116718],[141.878887,39.116677],[141.879237,39.116452],[141.879462,39.116268],[141.87975,39.116318],[141.880162,39.116318],[141.880625,39.116277],[141.880725,39.116185],[141.880725,39.116002],[141.881112,39.116327],[141.881537,39.116393],[141.8817,39.11626],[141.881675,39.11601],[141.881762,39.116052],[141.882087,39.116102],[141.882899,39.116152],[141.883062,39.116243],[141.882862,39.116377],[141.882924,39.116627],[141.883349,39.116718],[141.883374,39.116335],[141.883887,39.116693],[141.884137,39.116768],[141.884487,39.116543],[141.884574,39.116402],[141.884549,39.116268],[141.884437,39.116068],[141.884762,39.115977],[141.885087,39.115752],[141.885637,39.11551],[141.886987,39.116102],[141.887143,39.116139],[141.887249,39.116193],[141.887361,39.116377],[141.887574,39.116352],[141.887599,39.116285],[141.887761,39.116193],[141.887711,39.116035],[141.888224,39.115902],[141.888336,39.115927],[141.888574,39.11606],[141.888686,39.11606],[141.889174,39.116177],[141.889411,39.116427],[141.889174,39.116585],[141.889111,39.116852],[141.889224,39.117102],[141.889624,39.117285],[141.889661,39.11681],[141.889761,39.116702],[141.890149,39.116952],[141.890199,39.117018],[141.890524,39.117177],[141.890499,39.116818],[141.890636,39.11691],[141.890786,39.117268],[141.890874,39.117293],[141.891036,39.11711],[141.890924,39.116752],[141.891199,39.116702],[141.891636,39.116569],[141.892199,39.117002],[141.892499,39.117118],[141.892573,39.117435],[141.893198,39.118093],[141.893486,39.118135],[141.893636,39.117802],[141.893923,39.117668],[141.894148,39.117985],[141.894411,39.118143],[141.894486,39.118393],[141.894573,39.118435],[141.894623,39.118393],[141.894898,39.117852],[141.894986,39.117918],[141.895361,39.118077],[141.895548,39.117719],[141.895873,39.11781],[141.895923,39.118127],[141.896273,39.118285],[141.897123,39.118335],[141.897198,39.118602],[141.89716,39.119168],[141.897348,39.11946],[141.89751,39.119485],[141.897646,39.119459],[141.897785,39.119443],[141.898035,39.11951],[141.898248,39.119535],[141.898485,39.119652],[141.898648,39.11981],[141.898923,39.119918],[141.899548,39.119902],[141.899648,39.119852],[141.89976,39.119318],[141.899823,39.119427],[141.900173,39.11986],[141.90041,39.12006],[141.900623,39.119593],[141.90036,39.118935],[141.90036,39.118869],[141.900423,39.118819],[141.900898,39.119185],[141.901385,39.119435],[141.90166,39.11941],[141.901898,39.119485],[141.902098,39.119393],[141.902447,39.119552],[141.902497,39.11951],[141.902448,39.119194],[141.90201,39.11881],[141.901885,39.118577],[141.901698,39.11851],[141.901335,39.118285],[141.901148,39.118102],[141.901485,39.117544],[141.90191,39.11741],[141.902323,39.117744],[141.902673,39.117927],[141.902835,39.117844],[141.902884,39.117616],[141.903135,39.117794],[141.90356,39.117977],[141.903835,39.11791],[141.904347,39.117644],[141.904272,39.117302],[141.90447,39.117042],[141.904771,39.116972],[141.90506,39.116836],[141.905435,39.116902],[141.905572,39.116811],[141.905847,39.116294],[141.905747,39.115511],[141.90561,39.115144],[141.905347,39.114827],[141.905285,39.114469],[141.906047,39.114361],[141.905835,39.114019],[141.905597,39.113794],[141.905847,39.112961],[141.905623,39.112728],[141.905663,39.112641],[141.90576,39.112553],[141.905886,39.112511],[141.90636,39.112353],[141.906435,39.112461],[141.90671,39.112328],[141.90661,39.111994],[141.906872,39.112128],[141.90706,39.112128],[141.907035,39.111903],[141.90736,39.112061],[141.907447,39.112128],[141.907522,39.112153],[141.907422,39.111836],[141.907497,39.111678],[141.907885,39.111795],[141.908147,39.111795],[141.90821,39.111595],[141.90856,39.110828],[141.908622,39.110803],[141.908635,39.111278],[141.908585,39.111636],[141.908697,39.111778],[141.90886,39.111753],[141.90956,39.111303],[141.909585,39.111261],[141.909235,39.111053],[141.909242,39.110862],[141.90946,39.110536],[141.909485,39.11047],[141.909372,39.110336],[141.908972,39.110286],[141.908872,39.109836],[141.908855,39.109676],[141.908847,39.109403],[141.908822,39.109228],[141.90891,39.109108],[141.909085,39.108978],[141.909685,39.108512],[141.909935,39.108645],[141.910872,39.109278],[141.911222,39.109353],[141.911635,39.109353],[141.91206,39.10942],[141.912747,39.10922],[141.91271,39.109128],[141.912522,39.108862],[141.91266,39.108545],[141.91251,39.108028],[141.913072,39.107437],[141.913535,39.107353],[141.913672,39.107353],[141.914022,39.10722],[141.914547,39.107154],[141.914972,39.107179],[141.915429,39.107097],[141.915759,39.106954],[141.915922,39.106795],[141.916197,39.106754],[141.916622,39.106804],[141.916734,39.106779],[141.917084,39.106987],[141.917784,39.107212],[141.918572,39.107329],[141.919147,39.107354],[141.919447,39.10697],[141.919222,39.106612],[141.919234,39.106295],[141.918984,39.106087],[141.918559,39.105837],[141.918422,39.105679],[141.919322,39.105304],[141.919884,39.105487],[141.920022,39.105487],[141.920323,39.105444],[141.920534,39.105396],[141.920884,39.105379],[141.92116,39.105346],[141.921484,39.105154],[141.921459,39.104862],[141.921509,39.104587],[141.921247,39.104162],[141.921134,39.104046],[141.920672,39.104046],[141.920198,39.104217],[141.919897,39.104179],[141.919784,39.104087],[141.919434,39.103946],[141.919184,39.104012],[141.919109,39.104079],[141.918859,39.104062],[141.918622,39.104196],[141.918672,39.104262],[141.918159,39.104421],[141.917932,39.104568],[141.917747,39.104637],[141.917509,39.104321],[141.917372,39.104321],[141.916997,39.104212],[141.916697,39.104254],[141.916372,39.104387],[141.916322,39.104587],[141.916259,39.104587],[141.91556,39.104271],[141.91486,39.104322],[141.914683,39.104532],[141.91456,39.10472],[141.91436,39.105054],[141.913985,39.105395],[141.913285,39.105095],[141.913072,39.104962],[141.912847,39.104687],[141.912772,39.10437],[141.913072,39.10437],[141.913072,39.104279],[141.912372,39.103829],[141.912022,39.103779],[141.911772,39.103604],[141.911722,39.103596],[141.91156,39.103421],[141.911535,39.103129],[141.911322,39.103079],[141.91081,39.103029],[141.910747,39.102787],[141.910623,39.102737],[141.91016,39.102737],[141.909585,39.102662],[141.909023,39.102637],[141.908423,39.102771],[141.90821,39.102887],[141.907885,39.102679],[141.90786,39.102546],[141.907698,39.102412],[141.907673,39.102429],[141.907423,39.102429],[141.907623,39.102204],[141.907623,39.102046],[141.90711,39.101796],[141.906623,39.101862],[141.90611,39.101521],[141.90646,39.101571],[141.906348,39.101454],[141.905723,39.101296],[141.905486,39.101387],[141.905111,39.101221],[141.904561,39.101354],[141.903836,39.101129],[141.903794,39.101022],[141.903761,39.100879],[141.903761,39.100771],[141.903623,39.100679],[141.903211,39.100812],[141.902911,39.100854],[141.902598,39.100829],[141.902073,39.100671],[141.901861,39.100396],[141.901898,39.100079],[141.901623,39.099679],[141.901523,39.099429],[141.901636,39.098904],[141.901648,39.098694],[141.901499,39.098504],[141.901011,39.098271],[141.899924,39.098338],[141.899499,39.098221],[141.899286,39.097971],[141.899361,39.097746],[141.899474,39.097113],[141.899236,39.097004],[141.898561,39.096979],[141.898363,39.096962],[141.898149,39.096904],[141.897799,39.097154],[141.897286,39.097088],[141.897336,39.096746],[141.897474,39.096338],[141.897236,39.096071],[141.896862,39.096138],[141.896683,39.096193],[141.896449,39.096271],[141.896262,39.096338],[141.895637,39.096604],[141.895124,39.096463],[141.894199,39.096371],[141.893912,39.096463],[141.893612,39.096304],[141.893399,39.096254],[141.893049,39.096071],[141.892212,39.095821],[141.892074,39.095554],[141.891862,39.095238],[141.891775,39.094963],[141.89175,39.094621],[141.891837,39.094238],[141.891862,39.093771],[141.892035,39.093463],[141.89195,39.093138],[141.891387,39.092821],[141.89095,39.092838],[141.890437,39.092613],[141.890475,39.092113],[141.89085,39.091646],[141.89094,39.091505],[141.890912,39.091346],[141.890887,39.091171],[141.890912,39.091013],[141.891212,39.090697],[141.891187,39.090655],[141.890537,39.090513],[141.89005,39.09058],[141.890028,39.090462],[141.890425,39.090197],[141.890437,39.089905],[141.8903,39.089722],[141.890025,39.089538],[141.889975,39.089247],[141.889625,39.089113],[141.889088,39.089022],[141.888538,39.089172],[141.88835,39.08938],[141.88805,39.089488],[141.887725,39.089822],[141.886938,39.09018],[141.88675,39.09018],[141.886425,39.090313],[141.886213,39.090288],[141.885938,39.090196],[141.88575,39.089955],[141.88565,39.089613],[141.885213,39.089563],[141.884913,39.089655],[141.8848,39.089813],[141.8844,39.089788],[141.884075,39.089671],[141.883451,39.08983],[141.883051,39.089713],[141.882751,39.089396],[141.882188,39.088922],[141.882026,39.08858],[141.882238,39.088355],[141.882701,39.088047],[141.882763,39.087613],[141.882651,39.087297],[141.882639,39.087159],[141.882637,39.086951],[141.882901,39.086672],[141.882901,39.086597],[141.882776,39.086439],[141.882038,39.086255],[141.882038,39.086239],[141.881976,39.08608],[141.882613,39.086214],[141.882838,39.08613],[141.882651,39.085947],[141.882238,39.08583],[141.882438,39.085672],[141.882601,39.085339],[141.882463,39.084839],[141.882163,39.08468],[141.882063,39.084655],[141.881901,39.084455],[141.881413,39.084139],[141.881226,39.08418],[141.881176,39.084247],[141.880951,39.084222],[141.880851,39.083905],[141.880626,39.083905],[141.880164,39.08418],[141.879676,39.084422],[141.879514,39.084605],[141.879139,39.084822],[141.879001,39.084755],[141.878814,39.084805],[141.878539,39.085072],[141.878701,39.085389],[141.878539,39.085722],[141.878476,39.085772],[141.878401,39.085947],[141.878414,39.086238],[141.878389,39.086472],[141.878526,39.086647],[141.878739,39.08683],[141.878764,39.087013],[141.878514,39.087213],[141.878564,39.087413],[141.878676,39.087622],[141.878676,39.087688],[141.878539,39.087913],[141.878464,39.087913],[141.878126,39.088022],[141.878289,39.088338],[141.878376,39.088655],[141.878589,39.089021],[141.878639,39.089196],[141.878314,39.089513],[141.878389,39.089805],[141.878688,39.090013],[141.878876,39.090263],[141.878951,39.090438],[141.878626,39.090596],[141.878261,39.090757],[141.878138,39.090846],[141.878026,39.091246],[141.878154,39.091681],[141.878163,39.091946],[141.877963,39.092288],[141.878026,39.092554],[141.877988,39.092738],[141.877588,39.093071],[141.877288,39.093096],[141.876689,39.092796],[141.876501,39.092571],[141.875726,39.092188],[141.875539,39.092271],[141.875264,39.092571],[141.875389,39.092996],[141.875339,39.093038],[141.874926,39.093196],[141.874664,39.093038],[141.874314,39.093038],[141.873789,39.093754],[141.873764,39.094096],[141.873839,39.094279],[141.873539,39.094496],[141.872864,39.094812],[141.872614,39.094971],[141.872338,39.095167],[141.872239,39.09542],[141.871876,39.095962],[141.871401,39.096004],[141.870989,39.096045],[141.870651,39.096187],[141.870439,39.09657],[141.870064,39.096704],[141.869427,39.096729],[141.869052,39.096795],[141.868652,39.096929],[141.867952,39.097287],[141.867814,39.097312],[141.867289,39.097087],[141.867027,39.09702],[141.866689,39.096995],[141.866252,39.096928],[141.865839,39.096704],[141.865489,39.09657],[141.865202,39.096703],[141.864977,39.096728],[141.864627,39.096712],[141.86419,39.096595],[141.863902,39.096462],[141.863752,39.096487],[141.863533,39.096522],[141.86324,39.096503],[141.862977,39.09637],[141.862843,39.096307],[141.862715,39.096262],[141.862585,39.096268],[141.862452,39.096262],[141.862277,39.096212],[141.862015,39.096303],[141.862027,39.096512],[141.86234,39.096937],[141.862365,39.097162],[141.862115,39.097562],[141.862027,39.097637],[141.86199,39.097878],[141.862402,39.09842],[141.862427,39.098578],[141.86234,39.098778],[141.862427,39.099186],[141.86229,39.099611],[141.861915,39.099703],[141.861677,39.099795],[141.861452,39.100361],[141.861264,39.100834],[141.861112,39.101295],[141.86094,39.102044],[141.861052,39.102386],[141.861077,39.102653],[141.860915,39.103419],[141.860677,39.103711],[141.860502,39.103828],[141.860302,39.103869],[141.85999,39.103986],[141.859752,39.104003],[141.859727,39.103986],[141.859427,39.103961],[141.859202,39.103869],[141.859002,39.103736],[141.85854,39.103644],[141.858452,39.103669],[141.858252,39.103986],[141.858015,39.104236],[141.85784,39.104344],[141.857202,39.104527],[141.855903,39.104636],[141.855528,39.104527],[141.855378,39.104419],[141.85469,39.104261],[141.854403,39.104236],[141.854028,39.104619],[141.853553,39.104777],[141.85249,39.104686],[141.852078,39.104602],[141.851903,39.104619],[141.851815,39.104669],[141.851678,39.104669],[141.851415,39.104602],[141.850978,39.104311],[141.850891,39.104394],[141.850841,39.104394],[141.850516,39.104219],[141.850378,39.104219],[141.850341,39.104086],[141.850228,39.103994],[141.850053,39.103927],[141.849828,39.103902],[141.849678,39.103811],[141.849416,39.103386],[141.849241,39.103294],[141.848928,39.103477],[141.849066,39.103836],[141.848841,39.103861],[141.848491,39.103994],[141.848203,39.104044],[141.847791,39.104044],[141.847741,39.104085],[141.847503,39.104152],[141.847391,39.104127],[141.847128,39.104152],[141.846641,39.103835],[141.846578,39.103835],[141.846466,39.103952],[141.846141,39.103819],[141.845829,39.103769],[141.845566,39.103819],[141.844991,39.103794],[141.844029,39.103685],[141.843541,39.103594],[141.843016,39.103594],[141.842791,39.103644],[141.842491,39.103577],[141.842398,39.103549],[141.842214,39.103498],[141.841979,39.103327],[141.840992,39.103527],[141.840592,39.103552],[141.840354,39.10346],[141.840154,39.103327],[141.839954,39.103352],[141.839829,39.103485],[141.839629,39.103552],[141.839579,39.10351],[141.839342,39.103444],[141.838904,39.103552],[141.838017,39.103894],[141.837779,39.104027],[141.837604,39.104185],[141.837317,39.10421],[141.837054,39.104277],[141.836829,39.104252],[141.836592,39.104185],[141.836192,39.10421],[141.836104,39.104368],[141.835642,39.104277],[141.83543,39.104235],[141.83518,39.104077],[141.834592,39.104077],[141.83413,39.104168],[141.833617,39.104193],[141.833467,39.104327],[141.83318,39.104735],[141.833205,39.105427],[141.833092,39.105652],[141.832605,39.105702],[141.83223,39.105702],[141.831792,39.105635],[141.83133,39.105727],[141.831092,39.105901],[141.83093,39.106243],[141.830667,39.106376],[141.830405,39.106418],[141.830255,39.10656],[141.830205,39.106718],[141.829569,39.107268],[141.829627,39.107662],[141.829788,39.108111],[141.82983,39.108451],[141.829717,39.108651],[141.82948,39.108834],[141.829017,39.109034],[141.82888,39.109151],[141.828642,39.109168],[141.828355,39.109126],[141.827943,39.109193],[141.827868,39.109309],[141.82783,39.109509],[141.82763,39.109668],[141.827055,39.109984],[141.826818,39.110076],[141.826593,39.110076],[141.82598,39.110209],[141.825718,39.110234],[141.825455,39.110368],[141.825055,39.110701],[141.824855,39.111084],[141.824568,39.111359],[141.823905,39.111809],[141.823755,39.111942],[141.823443,39.111917],[141.823268,39.112009],[141.822918,39.111901],[141.822718,39.111901],[141.822543,39.111992],[141.82228,39.112059],[141.822043,39.112167],[141.822018,39.112309],[141.821905,39.112484],[141.821522,39.112616],[141.821356,39.112734],[141.821201,39.112895],[141.8209,39.113428],[141.820638,39.113542],[141.820435,39.11363],[141.818981,39.114042],[141.817088,39.114273],[141.8166,39.114488],[141.816356,39.114558],[141.815544,39.114542],[141.815306,39.114583],[141.814906,39.114517],[141.814181,39.114133],[141.812994,39.113258],[141.811132,39.1118],[141.810782,39.111034],[141.810819,39.110925],[141.811044,39.11085],[141.810869,39.11065],[141.810732,39.110492],[141.810607,39.11025],[141.810557,39.109884],[141.810469,39.109726],[141.810382,39.109392],[141.810894,39.109301],[141.811044,39.108426],[141.810719,39.108151],[141.811069,39.107684],[141.811469,39.107209],[141.811619,39.107118],[141.811844,39.107076],[141.811882,39.107001],[141.812944,39.106959],[141.813007,39.107159],[141.813244,39.107584],[141.813469,39.107659],[141.814256,39.107501],[141.814506,39.107476],[141.814544,39.107293],[141.814394,39.106551],[141.814656,39.106259],[141.814944,39.106259],[141.815094,39.106143],[141.815119,39.106076],[141.815031,39.105984],[141.814794,39.105901],[141.814681,39.105918],[141.814681,39.105943],[141.814569,39.105993],[141.814456,39.105943],[141.814456,39.105901],[141.814219,39.105851],[141.814131,39.105768],[141.814107,39.105543],[141.814019,39.105334],[141.814107,39.105201],[141.814069,39.105018],[141.813982,39.104934],[141.813694,39.104843],[141.813582,39.10466],[141.813382,39.104551],[141.813144,39.104301],[141.812832,39.104276],[141.812619,39.104101],[141.812482,39.103743],[141.812073,39.103717],[141.811807,39.10376],[141.811658,39.103782],[141.811494,39.103785],[141.811182,39.103835],[141.811032,39.10381],[141.810569,39.103651],[141.810332,39.103385],[141.810219,39.10316],[141.809982,39.10316],[141.809607,39.103043],[141.809382,39.102735],[141.809345,39.102593],[141.809382,39.102276],[141.809557,39.102035],[141.809782,39.10201],[141.810482,39.101743],[141.810707,39.101626],[141.810907,39.101376],[141.811057,39.101268],[141.811144,39.101268],[141.811657,39.10111],[141.811869,39.101085],[141.812044,39.100902],[141.812332,39.100743],[141.812619,39.100677],[141.812757,39.100477],[141.812794,39.100277],[141.812844,39.10021],[141.812757,39.100118],[141.812382,39.100027],[141.812157,39.099935],[141.812444,39.099685],[141.812444,39.09926],[141.812619,39.09906],[141.812819,39.099035],[141.812994,39.098877],[141.813107,39.098852],[141.813157,39.098877],[141.813307,39.098677],[141.813069,39.098469],[141.813107,39.098402],[141.813282,39.098294],[141.813482,39.098094],[141.813657,39.098019],[141.813744,39.097885],[141.813744,39.09771],[141.813907,39.097485],[141.814207,39.097235],[141.814257,39.097052],[141.814319,39.09701],[141.814632,39.09696],[141.814807,39.096894],[141.815069,39.096402],[141.815044,39.096219],[141.814957,39.095994],[141.814982,39.095677],[141.815069,39.095452],[141.815207,39.095344],[141.815294,39.095069],[141.815469,39.094894],[141.815844,39.094669],[141.815819,39.094577],[141.815444,39.094377],[141.815207,39.094286],[141.814657,39.094219],[141.814219,39.094244],[141.813882,39.094219],[141.813557,39.094102],[141.813245,39.094061],[141.813095,39.093994],[141.812982,39.093877],[141.812945,39.093702],[141.81277,39.093427],[141.812545,39.093319],[141.812082,39.093294],[141.811507,39.093227],[141.811095,39.093144],[141.810607,39.093094],[141.810232,39.093161],[141.809707,39.093119],[141.809295,39.093052],[141.80907,39.092802],[141.80872,39.091928],[141.808695,39.091253],[141.808808,39.090194],[141.80892,39.089786],[141.809583,39.088778],[141.809845,39.088553],[141.810245,39.088528],[141.810507,39.08837],[141.810682,39.088011],[141.810732,39.087628],[141.810882,39.08742],[141.811145,39.087178],[141.81172,39.086837],[141.812095,39.086545],[141.812295,39.086453],[141.812645,39.086495],[141.81302,39.086795],[141.813345,39.086903],[141.813745,39.086812],[141.81392,39.086678],[141.81412,39.086453],[141.814407,39.086253],[141.81447,39.086178],[141.81457,39.085912],[141.814945,39.085737],[141.815745,39.085628],[141.816307,39.085653],[141.816945,39.085903],[141.817095,39.08597],[141.817394,39.086237],[141.817594,39.086378],[141.817769,39.086587],[141.817944,39.086695],[141.818519,39.08672],[141.818844,39.08667],[141.818869,39.086628],[141.819069,39.086512],[141.819132,39.086287],[141.819207,39.086237],[141.819357,39.085945],[141.819332,39.085829],[141.819507,39.085695],[141.819632,39.085679],[141.819832,39.085562],[141.819957,39.085545],[141.820269,39.085412],[141.820619,39.08532],[141.821294,39.085345],[141.821269,39.085437],[141.821369,39.085662],[141.821357,39.085779],[141.821807,39.085987],[141.822069,39.085895],[141.822319,39.085945],[141.822422,39.086038],[141.822632,39.086237],[141.822719,39.086354],[141.822807,39.086395],[141.822919,39.086395],[141.822982,39.086379],[141.823182,39.086395],[141.823356,39.086379],[141.823731,39.086395],[141.823844,39.086379],[141.823881,39.086304],[141.824119,39.085862],[141.824194,39.085529],[141.824169,39.085279],[141.823981,39.085095],[141.823907,39.08467],[141.823657,39.084462],[141.823507,39.084187],[141.823482,39.083987],[141.823307,39.083779],[141.823057,39.083762],[141.822782,39.08382],[141.822707,39.083804],[141.822679,39.083725],[141.822607,39.083646],[141.822357,39.083621],[141.822307,39.083504],[141.821957,39.083412],[141.821882,39.083279],[141.821844,39.082987],[141.821719,39.082871],[141.821494,39.082846],[141.821346,39.082823],[141.821219,39.082796],[141.820757,39.083021],[141.820507,39.082862],[141.820494,39.082571],[141.820644,39.082412],[141.820744,39.082212],[141.820819,39.082146],[141.820894,39.081921],[141.820819,39.081762],[141.821132,39.081512],[141.821032,39.081354],[141.821207,39.081221],[141.821282,39.081021],[141.821057,39.080854],[141.821107,39.080562],[141.821082,39.080429],[141.821107,39.080296],[141.821307,39.080254],[141.821394,39.080113],[141.821344,39.080004],[141.821769,39.079896],[141.821794,39.079671],[141.822044,39.079671],[141.822019,39.079646],[141.822069,39.079513],[141.822094,39.079129],[141.822144,39.079063],[141.822082,39.078613],[141.822107,39.078454],[141.821882,39.078271],[141.821782,39.077663],[141.821595,39.077455],[141.82117,39.077271],[141.821395,39.07698],[141.821495,39.076663],[141.82177,39.076355],[141.82197,39.076288],[141.822182,39.076288],[141.822307,39.07613],[141.822482,39.076038],[141.822707,39.075996],[141.822982,39.075638],[141.823138,39.075352],[141.823245,39.075213],[141.823795,39.07483],[141.824119,39.074788],[141.824169,39.074747],[141.824594,39.074788],[141.824794,39.07468],[141.825244,39.074638],[141.825494,39.074572],[141.826019,39.074738],[141.826344,39.074988],[141.826569,39.074938],[141.827044,39.074922],[141.827532,39.074788],[141.828057,39.074972],[141.828357,39.075155],[141.828682,39.075047],[141.829007,39.07523],[141.829532,39.075188],[141.829708,39.075184],[141.830032,39.075147],[141.830307,39.075172],[141.830557,39.075147],[141.830931,39.074972],[141.831206,39.07488],[141.831344,39.074655],[141.831644,39.074638],[141.831944,39.074688],[141.832519,39.074847],[141.832744,39.074872],[141.833069,39.074713],[141.833394,39.074763],[141.833535,39.074781],[141.833719,39.074813],[141.833976,39.074823],[141.834119,39.074813],[141.834369,39.074747],[141.834594,39.07448],[141.834581,39.073955],[141.834586,39.073785],[141.834631,39.073555],[141.834856,39.073355],[141.835131,39.073239],[141.835706,39.073247],[141.835781,39.073289],[141.836006,39.073564],[141.836031,39.073789],[141.836331,39.073905],[141.836477,39.073987],[141.836733,39.074118],[141.837256,39.07398],[141.837476,39.073944],[141.837806,39.073914],[141.83842,39.073806],[141.838693,39.073789],[141.839443,39.073839],[141.839818,39.073972],[141.840168,39.074197],[141.840718,39.074389],[141.841306,39.074797],[141.841206,39.074997],[141.840831,39.07538],[141.840931,39.075605],[141.841418,39.076214],[141.841593,39.076239],[141.841856,39.076222],[141.842231,39.075997],[141.842606,39.075864],[141.84308,39.075955],[141.84343,39.076072],[141.84373,39.076255],[141.84403,39.076347],[141.844505,39.076147],[141.84478,39.075922],[141.844918,39.075697],[141.845118,39.075589],[141.845418,39.075297],[141.845668,39.075164],[141.845793,39.07498],[141.845943,39.074872],[141.846043,39.074897],[141.846218,39.07478],[141.84638,39.074631],[141.84643,39.074422],[141.84648,39.074381],[141.84688,39.074364],[141.84703,39.074222],[141.84723,39.074114],[141.847455,39.073914],[141.847555,39.073939],[141.847605,39.073914],[141.847605,39.073847],[141.847793,39.073664],[141.848268,39.073422],[141.848618,39.073381],[141.849268,39.073181],[141.849818,39.072964],[141.85018,39.072989],[141.850567,39.073189],[141.850617,39.073189],[141.850917,39.073306],[141.851378,39.07336],[141.85188,39.073447],[141.85228,39.073447],[141.852655,39.073523],[141.85293,39.073614],[141.85403,39.073348],[141.854879,39.073173],[141.855179,39.073198],[141.855379,39.073114],[141.855542,39.072956],[141.855967,39.072931],[141.856092,39.072781],[141.856167,39.072598],[141.856165,39.072484],[141.856117,39.072331],[141.855917,39.072031],[141.855617,39.071831],[141.855729,39.071606],[141.856104,39.071423],[141.856263,39.071459],[141.856579,39.07154],[141.856879,39.071681],[141.857083,39.071802],[141.857404,39.071798],[141.857479,39.07164],[141.857454,39.07139],[141.857379,39.071231],[141.856904,39.070931],[141.857029,39.070781],[141.857479,39.070915],[141.858092,39.070898],[141.858492,39.070723],[141.858842,39.071081],[141.859479,39.07154],[141.859579,39.071565],[141.859841,39.071473],[141.860316,39.07139],[141.861091,39.071373],[141.861416,39.07119],[141.861491,39.07094],[141.861502,39.070686],[141.861616,39.070581],[141.861891,39.070673],[141.862216,39.070881],[141.862466,39.071131],[141.862541,39.071331],[141.862666,39.071406],[141.862991,39.071406],[141.862966,39.071223],[141.863466,39.07114],[141.863479,39.070981],[141.863628,39.070956],[141.863766,39.071206],[141.864016,39.071323],[141.864241,39.071373],[141.864316,39.071348],[141.864328,39.071057],[141.864403,39.07099],[141.864478,39.07099],[141.864728,39.070898],[141.864778,39.070832],[141.865003,39.07079],[141.865153,39.070498],[141.865453,39.070432],[141.865903,39.070432],[141.866053,39.070748],[141.86612,39.070865],[141.866178,39.070957],[141.866353,39.071146],[141.866528,39.071207],[141.866682,39.071276],[141.866853,39.07134],[141.867053,39.071415],[141.867303,39.07159],[141.867474,39.071614],[141.867628,39.071665],[141.867712,39.071728],[141.867828,39.071773],[141.868003,39.07194],[141.868228,39.072073],[141.869078,39.072057],[141.869128,39.071965],[141.869528,39.071973],[141.869653,39.071907],[141.869703,39.071748],[141.870253,39.07184],[141.870465,39.071615],[141.87014,39.071023],[141.870115,39.070782],[141.870265,39.070715],[141.87049,39.071048],[141.87069,39.071257],[141.87084,39.071282],[141.870965,39.071098],[141.870615,39.070623],[141.870915,39.070765],[141.871365,39.070898],[141.871452,39.070827],[141.871678,39.070515],[141.871703,39.070357],[141.871452,39.070194],[141.871328,39.070157],[141.871452,39.069903],[141.871328,39.069615],[141.871353,39.06934],[141.871328,39.069115],[141.871452,39.069111],[141.87174,39.069182],[141.871883,39.069216],[141.87214,39.069249],[141.872253,39.069232],[141.87234,39.068957],[141.872715,39.068824],[141.872665,39.06849],[141.872528,39.068307],[141.872153,39.068349],[141.872078,39.068282],[141.872128,39.06794],[141.872124,39.067828],[141.872153,39.06779],[141.872503,39.067924],[141.872565,39.067607],[141.872453,39.067541],[141.872403,39.067357],[141.872078,39.066949],[141.872115,39.066724],[141.871678,39.066382],[141.871653,39.066224],[141.87149,39.065999],[141.871628,39.065707],[141.872253,39.065599],[141.87279,39.065374],[141.872878,39.065357],[141.873228,39.064991],[141.873428,39.064683],[141.873665,39.064433],[141.873778,39.064474],[141.87459,39.064616],[141.87489,39.064774],[141.875178,39.064849],[141.875442,39.064833],[141.875702,39.064733],[141.875778,39.064399],[141.87559,39.064241],[141.87524,39.063741],[141.874653,39.063358],[141.874353,39.063216],[141.873565,39.063058],[141.873028,39.063074],[141.872865,39.063008],[141.872728,39.062808],[141.871978,39.062641],[141.871452,39.062412],[141.871191,39.062374],[141.871041,39.062399],[141.870891,39.062349],[141.870616,39.062441],[141.870566,39.062508],[141.870416,39.062549],[141.870041,39.062591],[141.870016,39.062774],[141.869428,39.063041],[141.869303,39.063058],[141.869053,39.062833],[141.868953,39.062716],[141.868641,39.062424],[141.868316,39.062241],[141.868091,39.062058],[141.867791,39.061716],[141.867266,39.061424],[141.867266,39.061266],[141.867366,39.060974],[141.867779,39.060866],[141.867979,39.06075],[141.868029,39.060575],[141.867704,39.060616],[141.867579,39.060683],[141.867216,39.060724],[141.867154,39.060383],[141.866979,39.060291],[141.866479,39.059775],[141.865854,39.059425],[141.865054,39.059175],[141.864604,39.059058],[141.864329,39.059083],[141.864129,39.058991],[141.863829,39.058916],[141.863604,39.058783],[141.863379,39.05885],[141.863604,39.0591],[141.863654,39.059116],[141.863679,39.059233],[141.863554,39.059416],[141.863579,39.059566],[141.863679,39.059591],[141.863804,39.059669],[141.863914,39.059768],[141.863892,39.060066],[141.863917,39.060183],[141.863717,39.060341],[141.863067,39.060466],[141.862717,39.060308],[141.862467,39.060258],[141.862192,39.060283],[141.862042,39.060441],[141.861992,39.060666],[141.861965,39.060749],[141.861904,39.060908],[141.861554,39.061133],[141.861404,39.061133],[141.861354,39.060974],[141.861379,39.060724],[141.861267,39.060458],[141.861242,39.060324],[141.861017,39.060074],[141.860692,39.059824],[141.860438,39.059771],[141.859817,39.059658],[141.859692,39.059724],[141.859592,39.059924],[141.859617,39.059974],[141.859529,39.060124],[141.859529,39.060241],[141.859454,39.060308],[141.859255,39.060374],[141.859232,39.060757],[141.859179,39.061116],[141.859154,39.061274],[141.859067,39.061391],[141.858492,39.061516],[141.857842,39.061266],[141.857617,39.061241],[141.856942,39.060966],[141.856367,39.060899],[141.856342,39.060916],[141.856067,39.060757],[141.855917,39.060757],[141.855442,39.060457],[141.855105,39.060141],[141.85498,39.059824],[141.854905,39.059691],[141.85463,39.059666],[141.854512,39.059708],[141.85428,39.059799],[141.854093,39.060041],[141.85393,39.059749],[141.853955,39.059524],[141.85368,39.059208],[141.85343,39.058999],[141.853105,39.059341],[141.85298,39.059383],[141.85263,39.059316],[141.852305,39.059041],[141.85213,39.058816],[141.851855,39.058674],[141.85173,39.058649],[141.851005,39.058333],[141.850731,39.058349],[141.850656,39.058666],[141.850481,39.058666],[141.850281,39.058758],[141.850331,39.058391],[141.850156,39.058349],[141.849906,39.058616],[141.849756,39.058574],[141.849706,39.058499],[141.849856,39.058233],[141.849881,39.057983],[141.849456,39.057783],[141.849231,39.057799],[141.849181,39.058024],[141.849031,39.058091],[141.848901,39.058128],[141.848793,39.058168],[141.848635,39.058224],[141.848443,39.058287],[141.848248,39.058351],[141.848111,39.058412],[141.847999,39.058538],[141.847993,39.058766],[141.847918,39.058991],[141.847793,39.058966],[141.847493,39.058666],[141.847193,39.058691],[141.847159,39.058915],[141.847168,39.059024],[141.847168,39.059116],[141.846993,39.059141],[141.846818,39.059066],[141.846618,39.059182],[141.846418,39.059091],[141.846156,39.059224],[141.846056,39.059399],[141.845856,39.059674],[141.845706,39.059532],[141.845581,39.059557],[141.845256,39.059732],[141.845131,39.059574],[141.844831,39.059391],[141.844781,39.059391],[141.844631,39.059482],[141.844706,39.059549],[141.844556,39.059641],[141.844131,39.059482],[141.843906,39.059549],[141.843631,39.059499],[141.843406,39.059382],[141.842456,39.059399],[141.842281,39.059424],[141.841869,39.059599],[141.841469,39.059615],[141.84119,39.059753],[141.840944,39.059865],[141.840719,39.059974],[141.840569,39.060089],[141.840369,39.06024],[141.840269,39.060307],[141.839969,39.060332],[141.839656,39.060282],[141.839581,39.060307],[141.839282,39.060282],[141.839076,39.060322],[141.838857,39.06039],[141.838632,39.060524],[141.838493,39.060649],[141.838432,39.060682],[141.838282,39.06054],[141.838107,39.060674],[141.837807,39.060515],[141.837107,39.060265],[141.836007,39.060215],[141.835357,39.060074],[141.834957,39.060065],[141.834757,39.059999],[141.834707,39.060274],[141.834244,39.060224],[141.834082,39.060132],[141.834182,39.059949],[141.834157,39.059949],[141.834182,39.059749],[141.834257,39.059707],[141.834132,39.059524],[141.833857,39.059382],[141.833157,39.059224],[141.832632,39.059332],[141.832357,39.059349],[141.831982,39.059232],[141.831907,39.059074],[141.831632,39.058982],[141.831382,39.05894],[141.830982,39.058732],[141.830807,39.058599],[141.830332,39.05864],[141.829982,39.058524],[141.829607,39.058474],[141.829332,39.05834],[141.829032,39.058407],[141.828782,39.05854],[141.828682,39.058307],[141.828557,39.05829],[141.828307,39.058399],[141.82812,39.058649],[141.82792,39.05869],[141.827445,39.058665],[141.82672,39.059157],[141.82647,39.059398],[141.826095,39.059173],[141.82592,39.05899],[141.825864,39.058935],[141.825795,39.058857],[141.82562,39.058673],[141.825545,39.058715],[141.82553,39.058649],[141.825495,39.058515],[141.82557,39.058448],[141.82537,39.05829],[141.82497,39.058532],[141.824795,39.058507],[141.824295,39.058148],[141.82397,39.057965],[141.823895,39.057907],[141.82367,39.057849],[141.82357,39.057824],[141.823095,39.057865],[141.822333,39.058473],[141.822333,39.058673],[141.822258,39.058807],[141.822033,39.058965],[141.821533,39.058823],[141.820633,39.05889],[141.820283,39.05904],[141.820208,39.059107],[141.819471,39.059307],[141.819121,39.059481],[141.818971,39.05944],[141.819108,39.058673],[141.818608,39.05869],[141.818546,39.05889],[141.818321,39.059073],[141.818296,39.059032],[141.818321,39.058873],[141.818196,39.058732],[141.817746,39.058915],[141.817671,39.05889],[141.817596,39.058932],[141.817421,39.05884],[141.817271,39.058932],[141.817146,39.058948],[141.817046,39.058723],[141.816946,39.05859],[141.816596,39.058881],[141.816253,39.058898],[141.816146,39.058831],[141.815996,39.058715],[141.815646,39.05894],[141.815471,39.058915],[141.815246,39.058506],[141.815046,39.058307],[141.814296,39.057757],[141.813959,39.057123],[141.813884,39.05674],[141.813946,39.055907],[141.813921,39.055707],[141.813946,39.055457],[141.814096,39.055099],[141.814334,39.054899],[141.814634,39.054874],[141.814659,39.054915],[141.814909,39.054924],[141.815334,39.054832],[141.815734,39.054699],[141.815884,39.054299],[141.816109,39.054099],[141.816296,39.054007],[141.816521,39.054074],[141.816673,39.05407],[141.816746,39.054099],[141.816846,39.05419],[141.817046,39.054165],[141.817134,39.054168],[141.817196,39.054174],[141.817346,39.054174],[141.817496,39.054015],[141.817596,39.053699],[141.817596,39.053499],[141.817009,39.052591],[141.817025,39.052368],[141.816934,39.052141],[141.816509,39.051957],[141.816309,39.051799],[141.816696,39.051349],[141.816871,39.050899],[141.816971,39.050807],[141.817171,39.050741],[141.817371,39.050424],[141.817071,39.050291],[141.817034,39.050108],[141.817259,39.049749],[141.817859,39.049283],[141.818159,39.049124],[141.818459,39.049124],[141.819021,39.049016],[141.819146,39.049083],[141.819671,39.048891],[141.819721,39.048799],[141.819971,39.048599],[141.820121,39.04855],[141.820321,39.048258],[141.820558,39.048125],[141.820608,39.048058],[141.821058,39.047858],[141.821133,39.047858],[141.821583,39.047483],[141.822021,39.047191],[141.822321,39.04715],[141.822621,39.047216],[141.822871,39.047241],[141.823096,39.047308],[141.823346,39.047358],[141.823521,39.047241],[141.823546,39.047158],[141.823496,39.04695],[141.822971,39.046675],[141.823271,39.046433],[141.823571,39.046325],[141.823658,39.04625],[141.824708,39.046125],[141.825008,39.04595],[141.825233,39.045883],[141.825558,39.045658],[141.825858,39.045817],[141.826333,39.045908],[141.826633,39.0458],[141.826708,39.045733],[141.826696,39.045575],[141.826371,39.045483],[141.826371,39.045217],[141.826896,39.044992],[141.827221,39.045042],[141.827446,39.045108],[141.827596,39.044992],[141.827471,39.044725],[141.827671,39.044634],[141.828045,39.044817],[141.82872,39.044984],[141.829083,39.044825],[141.829833,39.044609],[141.830533,39.044359],[141.831008,39.044167],[141.83152,39.044075],[141.831895,39.044075],[141.83207,39.044034],[141.832245,39.044034],[141.832295,39.043834],[141.832245,39.043717],[141.83212,39.0437],[141.83207,39.043475],[141.832245,39.043584],[141.832395,39.043634],[141.832545,39.043542],[141.832545,39.043426],[141.832595,39.043409],[141.833095,39.043617],[141.833395,39.043417],[141.833508,39.043117],[141.833383,39.042892],[141.833108,39.042642],[141.832958,39.042442],[141.833008,39.042234],[141.833708,39.042584],[141.833858,39.042759],[141.834208,39.042926],[141.834983,39.042951],[141.835657,39.042617],[141.83587,39.042351],[141.835988,39.042277],[141.836195,39.042217],[141.836345,39.042192],[141.836445,39.042059],[141.836695,39.041834],[141.83692,39.041742],[141.83702,39.042292],[141.837145,39.042401],[141.83747,39.042401],[141.837745,39.042201],[141.83782,39.042042],[141.837695,39.041951],[141.837595,39.041776],[141.83772,39.041684],[141.838245,39.041734],[141.838357,39.041668],[141.838207,39.041443],[141.838082,39.041351],[141.837807,39.041209],[141.837832,39.041051],[141.838257,39.041259],[141.838332,39.041259],[141.838682,39.041468],[141.839157,39.041493],[141.839532,39.041451],[141.839607,39.041318],[141.839532,39.041201],[141.839707,39.040884],[141.839707,39.040709],[141.83977,39.040551],[141.840245,39.040459],[141.84042,39.040284],[141.84082,39.040284],[141.84112,39.040218],[141.841695,39.040243],[141.84182,39.040226],[141.84232,39.040768],[141.842444,39.040884],[141.842719,39.040859],[141.842675,39.040731],[141.842644,39.040634],[141.842669,39.040476],[141.842794,39.040343],[141.842769,39.04021],[141.842857,39.03996],[141.842882,39.039785],[141.842857,39.039601],[141.843032,39.039651],[141.843407,39.04001],[141.843457,39.040168],[141.843569,39.040326],[141.843694,39.04031],[141.843707,39.040101],[141.843507,39.039743],[141.843382,39.039585],[141.843157,39.039401],[141.843307,39.039243],[141.843532,39.03936],[141.843882,39.039701],[141.844332,39.039768],[141.844532,39.039751],[141.844707,39.03966],[141.844757,39.039543],[141.844832,39.039501],[141.844782,39.039393],[141.844682,39.039343],[141.844482,39.039185],[141.844357,39.039135],[141.844357,39.039093],[141.844707,39.039235],[141.844994,39.039093],[141.844944,39.038943],[141.845019,39.038826],[141.844794,39.038618],[141.844719,39.038601],[141.844744,39.038443],[141.844919,39.038485],[141.845169,39.038418],[141.845219,39.038376],[141.845544,39.038535],[141.845794,39.038451],[141.845919,39.038676],[141.846294,39.038568],[141.846269,39.038476],[141.846419,39.038543],[141.846694,39.038368],[141.847044,39.038501],[141.847207,39.038277],[141.847582,39.038352],[141.847707,39.038077],[141.847932,39.038102],[141.847982,39.03806],[141.847932,39.03801],[141.848182,39.037793],[141.848457,39.037727],[141.849044,39.037368],[141.849619,39.036893],[141.849794,39.03656],[141.849457,39.036085],[141.849132,39.035927],[141.848982,39.035744],[141.848946,39.035573],[141.848982,39.035294],[141.849032,39.03516],[141.849407,39.034819],[141.849619,39.034394],[141.849669,39.034169],[141.849844,39.033835],[141.849994,39.033719],[141.850432,39.033519],[141.850682,39.033544],[141.85083,39.03352],[141.851006,39.033491],[141.850965,39.033345],[141.850857,39.033119],[141.850732,39.033105],[141.850507,39.033069],[141.850332,39.032869],[141.850357,39.032552],[141.850207,39.032144],[141.850244,39.031961],[141.850442,39.031981],[141.850569,39.032011],[141.850819,39.032011],[141.851069,39.032127],[141.851244,39.031969],[141.851069,39.031719],[141.850544,39.031561],[141.850194,39.031511],[141.849944,39.031327],[141.849994,39.031127],[141.850244,39.030927],[141.850357,39.030652],[141.850707,39.030453],[141.851232,39.030436],[141.851319,39.030333],[141.851307,39.030186],[141.851216,39.030106],[141.851157,39.029986],[141.851382,39.029786],[141.851507,39.029736],[141.851757,39.029694],[141.852082,39.029853],[141.852157,39.029853],[141.852244,39.029703],[141.852744,39.029411],[141.852844,39.029294],[141.852808,39.029179],[141.852744,39.029053],[141.852469,39.028686],[141.852244,39.028594],[141.852144,39.028594],[141.852369,39.028844],[141.852194,39.028978],[141.851969,39.028794],[141.851394,39.028836],[141.851244,39.028811],[141.851144,39.028719],[141.851244,39.028544],[141.850769,39.028444],[141.850669,39.028469],[141.849994,39.028419],[141.849669,39.028553],[141.849394,39.028553],[141.849319,39.028528],[141.849219,39.028394],[141.849419,39.028261],[141.849544,39.028144],[141.849665,39.028053],[141.849869,39.027903],[141.849857,39.027719],[141.849852,39.027626],[141.849732,39.02747],[141.849657,39.027445],[141.849495,39.027335],[141.849318,39.027222],[141.849107,39.027128],[141.848857,39.026945],[141.848757,39.026903],[141.848432,39.026653],[141.848104,39.026695],[141.847882,39.026603],[141.847607,39.026395],[141.847107,39.026261],[141.846332,39.026186],[141.846007,39.026136],[141.845282,39.026178],[141.844932,39.026153],[141.844382,39.026194],[141.844194,39.026211],[141.843932,39.026186],[141.843707,39.026236],[141.843584,39.026272],[141.84347,39.026344],[141.84302,39.026636],[141.841995,39.026669],[141.841795,39.026469],[141.841755,39.02629],[141.841695,39.025928],[141.841658,39.025628],[141.841333,39.025428],[141.841008,39.025353],[141.840345,39.025536],[141.840245,39.025669],[141.84047,39.025736],[141.840545,39.025919],[141.84012,39.025961],[141.839795,39.025936],[141.839145,39.026061],[141.839095,39.026136],[141.83867,39.026219],[141.83837,39.026219],[141.838245,39.025944],[141.838245,39.025786],[141.83842,39.025611],[141.83842,39.025519],[141.83822,39.025311],[141.837821,39.025153],[141.837146,39.024994],[141.836421,39.024786],[141.836296,39.024778],[141.836346,39.024936],[141.835946,39.024894],[141.835496,39.025003],[141.835396,39.025161],[141.835196,39.025178],[141.834971,39.025019],[141.834646,39.025111],[141.834396,39.025061],[141.833921,39.025169],[141.833746,39.025169],[141.833471,39.025103],[141.832858,39.025228],[141.832583,39.025253],[141.832433,39.025203],[141.832109,39.025228],[141.831884,39.025136],[141.831334,39.025111],[141.831309,39.025153],[141.831509,39.025353],[141.831534,39.025561],[141.831184,39.025469],[141.830859,39.025219],[141.830759,39.025194],[141.830259,39.025328],[141.830334,39.025527],[141.830184,39.025569],[141.829934,39.025411],[141.829684,39.025452],[141.829509,39.025544],[141.829159,39.025494],[141.828821,39.025544],[141.828546,39.025469],[141.828196,39.025694],[141.828171,39.025827],[141.828371,39.026102],[141.828221,39.026102],[141.827996,39.025894],[141.827671,39.025827],[141.827221,39.025961],[141.826996,39.026094],[141.827021,39.026294],[141.826871,39.026294],[141.826709,39.026402],[141.826784,39.026469],[141.826484,39.026586],[141.826284,39.026602],[141.826284,39.026761],[141.825859,39.026786],[141.825634,39.026961],[141.825359,39.026977],[141.825009,39.027135],[141.824559,39.026794],[141.824409,39.026702],[141.824459,39.026569],[141.824559,39.026527],[141.824509,39.026461],[141.824109,39.026361],[141.823984,39.026294],[141.823659,39.026294],[141.823409,39.026136],[141.823084,39.025836],[141.822859,39.025836],[141.822534,39.025902],[141.822434,39.025994],[141.821934,39.025961],[141.821734,39.025894],[141.821534,39.025711],[141.821484,39.025577],[141.821634,39.025244],[141.821284,39.025077],[141.821472,39.024902],[141.821447,39.024852],[141.821022,39.024719],[141.820947,39.024352],[141.820922,39.024269],[141.820722,39.024286],[141.820297,39.024219],[141.820122,39.024444],[141.819572,39.023894],[141.819547,39.023669],[141.819222,39.023444],[141.818397,39.023302],[141.818497,39.023119],[141.818535,39.022894],[141.81831,39.022694],[141.818072,39.022961],[141.818122,39.023227],[141.817972,39.023411],[141.817872,39.023136],[141.817847,39.022819],[141.817735,39.022661],[141.817422,39.022861],[141.817147,39.023244],[141.817122,39.023452],[141.817147,39.023611],[141.817372,39.023861],[141.81731,39.024152],[141.81716,39.024377],[141.81716,39.024461],[141.816885,39.024669],[141.816535,39.024727],[141.81651,39.024411],[141.81656,39.024302],[141.816385,39.024144],[141.81621,39.024094],[141.81606,39.024252],[141.815935,39.024252],[141.81591,39.024002],[141.81581,39.023844],[141.815635,39.023936],[141.815335,39.024002],[141.81516,39.024136],[141.814485,39.024111],[141.814363,39.024134],[141.814185,39.024127],[141.813885,39.024102],[141.813635,39.024194],[141.813547,39.024316],[141.81331,39.02441],[141.813123,39.024439],[141.812956,39.024447],[141.812773,39.024477],[141.812673,39.024569],[141.812574,39.024628],[141.812458,39.024752],[141.812198,39.024944],[141.811698,39.025219],[141.81141,39.025435],[141.80986,39.02626],[141.80961,39.026352],[141.809298,39.026393],[141.808998,39.026252],[141.808898,39.026277],[141.808598,39.02621],[141.80841,39.026027],[141.808235,39.02596],[141.807748,39.025977],[141.807498,39.026068],[141.807291,39.026142],[141.807123,39.026177],[141.806823,39.026243],[141.806748,39.02626],[141.806498,39.026127],[141.806073,39.025985],[141.805973,39.026027],[141.806023,39.026077],[141.806109,39.02613],[141.806248,39.02646],[141.806023,39.02671],[141.805761,39.02691],[141.805411,39.02691],[141.805086,39.026793],[141.804873,39.026493],[141.804773,39.026268],[141.804748,39.026043],[141.804773,39.02591],[141.804448,39.025818],[141.804348,39.025727],[141.804023,39.02566],[141.803973,39.025702],[141.803748,39.025718],[141.803623,39.026085],[141.803323,39.026168],[141.803036,39.026168],[141.802736,39.02621],[141.802561,39.026143],[141.802423,39.02596],[141.802399,39.02576],[141.802349,39.025668],[141.802524,39.025485],[141.802549,39.025327],[141.802449,39.025102],[141.802174,39.024718],[141.801836,39.024493],[141.801661,39.02431],[141.801486,39.024219],[141.801249,39.024485],[141.800974,39.024352],[141.801036,39.02421],[141.800961,39.024077],[141.800761,39.023985],[141.800633,39.024002],[141.800386,39.024002],[141.800286,39.024093],[141.800274,39.024368],[141.800113,39.024462],[141.799924,39.02441],[141.799724,39.024343],[141.79955,39.024356],[141.799324,39.024293],[141.798974,39.024493],[141.799025,39.024588],[141.799075,39.024672],[141.799103,39.024786],[141.799099,39.024877],[141.799124,39.02506],[141.799149,39.025132],[141.799151,39.025217],[141.799086,39.02526],[141.798636,39.025418],[141.798536,39.025593],[141.798302,39.025702],[141.798211,39.025752],[141.797836,39.025677],[141.797711,39.025452],[141.797811,39.025343],[141.797711,39.025002],[141.797611,39.025002],[141.797511,39.025202],[141.797236,39.025227],[141.797186,39.025402],[141.796987,39.025493],[141.796961,39.025718],[141.797011,39.025902],[141.796961,39.026035],[141.796487,39.025943],[141.796324,39.026143],[141.796449,39.026593],[141.796474,39.026643],[141.796399,39.026868],[141.796199,39.027043],[141.796074,39.027085],[141.795924,39.027068],[141.795962,39.027468],[141.795787,39.027493],[141.795587,39.027401],[141.795462,39.027443],[141.795462,39.027493],[141.795637,39.027668],[141.795762,39.028235],[141.795637,39.028393],[141.79563,39.028521],[141.795599,39.028618],[141.795499,39.028751],[141.795624,39.029118],[141.795424,39.029384],[141.795224,39.029543],[141.794974,39.029451],[141.794749,39.029493],[141.794387,39.029693],[141.794362,39.029784],[141.794269,39.029877],[141.794162,39.029893],[141.794137,39.029984],[141.794237,39.029984],[141.794387,39.030076],[141.794387,39.030351],[141.794112,39.030484],[141.794112,39.030659],[141.794249,39.030868],[141.794299,39.030884],[141.794424,39.031093],[141.794399,39.031226],[141.794324,39.031343],[141.794294,39.031564],[141.794449,39.031792],[141.794599,39.032059],[141.794724,39.032134],[141.794811,39.032401],[141.794961,39.032584],[141.795261,39.033176],[141.795486,39.033176],[141.795586,39.033559],[141.795661,39.033651],[141.795574,39.034009],[141.795399,39.034076],[141.795249,39.034342],[141.795074,39.034567],[141.795124,39.034792],[141.795561,39.035542],[141.795811,39.03575],[141.795936,39.035975],[141.796136,39.036175],[141.796261,39.036409],[141.796111,39.036634],[141.796074,39.0369],[141.796088,39.037007],[141.796199,39.037034],[141.796374,39.037059],[141.796498,39.037334],[141.796748,39.037559],[141.796848,39.037809],[141.796798,39.037917],[141.796523,39.038008],[141.796523,39.038125],[141.796848,39.03815],[141.796998,39.038058],[141.797198,39.038058],[141.797423,39.038267],[141.797723,39.0384],[141.797761,39.03865],[141.797711,39.038917],[141.797736,39.039142],[141.798011,39.039392],[141.798286,39.039508],[141.798311,39.0398],[141.798261,39.039892],[141.798223,39.040117],[141.798373,39.040417],[141.798648,39.040708],[141.798698,39.04105],[141.798523,39.041316],[141.798186,39.041541],[141.798011,39.041633],[141.797711,39.042191],[141.797661,39.042375],[141.797886,39.042533],[141.797798,39.042775],[141.797373,39.043],[141.797123,39.042975],[141.796523,39.043041],[141.796303,39.042989],[141.796148,39.042833],[141.796023,39.042608],[141.795648,39.04245],[141.795423,39.0422],[141.795423,39.042041],[141.795936,39.041341],[141.796161,39.041183],[141.796186,39.0411],[141.796136,39.040941],[141.796033,39.040945],[141.795869,39.040979],[141.795786,39.040933],[141.795586,39.040866],[141.795461,39.040866],[141.795436,39.041091],[141.795347,39.041221],[141.795262,39.041287],[141.795051,39.041413],[141.794886,39.041516],[141.794586,39.041691],[141.794323,39.041783],[141.793774,39.041708],[141.793636,39.041483],[141.793061,39.041033],[141.793136,39.04085],[141.793536,39.040358],[141.793461,39.040225],[141.793486,39.0402],[141.793474,39.040067],[141.793399,39.040017],[141.793249,39.03925],[141.792899,39.039042],[141.792211,39.03845],[141.791936,39.038267],[141.791661,39.038175],[141.791636,39.038067],[141.791661,39.037858],[141.791711,39.037817],[141.791711,39.037617],[141.791362,39.037433],[141.791287,39.03725],[141.791062,39.037025],[141.791174,39.036842],[141.791249,39.036592],[141.791424,39.036375],[141.791199,39.03585],[141.791074,39.035734],[141.790824,39.035759],[141.790812,39.035325],[141.790887,39.035175],[141.790887,39.034875],[141.790837,39.0347],[141.790612,39.034559],[141.790537,39.034242],[141.790599,39.033925],[141.790424,39.033684],[141.790299,39.033609],[141.790149,39.033359],[141.789949,39.033201],[141.789774,39.033159],[141.789524,39.033201],[141.789449,39.033292],[141.789424,39.033517],[141.789462,39.0339],[141.789437,39.034034],[141.789362,39.0341],[141.789012,39.034209],[141.788687,39.034142],[141.788412,39.034225],[141.788187,39.034225],[141.787687,39.034109],[141.787462,39.033617],[141.7874,39.03325],[141.786925,39.032842],[141.786875,39.032709],[141.786808,39.032686],[141.78675,39.032801],[141.78665,39.032817],[141.786389,39.032731],[141.78615,39.032726],[141.785875,39.032659],[141.785776,39.032702],[141.785675,39.032767],[141.785437,39.032875],[141.785087,39.032809],[141.78445,39.032376],[141.784125,39.032009],[141.78445,39.031859],[141.784475,39.031784],[141.784575,39.031701],[141.784525,39.031609],[141.784075,39.031651],[141.784036,39.031504],[141.784,39.031359],[141.78395,39.031151],[141.783888,39.031017],[141.783863,39.030834],[141.783738,39.030701],[141.783763,39.030317],[141.783713,39.030267],[141.783263,39.030176],[141.783213,39.030109],[141.783238,39.029926],[141.783363,39.029634],[141.783575,39.029343],[141.783525,39.029251],[141.783325,39.029143],[141.783275,39.028934],[141.783275,39.028734],[141.7835,39.028643],[141.783675,39.028734],[141.783775,39.028576],[141.78375,39.028534],[141.783838,39.028351],[141.783838,39.028218],[141.783738,39.028179],[141.783713,39.028218],[141.783338,39.028126],[141.783363,39.028076],[141.783251,39.027977],[141.783127,39.027957],[141.783013,39.027901],[141.782913,39.027809],[141.782563,39.027734],[141.782563,39.027534],[141.782388,39.027309],[141.782088,39.027459],[141.782013,39.027709],[141.781888,39.027843],[141.781575,39.027909],[141.781525,39.027951],[141.7813,39.027951],[141.7811,39.027834],[141.781138,39.027768],[141.780838,39.027451],[141.780238,39.027426],[141.780001,39.027559],[141.780077,39.027586],[141.780255,39.02767],[141.780225,39.027701],[141.779826,39.027759],[141.779626,39.027876],[141.779451,39.027893],[141.779001,39.028051],[141.778776,39.028293],[141.778451,39.028426],[141.778126,39.028401],[141.777926,39.028268],[141.777726,39.028268],[141.777517,39.028309],[141.777326,39.028275],[141.777063,39.028393],[141.776838,39.028393],[141.776813,39.028526],[141.776838,39.028801],[141.776588,39.029117],[141.776447,39.029233],[141.776151,39.029409],[141.775976,39.029584],[141.775651,39.029601],[141.775501,39.029559],[141.775383,39.029606],[141.775246,39.029616],[141.775201,39.029667],[141.775101,39.029801],[141.775026,39.029826],[141.774976,39.030209],[141.774838,39.030342],[141.774863,39.030542],[141.775063,39.030684],[141.774913,39.030842],[141.774688,39.031017],[141.774507,39.031129],[141.774263,39.031267],[141.773988,39.031376],[141.773863,39.031376],[141.773651,39.031442],[141.773478,39.031527],[141.773326,39.031592],[141.772776,39.03175],[141.772501,39.03195],[141.772401,39.032267],[141.772314,39.03285],[141.772164,39.03305],[141.771714,39.033142],[141.771664,39.033209],[141.771339,39.0333],[141.771101,39.0335],[141.771201,39.033609],[141.770976,39.03395],[141.770501,39.034242],[141.770351,39.034325],[141.770051,39.034458],[141.770014,39.034525],[141.769839,39.034683],[141.769264,39.034608],[141.768739,39.0345],[141.768639,39.03445],[141.768239,39.03415],[141.768201,39.034017],[141.768451,39.033858],[141.768551,39.033684],[141.768426,39.0333],[141.768276,39.0328],[141.768164,39.032667],[141.768114,39.032525],[141.768164,39.031984],[141.767977,39.031284],[141.768027,39.031175],[141.768227,39.03095],[141.768577,39.030684],[141.768652,39.030501],[141.768577,39.030234],[141.768614,39.030117],[141.768514,39.030076],[141.768327,39.030184],[141.768127,39.030342],[141.767977,39.030384],[141.767677,39.030384],[141.767477,39.030517],[141.767377,39.030542],[141.767312,39.030587],[141.767202,39.030675],[141.767077,39.030809],[141.767002,39.03105],[141.766964,39.03135],[141.766989,39.031525],[141.766664,39.031484],[141.766314,39.031392],[141.766289,39.031317],[141.766339,39.03119],[141.766387,39.030999],[141.766391,39.030909],[141.766402,39.030825],[141.766452,39.030692],[141.766202,39.0306],[141.765902,39.030392],[141.765577,39.030251],[141.765502,39.029942],[141.765602,39.029784],[141.765852,39.029692],[141.766039,39.029176],[141.766014,39.029084],[141.766064,39.028976],[141.766214,39.028817],[141.765964,39.028659],[141.765214,39.028492],[141.76484,39.028492],[141.764765,39.028509],[141.764615,39.028217],[141.764852,39.027609],[141.765027,39.027384],[141.765402,39.027251],[141.765502,39.027093],[141.76514,39.026618],[141.765215,39.026418],[141.765165,39.026259],[141.765181,39.026094],[141.765015,39.026034],[141.764915,39.026051],[141.764803,39.0261],[141.764756,39.026272],[141.76464,39.026368],[141.76454,39.026551],[141.76439,39.026543],[141.76424,39.026409],[141.764165,39.026209],[141.764465,39.026093],[141.76449,39.026026],[141.76439,39.025934],[141.76424,39.025843],[141.76434,39.025734],[141.764365,39.025759],[141.764465,39.025734],[141.76459,39.025759],[141.76464,39.025643],[141.76459,39.025534],[141.76439,39.025443],[141.764365,39.025234],[141.764165,39.025193],[141.763927,39.024959],[141.763777,39.024918],[141.763677,39.024784],[141.763527,39.024693],[141.763177,39.024868],[141.76284,39.024934],[141.76269,39.024868],[141.762252,39.024451],[141.762077,39.024093],[141.762052,39.023684],[141.762127,39.023576],[141.76249,39.023351],[141.762615,39.023218],[141.762915,39.02306],[141.76309,39.02311],[141.76319,39.023085],[141.763465,39.023201],[141.763615,39.023176],[141.76379,39.02336],[141.76394,39.023201],[141.76399,39.023185],[141.76419,39.023251],[141.76459,39.023143],[141.76469,39.023076],[141.764465,39.022868],[141.764515,39.022776],[141.764365,39.022668],[141.764377,39.022485],[141.764227,39.022285],[141.764202,39.022143],[141.764152,39.022076],[141.763927,39.021943],[141.763802,39.021735],[141.763527,39.021643],[141.763277,39.021168],[141.763415,39.020876],[141.76329,39.020651],[141.76344,39.02056],[141.763565,39.02056],[141.76359,39.020543],[141.763565,39.020385],[141.76324,39.020285],[141.76304,39.02031],[141.762965,39.019952],[141.763015,39.01981],[141.762865,39.019702],[141.762665,39.019743],[141.762515,39.019902],[141.76229,39.019852],[141.76204,39.020035],[141.76194,39.020051],[141.76184,39.020168],[141.76194,39.020326],[141.761865,39.020435],[141.761565,39.020393],[141.761515,39.020185],[141.761615,39.019985],[141.761615,39.019893],[141.761415,39.019776],[141.76124,39.019935],[141.76084,39.020135],[141.76014,39.019976],[141.759915,39.01981],[141.75994,39.019701],[141.760215,39.019368],[141.76054,39.01916],[141.760703,39.01901],[141.760503,39.018777],[141.760153,39.01871],[141.759628,39.01886],[141.759303,39.018752],[141.759078,39.018477],[141.759278,39.018227],[141.759353,39.018068],[141.759053,39.017818],[141.758853,39.017752],[141.758628,39.017593],[141.758378,39.017593],[141.758053,39.017702],[141.757878,39.018085],[141.75779,39.018851],[141.75759,39.018943],[141.75739,39.018801],[141.757065,39.018985],[141.75689,39.019001],[141.75679,39.018935],[141.75644,39.01916],[141.75639,39.019226],[141.756215,39.019243],[141.75614,39.019176],[141.75609,39.019176],[141.75589,39.01931],[141.75569,39.01931],[141.755553,39.019351],[141.755241,39.019218],[141.755066,39.01906],[141.755016,39.018901],[141.755041,39.018851],[141.754916,39.018743],[141.754891,39.018585],[141.754741,39.018493],[141.754566,39.018626],[141.754441,39.018668],[141.754316,39.018443],[141.754116,39.018485],[141.753916,39.018618],[141.753616,39.01866],[141.753541,39.01871],[141.753668,39.019208],[141.753903,39.01941],[141.754303,39.019776],[141.754378,39.01991],[141.753516,39.020576],[141.752791,39.020709],[141.752516,39.020659],[141.752441,39.020551],[141.752216,39.020501],[141.751841,39.020701],[141.751666,39.020659],[141.751641,39.020609],[141.751691,39.020359],[141.751391,39.020384],[141.751066,39.020359],[141.751041,39.019843],[141.751103,39.019435],[141.751078,39.019185],[141.750678,39.019276],[141.750528,39.019385],[141.750178,39.019335],[141.749991,39.019451],[141.749791,39.019426],[141.749491,39.019285],[141.749266,39.019443],[141.749066,39.019784],[141.748941,39.020159],[141.748866,39.020209],[141.748841,39.020343],[141.748878,39.020568],[141.748678,39.020818],[141.748653,39.020976],[141.748728,39.021109],[141.748678,39.021334],[141.748578,39.021376],[141.748128,39.021401],[141.747978,39.021443],[141.747666,39.021734],[141.747566,39.022118],[141.747666,39.022409],[141.747591,39.022501],[141.747216,39.022634],[141.747153,39.022701],[141.746779,39.022742],[141.746629,39.022942],[141.746828,39.023084],[141.746704,39.023326],[141.746504,39.023551],[141.746441,39.023676],[141.746341,39.023792],[141.746341,39.023876],[141.746266,39.023967],[141.745991,39.024009],[141.745029,39.02475],[141.744954,39.02475],[141.744554,39.0245],[141.744329,39.024384],[141.743854,39.024517],[141.743529,39.024534],[141.743104,39.024509],[141.742679,39.024442],[141.742379,39.024275],[141.742129,39.02405],[141.741929,39.023825],[141.741854,39.023667],[141.741816,39.023151],[141.741741,39.022942],[141.741616,39.022809],[141.741341,39.022759],[141.741166,39.022651],[141.741041,39.022309],[141.740891,39.022192],[141.740491,39.022217],[141.740366,39.022326],[141.740091,39.022709],[141.739891,39.022709],[141.739017,39.022517],[141.738792,39.022292],[141.738667,39.021859],[141.738542,39.021726],[141.738267,39.021792],[141.738142,39.021951],[141.738092,39.022109],[141.737892,39.022242],[141.737704,39.02255],[141.737479,39.022709],[141.737229,39.022842],[141.737179,39.022934],[141.737079,39.022959],[141.736804,39.02295],[141.736379,39.022884],[141.736129,39.022742],[141.735979,39.022584],[141.735929,39.022425],[141.736004,39.022267],[141.736392,39.021867],[141.736417,39.021617],[141.736342,39.021509],[141.736142,39.021484],[141.735967,39.021484],[141.735792,39.021617],[141.735714,39.021546],[141.735567,39.021317],[141.735517,39.021301],[141.735267,39.021409],[141.735042,39.021542],[141.735004,39.021767],[141.735104,39.021884],[141.735029,39.022017],[141.734804,39.02215],[141.734704,39.022284],[141.734579,39.0226],[141.734454,39.022642],[141.734342,39.022596],[141.734229,39.022509],[141.734054,39.022459],[141.733883,39.022527],[141.733755,39.022537],[141.733729,39.022434],[141.733717,39.0219],[141.733804,39.021859],[141.733829,39.0213],[141.733117,39.019959],[141.732904,39.019976],[141.733204,39.020792],[141.733442,39.021784],[141.732317,39.022625],[141.731767,39.0231],[141.731292,39.023209],[141.731167,39.0233],[141.73098,39.023608],[141.730755,39.023675],[141.730305,39.0237],[141.729732,39.023985],[141.72943,39.024325],[141.729267,39.024633],[141.729077,39.024915],[141.728967,39.025217],[141.728767,39.0254],[141.72848,39.025983],[141.72833,39.026391],[141.72833,39.026775],[141.728155,39.027],[141.728017,39.027291],[141.727967,39.027716],[141.727967,39.028166],[141.728042,39.0283],[141.728417,39.028441],[141.728867,39.028491],[141.729167,39.028425],[141.729492,39.028291],[141.729867,39.0282],[141.730192,39.028208],[141.730467,39.028275],[141.731092,39.028166],[141.731242,39.028166],[141.731542,39.028258],[141.731817,39.028466],[141.732117,39.028783],[141.732292,39.029191],[141.732229,39.029775],[141.732279,39.029841],[141.733242,39.029758],[141.733567,39.029783],[141.733867,39.029858],[141.734104,39.0302],[141.734579,39.030625],[141.734979,39.030675],[141.735504,39.030608],[141.736142,39.030483],[141.737091,39.030125],[141.737541,39.030041],[141.737941,39.030066],[141.738191,39.030133],[141.738341,39.030316],[141.738441,39.030658],[141.737966,39.030833],[141.737829,39.030991],[141.737904,39.03115],[141.738004,39.031241],[141.737679,39.031733],[141.737204,39.032024],[141.737179,39.032224],[141.737266,39.032274],[141.737529,39.032291],[141.738129,39.032233],[141.738204,39.032299],[141.737591,39.032924],[141.736866,39.032491],[141.736516,39.032358],[141.735991,39.032416],[141.735017,39.032683],[141.734992,39.032749],[141.735017,39.032908],[141.735129,39.033291],[141.734904,39.033966],[141.734829,39.034099],[141.734404,39.034124],[141.734304,39.034032],[141.734204,39.033691],[141.734004,39.033466],[141.733704,39.033166],[141.733729,39.033124],[141.733367,39.032624],[141.733167,39.032441],[141.732892,39.032283],[141.732617,39.032241],[141.732392,39.032308],[141.731904,39.032549],[141.731754,39.032549],[141.731579,39.032391],[141.731279,39.032274],[141.730929,39.032224],[141.730704,39.032266],[141.730454,39.032358],[141.730379,39.032491],[141.730554,39.032991],[141.730554,39.033374],[141.730792,39.033624],[141.731067,39.034049],[141.731667,39.034482],[141.732292,39.034782],[141.732492,39.034924],[141.732842,39.034924],[141.733092,39.034966],[141.733267,39.034974],[141.733442,39.034882],[141.733617,39.034841],[141.734092,39.034866],[141.734417,39.034957],[141.734766,39.035091],[141.735141,39.035207],[141.735416,39.035191],[141.735691,39.035057],[141.736216,39.034899],[141.736441,39.034974],[141.736914,39.035198],[141.737141,39.035316],[141.737391,39.035516],[141.737641,39.035816],[141.737741,39.036066],[141.737716,39.036424],[141.736829,39.037316],[141.736554,39.037182],[141.736429,39.037207],[141.736304,39.037382],[141.736291,39.037882],[141.736491,39.038082],[141.736691,39.038149],[141.736941,39.038065],[141.737029,39.037882],[141.737229,39.037815],[141.737929,39.037799],[141.738304,39.038074],[141.738504,39.038032],[141.738654,39.03814],[141.738504,39.038232],[141.738491,39.038282],[141.738591,39.038415],[141.738566,39.038615],[141.738241,39.038907],[141.737304,39.039557],[141.736879,39.039932],[141.736654,39.040207],[141.736479,39.040249],[141.736204,39.04029],[141.736029,39.040382],[141.735979,39.040448],[141.735741,39.041323],[141.735679,39.042523],[141.735554,39.042815],[141.735354,39.043123],[141.735116,39.043173],[141.734891,39.043148],[141.734554,39.042898],[141.734379,39.042848],[141.734041,39.042823],[141.733766,39.042915],[141.733591,39.04314],[141.733466,39.043631],[141.733266,39.044015],[141.733204,39.044373],[141.733279,39.045348],[141.733441,39.045681],[141.733791,39.045914],[141.733966,39.045981],[141.734166,39.045939],[141.734366,39.045823],[141.734641,39.045831],[141.734791,39.045898],[141.734916,39.046081],[141.734941,39.046189],[141.735191,39.046464],[141.735491,39.046714],[141.735666,39.046964],[141.736166,39.047348],[141.736341,39.047531],[141.736428,39.047873],[141.735728,39.048114],[141.735603,39.048273],[141.735678,39.048539],[141.735828,39.048681],[141.735641,39.049131],[141.737316,39.049656],[141.737653,39.049414],[141.737941,39.049572],[141.738166,39.049622],[141.740241,39.050489],[141.740641,39.050722],[141.741015,39.051197],[141.74124,39.051622],[141.741203,39.052031],[141.741128,39.052214],[141.740878,39.052456],[141.740678,39.052589],[141.740603,39.052656],[141.740328,39.052656],[141.739765,39.053347],[141.73984,39.053464],[141.740165,39.053672],[141.740165,39.053714],[141.739865,39.053939],[141.740015,39.054097],[141.739865,39.054164],[141.73964,39.054047],[141.739353,39.054272],[141.739478,39.054364],[141.738428,39.054564],[141.738253,39.054539],[141.737291,39.053472],[141.736966,39.053172],[141.736316,39.052447],[141.736153,39.051747],[141.735853,39.051339],[141.735753,39.051139],[141.735578,39.050956],[141.735303,39.050797],[141.734978,39.050747],[141.734428,39.050831],[141.733903,39.051164],[141.733666,39.051664],[141.733266,39.052422],[141.733128,39.052964],[141.733153,39.05328],[141.733253,39.053622],[141.733428,39.053938],[141.733766,39.054255],[141.734391,39.054647],[141.734991,39.054922],[141.736166,39.055222],[141.736441,39.055247],[141.736891,39.055472],[141.737641,39.055997],[141.738415,39.056613],[141.739428,39.057163],[141.739728,39.057497],[141.739928,39.057813],[141.740053,39.058113],[141.740103,39.05838],[141.740028,39.05863],[141.73964,39.059255],[141.73924,39.059688],[141.738678,39.060113],[141.738328,39.060313],[141.737903,39.060754],[141.73759,39.061254],[141.73764,39.061721],[141.73774,39.062063],[141.738128,39.062679],[141.738328,39.063487],[141.738228,39.063554],[141.738003,39.063554],[141.737965,39.064321],[141.737865,39.064612],[141.737715,39.064729],[141.737415,39.064879],[141.735578,39.06557],[141.735228,39.065812],[141.734616,39.066329],[141.734766,39.066512],[141.734716,39.066579],[141.734616,39.06662],[141.734491,39.066554],[141.734341,39.066554],[141.734191,39.066754],[141.734291,39.066862],[141.734078,39.067179],[141.734003,39.06747],[141.734103,39.067628],[141.734753,39.068312],[141.734453,39.068445],[141.734003,39.068103],[141.733878,39.06817],[141.733191,39.068712],[141.732716,39.068637],[141.732416,39.068587],[141.732291,39.068953],[141.732141,39.068945],[141.731953,39.069312],[141.731928,39.06942],[141.732028,39.06947],[141.732053,39.069603],[141.729566,39.070803],[141.729216,39.070486],[141.729366,39.07042],[141.729166,39.070211],[141.729041,39.070278],[141.728716,39.069961],[141.728841,39.069895],[141.728629,39.069695],[141.728441,39.069778],[141.727929,39.069278],[141.726679,39.068478],[141.727104,39.068078],[141.727641,39.067703],[141.727991,39.067387],[141.728416,39.066895],[141.728429,39.066687],[141.728204,39.066512],[141.728279,39.066395],[141.727204,39.065687],[141.726766,39.065348],[141.725366,39.06432],[141.725191,39.06432],[141.722792,39.06627],[141.722192,39.065695],[141.722629,39.064712],[141.725054,39.06267],[141.725304,39.062654],[141.725504,39.062545],[141.725704,39.062412],[141.725704,39.062162],[141.725529,39.062004],[141.725479,39.061846],[141.725392,39.061304],[141.725167,39.061029],[141.724917,39.060896],[141.724642,39.060779],[141.724517,39.060662],[141.724304,39.060004],[141.724404,39.059804],[141.724204,39.059263],[141.724204,39.059063],[141.724454,39.058971],[141.724404,39.058679],[141.724267,39.058296],[141.723417,39.057454],[141.722404,39.056546],[141.722404,39.056388],[141.722504,39.056363],[141.722629,39.056363],[141.722704,39.05578],[141.722679,39.055555],[141.722554,39.055396],[141.722392,39.05458],[141.722317,39.054105],[141.72203,39.053246],[141.72198,39.052997],[141.722817,39.048855],[141.72333,39.048364],[141.723455,39.047914],[141.723792,39.046881],[141.724042,39.046272],[141.724205,39.045706],[141.724105,39.045597],[141.723855,39.045522],[141.72373,39.045456],[141.723855,39.045031],[141.723755,39.044939],[141.723992,39.044398],[141.724067,39.044264],[141.724042,39.043906],[141.724167,39.043364],[141.724317,39.043164],[141.724455,39.043139],[141.724505,39.043164],[141.724605,39.043139],[141.724892,39.04089],[141.724817,39.04064],[141.723317,39.038623],[141.72308,39.038665],[141.72288,39.038773],[141.722705,39.038823],[141.72253,39.038548],[141.722717,39.038365],[141.722967,39.038215],[141.722917,39.038032],[141.722542,39.037598],[141.722367,39.037307],[141.722342,39.037123],[141.722242,39.036965],[141.72183,39.036532],[141.72105,39.035962],[141.71953,39.034965],[141.718943,39.03464],[141.717743,39.034115],[141.717643,39.034049],[141.717293,39.033574],[141.716993,39.033074],[141.716806,39.032599],[141.716706,39.032032],[141.716556,39.031782],[141.715931,39.031399],[141.715293,39.030582],[141.714993,39.030307],[141.714793,39.029991],[141.714756,39.029266],[141.714681,39.028907],[141.714556,39.028591],[141.714181,39.028249],[141.713906,39.028182],[141.713556,39.028266],[141.713381,39.028357],[141.713106,39.028307],[141.713006,39.028149],[141.712906,39.027657],[141.712744,39.027357],[141.712519,39.027199],[141.712119,39.026991],[141.711794,39.026924],[141.711619,39.026808],[141.711294,39.026083],[141.710569,39.025808],[141.710219,39.025783],[141.710044,39.025649],[141.709806,39.025241],[141.709606,39.024791],[141.709581,39.024383],[141.709606,39.024066],[141.709744,39.023708],[141.709919,39.023416],[141.710606,39.022583],[141.711056,39.022225],[141.711456,39.022091],[141.712431,39.021941],[141.712719,39.021766],[141.713294,39.021092],[141.713519,39.021008],[141.713919,39.020967],[141.716068,39.019983],[141.716293,39.0199],[141.716443,39.019767],[141.716443,39.019608],[141.716343,39.019492],[141.716168,39.0194],[141.715618,39.019417],[141.714831,39.017067],[141.715419,39.015784],[141.715806,39.015226],[141.716119,39.015517],[141.716169,39.015601],[141.716206,39.0173],[141.716281,39.018092],[141.716431,39.018367],[141.716606,39.018525],[141.716981,39.018684],[141.717556,39.0188],[141.717931,39.019009],[141.718268,39.019234],[141.718443,39.019234],[141.718631,39.019125],[141.718631,39.01885],[141.718356,39.018042],[141.718293,39.0177],[141.718318,39.017475],[141.718418,39.017292],[141.718643,39.017117],[141.719118,39.016826],[141.719431,39.016559],[141.720081,39.016384],[141.720356,39.016276],[141.720581,39.016092],[141.720681,39.015917],[141.720793,39.015284],[141.720818,39.015059],[141.720743,39.014609],[141.720618,39.014384],[141.720393,39.014151],[141.720118,39.013951],[141.719206,39.012951],[141.719706,39.013084],[141.720156,39.013426],[141.720242,39.013482],[141.720456,39.013526],[141.720615,39.01357],[141.721006,39.013776],[141.721456,39.014184],[141.721493,39.014526],[141.721293,39.014659],[141.721268,39.015217],[141.721268,39.015509],[141.721581,39.016484],[141.721556,39.016709],[141.721343,39.017117],[141.721118,39.017426],[141.720918,39.017542],[141.720243,39.017584],[141.720043,39.017625],[141.719918,39.017717],[141.719918,39.017959],[141.720256,39.018434],[141.720481,39.018617],[141.720706,39.018759],[141.720956,39.018825],[141.72143,39.018875],[141.721655,39.0191],[141.722055,39.019284],[141.72308,39.019109],[141.72338,39.019],[141.723568,39.0188],[141.723718,39.01835],[141.724293,39.017792],[141.72468,39.017526],[141.72518,39.017326],[141.72548,39.017051],[141.72568,39.016676],[141.725843,39.016201],[141.725968,39.016042],[141.726518,39.015842],[141.726868,39.015826],[141.727268,39.015893],[141.727443,39.015876],[141.727605,39.015651],[141.72763,39.015309],[141.727605,39.014609],[141.727705,39.014434],[141.727993,39.014234],[141.728367,39.014076],[141.728742,39.014051],[141.729117,39.014234],[141.729517,39.014576],[141.729617,39.014509],[141.729717,39.014401],[141.729922,39.014396],[141.73019,39.014439],[141.730742,39.014568],[141.730946,39.01464],[141.731117,39.014793],[141.731405,39.015268],[141.731342,39.016376],[141.732242,39.018076],[141.732492,39.018076],[141.732567,39.018042],[141.732042,39.016168],[141.73178,39.015268],[141.731766,39.014903],[141.731742,39.014576],[141.731792,39.014276],[141.731892,39.014076],[141.73148,39.012926],[141.73143,39.012635],[141.731542,39.012068],[141.73208,39.010785],[141.732305,39.01056],[141.73273,39.010452],[141.733155,39.01041],[141.733355,39.010277],[141.73353,39.01001],[141.733492,39.009718],[141.733292,39.009443],[141.733242,39.00926],[141.733292,39.009085],[141.733492,39.008902],[141.733967,39.008768],[141.73423,39.008635],[141.73438,39.00841],[141.73438,39.008277],[141.73483,39.007652],[141.735117,39.007152],[141.735367,39.006819],[141.735817,39.006419],[141.735905,39.006169],[141.736105,39.005877],[141.73613,39.005294],[141.736205,39.005044],[141.736817,39.004577],[141.737092,39.004419],[141.737292,39.004394],[141.737567,39.004694],[141.737842,39.004736],[141.737992,39.004669],[141.738092,39.004561],[141.738067,39.004294],[141.738355,39.003844],[141.738405,39.002894],[141.73838,39.002669],[141.73838,39.002311],[141.73823,39.002086],[141.737817,39.001836],[141.737717,39.001586],[141.737767,39.001136],[141.737892,39.000794],[141.738092,39.000594],[141.738455,39.000461],[141.739255,38.999994],[141.73963,38.999819],[141.740105,38.999753],[141.740817,38.999778],[141.740992,38.999761],[141.741467,38.999378],[141.741817,38.99902],[141.74223,38.998753],[141.74233,38.998411],[141.74213,38.998161],[141.74178,38.997895],[141.74148,38.997728],[141.741455,38.997645],[141.741555,38.997461],[141.741655,38.997436],[141.74178,38.997528],[141.742105,38.997486],[141.742492,38.997378],[141.742292,38.997153],[141.742342,38.997103],[141.742667,38.997128],[141.742967,38.997203],[141.743092,38.997178],[141.743367,38.997203],[141.743592,38.997386],[141.743992,38.997211],[141.744142,38.997095],[141.744017,38.996961],[141.743792,38.996936],[141.743717,38.99682],[141.743892,38.99682],[141.744067,38.996911],[141.744167,38.996845],[141.744092,38.996686],[141.743917,38.99667],[141.743867,38.996645],[141.743917,38.996511],[141.74413,38.996353],[141.74413,38.996237],[141.744046,38.996124],[141.74398,38.995987],[141.74423,38.995853],[141.744355,38.99552],[141.744391,38.995359],[141.744417,38.995178],[141.744455,38.995027],[141.744442,38.994953],[141.74378,38.995128],[141.743155,38.99567],[141.74273,38.995753],[141.74228,38.995503],[141.74218,38.995412],[141.74193,38.99507],[141.741805,38.99467],[141.741805,38.994578],[141.74208,38.994537],[141.742192,38.994537],[141.742317,38.994353],[141.742342,38.99417],[141.742042,38.994153],[141.741842,38.994103],[141.741817,38.994062],[141.741992,38.993878],[141.742292,38.993878],[141.742442,38.993745],[141.742392,38.993678],[141.742492,38.993295],[141.742605,38.992978],[141.743305,38.992762],[141.743555,38.992404],[141.74363,38.992404],[141.74373,38.992537],[141.74388,38.99247],[141.744067,38.99222],[141.743892,38.992045],[141.743867,38.991954],[141.744242,38.990895],[141.74413,38.990079],[141.74388,38.989945],[141.743405,38.989962],[141.74323,38.989854],[141.74328,38.989404],[141.743492,38.988704],[141.743392,38.987954],[141.743042,38.987887],[141.742867,38.987729],[141.742754,38.987627],[141.74263,38.987479],[141.742155,38.986887],[141.74223,38.986304],[141.742068,38.985896],[141.741823,38.985679],[141.741668,38.985462],[141.741543,38.985079],[141.741268,38.984721],[141.741243,38.984696],[141.740968,38.984921],[141.740893,38.985212],[141.741093,38.985462],[141.741155,38.985729],[141.74103,38.986046],[141.74093,38.986162],[141.74053,38.986337],[141.740405,38.986354],[141.74033,38.986629],[141.740393,38.986921],[141.740543,38.987262],[141.740418,38.987512],[141.739818,38.987754],[141.739743,38.987979],[141.73948,38.988154],[141.739198,38.988184],[141.73898,38.988312],[141.738855,38.988537],[141.737618,38.988954],[141.737418,38.98902],[141.737118,38.98902],[141.737043,38.988995],[141.736905,38.988587],[141.736705,38.988404],[141.73628,38.98847],[141.735955,38.988354],[141.73558,38.98817],[141.735433,38.988065],[141.735254,38.98798],[141.73498,38.987987],[141.734368,38.988437],[141.734218,38.988454],[141.733568,38.988404],[141.733518,38.988387],[141.733268,38.98802],[141.733143,38.987729],[141.732718,38.987837],[141.732643,38.987879],[141.732793,38.988087],[141.732818,38.98822],[141.732768,38.988287],[141.732727,38.98839],[141.732718,38.988495],[141.73275,38.988776],[141.732656,38.989012],[141.732381,38.989345],[141.732231,38.98982],[141.731831,38.990087],[141.731393,38.990287],[141.731018,38.990287],[141.730868,38.990212],[141.730468,38.990104],[141.730293,38.990145],[141.730118,38.99012],[141.730093,38.990079],[141.730068,38.989854],[141.730093,38.989779],[141.730293,38.989737],[141.730506,38.989629],[141.730406,38.98942],[141.730281,38.989379],[141.729981,38.989329],[141.729581,38.989354],[141.729456,38.989437],[141.729393,38.989729],[141.729218,38.989887],[141.728918,38.99002],[141.728593,38.989929],[141.728243,38.989903],[141.728068,38.989862],[141.728093,38.98997],[141.728468,38.990112],[141.728718,38.990312],[141.729093,38.99032],[141.729143,38.990337],[141.729118,38.990628],[141.728981,38.990853],[141.728681,38.991037],[141.728006,38.991278],[141.727581,38.991253],[141.727456,38.991228],[141.727306,38.991045],[141.727068,38.990187],[141.727093,38.989953],[141.727193,38.989695],[141.727294,38.989337],[141.727144,38.98922],[141.726869,38.98922],[141.726669,38.989237],[141.725769,38.989662],[141.725206,38.989703],[141.724719,38.98947],[141.724594,38.989337],[141.724344,38.988795],[141.724147,38.988766],[141.723969,38.98877],[141.723494,38.988879],[141.723069,38.988495],[141.722944,38.988154],[141.722794,38.987995],[141.722719,38.98797],[141.722419,38.988487],[141.722519,38.98887],[141.722381,38.989345],[141.722356,38.98982],[141.722431,38.989953],[141.722556,38.989978],[141.722981,38.989978],[141.723206,38.99007],[141.723381,38.990212],[141.723606,38.990545],[141.723719,38.991003],[141.723794,38.991545],[141.723619,38.992012],[141.722644,38.993336],[141.722144,38.994303],[141.721944,38.994303],[141.721781,38.994395],[141.721806,38.994645],[141.721981,38.994753],[141.721856,38.995028],[141.721631,38.99502],[141.721556,38.995003],[141.721506,38.995494],[141.721487,38.995951],[141.721444,38.996086],[141.721094,38.996236],[141.720994,38.996753],[141.720681,38.996936],[141.720406,38.997044],[141.720031,38.997111],[141.719231,38.997078],[141.718781,38.997011],[141.718781,38.996653],[141.718756,38.996603],[141.717731,38.996578],[141.716707,38.996594],[141.716607,38.996586],[141.716544,38.997986],[141.716169,38.998052],[141.715144,38.997977],[141.713957,38.997836],[141.712882,38.997627],[141.712382,38.997444],[141.711245,38.996669],[141.710745,38.996094],[141.71072,38.995786],[141.711082,38.995353],[141.711107,38.995244],[141.710857,38.994836],[141.710757,38.994228],[141.71082,38.994028],[141.710995,38.993711],[141.71167,38.99342],[141.712757,38.99262],[141.713082,38.992461],[141.713182,38.992195],[141.713132,38.992145],[141.713007,38.992103],[141.712932,38.992103],[141.712732,38.992078],[141.712657,38.992028],[141.712595,38.991711],[141.71257,38.991236],[141.71262,38.991153],[141.71282,38.991011],[141.71342,38.990953],[141.713745,38.990845],[141.71382,38.990753],[141.714032,38.990253],[141.713907,38.989937],[141.713732,38.989695],[141.713707,38.989537],[141.713782,38.989487],[141.714134,38.989436],[141.71432,38.989403],[141.714445,38.989287],[141.71432,38.98902],[141.714095,38.988862],[141.71392,38.988337],[141.713907,38.987887],[141.713982,38.987754],[141.713932,38.987412],[141.713732,38.987254],[141.713732,38.987162],[141.713832,38.986962],[141.714007,38.986787],[141.714032,38.986579],[141.713995,38.986329],[141.714145,38.98577],[141.714145,38.985587],[141.71432,38.985454],[141.71467,38.985412],[141.715032,38.985254],[141.715607,38.984854],[141.715782,38.984946],[141.715957,38.984971],[141.715982,38.984904],[141.715907,38.984696],[141.716795,38.984187],[141.716895,38.984054],[141.716795,38.983937],[141.71647,38.983754],[141.716395,38.983621],[141.716595,38.983437],[141.716895,38.983237],[141.717007,38.982996],[141.717007,38.982721],[141.717157,38.982562],[141.717582,38.982346],[141.717582,38.982204],[141.717482,38.982187],[141.717282,38.982204],[141.717182,38.982179],[141.717182,38.982162],[141.717507,38.982004],[141.717495,38.981887],[141.71672,38.981571],[141.71662,38.981571],[141.716482,38.981662],[141.716432,38.981654],[141.716057,38.981587],[141.715995,38.981179],[141.715795,38.981088],[141.715395,38.981221],[141.71517,38.981385],[141.715032,38.981512],[141.714952,38.981623],[141.714807,38.981737],[141.714532,38.981987],[141.713995,38.982587],[141.714095,38.982796],[141.713995,38.983037],[141.71382,38.983312],[141.71367,38.983396],[141.71317,38.983504],[141.712882,38.983712],[141.712832,38.983954],[141.712832,38.984229],[141.712432,38.984429],[141.711982,38.984445],[141.711457,38.984262],[141.711332,38.984329],[141.711095,38.984529],[141.71097,38.984595],[141.710495,38.984704],[141.709545,38.984429],[141.709393,38.984236],[141.709168,38.984004],[141.708895,38.983746],[141.708383,38.983404],[141.708208,38.983137],[141.708133,38.982771],[141.708108,38.982296],[141.70822,38.981871],[141.708795,38.981446],[141.70882,38.981337],[141.708608,38.980837],[141.708508,38.980429],[141.708583,38.980162],[141.708983,38.979963],[141.709033,38.979804],[141.708883,38.979621],[141.708895,38.979504],[141.709045,38.979421],[141.70912,38.979304],[141.70872,38.979346],[141.708433,38.979504],[141.708183,38.979504],[141.708158,38.979454],[141.70837,38.979213],[141.70852,38.979238],[141.70872,38.979188],[141.70927,38.978904],[141.709395,38.978696],[141.709345,38.978538],[141.709095,38.978696],[141.70897,38.978696],[141.708895,38.978513],[141.708695,38.978421],[141.708695,38.978338],[141.70887,38.978246],[141.708983,38.978129],[141.708858,38.978088],[141.708395,38.978063],[141.70832,38.978079],[141.707895,38.978396],[141.70742,38.978638],[141.706971,38.978796],[141.706496,38.978771],[141.706171,38.978679],[141.705408,38.978629],[141.705058,38.978554],[141.704296,38.978238],[141.703946,38.978188],[141.703596,38.977871],[141.703571,38.977779],[141.703746,38.977554],[141.704121,38.977196],[141.703996,38.976929],[141.703871,38.976838],[141.703721,38.976879],[141.703421,38.976988],[141.703371,38.977238],[141.702996,38.977596],[141.702721,38.977729],[141.702596,38.977746],[141.702221,38.977721],[141.701846,38.977629],[141.701346,38.977021],[141.701021,38.976704],[141.700921,38.976521],[141.700746,38.976538],[141.700696,38.976588],[141.700496,38.976496],[141.699771,38.976713],[141.699546,38.976829],[141.699196,38.976713],[141.698696,38.976346],[141.698596,38.976004],[141.698646,38.975696],[141.698409,38.975146],[141.698759,38.974879],[141.698559,38.974679],[141.698259,38.974471],[141.698359,38.974338],[141.698384,38.974221],[141.698109,38.974113],[141.697659,38.974063],[141.697459,38.974013],[141.697309,38.973813],[141.697372,38.973604],[141.697522,38.973538],[141.697822,38.973479],[141.698047,38.973271],[141.698022,38.973071],[141.697622,38.97278],[141.697622,38.972663],[141.697797,38.972596],[141.698022,38.972621],[141.698297,38.972671],[141.698497,38.972671],[141.698559,38.972538],[141.698484,38.972446],[141.698284,38.972421],[141.698084,38.97233],[141.697773,38.972294],[141.697534,38.972213],[141.697359,38.972138],[141.696959,38.972163],[141.696684,38.972071],[141.696409,38.97193],[141.696359,38.971755],[141.696397,38.970446],[141.696522,38.969971],[141.696909,38.96903],[141.697259,38.968438],[141.698197,38.96748],[141.698522,38.967347],[141.698886,38.967277],[141.699159,38.967172],[141.699384,38.96713],[141.699659,38.967038],[141.699984,38.966655],[141.700609,38.966297],[141.701872,38.965655],[141.702609,38.965322],[141.703334,38.965105],[141.704134,38.965014],[141.704234,38.96488],[141.704484,38.964905],[141.705509,38.965189],[141.705909,38.965389],[141.705984,38.965505],[141.706709,38.96553],[141.706734,38.96558],[141.706734,38.965889],[141.706846,38.966905],[141.707246,38.966955],[141.707396,38.967005],[141.707471,38.967097],[141.707596,38.967564],[141.707546,38.967655],[141.707696,38.967772],[141.708021,38.967747],[141.708646,38.967414],[141.708721,38.967464],[141.709296,38.967672],[141.709671,38.967672],[141.709946,38.967922],[141.710196,38.967922],[141.710396,38.967655],[141.710446,38.967497],[141.710883,38.96743],[141.711033,38.96743],[141.711108,38.967572],[141.711071,38.967639],[141.711346,38.967772],[141.711521,38.967772],[141.711796,38.967822],[141.712021,38.96798],[141.711871,38.96818],[141.712146,38.968255],[141.71242,38.968189],[141.713145,38.968439],[141.71332,38.968214],[141.713358,38.96808],[141.713608,38.968039],[141.713608,38.96808],[141.714075,38.968045],[141.714228,38.968054],[141.714233,38.967955],[141.714008,38.967905],[141.713983,38.967747],[141.714183,38.967522],[141.714358,38.967389],[141.714633,38.967505],[141.714783,38.967439],[141.714908,38.96728],[141.715195,38.967239],[141.715245,38.967147],[141.715334,38.96697],[141.715645,38.966989],[141.715819,38.966977],[141.715995,38.967014],[141.716445,38.967156],[141.716745,38.967114],[141.717095,38.967164],[141.71732,38.967414],[141.717245,38.967655],[141.717495,38.967797],[141.71782,38.967864],[141.71792,38.967772],[141.71792,38.967689],[141.71777,38.967572],[141.71777,38.967506],[141.718195,38.967331],[141.718195,38.967239],[141.71797,38.967006],[141.71787,38.967006],[141.717819,38.966926],[141.717895,38.966764],[141.71787,38.966647],[141.717758,38.966489],[141.717608,38.966372],[141.717308,38.966239],[141.717258,38.966106],[141.717537,38.965811],[141.717733,38.965631],[141.717858,38.965431],[141.717708,38.965181],[141.717745,38.965047],[141.717845,38.964889],[141.717795,38.964756],[141.71782,38.964706],[141.71802,38.964597],[141.718495,38.964464],[141.718845,38.964397],[141.718995,38.964422],[141.71907,38.964622],[141.719245,38.964631],[141.719345,38.964606],[141.71957,38.964356],[141.71982,38.964606],[141.719795,38.964814],[141.719895,38.964947],[141.720195,38.964947],[141.72032,38.964881],[141.720695,38.964798],[141.721757,38.964239],[141.722182,38.963923],[141.72312,38.963573],[141.723445,38.963506],[141.72347,38.963464],[141.723195,38.963323],[141.72332,38.963006],[141.723545,38.962873],[141.72397,38.962831],[141.72407,38.962789],[141.724082,38.962539],[141.723982,38.962248],[141.723882,38.962181],[141.723607,38.96209],[141.723282,38.961906],[141.723557,38.961815],[141.723757,38.961706],[141.723657,38.961323],[141.723511,38.961169],[141.723302,38.960972],[141.723095,38.960706],[141.723095,38.960506],[141.723295,38.960256],[141.723645,38.960031],[141.724357,38.959748],[141.724582,38.959723],[141.724807,38.95959],[141.724707,38.959256],[141.724782,38.959098],[141.724957,38.95894],[141.725107,38.958757],[141.724995,38.958515],[141.72502,38.958398],[141.72512,38.958357],[141.72532,38.95824],[141.725395,38.958157],[141.725245,38.958065],[141.724495,38.958082],[141.72437,38.958007],[141.724395,38.957832],[141.724568,38.957782],[141.724795,38.957857],[141.725045,38.957882],[141.725145,38.957765],[141.725195,38.957657],[141.72492,38.957657],[141.724766,38.957635],[141.724695,38.957648],[141.724553,38.957717],[141.72437,38.957765],[141.72397,38.957532],[141.72387,38.957373],[141.723895,38.95699],[141.724057,38.956723],[141.724357,38.956682],[141.724456,38.956619],[141.724532,38.956498],[141.724714,38.956414],[141.724882,38.956348],[141.725157,38.956232],[141.725345,38.955674],[141.72547,38.955715],[141.72557,38.955874],[141.72572,38.955924],[141.725995,38.955815],[141.72647,38.955774],[141.72652,38.955682],[141.72702,38.955549],[141.72727,38.955574],[141.72762,38.955707],[141.72787,38.955649],[141.727945,38.955332],[141.728057,38.955107],[141.728032,38.95499],[141.727545,38.955032],[141.727432,38.95494],[141.727507,38.954782],[141.727432,38.954582],[141.727207,38.954332],[141.727107,38.954332],[141.726832,38.954465],[141.726457,38.95439],[141.725882,38.954415],[141.725857,38.954274],[141.725907,38.954232],[141.726782,38.954124],[141.727057,38.95404],[141.726957,38.953965],[141.726807,38.95379],[141.726732,38.953765],[141.726532,38.953765],[141.726382,38.95374],[141.726207,38.953832],[141.726082,38.953824],[141.726107,38.953624],[141.725982,38.953624],[141.725882,38.953465],[141.725882,38.953199],[141.726107,38.953216],[141.726845,38.953357],[141.727545,38.953316],[141.727995,38.953191],[141.72832,38.952899],[141.72842,38.952624],[141.728317,38.952386],[141.728107,38.952282],[141.727907,38.952216],[141.727757,38.951949],[141.727757,38.951582],[141.727357,38.951532],[141.726557,38.951416],[141.726282,38.951641],[141.726157,38.951599],[141.725957,38.951666],[141.725695,38.952066],[141.725495,38.952266],[141.725345,38.952291],[141.72532,38.952241],[141.72532,38.952132],[141.725545,38.951932],[141.725807,38.951574],[141.725807,38.951391],[141.725633,38.951366],[141.725408,38.951524],[141.724945,38.951791],[141.724595,38.951924],[141.724095,38.951849],[141.723595,38.951574],[141.723495,38.951482],[141.723445,38.951307],[141.723583,38.951124],[141.723858,38.950924],[141.723883,38.950816],[141.723733,38.950766],[141.723458,38.950766],[141.723458,38.950741],[141.723558,38.950649],[141.723933,38.950657],[141.723958,38.950524],[141.723808,38.950516],[141.723733,38.950407],[141.723733,38.950199],[141.723933,38.950316],[141.724033,38.950316],[141.724183,38.950182],[141.724258,38.950024],[141.723858,38.949932],[141.723483,38.949866],[141.723258,38.949749],[141.722983,38.949724],[141.722733,38.949857],[141.722508,38.950191],[141.722108,38.950349],[141.722108,38.950466],[141.722058,38.950641],[141.721958,38.950682],[141.72147,38.951107],[141.720995,38.951832],[141.721058,38.952082],[141.720708,38.952457],[141.720608,38.952507],[141.720183,38.952565],[141.719383,38.952582],[141.718808,38.952532],[141.718333,38.952374],[141.717933,38.952082],[141.717758,38.951715],[141.717883,38.95154],[141.717808,38.951465],[141.716408,38.951007],[141.716108,38.951099],[141.716008,38.951249],[141.716008,38.95134],[141.715883,38.951565],[141.715558,38.951699],[141.715483,38.951699],[141.715108,38.95154],[141.714658,38.951082],[141.714208,38.951149],[141.713534,38.951149],[141.713384,38.951165],[141.713209,38.951124],[141.712659,38.95069],[141.712334,38.950507],[141.712309,38.950282],[141.712484,38.950257],[141.712784,38.950015],[141.713171,38.94979],[141.713696,38.949615],[141.714271,38.949282],[141.714571,38.949166],[141.714933,38.948791],[141.715008,38.948649],[141.715009,38.948132],[141.715308,38.948199],[141.715608,38.948207],[141.716171,38.947824],[141.716146,38.947599],[141.715921,38.947399],[141.715271,38.947349],[141.714771,38.947457],[141.714371,38.947449],[141.714059,38.947649],[141.713859,38.947716],[141.713684,38.947466],[141.713671,38.947082],[141.713971,38.947024],[141.714321,38.946824],[141.714696,38.946708],[141.715146,38.946533],[141.715246,38.946374],[141.715146,38.946308],[141.714971,38.946308],[141.714646,38.946416],[141.714596,38.946374],[141.714621,38.946308],[141.714696,38.946233],[141.714734,38.946058],[141.714259,38.945824],[141.713884,38.945758],[141.713409,38.945774],[141.712696,38.945749],[141.712346,38.945833],[141.711996,38.945766],[141.712359,38.945499],[141.712309,38.945383],[141.711909,38.945408],[141.711559,38.945241],[141.711134,38.945199],[141.710721,38.945283],[141.710396,38.945191],[141.710097,38.945074],[141.709547,38.945049],[141.709272,38.945158],[141.708797,38.945158],[141.707347,38.944833],[141.706872,38.944849],[141.705272,38.945157],[141.705084,38.945357],[141.704834,38.945282],[141.704534,38.945149],[141.704222,38.944741],[141.703997,38.944291],[141.70381,38.943316],[141.703835,38.942908],[141.70401,38.942483],[141.70426,38.942241],[141.704597,38.942108],[141.704785,38.942374],[141.704885,38.942424],[141.706122,38.942249],[141.705997,38.9413],[141.706147,38.941283],[141.706272,38.941308],[141.706547,38.941508],[141.706797,38.941491],[141.707084,38.9414],[141.707459,38.940883],[141.707459,38.940816],[141.707234,38.940633],[141.707059,38.940566],[141.706859,38.940358],[141.706484,38.940333],[141.706135,38.940241],[141.705935,38.940058],[141.705997,38.939541],[141.705972,38.939316],[141.705372,38.9392],[141.705322,38.939133],[141.705322,38.938883],[141.705147,38.938725],[141.705022,38.938342],[141.704822,38.938317],[141.704422,38.938333],[141.704097,38.938267],[141.703672,38.938267],[141.702922,38.938125],[141.702097,38.938183],[141.701497,38.938475],[141.700923,38.938583],[141.700598,38.938533],[141.69986,38.938841],[141.69971,38.938933],[141.699635,38.939091],[141.699285,38.939358],[141.69946,38.939658],[141.699573,38.93975],[141.69986,38.93975],[141.700123,38.939866],[141.700198,38.939975],[141.700123,38.940108],[141.700123,38.940175],[141.700248,38.940291],[141.700947,38.940316],[141.701022,38.940366],[141.701472,38.940933],[141.701522,38.941383],[141.701135,38.941474],[141.70086,38.941674],[141.70051,38.941849],[141.69911,38.941774],[141.69871,38.941658],[141.697935,38.941558],[141.697435,38.941424],[141.69706,38.941349],[141.69646,38.941574],[141.696448,38.941733],[141.696948,38.941958],[141.696973,38.942099],[141.696598,38.942316],[141.696398,38.942341],[141.696198,38.942583],[141.696198,38.942807],[141.696248,38.942966],[141.695935,38.943082],[141.69601,38.943174],[141.696335,38.943266],[141.69636,38.943307],[141.696085,38.943441],[141.696285,38.943557],[141.696935,38.943716],[141.697385,38.943882],[141.69776,38.943924],[141.698585,38.944091],[141.698635,38.944157],[141.69866,38.944841],[141.698523,38.945357],[141.698098,38.945799],[141.696985,38.946565],[141.696895,38.94669],[141.69676,38.946807],[141.696485,38.946965],[141.696023,38.94734],[141.695698,38.947432],[141.695148,38.94734],[141.694523,38.947132],[141.693998,38.946899],[141.693673,38.946715],[141.693485,38.946515],[141.693185,38.94644],[141.69311,38.946357],[141.693185,38.946265],[141.69336,38.946199],[141.693335,38.946107],[141.69296,38.945807],[141.692611,38.945607],[141.692361,38.945674],[141.692161,38.945849],[141.692061,38.945849],[141.691911,38.945732],[141.691636,38.945782],[141.691411,38.945865],[141.691461,38.945982],[141.691886,38.946049],[141.691798,38.946182],[141.691548,38.946299],[141.691248,38.946432],[141.691123,38.946565],[141.690723,38.94649],[141.690598,38.946649],[141.690673,38.94679],[141.690548,38.946857],[141.690298,38.946832],[141.689925,38.9469],[141.689673,38.94689],[141.689298,38.946799],[141.689175,38.946913],[141.689111,38.946999],[141.689058,38.947099],[141.688986,38.947157],[141.688761,38.94734],[141.688761,38.947448],[141.688861,38.947632],[141.688986,38.94779],[141.688936,38.94804],[141.688886,38.948132],[141.688948,38.948648],[141.688948,38.948898],[141.688823,38.949048],[141.688701,38.949154],[141.688548,38.949257],[141.688423,38.94939],[141.688436,38.949457],[141.688536,38.949498],[141.688761,38.949507],[141.688948,38.949482],[141.689086,38.949615],[141.689229,38.949849],[141.689336,38.950023],[141.689536,38.950048],[141.690386,38.950165],[141.690861,38.950348],[141.691211,38.950623],[141.691544,38.951244],[141.692098,38.951823],[141.692198,38.951965],[141.692473,38.953023],[141.692435,38.95334],[141.692035,38.953365],[141.69161,38.953448],[141.691798,38.954981],[141.691998,38.955664],[141.69096,38.955898],[141.69081,38.955898],[141.69101,38.956581],[141.691023,38.956939],[141.690073,38.957023],[141.689973,38.956998],[141.69011,38.956256],[141.689935,38.956164],[141.689335,38.956006],[141.688773,38.956406],[141.688423,38.956514],[141.688148,38.956423],[141.688111,38.956156],[141.687961,38.955948],[141.687636,38.955948],[141.687536,38.955964],[141.686998,38.956256],[141.686923,38.956323],[141.687173,38.956547],[141.687148,38.956797],[141.687223,38.957006],[141.687348,38.957114],[141.687998,38.957097],[141.688248,38.957189],[141.688561,38.957781],[141.688785,38.958414],[141.688648,38.959089],[141.688473,38.959339],[141.688248,38.959764],[141.688098,38.959922],[141.687983,38.960015],[141.687823,38.960072],[141.687561,38.960364],[141.687011,38.960314],[141.686561,38.960447],[141.686461,38.960697],[141.686711,38.960764],[141.687361,38.960839],[141.687885,38.961089],[141.68811,38.961314],[141.688098,38.961814],[141.687948,38.961972],[141.687373,38.962147],[141.687398,38.962305],[141.687573,38.962422],[141.687998,38.962872],[141.688248,38.963014],[141.688535,38.963264],[141.688735,38.963647],[141.688835,38.964188],[141.68871,38.964522],[141.688373,38.96488],[141.688023,38.965155],[141.687155,38.965374],[141.686823,38.965347],[141.686623,38.965363],[141.68606,38.965655],[141.684961,38.965938],[141.684811,38.966238],[141.684811,38.966305],[141.685011,38.966561],[141.685198,38.966821],[141.685323,38.967121],[141.68539,38.967598],[141.68501,38.96813],[141.684561,38.96853],[141.683948,38.968913],[141.683298,38.969113],[141.681473,38.969479],[141.680961,38.969429],[141.679898,38.969129],[141.678961,38.969329],[141.678611,38.969279],[141.678086,38.969096],[141.677811,38.968938],[141.677711,38.968688],[141.677636,38.968663],[141.677511,38.968754],[141.677036,38.968888],[141.676536,38.968863],[141.676261,38.969038],[141.676161,38.969263],[141.676186,38.969488],[141.676599,38.969946],[141.676654,38.970072],[141.676949,38.970329],[141.676944,38.970568],[141.677249,38.970896],[141.677424,38.970987],[141.677499,38.970987],[141.677549,38.971029],[141.677511,38.971412],[141.677461,38.971754],[141.677286,38.971979],[141.676936,38.972204],[141.676424,38.972404],[141.675899,38.972529],[141.675774,38.972512],[141.674974,38.972462],[141.674424,38.972587],[141.674024,38.972704],[141.673349,38.972829],[141.672687,38.972804],[141.671912,38.973179],[141.671712,38.973495],[141.671737,38.97377],[141.672224,38.974379],[141.672199,38.974629],[141.671724,38.975028],[141.671262,38.975162],[141.670712,38.975453],[141.670562,38.975653],[141.670312,38.975828],[141.670112,38.975853],[141.669362,38.975762],[141.669087,38.975578],[141.668987,38.975328],[141.669037,38.97512],[141.668962,38.974945],[141.668712,38.974628],[141.668612,38.974628],[141.668462,38.97467],[141.668362,38.97487],[141.668337,38.975003],[141.668587,38.975162],[141.668612,38.975437],[141.668549,38.975912],[141.668399,38.976137],[141.667949,38.976337],[141.667874,38.976812],[141.667987,38.977103],[141.668287,38.977378],[141.668637,38.977603],[141.668937,38.977828],[141.668987,38.977895],[141.668987,38.97817],[141.668724,38.978486],[141.668449,38.978953],[141.668299,38.979428],[141.668187,38.980145],[141.668012,38.980444],[141.667612,38.980753],[141.667149,38.980994],[141.666674,38.98129],[141.666449,38.981311],[141.666274,38.981394],[141.666188,38.981435],[141.665999,38.981511],[141.665999,38.981736],[141.666037,38.981828],[141.666387,38.982394],[141.666787,38.982619],[141.667437,38.982786],[141.667787,38.982894],[141.668112,38.983103],[141.668237,38.983236],[141.668362,38.983486],[141.668362,38.983711],[141.668174,38.984144],[141.668099,38.984211],[141.668024,38.984411],[141.668174,38.984569],[141.668374,38.984636],[141.668624,38.984844],[141.668599,38.985002],[141.668361,38.985452],[141.668111,38.985786],[141.667686,38.986211],[141.667299,38.986527],[141.667074,38.98691],[141.666999,38.987385],[141.667086,38.987769],[141.667311,38.988035],[141.667411,38.988444],[141.667488,38.98855],[141.667586,38.988652],[141.667661,38.988877],[141.667649,38.989077],[141.667724,38.989144],[141.667899,38.989169],[141.668374,38.989352],[141.668499,38.989402],[141.668874,38.989494],[141.669224,38.989452],[141.669511,38.989319],[141.669761,38.989227],[141.669986,38.989252],[141.670136,38.989369],[141.670311,38.989435],[141.670401,38.989466],[141.670461,38.989477],[141.670936,38.989594],[141.671661,38.989602],[141.671861,38.989877],[141.671886,38.98996],[141.672173,38.99026],[141.672348,38.990602],[141.672673,38.99166],[141.672786,38.992318],[141.672886,38.992477],[141.673211,38.992635],[141.673361,38.99286],[141.673448,38.993243],[141.673498,38.99336],[141.673648,38.993518],[141.673723,38.993543],[141.674098,38.993518],[141.674361,38.993452],[141.67466,38.993502],[141.67481,38.993552],[141.675235,38.993618],[141.676403,38.993383],[141.676585,38.993402],[141.677085,38.993452],[141.677185,38.993427],[141.67761,38.993502],[141.677685,38.99346],[141.678185,38.99366],[141.67896,38.994185],[141.67921,38.99426],[141.67936,38.99426],[141.681322,38.998418],[141.680547,38.998935],[141.680347,38.998976],[141.680297,38.998951],[141.680097,38.999068],[141.67971,38.999335],[141.679785,38.999493],[141.675885,39.001901],[141.675998,39.002109],[141.675531,39.002366],[141.675298,39.002484],[141.67436,39.002926],[141.672798,39.003792],[141.672173,39.004109],[141.67071,39.004725],[141.67016,39.004925],[141.668823,39.005525],[141.668348,39.005634],[141.667748,39.0057],[141.666898,39.005692],[141.666073,39.005642],[141.665648,39.005567],[141.665048,39.005342],[141.664698,39.005092],[141.664523,39.004842],[141.664548,39.004209],[141.664361,39.004075],[141.664111,39.004025],[141.663824,39.004092],[141.663549,39.004092],[141.663361,39.003842],[141.662936,39.003659],[141.662836,39.003567],[141.662811,39.0032],[141.662811,39.003],[141.662761,39.002909],[141.662511,39.002892],[141.662211,39.0026],[141.662136,39.002325],[141.661811,39.002192],[141.661436,39.002142],[141.661011,39.002184],[141.660761,39.002117],[141.660724,39.0018],[141.660549,39.001367],[141.660374,39.001142],[141.660124,39.000934],[141.659699,39.000667],[141.659274,39.000501],[141.658774,39.000384],[141.658274,39.000334],[141.657599,39.000334],[141.657524,39.000375],[141.657324,39.000559],[141.657249,39.000734],[141.657274,39.000892],[141.657437,39.0011],[141.657787,39.001075],[141.657912,39.001167],[141.658312,39.001375],[141.658362,39.0016],[141.658462,39.001759],[141.658541,39.001939],[141.658612,39.002142],[141.658737,39.00235],[141.658762,39.002484],[141.658724,39.002642],[141.658599,39.002775],[141.658449,39.002909],[141.658524,39.003334],[141.658824,39.003625],[141.659049,39.003767],[141.659299,39.004033],[141.659349,39.004242],[141.659086,39.004667],[141.658636,39.005025],[141.658212,39.005317],[141.657199,39.005783],[141.656674,39.005841],[141.654749,39.005916],[141.654624,39.0059],[141.654099,39.005916],[141.652837,39.005925],[141.651687,39.005966],[141.651087,39.006075],[141.6493,39.006558],[141.64875,39.006733],[141.648272,39.006716],[141.647889,39.006667],[141.647125,39.006608],[141.64635,39.006624],[141.644163,39.006608],[141.642388,39.006549],[141.640538,39.006316],[141.638514,39.006116],[141.637564,39.005999],[141.636639,39.005807],[141.633489,39.004866],[141.632014,39.004224],[141.630964,39.003874],[141.629502,39.003191],[141.628552,39.002908],[141.628277,39.002791],[141.627577,39.002408],[141.626827,39.001949],[141.62614,39.001358],[141.625465,39.000716],[141.624715,39.000758],[141.62424,39.000824],[141.62414,39.000824],[141.62384,39.000391],[141.62379,39.000191],[141.624128,38.999491],[141.623928,38.998608],[141.623965,38.998158],[141.624065,38.997866],[141.624465,38.997758],[141.624865,38.997758],[141.625115,38.997625],[141.624978,38.996858],[141.625078,38.996525],[141.625328,38.99625],[141.62519,38.995958],[141.62524,38.995683],[141.625415,38.995325],[141.62564,38.9951],[141.626053,38.994858],[141.626053,38.994725],[141.625903,38.994675],[141.625503,38.99465],[141.624328,38.994483],[141.623703,38.994342],[141.622516,38.994183],[141.622041,38.994042],[141.622053,38.993925],[141.622678,38.992892],[141.623628,38.993125],[141.623941,38.992675],[141.623941,38.992633],[141.623816,38.992567],[141.623591,38.99245],[141.623566,38.992383],[141.623853,38.991842],[141.624053,38.99155],[141.624667,38.99148],[141.625678,38.991317],[141.626365,38.991225],[141.62664,38.991209],[141.626903,38.991792],[141.627228,38.991884],[141.628128,38.99205],[141.628203,38.992142],[141.628353,38.992659],[141.628728,38.9926],[141.628928,38.992375],[141.629028,38.9921],[141.628653,38.9919],[141.62849,38.991534],[141.62849,38.991284],[141.62899,38.991242],[141.629015,38.991159],[141.62894,38.990975],[141.62879,38.990884],[141.628565,38.990859],[141.628593,38.99069],[141.628818,38.990365],[141.628953,38.990142],[141.629078,38.989892],[141.629047,38.989651],[141.628803,38.989484],[141.628403,38.989417],[141.628228,38.989367],[141.628152,38.98928],[141.628063,38.989173],[141.62804,38.989026],[141.62844,38.988809],[141.628715,38.988584],[141.628815,38.988359],[141.629015,38.988109],[141.629071,38.987973],[141.628928,38.987909],[141.628565,38.988201],[141.628465,38.988376],[141.628115,38.988509],[141.628015,38.988484],[141.62774,38.988284],[141.627715,38.988101],[141.627615,38.988034],[141.627115,38.988142],[141.62669,38.987801],[141.626316,38.987434],[141.626066,38.987342],[141.625728,38.986934],[141.625653,38.986601],[141.625203,38.985959],[141.625116,38.985443],[141.625141,38.985034],[141.625441,38.984584],[141.625753,38.984384],[141.625703,38.984226],[141.625403,38.983868],[141.625253,38.983301],[141.625241,38.982893],[141.625366,38.98256],[141.625391,38.982285],[141.625366,38.982193],[141.625391,38.98186],[141.625578,38.981585],[141.625903,38.98141],[141.626353,38.981343],[141.626553,38.981343],[141.626803,38.981168],[141.626828,38.980918],[141.626641,38.980401],[141.626691,38.980018],[141.626891,38.979952],[141.626976,38.979868],[141.627016,38.979768],[141.627053,38.979568],[141.627128,38.979502],[141.627278,38.979435],[141.627703,38.979643],[141.627753,38.979618],[141.627803,38.979527],[141.627353,38.97921],[141.627328,38.979185],[141.627553,38.979027],[141.627978,38.97901],[141.628228,38.978943],[141.628178,38.97876],[141.627978,38.978693],[141.627828,38.978735],[141.627728,38.978693],[141.627703,38.97856],[141.627791,38.978352],[141.628241,38.97791],[141.628441,38.97741],[141.628678,38.977185],[141.629153,38.977144],[141.629778,38.977085],[141.630178,38.976927],[141.630566,38.976594],[141.630741,38.976302],[141.630716,38.975844],[141.630728,38.975327],[141.631003,38.975194],[141.631603,38.974977],[141.632078,38.974819],[141.632605,38.97463],[141.633065,38.974377],[141.633165,38.974152],[141.63334,38.973994],[141.633365,38.973702],[141.63329,38.973561],[141.633228,38.973094],[141.633353,38.972936],[141.633453,38.972886],[141.633803,38.972461],[141.633903,38.972286],[141.633903,38.972219],[141.63364,38.971986],[141.633228,38.972211],[141.632278,38.971911],[141.632016,38.971728],[141.631891,38.971278],[141.631866,38.970736],[141.631866,38.970711],[141.631828,38.970261],[141.631903,38.969944],[141.632053,38.969836],[141.632303,38.969786],[141.632452,38.969764],[141.632628,38.969745],[141.632878,38.969753],[141.633278,38.969461],[141.633403,38.969503],[141.633516,38.969461],[141.633716,38.96912],[141.633716,38.968945],[141.633616,38.968786],[141.633441,38.968711],[141.633316,38.968603],[141.633391,38.96842],[141.633678,38.968178],[141.634028,38.967886],[141.634628,38.967795],[141.634928,38.968003],[141.635178,38.96812],[141.635453,38.96812],[141.635703,38.968053],[141.635778,38.967945],[141.635728,38.96772],[141.635403,38.967695],[141.634878,38.96762],[141.634703,38.967237],[141.634765,38.966895],[141.63499,38.966587],[141.634915,38.966445],[141.63489,38.966287],[141.63504,38.966153],[141.63504,38.966112],[141.634553,38.965545],[141.633778,38.965262],[141.632953,38.965103],[141.632853,38.965053],[141.632703,38.964878],[141.632728,38.964379],[141.632628,38.964262],[141.632403,38.964104],[141.632003,38.964079],[141.631978,38.96397],[141.632041,38.963695],[141.632166,38.963337],[141.632566,38.962887],[141.632903,38.962729],[141.633553,38.962554],[141.633878,38.962487],[141.634128,38.962495],[141.634353,38.962987],[141.634478,38.963062],[141.635353,38.963062],[141.635578,38.963112],[141.635803,38.963095],[141.636228,38.962962],[141.636703,38.962987],[141.636928,38.962945],[141.637178,38.962787],[141.637428,38.962721],[141.637478,38.962746],[141.637728,38.962696],[141.63824,38.962362],[141.63874,38.962254],[141.639215,38.962079],[141.63944,38.961879],[141.639553,38.961587],[141.639553,38.961204],[141.639178,38.960587],[141.639353,38.960496],[141.639628,38.960521],[141.639965,38.960504],[141.64004,38.960438],[141.639915,38.960304],[141.64014,38.960029],[141.640365,38.959946],[141.640665,38.959879],[141.640815,38.959696],[141.640916,38.95951],[141.641128,38.959071],[141.641453,38.959021],[141.641528,38.958845],[141.641503,38.958663],[141.641465,38.958146],[141.64149,38.957946],[141.641565,38.957896],[141.641665,38.957738],[141.64144,38.957471],[141.64154,38.95738],[141.641765,38.957313],[141.641903,38.956705],[141.641728,38.956496],[141.641953,38.956296],[141.642477,38.956255],[141.642877,38.956105],[141.64304,38.955921],[141.643227,38.95608],[141.643477,38.956105],[141.64384,38.956021],[141.64404,38.955888],[141.64404,38.955613],[141.643865,38.955363],[141.64374,38.95548],[141.64364,38.955522],[141.643215,38.955047],[141.642465,38.954705],[141.642415,38.954697],[141.64244,38.955013],[141.642315,38.954947],[141.642115,38.954972],[141.641915,38.954813],[141.642015,38.954605],[141.64194,38.95443],[141.64164,38.954422],[141.641115,38.954463],[141.640915,38.954622],[141.64094,38.954688],[141.640665,38.954872],[141.64044,38.95518],[141.64044,38.95523],[141.64029,38.955296],[141.640215,38.955296],[141.640103,38.955471],[141.639603,38.95563],[141.639553,38.955671],[141.639378,38.955738],[141.639253,38.95558],[141.639203,38.955355],[141.639078,38.955355],[141.638328,38.95553],[141.638028,38.955463],[141.637803,38.955296],[141.637553,38.95543],[141.637528,38.955496],[141.637378,38.955638],[141.637003,38.955563],[141.636778,38.955605],[141.636728,38.955763],[141.635916,38.955871],[141.635816,38.955913],[141.635466,38.956163],[141.635241,38.95668],[141.634828,38.957013],[141.634578,38.957646],[141.633641,38.958204],[141.633591,38.958271],[141.633366,38.958429],[141.632916,38.958563],[141.632391,38.958463],[141.632041,38.958346],[141.632016,38.958213],[141.631641,38.957896],[141.631541,38.957621],[141.631741,38.957513],[141.631841,38.957404],[141.631829,38.956838],[141.631554,38.956338],[141.631654,38.95598],[141.632116,38.955413],[141.632066,38.95533],[141.631741,38.955163],[141.631591,38.954913],[141.631541,38.954688],[141.631579,38.954171],[141.631979,38.953863],[141.632104,38.953563],[141.632141,38.953363],[141.632266,38.95323],[141.632391,38.953188],[141.632416,38.953205],[141.632416,38.95328],[141.632204,38.953547],[141.633291,38.953347],[141.633366,38.953305],[141.633391,38.953105],[141.633291,38.95303],[141.633241,38.952855],[141.633041,38.952872],[141.632916,38.952963],[141.632841,38.952938],[141.632866,38.952688],[141.633166,38.952447],[141.633378,38.95218],[141.633428,38.95193],[141.633328,38.951572],[141.633403,38.95123],[141.633453,38.951114],[141.633766,38.950847],[141.634141,38.950647],[141.634441,38.950605],[141.635191,38.951222],[141.635316,38.951264],[141.635841,38.951247],[141.635941,38.951314],[141.635841,38.951472],[141.635991,38.951589],[141.636166,38.951497],[141.636416,38.951322],[141.636691,38.951322],[141.636866,38.951164],[141.636891,38.951072],[141.636891,38.950897],[141.636966,38.950897],[141.637166,38.950847],[141.637091,38.950647],[141.636753,38.950439],[141.636541,38.950505],[141.635778,38.950205],[141.635753,38.950139],[141.635803,38.94978],[141.636078,38.949647],[141.636178,38.949197],[141.636416,38.948905],[141.636691,38.948747],[141.636991,38.948706],[141.637391,38.949022],[141.637816,38.949164],[141.638566,38.949305],[141.638691,38.949572],[141.638865,38.949622],[141.63929,38.949264],[141.639115,38.949039],[141.63914,38.948906],[141.639091,38.948564],[141.639016,38.948431],[141.639103,38.948247],[141.639278,38.948222],[141.639453,38.948139],[141.639503,38.948047],[141.639328,38.947981],[141.639053,38.947956],[141.638953,38.948114],[141.638853,38.948156],[141.638528,38.948172],[141.638253,38.948039],[141.637853,38.947947],[141.637878,38.947806],[141.637753,38.947606],[141.637503,38.947397],[141.637478,38.947264],[141.637578,38.947106],[141.637628,38.947106],[141.637578,38.946972],[141.637528,38.946931],[141.637478,38.946772],[141.637541,38.946681],[141.637591,38.946706],[141.637691,38.946456],[141.637816,38.946297],[141.637866,38.946297],[141.638141,38.945939],[141.638366,38.945781],[141.638641,38.945714],[141.638691,38.945781],[141.638916,38.945898],[141.639178,38.945698],[141.639341,38.945856],[141.639591,38.945948],[141.639953,38.945589],[141.639953,38.945548],[141.640103,38.945364],[141.640078,38.945231],[141.639928,38.945048],[141.639728,38.944889],[141.639553,38.944798],[141.639278,38.944889],[141.639153,38.944889],[141.639053,38.944748],[141.639066,38.944456],[141.639216,38.944073],[141.639091,38.943981],[141.639066,38.943756],[141.639116,38.943265],[141.639278,38.943015],[141.639628,38.942565],[141.639728,38.94239],[141.639978,38.94234],[141.640303,38.942206],[141.640378,38.94214],[141.640716,38.942031],[141.640866,38.942006],[141.64119,38.942081],[141.64174,38.942306],[141.64209,38.942265],[141.642165,38.942223],[141.642615,38.942223],[141.64289,38.942156],[141.643015,38.942181],[141.64374,38.942256],[141.64409,38.942373],[141.64469,38.942781],[141.645015,38.942781],[141.645465,38.94274],[141.645415,38.942423],[141.645465,38.942265],[141.64554,38.942223],[141.645815,38.942181],[141.646015,38.942231],[141.646302,38.942098],[141.646652,38.942006],[141.646752,38.942031],[141.64694,38.942373],[141.64734,38.942798],[141.64749,38.942848],[141.647815,38.942823],[141.648165,38.942698],[141.648452,38.942515],[141.648527,38.94229],[141.648402,38.941815],[141.648402,38.941548],[141.64839,38.941298],[141.64784,38.940707],[141.647365,38.940523],[141.646965,38.94054],[141.64659,38.940632],[141.646278,38.940857],[141.645978,38.941323],[141.645828,38.941415],[141.645553,38.941323],[141.645303,38.941481],[141.645203,38.941406],[141.644878,38.941365],[141.644678,38.94129],[141.644753,38.94109],[141.644428,38.940973],[141.644378,38.940882],[141.644228,38.940865],[141.644103,38.940907],[141.644078,38.940882],[141.644078,38.940682],[141.643978,38.940498],[141.643478,38.940498],[141.643378,38.940473],[141.643278,38.94029],[141.643465,38.940065],[141.64344,38.940065],[141.642928,38.940223],[141.642828,38.940132],[141.643065,38.939973],[141.643465,38.939657],[141.643665,38.939298],[141.64344,38.93914],[141.643328,38.938823],[141.643078,38.938773],[141.642465,38.938998],[141.642365,38.938973],[141.64214,38.93884],[141.642115,38.938657],[141.642653,38.938123],[141.642678,38.937982],[141.642428,38.937757],[141.642453,38.937623],[141.642553,38.93744],[141.642728,38.937424],[141.642828,38.937449],[141.64339,38.937357],[141.64359,38.937249],[141.64359,38.937157],[141.64364,38.936457],[141.64359,38.93639],[141.643315,38.936299],[141.643215,38.936315],[141.64289,38.936524],[141.642815,38.936515],[141.642715,38.936407],[141.642615,38.93604],[141.642628,38.935774],[141.642803,38.93564],[141.643178,38.935482],[141.643553,38.935124],[141.643653,38.934965],[141.64334,38.934515],[141.643215,38.934107],[141.643016,38.933974],[141.642966,38.933724],[141.643016,38.933657],[141.643803,38.933274],[141.643728,38.933007],[141.643628,38.932849],[141.643403,38.932982],[141.643253,38.932999],[141.643203,38.932982],[141.643128,38.932757],[141.643178,38.932666],[141.643153,38.932507],[141.642953,38.932457],[141.642903,38.932482],[141.642903,38.932591],[141.642828,38.932907],[141.641803,38.932816],[141.641503,38.932741],[141.641353,38.932632],[141.640978,38.932782],[141.640628,38.932891],[141.640266,38.932916],[141.639941,38.932824],[141.639653,38.932549],[141.639653,38.932299],[141.639753,38.932074],[141.639978,38.931832],[141.639978,38.931741],[141.639778,38.931491],[141.639303,38.931416],[141.637329,38.931874],[141.637154,38.931899],[141.636504,38.931782],[141.635604,38.931299],[141.635079,38.931366],[141.634829,38.931249],[141.634479,38.930866],[141.634354,38.930549],[141.634441,38.930207],[141.634591,38.929899],[141.635066,38.929466],[141.635366,38.929383],[141.635841,38.929316],[141.636079,38.929299],[141.636554,38.929258],[141.636829,38.929283],[141.637104,38.929391],[141.637429,38.929441],[141.637479,38.929349],[141.637404,38.929033],[141.637154,38.928783],[141.637104,38.928674],[141.637179,38.928558],[141.637329,38.928399],[141.637516,38.927999],[141.637891,38.927666],[141.638316,38.927441],[141.638491,38.927416],[141.638616,38.927441],[141.638854,38.927199],[141.639054,38.927108],[141.639279,38.927133],[141.639429,38.927108],[141.639579,38.926975],[141.639753,38.926908],[141.639953,38.927066],[141.640328,38.927],[141.640728,38.92705],[141.641003,38.927166],[141.641253,38.927666],[141.641466,38.928208],[141.641566,38.928299],[141.642391,38.928324],[141.642516,38.928308],[141.642516,38.928374],[141.642591,38.928216],[141.642766,38.928149],[141.642903,38.927966],[141.643028,38.927833],[141.642978,38.927791],[141.642703,38.927633],[141.642678,38.927583],[141.642753,38.927383],[141.643278,38.927116],[141.643991,38.926733],[141.644491,38.926358],[141.644691,38.926091],[141.645003,38.925908],[141.645203,38.925866],[141.645303,38.9258],[141.645178,38.925575],[141.645203,38.925483],[141.645303,38.925441],[141.645378,38.9253],[141.645053,38.9248],[141.645091,38.924558],[141.645291,38.9244],[141.645266,38.924108],[141.644916,38.924033],[141.644691,38.923967],[141.644641,38.923783],[141.644741,38.923542],[141.644803,38.923225],[141.644778,38.92295],[141.644878,38.922725],[141.645028,38.922592],[141.645228,38.922483],[141.645503,38.9226],[141.646078,38.922625],[141.646278,38.922808],[141.646703,38.922942],[141.647078,38.922808],[141.647253,38.922925],[141.647328,38.92295],[141.647728,38.922883],[141.647803,38.922908],[141.647953,38.923017],[141.648103,38.923067],[141.648253,38.922975],[141.648353,38.922867],[141.64834,38.922617],[141.648515,38.922284],[141.649465,38.922309],[141.64959,38.922175],[141.64959,38.92195],[141.649378,38.921567],[141.649353,38.921542],[141.649328,38.921475],[141.648978,38.921042],[141.648978,38.920884],[141.649178,38.920484],[141.64954,38.920234],[141.650115,38.920084],[141.650715,38.91995],[141.650965,38.919909],[141.651865,38.919751],[141.65219,38.919626],[141.652515,38.919584],[141.652765,38.919409],[141.65299,38.919301],[141.653065,38.919234],[141.653152,38.919009],[141.652952,38.918692],[141.652427,38.918459],[141.652003,38.918184],[141.651228,38.917284],[141.650815,38.916892],[141.650515,38.916509],[141.650549,38.916008],[141.650578,38.915401],[141.650553,38.915001],[141.65069,38.914209],[141.650765,38.914118],[141.650765,38.913893],[141.650665,38.913618],[141.65069,38.913193],[141.651153,38.912993],[141.651178,38.912726],[141.651003,38.91236],[141.650878,38.912318],[141.650628,38.912335],[141.650553,38.912293],[141.650578,38.91211],[141.650103,38.91206],[141.649678,38.912085],[141.649178,38.912276],[141.648703,38.912301],[141.648303,38.912185],[141.648203,38.912135],[141.647928,38.911868],[141.647703,38.911551],[141.647678,38.91121],[141.647941,38.910851],[141.648416,38.910376],[141.648641,38.910226],[141.648765,38.910226],[141.649103,38.909977],[141.649128,38.909777],[141.648953,38.909502],[141.649103,38.909143],[141.649453,38.908827],[141.649815,38.908677],[141.65019,38.908635],[141.650665,38.908435],[141.65089,38.908527],[141.650915,38.909135],[141.651178,38.90936],[141.65139,38.909227],[141.65154,38.908977],[141.65164,38.90896],[141.651865,38.90921],[141.65199,38.909302],[141.652165,38.909168],[141.65224,38.909077],[141.652315,38.908785],[141.652291,38.908674],[141.652215,38.908535],[141.65194,38.90831],[141.651828,38.907994],[141.651903,38.907469],[141.652228,38.907069],[141.652528,38.907002],[141.652653,38.907094],[141.653003,38.90716],[141.653115,38.906869],[141.653315,38.906869],[141.653765,38.907077],[141.65414,38.90706],[141.65454,38.907177],[141.654865,38.907152],[141.65494,38.90711],[141.654915,38.906885],[141.654665,38.906585],[141.65424,38.906244],[141.65414,38.90611],[141.654053,38.905794],[141.653928,38.905677],[141.653303,38.905677],[141.653053,38.905494],[141.652603,38.904927],[141.652178,38.904836],[141.652003,38.904677],[141.651978,38.904586],[141.651778,38.904336],[141.651728,38.904152],[141.65163,38.903921],[141.65144,38.903611],[141.651215,38.903477],[141.65119,38.902727],[141.651378,38.902394],[141.652028,38.901744],[141.652153,38.901653],[141.65259,38.901544],[141.65314,38.901661],[141.65344,38.901594],[141.653588,38.901575],[141.653769,38.901498],[141.653865,38.901369],[141.65369,38.900878],[141.65454,38.900928],[141.654565,38.900811],[141.654553,38.900561],[141.654603,38.900544],[141.654853,38.900544],[141.655303,38.900253],[141.655453,38.900303],[141.655478,38.900461],[141.655953,38.900528],[141.656202,38.900286],[141.656577,38.900311],[141.65694,38.89977],[141.65759,38.899028],[141.657977,38.898711],[141.658377,38.898786],[141.658777,38.898811],[141.658827,38.899103],[141.658952,38.89917],[141.659052,38.898861],[141.659102,38.898495],[141.659277,38.898386],[141.659652,38.898253],[141.65974,38.898003],[141.659615,38.897895],[141.659515,38.897845],[141.65934,38.89742],[141.65949,38.89717],[141.659765,38.897078],[141.66004,38.897262],[141.660565,38.897353],[141.66079,38.89722],[141.660627,38.896837],[141.660602,38.896662],[141.660677,38.896295],[141.661002,38.896162],[141.661127,38.896462],[141.661352,38.89657],[141.661527,38.896262],[141.661765,38.89597],[141.662065,38.895995],[141.662127,38.89662],[141.662352,38.897028],[141.662552,38.897237],[141.662652,38.897262],[141.663027,38.897512],[141.663277,38.89722],[141.663702,38.896862],[141.663827,38.896903],[141.664102,38.896862],[141.664377,38.896704],[141.664514,38.896437],[141.664514,38.89637],[141.664089,38.896254],[141.664139,38.896212],[141.664564,38.89612],[141.664789,38.89612],[141.665239,38.896012],[141.665764,38.895745],[141.665827,38.895587],[141.665002,38.895112],[141.664827,38.894704],[141.664727,38.89432],[141.664514,38.894004],[141.664389,38.893912],[141.663552,38.894037],[141.663327,38.89372],[141.663164,38.893404],[141.663289,38.893229],[141.663489,38.893096],[141.663489,38.892754],[141.663414,38.892637],[141.663289,38.892613],[141.663164,38.892504],[141.663577,38.892279],[141.664227,38.892129],[141.664264,38.892621],[141.664837,38.892975],[141.665189,38.893146],[141.665764,38.893154],[141.666039,38.893271],[141.666352,38.893021],[141.666456,38.893084],[141.666514,38.893246],[141.666664,38.893387],[141.666952,38.893112],[141.667523,38.89281],[141.667602,38.892604],[141.667552,38.892237],[141.667639,38.892079],[141.668064,38.891879],[141.668089,38.891796],[141.667936,38.891658],[141.667739,38.891654],[141.667514,38.891613],[141.667492,38.89149],[141.667489,38.891204],[141.667764,38.891204],[141.668014,38.890954],[141.668277,38.890821],[141.668302,38.890754],[141.668252,38.890596],[141.668002,38.890304],[141.667952,38.889988],[141.668277,38.890038],[141.668702,38.889879],[141.668814,38.889313],[141.668814,38.888863],[141.668639,38.888705],[141.667789,38.888813],[141.667539,38.888838],[141.667239,38.888946],[141.666864,38.888921],[141.666527,38.889304],[141.665927,38.889721],[141.665477,38.890013],[141.664889,38.890213],[141.664689,38.890096],[141.664802,38.889763],[141.664527,38.889671],[141.663552,38.889571],[141.663227,38.889438],[141.663002,38.889254],[141.662777,38.888954],[141.662577,38.888754],[141.662502,38.888346],[141.66254,38.888054],[141.662715,38.887696],[141.663065,38.887563],[141.66319,38.887363],[141.663015,38.887288],[141.662815,38.887155],[141.662865,38.886888],[141.663277,38.886796],[141.663577,38.88653],[141.663652,38.886238],[141.663602,38.885988],[141.663402,38.885688],[141.66349,38.885263],[141.66389,38.884838],[141.664096,38.884771],[141.664287,38.884771],[141.664577,38.884613],[141.665027,38.884122],[141.665327,38.883972],[141.665427,38.883813],[141.665389,38.883472],[141.665439,38.88343],[141.665439,38.883205],[141.665064,38.882414],[141.664765,38.882455],[141.664465,38.882814],[141.664065,38.882989],[141.66374,38.882963],[141.66349,38.882847],[141.663194,38.882605],[141.663065,38.882505],[141.66304,38.882439],[141.662965,38.881764],[141.66299,38.881605],[141.663427,38.880997],[141.664102,38.880889],[141.664327,38.881055],[141.664602,38.881189],[141.664677,38.881122],[141.664627,38.880897],[141.664477,38.88058],[141.66464,38.880289],[141.664715,38.880264],[141.664965,38.880106],[141.665015,38.879947],[141.66489,38.879706],[141.664915,38.879631],[141.664815,38.879547],[141.664565,38.879564],[141.66399,38.879381],[141.66389,38.879314],[141.663752,38.878947],[141.663777,38.878722],[141.663877,38.878589],[141.664277,38.878347],[141.664952,38.878281],[141.665844,38.878322],[141.666358,38.878193],[141.666489,38.878089],[141.666689,38.877864],[141.666789,38.877531],[141.666714,38.877256],[141.666902,38.877123],[141.666989,38.877183],[141.667035,38.877237],[141.667189,38.877373],[141.667239,38.877373],[141.667527,38.876581],[141.667402,38.876223],[141.667327,38.876106],[141.667251,38.875831],[141.667214,38.87559],[141.667239,38.875498],[141.667714,38.87519],[141.668064,38.875348],[141.668364,38.875256],[141.668264,38.875056],[141.668114,38.874831],[141.668114,38.874765],[141.668189,38.874806],[141.668464,38.875056],[141.668839,38.875056],[141.668939,38.874973],[141.669052,38.874656],[141.669477,38.87459],[141.670102,38.874306],[141.670739,38.873832],[141.670714,38.87354],[141.670939,38.873223],[141.671039,38.872998],[141.670614,38.872865],[141.670314,38.872698],[141.669889,38.872607],[141.669614,38.872498],[141.669464,38.87249],[141.669089,38.872557],[141.668764,38.872515],[141.668889,38.872357],[141.669602,38.872157],[141.670177,38.871757],[141.670452,38.871623],[141.670502,38.871507],[141.670464,38.871215],[141.670239,38.871099],[141.670089,38.870965],[141.670139,38.870915],[141.670489,38.870832],[141.670389,38.870582],[141.669364,38.870082],[141.669164,38.869924],[141.669164,38.869899],[141.670039,38.869949],[141.670252,38.86979],[141.670452,38.869707],[141.670889,38.870157],[141.670989,38.870224],[141.671289,38.870274],[141.671548,38.870013],[141.671727,38.869574],[141.671602,38.869415],[141.671177,38.869374],[141.670902,38.869232],[141.670502,38.869407],[141.670227,38.869457],[141.669752,38.869199],[141.670002,38.868957],[141.670652,38.868599],[141.670964,38.868491],[141.670839,38.868307],[141.670814,38.868216],[141.670889,38.868107],[141.671014,38.868149],[141.671339,38.868382],[141.671689,38.868424],[141.671714,38.868107],[141.671764,38.868107],[141.671914,38.868449],[141.672414,38.868524],[141.672739,38.868432],[141.672514,38.868157],[141.673189,38.868191],[141.673577,38.867741],[141.673602,38.867424],[141.673502,38.867241],[141.673602,38.867041],[141.673427,38.866699],[141.673389,38.866449],[141.673239,38.866183],[141.673364,38.866049],[141.673814,38.866324],[141.673889,38.866341],[141.674214,38.866483],[141.674389,38.866441],[141.674289,38.865783],[141.674714,38.865808],[141.674752,38.865083],[141.674902,38.864974],[141.674927,38.864841],[141.675202,38.864816],[141.675327,38.864575],[141.675152,38.86435],[141.674989,38.864208],[141.675089,38.86405],[141.675389,38.863966],[141.675464,38.863491],[141.675389,38.863133],[141.675064,38.862966],[141.674727,38.862425],[141.674677,38.86215],[141.674877,38.862133],[141.675127,38.861975],[141.674914,38.861117],[141.674789,38.860917],[141.674814,38.860708],[141.674289,38.860233],[141.673864,38.860167],[141.673514,38.860317],[141.673339,38.860292],[141.673589,38.860092],[141.673902,38.8598],[141.674377,38.8596],[141.674627,38.8592],[141.674639,38.858525],[141.674689,38.858225],[141.674639,38.857959],[141.674414,38.857525],[141.674209,38.857135],[141.673977,38.856917],[141.673502,38.857],[141.673361,38.857024],[141.673227,38.857],[141.673093,38.856882],[141.673152,38.856526],[141.673002,38.856484],[141.672777,38.856592],[141.672502,38.856817],[141.67244,38.856884],[141.67244,38.857059],[141.672615,38.857334],[141.671977,38.858117],[141.67164,38.857825],[141.671565,38.857709],[141.671415,38.857734],[141.671052,38.857975],[141.670577,38.858467],[141.670727,38.85865],[141.670927,38.858808],[141.67089,38.859192],[141.67104,38.859375],[141.671015,38.859575],[141.67059,38.859417],[141.670252,38.859008],[141.669877,38.858892],[141.669415,38.859367],[141.669015,38.85945],[141.66894,38.859608],[141.668852,38.860242],[141.669002,38.860825],[141.669402,38.861216],[141.669477,38.861483],[141.66874,38.861816],[141.66864,38.861775],[141.66834,38.861683],[141.66799,38.861766],[141.667715,38.861675],[141.66739,38.861783],[141.667115,38.86145],[141.66714,38.861041],[141.666902,38.860925],[141.66659,38.86095],[141.66644,38.861216],[141.66654,38.8614],[141.66649,38.861558],[141.66604,38.861525],[141.666177,38.862158],[141.665927,38.862366],[141.665227,38.862266],[141.664852,38.862108],[141.664802,38.861975],[141.664603,38.861766],[141.664315,38.861608],[141.66414,38.861608],[141.663853,38.861875],[141.663803,38.862141],[141.663878,38.862391],[141.664053,38.862708],[141.663703,38.862866],[141.663065,38.862908],[141.66249,38.863174],[141.662231,38.863253],[141.661915,38.863374],[141.66119,38.863249],[141.66084,38.862916],[141.66064,38.862283],[141.660603,38.861741],[141.660628,38.86165],[141.660953,38.861383],[141.660834,38.861293],[141.660703,38.8612],[141.660203,38.8614],[141.659503,38.86135],[141.658753,38.861383],[141.658353,38.861358],[141.658152,38.861387],[141.658128,38.861566],[141.658066,38.862441],[141.657966,38.862508],[141.657541,38.862349],[141.656966,38.862408],[141.656778,38.862658],[141.656828,38.862949],[141.656703,38.863449],[141.656678,38.863624],[141.656953,38.863966],[141.657341,38.864216],[141.65819,38.865149],[141.658115,38.865532],[141.657778,38.866165],[141.657428,38.866432],[141.657203,38.866449],[141.656878,38.866382],[141.656453,38.866374],[141.656228,38.866307],[141.655903,38.866149],[141.655753,38.86594],[141.655578,38.865899],[141.655253,38.866032],[141.655016,38.866299],[141.654866,38.86639],[141.654816,38.866749],[141.654316,38.866974],[141.654066,38.866832],[141.653741,38.867057],[141.653528,38.867307],[141.653628,38.86744],[141.653878,38.867532],[141.654078,38.867782],[141.654028,38.868007],[141.653678,38.868298],[141.653378,38.868248],[141.652878,38.867932],[141.652428,38.868132],[141.652066,38.868357],[141.651741,38.868665],[141.651576,38.868683],[141.651516,38.868623],[141.651391,38.868373],[141.651368,38.868387],[141.651341,38.868415],[141.651466,38.86864],[141.651341,38.868782],[141.650453,38.869448],[141.650378,38.86964],[141.650278,38.869781],[141.649854,38.870098],[141.649841,38.870323],[141.649995,38.870564],[141.650091,38.870731],[141.650141,38.870865],[141.649841,38.871248],[141.649816,38.871448],[141.649966,38.871656],[141.650503,38.871881],[141.650978,38.872181],[141.651103,38.872315],[141.651128,38.872948],[141.650741,38.873214],[141.649741,38.873281],[141.649366,38.873548],[141.649079,38.874356],[141.649254,38.874806],[141.649428,38.875081],[141.649353,38.875281],[141.648966,38.875639],[141.648691,38.875756],[141.648041,38.875906],[141.647716,38.875856],[141.647591,38.875722],[141.647466,38.875222],[141.647291,38.875022],[141.647104,38.874956],[141.646916,38.875064],[141.646641,38.875081],[141.646541,38.875131],[141.646441,38.875514],[141.646191,38.875914],[141.646229,38.876097],[141.646666,38.876097],[141.646954,38.876372],[141.647004,38.876714],[141.647354,38.877122],[141.647704,38.877414],[141.647941,38.877939],[141.648066,38.87848],[141.648191,38.878589],[141.648541,38.878664],[141.648566,38.878772],[141.648416,38.879155],[141.647879,38.879713],[141.647579,38.879922],[141.647454,38.879913],[141.647262,38.879922],[141.647004,38.879955],[141.646726,38.879868],[141.646404,38.879572],[141.646125,38.879518],[141.645904,38.879522],[141.645479,38.879563],[141.644804,38.879488],[141.644229,38.87913],[141.644304,38.878788],[141.644104,38.87863],[141.643679,38.878713],[141.643629,38.878738],[141.643354,38.878713],[141.643079,38.878597],[141.643004,38.878713],[141.64272,38.879315],[141.642542,38.879788],[141.642767,38.880197],[141.642979,38.880763],[141.643554,38.88113],[141.643793,38.881485],[141.644279,38.881838],[141.644404,38.881905],[141.645116,38.882813],[141.645266,38.882921],[141.645891,38.88293],[141.646166,38.883046],[141.646216,38.883155],[141.646146,38.883204],[141.646016,38.883246],[141.645316,38.883421],[141.644954,38.883821],[141.644879,38.884004],[141.644604,38.884229],[141.644479,38.884163],[141.643904,38.883521],[141.642817,38.882796],[141.642492,38.88243],[141.642117,38.88223],[141.640917,38.882446],[141.640904,38.882763],[141.641329,38.883121],[141.641454,38.883396],[141.641679,38.883738],[141.641604,38.883871],[141.641454,38.883913],[141.640804,38.883863],[141.640242,38.883996],[141.639042,38.884054],[141.638867,38.884096],[141.638567,38.884296],[141.638029,38.884813],[141.637854,38.884904],[141.637477,38.884871],[141.63708,38.884738],[141.636855,38.884896],[141.636655,38.885121],[141.636955,38.885462],[141.637779,38.885446],[141.637979,38.885554],[141.638117,38.885987],[141.637967,38.886487],[141.638076,38.886907],[141.638442,38.887212],[141.638892,38.887479],[141.639473,38.887515],[141.639842,38.887621],[141.640204,38.887962],[141.640854,38.888154],[141.641229,38.888495],[141.641304,38.88867],[141.641177,38.889269],[141.641267,38.889687],[141.641332,38.88996],[141.641317,38.890229],[141.641042,38.890495],[141.640892,38.890562],[141.640379,38.890562],[141.639992,38.890329],[141.639917,38.890195],[141.639817,38.889787],[141.639192,38.889445],[141.639084,38.889277],[141.638992,38.889037],[141.638192,38.888695],[141.637717,38.88867],[141.637517,38.889029],[141.637417,38.889095],[141.637192,38.88912],[141.636542,38.888912],[141.636067,38.888904],[141.635892,38.88897],[141.63558,38.889445],[141.63523,38.890437],[141.635292,38.891045],[141.635417,38.89132],[141.636042,38.891953],[141.636567,38.89202],[141.636667,38.892162],[141.636779,38.892703],[141.63705,38.893219],[141.637067,38.89392],[141.636984,38.894055],[141.636792,38.894195],[141.636117,38.89457],[141.635704,38.894836],[141.635629,38.89527],[141.635392,38.895853],[141.634992,38.895986],[141.634167,38.895861],[141.633692,38.895478],[141.633592,38.895478],[141.633142,38.895994],[141.633292,38.896536],[141.63368,38.896828],[141.63428,38.897061],[141.634705,38.897786],[141.634442,38.898236],[141.634142,38.898477],[141.634342,38.899411],[141.634443,38.899724],[141.63458,38.899886],[141.635404,38.900452],[141.635604,38.900769],[141.636129,38.901136],[141.637129,38.901369],[141.637404,38.901552],[141.637879,38.90171],[141.638192,38.901869],[141.638167,38.902185],[141.638042,38.902227],[141.637292,38.902335],[141.635742,38.902419],[141.635192,38.902302],[141.634817,38.901894],[141.634367,38.901594],[141.633967,38.90166],[141.633792,38.901844],[141.633705,38.902177],[141.633555,38.90231],[141.63338,38.902335],[141.63313,38.902444],[141.632705,38.902194],[141.63248,38.901944],[141.63198,38.901577],[141.63143,38.90146],[141.631005,38.90146],[141.631005,38.901344],[141.632067,38.900386],[141.632105,38.900044],[141.631955,38.899502],[141.631798,38.899057],[141.631567,38.898619],[141.631317,38.898236],[141.631167,38.897652],[141.631102,38.897354],[141.631044,38.896894],[141.630905,38.896628],[141.630505,38.896448],[141.630205,38.896269],[141.629905,38.895944],[141.629318,38.895536],[141.62873,38.895578],[141.62863,38.896211],[141.628468,38.896886],[141.627693,38.897352],[141.62668,38.897636],[141.62598,38.897886],[141.62563,38.898352],[141.625293,38.899094],[141.62483,38.899885],[141.62448,38.899877],[141.62418,38.899969],[141.623805,38.899877],[141.623406,38.899735],[141.623456,38.89951],[141.623818,38.898744],[141.62423,38.897327],[141.624718,38.896652],[141.625343,38.896094],[141.625368,38.895919],[141.625005,38.895736],[141.623918,38.895769],[141.623931,38.895361],[141.624131,38.895119],[141.624381,38.895161],[141.62518,38.895144],[141.625605,38.895011],[141.62603,38.895178],[141.62638,38.894978],[141.626418,38.894769],[141.626618,38.894478],[141.626668,38.894186],[141.626968,38.893828],[141.62753,38.89372],[141.627772,38.893705],[141.62808,38.893653],[141.628344,38.893734],[141.62843,38.89402],[141.628493,38.894203],[141.628943,38.894336],[141.629705,38.89407],[141.62983,38.894053],[141.630305,38.893761],[141.63038,38.893578],[141.630243,38.892478],[141.63073,38.891445],[141.63088,38.89092],[141.63088,38.890787],[141.630755,38.890762],[141.63008,38.890828],[141.629605,38.890978],[141.629255,38.891637],[141.629118,38.89177],[141.629018,38.89222],[141.628793,38.89262],[141.62813,38.89282],[141.62783,38.892861],[141.62718,38.892861],[141.62653,38.892695],[141.626105,38.89272],[141.625705,38.89317],[141.62553,38.893211],[141.625031,38.892978],[141.624106,38.892728],[141.623731,38.892545],[141.623481,38.892003],[141.623156,38.891886],[141.622956,38.891995],[141.622581,38.892578],[141.622291,38.892712],[141.621668,38.89287],[141.621493,38.892861],[141.621256,38.892861],[141.621093,38.89282],[141.620956,38.892703],[141.620781,38.892411],[141.620731,38.892078],[141.620818,38.891828],[141.621118,38.891486],[141.621193,38.890795],[141.621168,38.890428],[141.621081,38.890203],[141.620756,38.890003],[141.620119,38.889753],[141.619731,38.889737],[141.619381,38.88967],[141.618769,38.889287],[141.618419,38.888995],[141.618031,38.88877],[141.617919,38.888812],[141.617844,38.889062],[141.617364,38.889242],[141.617177,38.889125],[141.617069,38.888945],[141.617019,38.888862],[141.616769,38.888653],[141.616519,38.888203],[141.616406,38.888137],[141.616081,38.888028],[141.615694,38.888028],[141.615257,38.888095],[141.615032,38.887962],[141.615007,38.887803],[141.615144,38.887487],[141.615144,38.887128],[141.615444,38.886787],[141.615582,38.886562],[141.615532,38.88627],[141.615107,38.885704],[141.61503,38.885181],[141.615057,38.88467],[141.615082,38.884395],[141.615219,38.884129],[141.615682,38.883771],[141.615682,38.883521],[141.615494,38.883096],[141.615544,38.882371],[141.615469,38.882079],[141.615157,38.881812],[141.614857,38.881746],[141.614394,38.881812],[141.613982,38.881762],[141.613869,38.881721],[141.613344,38.881313],[141.613172,38.88124],[141.612994,38.881204],[141.612907,38.881246],[141.612819,38.881363],[141.612857,38.881971],[141.612957,38.882304],[141.613132,38.882579],[141.613069,38.882846],[141.612857,38.883137],[141.612832,38.883429],[141.612557,38.884087],[141.612494,38.884562],[141.612219,38.884879],[141.612082,38.885079],[141.612057,38.885187],[141.612094,38.885412],[141.611682,38.886179],[141.611644,38.886612],[141.611544,38.886837],[141.611482,38.886862],[141.610857,38.886703],[141.610769,38.886612],[141.610744,38.886387],[141.610445,38.886204],[141.610382,38.88607],[141.610332,38.885579],[141.610445,38.88542],[141.610882,38.885145],[141.610845,38.885079],[141.610982,38.884495],[141.611232,38.883929],[141.611145,38.883454],[141.61077,38.883096],[141.610657,38.882779],[141.610457,38.882554],[141.61027,38.882487],[141.609557,38.882471],[141.609257,38.882404],[141.60912,38.882246],[141.60922,38.882037],[141.609632,38.881812],[141.609632,38.881746],[141.60922,38.881521],[141.609007,38.881271],[141.609145,38.881137],[141.609145,38.880913],[141.608832,38.880488],[141.60837,38.880038],[141.60807,38.879854],[141.607707,38.879746],[141.607183,38.879763],[141.60667,38.879971],[141.60642,38.880104],[141.606258,38.880129],[141.60592,38.880063],[141.605158,38.880013],[141.604852,38.880111],[141.604658,38.880196],[141.604445,38.880646],[141.60417,38.881346],[141.603595,38.882496],[141.603595,38.882812],[141.603733,38.883037],[141.604033,38.883145],[141.604333,38.883212],[141.604383,38.883395],[141.603845,38.883529],[141.603595,38.883645],[141.603733,38.883912],[141.603783,38.884204],[141.603733,38.884295],[141.603758,38.884795],[141.603783,38.885154],[141.603895,38.885495],[141.604058,38.885762],[141.604508,38.88617],[141.604508,38.886212],[141.604095,38.886028],[141.603345,38.88547],[141.603295,38.885354],[141.602795,38.884745],[141.60247,38.884437],[141.60247,38.88407],[141.60222,38.884095],[141.602133,38.884545],[141.601858,38.884637],[141.601508,38.88482],[141.601345,38.884862],[141.601033,38.88502],[141.60087,38.88522],[141.60082,38.885562],[141.600845,38.885812],[141.600758,38.886012],[141.600595,38.886262],[141.600658,38.886737],[141.600133,38.887228],[141.599908,38.887745],[141.59992,38.887836],[141.599783,38.88827],[141.599745,38.888653],[141.599645,38.888736],[141.599445,38.888986],[141.59942,38.889078],[141.59912,38.889461],[141.598845,38.889728],[141.598595,38.890561],[141.598358,38.891403],[141.598133,38.891628],[141.59772,38.891936],[141.597495,38.892253],[141.59737,38.892861],[141.59737,38.893002],[141.597558,38.893452],[141.597508,38.893652],[141.59717,38.893719],[141.59682,38.893652],[141.596371,38.893494],[141.596071,38.893452],[141.595721,38.893519],[141.595271,38.893652],[141.594946,38.893836],[141.593321,38.894377],[141.592583,38.894469],[141.592196,38.894719],[141.591896,38.89476],[141.591533,38.89476],[141.590221,38.894627],[141.588684,38.894402],[141.588409,38.894385],[141.588296,38.894677],[141.588321,38.894877],[141.588434,38.894994],[141.588484,38.895235],[141.588321,38.895935],[141.588321,38.896135],[141.588459,38.89621],[141.589033,38.896252],[141.589146,38.896319],[141.589208,38.896585],[141.589783,38.896677],[141.589833,38.896727],[141.589921,38.896927],[141.589833,38.897285],[141.589671,38.897535],[141.589121,38.897943],[141.588796,38.898327],[141.588271,38.898685],[141.588046,38.898802],[141.587746,38.899027],[141.587808,38.899318],[141.587946,38.899493],[141.588058,38.899793],[141.588058,38.899876],[141.587783,38.90006],[141.587783,38.900193],[141.587721,38.900376],[141.587808,38.900576],[141.587921,38.900643],[141.588058,38.900851],[141.588133,38.901076],[141.588058,38.901301],[141.587896,38.901476],[141.587858,38.901568],[141.587896,38.901726],[141.587946,38.901751],[141.588383,38.901635],[141.588496,38.901793],[141.588446,38.902068],[141.587896,38.902426],[141.587808,38.902534],[141.587483,38.903351],[141.587508,38.903393],[141.587208,38.904134],[141.587483,38.904884],[141.587733,38.904926],[141.587833,38.905042],[141.587871,38.905284],[141.587758,38.905534],[141.587733,38.905851],[141.587846,38.906009],[141.587533,38.906276],[141.587321,38.906367],[141.586933,38.906434],[141.586496,38.906576],[141.586271,38.906959],[141.586383,38.907134],[141.586446,38.907342],[141.586383,38.907384],[141.586308,38.907567],[141.586658,38.908509],[141.586721,38.909092],[141.586471,38.90925],[141.586471,38.909684],[141.585758,38.909909],[141.585483,38.909934],[141.585371,38.909884],[141.584521,38.909117],[141.582021,38.909867],[141.581934,38.909975],[141.581821,38.910025],[141.580584,38.9077],[141.580396,38.907775],[141.580259,38.908134],[141.580309,38.908334],[141.580471,38.908609],[141.580559,38.908675],[141.580746,38.908992],[141.581021,38.909708],[141.581296,38.910183],[141.581084,38.91025],[141.580646,38.910025],[141.580559,38.909733],[141.580559,38.909509],[141.580356,38.908675],[141.579846,38.907434],[141.579784,38.907342],[141.579621,38.907234],[141.579509,38.906942],[141.579484,38.906625],[141.579346,38.906242],[141.579146,38.906151],[141.578959,38.906151],[141.578771,38.90635],[141.578334,38.9071],[141.577996,38.9073],[141.577509,38.9073],[141.577059,38.907142],[141.576897,38.907034],[141.576022,38.90665],[141.575359,38.90645],[141.575109,38.906317],[141.574972,38.906084],[141.575059,38.90555],[141.575197,38.905301],[141.575384,38.905142],[141.575772,38.904917],[141.576572,38.905276],[141.577859,38.904984],[141.578272,38.905051],[141.579396,38.904826],[141.580384,38.903601],[141.58102,38.901947],[141.581784,38.899618],[141.585046,38.89391],[141.586009,38.893036],[141.586346,38.892877],[141.586446,38.892894],[141.587134,38.892602],[141.587221,38.892627],[141.587821,38.892402],[141.587909,38.892469],[141.593621,38.890053],[141.594084,38.88577],[141.593484,38.884937],[141.590709,38.88607],[141.590346,38.885478],[141.590421,38.885187],[141.590346,38.884603],[141.590421,38.884287],[141.590371,38.883795],[141.590584,38.883162],[141.590646,38.882779],[141.590447,38.882279],[141.590422,38.881695],[141.590747,38.880612],[141.591222,38.880254],[141.591409,38.879912],[141.591497,38.879487],[141.591522,38.879037],[141.591222,38.877913],[141.590997,38.877438],[141.590697,38.877079],[141.590309,38.876946],[141.589347,38.876696],[141.589047,38.876513],[141.58866,38.875438],[141.588572,38.874846],[141.58871,38.874713],[141.588735,38.874463],[141.588522,38.873971],[141.58846,38.873721],[141.588297,38.873613],[141.587972,38.873613],[141.587797,38.87343],[141.587797,38.873321],[141.58791,38.873296],[141.58841,38.873405],[141.588485,38.873388],[141.588735,38.872505],[141.588485,38.87228],[141.588047,38.871963],[141.588047,38.87183],[141.588097,38.871763],[141.589197,38.871488],[141.589422,38.871405],[141.58981,38.87113],[141.589922,38.871022],[141.589947,38.870797],[141.589835,38.87043],[141.589772,38.869755],[141.589672,38.869647],[141.587823,38.868905],[141.58716,38.868539],[141.586473,38.868005],[141.585823,38.867256],[141.585511,38.865139],[141.585123,38.864398],[141.585148,38.863206],[141.585286,38.862256],[141.585236,38.861939],[141.584849,38.861106],[141.584824,38.86064],[141.585149,38.860073],[141.585374,38.859781],[141.585286,38.859348],[141.585124,38.858857],[141.584924,38.858498],[141.584624,38.858065],[141.584436,38.857682],[141.583961,38.857307],[141.583636,38.856923],[141.583299,38.856449],[141.583024,38.855907],[141.582362,38.853816],[141.582312,38.853274],[141.582662,38.851916],[141.583186,38.850816],[141.583249,38.850541],[141.583274,38.848791],[141.583136,38.848491],[141.583186,38.84825],[141.583486,38.847525],[141.583649,38.8473],[141.584174,38.846958],[141.584661,38.845992],[141.585136,38.845583],[141.585761,38.845158],[141.586099,38.844817],[141.586474,38.843967],[141.586636,38.843534],[141.586811,38.843217],[141.587486,38.842226],[141.587824,38.841551],[141.588586,38.840451],[141.588911,38.839318],[141.589136,38.838893],[141.589186,38.838626],[141.589305,38.838139],[141.589823,38.836818],[141.590091,38.836257],[141.590236,38.835835],[141.590373,38.835527],[141.590473,38.835118],[141.590498,38.834444],[141.590636,38.83426],[141.591336,38.83391],[141.591631,38.833803],[141.592086,38.833735],[141.592452,38.833636],[141.592946,38.833431],[141.593373,38.833444],[141.594198,38.83386],[141.594648,38.834019],[141.594873,38.834001],[141.595173,38.833935],[141.595523,38.833805],[141.596148,38.833786],[141.596898,38.833677],[141.598035,38.833461],[141.59852,38.833403],[141.599035,38.833394],[141.599385,38.833469],[141.599635,38.833419],[141.60026,38.833227],[141.600585,38.833161],[141.600847,38.833027],[141.600972,38.832936],[141.601347,38.831853],[141.601735,38.831186],[141.60196,38.830911],[141.602447,38.830486],[141.602747,38.830153],[141.603172,38.830136],[141.603472,38.829978],[141.604009,38.829553],[141.604109,38.82937],[141.603959,38.828761],[141.603759,38.82847],[141.603672,38.827837],[141.603472,38.82777],[141.603297,38.827762],[141.603072,38.82752],[141.602922,38.827195],[141.602647,38.82697],[141.602497,38.826995],[141.602072,38.82737],[141.60181,38.827961],[141.601635,38.828136],[141.601285,38.828178],[141.601085,38.828361],[141.60096,38.828695],[141.600722,38.828895],[141.600422,38.829095],[141.599997,38.82932],[141.599347,38.829386],[141.598922,38.829311],[141.598423,38.829153],[141.598223,38.82917],[141.597685,38.829395],[141.597285,38.829436],[141.59681,38.829478],[141.596535,38.829361],[141.595198,38.828495],[141.594773,38.828203],[141.594323,38.82777],[141.593573,38.826886],[141.592786,38.826203],[141.592486,38.825928],[141.592211,38.825545],[141.591961,38.82512],[141.591848,38.824728],[141.591573,38.82417],[141.591336,38.823287],[141.591386,38.82297],[141.591561,38.822745],[141.591361,38.822537],[141.590911,38.822578],[141.590861,38.822537],[141.590636,38.822312],[141.590486,38.822062],[141.590211,38.822012],[141.590086,38.822128],[141.590036,38.822687],[141.589874,38.823003],[141.589549,38.823228],[141.588999,38.82347],[141.588949,38.823695],[141.588599,38.823853],[141.587261,38.824228],[141.585549,38.82462],[141.585109,38.824643],[141.584699,38.824636],[141.583224,38.824628],[141.582524,38.824528],[141.581424,38.824344],[141.58045,38.824111],[141.580125,38.823994],[141.579075,38.823428],[141.57755,38.822536],[141.57715,38.822195],[141.575963,38.82092],[141.575738,38.820511],[141.5758,38.820203],[141.57565,38.82002],[141.575325,38.81997],[141.575175,38.819786],[141.574675,38.818862],[141.575038,38.818387],[141.574888,38.818003],[141.574838,38.817753],[141.574863,38.817445],[141.574575,38.816445],[141.5746,38.81602],[141.574813,38.815637],[141.575363,38.815187],[141.575638,38.815145],[141.575738,38.81542],[141.575738,38.815595],[141.576038,38.815645],[141.576813,38.815695],[141.577013,38.815629],[141.577138,38.815495],[141.577163,38.815312],[141.5774,38.814979],[141.577425,38.814595],[141.577813,38.813962],[141.577788,38.813671],[141.578038,38.813404],[141.578138,38.813362],[141.578412,38.813362],[141.578712,38.813321],[141.578787,38.813271],[141.578812,38.813112],[141.578612,38.812979],[141.578413,38.812887],[141.57805,38.812521],[141.5777,38.812412],[141.577325,38.812404],[141.576713,38.812579],[141.576313,38.812646],[141.575388,38.812054],[141.575088,38.811921],[141.574975,38.811779],[141.57495,38.811221],[141.5747,38.810813],[141.574475,38.810763],[141.57425,38.810804],[141.574175,38.810937],[141.574,38.811004],[141.57375,38.810962],[141.573475,38.810821],[141.572751,38.810412],[141.572551,38.810229],[141.572313,38.809713],[141.572113,38.809396],[141.572013,38.809321],[141.571538,38.809046],[141.571463,38.808888],[141.571388,38.808554],[141.571438,38.808504],[141.571526,38.808121],[141.571501,38.808013],[141.571301,38.807921],[141.570738,38.808188],[141.570538,38.808479],[141.570438,38.808813],[141.570362,38.808983],[141.570213,38.809221],[141.570126,38.809446],[141.570251,38.809538],[141.570476,38.809812],[141.570527,38.810122],[141.570576,38.810421],[141.570576,38.810687],[141.570513,38.811004],[141.570388,38.811321],[141.570163,38.811746],[141.569751,38.81217],[141.568776,38.812887],[141.567889,38.813195],[141.567539,38.813262],[141.566664,38.813304],[141.565189,38.813245],[141.562027,38.81302],[141.561568,38.81293],[141.560427,38.812645],[141.559377,38.812462],[141.558827,38.812278],[141.558577,38.811804],[141.558327,38.811754],[141.558227,38.811754],[141.558102,38.811529],[141.557977,38.811479],[141.557877,38.81157],[141.557577,38.811454],[141.55709,38.811112],[141.557015,38.810979],[141.55704,38.810504],[141.556965,38.810437],[141.556715,38.81037],[141.55614,38.81027],[141.555715,38.810087],[141.55529,38.809637],[141.555103,38.80932],[141.554978,38.808887],[141.555003,38.808187],[141.554903,38.808121],[141.55459,38.807287],[141.55459,38.806971],[141.554665,38.806762],[141.555228,38.806112],[141.555253,38.806096],[141.555378,38.806296],[141.555903,38.806321],[141.556003,38.806054],[141.556053,38.806029],[141.556578,38.806038],[141.556828,38.806063],[141.556928,38.806313],[141.557178,38.806712],[141.557727,38.806762],[141.558277,38.806796],[141.558227,38.806429],[141.55824,38.806071],[141.55799,38.805821],[141.55759,38.805663],[141.557065,38.805229],[141.55704,38.805138],[141.55679,38.804613],[141.556378,38.804188],[141.556328,38.804096],[141.556378,38.803805],[141.556578,38.803738],[141.556628,38.803738],[141.556778,38.803713],[141.556828,38.803288],[141.556903,38.803171],[141.55689,38.802971],[141.556615,38.802655],[141.55609,38.802171],[141.555865,38.802171],[141.55579,38.802146],[141.55559,38.802146],[141.555365,38.801805],[141.55544,38.801471],[141.555203,38.80088],[141.555078,38.800747],[141.555003,38.800788],[141.554978,38.800971],[141.554791,38.80138],[141.554241,38.801438],[141.553916,38.801596],[141.553666,38.801705],[141.553491,38.801638],[141.553341,38.80148],[141.553291,38.80148],[141.552741,38.801855],[141.552328,38.802146],[141.552053,38.802188],[141.551703,38.802213],[141.551378,38.802163],[141.550978,38.80198],[141.550703,38.801705],[141.550653,38.801413],[141.550741,38.801146],[141.551166,38.80063],[141.551366,38.800588],[141.551491,38.800521],[141.551441,38.800338],[141.551104,38.799747],[141.551054,38.79948],[141.551129,38.799072],[141.551054,38.798955],[141.550779,38.798847],[141.550629,38.798822],[141.550529,38.79873],[141.550541,38.79853],[141.550416,38.798322],[141.550266,38.79823],[141.550116,38.79823],[141.549866,38.798455],[141.549229,38.798747],[141.549079,38.798922],[141.549129,38.799147],[141.549004,38.799372],[141.548879,38.799463],[141.548779,38.799463],[141.548354,38.799388],[141.547991,38.799571],[141.547791,38.799521],[141.547416,38.799363],[141.547141,38.79938],[141.547066,38.79943],[141.547016,38.799563],[141.547041,38.799813],[141.546991,38.800263],[141.546866,38.800371],[141.546404,38.800463],[141.545954,38.800346],[141.545967,38.800188],[141.545917,38.79998],[141.545717,38.79973],[141.545667,38.799646],[141.545492,38.799438],[141.545317,38.799163],[141.545042,38.798871],[141.544842,38.798913],[141.544642,38.798888],[141.544467,38.798638],[141.544279,38.798413],[141.543954,38.798346],[141.543954,38.798163],[141.544079,38.797897],[141.543904,38.797688],[141.543879,38.79753],[141.543854,38.797105],[141.543717,38.796897],[141.543617,38.796805],[141.543367,38.796763],[141.543292,38.79678],[141.543129,38.797122],[141.543054,38.797147],[141.542954,38.79703],[141.542754,38.796897],[141.542604,38.796913],[141.542479,38.797138],[141.542454,38.797388],[141.542229,38.797455],[141.542054,38.79738],[141.54188,38.797247],[141.54178,38.797063],[141.541605,38.796997],[141.54148,38.797113],[141.54123,38.797088],[141.541155,38.79713],[141.54113,38.797288],[141.541055,38.797396],[141.540555,38.797488],[141.540117,38.797638],[141.540092,38.797821],[141.540142,38.798046],[141.539817,38.798221],[141.539467,38.798221],[141.538892,38.798105],[141.538642,38.797855],[141.538317,38.797405],[141.538167,38.79738],[141.537842,38.797063],[141.537442,38.796896],[141.537255,38.796671],[141.53708,38.795813],[141.53673,38.795613],[141.53653,38.795405],[141.536355,38.795497],[141.53603,38.795488],[141.53573,38.79538],[141.53518,38.79528],[141.53493,38.795255],[141.53473,38.795122],[141.53458,38.794763],[141.53438,38.794672],[141.534151,38.794601],[141.53313,38.794388],[141.532255,38.794247],[141.531756,38.794472],[141.531556,38.794672],[141.531206,38.794622],[141.530631,38.794397],[141.530256,38.794188],[141.528781,38.79343],[141.528631,38.793338],[141.528443,38.79278],[141.528493,38.792572],[141.528668,38.792438],[141.528668,38.792255],[141.528843,38.791963],[141.528781,38.791788],[141.528631,38.791605],[141.528406,38.791397],[141.527681,38.79128],[141.527281,38.791189],[141.527181,38.791122],[141.527231,38.790939],[141.527231,38.790764],[141.526881,38.790622],[141.526556,38.790664],[141.526156,38.790772],[141.525906,38.79073],[141.525831,38.790705],[141.525806,38.790364],[141.525681,38.790255],[141.525531,38.790272],[141.525331,38.790364],[141.524931,38.790472],[141.524481,38.790472],[141.524406,38.790447],[141.523531,38.790463],[141.523106,38.790388],[141.522906,38.790297],[141.522681,38.790139],[141.522332,38.789755],[141.521644,38.788847],[141.520932,38.788822],[141.520782,38.788755],[141.520244,38.788114],[141.519969,38.787689],[141.519669,38.787072],[141.519332,38.785856],[141.519144,38.784931],[141.519045,38.784273],[141.518595,38.782556],[141.517732,38.780406],[141.51767,38.779931],[141.517695,38.779548],[141.51787,38.779098],[141.518307,38.778157],[141.518545,38.776982],[141.518495,38.77644],[141.518108,38.775332],[141.517758,38.774832],[141.517645,38.774516],[141.517495,38.773632],[141.517258,38.773091],[141.517158,38.773049],[141.51622,38.771549],[141.51577,38.770716],[141.515683,38.770149],[141.515771,38.768725],[141.515771,38.7683],[141.515608,38.766767],[141.515658,38.76645],[141.515708,38.76645],[141.515733,38.766383],[141.515896,38.7655],[141.515996,38.7653],[141.516221,38.7653],[141.516671,38.765392],[141.516821,38.7654],[141.517408,38.765333],[141.517758,38.765333],[141.518008,38.7652],[141.518308,38.764867],[141.518433,38.764775],[141.519158,38.764875],[141.519908,38.7649],[141.520233,38.764875],[141.520408,38.764792],[141.520545,38.764592],[141.520495,38.764384],[141.519996,38.764225],[141.519971,38.764159],[141.520021,38.763909],[141.520196,38.763792],[141.520571,38.763734],[141.521245,38.763625],[141.521295,38.763642],[141.521491,38.763654],[141.521678,38.763429],[141.521603,38.763246],[141.521108,38.763217],[141.520883,38.763101],[141.520808,38.762901],[141.520233,38.762626],[141.520008,38.762376],[141.519833,38.762009],[141.519796,38.761784],[141.519521,38.761559],[141.519496,38.760992],[141.519246,38.760634],[141.519308,38.760451],[141.519458,38.760251],[141.519633,38.760093],[141.520158,38.759784],[141.520458,38.759718],[141.520833,38.759759],[141.521258,38.760018],[141.521558,38.760109],[141.521693,38.760115],[141.521858,38.760109],[141.522496,38.759818],[141.522946,38.759734],[141.523171,38.759893],[141.523333,38.760118],[141.523808,38.760393],[141.524551,38.760283],[141.52467,38.759884],[141.524795,38.759659],[141.524995,38.759434],[141.525345,38.759234],[141.525958,38.759101],[141.526184,38.759063],[141.526433,38.759101],[141.526633,38.759401],[141.526895,38.759626],[141.52712,38.759759],[141.52742,38.759834],[141.52772,38.759809],[141.527883,38.759543],[141.527883,38.759343],[141.527833,38.759251],[141.527883,38.75916],[141.527933,38.759135],[141.528408,38.759276],[141.528608,38.759251],[141.528783,38.759101],[141.528958,38.758968],[141.529058,38.75881],[141.529195,38.75836],[141.529145,38.758201],[141.52902,38.758043],[141.528745,38.758018],[141.528695,38.757993],[141.52862,38.757926],[141.528695,38.757651],[141.528645,38.757451],[141.528595,38.757401],[141.528445,38.757451],[141.52812,38.757918],[141.527845,38.757943],[141.527545,38.757868],[141.527345,38.757893],[141.52702,38.757801],[141.52682,38.757551],[141.52677,38.757435],[141.526795,38.75721],[141.527145,38.75706],[141.528008,38.75681],[141.528433,38.75686],[141.528583,38.756843],[141.528558,38.756435],[141.528133,38.75596],[141.528158,38.755777],[141.528245,38.755685],[141.52862,38.755535],[141.528745,38.75526],[141.528695,38.755127],[141.528096,38.754652],[141.527833,38.754327],[141.527833,38.754244],[141.527608,38.754035],[141.527633,38.753744],[141.527833,38.753477],[141.528233,38.75291],[141.528546,38.751985],[141.528608,38.751919],[141.528796,38.751827],[141.529271,38.751719],[141.529621,38.751744],[141.529921,38.751694],[141.529983,38.751677],[141.530296,38.751711],[141.530583,38.751677],[141.530933,38.751436],[141.531233,38.751394],[141.531483,38.751586],[141.531708,38.751977],[141.53187,38.752161],[141.532233,38.752194],[141.53242,38.752061],[141.532583,38.751869],[141.532608,38.751744],[141.532533,38.751436],[141.532345,38.751269],[141.53227,38.751211],[141.532283,38.751094],[141.53212,38.751044],[141.531883,38.751027],[141.531733,38.751286],[141.531646,38.751286],[141.531608,38.750977],[141.531433,38.750744],[141.531246,38.750761],[141.531121,38.750952],[141.530983,38.751044],[141.530558,38.750811],[141.530171,38.750786],[141.530096,38.750886],[141.530171,38.751111],[141.530033,38.751111],[141.529683,38.750944],[141.529483,38.750719],[141.529583,38.750377],[141.529708,38.750169],[141.529783,38.749911],[141.529808,38.749852],[141.529658,38.749636],[141.529658,38.749552],[141.529821,38.749303],[141.530258,38.749261],[141.530433,38.749144],[141.530433,38.748828],[141.530444,38.74879],[141.530458,38.748753],[141.530771,38.748278],[141.530946,38.748294],[141.531133,38.747919],[141.531358,38.747794],[141.531583,38.747778],[141.532071,38.747911],[141.532296,38.748211],[141.532758,38.748653],[141.533133,38.748778],[141.533371,38.748786],[141.533533,38.749211],[141.533583,38.749236],[141.533833,38.749194],[141.53392,38.749003],[141.533846,38.748719],[141.533721,38.748428],[141.533583,38.748228],[141.533546,38.748061],[141.533633,38.747936],[141.534371,38.747853],[141.534571,38.74777],[141.534633,38.747711],[141.534683,38.747078],[141.534771,38.746903],[141.535196,38.746595],[141.535258,38.746586],[141.535508,38.746745],[141.535708,38.747286],[141.53572,38.747745],[141.535933,38.74797],[141.536095,38.748386],[141.53627,38.748636],[141.536558,38.748844],[141.536795,38.748944],[141.537133,38.748961],[141.537245,38.749003],[141.537533,38.749228],[141.537845,38.749294],[141.53797,38.749153],[141.53797,38.748869],[141.537545,38.748228],[141.537545,38.748128],[141.537658,38.747928],[141.537745,38.747903],[141.538345,38.748036],[141.538495,38.748153],[141.538608,38.748103],[141.538508,38.747803],[141.538245,38.747545],[141.537995,38.747386],[141.53792,38.747261],[141.537995,38.747236],[141.53837,38.747295],[141.538983,38.747428],[141.53937,38.74742],[141.53967,38.74732],[141.539895,38.74712],[141.540045,38.746745],[141.540245,38.746378],[141.540308,38.746028],[141.540258,38.745812],[141.540408,38.745762],[141.540495,38.745553],[141.54052,38.745295],[141.540495,38.745195],[141.540545,38.744812],[141.540483,38.744453],[141.540395,38.74422],[141.540558,38.744187],[141.540758,38.744062],[141.540758,38.743878],[141.54072,38.743804],[141.540195,38.743362],[141.539845,38.743162],[141.53957,38.743129],[141.539358,38.743287],[141.539095,38.743553],[141.538845,38.74367],[141.53872,38.743595],[141.538708,38.743229],[141.538695,38.74317],[141.538058,38.743262],[141.537696,38.74337],[141.537283,38.743578],[141.537071,38.743337],[141.536783,38.743237],[141.536146,38.74317],[141.536033,38.743012],[141.535996,38.742762],[141.536033,38.742687],[141.536208,38.742603],[141.536533,38.742537],[141.536621,38.742462],[141.536658,38.742345],[141.536396,38.741779],[141.536496,38.741212],[141.536446,38.740987],[141.536258,38.74082],[141.535921,38.740762],[141.535458,38.740787],[141.535046,38.740762],[141.535021,38.740695],[141.535108,38.740345],[141.535396,38.739704],[141.535521,38.739687],[141.535996,38.739754],[141.536421,38.739754],[141.536771,38.739687],[141.537071,38.739696],[141.537321,38.739746],[141.537383,38.739779],[141.537833,38.74057],[141.538046,38.740745],[141.538246,38.741404],[141.538283,38.741645],[141.538358,38.74182],[141.538958,38.742004],[141.539533,38.742012],[141.539558,38.741662],[141.539571,38.74127],[141.539433,38.740629],[141.539521,38.740495],[141.539658,38.740421],[141.539821,38.740079],[141.539896,38.739812],[141.539833,38.739562],[141.539971,38.739454],[141.540621,38.739262],[141.541271,38.739179],[141.54172,38.739162],[141.54212,38.739237],[141.542408,38.739354],[141.542645,38.739746],[141.543058,38.739787],[141.543158,38.739687],[141.543295,38.739671],[141.543483,38.739812],[141.543633,38.739829],[141.543958,38.739346],[141.54387,38.739137],[141.544133,38.739029],[141.544483,38.738971],[141.544783,38.739037],[141.544983,38.739221],[141.545133,38.739512],[141.545183,38.739804],[141.544995,38.740521],[141.54502,38.740546],[141.545408,38.740412],[141.54577,38.740221],[141.546033,38.740029],[141.546258,38.740004],[141.546595,38.740187],[141.546845,38.740154],[141.547033,38.740004],[141.54712,38.739796],[141.547058,38.739471],[141.54712,38.739338],[141.546995,38.739113],[141.546645,38.739021],[141.546533,38.738846],[141.546445,38.738438],[141.54647,38.738163],[141.546433,38.737879],[141.546483,38.737538],[141.546883,38.736763],[141.546945,38.736388],[141.54692,38.736138],[141.546783,38.735905],[141.546458,38.735738],[141.546108,38.73568],[141.545795,38.735705],[141.545133,38.735929],[141.54502,38.735871],[141.54487,38.735705],[141.544671,38.735188],[141.544621,38.734871],[141.544671,38.734646],[141.544746,38.734588],[141.544846,38.734596],[141.544896,38.73453],[141.544821,38.734171],[141.545046,38.733713],[141.545221,38.73353],[141.545808,38.733146],[141.546058,38.733071],[141.546233,38.733105],[141.546258,38.733138],[141.546196,38.733321],[141.546808,38.733588],[141.54687,38.733588],[141.54692,38.733363],[141.547145,38.733238],[141.547645,38.733238],[141.548083,38.733363],[141.548608,38.733688],[141.548695,38.733896],[141.548983,38.734088],[141.54912,38.734263],[141.549033,38.734471],[141.549533,38.734771],[141.550058,38.735038],[141.550683,38.735405],[141.551195,38.73563],[141.55147,38.735596],[141.551661,38.735614],[141.551895,38.735705],[141.552007,38.735921],[141.552057,38.736271],[141.55182,38.73648],[141.551382,38.736596],[141.551245,38.736863],[141.551632,38.737721],[141.551807,38.73793],[141.552057,38.73798],[141.552302,38.738149],[141.552457,38.738346],[141.552582,38.738504],[141.552782,38.738521],[141.552907,38.738663],[141.553057,38.738663],[141.553108,38.738597],[141.55317,38.738596],[141.55332,38.738615],[141.55337,38.738596],[141.55347,38.738155],[141.553607,38.73793],[141.55372,38.737988],[141.55382,38.738338],[141.553932,38.738338],[141.554045,38.738213],[141.554182,38.738196],[141.554395,38.738346],[141.554507,38.738371],[141.554582,38.738105],[141.554657,38.738005],[141.554869,38.738021],[141.555007,38.738263],[141.555169,38.73823],[141.555207,38.738196],[141.555207,38.73788],[141.555357,38.73783],[141.555769,38.738096],[141.555957,38.738421],[141.556169,38.738396],[141.556219,38.738363],[141.556169,38.738105],[141.556619,38.738063],[141.556707,38.737988],[141.556969,38.737271],[141.557244,38.73733],[141.557405,38.737349],[141.557582,38.737363],[141.557819,38.737405],[141.558169,38.737938],[141.558219,38.73793],[141.558349,38.737904],[141.558544,38.737613],[141.558732,38.737397],[141.559032,38.737205],[141.559344,38.737105],[141.559732,38.737163],[141.560069,38.737288],[141.560319,38.737838],[141.560444,38.73798],[141.560669,38.738155],[141.560806,38.738388],[141.560806,38.73858],[141.560931,38.738746],[141.561256,38.738746],[141.561406,38.738696],[141.561594,38.738738],[141.561731,38.738955],[141.561906,38.738996],[141.562456,38.738796],[141.562569,38.738896],[141.562681,38.738905],[141.562756,38.738855],[141.562894,38.738938],[141.562894,38.73908],[141.562956,38.73923],[141.563144,38.739371],[141.563269,38.73953],[141.563281,38.739596],[141.563094,38.740021],[141.563294,38.740271],[141.563531,38.740213],[141.563889,38.740189],[141.564194,38.740121],[141.564347,38.740076],[141.564506,38.74003],[141.564681,38.739913],[141.565156,38.739655],[141.565193,38.739446],[141.565143,38.739371],[141.564856,38.739238],[141.564769,38.739121],[141.564719,38.738905],[141.564894,38.738705],[141.564832,38.738493],[141.564669,38.738163],[141.564556,38.737872],[141.564544,38.737538],[141.564694,38.737022],[141.564956,38.736938],[141.565144,38.73713],[141.565244,38.737188],[141.565681,38.73713],[141.565706,38.736838],[141.565581,38.736738],[141.565419,38.736722],[141.565519,38.736572],[141.565519,38.736497],[141.565394,38.736322],[141.565481,38.736055],[141.565381,38.73573],[141.565044,38.735388],[141.564981,38.73518],[141.565106,38.734905],[141.565281,38.734772],[141.565306,38.734705],[141.565206,38.73458],[141.565169,38.734605],[141.565019,38.734597],[141.564994,38.734547],[141.565006,38.734372],[141.565144,38.734347],[141.565206,38.734372],[141.565356,38.734314],[141.565544,38.733997],[141.565469,38.733922],[141.565481,38.733764],[141.565369,38.733705],[141.564506,38.733989],[141.564406,38.733955],[141.564494,38.733847],[141.565181,38.73358],[141.565356,38.733439],[141.565381,38.733247],[141.565319,38.732997],[141.565206,38.732905],[141.564981,38.733055],[141.564794,38.732914],[141.564669,38.732997],[141.564631,38.733055],[141.564506,38.733055],[141.564519,38.733264],[141.564444,38.733397],[141.564319,38.733355],[141.564294,38.733314],[141.564357,38.732847],[141.564432,38.732614],[141.564432,38.732347],[141.564282,38.732222],[141.563719,38.732455],[141.563157,38.732497],[141.562894,38.732397],[141.562782,38.732239],[141.562582,38.732164],[141.562394,38.731964],[141.562269,38.731555],[141.561982,38.731305],[141.561907,38.731322],[141.561632,38.731272],[141.561394,38.731014],[141.561219,38.730755],[141.561107,38.730405],[141.561119,38.730322],[141.561294,38.730097],[141.561757,38.729972],[141.562057,38.729839],[141.562357,38.729631],[141.562732,38.729556],[141.563032,38.729456],[141.563219,38.729356],[141.563407,38.729097],[141.563632,38.728914],[141.564669,38.728814],[141.564844,38.728897],[141.564832,38.729089],[141.565144,38.729156],[141.565544,38.728772],[141.565532,38.728447],[141.564757,38.728497],[141.564707,38.728422],[141.564819,38.728206],[141.565082,38.728172],[141.565982,38.728231],[141.566194,38.728064],[141.566144,38.727739],[141.565857,38.727256],[141.565982,38.727097],[141.566094,38.726556],[141.566282,38.726514],[141.566407,38.726364],[141.566382,38.726123],[141.566544,38.725939],[141.566494,38.725706],[141.566307,38.725564],[141.566144,38.725331],[141.566057,38.725114],[141.565869,38.724856],[141.565494,38.724781],[141.565082,38.724598],[141.564982,38.724623],[141.565007,38.724889],[141.564945,38.724989],[141.56457,38.725114],[141.564332,38.725506],[141.563907,38.725523],[141.56322,38.725239],[141.563032,38.724856],[141.562757,38.724689],[141.562395,38.724573],[141.562095,38.724398],[141.561807,38.723739],[141.561632,38.723673],[141.561495,38.723823],[141.561382,38.724089],[141.561182,38.724106],[141.56092,38.723898],[141.560784,38.723721],[141.560657,38.723656],[141.56027,38.723764],[141.560118,38.723779],[141.55997,38.723798],[141.559783,38.723831],[141.559208,38.723831],[141.55912,38.724056],[141.558895,38.724048],[141.558583,38.723973],[141.558308,38.723706],[141.55817,38.723439],[141.558033,38.722698],[141.558145,38.721414],[141.557845,38.720848],[141.557483,38.720548],[141.556821,38.71969],[141.556771,38.719415],[141.557071,38.718398],[141.557171,38.71784],[141.557358,38.717223],[141.557558,38.716931],[141.557583,38.716673],[141.557771,38.716398],[141.557871,38.716306],[141.557821,38.716115],[141.557896,38.71584],[141.558096,38.715398],[141.558258,38.715398],[141.558496,38.715082],[141.558458,38.714973],[141.558521,38.714823],[141.558871,38.714623],[141.559246,38.714623],[141.559683,38.714348],[141.559858,38.714132],[141.559958,38.714107],[141.560308,38.714157],[141.560608,38.71404],[141.560846,38.71369],[141.561196,38.712915],[141.561371,38.712848],[141.561708,38.712807],[141.562033,38.712849],[141.562346,38.712932],[141.562821,38.712932],[141.563583,38.712765],[141.56422,38.71239],[141.564833,38.712524],[141.565133,38.712457],[141.565558,38.712099],[141.565683,38.711665],[141.565895,38.711532],[141.566183,38.711424],[141.566333,38.711215],[141.566358,38.710957],[141.566258,38.710649],[141.566095,38.709549],[141.56582,38.709416],[141.56562,38.708907],[141.565533,38.708557],[141.565683,38.708332],[141.56597,38.708266],[141.566008,38.708182],[141.566008,38.707957],[141.565845,38.707774],[141.565908,38.707641],[141.566095,38.707482],[141.566108,38.707424],[141.56602,38.707216],[141.565608,38.706783],[141.565321,38.706691],[141.565283,38.706574],[141.565321,38.706349],[141.565596,38.706324],[141.565758,38.706208],[141.565808,38.706124],[141.565858,38.705766],[141.565696,38.705316],[141.565496,38.705158],[141.565296,38.705133],[141.564871,38.705291],[141.564508,38.705141],[141.564321,38.704983],[141.564233,38.704691],[141.564396,38.704583],[141.564408,38.704524],[141.564083,38.703916],[141.563471,38.703699],[141.563221,38.703716],[141.563096,38.703683],[141.562883,38.703474],[141.562858,38.703141],[141.562933,38.703049],[141.563146,38.702925],[141.563446,38.70285],[141.563721,38.702691],[141.563896,38.7025],[141.564008,38.701841],[141.563871,38.70165],[141.563783,38.701658],[141.563471,38.701441],[141.563271,38.701266],[141.563221,38.701016],[141.563346,38.700833],[141.564196,38.700683],[141.564246,38.700441],[141.564533,38.700375],[141.564708,38.700267],[141.564633,38.700017],[141.564371,38.699525],[141.564496,38.699458],[141.564321,38.699125],[141.564071,38.699008],[141.564071,38.6989],[141.563596,38.698483],[141.563471,38.698308],[141.563958,38.69805],[141.564233,38.697758],[141.564208,38.697633],[141.564033,38.697483],[141.563546,38.6975],[141.563471,38.697108],[141.563509,38.696925],[141.563284,38.696775],[141.562984,38.696792],[141.562671,38.696925],[141.562559,38.697],[141.562284,38.697025],[141.562196,38.697],[141.562071,38.6968],[141.561884,38.696683],[141.561484,38.696583],[141.561134,38.696067],[141.560771,38.696008],[141.560509,38.695908],[141.560221,38.695592],[141.559859,38.695542],[141.559709,38.695359],[141.559834,38.695067],[141.560234,38.694667],[141.560809,38.694259],[141.560984,38.694184],[141.561096,38.693942],[141.561221,38.693867],[141.561284,38.693709],[141.561121,38.693384],[141.561259,38.693267],[141.561234,38.693025],[141.561271,38.692834],[141.561596,38.692559],[141.561809,38.692559],[141.561759,38.692426],[141.561809,38.691942],[141.561759,38.691542],[141.561634,38.691359],[141.561421,38.691134],[141.561271,38.690934],[141.560734,38.690492],[141.560571,38.690176],[141.560209,38.689976],[141.559959,38.689876],[141.559622,38.690017],[141.559534,38.690167],[141.559497,38.690426],[141.559334,38.690617],[141.559209,38.690651],[141.559097,38.690826],[141.558922,38.691009],[141.558622,38.691117],[141.558472,38.691334],[141.558472,38.691401],[141.558334,38.691501],[141.557734,38.691634],[141.557522,38.691759],[141.557522,38.692042],[141.557597,38.692692],[141.557397,38.693084],[141.557322,38.693492],[141.557397,38.693567],[141.557409,38.693675],[141.557184,38.693742],[141.556959,38.694009],[141.556647,38.69415],[141.556372,38.694134],[141.555984,38.694142],[141.555634,38.694234],[141.555534,38.69395],[141.555447,38.693859],[141.555384,38.693892],[141.555297,38.69415],[141.555322,38.694533],[141.555347,38.694533],[141.555297,38.694758],[141.555022,38.695142],[141.554697,38.695275],[141.554384,38.695275],[141.554172,38.695342],[141.554097,38.695625],[141.554272,38.6961],[141.554297,38.696358],[141.554409,38.696617],[141.554872,38.696875],[141.554847,38.6973],[141.554984,38.697583],[141.554734,38.697816],[141.555222,38.698175],[141.557246,38.699333],[141.557609,38.699766],[141.557934,38.699891],[141.558759,38.700033],[141.558859,38.700191],[141.558921,38.701025],[141.559046,38.701133],[141.559071,38.701308],[141.558959,38.701575],[141.558696,38.701991],[141.558384,38.702058],[141.558384,38.702183],[141.558296,38.702391],[141.558121,38.702608],[141.557921,38.702758],[141.557171,38.703124],[141.557184,38.703283],[141.557371,38.703541],[141.557559,38.703641],[141.558234,38.703599],[141.558321,38.703616],[141.558321,38.704474],[141.558234,38.704824],[141.557884,38.705532],[141.557696,38.705832],[141.556971,38.706482],[141.556446,38.706832],[141.555709,38.707274],[141.554959,38.70774],[141.554384,38.708232],[141.553259,38.709049],[141.551234,38.710057],[141.550634,38.710298],[141.549297,38.711157],[141.548672,38.711365],[141.548134,38.711432],[141.546134,38.711515],[141.545534,38.711398],[141.544622,38.711132],[141.543409,38.709973],[141.543222,38.709473],[141.543147,38.709048],[141.543022,38.708832],[141.54281,38.708815],[141.542635,38.708915],[141.542372,38.708832],[141.541385,38.708124],[141.541222,38.708124],[141.541335,38.708665],[141.54131,38.70874],[141.541097,38.70889],[141.540797,38.708982],[141.539997,38.709115],[141.539847,38.709082],[141.53951,38.70894],[141.53941,38.709023],[141.539435,38.709157],[141.539272,38.70919],[141.538747,38.709257],[141.538022,38.709232],[141.53761,38.70909],[141.537522,38.708965],[141.537685,38.70884],[141.53781,38.708582],[141.53776,38.708332],[141.537597,38.708073],[141.53741,38.70759],[141.537522,38.70729],[141.53751,38.707065],[141.537385,38.706782],[141.53716,38.706682],[141.537222,38.706299],[141.536922,38.706174],[141.53686,38.706124],[141.53676,38.70584],[141.536459,38.705569],[141.536335,38.705565],[141.536222,38.705516],[141.536148,38.705399],[141.53609,38.705411],[141.536023,38.705457],[141.535923,38.705665],[141.535898,38.706207],[141.53566,38.706374],[141.535585,38.706565],[141.535573,38.706748],[141.535598,38.706807],[141.535423,38.70734],[141.53551,38.70749],[141.53571,38.707523],[141.53586,38.707615],[141.535935,38.707848],[141.53591,38.708157],[141.535597,38.708382],[141.535435,38.708782],[141.535297,38.708815],[141.53511,38.708748],[141.534985,38.708807],[141.534922,38.70894],[141.534747,38.709007],[141.534772,38.709107],[141.535085,38.709432],[141.53576,38.709848],[141.536222,38.709882],[141.536247,38.709915],[141.536247,38.710165],[141.535835,38.710881],[141.535697,38.71099],[141.535372,38.710915],[141.53541,38.71109],[141.535547,38.71119],[141.535435,38.711365],[141.53521,38.711615],[141.534935,38.711615],[141.534647,38.711773],[141.53451,38.711948],[141.534422,38.71219],[141.534397,38.71249],[141.534435,38.71259],[141.534522,38.712648],[141.534472,38.712873],[141.534347,38.712931],[141.534272,38.712915],[141.53411,38.712998],[141.534047,38.713281],[141.534085,38.713731],[141.53406,38.713956],[141.533522,38.714431],[141.53331,38.714589],[141.533185,38.714581],[141.533135,38.714539],[141.53301,38.714523],[141.53281,38.714689],[141.532372,38.714798],[141.53216,38.714931],[141.532072,38.715223],[141.532035,38.715573],[141.531947,38.715798],[141.531685,38.716056],[141.531322,38.716231],[141.531197,38.716381],[141.531135,38.716522],[141.530997,38.716572],[141.53081,38.716556],[141.530535,38.717131],[141.529285,38.717339],[141.52841,38.717431],[141.528273,38.717331],[141.528135,38.717147],[141.527948,38.717039],[141.52671,38.717106],[141.52626,38.717081],[141.52566,38.717114],[141.525298,38.717039],[141.525198,38.716956],[141.525248,38.716497],[141.525248,38.716247],[141.525173,38.715947],[141.525048,38.715789],[141.524798,38.715697],[141.524548,38.715739],[141.524298,38.715822],[141.524235,38.715964],[141.524223,38.716156],[141.524135,38.716256],[141.523785,38.716497],[141.523448,38.716506],[141.52301,38.716322],[141.52291,38.716031],[141.523048,38.715772],[141.52301,38.715764],[141.522723,38.715922],[141.522573,38.715922],[141.52231,38.715806],[141.522011,38.715806],[141.521848,38.715639],[141.521886,38.715456],[141.522011,38.715281],[141.522223,38.715272],[141.522348,38.715164],[141.522361,38.714764],[141.522423,38.714697],[141.522723,38.714572],[141.523048,38.714389],[141.52356,38.714031],[141.523998,38.713564],[141.523985,38.713448],[141.523998,38.713123],[141.52426,38.712414],[141.524473,38.711648],[141.524598,38.711339],[141.524898,38.711273],[141.525248,38.711306],[141.525398,38.711289],[141.525785,38.711148],[141.525785,38.710923],[141.525835,38.710806],[141.526048,38.71069],[141.526036,38.710556],[141.52591,38.710406],[141.525835,38.710081],[141.525898,38.70989],[141.526123,38.70979],[141.526148,38.709606],[141.526035,38.709315],[141.526123,38.708865],[141.526335,38.708765],[141.526385,38.708573],[141.526273,38.70844],[141.526198,38.708423],[141.526123,38.708565],[141.525986,38.708615],[141.525811,38.708548],[141.525686,38.708631],[141.525436,38.708965],[141.525236,38.709323],[141.524986,38.70999],[141.524786,38.71009],[141.524111,38.710198],[141.523111,38.709973],[141.522886,38.710039],[141.522611,38.710198],[141.522327,38.710194],[141.522118,38.710062],[141.521981,38.709935],[141.5216,38.709601],[141.520698,38.708706],[141.520536,38.708498],[141.520486,38.708265],[141.520473,38.707648],[141.520548,38.707431],[141.521311,38.707048],[141.521786,38.706648],[141.521911,38.706623],[141.522323,38.706706],[141.522623,38.706681],[141.522786,38.70659],[141.522923,38.706423],[141.523073,38.705873],[141.523161,38.70574],[141.523473,38.70574],[141.523711,38.705773],[141.523911,38.705673],[141.524061,38.705498],[141.524048,38.705048],[141.523861,38.70504],[141.523761,38.705082],[141.523473,38.705307],[141.523148,38.705373],[141.522886,38.705257],[141.522936,38.704982],[141.522986,38.70489],[141.523023,38.704665],[141.522923,38.704407],[141.522686,38.704165],[141.522611,38.70414],[141.522361,38.704307],[141.522298,38.704307],[141.522186,38.70424],[141.521673,38.704215],[141.521598,38.704165],[141.521698,38.703907],[141.521573,38.703407],[141.521423,38.703198],[141.521323,38.702923],[141.521336,38.70269],[141.521322,38.702509],[141.521186,38.702348],[141.520905,38.702272],[141.520736,38.702215],[141.520424,38.702173],[141.520249,38.702171],[141.5201,38.702072],[141.520074,38.701948],[141.520049,38.701815],[141.520036,38.701699],[141.520224,38.701065],[141.520324,38.700857],[141.520384,38.700769],[141.520474,38.700665],[141.520599,38.70054],[141.520874,38.70044],[141.521111,38.700307],[141.521324,38.700157],[141.521336,38.700049],[141.521174,38.699882],[141.520961,38.69974],[141.520611,38.699807],[141.520224,38.699924],[141.519799,38.699924],[141.519586,38.699707],[141.519536,38.698974],[141.519186,38.698907],[141.519161,38.698807],[141.518886,38.698282],[141.518824,38.698065],[141.518711,38.697924],[141.518536,38.698057],[141.518449,38.698057],[141.518261,38.698107],[141.517999,38.69829],[141.517699,38.69839],[141.517386,38.698324],[141.517299,38.698282],[141.517211,38.698065],[141.517386,38.697332],[141.517449,38.696974],[141.517536,38.696841],[141.517486,38.696766],[141.517199,38.696724],[141.517149,38.696532],[141.517236,38.696366],[141.517374,38.696349],[141.517636,38.696416],[141.517799,38.696391],[141.517736,38.696099],[141.517511,38.695882],[141.516986,38.695532],[141.516924,38.695391],[141.517011,38.695049],[141.517174,38.695016],[141.517336,38.694882],[141.517486,38.694841],[141.517824,38.695091],[141.518361,38.695207],[141.518611,38.695141],[141.518799,38.695041],[141.518999,38.694774],[141.518949,38.694607],[141.518686,38.694582],[141.518499,38.694466],[141.518299,38.694432],[141.518474,38.694307],[141.518661,38.694258],[141.518686,38.694224],[141.518474,38.694158],[141.518511,38.694016],[141.518449,38.693949],[141.518224,38.694033],[141.517986,38.694066],[141.517961,38.693933],[141.518724,38.693658],[141.518561,38.693491],[141.518549,38.693399],[141.518661,38.693308],[141.518686,38.693166],[141.518649,38.692908],[141.518574,38.692824],[141.518374,38.692808],[141.518287,38.692633],[141.518149,38.692624],[141.517599,38.692699],[141.517574,38.692941],[141.517387,38.692849],[141.517237,38.692691],[141.517199,38.692474],[141.517124,38.692424],[141.517237,38.692424],[141.517474,38.692291],[141.517612,38.692083],[141.517612,38.691658],[141.517499,38.691491],[141.517249,38.691358],[141.517087,38.691316],[141.517149,38.691108],[141.517062,38.691083],[141.516812,38.691233],[141.516662,38.691233],[141.516099,38.691574],[141.515849,38.691524],[141.515737,38.691374],[141.515724,38.691308],[141.515774,38.691199],[141.516049,38.691199],[141.516224,38.690949],[141.516324,38.690724],[141.516499,38.690624],[141.516762,38.690566],[141.516787,38.690424],[141.516487,38.690308],[141.516387,38.690241],[141.516362,38.690016],[141.516474,38.68995],[141.516399,38.689608],[141.516262,38.689408],[141.516262,38.689191],[141.516162,38.689075],[141.516012,38.689016],[141.515874,38.689091],[141.515687,38.68905],[141.515212,38.689016],[141.515049,38.688866],[141.514837,38.688958],[141.514712,38.688708],[141.514549,38.688541],[141.514449,38.688483],[141.514087,38.688391],[141.513662,38.688325],[141.5134,38.68815],[141.5132,38.687975],[141.51315,38.687825],[141.512975,38.687708],[141.512887,38.687608],[141.51305,38.687483],[141.513725,38.687316],[141.513825,38.687191],[141.513712,38.686958],[141.513625,38.686975],[141.513537,38.68715],[141.513437,38.687158],[141.513337,38.687033],[141.5132,38.686966],[141.513112,38.687033],[141.513087,38.687216],[141.5129,38.687358],[141.512787,38.687283],[141.512575,38.686958],[141.512475,38.686933],[141.51225,38.6872],[141.512225,38.687408],[141.512375,38.687541],[141.512475,38.687616],[141.512337,38.687708],[141.511912,38.6879],[141.511737,38.687941],[141.511075,38.687875],[141.510812,38.687783],[141.510737,38.687716],[141.510562,38.687458],[141.510487,38.687125],[141.510475,38.686883],[141.510875,38.686233],[141.511012,38.686066],[141.511,38.685975],[141.510956,38.685832],[141.5109,38.68565],[141.51075,38.685558],[141.510611,38.685462],[141.510462,38.685208],[141.510337,38.685],[141.510175,38.684908],[141.5101,38.684941],[141.509937,38.684925],[141.5099,38.685008],[141.509962,38.6852],[141.509937,38.685308],[141.5098,38.6854],[141.509587,38.685441],[141.509362,38.685441],[141.509187,38.685516],[141.509025,38.685458],[141.508912,38.685516],[141.508762,38.685683],[141.508637,38.685991],[141.508562,38.686258],[141.508975,38.68695],[141.509237,38.687141],[141.509362,38.687333],[141.509337,38.687466],[141.509162,38.687591],[141.50885,38.687749],[141.508725,38.687916],[141.508312,38.688099],[141.50825,38.688108],[141.50815,38.688274],[141.508275,38.688858],[141.507925,38.689391],[141.507812,38.689791],[141.507637,38.689791],[141.507025,38.689908],[141.506675,38.689874],[141.5064,38.689949],[141.506387,38.690707],[141.506387,38.690941],[141.50625,38.691074],[141.506037,38.691149],[141.505275,38.691166],[141.504878,38.691021],[141.504725,38.690957],[141.504338,38.690632],[141.504188,38.690457],[141.504213,38.690216],[141.504063,38.689991],[141.503813,38.689916],[141.503475,38.690157],[141.503338,38.690532],[141.50275,38.690691],[141.502438,38.690691],[141.502063,38.690541],[141.501863,38.690332],[141.50155,38.689916],[141.501316,38.689735],[141.501175,38.689566],[141.501075,38.689507],[141.500963,38.689499],[141.5009,38.689599],[141.500865,38.689675],[141.500724,38.689724],[141.500524,38.689788],[141.500388,38.689932],[141.500438,38.690174],[141.500688,38.690566],[141.501025,38.690866],[141.501075,38.691441],[141.501013,38.691949],[141.50085,38.692399],[141.500738,38.693149],[141.5005,38.693565],[141.500363,38.693632],[141.500225,38.693765],[141.5002,38.693949],[141.500275,38.694049],[141.500263,38.694182],[141.49955,38.695148],[141.499438,38.695365],[141.499438,38.695623],[141.49935,38.695657],[141.49925,38.69564],[141.4991,38.695507],[141.498675,38.695382],[141.497875,38.695032],[141.4975,38.69479],[141.497413,38.694673],[141.49745,38.694582],[141.497527,38.694435],[141.497666,38.69421],[141.497763,38.694057],[141.497888,38.693832],[141.49795,38.69364],[141.497938,38.69344],[141.497975,38.69319],[141.498063,38.69299],[141.498063,38.692832],[141.49775,38.692549],[141.497463,38.691799],[141.497438,38.691524],[141.497388,38.69099],[141.497213,38.690615],[141.497026,38.690424],[141.496876,38.689849],[141.496701,38.689899],[141.496563,38.689999],[141.496501,38.690091],[141.496301,38.690124],[141.495963,38.689882],[141.495801,38.689791],[141.495638,38.689791],[141.495338,38.689974],[141.495088,38.689924],[141.494813,38.689674],[141.494751,38.689566],[141.494976,38.689474],[141.495113,38.689291],[141.495138,38.689157],[141.495063,38.689049],[141.494863,38.688999],[141.494288,38.689299],[141.494013,38.689316],[141.493738,38.689432],[141.493463,38.689632],[141.493051,38.690199],[141.492639,38.690649],[141.492501,38.690715],[141.492014,38.690807],[141.491714,38.69074],[141.491189,38.690449],[141.490301,38.689749],[141.490164,38.689682],[141.490072,38.68964],[141.490001,38.689565],[141.490439,38.689007],[141.490414,38.688732],[141.490251,38.68824],[141.490301,38.687949],[141.490501,38.687832],[141.490826,38.687791],[141.491239,38.687674],[141.491314,38.687516],[141.491126,38.686799],[141.491151,38.686232],[141.491264,38.685874],[141.491376,38.685716],[141.491564,38.685624],[141.492339,38.685757],[141.492551,38.685441],[141.492501,38.684791],[141.492689,38.684591],[141.492914,38.684449],[141.492989,38.684366],[141.493264,38.684224],[141.493514,38.684249],[141.494364,38.684566],[141.494589,38.684608],[141.494689,38.684541],[141.494689,38.684291],[141.494414,38.683324],[141.494476,38.682783],[141.494614,38.682558],[141.494801,38.682449],[141.49527,38.682337],[141.495629,38.682263],[141.495701,38.681091],[141.495764,38.680891],[141.495864,38.680783],[141.496451,38.6806],[141.496499,38.680528],[141.496614,38.680491],[141.496701,38.6805],[141.496801,38.680441],[141.496876,38.680283],[141.496876,38.680183],[141.496564,38.679575],[141.496251,38.6792],[141.496114,38.679],[141.495726,38.678775],[141.495589,38.678658],[141.495426,38.678591],[141.494964,38.678575],[141.494877,38.678525],[141.495014,38.678258],[141.494714,38.67805],[141.494552,38.678075],[141.494489,38.677967],[141.494464,38.677758],[141.494539,38.676908],[141.494439,38.676817],[141.494327,38.676617],[141.494377,38.676317],[141.494539,38.676],[141.494852,38.675892],[141.495014,38.675758],[141.495177,38.675375],[141.495114,38.675217],[141.494927,38.6751],[141.494739,38.674742],[141.494427,38.674559],[141.494127,38.674584],[141.494102,38.674567],[141.494352,38.674317],[141.494239,38.674042],[141.493989,38.673867],[141.493714,38.673867],[141.493439,38.673817],[141.493189,38.673734],[141.492914,38.673734],[141.492752,38.673934],[141.492914,38.674267],[141.492814,38.67445],[141.492639,38.674583],[141.492589,38.674808],[141.492727,38.67495],[141.492927,38.675017],[141.492952,38.675125],[141.492864,38.675558],[141.493002,38.675892],[141.493027,38.676117],[141.492677,38.676367],[141.492402,38.676475],[141.492239,38.676475],[141.492014,38.676342],[141.491764,38.676275],[141.491689,38.676325],[141.491302,38.676408],[141.491077,38.676433],[141.490889,38.676183],[141.490702,38.676033],[141.49029,38.675892],[141.490152,38.676008],[141.489927,38.676008],[141.48979,38.6761],[141.489652,38.676392],[141.489627,38.67695],[141.489465,38.677266],[141.489327,38.677408],[141.488802,38.677633],[141.488452,38.677925],[141.488115,38.677991],[141.487727,38.677991],[141.487177,38.677808],[141.48704,38.6777],[141.487077,38.677225],[141.487177,38.677225],[141.48724,38.677183],[141.487177,38.676975],[141.486902,38.676666],[141.486627,38.676258],[141.486602,38.676058],[141.486415,38.675966],[141.48614,38.675991],[141.486027,38.675716],[141.485915,38.675608],[141.485802,38.675583],[141.485702,38.67565],[141.485565,38.676008],[141.485477,38.676075],[141.485252,38.676125],[141.484927,38.676125],[141.484677,38.676033],[141.484702,38.6759],[141.484627,38.675766],[141.484327,38.675675],[141.48424,38.675766],[141.484327,38.675991],[141.48429,38.676033],[141.483965,38.676033],[141.483615,38.675966],[141.48254,38.67545],[141.48199,38.674683],[141.48179,38.674616],[141.481628,38.674483],[141.481515,38.674258],[141.481403,38.674192],[141.481303,38.674283],[141.481278,38.674416],[141.48174,38.675158],[141.481353,38.6759],[141.481278,38.6759],[141.481003,38.675991],[141.48089,38.676125],[141.480778,38.676958],[141.480565,38.677524],[141.480365,38.677841],[141.47954,38.678108],[141.479215,38.678266],[141.478915,38.678291],[141.47859,38.678358],[141.477353,38.679191],[141.476715,38.679466],[141.47644,38.679599],[141.475653,38.679874],[141.475128,38.679849],[141.474828,38.679874],[141.474628,38.679849],[141.473666,38.679507],[141.473366,38.679357],[141.472841,38.678724],[141.472791,38.678524],[141.472953,38.678433],[141.472903,38.678224],[141.472903,38.678024],[141.473041,38.677999],[141.473116,38.677958],[141.473091,38.677574],[141.473003,38.677149],[141.472616,38.676941],[141.472241,38.676858],[141.472103,38.676858],[141.471766,38.676699],[141.471241,38.676333],[141.471078,38.676108],[141.470916,38.675974],[141.470591,38.675816],[141.470041,38.675366],[141.469766,38.674849],[141.469404,38.674583],[141.469104,38.674424],[141.468991,38.674241],[141.468966,38.673725],[141.468991,38.673475],[141.468829,38.673208],[141.468604,38.673158],[141.468466,38.673158],[141.468304,38.672958],[141.468116,38.6728],[141.467941,38.672733],[141.467804,38.672758],[141.467804,38.672916],[141.467916,38.673233],[141.468216,38.673458],[141.468254,38.673616],[141.467804,38.673999],[141.466854,38.674583],[141.466604,38.674691],[141.466079,38.674808],[141.465641,38.674783],[141.465341,38.674699],[141.464704,38.674408],[141.464629,38.674066],[141.464354,38.673708],[141.463742,38.673116],[141.463604,38.673033],[141.463417,38.672808],[141.463279,38.672083],[141.463054,38.671883],[141.462754,38.671791],[141.461842,38.671341],[141.460742,38.671025],[141.45973,38.671166],[141.459342,38.671166],[141.458955,38.671074],[141.45883,38.671116],[141.458792,38.671274],[141.458692,38.671458],[141.458692,38.671633],[141.458742,38.671791],[141.45863,38.671949],[141.458305,38.672133],[141.45778,38.672224],[141.45748,38.672383],[141.457292,38.672583],[141.45718,38.672808],[141.457117,38.673058],[141.457067,38.673149],[141.456767,38.673399],[141.456605,38.673399],[141.456442,38.673466],[141.456405,38.673932],[141.455917,38.674049],[141.455367,38.674074],[141.453905,38.674049],[141.453355,38.674099],[141.453305,38.673916],[141.45328,38.673891],[141.452455,38.673874],[141.45243,38.674324],[141.452255,38.674349],[141.451932,38.674363],[141.45168,38.674366],[141.451605,38.674032],[141.449018,38.674007],[141.448943,38.673966],[141.448805,38.673782],[141.448768,38.673199],[141.448693,38.673174],[141.44863,38.672391],[141.448655,38.672166],[141.448605,38.672141],[141.447943,38.672232],[141.447893,38.673291],[141.444518,38.673516],[141.444456,38.673316],[141.444256,38.672913],[141.444131,38.672574],[141.444206,38.672166],[141.444431,38.671807],[141.444481,38.671307],[141.444618,38.671057],[141.444843,38.671057],[141.445031,38.670974],[141.445193,38.670741],[141.445418,38.670049],[141.445693,38.669616],[141.445906,38.669549],[141.445993,38.669166],[141.445743,38.668441],[141.445793,38.668308],[141.445693,38.667766],[141.445931,38.6675],[141.445968,38.667225],[141.445906,38.6663],[141.445856,38.665916],[141.445631,38.66515],[141.445444,38.664816],[141.445356,38.664433],[141.445381,38.66425],[141.445494,38.663983],[141.445656,38.663917],[141.445819,38.663733],[141.445956,38.663375],[141.445981,38.662875],[141.446119,38.662492],[141.446431,38.6622],[141.446594,38.661933],[141.447031,38.661392],[141.447556,38.66055],[141.447556,38.660309],[141.447694,38.659967],[141.447906,38.659609],[141.448181,38.659359],[141.448544,38.6592],[141.449119,38.658909],[141.449369,38.658617],[141.450056,38.657642],[141.450056,38.657376],[141.449806,38.657151],[141.449306,38.656809],[141.449144,38.656501],[141.448919,38.656226],[141.448756,38.656184],[141.448531,38.656001],[141.448181,38.655617],[141.447794,38.655284],[141.447494,38.654943],[141.447107,38.654559],[141.446832,38.654201],[141.446607,38.654134],[141.446257,38.654134],[141.445957,38.654068],[141.445732,38.653868],[141.445482,38.653526],[141.444932,38.652359],[141.444682,38.652059],[141.444357,38.651909],[141.443557,38.651251],[141.443282,38.650868],[141.44317,38.650485],[141.443145,38.65006],[141.44292,38.649093],[141.442645,38.648685],[141.442395,38.648235],[141.442095,38.647826],[141.441795,38.647518],[141.442007,38.647285],[141.441595,38.646885],[141.441408,38.646993],[141.441183,38.64666],[141.441108,38.646343],[141.44177,38.64621],[141.442045,38.64596],[141.442233,38.645643],[141.442258,38.645302],[141.44217,38.64501],[141.442008,38.644902],[141.441733,38.644902],[141.441933,38.644177],[141.442095,38.643843],[141.44237,38.643594],[141.442945,38.643344],[141.443245,38.64341],[141.443658,38.64346],[141.443858,38.643369],[141.444433,38.642935],[141.44467,38.642919],[141.445495,38.643144],[141.445882,38.643094],[141.44712,38.642752],[141.447645,38.642685],[141.448195,38.642752],[141.448557,38.642869],[141.448857,38.64291],[141.449295,38.643135],[141.449795,38.643202],[141.450257,38.643135],[141.450369,38.643094],[141.450669,38.643069],[141.451132,38.643227],[141.451407,38.64336],[141.451582,38.643535],[141.451857,38.64401],[141.451907,38.64426],[141.452019,38.644352],[141.452069,38.644352],[141.452182,38.644219],[141.452207,38.644035],[141.452294,38.643852],[141.452569,38.643652],[141.452894,38.643469],[141.453307,38.643311],[141.454019,38.642952],[141.454407,38.642711],[141.454756,38.642518],[141.455207,38.642344],[141.455807,38.642319],[141.456194,38.642411],[141.456606,38.642544],[141.456719,38.642427],[141.456657,38.641819],[141.456682,38.641369],[141.45692,38.640897],[141.457094,38.640444],[141.457369,38.640311],[141.457819,38.640219],[141.458331,38.640153],[141.459244,38.639994],[141.459706,38.639953],[141.459931,38.639969],[141.460431,38.640219],[141.460844,38.640578],[141.461306,38.641094],[141.461494,38.641411],[141.461376,38.641884],[141.461394,38.642469],[141.461516,38.6427],[141.461669,38.642852],[141.461968,38.643419],[141.462197,38.643909],[141.462186,38.644229],[141.462104,38.644559],[141.462031,38.644861],[141.461918,38.645177],[141.461918,38.645511],[141.462031,38.646235],[141.462243,38.64666],[141.462743,38.647177],[141.463381,38.647494],[141.463681,38.647744],[141.464006,38.647944],[141.464231,38.647944],[141.464531,38.64781],[141.464856,38.64756],[141.46588,38.647019],[141.466318,38.646744],[141.466805,38.646519],[141.46708,38.646275],[141.467255,38.646069],[141.468155,38.645552],[141.46923,38.645052],[141.470243,38.644761],[141.470905,38.644603],[141.471368,38.644561],[141.47178,38.644736],[141.472118,38.644803],[141.47228,38.644736],[141.472418,38.644603],[141.47363,38.644378],[141.474042,38.644328],[141.474417,38.644328],[141.474455,38.644644],[141.47483,38.644894],[141.475217,38.644978],[141.475305,38.645119],[141.475692,38.645319],[141.47583,38.645344],[141.476592,38.645319],[141.476892,38.645119],[141.47723,38.644686],[141.477555,38.644619],[141.477942,38.644661],[141.478242,38.644728],[141.478405,38.644794],[141.47863,38.644728],[141.47858,38.644569],[141.47858,38.644369],[141.478588,38.644295],[141.478655,38.644211],[141.47872,38.644137],[141.478792,38.644036],[141.479092,38.643961],[141.479205,38.643961],[141.479805,38.64372],[141.480217,38.64367],[141.480854,38.64392],[141.480967,38.643853],[141.481179,38.64347],[141.481429,38.643378],[141.481542,38.64322],[141.481517,38.643086],[141.481587,38.642817],[141.481754,38.642428],[141.482342,38.642111],[141.483104,38.641778],[141.484592,38.641545],[141.485011,38.641507],[141.485279,38.641545],[141.485581,38.641813],[141.485917,38.642137],[141.486185,38.642407],[141.486379,38.642587],[141.486604,38.642737],[141.486816,38.64297],[141.486904,38.643395],[141.487179,38.643845],[141.487754,38.644178],[141.487841,38.644428],[141.487979,38.644678],[141.488329,38.644878],[141.488829,38.64492],[141.489079,38.644903],[141.489629,38.644611],[141.489929,38.644561],[141.490179,38.644245],[141.490179,38.643662],[141.490066,38.64337],[141.489841,38.64247],[141.489979,38.642378],[141.490479,38.64222],[141.491329,38.642062],[141.491791,38.642037],[141.491929,38.642062],[141.492504,38.642445],[141.492641,38.642845],[141.492978,38.643028],[141.493141,38.64307],[141.493528,38.643053],[141.493716,38.643095],[141.493916,38.643278],[141.494053,38.643503],[141.494078,38.64402],[141.494266,38.644112],[141.494516,38.64402],[141.494878,38.64402],[141.495066,38.644153],[141.495153,38.644312],[141.495128,38.644537],[141.495228,38.644787],[141.495616,38.645212],[141.495866,38.645237],[141.496066,38.645162],[141.496116,38.645078],[141.496028,38.644737],[141.496141,38.644762],[141.496416,38.644937],[141.4965,38.645032],[141.496616,38.645195],[141.496866,38.645328],[141.497166,38.645312],[141.497174,38.645222],[141.497136,38.645072],[141.497095,38.644978],[141.497053,38.644862],[141.497028,38.644697],[141.496953,38.64452],[141.496925,38.644434],[141.496903,38.644295],[141.496903,38.644112],[141.496728,38.64377],[141.496528,38.643745],[141.496391,38.643678],[141.496303,38.643495],[141.496278,38.643203],[141.496356,38.642963],[141.496421,38.642696],[141.496501,38.642441],[141.496728,38.641904],[141.496928,38.641612],[141.497278,38.641362],[141.497478,38.641337],[141.498116,38.641387],[141.498253,38.641479],[141.498441,38.641487],[141.498691,38.641395],[141.498741,38.641354],[141.498791,38.641104],[141.499041,38.640904],[141.49931,38.640817],[141.499491,38.640812],[141.499966,38.640746],[141.500369,38.640647],[141.500578,38.640662],[141.501065,38.640871],[141.50124,38.641096],[141.501115,38.641162],[141.50104,38.641362],[141.50094,38.641454],[141.501115,38.64157],[141.50124,38.641595],[141.50149,38.641529],[141.50169,38.641504],[141.501965,38.641645],[141.50219,38.641646],[141.50234,38.641737],[141.50259,38.641762],[141.502665,38.641804],[141.50334,38.641921],[141.503565,38.641904],[141.50354,38.641696],[141.50356,38.641512],[141.503722,38.641191],[141.503803,38.640979],[141.503988,38.640633],[141.504003,38.640462],[141.504023,38.640365],[141.50409,38.640279],[141.504215,38.640146],[141.504315,38.640079],[141.504315,38.640012],[141.50374,38.639537],[141.502865,38.639171],[141.50269,38.639012],[141.50264,38.638871],[141.502678,38.638604],[141.502728,38.638396],[141.502928,38.638313],[141.503278,38.638221],[141.503278,38.638354],[141.503628,38.638454],[141.503903,38.638429],[141.504003,38.638454],[141.504228,38.638429],[141.504553,38.638504],[141.504778,38.638479],[141.504903,38.638371],[141.504978,38.638188],[141.50489,38.637804],[141.504869,38.637753],[141.50484,38.637696],[141.504815,38.637554],[141.50489,38.637379],[141.505115,38.637263],[141.505515,38.637154],[141.50584,38.637179],[141.506315,38.637296],[141.50649,38.637479],[141.506665,38.638088],[141.506778,38.638404],[141.506853,38.638538],[141.507003,38.638704],[141.507252,38.638813],[141.507452,38.638996],[141.507402,38.639154],[141.507302,38.639246],[141.507352,38.639338],[141.507702,38.639379],[141.507827,38.639338],[141.507902,38.639229],[141.508227,38.639163],[141.508462,38.63926],[141.508677,38.639254],[141.509177,38.639171],[141.509366,38.639197],[141.509527,38.639079],[141.509569,38.639021],[141.50959,38.638963],[141.509615,38.638788],[141.50954,38.638513],[141.509315,38.638329],[141.509015,38.637921],[141.508977,38.637471],[141.509037,38.63731],[141.509227,38.637071],[141.509702,38.636755],[141.509952,38.636671],[141.510265,38.636605],[141.510565,38.636646],[141.510602,38.636696],[141.510777,38.636988],[141.510902,38.63708],[141.511027,38.636971],[141.511152,38.636996],[141.511377,38.637155],[141.511627,38.637221],[141.511902,38.637221],[141.512027,38.637271],[141.512177,38.637246],[141.512315,38.637088],[141.51254,38.637113],[141.512715,38.637205],[141.512802,38.637363],[141.512827,38.63773],[141.512927,38.637813],[141.513027,38.638113],[141.512977,38.638271],[141.513002,38.638405],[141.512952,38.638513],[141.51299,38.638671],[141.513114,38.63868],[141.513327,38.638405],[141.513677,38.63823],[141.513777,38.638113],[141.514352,38.63828],[141.514377,38.63828],[141.514377,38.638438],[141.514527,38.638955],[141.514664,38.639296],[141.514914,38.639388],[141.514939,38.639363],[141.515152,38.639071],[141.515227,38.63883],[141.515227,38.638596],[141.515127,38.63853],[141.515152,38.638171],[141.515327,38.63808],[141.515627,38.637996],[141.516089,38.637971],[141.516514,38.638138],[141.516702,38.638296],[141.516877,38.638705],[141.516802,38.638746],[141.516727,38.638905],[141.516927,38.63918],[141.517127,38.639355],[141.517364,38.639746],[141.517364,38.639788],[141.517589,38.640063],[141.517739,38.640171],[141.517789,38.640313],[141.517939,38.640404],[141.518139,38.640446],[141.518464,38.640246],[141.518614,38.64023],[141.518714,38.640163],[141.518751,38.639955],[141.518651,38.639771],[141.518502,38.63968],[141.518377,38.639521],[141.518102,38.639363],[141.517977,38.639205],[141.517902,38.639046],[141.517902,38.638755],[141.517977,38.638646],[141.517839,38.638238],[141.517964,38.638013],[141.518702,38.637313],[141.518877,38.637205],[141.519552,38.637122],[141.519927,38.637238],[141.519777,38.63748],[141.520451,38.637805],[141.520651,38.637622],[141.520776,38.637647],[141.521651,38.637672],[141.521801,38.637838],[141.522201,38.637788],[141.522251,38.63768],[141.522651,38.637638],[141.522701,38.637613],[141.522751,38.637505],[141.522576,38.637347],[141.522914,38.637122],[141.523239,38.637055],[141.523389,38.636805],[141.523339,38.636697],[141.523514,38.636472],[141.524064,38.636313],[141.524364,38.636405],[141.524539,38.636655],[141.524664,38.636772],[141.524689,38.63693],[141.524864,38.637272],[141.524889,38.63743],[141.525289,38.63763],[141.525439,38.637497],[141.525614,38.63748],[141.525763,38.637655],[141.526038,38.63773],[141.526438,38.63773],[141.526613,38.637638],[141.526813,38.637597],[141.526888,38.637622],[141.527063,38.637738],[141.527238,38.63778],[141.527913,38.63783],[141.528338,38.637788],[141.528413,38.637563],[141.528313,38.63738],[141.528338,38.63718],[141.529101,38.637122],[141.529101,38.637255],[141.529238,38.637505],[141.529413,38.637547],[141.529626,38.637464],[141.529901,38.637464],[141.530176,38.637355],[141.530226,38.637264],[141.530051,38.637014],[141.529826,38.636922],[141.529776,38.636872],[141.529776,38.636605],[141.529576,38.636447],[141.529502,38.636364],[141.529451,38.636197],[141.529313,38.636039],[141.529038,38.635922],[141.528963,38.635855],[141.529038,38.635447],[141.529213,38.635272],[141.529238,38.63493],[141.529188,38.634772],[141.529149,38.634651],[141.529051,38.634522],[141.528876,38.634364],[141.528501,38.634247],[141.528601,38.634139],[141.528876,38.633981],[141.529276,38.633806],[141.529301,38.633739],[141.529076,38.633647],[141.528751,38.633597],[141.528701,38.633439],[141.528663,38.633418],[141.528622,38.633367],[141.528611,38.633257],[141.528613,38.633097],[141.528606,38.633022],[141.528638,38.632897],[141.528788,38.632764],[141.528688,38.632606],[141.528388,38.632622],[141.528288,38.632581],[141.527689,38.632572],[141.527589,38.632547],[141.527539,38.632214],[141.527864,38.632172],[141.528263,38.632039],[141.528526,38.631722],[141.528551,38.631539],[141.52858,38.631458],[141.528635,38.631342],[141.528676,38.631206],[141.528726,38.630822],[141.528663,38.630548],[141.528537,38.630425],[141.528464,38.630323],[141.528414,38.630231],[141.528264,38.630098],[141.528039,38.630073],[141.527714,38.630114],[141.527526,38.630339],[141.527376,38.630297],[141.527264,38.630131],[141.527214,38.630089],[141.526989,38.630114],[141.526739,38.629906],[141.526714,38.629839],[141.526839,38.629706],[141.526839,38.629498],[141.526814,38.629364],[141.526989,38.629164],[141.527314,38.628939],[141.527576,38.628673],[141.528001,38.628473],[141.527801,38.628331],[141.527551,38.628306],[141.527351,38.628131],[141.527176,38.627814],[141.526814,38.627223],[141.526539,38.626998],[141.526714,38.626814],[141.526939,38.626773],[141.527164,38.626815],[141.527364,38.627089],[141.527989,38.627127],[141.528264,38.626981],[141.528414,38.626873],[141.528489,38.626581],[141.528451,38.626398],[141.528526,38.62624],[141.528351,38.626015],[141.528151,38.625965],[141.528201,38.625698],[141.528301,38.625581],[141.528176,38.62529],[141.528151,38.625265],[141.528101,38.625131],[141.527939,38.624998],[141.527864,38.62479],[141.527864,38.624548],[141.528189,38.62434],[141.528239,38.624165],[141.528289,38.62414],[141.528314,38.624007],[141.528189,38.62394],[141.528164,38.623798],[141.527801,38.623348],[141.527876,38.623215],[141.527801,38.623073],[141.527826,38.622923],[141.527701,38.622832],[141.527676,38.622623],[141.527476,38.62249],[141.527301,38.62249],[141.527089,38.622123],[141.527039,38.621873],[141.527314,38.621723],[141.527439,38.621565],[141.527489,38.621407],[141.527339,38.621265],[141.527414,38.62104],[141.527601,38.620982],[141.527776,38.620774],[141.527876,38.620549],[141.527851,38.620349],[141.527676,38.620257],[141.527351,38.620365],[141.527176,38.620499],[141.527001,38.620457],[141.526901,38.620274],[141.526776,38.620182],[141.526676,38.619999],[141.526601,38.61984],[141.526626,38.619707],[141.526901,38.619599],[141.527089,38.619374],[141.527039,38.619149],[141.527089,38.618965],[141.527339,38.619032],[141.527539,38.618899],[141.527914,38.618499],[141.528176,38.61834],[141.528126,38.618024],[141.527976,38.61789],[141.527926,38.617682],[141.527526,38.617232],[141.527302,38.617182],[141.527102,38.617182],[141.526527,38.616974],[141.526327,38.617066],[141.526127,38.617041],[141.525914,38.616971],[141.525802,38.616882],[141.525727,38.616632],[141.525739,38.616432],[141.525589,38.616091],[141.525539,38.615749],[141.525614,38.615324],[141.525702,38.615057],[141.525702,38.614691],[141.525602,38.614624],[141.525527,38.614424],[141.525527,38.614266],[141.525477,38.614057],[141.525177,38.613991],[141.525127,38.613924],[141.525239,38.613491],[141.525289,38.612841],[141.525139,38.612699],[141.525102,38.612391],[141.524864,38.612383],[141.524727,38.612133],[141.524802,38.612024],[141.524727,38.611683],[141.524602,38.611508],[141.524502,38.611299],[141.524602,38.611258],[141.524852,38.611324],[141.525027,38.611283],[141.525127,38.611166],[141.524914,38.611008],[141.524227,38.610866],[141.524127,38.610849],[141.524139,38.610774],[141.524064,38.6106],[141.524314,38.610575],[141.524364,38.610533],[141.524539,38.610533],[141.524639,38.610558],[141.524839,38.610558],[141.524864,38.610533],[141.524789,38.610358],[141.524639,38.610266],[141.524339,38.609741],[141.524227,38.609383],[141.524102,38.609225],[141.52394,38.609189],[141.523727,38.609216],[141.523552,38.609191],[141.523177,38.609283],[141.522927,38.609216],[141.522827,38.609033],[141.522452,38.609008],[141.522327,38.608825],[141.522127,38.608641],[141.521927,38.608666],[141.521752,38.608641],[141.521627,38.608841],[141.521477,38.608866],[141.521168,38.608592],[141.521015,38.609066],[141.52124,38.609158],[141.520815,38.609783],[141.52064,38.609741],[141.52069,38.609533],[141.520215,38.60935],[141.520065,38.609216],[141.520065,38.609033],[141.519965,38.6089],[141.519865,38.608608],[141.519977,38.60845],[141.520027,38.608108],[141.519952,38.607791],[141.519677,38.607591],[141.519377,38.60745],[141.519127,38.60745],[141.519052,38.607358],[141.518953,38.607083],[141.519115,38.606933],[141.51919,38.606725],[141.519115,38.606591],[141.51914,38.606525],[141.51904,38.606275],[141.51889,38.606075],[141.518765,38.605758],[141.518678,38.605592],[141.518503,38.605525],[141.51824,38.605642],[141.518065,38.6055],[141.518228,38.6053],[141.518003,38.604958],[141.517878,38.604892],[141.517728,38.604958],[141.517553,38.604592],[141.517476,38.604488],[141.517322,38.604303],[141.517273,38.604119],[141.517303,38.603983],[141.51734,38.603892],[141.517053,38.603983],[141.516753,38.603983],[141.516803,38.604208],[141.516903,38.604433],[141.516883,38.604517],[141.516828,38.604592],[141.516553,38.604742],[141.516203,38.604717],[141.515728,38.604758],[141.515303,38.604717],[141.514953,38.604575],[141.514153,38.604525],[141.513766,38.6047],[141.513641,38.6047],[141.513566,38.604592],[141.513291,38.604517],[141.513041,38.6047],[141.513041,38.604808],[141.512691,38.604875],[141.512241,38.60485],[141.511616,38.6046],[141.511466,38.6046],[141.511416,38.604825],[141.510841,38.605],[141.510191,38.604975],[141.510116,38.604925],[141.509741,38.604266],[141.509516,38.604083],[141.509166,38.604058],[141.508741,38.604125],[141.508416,38.6041],[141.508216,38.603941],[141.508268,38.603732],[141.508454,38.603291],[141.508553,38.603133],[141.508604,38.602792],[141.508429,38.6025],[141.508429,38.602183],[141.508516,38.602],[141.508716,38.601825],[141.509116,38.601825],[141.509591,38.601517],[141.509941,38.601383],[141.510566,38.601408],[141.510528,38.601092],[141.510253,38.600933],[141.510128,38.600725],[141.510078,38.600484],[141.509992,38.600361],[141.509878,38.600209],[141.509753,38.60005],[141.509528,38.599934],[141.509404,38.599775],[141.509491,38.599525],[141.509641,38.599392],[141.509841,38.599259],[141.509991,38.599084],[141.509916,38.5989],[141.509616,38.598875],[141.509116,38.598492],[141.508991,38.598509],[141.508766,38.598467],[141.508516,38.598217],[141.508291,38.5981],[141.508216,38.598192],[141.508113,38.598316],[141.508066,38.598434],[141.508216,38.599025],[141.508466,38.599275],[141.508579,38.599475],[141.508679,38.59975],[141.508604,38.600358],[141.508379,38.600517],[141.508016,38.600717],[141.507666,38.600758],[141.506641,38.600683],[141.506466,38.600858],[141.506433,38.60103],[141.506359,38.601198],[141.506223,38.601411],[141.5061,38.601645],[141.505979,38.601825],[141.505879,38.60205],[141.505554,38.602167],[141.505104,38.602275],[141.504879,38.6022],[141.504579,38.60195],[141.504379,38.601925],[141.504279,38.601991],[141.504254,38.60215],[141.504241,38.602425],[141.504166,38.602691],[141.503894,38.60304],[141.503616,38.603366],[141.503404,38.603525],[141.502904,38.6037],[141.502204,38.60365],[141.501729,38.603491],[141.501204,38.603283],[141.500829,38.603033],[141.500592,38.6028],[141.500625,38.602706],[141.500708,38.602569],[141.500867,38.6024],[141.500986,38.602315],[141.501704,38.601166],[141.502154,38.6013],[141.502517,38.600608],[141.502367,38.600467],[141.501967,38.599883],[141.501967,38.599542],[141.502167,38.59945],[141.502329,38.599067],[141.502679,38.598942],[141.502867,38.598059],[141.502999,38.597907],[141.503167,38.597834],[141.503392,38.597859],[141.503517,38.597925],[141.503692,38.597884],[141.503692,38.597634],[141.503767,38.597142],[141.503729,38.597009],[141.503604,38.596934],[141.503457,38.596667],[141.503454,38.596459],[141.504079,38.595884],[141.504267,38.595451],[141.504362,38.595252],[141.504367,38.594909],[141.504192,38.594642],[141.503942,38.594526],[141.503692,38.594501],[141.503492,38.594409],[141.503217,38.594359],[141.502742,38.594384],[141.502517,38.594292],[141.502317,38.594109],[141.502379,38.593901],[141.501654,38.593451],[141.501379,38.593359],[141.501154,38.593334],[141.500904,38.593642],[141.500717,38.593801],[141.500217,38.593842],[141.499967,38.593659],[141.49928,38.593209],[141.498405,38.592567],[141.49833,38.592317],[141.498517,38.591917],[141.498567,38.591576],[141.498242,38.590918],[141.498092,38.590893],[141.497917,38.591026],[141.497742,38.591093],[141.497217,38.591026],[141.496992,38.590934],[141.496717,38.590726],[141.496592,38.590684],[141.49608,38.590468],[141.49578,38.590401],[141.49548,38.590426],[141.495318,38.590467],[141.49523,38.590559],[141.495418,38.591059],[141.49548,38.591351],[141.495617,38.591601],[141.494768,38.592051],[141.494218,38.592051],[141.494018,38.592001],[141.49358,38.591826],[141.492618,38.591084],[141.492293,38.590951],[141.491905,38.590901],[141.491718,38.590834],[141.491743,38.590651],[141.49193,38.590451],[141.492405,38.590426],[141.492578,38.589424],[141.493468,38.589209],[141.493387,38.589051],[141.493356,38.588896],[141.493255,38.588784],[141.492868,38.588809],[141.492755,38.588693],[141.492455,38.588651],[141.492368,38.588668],[141.492225,38.588828],[141.491541,38.588761],[141.491268,38.588426],[141.491106,38.588243],[141.491056,38.588109],[141.490881,38.587951],[141.491018,38.587793],[141.491355,38.587793],[141.491568,38.587843],[141.491743,38.587818],[141.491843,38.587609],[141.491818,38.587343],[141.49168,38.587051],[141.491493,38.586826],[141.490943,38.586734],[141.490831,38.586693],[141.490581,38.586668],[141.490393,38.586693],[141.490256,38.586784],[141.490168,38.586918],[141.490168,38.587143],[141.490169,38.587368],[141.490143,38.587568],[141.490006,38.587726],[141.489643,38.587751],[141.489343,38.586918],[141.489368,38.586718],[141.489343,38.586643],[141.488743,38.586401],[141.488606,38.586284],[141.488456,38.585909],[141.488506,38.58546],[141.488431,38.585251],[141.488268,38.585051],[141.488068,38.584918],[141.487768,38.584468],[141.487843,38.584351],[141.488068,38.584243],[141.488018,38.583768],[141.487793,38.583718],[141.487494,38.583426],[141.487469,38.583343],[141.487294,38.583226],[141.487131,38.583226],[141.487244,38.583635],[141.487056,38.583701],[141.486506,38.58366],[141.485819,38.58341],[141.485048,38.583758],[141.484631,38.583676],[141.484269,38.583385],[141.484056,38.583368],[141.483556,38.583076],[141.483331,38.583118],[141.482981,38.583318],[141.482869,38.583251],[141.482894,38.582985],[141.482844,38.582918],[141.482594,38.582851],[141.482132,38.582785],[141.481769,38.582668],[141.481469,38.582443],[141.481244,38.582335],[141.480857,38.582201],[141.480307,38.58236],[141.480069,38.582218],[141.479975,38.582114],[141.479783,38.582169],[141.479701,38.582181],[141.479594,38.582201],[141.479569,38.58236],[141.479446,38.582791],[141.478882,38.582851],[141.478814,38.582955],[141.478657,38.583368],[141.478194,38.583576],[141.477982,38.583893],[141.477844,38.584476],[141.477669,38.584818],[141.477532,38.585284],[141.477182,38.585309],[141.476382,38.585151],[141.47512,38.584768],[141.473745,38.584118],[141.47272,38.583576],[141.47212,38.583201],[141.471345,38.582609],[141.471295,38.582501],[141.471095,38.582276],[141.470745,38.582093],[141.470383,38.581959],[141.469995,38.582051],[141.46912,38.582009],[141.467383,38.581851],[141.466971,38.581984],[141.466533,38.582234],[141.466096,38.582434],[141.465683,38.582434],[141.465271,38.582234],[141.464858,38.581968],[141.464496,38.581676],[141.463596,38.581176],[141.463183,38.580868],[141.462846,38.580343],[141.462693,38.580254],[141.462571,38.580276],[141.462321,38.580326],[141.461996,38.580209],[141.461084,38.579585],[141.460759,38.579626],[141.460421,38.579468],[141.460046,38.579201],[141.459796,38.578926],[141.459521,38.578551],[141.459271,38.578076],[141.45893,38.577636],[141.458787,38.577084],[141.459684,38.576093],[141.460259,38.575527],[141.460584,38.575485],[141.460921,38.575393],[141.461196,38.575077],[141.461471,38.574627],[141.461571,38.574269],[141.461384,38.57291],[141.461321,38.571877],[141.461547,38.569486],[141.461872,38.567753],[141.462222,38.56667],[141.462447,38.566245],[141.462697,38.56557],[141.463109,38.564778],[141.463684,38.564145],[141.464647,38.563245],[141.465434,38.562679],[141.466046,38.562387],[141.466459,38.562095],[141.466834,38.561712],[141.466971,38.56142],[141.466946,38.561145],[141.467256,38.560926],[141.467884,38.560921],[141.468209,38.561171],[141.468409,38.56142],[141.468459,38.561645],[141.468459,38.561887],[141.468521,38.562045],[141.468684,38.562162],[141.468796,38.56202],[141.468821,38.561754],[141.469121,38.561554],[141.471209,38.560762],[141.471921,38.560779],[141.472746,38.560846],[141.472996,38.560921],[141.472808,38.561371],[141.473058,38.561704],[141.473246,38.561796],[141.473508,38.561884],[141.473771,38.561954],[141.474146,38.561479],[141.474646,38.560754],[141.475583,38.560171],[141.476296,38.560304],[141.476346,38.560529],[141.476433,38.560646],[141.476521,38.561046],[141.47657,38.561162],[141.476483,38.561229],[141.476458,38.561521],[141.47662,38.561812],[141.476383,38.562104],[141.476495,38.562196],[141.47657,38.562579],[141.47657,38.562762],[141.47652,38.562871],[141.476845,38.563012],[141.477095,38.563029],[141.477145,38.563004],[141.477345,38.562762],[141.477645,38.562671],[141.477695,38.562621],[141.47792,38.562621],[141.478145,38.562512],[141.478283,38.562379],[141.47827,38.562196],[141.478033,38.562012],[141.478308,38.561812],[141.478308,38.561629],[141.47817,38.561546],[141.478133,38.561479],[141.47797,38.561362],[141.477833,38.561204],[141.477533,38.561162],[141.477445,38.561112],[141.477233,38.560646],[141.47717,38.560438],[141.476683,38.560013],[141.476571,38.559813],[141.476546,38.559629],[141.476346,38.559471],[141.476271,38.559379],[141.475908,38.559363],[141.476183,38.558729],[141.476208,38.558546],[141.476183,38.558346],[141.476096,38.558163],[141.476096,38.557988],[141.476433,38.557621],[141.476508,38.557605],[141.476708,38.557463],[141.476896,38.557396],[141.476946,38.557305],[141.477471,38.557063],[141.477608,38.556921],[141.478108,38.557063],[141.478358,38.557196],[141.47857,38.55778],[141.47877,38.558429],[141.478983,38.558654],[141.479208,38.558813],[141.479395,38.558904],[141.479483,38.559129],[141.47962,38.559263],[141.479733,38.559246],[141.479945,38.558904],[141.480108,38.558796],[141.480298,38.558772],[141.480633,38.558771],[141.480796,38.558653],[141.480908,38.558405],[141.480977,38.558272],[141.481133,38.558113],[141.481243,38.557984],[141.481345,38.557767],[141.481483,38.557571],[141.48162,38.557305],[141.481845,38.556422],[141.48187,38.556313],[141.481983,38.55618],[141.482258,38.554672],[141.482583,38.554397],[141.483383,38.55408],[141.483795,38.553947],[141.48417,38.553897],[141.48472,38.553514],[141.48522,38.55338],[141.48552,38.553339],[141.485707,38.553355],[141.486407,38.553672],[141.486845,38.553989],[141.487057,38.554214],[141.48747,38.554322],[141.487695,38.554322],[141.48797,38.554097],[141.487907,38.55378],[141.487445,38.552814],[141.487332,38.552614],[141.487195,38.552456],[141.487057,38.551964],[141.48687,38.551597],[141.486695,38.551439],[141.48662,38.551214],[141.486832,38.550922],[141.486832,38.550631],[141.486824,38.550455],[141.486857,38.550206],[141.486832,38.549931],[141.486945,38.549731],[141.486945,38.549573],[141.48672,38.549464],[141.48662,38.549056],[141.486445,38.548856],[141.486395,38.548381],[141.486195,38.548156],[141.486095,38.547814],[141.486095,38.547639],[141.485895,38.547273],[141.485708,38.547098],[141.485595,38.547073],[141.485345,38.546873],[141.48532,38.546423],[141.485395,38.54604],[141.485533,38.545765],[141.48562,38.545748],[141.485895,38.545748],[141.486283,38.545606],[141.486445,38.545406],[141.48672,38.544732],[141.486495,38.544215],[141.486383,38.543782],[141.486108,38.54304],[141.48592,38.542707],[141.485533,38.542182],[141.48547,38.541732],[141.48551,38.5416],[141.485607,38.541396],[141.485608,38.54104],[141.48567,38.540882],[141.485803,38.540816],[141.486058,38.540657],[141.486183,38.539932],[141.486845,38.539749],[141.48712,38.539366],[141.487395,38.539324],[141.487783,38.539416],[141.488058,38.538941],[141.488058,38.538649],[141.488245,38.538282],[141.488983,38.537433],[141.489433,38.537024],[141.490145,38.536508],[141.490445,38.536433],[141.490657,38.536299],[141.491482,38.5361],[141.491757,38.535941],[141.491895,38.535808],[141.491845,38.535716],[141.491776,38.535597],[141.491707,38.535441],[141.491682,38.535041],[141.491782,38.535016],[141.491707,38.53475],[141.491507,38.534791],[141.491482,38.534591],[141.49157,38.534408],[141.491845,38.534158],[141.492332,38.534025],[141.492532,38.533892],[141.492632,38.533458],[141.49362,38.532967],[141.494345,38.532717],[141.49497,38.5326],[141.496395,38.532492],[141.496506,38.53237],[141.496545,38.53235],[141.497632,38.532275],[141.498144,38.532292],[141.498407,38.532334],[141.498444,38.532858],[141.499444,38.532917],[141.500119,38.534558],[141.500069,38.53465],[141.499869,38.5351],[141.499869,38.535417],[141.500156,38.535708],[141.500419,38.535866],[141.500744,38.536108],[141.501169,38.536358],[141.501606,38.536508],[141.501856,38.536491],[141.501969,38.53635],[141.501969,38.536216],[141.502106,38.535133],[141.502356,38.534883],[141.502731,38.534742],[141.503044,38.5347],[141.503506,38.534717],[141.503731,38.53465],[141.503931,38.534533],[141.505019,38.534208],[141.505731,38.533892],[141.505931,38.5336],[141.506106,38.533525],[141.506481,38.533275],[141.506556,38.533142],[141.507793,38.533092],[141.507968,38.533109],[141.508106,38.533084],[141.508768,38.533375],[141.508881,38.533442],[141.508831,38.53385],[141.509006,38.533892],[141.509181,38.533759],[141.509493,38.533775],[141.509981,38.533434],[141.510406,38.533592],[141.510693,38.533792],[141.511018,38.534217],[141.51108,38.53435],[141.511168,38.534984],[141.510768,38.535167],[141.510505,38.535058],[141.510393,38.535058],[141.510055,38.535308],[141.509056,38.5364],[141.508893,38.536875],[141.508918,38.537208],[141.509218,38.537391],[141.50938,38.537541],[141.509393,38.537816],[141.509193,38.5384],[141.509343,38.538583],[141.509455,38.538583],[141.50968,38.538716],[141.509918,38.539208],[141.51018,38.539483],[141.510843,38.539791],[141.510993,38.540016],[141.510905,38.540216],[141.511043,38.540399],[141.511418,38.540558],[141.511593,38.540708],[141.51188,38.540891],[141.51243,38.541091],[141.51258,38.541266],[141.512667,38.541699],[141.513392,38.542524],[141.51363,38.542907],[141.514005,38.544016],[141.514217,38.544216],[141.514842,38.544499],[141.515017,38.544724],[141.515255,38.544882],[141.515567,38.544924],[141.515655,38.544907],[141.51563,38.544724],[141.51548,38.544524],[141.515217,38.544366],[141.515392,38.544182],[141.515617,38.544249],[141.515792,38.544382],[141.515992,38.544424],[141.515992,38.544316],[141.515842,38.544132],[141.515467,38.543866],[141.515467,38.543732],[141.515555,38.543707],[141.515617,38.543732],[141.515705,38.543866],[141.51593,38.544041],[141.516079,38.544107],[141.516167,38.544107],[141.516242,38.544041],[141.516217,38.543882],[141.515842,38.543524],[141.515405,38.543457],[141.515317,38.543307],[141.515355,38.543099],[141.51543,38.542991],[141.515605,38.542916],[141.51578,38.542941],[141.516005,38.543166],[141.516354,38.543391],[141.516442,38.543391],[141.516554,38.543341],[141.516529,38.543158],[141.516405,38.542983],[141.516542,38.542416],[141.516455,38.542258],[141.516205,38.542174],[141.51608,38.542083],[141.51608,38.541833],[141.51628,38.541558],[141.516295,38.541366],[141.516242,38.541158],[141.516217,38.540974],[141.516323,38.540884],[141.51646,38.540792],[141.516592,38.540683],[141.516667,38.540525],[141.516642,38.540383],[141.516692,38.540116],[141.516867,38.540116],[141.516955,38.540341],[141.517155,38.540266],[141.517267,38.540158],[141.517417,38.540091],[141.517504,38.540225],[141.517679,38.540266],[141.517792,38.5402],[141.517779,38.539991],[141.517729,38.53975],[141.517817,38.539683],[141.518154,38.539516],[141.518667,38.539383],[141.519217,38.539308],[141.519792,38.539283],[141.520329,38.5393],[141.521217,38.539383],[141.521479,38.539608],[141.521917,38.540083],[141.522041,38.540533],[141.521904,38.541183],[141.521954,38.541483],[141.522129,38.541616],[141.522241,38.541591],[141.522416,38.541433],[141.522591,38.541341],[141.522704,38.541358],[141.523141,38.541633],[141.523366,38.5419],[141.523816,38.542983],[141.524104,38.543499],[141.524229,38.544033],[141.524366,38.544308],[141.524716,38.544666],[141.524741,38.544824],[141.524729,38.545474],[141.524929,38.545907],[141.524816,38.546291],[141.524991,38.546449],[141.525253,38.546466],[141.525716,38.546532],[141.525766,38.546574],[141.525828,38.546732],[141.526003,38.546799],[141.526166,38.546757],[141.526366,38.546507],[141.526453,38.546324],[141.526741,38.546182],[141.526916,38.546274],[141.527141,38.546474],[141.527316,38.546724],[141.527516,38.546857],[141.527666,38.546899],[141.527666,38.546741],[141.527741,38.546516],[141.527916,38.546491],[141.528003,38.546516],[141.528153,38.546649],[141.528441,38.546766],[141.528778,38.546807],[141.529191,38.546957],[141.529566,38.547232],[141.529878,38.547407],[141.53014,38.547632],[141.53049,38.548016],[141.530628,38.548257],[141.530778,38.548416],[141.53109,38.548457],[141.531928,38.548882],[141.532278,38.548899],[141.53264,38.548491],[141.53275,38.548355],[141.532903,38.548291],[141.53304,38.548316],[141.533153,38.548266],[141.533103,38.548157],[141.532953,38.548016],[141.532803,38.547791],[141.532715,38.547482],[141.532453,38.546824],[141.53254,38.546599],[141.53274,38.546441],[141.533028,38.546441],[141.533515,38.546233],[141.533853,38.546299],[141.534028,38.546499],[141.534553,38.546858],[141.534803,38.546808],[141.534753,38.546658],[141.534603,38.546541],[141.534578,38.546341],[141.534603,38.545908],[141.53454,38.545616],[141.53459,38.545458],[141.534878,38.545366],[141.534965,38.545258],[141.534928,38.545166],[141.53459,38.5446],[141.53449,38.544308],[141.53414,38.543566],[141.534053,38.543158],[141.534078,38.542708],[141.534103,38.541808],[141.53424,38.541742],[141.534415,38.541467],[141.534353,38.541358],[141.534003,38.54145],[141.53389,38.54145],[141.533865,38.541317],[141.534115,38.541267],[141.534265,38.5412],[141.534265,38.541067],[141.534115,38.54075],[141.53414,38.5407],[141.534228,38.5407],[141.534603,38.54095],[141.534715,38.540883],[141.534453,38.540608],[141.534078,38.54025],[141.533878,38.5403],[141.533565,38.5403],[141.533453,38.540275],[141.532466,38.539808],[141.532091,38.539542],[141.531916,38.539342],[141.531916,38.539092],[141.531853,38.5388],[141.531878,38.538509],[141.532028,38.538392],[141.532166,38.53835],[141.532291,38.538417],[141.532653,38.538434],[141.532803,38.538234],[141.532653,38.53805],[141.532366,38.537875],[141.531841,38.537425],[141.531266,38.537175],[141.530666,38.536842],[141.530453,38.536617],[141.530428,38.53635],[141.530453,38.535876],[141.530566,38.535584],[141.530616,38.535217],[141.530528,38.534909],[141.530328,38.534526],[141.530353,38.534459],[141.530716,38.533892],[141.530853,38.533551],[141.530678,38.533101],[141.530716,38.533034],[141.530853,38.532826],[141.530853,38.532759],[141.531303,38.532284],[141.531703,38.531984],[141.532016,38.531876],[141.532328,38.531801],[141.532966,38.531776],[141.533228,38.531843],[141.533478,38.532134],[141.533278,38.532201],[141.533753,38.532701],[141.534141,38.532468],[141.534553,38.532559],[141.535066,38.532484],[141.535353,38.532418],[141.535465,38.532418],[141.535753,38.532551],[141.535928,38.532776],[141.53599,38.532751],[141.536103,38.532618],[141.536103,38.53246],[141.535978,38.532318],[141.536328,38.532593],[141.536478,38.532951],[141.536565,38.532976],[141.536615,38.532926],[141.53644,38.53216],[141.536265,38.531893],[141.536028,38.531693],[141.536065,38.531668],[141.536315,38.531868],[141.53644,38.53191],[141.536578,38.53191],[141.53664,38.531776],[141.536628,38.531526],[141.53669,38.531501],[141.536753,38.531551],[141.537128,38.53166],[141.537203,38.53166],[141.537753,38.531951],[141.538015,38.532151],[141.539078,38.532101],[141.539278,38.53201],[141.539328,38.531868],[141.539278,38.531826],[141.539103,38.531785],[141.538728,38.53111],[141.537965,38.530143],[141.53799,38.530052],[141.53814,38.530027],[141.538403,38.53016],[141.538628,38.53021],[141.538803,38.53016],[141.538803,38.530052],[141.538653,38.52996],[141.53854,38.529827],[141.538628,38.529735],[141.53899,38.529577],[141.53919,38.529552],[141.539228,38.52946],[141.539103,38.529343],[141.538928,38.529052],[141.53919,38.529052],[141.53919,38.52901],[141.53899,38.528877],[141.538953,38.52851],[141.539153,38.528535],[141.53959,38.528535],[141.53979,38.528443],[141.539928,38.528285],[141.539903,38.528077],[141.539715,38.527744],[141.539515,38.527452],[141.539778,38.52736],[141.540003,38.527427],[141.540065,38.527402],[141.540003,38.527202],[141.540028,38.527044],[141.540115,38.527035],[141.540115,38.52681],[141.540315,38.526719],[141.54054,38.526944],[141.540628,38.526877],[141.54054,38.526702],[141.540653,38.52661],[141.540853,38.526602],[141.54094,38.526719],[141.541065,38.526785],[141.541315,38.526719],[141.541803,38.526444],[141.541915,38.526219],[141.54194,38.525902],[141.542053,38.525561],[141.542053,38.525244],[141.541728,38.524844],[141.541815,38.524702],[141.542065,38.524661],[141.54224,38.524677],[141.54239,38.524836],[141.542565,38.525152],[141.54274,38.525219],[141.542765,38.525194],[141.542703,38.524994],[141.542815,38.524877],[141.543078,38.524786],[141.543365,38.524919],[141.544252,38.524894],[141.544515,38.524977],[141.545027,38.525269],[141.545202,38.525244],[141.545227,38.524769],[141.54534,38.524569],[141.545515,38.524519],[141.545965,38.524453],[141.546227,38.524361],[141.546277,38.524319],[141.546365,38.524111],[141.546302,38.523861],[141.546206,38.523788],[141.546218,38.523734],[141.546302,38.523686],[141.546103,38.52252],[141.545952,38.522486],[141.545777,38.522494],[141.545635,38.522294],[141.545402,38.522111],[141.54549,38.521903],[141.545652,38.521903],[141.545677,38.521661],[141.54494,38.521395],[141.544852,38.521253],[141.544865,38.520786],[141.544815,38.52047],[141.544553,38.520128],[141.544353,38.52002],[141.544265,38.52002],[141.544228,38.520086],[141.544144,38.52014],[141.54406,38.520209],[141.544003,38.520373],[141.543845,38.520364],[141.54349,38.520111],[141.543403,38.519911],[141.54299,38.51937],[141.542765,38.519153],[141.54259,38.518903],[141.54244,38.518786],[141.54239,38.518836],[141.542329,38.518945],[141.542265,38.518995],[141.541953,38.518953],[141.54184,38.518728],[141.54164,38.518453],[141.541403,38.518278],[141.541265,38.518278],[141.541115,38.51837],[141.540966,38.518274],[141.54089,38.518012],[141.540765,38.517812],[141.540565,38.517787],[141.540016,38.51732],[141.540016,38.516887],[141.539641,38.516528],[141.539316,38.516395],[141.539162,38.516413],[141.539028,38.516512],[141.538898,38.516597],[141.538628,38.516628],[141.538578,38.516562],[141.538603,38.516495],[141.538828,38.516378],[141.539058,38.516323],[141.539178,38.51622],[141.539178,38.515995],[141.538853,38.515678],[141.538703,38.515362],[141.538441,38.51507],[141.538216,38.514895],[141.538128,38.514712],[141.538266,38.514645],[141.538503,38.514687],[141.538666,38.514645],[141.538666,38.514487],[141.538503,38.514437],[141.538203,38.514012],[141.538316,38.513854],[141.538424,38.513877],[141.538666,38.513854],[141.538778,38.513762],[141.539341,38.512946],[141.539453,38.512604],[141.539416,38.511437],[141.539328,38.511137],[141.539203,38.510912],[141.539091,38.510871],[141.538916,38.511054],[141.538816,38.511321],[141.537978,38.511237],[141.536916,38.511062],[141.536141,38.510821],[141.535904,38.510821],[141.535816,38.510646],[141.535841,38.510079],[141.535704,38.509904],[141.535666,38.509746],[141.535529,38.509654],[141.535354,38.509679],[141.535041,38.509796],[141.534804,38.509812],[141.534691,38.509679],[141.534516,38.509571],[141.534229,38.509529],[141.534179,38.509321],[141.534029,38.509121],[141.533804,38.509079],[141.533766,38.508963],[141.533904,38.508671],[141.534166,38.508421],[141.534366,38.508304],[141.535054,38.508013],[141.535454,38.508096],[141.535591,38.508279],[141.535916,38.508229],[141.535904,38.508071],[141.536429,38.507913],[141.536679,38.507688],[141.536591,38.507371],[141.536616,38.507121],[141.536391,38.507079],[141.536329,38.506963],[141.536291,38.506696],[141.536379,38.506446],[141.536441,38.50638],[141.536441,38.506155],[141.536516,38.506013],[141.536754,38.505988],[141.537466,38.506146],[141.537866,38.506121],[141.537891,38.506071],[141.537841,38.505896],[141.537891,38.505713],[141.537579,38.505396],[141.537454,38.50513],[141.537604,38.504971],[141.538079,38.504738],[141.538429,38.504222],[141.538679,38.504355],[141.538829,38.50438],[141.538879,38.504355],[141.538791,38.504172],[141.538566,38.503947],[141.538566,38.503905],[141.538679,38.503788],[141.538616,38.503272],[141.538641,38.503163],[141.53871,38.503024],[141.538741,38.50293],[141.538816,38.50278],[141.539104,38.502597],[141.539404,38.502463],[141.539654,38.502488],[141.539879,38.502538],[141.540053,38.502538],[141.540228,38.502605],[141.540353,38.50288],[141.540391,38.503038],[141.540341,38.503438],[141.540453,38.503647],[141.540628,38.503797],[141.540603,38.504205],[141.540666,38.50443],[141.540778,38.504613],[141.540841,38.504638],[141.54102,38.504727],[141.541216,38.50488],[141.541328,38.504905],[141.541816,38.504605],[141.541978,38.504697],[141.542153,38.504647],[141.542241,38.504555],[141.542328,38.504355],[141.542266,38.504155],[141.541941,38.50388],[141.541966,38.503455],[141.542291,38.503522],[141.542428,38.503447],[141.542403,38.503272],[141.542303,38.502938],[141.542278,38.502797],[141.542303,38.502413],[141.542191,38.501897],[141.541441,38.501422],[141.541091,38.501255],[141.540941,38.500939],[141.540691,38.500672],[141.540661,38.500547],[141.540678,38.500422],[141.540778,38.500289],[141.540804,38.499855],[141.540729,38.499747],[141.540304,38.499422],[141.539966,38.498947],[141.539991,38.498722],[141.539966,38.498497],[141.539891,38.498406],[141.539666,38.498431],[141.539516,38.498606],[141.539291,38.498581],[141.539216,38.498472],[141.539216,38.498289],[141.539166,38.498089],[141.538891,38.497814],[141.538603,38.497717],[141.538441,38.497814],[141.538491,38.498147],[141.538366,38.498281],[141.538141,38.498439],[141.538104,38.498597],[141.538154,38.498805],[141.538079,38.499005],[141.537929,38.499247],[141.537704,38.499364],[141.537229,38.499247],[141.537029,38.499314],[141.536879,38.499289],[141.536729,38.499172],[141.536154,38.49888],[141.536204,38.498497],[141.536529,38.498139],[141.536516,38.497914],[141.536566,38.497597],[141.536416,38.497481],[141.536216,38.497414],[141.535967,38.496956],[141.536129,38.496622],[141.536054,38.496556],[141.535742,38.496547],[141.535329,38.496322],[141.535029,38.496206],[141.534742,38.496364],[141.534717,38.496456],[141.534592,38.496522],[141.534167,38.496606],[141.533992,38.496422],[141.533692,38.496089],[141.533429,38.495906],[141.533304,38.495681],[141.533304,38.495522],[141.533454,38.495339],[141.533929,38.495072],[141.533879,38.495006],[141.534004,38.494964],[141.534254,38.494939],[141.534454,38.494989],[141.534604,38.495056],[141.534754,38.495081],[141.534917,38.494898],[141.535192,38.494739],[141.535067,38.494448],[141.535117,38.494181],[141.535292,38.493998],[141.535092,38.493931],[141.534942,38.493906],[141.534854,38.493323],[141.535029,38.493073],[141.535179,38.493048],[141.535354,38.492939],[141.535404,38.492689],[141.535529,38.492556],[141.535567,38.492264],[141.535767,38.491773],[141.536092,38.491681],[141.536292,38.491523],[141.536392,38.491415],[141.536554,38.49139],[141.536829,38.49144],[141.536817,38.49169],[141.536992,38.492206],[141.537042,38.492231],[141.537192,38.492073],[141.537192,38.491956],[141.537092,38.491556],[141.537129,38.491306],[141.537354,38.491106],[141.537379,38.49104],[141.537354,38.490831],[141.537229,38.490723],[141.537229,38.490606],[141.537479,38.490406],[141.537392,38.49009],[141.537142,38.489881],[141.536839,38.489808],[141.536742,38.489856],[141.536617,38.489923],[141.536092,38.489873],[141.535767,38.48969],[141.535742,38.489356],[141.535717,38.48929],[141.535817,38.489156],[141.535817,38.488998],[141.535742,38.488698],[141.535729,38.488298],[141.535629,38.48809],[141.535354,38.487998],[141.534929,38.488065],[141.534567,38.48829],[141.534642,38.488515],[141.534667,38.48894],[141.534867,38.489415],[141.534754,38.489731],[141.534579,38.48984],[141.534304,38.489931],[141.534029,38.490181],[141.533779,38.49024],[141.533504,38.490015],[141.533354,38.48979],[141.533354,38.489631],[141.533279,38.489473],[141.532867,38.488973],[141.532592,38.488881],[141.532517,38.488923],[141.532405,38.489183],[141.53233,38.489331],[141.532105,38.489648],[141.531905,38.489715],[141.531705,38.489715],[141.53138,38.489481],[141.531055,38.489365],[141.53058,38.488665],[141.530405,38.488548],[141.53013,38.48844],[141.52998,38.488431],[141.52973,38.488523],[141.52948,38.488548],[141.52933,38.48859],[141.52928,38.488565],[141.52913,38.488273],[141.529005,38.488115],[141.52878,38.488115],[141.528605,38.488248],[141.528455,38.48829],[141.528255,38.48824],[141.528005,38.488306],[141.52798,38.488356],[141.52778,38.48844],[141.52758,38.488531],[141.527505,38.488531],[141.527405,38.488573],[141.527455,38.488715],[141.527455,38.488873],[141.527368,38.489098],[141.527343,38.48939],[141.527243,38.489565],[141.526943,38.489723],[141.526843,38.489831],[141.52688,38.490356],[141.52683,38.490398],[141.526705,38.490398],[141.52658,38.490306],[141.526393,38.489948],[141.526193,38.489923],[141.52598,38.490123],[141.525955,38.490373],[141.52538,38.490164],[141.52538,38.490048],[141.52548,38.490006],[141.52543,38.489873],[141.524668,38.489481],[141.524593,38.48939],[141.524043,38.489248],[141.523793,38.489223],[141.523755,38.489364],[141.523605,38.489539],[141.52373,38.490081],[141.523905,38.490289],[141.52373,38.490306],[141.523555,38.490264],[141.523305,38.490264],[141.523155,38.490373],[141.523168,38.490489],[141.523293,38.490556],[141.523668,38.490623],[141.523743,38.490689],[141.523718,38.490806],[141.523543,38.491073],[141.523493,38.491231],[141.523493,38.491389],[141.52373,38.491956],[141.52388,38.492114],[141.524105,38.492548],[141.524305,38.492772],[141.52453,38.492822],[141.52478,38.493047],[141.524805,38.493206],[141.52478,38.493522],[141.524793,38.493614],[141.525193,38.494106],[141.525393,38.494272],[141.524968,38.494556],[141.525093,38.494806],[141.524405,38.495031],[141.52423,38.494847],[141.523693,38.494464],[141.523568,38.494414],[141.52338,38.494547],[141.52323,38.495131],[141.52333,38.495472],[141.523143,38.495855],[141.523018,38.49588],[141.522668,38.495714],[141.522418,38.495764],[141.522243,38.495714],[141.522093,38.495555],[141.521755,38.494947],[141.521555,38.494781],[141.521205,38.494556],[141.52108,38.494581],[141.520955,38.494664],[141.520805,38.494914],[141.52068,38.494939],[141.520481,38.494864],[141.520256,38.494681],[141.519956,38.494347],[141.519631,38.494022],[141.519406,38.493956],[141.518881,38.494114],[141.518831,38.494022],[141.518881,38.493347],[141.518743,38.493231],[141.518493,38.493164],[141.518343,38.493089],[141.518143,38.493072],[141.517968,38.492981],[141.517818,38.492797],[141.517568,38.492614],[141.517218,38.492456],[141.516768,38.492356],[141.516493,38.492564],[141.516181,38.492672],[141.516056,38.492781],[141.515806,38.492897],[141.515281,38.492981],[141.515056,38.492956],[141.514981,38.493047],[141.515131,38.493181],[141.515581,38.493231],[141.515656,38.493297],[141.515706,38.493547],[141.515519,38.493772],[141.515469,38.493797],[141.515319,38.494022],[141.515219,38.494355],[141.515319,38.494489],[141.515743,38.494747],[141.515868,38.494789],[141.516018,38.494922],[141.515831,38.495372],[141.515606,38.496189],[141.515706,38.49628],[141.515831,38.496322],[141.515918,38.496755],[141.516093,38.496939],[141.516168,38.497205],[141.516118,38.497322],[141.515893,38.497313],[141.515618,38.497605],[141.515518,38.497605],[141.515381,38.497672],[141.515306,38.497805],[141.515506,38.498238],[141.515581,38.498755],[141.515968,38.499597],[141.516143,38.499713],[141.516274,38.499908],[141.516318,38.500072],[141.516243,38.500521],[141.516106,38.500796],[141.516106,38.50088],[141.515906,38.501196],[141.515681,38.50138],[141.515606,38.501646],[141.515543,38.501738],[141.515343,38.50178],[141.515343,38.501755],[141.515168,38.501846],[141.515093,38.502188],[141.515118,38.502413],[141.515006,38.502905],[141.514818,38.503179],[141.514556,38.503296],[141.514218,38.503388],[141.513643,38.503346],[141.513443,38.503254],[141.513031,38.503188],[141.512606,38.503079],[141.512494,38.503104],[141.512344,38.503213],[141.512431,38.503463],[141.512694,38.503646],[141.513306,38.504004],[141.513551,38.503989],[141.513706,38.503888],[141.513956,38.503838],[141.514218,38.503863],[141.514481,38.503838],[141.514768,38.503879],[141.515106,38.504038],[141.515506,38.504146],[141.515806,38.504254],[141.515943,38.504863],[141.515693,38.504913],[141.515706,38.506154],[141.516131,38.506121],[141.516081,38.506396],[141.515818,38.506396],[141.515593,38.507054],[141.515918,38.507162],[141.515518,38.507887],[141.515206,38.508254],[141.514668,38.508729],[141.514468,38.508862],[141.514006,38.508779],[141.513868,38.508804],[141.513843,38.509045],[141.514043,38.509345],[141.513731,38.50977],[141.513643,38.510137],[141.513531,38.510312],[141.513743,38.51067],[141.514081,38.510854],[141.514184,38.511135],[141.514231,38.51137],[141.514293,38.511554],[141.514268,38.511845],[141.513443,38.512662],[141.513331,38.512703],[141.513393,38.512978],[141.512393,38.51332],[141.512306,38.513237],[141.511644,38.51337],[141.511531,38.51337],[141.510556,38.513045],[141.510031,38.51282],[141.509394,38.512462],[141.509169,38.512237],[141.508696,38.512015],[141.507807,38.511909],[141.506532,38.511803],[141.505982,38.511737],[141.505207,38.511587],[141.504769,38.511453],[141.504594,38.511278],[141.504569,38.510912],[141.504507,38.510778],[141.504044,38.51067],[141.503932,38.510537],[141.503582,38.509428],[141.503482,38.50882],[141.503569,38.508462],[141.503394,38.508262],[141.503261,38.508297],[141.503132,38.508395],[141.503059,38.508491],[141.502953,38.508663],[141.502703,38.5089],[141.50197,38.509262],[141.501682,38.509628],[141.50157,38.509962],[141.501414,38.510265],[141.501116,38.510443],[141.500962,38.51051],[141.500754,38.51054],[141.500495,38.510536],[141.500207,38.510561],[141.500114,38.510642],[141.499928,38.510723],[141.49972,38.510761],[141.49932,38.510811],[141.498545,38.511086],[141.49837,38.511086],[141.497995,38.511028],[141.497107,38.510603],[141.497045,38.510536],[141.496925,38.510409],[141.496752,38.510086],[141.496645,38.509636],[141.496507,38.509514],[141.496395,38.50942],[141.496058,38.509378],[141.49587,38.509495],[141.495808,38.50947],[141.495595,38.509245],[141.495258,38.509045],[141.49502,38.50897],[141.494608,38.508753],[141.49392,38.508753],[141.493858,38.508836],[141.493806,38.509131],[141.493758,38.509245],[141.493345,38.509561],[141.493233,38.510011],[141.49342,38.510595],[141.493595,38.510753],[141.493783,38.511094],[141.493808,38.511228],[141.493695,38.511411],[141.49337,38.511586],[141.493183,38.511811],[141.493118,38.511857],[141.49302,38.511903],[141.492745,38.512244],[141.492495,38.512403],[141.491858,38.512419],[141.49167,38.512511],[141.491533,38.512669],[141.491558,38.513436],[141.491508,38.513636],[141.491258,38.513911],[141.491045,38.513844],[141.490546,38.514044],[141.490596,38.514269],[141.489783,38.514427],[141.489421,38.514252],[141.488408,38.514477],[141.488233,38.514744],[141.487971,38.514952],[141.487583,38.51506],[141.487246,38.515285],[141.487008,38.51556],[141.486646,38.51576],[141.486208,38.515785],[141.485796,38.515919],[141.484896,38.516935],[141.484621,38.51736],[141.484096,38.518552],[141.483909,38.519027],[141.483684,38.519393],[141.483409,38.51966],[141.482921,38.519935],[141.482784,38.519976],[141.482671,38.519793],[141.481796,38.520001],[141.481659,38.520318],[141.481459,38.520293],[141.481134,38.520176],[141.480309,38.519776],[141.479559,38.519501],[141.479009,38.519685],[141.478734,38.51996],[141.478359,38.520676],[141.478059,38.520884],[141.477697,38.520809],[141.477172,38.520793],[141.476709,38.520951],[141.476322,38.520926],[141.475634,38.520659],[141.475222,38.520451],[141.474809,38.520434],[141.474509,38.520543],[141.47391,38.520884],[141.47196,38.520934],[141.47141,38.521001],[141.470972,38.521176],[141.470147,38.521292],[141.46956,38.521267],[141.469347,38.521184],[141.468573,38.520393],[141.46816,38.520076],[141.46731,38.517893],[141.466898,38.517826],[141.46651,38.517126],[141.466948,38.515618],[141.46668,38.515388],[141.466285,38.515126],[141.465073,38.514376],[141.464748,38.514135],[141.464423,38.513976],[141.464085,38.51386],[141.464523,38.512102],[141.46551,38.512893],[141.465898,38.513118],[141.466373,38.513252],[141.466748,38.51341],[141.466785,38.51361],[141.467085,38.513677],[141.467135,38.51361],[141.467823,38.513927],[141.468598,38.51456],[141.468985,38.514918],[141.469472,38.515251],[141.470222,38.515618],[141.470522,38.51586],[141.470735,38.516176],[141.470822,38.516585],[141.47121,38.51701],[141.471647,38.517143],[141.47201,38.517593],[141.472085,38.517643],[141.472447,38.518093],[141.472697,38.518251],[141.472935,38.518251],[141.473022,38.518135],[141.47311,38.518093],[141.47321,38.517935],[141.473572,38.517801],[141.47396,38.517751],[141.474622,38.517868],[141.474697,38.517843],[141.474972,38.517868],[141.475059,38.51771],[141.475222,38.517568],[141.475222,38.51741],[141.475359,38.517076],[141.475634,38.516826],[141.476009,38.516335],[141.476509,38.51581],[141.477009,38.515677],[141.477197,38.515427],[141.477309,38.51511],[141.477272,38.514735],[141.477309,38.51466],[141.478622,38.513535],[141.478847,38.513669],[141.479309,38.51331],[141.479997,38.51306],[141.480184,38.51286],[141.480384,38.512769],[141.480521,38.512544],[141.480734,38.512361],[141.480984,38.512227],[141.481121,38.512094],[141.481371,38.511961],[141.481971,38.512069],[141.482109,38.512069],[141.482546,38.512227],[141.482709,38.512186],[141.482846,38.511977],[141.482821,38.511577],[141.482771,38.511436],[141.483009,38.511194],[141.483146,38.511144],[141.483534,38.510852],[141.483809,38.510803],[141.484196,38.510694],[141.484309,38.510494],[141.484271,38.510178],[141.484384,38.510061],[141.484821,38.510111],[141.485321,38.509953],[141.485484,38.509769],[141.485621,38.509386],[141.485709,38.509228],[141.485709,38.509069],[141.485846,38.508778],[141.485896,38.508778],[141.486033,38.508661],[141.486146,38.508436],[141.486471,38.508278],[141.486721,38.508103],[141.486746,38.507828],[141.486735,38.507699],[141.486771,38.507603],[141.486996,38.507511],[141.487371,38.507445],[141.487621,38.507536],[141.487846,38.507378],[141.487983,38.50722],[141.488058,38.506978],[141.488008,38.506728],[141.487846,38.506595],[141.487596,38.506278],[141.487121,38.506003],[141.486958,38.505778],[141.487208,38.505103],[141.487458,38.505037],[141.488221,38.50497],[141.488446,38.505012],[141.488658,38.504995],[141.488883,38.505037],[141.489021,38.504995],[141.489158,38.504903],[141.489108,38.504587],[141.488558,38.504203],[141.488521,38.504137],[141.488171,38.50382],[141.487671,38.503462],[141.487483,38.503503],[141.487346,38.503487],[141.487146,38.503345],[141.487046,38.503212],[141.486954,38.503131],[141.486908,38.503028],[141.486759,38.501929],[141.486809,38.501529],[141.487084,38.501545],[141.487408,38.50112],[141.487521,38.500962],[141.487496,38.50087],[141.487746,38.500645],[141.487933,38.500537],[141.487983,38.500537],[141.488071,38.500604],[141.488458,38.500645],[141.488708,38.500645],[141.488733,38.500512],[141.488708,38.500221],[141.488758,38.500154],[141.488946,38.500037],[141.489171,38.499721],[141.489246,38.499404],[141.489171,38.498937],[141.489243,38.4988],[141.489421,38.498712],[141.489633,38.498621],[141.489696,38.498662],[141.489908,38.498637],[141.489996,38.498554],[141.490021,38.498396],[141.490133,38.498346],[141.490383,38.498462],[141.490846,38.498754],[141.491583,38.498954],[141.491758,38.498979],[141.492083,38.498904],[141.492446,38.498929],[141.492883,38.499337],[141.492933,38.499429],[141.49332,38.499604],[141.493845,38.499721],[141.494345,38.499762],[141.495058,38.499696],[141.495333,38.499696],[141.495445,38.499763],[141.49552,38.499896],[141.495495,38.500187],[141.495545,38.500437],[141.49577,38.500529],[141.495995,38.500546],[141.496095,38.500529],[141.496233,38.500437],[141.49637,38.500096],[141.496345,38.499579],[141.496433,38.499313],[141.496295,38.498638],[141.496345,38.497796],[141.496283,38.497188],[141.49632,38.496896],[141.49577,38.496563],[141.495708,38.49643],[141.495795,38.496205],[141.496145,38.495905],[141.49642,38.495705],[141.496683,38.495513],[141.496858,38.495405],[141.496958,38.495405],[141.49707,38.495355],[141.497095,38.495271],[141.49702,38.49513],[141.496945,38.494971],[141.496795,38.49488],[141.496595,38.494655],[141.496574,38.494533],[141.496507,38.494415],[141.49642,38.494263],[141.496333,38.494171],[141.496333,38.493813],[141.496283,38.493772],[141.496145,38.493772],[141.496095,38.49368],[141.49622,38.49323],[141.496083,38.492938],[141.496033,38.492913],[141.495595,38.492913],[141.495458,38.492822],[141.495295,38.492647],[141.49507,38.492305],[141.494958,38.492263],[141.494745,38.49228],[141.49457,38.492438],[141.494358,38.492463],[141.493706,38.492297],[141.493583,38.49213],[141.493421,38.491447],[141.493496,38.491313],[141.493496,38.491047],[141.493333,38.490688],[141.493196,38.490547],[141.492708,38.490397],[141.492421,38.490147],[141.492071,38.489963],[141.491983,38.489805],[141.491796,38.489605],[141.491383,38.489338],[141.491176,38.489188],[141.491046,38.48913],[141.490721,38.489022],[141.490533,38.488905],[141.490533,38.488664],[141.490633,38.488389],[141.490746,38.488322],[141.491246,38.488297],[141.491396,38.488159],[141.491571,38.488139],[141.491658,38.48823],[141.491658,38.488655],[141.491708,38.488814],[141.491958,38.488814],[141.492008,38.48868],[141.491983,38.487964],[141.491621,38.487739],[141.491596,38.487739],[141.491783,38.48708],[141.492096,38.486989],[141.492446,38.486564],[141.492508,38.48643],[141.492371,38.486206],[141.492371,38.486064],[141.492304,38.48579],[141.492202,38.485332],[141.492221,38.485214],[141.492558,38.485122],[141.492883,38.485097],[141.493271,38.484964],[141.493596,38.484939],[141.493908,38.485164],[141.494146,38.485189],[141.494458,38.485139],[141.494696,38.484964],[141.495308,38.484714],[141.495471,38.484464],[141.495658,38.483364],[141.495821,38.482773],[141.495683,38.481781],[141.495608,38.481331],[141.495633,38.480948],[141.495683,38.480748],[141.496008,38.480231],[141.496121,38.480165],[141.496183,38.480115],[141.496421,38.480023],[141.496508,38.480109],[141.496633,38.480081],[141.496722,38.479976],[141.496849,38.479936],[141.496958,38.479906],[141.497108,38.479973],[141.497158,38.480106],[141.497308,38.480223],[141.497433,38.480248],[141.497508,38.480131],[141.497483,38.480023],[141.497471,38.479815],[141.497471,38.479656],[141.497521,38.479565],[141.497671,38.479548],[141.49787,38.479573],[141.498195,38.479323],[141.49847,38.478898],[141.498608,38.478806],[141.498633,38.478515],[141.498533,38.478198],[141.498333,38.477973],[141.497958,38.477607],[141.497583,38.477357],[141.497283,38.47729],[141.497058,38.477307],[141.496933,38.477265],[141.496933,38.477198],[141.496871,38.47674],[141.496746,38.476607],[141.496509,38.476143],[141.496333,38.475973],[141.495983,38.475857],[141.495733,38.47584],[141.495483,38.475907],[141.495183,38.475857],[141.495183,38.475773],[141.495483,38.475473],[141.495458,38.475298],[141.495283,38.475007],[141.495008,38.474957],[141.494821,38.474873],[141.494733,38.474732],[141.494821,38.474623],[141.494958,38.474532],[141.494458,38.47404],[141.494271,38.47379],[141.493909,38.473474],[141.493909,38.47329],[141.493609,38.473115],[141.493496,38.47309],[141.493284,38.472932],[141.493034,38.472599],[141.492734,38.472349],[141.492596,38.472615],[141.492184,38.472482],[141.491909,38.472349],[141.491771,38.472215],[141.491709,38.471899],[141.491221,38.471832],[141.490284,38.47129],[141.490171,38.471065],[141.490171,38.470974],[141.489784,38.470482],[141.489896,38.47014],[141.489621,38.470007],[141.489509,38.469849],[141.489534,38.469516],[141.489347,38.469332],[141.489234,38.469066],[141.489034,38.468949],[141.488022,38.468974],[141.487722,38.469041],[141.487309,38.46954],[141.487084,38.469649],[141.487034,38.469607],[141.486784,38.469557],[141.486159,38.469649],[141.485959,38.469607],[141.485684,38.469424],[141.485609,38.469515],[141.485634,38.46979],[141.485609,38.470082],[141.485084,38.470557],[141.485084,38.470865],[141.484997,38.471007],[141.484622,38.471115],[141.484259,38.471165],[141.483572,38.471049],[141.483022,38.47089],[141.482497,38.470665],[141.482522,38.47044],[141.482385,38.470374],[141.482222,38.470107],[141.48206,38.470015],[141.481922,38.470082],[141.481697,38.470265],[141.481347,38.470199],[141.480872,38.470065],[141.48046,38.469857],[141.480047,38.46959],[141.479885,38.469315],[141.47981,38.469074],[141.479585,38.46894],[141.479222,38.468824],[141.478872,38.46864],[141.478323,38.468574],[141.477985,38.468374],[141.47771,38.468149],[141.477323,38.467974],[141.476785,38.468107],[141.476585,38.468107],[141.476035,38.467857],[141.475923,38.467632],[141.475735,38.467049],[141.475648,38.46639],[141.475648,38.465874],[141.475948,38.464641],[141.47631,38.463824],[141.476723,38.463191],[141.476823,38.463149],[141.477023,38.463124],[141.477598,38.463374],[141.47771,38.463399],[141.477985,38.463374],[141.478235,38.463149],[141.478285,38.463058],[141.478473,38.462949],[141.478773,38.462924],[141.479023,38.463058],[141.479223,38.463216],[141.479548,38.463349],[141.47966,38.463349],[141.479935,38.463258],[141.480123,38.462966],[141.48021,38.462899],[141.48031,38.462853],[141.480423,38.462833],[141.48081,38.462624],[141.48101,38.462649],[141.481422,38.462783],[141.482047,38.462808],[141.48216,38.462758],[141.482372,38.462424],[141.48251,38.462466],[141.48271,38.462758],[141.482897,38.462833],[141.483147,38.462824],[141.483372,38.462674],[141.48356,38.462374],[141.483585,38.462266],[141.483722,38.462066],[141.484297,38.462041],[141.484385,38.461991],[141.484497,38.461608],[141.484822,38.461291],[141.485347,38.460958],[141.486197,38.461],[141.48656,38.461091],[141.486635,38.461066],[141.48666,38.460866],[141.486797,38.460816],[141.48686,38.460866],[141.48716,38.460958],[141.487484,38.461158],[141.487659,38.461425],[141.487959,38.461566],[141.488122,38.4612],[141.488122,38.460908],[141.488234,38.460841],[141.488559,38.460958],[141.488809,38.461291],[141.48926,38.461698],[141.489334,38.461808],[141.489497,38.462008],[141.490159,38.462233],[141.490847,38.462441],[141.491172,38.462508],[141.49151,38.462629],[141.491997,38.4628],[141.492271,38.46275],[141.492471,38.462591],[141.492434,38.46235],[141.492384,38.4623],[141.492384,38.462191],[141.492471,38.462166],[141.492659,38.462058],[141.492734,38.462033],[141.492871,38.461825],[141.493071,38.461358],[141.493096,38.46115],[141.492909,38.460817],[141.493072,38.4603],[141.493209,38.459933],[141.493759,38.460025],[141.493834,38.460067],[141.493971,38.460275],[141.494271,38.460567],[141.494471,38.460608],[141.494746,38.460475],[141.495296,38.460767],[141.495596,38.460858],[141.495684,38.460833],[141.495959,38.460658],[141.496421,38.460725],[141.496621,38.460767],[141.497146,38.460475],[141.497346,38.460408],[141.497421,38.460433],[141.497521,38.460525],[141.497546,38.460708],[141.497696,38.460842],[141.498096,38.461067],[141.498296,38.4613],[141.498346,38.461475],[141.498446,38.461592],[141.499621,38.461642],[141.499721,38.461625],[141.499996,38.461625],[141.500146,38.461583],[141.500083,38.460858],[141.499958,38.460608],[141.499983,38.46045],[141.500058,38.460408],[141.500658,38.460433],[141.500758,38.4605],[141.500883,38.460683],[141.501233,38.460842],[141.501383,38.460867],[141.501558,38.460775],[141.502058,38.46035],[141.502083,38.460217],[141.501996,38.459859],[141.501846,38.4597],[141.501496,38.459559],[141.501321,38.459534],[141.500621,38.459575],[141.500496,38.45955],[141.500296,38.459442],[141.500246,38.459167],[141.500196,38.458759],[141.500358,38.458309],[141.500308,38.457992],[141.499409,38.457717],[141.498659,38.457417],[141.498509,38.457392],[141.497934,38.457367],[141.497509,38.457092],[141.497384,38.457075],[141.496709,38.457159],[141.496509,38.457037],[141.496471,38.45685],[141.496134,38.456784],[141.495996,38.456625],[141.495371,38.456484],[141.494734,38.456467],[141.494597,38.456417],[141.494434,38.45615],[141.494209,38.455025],[141.494234,38.454751],[141.494159,38.453384],[141.494347,38.453001],[141.494534,38.452726],[141.494759,38.452634],[141.495309,38.452767],[141.495584,38.452884],[141.496546,38.453001],[141.496771,38.452851],[141.497021,38.452717],[141.497121,38.452559],[141.497234,38.451793],[141.497259,38.451793],[141.497334,38.451609],[141.497109,38.451251],[141.497171,38.450959],[141.497121,38.450659],[141.496996,38.450551],[141.496647,38.450343],[141.496597,38.449868],[141.496747,38.449709],[141.496709,38.449326],[141.496809,38.449168],[141.497684,38.448835],[141.497909,38.448843],[141.498009,38.448976],[141.498159,38.449068],[141.498534,38.44941],[141.498734,38.449568],[141.498859,38.449776],[141.499059,38.450018],[141.499284,38.450109],[141.499509,38.450134],[141.500009,38.450209],[141.500409,38.450209],[141.500534,38.450168],[141.500809,38.450259],[141.500909,38.450418],[141.501084,38.450626],[141.501296,38.451118],[141.501721,38.451076],[141.501896,38.450918],[141.502034,38.450293],[141.502009,38.449843],[141.502034,38.449635],[141.501949,38.449406],[141.501921,38.44916],[141.501971,38.449001],[141.501434,38.447735],[141.501409,38.447535],[141.501559,38.447285],[141.501834,38.447135],[141.501984,38.447135],[141.502421,38.447018],[141.502446,38.446952],[141.502621,38.446868],[141.502746,38.446868],[141.503146,38.446985],[141.503721,38.447102],[141.504071,38.44746],[141.504433,38.447668],[141.504833,38.447985],[141.505083,38.448076],[141.505308,38.448085],[141.505871,38.447885],[141.506146,38.447927],[141.506708,38.44816],[141.507033,38.448343],[141.507158,38.448451],[141.507208,38.44861],[141.507008,38.448993],[141.507008,38.449243],[141.507058,38.449426],[141.507271,38.449626],[141.507546,38.44961],[141.507796,38.449651],[141.507983,38.44966],[141.508383,38.449526],[141.508583,38.449501],[141.508683,38.449618],[141.50882,38.450068],[141.508945,38.450251],[141.50922,38.450476],[141.509595,38.451001],[141.50962,38.451293],[141.509583,38.451543],[141.509458,38.451768],[141.509358,38.451834],[141.509283,38.452009],[141.509083,38.452101],[141.508883,38.452143],[141.508408,38.452368],[141.508245,38.452384],[141.508095,38.452501],[141.508095,38.452859],[141.50837,38.453093],[141.50862,38.453543],[141.508745,38.453568],[141.50957,38.453568],[141.50977,38.453418],[141.509895,38.453209],[141.50997,38.452943],[141.509933,38.452559],[141.510108,38.452443],[141.510283,38.452426],[141.510608,38.452476],[141.510833,38.452609],[141.511308,38.452951],[141.511458,38.452976],[141.511658,38.452884],[141.511708,38.452726],[141.511633,38.452476],[141.511508,38.452251],[141.51147,38.451735],[141.51137,38.451576],[141.510845,38.451118],[141.51082,38.450826],[141.510995,38.450785],[141.51157,38.450901],[141.511795,38.450901],[141.51202,38.45086],[141.51217,38.450768],[141.512248,38.450694],[141.512358,38.450593],[141.512633,38.450435],[141.512583,38.450235],[141.512258,38.449618],[141.512133,38.449501],[141.511958,38.44946],[141.51144,38.449404],[141.511208,38.449385],[141.510808,38.44941],[141.510158,38.449401],[141.509733,38.449218],[141.509308,38.448718],[141.50912,38.44856],[141.509031,38.448414],[141.508965,38.448182],[141.508903,38.447939],[141.508895,38.447652],[141.508995,38.447543],[141.509245,38.447368],[141.509345,38.447385],[141.509558,38.447318],[141.509583,38.447235],[141.509583,38.446602],[141.509683,38.44651],[141.509858,38.446535],[141.509983,38.446377],[141.510145,38.445885],[141.510145,38.445727],[141.51007,38.445544],[141.509308,38.444435],[141.509083,38.444294],[141.508758,38.444244],[141.508683,38.444294],[141.508633,38.444402],[141.508696,38.444677],[141.508671,38.445102],[141.508721,38.445485],[141.508696,38.445777],[141.508633,38.445935],[141.508383,38.446002],[141.507733,38.446135],[141.507033,38.446152],[141.506483,38.446035],[141.505933,38.445985],[141.505783,38.445893],[141.505608,38.44551],[141.505358,38.44526],[141.505321,38.445077],[141.505221,38.444985],[141.504821,38.444943],[141.504508,38.44496],[141.504258,38.445118],[141.504009,38.445135],[141.503959,38.445118],[141.503884,38.44491],[141.503684,38.444843],[141.503434,38.444885],[141.503184,38.44486],[141.503084,38.444793],[141.502959,38.444768],[141.502609,38.444793],[141.502434,38.44486],[141.501984,38.444918],[141.501759,38.444785],[141.501584,38.444443],[141.501578,38.444345],[141.501621,38.444243],[141.501846,38.444127],[141.501971,38.444018],[141.501946,38.443794],[141.501746,38.443677],[141.501398,38.443543],[141.501196,38.443469],[141.501071,38.443452],[141.500446,38.443444],[141.500296,38.443394],[141.500021,38.443369],[141.499596,38.443394],[141.499321,38.443435],[141.499172,38.443527],[141.498947,38.443593],[141.498722,38.443635],[141.498397,38.443493],[141.498147,38.443243],[141.497897,38.443177],[141.497397,38.44331],[141.497009,38.44351],[141.496909,38.443618],[141.496884,38.44396],[141.496809,38.444052],[141.49651,38.444063],[141.496284,38.444052],[141.495872,38.443827],[141.495597,38.44351],[141.495322,38.44331],[141.494522,38.442902],[141.494472,38.442727],[141.494497,38.442185],[141.494634,38.442002],[141.494797,38.44191],[141.495122,38.441844],[141.495597,38.441394],[141.495759,38.441302],[141.496009,38.441327],[141.496084,38.441285],[141.496197,38.441144],[141.496422,38.440677],[141.496272,38.440202],[141.496384,38.440019],[141.496384,38.439794],[141.496309,38.439636],[141.496197,38.439094],[141.495972,38.438852],[141.495972,38.438669],[141.496059,38.438536],[141.495947,38.438327],[141.495747,38.438177],[141.49561,38.438102],[141.49531,38.438086],[141.494922,38.437794],[141.49476,38.437836],[141.494685,38.437744],[141.49476,38.437477],[141.49446,38.437136],[141.49446,38.437069],[141.494347,38.436977],[141.494185,38.437119],[141.493522,38.437294],[141.493272,38.437319],[141.49306,38.437211],[141.492997,38.437227],[141.492947,38.437344],[141.49301,38.437636],[141.493222,38.437861],[141.49336,38.437836],[141.493522,38.437702],[141.49361,38.437727],[141.493722,38.437969],[141.493835,38.438577],[141.493972,38.438852],[141.49416,38.439011],[141.494347,38.439236],[141.494435,38.439477],[141.49436,38.439552],[141.494135,38.439552],[141.493947,38.43971],[141.493997,38.440002],[141.493885,38.440135],[141.493672,38.440269],[141.493447,38.440244],[141.493085,38.440335],[141.492872,38.440269],[141.492622,38.440269],[141.492322,38.440319],[141.491747,38.440385],[141.491497,38.440519],[141.491335,38.440569],[141.491247,38.440544],[141.491197,38.44041],[141.490922,38.440344],[141.49076,38.440427],[141.49056,38.440427],[141.490372,38.440252],[141.48996,38.440044],[141.48976,38.440052],[141.48966,38.440135],[141.48976,38.440544],[141.489985,38.44111],[141.48996,38.44241],[141.490022,38.442843],[141.48861,38.44291],[141.488585,38.442752],[141.48801,38.442777],[141.48771,38.44266],[141.487048,38.442302],[141.48691,38.442168],[141.486935,38.441968],[141.487073,38.441668],[141.487135,38.44136],[141.487273,38.441285],[141.487185,38.44021],[141.487073,38.439827],[141.486885,38.439669],[141.486635,38.439694],[141.486385,38.439535],[141.486223,38.439669],[141.486085,38.43951],[141.485748,38.439469],[141.48561,38.439244],[141.485335,38.438944],[141.484735,38.438494],[141.484848,38.438319],[141.48501,38.438202],[141.48531,38.438185],[141.485535,38.437977],[141.485498,38.437727],[141.485423,38.43746],[141.485423,38.437211],[141.485285,38.437011],[141.48503,38.43702],[141.484736,38.436944],[141.484623,38.436902],[141.484436,38.436919],[141.484261,38.436877],[141.483986,38.437327],[141.483823,38.437285],[141.483523,38.436786],[141.483336,38.436786],[141.483023,38.437102],[141.482336,38.43681],[141.482236,38.436785],[141.481986,38.43681],[141.481736,38.436744],[141.481573,38.436744],[141.481273,38.436677],[141.481186,38.436744],[141.481115,38.437205],[141.480936,38.437394],[141.480773,38.43751],[141.480861,38.438185],[141.480773,38.438302],[141.480473,38.438452],[141.480173,38.439152],[141.479486,38.43976],[141.47937,38.440019],[141.479236,38.440285],[141.477011,38.440418],[141.476686,38.44001],[141.476574,38.43981],[141.476549,38.439518],[141.476299,38.439043],[141.475999,38.438818],[141.475449,38.438485],[141.475224,38.438235],[141.475036,38.438168],[141.474974,38.438193],[141.474924,38.438393],[141.474949,38.438618],[141.474711,38.438685],[141.474761,38.438868],[141.474924,38.439135],[141.474786,38.439335],[141.474599,38.439518],[141.474786,38.439968],[141.474599,38.440418],[141.474274,38.440626],[141.473961,38.44071],[141.473636,38.440626],[141.473361,38.440668],[141.472999,38.440576],[141.472562,38.440401],[141.472037,38.440268],[141.471662,38.440243],[141.471412,38.44011],[141.471487,38.43986],[141.471462,38.439477],[141.471274,38.439185],[141.470862,38.438935],[141.470474,38.438868],[141.469737,38.43896],[141.469374,38.438693],[141.469099,38.438693],[141.468824,38.438602],[141.468199,38.438485],[141.467537,38.438577],[141.4668,38.438876],[141.466812,38.43891],[141.464562,38.43756],[141.4645,38.437493],[141.464375,38.437652],[141.466725,38.439143],[141.4663,38.439618],[141.466212,38.439935],[141.466112,38.44061],[141.465862,38.440901],[141.465612,38.441101],[141.465175,38.441284],[141.464625,38.441393],[141.464437,38.441551],[141.464212,38.442009],[141.463825,38.442409],[141.4638,38.442684],[141.463725,38.442884],[141.463475,38.443109],[141.463175,38.443226],[141.462287,38.444034],[141.46205,38.444217],[141.461912,38.444392],[141.461637,38.444442],[141.461387,38.444442],[141.460925,38.444892],[141.460837,38.444892],[141.46065,38.444801],[141.460425,38.444759],[141.459663,38.445634],[141.46015,38.446109],[141.460125,38.446267],[141.460375,38.446467],[141.460212,38.446534],[141.459388,38.446175],[141.459,38.446067],[141.45565,38.445842],[141.453701,38.445334],[141.453976,38.443842],[141.452651,38.4435],[141.452513,38.444034],[141.452563,38.444425],[141.452426,38.444425],[141.452513,38.444492],[141.452376,38.444717],[141.451076,38.444559],[141.451076,38.444],[141.450614,38.443975],[141.450538,38.444675],[141.448614,38.4456],[141.448226,38.445558],[141.447239,38.443909],[141.447339,38.443234],[141.448026,38.443284],[141.448089,38.442967],[141.447339,38.44285],[141.446764,38.442517],[141.447289,38.441317],[141.447676,38.441159],[141.449101,38.441317],[141.450726,38.440842],[141.451826,38.440817],[141.452701,38.441384],[141.454626,38.441109],[141.454976,38.440484],[141.455413,38.440368],[141.455451,38.440051],[141.455176,38.439943],[141.454905,38.43976],[141.454726,38.439493],[141.454763,38.438676],[141.454951,38.438159],[141.456438,38.43796],[141.456876,38.437735],[141.457226,38.437501],[141.457725,38.437301],[141.458213,38.437168],[141.4583,38.437076],[141.458213,38.436985],[141.457913,38.436876],[141.457938,38.436651],[141.457888,38.436218],[141.457938,38.436176],[141.458625,38.43611],[141.4589,38.436018],[141.459013,38.435885],[141.458963,38.435568],[141.458963,38.435252],[141.459013,38.434893],[141.4592,38.434643],[141.459475,38.434418],[141.459838,38.43421],[141.46005,38.434168],[141.4603,38.43451],[141.461763,38.433994],[141.463025,38.43616],[141.46335,38.436077],[141.462063,38.433894],[141.463025,38.433577],[141.463375,38.433352],[141.4639,38.432902],[141.464063,38.432635],[141.464288,38.431935],[141.46445,38.431777],[141.464975,38.431577],[141.465387,38.431119],[141.465687,38.430827],[141.465712,38.430152],[141.4656,38.430044],[141.46565,38.429861],[141.465737,38.429752],[141.46565,38.429452],[141.465413,38.429211],[141.465375,38.429119],[141.4659,38.428986],[141.4659,38.428869],[141.465788,38.428711],[141.466012,38.428419],[141.46585,38.428194],[141.46565,38.428128],[141.464688,38.427161],[141.464338,38.426886],[141.464063,38.426794],[141.464,38.426528],[141.464063,38.426436],[141.46425,38.426436],[141.464363,38.426394],[141.4643,38.426211],[141.463975,38.425719],[141.463588,38.425453],[141.463463,38.425303],[141.463325,38.424986],[141.4633,38.424661],[141.4633,38.424411],[141.463113,38.424211],[141.463475,38.424003],[141.463775,38.423961],[141.4648,38.424253],[141.465538,38.424228],[141.466063,38.424295],[141.466413,38.424203],[141.46655,38.423778],[141.466863,38.423803],[141.467463,38.423662],[141.46845,38.424545],[141.46875,38.424703],[141.469662,38.424811],[141.469962,38.425036],[141.47035,38.42522],[141.470762,38.42522],[141.471087,38.425261],[141.471312,38.425445],[141.471587,38.425595],[141.471662,38.425595],[141.471912,38.425236],[141.4723,38.424945],[141.472624,38.424878],[141.472787,38.424812],[141.4726,38.424312],[141.472625,38.424295],[141.472712,38.424312],[141.472874,38.42427],[141.472987,38.424153],[141.472987,38.423887],[141.472925,38.423595],[141.473225,38.423187],[141.473287,38.422895],[141.473537,38.42267],[141.473587,38.422512],[141.4735,38.422237],[141.4735,38.422104],[141.473612,38.422154],[141.473774,38.422154],[141.473887,38.421995],[141.47375,38.421787],[141.473912,38.421812],[141.474187,38.421629],[141.474274,38.421654],[141.474412,38.42152],[141.4743,38.420845],[141.474412,38.420504],[141.474824,38.420145],[141.474949,38.419646],[141.475087,38.419396],[141.474962,38.419171],[141.4748,38.418946],[141.4746,38.418562],[141.474325,38.418379],[141.473975,38.417879],[141.473825,38.417721],[141.47375,38.417471],[141.4735,38.417287],[141.47335,38.417221],[141.47285,38.417462],[141.4727,38.417437],[141.4726,38.417079],[141.472912,38.416829],[141.472837,38.416721],[141.472537,38.416604],[141.471862,38.416487],[141.471287,38.416462],[141.471012,38.416121],[141.470463,38.415713],[141.470413,38.415396],[141.470413,38.415146],[141.470563,38.415104],[141.470613,38.415104],[141.470738,38.415013],[141.4708,38.414679],[141.470925,38.414588],[141.4712,38.414521],[141.47145,38.414363],[141.471575,38.414204],[141.4721,38.414146],[141.472325,38.414079],[141.4725,38.414121],[141.47305,38.414421],[141.473275,38.414579],[141.4734,38.414579],[141.4735,38.414538],[141.473675,38.414696],[141.473775,38.414696],[141.473825,38.414588],[141.473737,38.414429],[141.474062,38.414271],[141.474162,38.414071],[141.474312,38.414046],[141.474462,38.414138],[141.474562,38.414138],[141.474562,38.414046],[141.474387,38.413755],[141.474412,38.413638],[141.474512,38.41353],[141.474512,38.413396],[141.474275,38.413096],[141.474025,38.413071],[141.474075,38.412871],[141.474,38.412605],[141.473975,38.41258],[141.473975,38.412488],[141.474225,38.412105],[141.474275,38.412105],[141.474112,38.411338],[141.473937,38.410997],[141.473787,38.410772],[141.473862,38.410613],[141.473787,38.410347],[141.47355,38.40953],[141.4731,38.408847],[141.4729,38.408622],[141.472638,38.408422],[141.472363,38.40828],[141.471938,38.408164],[141.471713,38.408055],[141.471563,38.407897],[141.471263,38.407489],[141.470538,38.406872],[141.470188,38.406755],[141.470013,38.406639],[141.469941,38.406165],[141.469825,38.405897],[141.4698,38.40558],[141.469825,38.405514],[141.47005,38.405405],[141.47045,38.405339],[141.470938,38.405156],[141.471363,38.405231],[141.47155,38.405364],[141.471688,38.405347],[141.471663,38.405056],[141.471538,38.404847],[141.471013,38.404322],[141.470513,38.403756],[141.470525,38.403422],[141.470425,38.403214],[141.469626,38.402514],[141.468576,38.401806],[141.467638,38.401056],[141.466888,38.400689],[141.466738,38.400639],[141.466638,38.400281],[141.466413,38.400073],[141.466376,38.399689],[141.466251,38.399598],[141.466301,38.399148],[141.465726,38.398581],[141.465951,38.398273],[141.467176,38.396973],[141.467426,38.396815],[141.467626,38.396773],[141.467901,38.396973],[141.468201,38.397065],[141.468351,38.397206],[141.468426,38.397381],[141.468551,38.397473],[141.468726,38.397498],[141.468776,38.397431],[141.468751,38.397115],[141.468476,38.396532],[141.468151,38.39619],[141.468363,38.395782],[141.468838,38.39549],[141.468938,38.395382],[141.468988,38.395223],[141.468813,38.394932],[141.468926,38.394748],[141.469226,38.394523],[141.469626,38.394349],[141.470676,38.394065],[141.472113,38.39389],[141.472338,38.39389],[141.472638,38.393965],[141.472988,38.394149],[141.473263,38.394465],[141.473476,38.394915],[141.473576,38.395007],[141.474175,38.395165],[141.4745,38.395573],[141.47465,38.395965],[141.47465,38.396273],[141.474713,38.396482],[141.475263,38.39709],[141.475563,38.397573],[141.475513,38.397748],[141.475175,38.398223],[141.47515,38.398465],[141.4752,38.398648],[141.475475,38.399031],[141.47565,38.39919],[141.475825,38.399148],[141.476,38.398831],[141.476175,38.398698],[141.47655,38.398723],[141.477175,38.398931],[141.47745,38.398931],[141.477725,38.398915],[141.478637,38.398673],[141.479662,38.398523],[141.480512,38.398482],[141.480987,38.398507],[141.481412,38.398582],[141.481637,38.39869],[141.481812,38.398832],[141.482087,38.399307],[141.482112,38.399465],[141.482162,38.39949],[141.482212,38.399823],[141.482325,38.399981],[141.482824,38.400373],[141.482949,38.40044],[141.483599,38.401073],[141.483699,38.401298],[141.484074,38.401798],[141.484137,38.401956],[141.484087,38.402248],[141.484137,38.402481],[141.484462,38.402956],[141.484762,38.403298],[141.484674,38.403431],[141.484624,38.403698],[141.484474,38.404014],[141.484474,38.404198],[141.484524,38.404331],[141.484699,38.404373],[141.485074,38.404331],[141.485174,38.404289],[141.485299,38.404289],[141.486249,38.404456],[141.486374,38.404773],[141.486524,38.405264],[141.486661,38.405448],[141.486886,38.405539],[141.487061,38.405539],[141.487224,38.405456],[141.487674,38.405389],[141.487899,38.405231],[141.488174,38.405231],[141.489499,38.405514],[141.490724,38.405839],[141.490924,38.406223],[141.491461,38.406973],[141.491636,38.406931],[141.491886,38.407406],[141.491736,38.407539],[141.491936,38.407897],[141.491848,38.408331],[141.491923,38.408531],[141.492173,38.408664],[141.492223,38.408664],[141.492073,38.408981],[141.491948,38.409047],[141.492148,38.409414],[141.492398,38.409597],[141.492598,38.409639],[141.492698,38.409639],[141.492761,38.41023],[141.492761,38.410547],[141.492811,38.410839],[141.492711,38.411222],[141.492773,38.411764],[141.492873,38.412164],[141.492973,38.412239],[141.493223,38.412239],[141.493448,38.412147],[141.493748,38.411905],[141.493823,38.411789],[141.493861,38.41163],[141.493936,38.411589],[141.494161,38.411747],[141.494361,38.411814],[141.494411,38.411655],[141.494261,38.411339],[141.494311,38.41123],[141.494436,38.411189],[141.495161,38.411097],[141.495386,38.411147],[141.49581,38.41133],[141.49621,38.411472],[141.496385,38.411564],[141.496485,38.411564],[141.49671,38.411589],[141.497048,38.411522],[141.497148,38.41188],[141.497285,38.412064],[141.497598,38.41233],[141.49756,38.41258],[141.497598,38.412847],[141.49776,38.413097],[141.49781,38.413122],[141.497923,38.413364],[141.498723,38.414538],[141.499247,38.415172],[141.499435,38.41533],[141.499547,38.415372],[141.499797,38.415188],[141.499847,38.41528],[141.49976,38.415413],[141.499797,38.41573],[141.499935,38.415847],[141.500072,38.415888],[141.50021,38.415822],[141.500285,38.415688],[141.500147,38.415347],[141.500172,38.415255],[141.50031,38.415238],[141.500397,38.415163],[141.500172,38.414672],[141.500122,38.414247],[141.500172,38.414172],[141.500622,38.41413],[141.50076,38.414247],[141.500947,38.414647],[141.501085,38.41503],[141.501522,38.415572],[141.501635,38.415797],[141.501722,38.415822],[141.50196,38.415772],[141.502047,38.415705],[141.502022,38.415372],[141.50191,38.41503],[141.501797,38.414897],[141.501772,38.414805],[141.501797,38.414622],[141.502072,38.414422],[141.502322,38.414289],[141.502485,38.414239],[141.502847,38.41453],[141.503397,38.414689],[141.50386,38.414197],[141.503997,38.414105],[141.504085,38.413972],[141.503997,38.413855],[141.50381,38.41383],[141.503535,38.413855],[141.503285,38.413697],[141.50301,38.413364],[141.503035,38.413314],[141.503197,38.413272],[141.503472,38.413247],[141.503835,38.413314],[141.50416,38.413522],[141.504272,38.41343],[141.504247,38.413364],[141.50436,38.413339],[141.504497,38.41338],[141.504522,38.413272],[141.503885,38.412756],[141.503672,38.412664],[141.50356,38.412531],[141.503785,38.412031],[141.503747,38.411739],[141.503535,38.411106],[141.50361,38.410522],[141.503672,38.410389],[141.503972,38.410181],[141.50416,38.409914],[141.50416,38.409531],[141.50411,38.409281],[141.503922,38.409056],[141.503722,38.408898],[141.503335,38.408856],[141.503285,38.408698],[141.503197,38.408406],[141.50296,38.408198],[141.502685,38.408039],[141.502297,38.407931],[141.502098,38.407906],[141.50191,38.407956],[141.501823,38.407889],[141.501548,38.407364],[141.501335,38.406265],[141.501223,38.406015],[141.501273,38.405723],[141.50136,38.405523],[141.50136,38.40534],[141.501473,38.405048],[141.50141,38.404823],[141.501198,38.404373],[141.50111,38.404057],[141.50106,38.403448],[141.500973,38.403248],[141.503085,38.401032],[141.503585,38.401282],[141.50416,38.400715],[141.504985,38.401282],[141.504823,38.40144],[141.505947,38.402315],[141.506222,38.40144],[141.505697,38.401007],[141.505372,38.400649],[141.505123,38.400174],[141.505098,38.400066],[141.505373,38.400107],[141.50546,38.400082],[141.505485,38.399949],[141.505373,38.399657],[141.505398,38.399616],[141.505285,38.399341],[141.505235,38.399299],[141.505235,38.399249],[141.505423,38.399049],[141.50551,38.398999],[141.505648,38.398999],[141.505735,38.398932],[141.505648,38.398691],[141.505535,38.398507],[141.50551,38.398349],[141.50576,38.397991],[141.506148,38.397541],[141.50631,38.397466],[141.506385,38.397383],[141.507072,38.397016],[141.50711,38.397041],[141.50746,38.397083],[141.50826,38.397308],[141.50876,38.397808],[141.508897,38.398099],[141.508897,38.398258],[141.508997,38.398391],[141.509135,38.398483],[141.509497,38.398508],[141.509797,38.398641],[141.509997,38.398774],[141.51076,38.399474],[141.510847,38.399491],[141.51101,38.399449],[141.511122,38.399291],[141.51131,38.399133],[141.511397,38.399016],[141.511397,38.398841],[141.511335,38.398616],[141.511372,38.398524],[141.511697,38.398549],[141.511972,38.398524],[141.512059,38.398433],[141.511972,38.397441],[141.511997,38.396991],[141.511885,38.396633],[141.511947,38.39645],[141.512022,38.396408],[141.512047,38.3962],[141.51211,38.3962],[141.512222,38.396266],[141.51236,38.396291],[141.512684,38.39625],[141.512847,38.396266],[141.513009,38.396383],[141.513184,38.396425],[141.513259,38.396333],[141.513259,38.39625],[141.513122,38.396091],[141.512959,38.39575],[141.51296,38.39555],[141.513072,38.395141],[141.513047,38.394875],[141.512572,38.3944],[141.512522,38.394267],[141.512522,38.394083],[141.512597,38.393992],[141.512735,38.393742],[141.51321,38.393475],[141.51346,38.393292],[141.513485,38.393225],[141.513672,38.393042],[141.513785,38.392867],[141.51401,38.3928],[141.51406,38.392817],[141.514447,38.392842],[141.514997,38.392775],[141.515109,38.3928],[141.515734,38.393067],[141.515709,38.393292],[141.515734,38.393675],[141.515984,38.393992],[141.516172,38.394483],[141.516372,38.394667],[141.516672,38.395075],[141.516947,38.395183],[141.517109,38.395142],[141.517272,38.394533],[141.517109,38.394058],[141.517134,38.39385],[141.517272,38.39365],[141.517547,38.393517],[141.517747,38.393517],[141.517934,38.393583],[141.518134,38.393742],[141.518821,38.394642],[141.519171,38.39475],[141.519396,38.394708],[141.519371,38.394508],[141.519446,38.394325],[141.519746,38.394009],[141.520384,38.394009],[141.520634,38.394117],[141.520821,38.3943],[141.520984,38.39435],[141.521459,38.394209],[141.521621,38.394209],[141.521734,38.394259],[141.522309,38.394642],[141.522446,38.395042],[141.522584,38.395267],[141.523109,38.395583],[141.522884,38.396125],[141.522859,38.396375],[141.522884,38.3966],[141.523221,38.39745],[141.523496,38.397925],[141.523658,38.398016],[141.524008,38.3979],[141.524396,38.397383],[141.524621,38.397358],[141.524783,38.397475],[141.525033,38.397742],[141.525246,38.3979],[141.525796,38.397833],[141.526021,38.397583],[141.526208,38.397158],[141.526346,38.396958],[141.526546,38.396817],[141.526896,38.396775],[141.527233,38.396867],[141.527371,38.397],[141.527721,38.397517],[141.527746,38.397925],[141.527883,38.398083],[141.528083,38.398217],[141.528333,38.398283],[141.528496,38.398308],[141.528658,38.39815],[141.528771,38.39815],[141.528983,38.398283],[141.529095,38.398258],[141.52912,38.398083],[141.52907,38.397925],[141.529158,38.39785],[141.529395,38.39785],[141.529733,38.397942],[141.529895,38.3979],[141.52987,38.397767],[141.529945,38.397358],[141.52992,38.397225],[141.529945,38.397108],[141.53012,38.397017],[141.530308,38.397],[141.530495,38.397067],[141.530608,38.397175],[141.530945,38.397242],[141.531045,38.397533],[141.531158,38.397717],[141.531708,38.397875],[141.53182,38.39805],[141.531933,38.398392],[141.53187,38.39855],[141.531983,38.39875],[141.532095,38.398817],[141.532095,38.399],[141.532145,38.399158],[141.532458,38.399383],[141.532458,38.399542],[141.532283,38.399858],[141.531933,38.400033],[141.531933,38.40015],[141.53202,38.40035],[141.532295,38.400625],[141.532533,38.400941],[141.532783,38.401008],[141.533058,38.401141],[141.53317,38.401433],[141.533357,38.401683],[141.533495,38.401725],[141.533695,38.402083],[141.533882,38.402041],[141.533995,38.40195],[141.534045,38.402016],[141.534157,38.4024],[141.534382,38.402291],[141.534707,38.402308],[141.534795,38.402241],[141.534957,38.40195],[141.534982,38.401791],[141.535232,38.401675],[141.53542,38.401658],[141.535645,38.401675],[141.535895,38.401658],[141.536245,38.401541],[141.53642,38.401633],[141.536632,38.4017],[141.53672,38.401675],[141.536857,38.401566],[141.536995,38.401383],[141.53707,38.4012],[141.536932,38.40105],[141.536957,38.400933],[141.53707,38.400866],[141.537432,38.400775],[141.537732,38.400775],[141.537957,38.400733],[141.538282,38.400708],[141.53867,38.400908],[141.538745,38.400908],[141.538782,38.4008],[141.538645,38.400708],[141.53847,38.400525],[141.53842,38.400125],[141.538645,38.399917],[141.538645,38.39985],[141.538532,38.399783],[141.538332,38.399825],[141.538232,38.399808],[141.538257,38.399625],[141.53837,38.399492],[141.538395,38.399308],[141.538195,38.399108],[141.538095,38.39875],[141.537845,38.398525],[141.53787,38.3985],[141.53812,38.398475],[141.538195,38.398383],[141.53817,38.398292],[141.538057,38.398184],[141.53812,38.397459],[141.538257,38.396992],[141.538557,38.396425],[141.538745,38.396384],[141.538832,38.396042],[141.538907,38.395909],[141.538995,38.395817],[141.539357,38.39595],[141.53977,38.396292],[141.539932,38.396375],[141.54032,38.396517],[141.540395,38.396492],[141.54042,38.396375],[141.540453,38.396257],[141.540532,38.39615],[141.54062,38.396059],[141.540645,38.395751],[141.540532,38.395476],[141.540282,38.395184],[141.540007,38.394934],[141.539907,38.394917],[141.539732,38.394959],[141.539682,38.395026],[141.539595,38.395051],[141.53952,38.395026],[141.53927,38.394759],[141.539245,38.394642],[141.539082,38.394509],[141.538832,38.394467],[141.538582,38.394401],[141.538082,38.394242],[141.537982,38.394351],[141.537845,38.394576],[141.537732,38.394667],[141.537645,38.394626],[141.53762,38.394534],[141.537645,38.394417],[141.537982,38.393926],[141.538145,38.393542],[141.538082,38.393426],[141.537895,38.393359],[141.53787,38.393292],[141.537945,38.392976],[141.538282,38.392576],[141.538282,38.392368],[141.53817,38.392193],[141.538032,38.392168],[141.537945,38.392076],[141.53787,38.391468],[141.537895,38.391401],[141.538033,38.391309],[141.538195,38.391176],[141.53852,38.391509],[141.538582,38.391468],[141.538557,38.391201],[141.538445,38.391059],[141.538333,38.390993],[141.53817,38.390634],[141.538195,38.390543],[141.53847,38.390409],[141.53902,38.390476],[141.539207,38.390385],[141.53932,38.390251],[141.539482,38.390185],[141.539707,38.390185],[141.539982,38.390226],[141.540257,38.390118],[141.540307,38.390043],[141.540507,38.389976],[141.540582,38.389976],[141.540695,38.389885],[141.540557,38.389526],[141.540332,38.38921],[141.539982,38.388876],[141.539707,38.388785],[141.539508,38.388676],[141.53932,38.388626],[141.538958,38.388626],[141.538633,38.388785],[141.538445,38.388743],[141.537733,38.38816],[141.537533,38.387685],[141.537258,38.387551],[141.536733,38.387568],[141.53652,38.387501],[141.53632,38.387368],[141.535495,38.386877],[141.535333,38.386718],[141.534945,38.386893],[141.534758,38.386918],[141.534346,38.386893],[141.533821,38.386668],[141.533608,38.386677],[141.533333,38.386718],[141.533196,38.386785],[141.533058,38.386651],[141.533158,38.386268],[141.533236,38.386073],[141.533383,38.385993],[141.533496,38.385885],[141.533571,38.385685],[141.533546,38.385543],[141.533433,38.385452],[141.533246,38.385435],[141.533133,38.38546],[141.533083,38.385277],[141.533133,38.385093],[141.533271,38.384985],[141.533246,38.384668],[141.533271,38.384085],[141.533221,38.383944],[141.533108,38.383902],[141.532946,38.383652],[141.532771,38.38361],[141.532671,38.383719],[141.532308,38.383702],[141.532221,38.383719],[141.532008,38.383585],[141.531871,38.38341],[141.531896,38.383294],[141.532083,38.383269],[141.532221,38.383094],[141.532083,38.382844],[141.531921,38.382727],[141.531758,38.38266],[141.531158,38.382527],[141.531021,38.382435],[141.531096,38.38226],[141.530959,38.38201],[141.531071,38.381535],[141.531046,38.381469],[141.530934,38.381427],[141.530821,38.381469],[141.530746,38.381585],[141.530659,38.381919],[141.530709,38.38221],[141.530659,38.382277],[141.530571,38.382277],[141.530471,38.382235],[141.530409,38.382102],[141.530384,38.381719],[141.530296,38.381669],[141.530221,38.38181],[141.530109,38.382419],[141.530084,38.382394],[141.529996,38.382127],[141.530021,38.381902],[141.530221,38.38156],[141.530196,38.38136],[141.530134,38.38131],[141.529859,38.381294],[141.529446,38.381135],[141.529396,38.381244],[141.529446,38.381402],[141.529334,38.381535],[141.529309,38.381652],[141.529334,38.38176],[141.529446,38.381877],[141.529584,38.382077],[141.529559,38.38221],[141.529484,38.38221],[141.529096,38.381944],[141.528896,38.381877],[141.528659,38.381969],[141.528484,38.382127],[141.528459,38.382235],[141.528596,38.382777],[141.528709,38.382935],[141.528759,38.383068],[141.528734,38.383293],[141.528521,38.383518],[141.528271,38.383635],[141.527884,38.383727],[141.527659,38.38386],[141.527559,38.383993],[141.527221,38.384043],[141.527059,38.384018],[141.526896,38.38386],[141.526646,38.384018],[141.526534,38.384152],[141.526371,38.384227],[141.526259,38.384427],[141.526459,38.384585],[141.526559,38.384718],[141.526646,38.38476],[141.526946,38.385143],[141.527009,38.385285],[141.526896,38.385751],[141.526759,38.386135],[141.526296,38.385893],[141.526121,38.385868],[141.526096,38.385985],[141.526509,38.386451],[141.526534,38.386568],[141.526484,38.386951],[141.526534,38.387085],[141.526459,38.387201],[141.526209,38.387285],[141.526096,38.387285],[141.525796,38.387401],[141.525884,38.387601],[141.526096,38.387784],[141.526234,38.388034],[141.526459,38.388209],[141.526571,38.388501],[141.526571,38.388659],[141.526984,38.389293],[141.526709,38.389384],[141.526534,38.389201],[141.525934,38.389451],[141.525709,38.389318],[141.525571,38.389184],[141.525334,38.388843],[141.524809,38.389043],[141.525059,38.389409],[141.523934,38.389901],[141.524034,38.390426],[141.523734,38.390492],[141.523571,38.390334],[141.523384,38.390242],[141.523046,38.390217],[141.522884,38.390151],[141.522696,38.389926],[141.522634,38.389792],[141.522521,38.389726],[141.522421,38.389751],[141.522309,38.389884],[141.522334,38.390309],[141.522246,38.390376],[141.522084,38.390359],[141.521946,38.390292],[141.521734,38.390067],[141.521671,38.389909],[141.521784,38.389592],[141.521734,38.389276],[141.521509,38.388984],[141.520959,38.388759],[141.520872,38.388484],[141.521047,38.388468],[141.521122,38.388376],[141.520934,38.388084],[141.520572,38.387901],[141.519972,38.387926],[141.519909,38.387951],[141.519972,38.388059],[141.520109,38.388176],[141.520184,38.388309],[141.520184,38.388376],[141.520134,38.388443],[141.520047,38.388443],[141.519859,38.388218],[141.519697,38.388176],[141.519497,38.388193],[141.519309,38.388351],[141.519197,38.388334],[141.518759,38.388059],[141.518322,38.387884],[141.518159,38.387859],[141.518072,38.387476],[141.517547,38.387001],[141.517059,38.386843],[141.516672,38.386668],[141.516535,38.386418],[141.51631,38.386284],[141.516097,38.386284],[141.51606,38.386309],[141.516097,38.386393],[141.516172,38.386484],[141.516172,38.386643],[141.51606,38.386601],[141.515847,38.386418],[141.515685,38.386418],[141.515647,38.386601],[141.51541,38.387026],[141.515547,38.387318],[141.516447,38.388467],[141.516747,38.389551],[141.516097,38.390042],[141.516172,38.390117],[141.516009,38.390251],[141.515872,38.390159],[141.51486,38.390792],[141.51456,38.39075],[141.514285,38.390659],[141.514035,38.39045],[141.513697,38.390434],[141.513535,38.390525],[141.513647,38.390834],[141.513535,38.390884],[141.513322,38.390834],[141.513185,38.390859],[141.513122,38.390909],[141.513166,38.390986],[141.51326,38.391175],[141.513072,38.391217],[141.51291,38.3912],[141.512522,38.391309],[141.511972,38.391384],[141.511747,38.391359],[141.511635,38.391292],[141.511472,38.390842],[141.511122,38.390684],[141.510785,38.390459],[141.510572,38.390434],[141.510022,38.390459],[141.509773,38.390642],[141.50941,38.39075],[141.50911,38.390684],[141.508648,38.390434],[141.508448,38.390417],[141.50826,38.390434],[141.508148,38.390392],[141.508123,38.390209],[141.508198,38.390142],[141.508235,38.390009],[141.507873,38.389759],[141.507873,38.38965],[141.50806,38.389442],[141.508235,38.389375],[141.508648,38.389309],[141.50936,38.389109],[141.50941,38.388925],[141.509298,38.388184],[141.509085,38.388067],[141.508998,38.387934],[141.508973,38.387684],[141.508748,38.387167],[141.508673,38.387076],[141.508585,38.387009],[141.508335,38.387034],[141.50801,38.386992],[141.507898,38.387009],[141.507785,38.387076],[141.507685,38.387376],[141.507548,38.387417],[141.507323,38.387417],[141.507235,38.387376],[141.507048,38.387151],[141.506904,38.386993],[141.506748,38.386717],[141.506635,38.386609],[141.506111,38.386292],[141.505948,38.385884],[141.506061,38.385751],[141.506036,38.385434],[141.506061,38.385342],[141.506273,38.385234],[141.506798,38.384851],[141.506961,38.384576],[141.507373,38.384534],[141.50741,38.384484],[141.507273,38.384084],[141.507098,38.384126],[141.506998,38.384193],[141.506911,38.384059],[141.506961,38.383926],[141.507023,38.383634],[141.506911,38.383543],[141.506473,38.383701],[141.506336,38.383701],[141.506111,38.383634],[141.505811,38.383676],[141.505713,38.38371],[141.505586,38.383701],[141.505423,38.383726],[141.505275,38.383925],[141.505073,38.383993],[141.504798,38.384084],[141.504573,38.384059],[141.504498,38.384018],[141.504361,38.383818],[141.504386,38.383451],[141.504248,38.383368],[141.503886,38.383068],[141.503723,38.383001],[141.503586,38.383001],[141.503406,38.382907],[141.503198,38.382576],[141.503036,38.382351],[141.502849,38.382101],[141.502599,38.381926],[141.502436,38.381876],[141.502099,38.381968],[141.501961,38.382126],[141.501799,38.382393],[141.501661,38.382468],[141.501224,38.382401],[141.501176,38.382462],[141.501111,38.382551],[141.501161,38.382643],[141.501136,38.382784],[141.500974,38.382784],[141.500811,38.382693],[141.500611,38.382668],[141.499736,38.382693],[141.499599,38.382643],[141.499486,38.382493],[141.499186,38.382401],[141.499049,38.382401],[141.498724,38.382309],[141.498611,38.382426],[141.498449,38.382468],[141.498224,38.382401],[141.498061,38.382218],[141.497874,38.382151],[141.497624,38.382109],[141.497536,38.382043],[141.497487,38.381926],[141.497487,38.381768],[141.497324,38.381634],[141.497237,38.381518],[141.497099,38.381093],[141.496912,38.380934],[141.496799,38.380893],[141.496637,38.380984],[141.496574,38.381137],[141.496512,38.381246],[141.496424,38.381593],[141.496424,38.381843],[141.496274,38.382109],[141.496149,38.382176],[141.495812,38.382192],[141.494737,38.381917],[141.494437,38.381826],[141.493974,38.381576],[141.493849,38.381484],[141.493674,38.381234],[141.493099,38.380709],[141.492674,38.380643],[141.49245,38.380526],[141.49225,38.380168],[141.492075,38.379959],[141.4919,38.379868],[141.4915,38.379801],[141.491125,38.379951],[141.490825,38.379909],[141.490625,38.379951],[141.490325,38.380151],[141.489975,38.380309],[141.489662,38.380776],[141.489587,38.380976],[141.489587,38.381251],[141.489387,38.381792],[141.489075,38.382309],[141.48835,38.382301],[141.4883,38.382142],[141.488275,38.381801],[141.488937,38.381626],[141.489062,38.381384],[141.489062,38.381267],[141.488887,38.380951],[141.488837,38.380751],[141.488887,38.380501],[141.488825,38.380251],[141.488875,38.380001],[141.489075,38.379918],[141.489025,38.379826],[141.488225,38.379343],[141.48805,38.379301],[141.487875,38.379393],[141.48775,38.379501],[141.487375,38.379634],[141.487175,38.379768],[141.487038,38.380017],[141.486813,38.380101],[141.486588,38.380326],[141.486238,38.380259],[141.485463,38.380051],[141.485038,38.380026],[141.484738,38.379842],[141.484413,38.379526],[141.483925,38.378843],[141.483775,38.378459],[141.4837,38.378143],[141.483713,38.377309],[141.483688,38.377218],[141.483338,38.377059],[141.482888,38.377051],[141.482713,38.377026],[141.482188,38.376618],[141.481863,38.376234],[141.481763,38.376143],[141.481751,38.375576],[141.481801,38.374968],[141.482038,38.37416],[141.482288,38.373685],[141.482513,38.373376],[141.482738,38.373193],[141.482913,38.373085],[141.483126,38.373085],[141.483463,38.373243],[141.483601,38.373202],[141.484201,38.372802],[141.484351,38.372602],[141.484451,38.372102],[141.484438,38.371452],[141.484488,38.371202],[141.485251,38.369944],[141.485963,38.36941],[141.486613,38.368869],[141.487326,38.368402],[141.488026,38.368136],[141.489325,38.367786],[141.490863,38.367503],[141.491013,38.367569],[141.491113,38.367794],[141.491725,38.368702],[141.491925,38.368844],[141.49235,38.369069],[141.49255,38.369344],[141.49275,38.369727],[141.493087,38.370111],[141.493912,38.370752],[141.494062,38.371019],[141.494512,38.371294],[141.494787,38.371544],[141.494987,38.371594],[141.495062,38.371544],[141.494887,38.371277],[141.494837,38.371119],[141.494962,38.370986],[141.494975,38.370377],[141.49505,38.370261],[141.4956,38.369969],[141.49605,38.369844],[141.49615,38.369861],[141.4963,38.370111],[141.496512,38.370289],[141.496775,38.370594],[141.496912,38.370861],[141.497125,38.371111],[141.497262,38.371152],[141.49735,38.371044],[141.497425,38.370819],[141.4971,38.370319],[141.496987,38.370227],[141.496962,38.370161],[141.49715,38.369986],[141.496912,38.369536],[141.497075,38.369103],[141.4974,38.368719],[141.497587,38.368586],[141.497975,38.368469],[141.498475,38.368453],[141.499412,38.368628],[141.500287,38.369011],[141.500749,38.369369],[141.500949,38.369419],[141.501687,38.369753],[141.501712,38.369819],[141.501687,38.370203],[141.501712,38.370478],[141.501987,38.371102],[141.502237,38.371352],[141.502424,38.371419],[141.502812,38.371419],[141.503061,38.371377],[141.503311,38.371286],[141.503586,38.371311],[141.503636,38.371169],[141.503611,38.370994],[141.503911,38.370769],[141.504711,38.370469],[141.505449,38.370403],[141.505674,38.370603],[141.506036,38.371103],[141.506411,38.371369],[141.506636,38.371436],[141.506724,38.371419],[141.506799,38.371303],[141.506799,38.371103],[141.506686,38.370944],[141.506686,38.370828],[141.506911,38.370811],[141.506936,38.370786],[141.507161,38.370894],[141.507599,38.370986],[141.507786,38.371053],[141.508149,38.371303],[141.508174,38.371194],[141.508036,38.370944],[141.507899,38.370761],[141.507874,38.370628],[141.507899,38.370428],[141.508086,38.370044],[141.508149,38.369994],[141.508499,38.370044],[141.508586,38.369969],[141.508499,38.369769],[141.508586,38.369636],[141.508886,38.369545],[141.509436,38.36952],[141.509823,38.36957],[141.510186,38.369678],[141.510536,38.369836],[141.510973,38.36997],[141.511473,38.370261],[141.511911,38.37062],[141.512961,38.370803],[141.514198,38.370753],[141.514473,38.370803],[141.51471,38.370961],[141.514798,38.370803],[141.514773,38.37062],[141.514635,38.370445],[141.514798,38.370261],[141.515023,38.370461],[141.515123,38.370511],[141.51521,38.370445],[141.515123,38.37017],[141.515023,38.370078],[141.514823,38.370011],[141.514523,38.36997],[141.514473,38.36992],[141.514548,38.369853],[141.515098,38.369761],[141.515123,38.369603],[141.514986,38.36922],[141.514886,38.369045],[141.514911,38.368953],[141.515023,38.368911],[141.515286,38.368953],[141.51551,38.369045],[141.51551,38.368911],[141.515461,38.368795],[141.515486,38.368753],[141.516035,38.368478],[141.51666,38.36857],[141.51691,38.368545],[141.516973,38.36857],[141.51686,38.368795],[141.516998,38.36882],[141.517248,38.368728],[141.517348,38.368637],[141.517273,38.368278],[141.51741,38.368095],[141.517598,38.368028],[141.517685,38.36812],[141.517735,38.368437],[141.518123,38.368295],[141.518348,38.367803],[141.518373,38.367595],[141.51826,38.367395],[141.518098,38.367237],[141.518123,38.367103],[141.518235,38.36697],[141.518585,38.366787],[141.518748,38.36667],[141.519023,38.366604],[141.519473,38.366654],[141.519635,38.366537],[141.519748,38.366312],[141.519773,38.366154],[141.51971,38.365904],[141.519848,38.365795],[141.520023,38.36577],[141.51996,38.365637],[141.519748,38.365545],[141.519635,38.365454],[141.519548,38.365295],[141.519685,38.365254],[141.519798,38.365137],[141.51961,38.364987],[141.519273,38.365054],[141.519085,38.364804],[141.518948,38.364712],[141.51881,38.364262],[141.518648,38.363929],[141.518673,38.363904],[141.518585,38.363612],[141.518373,38.363546],[141.518286,38.363471],[141.518261,38.363162],[141.518286,38.363071],[141.518398,38.363112],[141.518536,38.363229],[141.518698,38.363271],[141.51886,38.363179],[141.518748,38.363046],[141.518586,38.362912],[141.518311,38.362821],[141.518336,38.362687],[141.518786,38.362412],[141.518973,38.362371],[141.519385,38.362462],[141.520048,38.362729],[141.52046,38.362754],[141.52101,38.362637],[141.521198,38.362546],[141.521585,38.362213],[141.521748,38.362004],[141.521698,38.361538],[141.521473,38.361421],[141.52136,38.361288],[141.520948,38.361171],[141.520785,38.360971],[141.520698,38.360546],[141.520423,38.359979],[141.520148,38.360004],[141.520011,38.359913],[141.519736,38.359821],[141.519498,38.359621],[141.519411,38.359504],[141.519386,38.358896],[141.519461,38.358788],[141.519736,38.358696],[141.519961,38.358563],[141.520148,38.358405],[141.520348,38.35818],[141.520786,38.357796],[141.521585,38.357321],[141.522735,38.356597],[141.522985,38.356505],[141.523098,38.356413],[141.523698,38.355605],[141.523784,38.355429],[141.523846,38.355425],[141.523885,38.355447],[141.524023,38.355605],[141.524298,38.355197],[141.523948,38.355105],[141.523335,38.354614],[141.523123,38.354505],[141.522873,38.354139],[141.522923,38.354047],[141.523123,38.353914],[141.52336,38.35378],[141.523535,38.353755],[141.523773,38.35378],[141.523835,38.353755],[141.524273,38.35373],[141.524323,38.353622],[141.524085,38.353197],[141.523998,38.352972],[141.523835,38.352789],[141.52381,38.352697],[141.523835,38.35263],[141.523811,38.352589],[141.523698,38.352564],[141.523448,38.35263],[141.523286,38.352589],[141.523061,38.352139],[141.522986,38.351572],[141.523036,38.351372],[141.523061,38.350939],[141.523123,38.350672],[141.523423,38.349947],[141.523698,38.349723],[141.523773,38.349748],[141.523911,38.349856],[141.524161,38.349723],[141.524298,38.349564],[141.524386,38.349381],[141.524273,38.349298],[141.524273,38.348731],[141.524436,38.348323],[141.524436,38.347898],[141.524486,38.347648],[141.524736,38.347131],[141.524823,38.347065],[141.524961,38.347065],[141.525073,38.347198],[141.525373,38.347173],[141.525423,38.346815],[141.525398,38.346748],[141.525448,38.346456],[141.525723,38.346048],[141.526023,38.34589],[141.526336,38.345781],[141.526411,38.345781],[141.526611,38.345865],[141.527211,38.345915],[141.52746,38.345981],[141.52751,38.345956],[141.52751,38.345531],[141.527623,38.34519],[141.52771,38.345123],[141.528173,38.345148],[141.52831,38.344765],[141.528835,38.344223],[141.528835,38.344173],[141.52891,38.344157],[141.529135,38.343948],[141.52921,38.34384],[141.529598,38.343682],[141.52971,38.343457],[141.529798,38.34314],[141.53001,38.34289],[141.530373,38.342757],[141.530835,38.342707],[141.531085,38.342707],[141.531335,38.342615],[141.531773,38.342549],[141.532123,38.342324],[141.532373,38.342324],[141.53246,38.342349],[141.532698,38.342349],[141.53281,38.342282],[141.53306,38.34199],[141.53311,38.341874],[141.53306,38.341691],[141.533223,38.341241],[141.533498,38.341066],[141.533773,38.340366],[141.533798,38.340116],[141.533773,38.340049],[141.533835,38.339916],[141.534073,38.339957],[141.534323,38.340024],[141.53441,38.339891],[141.534373,38.339732],[141.53441,38.339508],[141.534323,38.339191],[141.534273,38.339166],[141.534098,38.339016],[141.533773,38.338991],[141.53366,38.338924],[141.53366,38.338874],[141.533523,38.338699],[141.533385,38.338583],[141.53311,38.338474],[141.532973,38.338291],[141.53286,38.337866],[141.532785,38.337574],[141.532535,38.337208],[141.532448,38.336375],[141.53251,38.336316],[141.53256,38.336225],[141.53241,38.336108],[141.532186,38.336],[141.531923,38.335791],[141.531973,38.335591],[141.532173,38.335366],[141.532148,38.335025],[141.532061,38.33485],[141.532061,38.334466],[141.531848,38.3339],[141.531848,38.3337],[141.531798,38.333558],[141.531148,38.333491],[141.531186,38.333475],[141.531098,38.333333],[141.530748,38.333408],[141.530486,38.333316],[141.530248,38.333066],[141.530161,38.332575],[141.530273,38.332258],[141.530711,38.3318],[141.530861,38.331533],[141.530823,38.331017],[141.530848,38.330992],[141.530823,38.330967],[141.530498,38.331017],[141.530473,38.330858],[141.530873,38.330267],[141.531161,38.329792],[141.531161,38.3295],[141.530848,38.32905],[141.530374,38.328984],[141.529949,38.328984],[141.529774,38.328875],[141.529474,38.328825],[141.529074,38.32885],[141.528411,38.3291],[141.527799,38.329034],[141.527274,38.328925],[141.526661,38.3287],[141.526311,38.328434],[141.526311,38.328317],[141.526549,38.328275],[141.526724,38.3282],[141.526724,38.328],[141.526661,38.327867],[141.526136,38.327934],[141.526136,38.327709],[141.526286,38.327442],[141.526249,38.327259],[141.525986,38.327167],[141.525549,38.327167],[141.525499,38.32715],[141.525524,38.326609],[141.525324,38.326067],[141.524887,38.325551],[141.524999,38.325342],[141.525137,38.324776],[141.525049,38.324551],[141.525312,38.324392],[141.526212,38.324301],[141.526762,38.324009],[141.527049,38.323943],[141.527487,38.324076],[141.527687,38.323984],[141.527749,38.323918],[141.528086,38.323709],[141.528549,38.323326],[141.528724,38.323076],[141.528549,38.323034],[141.528262,38.323076],[141.527824,38.323218],[141.527774,38.323193],[141.527512,38.322943],[141.527649,38.322718],[141.527624,38.322518],[141.527512,38.322401],[141.527562,38.322268],[141.527649,38.322268],[141.527974,38.322176],[141.528312,38.322018],[141.528574,38.321793],[141.528724,38.321568],[141.528862,38.321501],[141.529674,38.321493],[141.530174,38.321451],[141.531011,38.321335],[141.531936,38.321376],[141.532524,38.321443],[141.532611,38.321418],[141.532699,38.321285],[141.532636,38.321101],[141.532174,38.320835],[141.532111,38.320726],[141.532111,38.320451],[141.531736,38.320026],[141.531061,38.319935],[141.530974,38.319776],[141.531411,38.319485],[141.531724,38.319327],[141.532399,38.319302],[141.532736,38.319027],[141.532999,38.318985],[141.533299,38.319052],[141.533786,38.318985],[141.534224,38.318843],[141.534974,38.319027],[141.535324,38.318952],[141.535724,38.318818],[141.536599,38.318952],[141.537236,38.318835],[141.537436,38.318585],[141.537698,38.318427],[141.538686,38.318227],[141.539061,38.318019],[141.539411,38.317702],[141.539373,38.31766],[141.539198,38.317594],[141.539094,38.317321],[141.539061,38.317119],[141.539373,38.317002],[141.539873,38.316885],[141.540186,38.316777],[141.540332,38.316707],[141.540547,38.316642],[141.540739,38.316542],[141.540798,38.31646],[141.540736,38.316252],[141.540786,38.31601],[141.540961,38.315711],[141.541023,38.315394],[141.540936,38.315102],[141.540786,38.314902],[141.540673,38.314877],[141.540673,38.314677],[141.540898,38.314152],[141.540986,38.313861],[141.540873,38.313794],[141.540698,38.313794],[141.540661,38.313569],[141.540748,38.313027],[141.540923,38.312869],[141.541273,38.312669],[141.541361,38.312511],[141.541648,38.312328],[141.541586,38.312103],[141.541061,38.311811],[141.541061,38.311719],[141.541211,38.311694],[141.541386,38.311719],[141.541474,38.311603],[141.541061,38.310253],[141.541024,38.30987],[141.541224,38.309328],[141.541224,38.309011],[141.541074,38.308811],[141.540961,38.308061],[141.540636,38.307595],[141.540636,38.307453],[141.540699,38.307412],[141.540724,38.30732],[141.540611,38.307162],[141.540574,38.307028],[141.540774,38.306595],[141.540686,38.306303],[141.540549,38.306012],[141.540661,38.30592],[141.540486,38.305562],[141.540574,38.305312],[141.540536,38.30527],[141.540336,38.305362],[141.540311,38.305087],[141.540161,38.30502],[141.540161,38.304837],[141.540336,38.304212],[141.540037,38.303354],[141.539799,38.303037],[141.539424,38.302695],[141.538899,38.302337],[141.538499,38.302254],[141.538412,38.30227],[141.538062,38.302204],[141.537737,38.301962],[141.537674,38.301304],[141.537547,38.301208],[141.537474,38.301121],[141.537237,38.300896],[141.536974,38.300746],[141.536687,38.300679],[141.536399,38.300746],[141.536312,38.300854],[141.536224,38.300904],[141.536049,38.300721],[141.535587,38.300704],[141.5353,38.300721],[141.5351,38.300837],[141.534887,38.300612],[141.5346,38.300679],[141.5346,38.300746],[141.534487,38.300887],[141.534087,38.301137],[141.533787,38.301204],[141.533875,38.300912],[141.534025,38.300704],[141.534025,38.300546],[141.533937,38.300504],[141.53385,38.300529],[141.533412,38.300912],[141.533125,38.300887],[141.532925,38.300937],[141.532662,38.301137],[141.531475,38.300937],[141.530662,38.300762],[141.530487,38.30067],[141.530425,38.300237],[141.530363,38.300129],[141.530225,38.300104],[141.53005,38.300287],[141.529813,38.300404],[141.5297,38.300154],[141.529325,38.299862],[141.529225,38.299521],[141.529175,38.299454],[141.528913,38.29952],[141.528588,38.29957],[141.528388,38.298871],[141.528275,38.298687],[141.528475,38.298529],[141.52835,38.298304],[141.528613,38.298054],[141.528413,38.297629],[141.528263,38.297496],[141.528288,38.297021],[141.5285,38.296979],[141.52855,38.296887],[141.528225,38.296279],[141.528175,38.296029],[141.528025,38.295963],[141.527625,38.295896],[141.527413,38.295738],[141.527188,38.295763],[141.526663,38.295921],[141.526463,38.295946],[141.525701,38.295788],[141.525676,38.295288],[141.525813,38.294954],[141.525938,38.294796],[141.526163,38.294904],[141.526451,38.294838],[141.526338,38.294454],[141.526601,38.294229],[141.526863,38.294113],[141.526863,38.294021],[141.526651,38.293979],[141.526476,38.293888],[141.526388,38.293488],[141.526101,38.293554],[141.525926,38.293438],[141.525901,38.293329],[141.526076,38.293213],[141.526301,38.293171],[141.526388,38.293055],[141.526413,38.292105],[141.526176,38.291271],[141.526026,38.290955],[141.526026,38.290821],[141.526151,38.290755],[141.526113,38.290621],[141.526001,38.290438],[141.525738,38.290397],[141.525676,38.290213],[141.525851,38.29008],[141.526401,38.290013],[141.526526,38.289938],[141.526551,38.289738],[141.526463,38.289355],[141.526226,38.289263],[141.525851,38.289222],[141.525438,38.289113],[141.525176,38.288863],[141.524914,38.288505],[141.524864,38.288255],[141.525039,38.28798],[141.525264,38.28778],[141.525289,38.28753],[141.525151,38.287172],[141.524676,38.285614],[141.524726,38.285364],[141.525101,38.285072],[141.525339,38.284756],[141.525301,38.284506],[141.525039,38.284039],[141.525301,38.284081],[141.525189,38.284014],[141.524889,38.282931],[141.524551,38.282889],[141.524426,38.282822],[141.524514,38.282614],[141.524689,38.282364],[141.524689,38.282272],[141.524776,38.282072],[141.524776,38.281914],[141.524576,38.281889],[141.524426,38.281756],[141.524139,38.281714],[141.524076,38.281623],[141.524164,38.281489],[141.524426,38.281331],[141.525089,38.281081],[141.525114,38.280831],[141.525064,38.280789],[141.525026,38.280606],[141.525089,38.280181],[141.525201,38.280156],[141.525314,38.280289],[141.525526,38.280331],[141.525601,38.280289],[141.525689,38.280039],[141.525689,38.279723],[141.525489,38.278956],[141.525251,38.278756],[141.524552,38.278648],[141.524152,38.278556],[141.523777,38.278515],[141.523514,38.278398],[141.523452,38.27824],[141.523477,38.278065],[141.523602,38.27799],[141.523739,38.277973],[141.524114,38.277831],[141.524464,38.277631],[141.524752,38.277331],[141.524864,38.277473],[141.525077,38.277448],[141.525277,38.277331],[141.525502,38.27679],[141.525739,38.276723],[141.526601,38.276832],[141.526839,38.27654],[141.526864,38.276382],[141.526776,38.276065],[141.526601,38.275615],[141.526602,38.275457],[141.526364,38.275282],[141.526139,38.275232],[141.525764,38.275348],[141.525677,38.27544],[141.525327,38.275573],[141.525289,38.27519],[141.525239,38.275098],[141.524652,38.275057],[141.524252,38.275082],[141.523789,38.275057],[141.523502,38.274973],[141.523414,38.274765],[141.523177,38.274632],[141.523177,38.274523],[141.523227,38.274448],[141.523664,38.274223],[141.524364,38.273657],[141.524702,38.27339],[141.525052,38.273049],[141.525052,38.272757],[141.524989,38.272465],[141.524852,38.272307],[141.524702,38.272324],[141.524389,38.27244],[141.524177,38.27224],[141.523914,38.272082],[141.523864,38.271949],[141.523889,38.271724],[141.523802,38.271449],[141.523627,38.271449],[141.523302,38.271515],[141.523164,38.271607],[141.52284,38.271365],[141.52264,38.271382],[141.522577,38.27159],[141.522327,38.271565],[141.522177,38.271474],[141.52194,38.271407],[141.521477,38.271774],[141.521277,38.27184],[141.521252,38.272024],[141.521277,38.272157],[141.521077,38.272432],[141.520565,38.272882],[141.52044,38.27304],[141.52039,38.273015],[141.520302,38.272907],[141.520265,38.272474],[141.520002,38.27234],[141.519865,38.272407],[141.51974,38.272565],[141.519602,38.272632],[141.519577,38.272565],[141.519777,38.271849],[141.519677,38.27164],[141.519515,38.271482],[141.519302,38.271465],[141.519127,38.271599],[141.51879,38.271732],[141.51844,38.271915],[141.51789,38.272232],[141.517565,38.272532],[141.517427,38.27244],[141.517227,38.272532],[141.517052,38.272757],[141.517115,38.273115],[141.517077,38.273232],[141.517115,38.273432],[141.516877,38.273548],[141.51659,38.273415],[141.51644,38.273415],[141.516152,38.273548],[141.515902,38.274157],[141.51569,38.274515],[141.515577,38.274815],[141.51549,38.274657],[141.515402,38.274698],[141.515265,38.274973],[141.515315,38.275106],[141.515115,38.275265],[141.514365,38.27554],[141.51419,38.275473],[141.513865,38.275181],[141.513865,38.274998],[141.51399,38.274723],[141.513929,38.27463],[141.513832,38.274546],[141.513728,38.274523],[141.513465,38.274798],[141.513265,38.27484],[141.513178,38.274573],[141.512765,38.274681],[141.512611,38.274861],[141.51254,38.274773],[141.512415,38.274731],[141.51224,38.274865],[141.51219,38.275165],[141.51204,38.275323],[141.511703,38.27564],[141.51164,38.27584],[141.511586,38.27601],[141.511465,38.276265],[141.51124,38.276606],[141.511265,38.276789],[141.51144,38.276723],[141.511414,38.276922],[141.51139,38.277081],[141.511278,38.277581],[141.51104,38.277739],[141.510753,38.277831],[141.510603,38.278006],[141.510403,38.278073],[141.510178,38.278373],[141.510115,38.278664],[141.51029,38.278998],[141.510578,38.279364],[141.510765,38.279681],[141.510703,38.279972],[141.510265,38.280539],[141.51004,38.280672],[141.50984,38.280647],[141.509628,38.280764],[141.509665,38.280922],[141.509465,38.281122],[141.509315,38.281331],[141.509315,38.281572],[141.50984,38.281914],[141.509903,38.282272],[141.510103,38.282405],[141.510453,38.282789],[141.510515,38.282922],[141.51014,38.28338],[141.509965,38.283264],[141.509878,38.283247],[141.509678,38.28333],[141.50944,38.284172],[141.509477,38.284622],[141.509565,38.284955],[141.509502,38.285522],[141.509627,38.286105],[141.50954,38.286405],[141.509277,38.286605],[141.50919,38.286722],[141.50899,38.28683],[141.508677,38.286813],[141.508765,38.287038],[141.508877,38.287147],[141.509252,38.287755],[141.50929,38.288163],[141.509211,38.28835],[141.50914,38.288546],[141.509115,38.289338],[141.509177,38.289763],[141.509552,38.290346],[141.509915,38.290938],[141.510227,38.291796],[141.510227,38.292063],[141.510152,38.292471],[141.50934,38.292563],[141.50949,38.294187],[141.50914,38.294212],[141.509077,38.294479],[141.508827,38.294479],[141.50879,38.294704],[141.50909,38.294729],[141.508914,38.296762],[141.50784,38.296737],[141.50759,38.296895],[141.507624,38.297426],[141.507702,38.297754],[141.508027,38.298162],[141.507827,38.298228],[141.506602,38.298412],[141.50564,38.297012],[141.50544,38.297037],[141.50509,38.296637],[141.505027,38.296412],[141.505027,38.296179],[141.50474,38.295962],[141.504302,38.29582],[141.504127,38.295645],[141.503727,38.295554],[141.503315,38.295512],[141.503228,38.295354],[141.502853,38.295129],[141.502215,38.295354],[141.502042,38.295351],[141.501778,38.295312],[141.50154,38.295245],[141.50099,38.295204],[141.500615,38.295137],[141.500528,38.295045],[141.500615,38.29457],[141.50059,38.294304],[141.50024,38.293987],[141.499978,38.294079],[141.499715,38.294279],[141.499478,38.294395],[141.499315,38.294437],[141.499053,38.294437],[141.498753,38.294262],[141.498641,38.294079],[141.498666,38.293854],[141.498753,38.29367],[141.498778,38.293287],[141.498228,38.293021],[141.497916,38.292504],[141.497741,38.292304],[141.497566,38.292212],[141.497503,38.292212],[141.497416,38.292462],[141.497278,38.292621],[141.496928,38.292437],[141.496666,38.292371],[141.496503,38.2924],[141.496353,38.292437],[141.496053,38.292079],[141.495803,38.291671],[141.495703,38.291587],[141.495216,38.291696],[141.495003,38.291812],[141.494878,38.292037],[141.494853,38.292421],[141.494603,38.292554],[141.494203,38.292595],[141.493829,38.292687],[141.493529,38.292912],[141.493341,38.293137],[141.493191,38.293429],[141.492966,38.293504],[141.492329,38.293504],[141.491954,38.293587],[141.491829,38.293679],[141.491704,38.293887],[141.491704,38.294062],[141.491891,38.294404],[141.491929,38.294654],[141.491804,38.294945],[141.491741,38.295237],[141.491829,38.295528],[141.492166,38.29582],[141.492728,38.296028],[141.493153,38.296112],[141.493174,38.296194],[141.493066,38.296253],[141.493066,38.296428],[141.493341,38.296587],[141.493403,38.296703],[141.493316,38.29677],[141.492978,38.296862],[141.492728,38.296995],[141.492628,38.297153],[141.492603,38.297378],[141.492728,38.297628],[141.493316,38.297803],[141.493591,38.298011],[141.493778,38.298503],[141.493991,38.298861],[141.493966,38.298953],[141.494266,38.299336],[141.494553,38.29977],[141.494578,38.300011],[141.495016,38.300445],[141.49504,38.300628],[141.494453,38.300736],[141.494116,38.300828],[141.493966,38.300936],[141.493903,38.301144],[141.493903,38.301411],[141.493966,38.301594],[141.494278,38.301861],[141.494703,38.302336],[141.495015,38.302561],[141.495228,38.302611],[141.495965,38.302969],[141.496153,38.303011],[141.49634,38.303419],[141.496503,38.303673],[141.49659,38.303878],[141.496828,38.304461],[141.496628,38.305002],[141.496503,38.305232],[141.495903,38.305902],[141.495015,38.306602],[141.494128,38.307252],[141.493603,38.307635],[141.49274,38.307969],[141.492065,38.308177],[141.490391,38.30851],[141.489478,38.308577],[141.489353,38.308535],[141.489103,38.308335],[141.488728,38.307968],[141.488053,38.30736],[141.487991,38.307027],[141.487778,38.307002],[141.487566,38.307027],[141.487341,38.307119],[141.486916,38.307568],[141.486241,38.307885],[141.485404,38.307993],[141.484816,38.308035],[141.484329,38.308035],[141.483804,38.307993],[141.482691,38.30781],[141.482104,38.307518],[141.481979,38.307227],[141.481954,38.307027],[141.481979,38.306935],[141.481916,38.30671],[141.481741,38.306527],[141.481454,38.306552],[141.481179,38.306485],[141.480967,38.306485],[141.480779,38.306593],[141.480542,38.307093],[141.480017,38.307185],[141.479937,38.306981],[141.479829,38.306752],[141.479517,38.306527],[141.479329,38.306343],[141.479267,38.305802],[141.479117,38.305652],[141.478779,38.305402],[141.478317,38.305285],[141.478067,38.305377],[141.477829,38.305693],[141.477829,38.305918],[141.477767,38.306143],[141.477304,38.306935],[141.477392,38.307068],[141.477242,38.307268],[141.476467,38.30736],[141.475942,38.307318],[141.475667,38.307451],[141.47548,38.307651],[141.47478,38.308168],[141.474555,38.308376],[141.474255,38.309235],[141.474192,38.309684],[141.474317,38.311534],[141.474042,38.311918],[141.47373,38.312118],[141.472405,38.312592],[141.47228,38.312676],[141.471942,38.313151],[141.471542,38.313809],[141.471142,38.314234],[141.470867,38.314592],[141.470217,38.315067],[141.469905,38.3155],[141.46988,38.315725],[141.470005,38.316017],[141.47028,38.316417],[141.47068,38.316717],[141.470867,38.316942],[141.471117,38.317592],[141.471242,38.318175],[141.471454,38.318475],[141.471704,38.318542],[141.472067,38.318517],[141.472529,38.318517],[141.472867,38.319017],[141.472717,38.31915],[141.472804,38.319417],[141.472279,38.319866],[141.471979,38.319825],[141.471854,38.320025],[141.470492,38.320341],[141.470342,38.319508],[141.47053,38.319466],[141.470555,38.319166],[141.47003,38.318808],[141.469667,38.317325],[141.469417,38.316875],[141.469142,38.316467],[141.46858,38.315875],[141.468305,38.315475],[141.468242,38.314975],[141.46843,38.31455],[141.46883,38.3141],[141.469105,38.313742],[141.469442,38.312317],[141.46948,38.312026],[141.469542,38.311934],[141.469567,38.311617],[141.47003,38.310901],[141.470342,38.310068],[141.470367,38.309593],[141.470305,38.308576],[141.470405,38.308351],[141.470805,38.30806],[141.47098,38.307901],[141.471018,38.307718],[141.470518,38.307626],[141.470118,38.307651],[141.46938,38.307226],[141.468918,38.306885],[141.467718,38.306185],[141.467131,38.30596],[141.466581,38.305868],[141.466206,38.305935],[141.465931,38.30621],[141.465843,38.306701],[141.465656,38.306843],[141.465318,38.306976],[141.465168,38.307001],[141.465006,38.307085],[141.464856,38.307001],[141.464668,38.306776],[141.464581,38.306526],[141.464393,38.30646],[141.464206,38.306568],[141.463931,38.307068],[141.463718,38.307676],[141.463656,38.307943],[141.463556,38.307993],[141.463443,38.307993],[141.463131,38.307918],[141.462793,38.307768],[141.462668,38.307784],[141.462543,38.307901],[141.462393,38.308301],[141.462418,38.308551],[141.462356,38.308709],[141.461618,38.308868],[141.461406,38.309051],[141.461131,38.309834],[141.460606,38.309884],[141.460394,38.309792],[141.460269,38.309542],[141.459806,38.309609],[141.459681,38.310109],[141.459806,38.310809],[141.459644,38.311367],[141.459306,38.31225],[141.459244,38.312725],[141.459156,38.3129],[141.459094,38.31295],[141.458906,38.3129],[141.458719,38.313017],[141.458569,38.313417],[141.458442,38.313318],[141.458169,38.313217],[141.458044,38.313284],[141.458044,38.31335],[141.457744,38.313442],[141.457644,38.313783],[141.457456,38.313983],[141.457369,38.314167],[141.457244,38.314208],[141.457181,38.314183],[141.456931,38.314208],[141.456881,38.314458],[141.456781,38.314567],[141.456694,38.314567],[141.456609,38.314503],[141.456319,38.314392],[141.456194,38.314458],[141.456169,38.314683],[141.456194,38.314883],[141.456044,38.31495],[141.455831,38.314933],[141.455519,38.315],[141.455094,38.315266],[141.454969,38.315133],[141.454806,38.315067],[141.454506,38.315042],[141.454256,38.315225],[141.454006,38.315466],[141.453357,38.315491],[141.453082,38.3154],[141.452994,38.315066],[141.452807,38.314658],[141.452344,38.314475],[141.451857,38.314475],[141.451732,38.314566],[141.451188,38.314672],[141.451046,38.314782],[141.450957,38.314858],[141.450762,38.31497],[141.450707,38.315041],[141.450657,38.315083],[141.450307,38.315175],[141.450069,38.3152],[141.449757,38.315308],[141.449544,38.315308],[141.449269,38.315516],[141.449269,38.315625],[141.449332,38.315808],[141.449357,38.316125],[141.449332,38.316508],[141.449544,38.316708],[141.450157,38.316866],[141.450244,38.316983],[141.450282,38.317116],[141.450407,38.317249],[141.450707,38.317383],[141.450744,38.317724],[141.451582,38.318283],[141.451982,38.318333],[141.452556,38.318333],[141.452619,38.318533],[141.452531,38.318849],[141.452656,38.319033],[141.452906,38.318758],[141.453206,38.318649],[141.453606,38.318783],[141.453794,38.318983],[141.454631,38.320449],[141.454844,38.320607],[141.454906,38.320566],[141.455269,38.320582],[141.455769,38.320832],[141.456081,38.321057],[141.456631,38.321307],[141.457518,38.321624],[141.457956,38.321874],[141.458143,38.322032],[141.458418,38.322591],[141.458481,38.322657],[141.458818,38.322499],[141.459193,38.322416],[141.459656,38.322366],[141.460118,38.322507],[141.460393,38.322207],[141.46138,38.322191],[141.462055,38.322391],[141.462455,38.322549],[141.46298,38.322574],[141.463293,38.322507],[141.463655,38.322457],[141.46403,38.322482],[141.464892,38.322666],[141.465167,38.322683],[141.465417,38.322599],[141.465717,38.322441],[141.466342,38.322283],[141.46658,38.322166],[141.46698,38.322141],[141.467267,38.322258],[141.467542,38.322441],[141.467755,38.322758],[141.467755,38.323274],[141.467905,38.323499],[141.468192,38.323541],[141.468492,38.323474],[141.468955,38.323499],[141.469267,38.323633],[141.469729,38.323724],[141.469979,38.323924],[141.470067,38.324199],[141.469879,38.324674],[141.469354,38.325099],[141.469179,38.325591],[141.468929,38.325799],[141.468779,38.326224],[141.468379,38.326674],[141.468217,38.326899],[141.468342,38.327174],[141.468467,38.32724],[141.468679,38.32719],[141.468992,38.327215],[141.469417,38.327332],[141.469767,38.327507],[141.470104,38.327849],[141.470467,38.327965],[141.471029,38.328232],[141.471579,38.329024],[141.472229,38.32839],[141.472166,38.328274],[141.472016,38.328207],[141.472254,38.32789],[141.472354,38.32789],[141.472904,38.328074],[141.473241,38.328299],[141.473804,38.328815],[141.474229,38.329424],[141.474516,38.330573],[141.474566,38.331032],[141.474541,38.331498],[141.474116,38.33319],[141.473716,38.333981],[141.473466,38.334248],[141.473316,38.334298],[141.472504,38.334206],[141.472266,38.33434],[141.472166,38.334589],[141.472141,38.334698],[141.471954,38.334789],[141.471804,38.334789],[141.471616,38.334631],[141.471116,38.334723],[141.470816,38.334881],[141.470316,38.334998],[141.469854,38.334881],[141.469429,38.335081],[141.469179,38.335331],[141.468804,38.335398],[141.468504,38.335356],[141.468229,38.335239],[141.467854,38.334606],[141.467542,38.334339],[141.467267,38.334248],[141.466892,38.334364],[141.466617,38.334589],[141.466279,38.334948],[141.465792,38.335373],[141.465667,38.335439],[141.465229,38.335556],[141.465017,38.335647],[141.464867,38.335597],[141.464704,38.335597],[141.464529,38.335356],[141.464467,38.335372],[141.464367,38.335647],[141.463879,38.335372],[141.463692,38.335356],[141.463355,38.335464],[141.463167,38.335597],[141.463042,38.335781],[141.463042,38.336006],[141.463105,38.336097],[141.463317,38.336164],[141.463317,38.336272],[141.463179,38.336314],[141.463329,38.336456],[141.463879,38.336822],[141.463979,38.336931],[141.464154,38.337206],[141.464229,38.337339],[141.464217,38.337614],[141.464292,38.338247],[141.464292,38.33883],[141.464504,38.339105],[141.464579,38.339214],[141.464654,38.339647],[141.464429,38.339889],[141.464354,38.340164],[141.464679,38.340388],[141.464892,38.340572],[141.465142,38.341047],[141.464942,38.341655],[141.464704,38.341963],[141.464579,38.342397],[141.464529,38.34278],[141.464317,38.343296],[141.464017,38.34338],[141.463692,38.343471],[141.463592,38.344055],[141.463554,38.344505],[141.463529,38.34473],[141.463179,38.345563],[141.463092,38.346171],[141.463241,38.346513],[141.463491,38.346671],[141.463529,38.347213],[141.463479,38.347821],[141.463079,38.348362],[141.462491,38.348962],[141.462366,38.349212],[141.462391,38.35122],[141.462366,38.351354],[141.462266,38.351512],[141.462091,38.35162],[141.461466,38.351912],[141.461266,38.351937],[141.460691,38.351454],[141.460466,38.351454],[141.458767,38.351604],[141.458667,38.351595],[141.458292,38.351395],[141.457892,38.351229],[141.457742,38.351095],[141.457367,38.350437],[141.457342,38.350304],[141.457342,38.350279],[141.457592,38.350054],[141.457704,38.349812],[141.457579,38.349629],[141.457379,38.349429],[141.457379,38.349112],[141.457204,38.348796],[141.457192,38.348296],[141.457067,38.348137],[141.456992,38.347887],[141.456992,38.347662],[141.456917,38.347479],[141.456817,38.347346],[141.456642,38.347321],[141.456542,38.347346],[141.456267,38.347637],[141.456042,38.347704],[141.455892,38.347704],[141.455717,38.347612],[141.455567,38.347496],[141.455417,38.347446],[141.455342,38.347446],[141.455042,38.347737],[141.454817,38.347854],[141.454617,38.347846],[141.454392,38.347712],[141.45423,38.347846],[141.45413,38.347846],[141.453817,38.347346],[141.453817,38.346737],[141.453892,38.346629],[141.454142,38.346579],[141.454305,38.346379],[141.45438,38.346204],[141.45423,38.345812],[141.454355,38.345279],[141.454455,38.345138],[141.454567,38.345071],[141.454842,38.345079],[141.454967,38.344988],[141.454442,38.344038],[141.454143,38.343763],[141.453918,38.343738],[141.453643,38.343804],[141.453468,38.343779],[141.453168,38.343529],[141.453043,38.343529],[141.452968,38.343554],[141.452918,38.343371],[141.45303,38.343213],[141.45293,38.342829],[141.452705,38.342396],[141.452455,38.342063],[141.452005,38.34208],[141.45183,38.342146],[141.451555,38.342146],[141.45153,38.342096],[141.451768,38.34163],[141.451843,38.341421],[141.452018,38.341313],[141.452193,38.340888],[141.452243,38.340705],[141.452168,38.340546],[141.45193,38.340338],[141.451546,38.340225],[141.451168,38.34043],[141.451043,38.340471],[141.450868,38.340446],[141.450668,38.340355],[141.450537,38.340187],[141.450443,38.340146],[141.450293,38.34013],[141.450143,38.340213],[141.449843,38.340688],[141.449793,38.340888],[141.449806,38.341296],[141.449681,38.341363],[141.449556,38.341271],[141.449356,38.34118],[141.449306,38.341205],[141.449281,38.34163],[141.449006,38.342013],[141.449081,38.342171],[141.449206,38.342396],[141.449318,38.342754],[141.449493,38.343004],[141.449718,38.343188],[141.449843,38.343571],[141.45033,38.344479],[141.450305,38.344729],[141.45008,38.344929],[141.450005,38.345179],[141.450093,38.345562],[141.450068,38.345671],[141.449793,38.345896],[141.449718,38.345871],[141.449593,38.345896],[141.449543,38.345987],[141.449543,38.346187],[141.449618,38.346621],[141.44983,38.346821],[141.449405,38.347137],[141.44933,38.347362],[141.449255,38.34752],[141.449255,38.347712],[141.449393,38.347829],[141.449418,38.348187],[141.449605,38.348354],[141.449693,38.348687],[141.44958,38.34897],[141.449355,38.349237],[141.448993,38.349495],[141.448618,38.349645],[141.448305,38.349878],[141.448043,38.350012],[141.447705,38.350045],[141.44748,38.350112],[141.447543,38.350303],[141.447718,38.35042],[141.448105,38.350503],[141.448368,38.35057],[141.448405,38.35072],[141.448443,38.35112],[141.448043,38.35177],[141.44803,38.352062],[141.44813,38.352203],[141.448605,38.352628],[141.448543,38.35412],[141.448393,38.35412],[141.448218,38.354053],[141.447893,38.353736],[141.447793,38.353503],[141.447555,38.353145],[141.44733,38.352936],[141.447155,38.352911],[141.44703,38.353003],[141.446793,38.353495],[141.446668,38.354195],[141.446568,38.354261],[141.446468,38.354286],[141.445555,38.354303],[141.444818,38.353911],[141.44491,38.353625],[141.445018,38.35317],[141.445108,38.351924],[141.445131,38.351686],[141.444906,38.351361],[141.444506,38.351253],[141.444381,38.351162],[141.444056,38.350995],[141.443893,38.350887],[141.443718,38.350678],[141.443618,38.350637],[141.443368,38.350628],[141.442968,38.35072],[141.442581,38.350945],[141.442356,38.350986],[141.442181,38.350936],[141.442092,38.350816],[141.442168,38.350395],[141.442093,38.350328],[141.441661,38.350096],[141.441611,38.350034],[141.441569,38.349945],[141.441594,38.349537],[141.441906,38.349112],[141.442081,38.348978],[141.442456,38.348795],[141.442506,38.348712],[141.442481,38.348637],[141.442331,38.348478],[141.442031,38.34832],[141.441856,38.34832],[141.441556,38.348228],[141.441031,38.347862],[141.440856,38.347903],[141.440531,38.347745],[141.440231,38.347495],[141.440269,38.34732],[141.439919,38.346704],[141.439794,38.346662],[141.439694,38.346454],[141.439806,38.345845],[141.439856,38.345804],[141.440156,38.345737],[141.440381,38.345562],[141.440756,38.345495],[141.440856,38.345429],[141.441081,38.345379],[141.441231,38.345245],[141.441156,38.344887],[141.440894,38.344546],[141.440694,38.344229],[141.440419,38.344254],[141.440044,38.344179],[141.439744,38.344204],[141.439269,38.344062],[141.439144,38.343837],[141.438719,38.343429],[141.438419,38.342954],[141.438044,38.342812],[141.437557,38.342562],[141.437257,38.342404],[141.437032,38.342196],[141.436707,38.341587],[141.436532,38.341446],[141.436332,38.341404],[141.436132,38.341421],[141.435782,38.341621],[141.435332,38.341596],[141.434932,38.341771],[141.434732,38.341771],[141.434417,38.341643],[141.434401,38.34156],[141.434482,38.341429],[141.434407,38.341321],[141.434232,38.341137],[141.434107,38.341112],[141.433987,38.341233],[141.433657,38.341362],[141.433557,38.341537],[141.433695,38.341837],[141.43372,38.342012],[141.43357,38.342579],[141.43332,38.342596],[141.43287,38.342371],[141.432545,38.341896],[141.43242,38.341821],[141.43232,38.341887],[141.432245,38.341887],[141.432045,38.341712],[141.43197,38.341687],[141.431845,38.341729],[141.431695,38.341929],[141.43157,38.341929],[141.431395,38.341971],[141.431595,38.342296],[141.432107,38.342837],[141.432482,38.343429],[141.432757,38.34397],[141.432932,38.344037],[141.433007,38.34417],[141.43312,38.344512],[141.433295,38.344654],[141.43332,38.344737],[141.43332,38.345037],[141.433245,38.345212],[141.43312,38.34537],[141.432757,38.345662],[141.432532,38.346445],[141.432357,38.346745],[141.432157,38.346853],[141.431845,38.34692],[141.431745,38.347095],[141.43167,38.347387],[141.431695,38.347503],[141.431845,38.34762],[141.431995,38.347845],[141.431895,38.347978],[141.43172,38.348111],[141.431357,38.34827],[141.431182,38.34827],[141.430532,38.348061],[141.430157,38.347986],[141.43007,38.347653],[141.430118,38.347451],[141.43012,38.34722],[141.429895,38.346945],[141.42977,38.346878],[141.429495,38.346903],[141.42927,38.346762],[141.42917,38.346737],[141.42902,38.346762],[141.42887,38.34667],[141.428795,38.346562],[141.428195,38.346128],[141.42787,38.346145],[141.427745,38.346212],[141.42767,38.346503],[141.427545,38.34677],[141.42732,38.346912],[141.427195,38.346903],[141.427045,38.346812],[141.426745,38.346495],[141.426395,38.345953],[141.42612,38.345637],[141.426095,38.34577],[141.42616,38.345893],[141.426062,38.34601],[141.425845,38.345862],[141.42577,38.345928],[141.425795,38.345995],[141.426045,38.34622],[141.426095,38.346337],[141.42607,38.346403],[141.425945,38.346378],[141.425795,38.346287],[141.425445,38.346312],[141.425295,38.346287],[141.425245,38.346303],[141.425195,38.346462],[141.425045,38.346512],[141.42477,38.346528],[141.424495,38.346462],[141.424195,38.346278],[141.423995,38.345753],[141.42387,38.34562],[141.423646,38.345462],[141.42337,38.34534],[141.423146,38.345095],[141.422883,38.344662],[141.422583,38.344437],[141.422258,38.34412],[141.422108,38.344003],[141.422058,38.34407],[141.422058,38.344187],[141.422183,38.344503],[141.422196,38.344928],[141.422096,38.344953],[141.421796,38.344837],[141.421721,38.344928],[141.421846,38.345337],[141.421821,38.345378],[141.421746,38.345378],[141.421521,38.34542],[141.421471,38.345512],[141.421405,38.345656],[141.421307,38.3458],[141.421259,38.345887],[141.421208,38.346053],[141.421258,38.346145],[141.421358,38.34637],[141.421608,38.347186],[141.421921,38.34782],[141.421771,38.348111],[141.421696,38.348153],[141.421521,38.348103],[141.420921,38.347828],[141.420696,38.347786],[141.420596,38.347803],[141.420121,38.347736],[141.419821,38.347595],[141.419571,38.34742],[141.418996,38.347345],[141.418671,38.347203],[141.418246,38.347228],[141.417871,38.346953],[141.417671,38.347111],[141.417471,38.34722],[141.417221,38.347245],[141.416971,38.347128],[141.416821,38.34692],[141.416821,38.346536],[141.416721,38.346428],[141.416496,38.346286],[141.416096,38.346153],[141.415971,38.34622],[141.415971,38.346353],[141.416196,38.346961],[141.416446,38.347345],[141.416784,38.347686],[141.416959,38.347803],[141.417459,38.347986],[141.418258,38.348669],[141.418458,38.348803],[141.418683,38.348878],[141.419258,38.348903],[141.419533,38.348969],[141.419733,38.349061],[141.420033,38.349378],[141.420408,38.349611],[141.420821,38.349978],[141.420946,38.350136],[141.420921,38.350444],[141.420871,38.350678],[141.420821,38.350694],[141.420246,38.350711],[141.419721,38.350736],[141.419571,38.350711],[141.419383,38.350869],[141.419208,38.350936],[141.419108,38.350911],[141.419033,38.350819],[141.418908,38.350769],[141.418733,38.350861],[141.418683,38.350994],[141.418633,38.351152],[141.418583,38.351152],[141.418458,38.351061],[141.418208,38.351019],[141.418183,38.351169],[141.418258,38.351327],[141.418233,38.351511],[141.418283,38.351694],[141.418296,38.352077],[141.418221,38.352277],[141.418033,38.353269],[141.417958,38.353402],[141.417808,38.353427],[141.417308,38.353377],[141.417008,38.353394],[141.416808,38.353602],[141.416408,38.35396],[141.416233,38.353869],[141.416083,38.353869],[141.416233,38.354094],[141.416212,38.354129],[141.416196,38.35416],[141.416046,38.35411],[141.416021,38.35416],[141.416196,38.354269],[141.416146,38.354385],[141.416071,38.354452],[141.415746,38.354694],[141.415571,38.354652],[141.415321,38.35451],[141.415271,38.354577],[141.415471,38.35506],[141.415596,38.355144],[141.415921,38.355169],[141.416021,38.355035],[141.416121,38.355019],[141.416321,38.355085],[141.416733,38.355744],[141.417333,38.356044],[141.417508,38.355994],[141.417546,38.35566],[141.417621,38.355452],[141.417571,38.355227],[141.418096,38.35476],[141.418396,38.354627],[141.418758,38.354585],[141.419108,38.354585],[141.419808,38.354702],[141.420658,38.354869],[141.420983,38.355002],[141.421408,38.35526],[141.42177,38.355594],[141.422695,38.355894],[141.422895,38.355877],[141.42332,38.355744],[141.423558,38.355744],[141.423833,38.355819],[141.424007,38.355819],[141.424132,38.355885],[141.42422,38.356019],[141.424295,38.356269],[141.42427,38.356469],[141.423995,38.356602],[141.423945,38.356694],[141.42387,38.356944],[141.423982,38.357285],[141.424107,38.357419],[141.424332,38.357535],[141.424657,38.357602],[141.425357,38.35761],[141.425507,38.357652],[141.425507,38.357952],[141.425457,38.358085],[141.425057,38.358302],[141.424907,38.358302],[141.424482,38.358235],[141.424307,38.358343],[141.424632,38.358502],[141.424857,38.35871],[141.42502,38.358918],[141.42522,38.359052],[141.42547,38.359102],[141.425645,38.359102],[141.425745,38.359143],[141.42597,38.359352],[141.425895,38.359527],[141.42612,38.359777],[141.426145,38.35996],[141.426395,38.360277],[141.426932,38.360843],[141.426907,38.361293],[141.427107,38.361543],[141.427257,38.361635],[141.427457,38.361685],[141.428194,38.362385],[141.428444,38.362526],[141.428544,38.362618],[141.428569,38.36291],[141.428769,38.363343],[141.429182,38.363926],[141.429456,38.364176],[141.429906,38.364743],[141.430231,38.364818],[141.430606,38.364951],[141.431144,38.364351],[141.430994,38.364301],[141.430919,38.364168],[141.431269,38.363993],[141.431644,38.363926],[141.431969,38.363885],[141.432069,38.363951],[141.432219,38.364018],[141.432419,38.363951],[141.432994,38.364268],[141.433843,38.36491],[141.434256,38.365251],[141.435031,38.365818],[141.435531,38.366051],[141.436106,38.365918],[141.436506,38.36601],[141.436981,38.366035],[141.439018,38.365151],[141.439261,38.365096],[141.43953,38.36504],[141.43973,38.365068],[141.440193,38.365226],[141.440368,38.36536],[141.440443,38.365385],[141.440593,38.36536],[141.440693,38.365318],[141.441268,38.365501],[141.441368,38.365576],[141.441443,38.366185],[141.441368,38.366293],[141.441318,38.36641],[141.44128,38.367018],[141.44153,38.367018],[141.44173,38.366976],[141.442018,38.366843],[141.442367,38.366868],[141.442567,38.366935],[141.442842,38.367185],[141.443005,38.367684],[141.44298,38.367926],[141.442912,38.36823],[141.442855,38.368401],[141.442567,38.368584],[141.442317,38.368576],[141.442167,38.368668],[141.442092,38.368868],[141.442267,38.369301],[141.442442,38.369418],[141.442842,38.369576],[141.443042,38.369893],[141.44328,38.370076],[141.44348,38.370326],[141.443755,38.370509],[141.44413,38.370601],[141.444255,38.370534],[141.444505,38.370534],[141.445054,38.370876],[141.445629,38.371084],[141.445954,38.371134],[141.446054,38.371109],[141.446404,38.371017],[141.446804,38.371026],[141.447129,38.371092],[141.447442,38.371092],[141.448054,38.371259],[141.448342,38.371284],[141.448617,38.371259],[141.448967,38.371243],[141.449067,38.371309],[141.449566,38.371359],[141.449741,38.371318],[141.449941,38.371201],[141.450316,38.371159],[141.450616,38.371209],[141.450766,38.371259],[141.450891,38.371393],[141.450991,38.371618],[141.451141,38.371734],[141.451391,38.371826],[141.451941,38.371693],[141.452341,38.371451],[141.452691,38.371493],[141.452866,38.371559],[141.453041,38.371584],[141.453466,38.371568],[141.453991,38.371568],[141.454591,38.372051],[141.454716,38.372234],[141.455916,38.372468],[141.456066,38.372351],[141.456266,38.372151],[141.456491,38.372109],[141.457491,38.372318],[141.458791,38.372684],[141.45884,38.372759],[141.45884,38.372959],[141.458665,38.373118],[141.45864,38.373226],[141.45869,38.373859],[141.458803,38.373992],[141.459103,38.374159],[141.459103,38.374317],[141.459053,38.374334],[141.458928,38.374334],[141.458528,38.374059],[141.458328,38.374059],[141.457978,38.373809],[141.457766,38.373676],[141.457678,38.373676],[141.457253,38.373984],[141.456853,38.374184],[141.456403,38.374251],[141.456378,38.374276],[141.456578,38.374501],[141.456628,38.374659],[141.456803,38.374751],[141.456966,38.374934],[141.456766,38.375242],[141.456466,38.3756],[141.455941,38.3758],[141.455666,38.375825],[141.455391,38.37575],[141.455416,38.375575],[141.455341,38.375284],[141.455266,38.375167],[141.455041,38.374942],[141.454666,38.374801],[141.454416,38.374776],[141.454116,38.374801],[141.453941,38.374909],[141.453891,38.375026],[141.453591,38.375225],[141.453453,38.37545],[141.453453,38.375517],[141.453753,38.375784],[141.453878,38.375942],[141.453853,38.376259],[141.453753,38.376375],[141.453578,38.376417],[141.453303,38.376442],[141.453228,38.3763],[141.453103,38.37585],[141.453003,38.375667],[141.452503,38.375309],[141.452353,38.375234],[141.452104,38.375234],[141.451804,38.375392],[141.451454,38.375842],[141.451066,38.376175],[141.450966,38.376217],[141.450554,38.375942],[141.450454,38.375784],[141.450054,38.375875],[141.449929,38.37585],[141.449804,38.375759],[141.446816,38.376367],[141.445354,38.376134],[141.444917,38.375767],[141.444667,38.375725],[141.444617,38.375859],[141.444354,38.375967],[141.443929,38.376058],[141.443279,38.375642],[141.442929,38.3756],[141.442329,38.375592],[141.442154,38.37555],[141.441755,38.375459],[141.441555,38.375409],[141.44088,38.375542],[141.44023,38.375492],[141.44018,38.375192],[141.44008,38.375034],[141.43998,38.374967],[141.43933,38.374892],[141.43893,38.374559],[141.438442,38.373917],[141.438218,38.373492],[141.438243,38.373242],[141.437993,38.372925],[141.437868,38.372875],[141.437793,38.372875],[141.437705,38.372542],[141.437655,38.372175],[141.437555,38.372084],[141.43733,38.371992],[141.437155,38.371967],[141.436905,38.372017],[141.436655,38.372217],[141.436355,38.372234],[141.43608,38.372167],[141.43588,38.372234],[141.435855,38.372167],[141.43583,38.372209],[141.43573,38.372234],[141.435693,38.372525],[141.435743,38.372617],[141.435868,38.372709],[141.435968,38.372775],[141.435793,38.372842],[141.435643,38.372934],[141.435693,38.373317],[141.435668,38.373542],[141.43553,38.37365],[141.43508,38.373875],[141.434705,38.373917],[141.434655,38.373867],[141.434105,38.373367],[141.43388,38.373325],[141.43373,38.373342],[141.433581,38.3733],[141.433481,38.373209],[141.433081,38.373342],[141.432931,38.373359],[141.432581,38.373267],[141.432306,38.373467],[141.432031,38.373584],[141.431981,38.373559],[141.431881,38.3736],[141.431956,38.373784],[141.432518,38.374375],[141.432993,38.374625],[141.433318,38.374992],[141.433668,38.375308],[141.433993,38.375425],[141.434093,38.375533],[141.434068,38.375667],[141.433993,38.375692],[141.433518,38.375625],[141.433468,38.375692],[141.433468,38.3758],[141.43368,38.376142],[141.434005,38.376367],[141.434755,38.3766],[141.435005,38.37665],[141.435455,38.376675],[141.436355,38.376633],[141.43653,38.3767],[141.436655,38.376817],[141.43668,38.376908],[141.436655,38.377067],[141.43668,38.377267],[141.43673,38.377833],[141.43683,38.378058],[141.436967,38.378241],[141.437142,38.378375],[141.437517,38.378516],[141.437667,38.378541],[141.438042,38.378425],[141.438092,38.378475],[141.438117,38.37845],[141.438217,38.378816],[141.438567,38.379175],[141.438767,38.379766],[141.43883,38.380216],[141.438705,38.380758],[141.438317,38.381291],[141.437617,38.381858],[141.437217,38.382258],[141.43678,38.382366],[141.436655,38.382366],[141.43628,38.382141],[141.436055,38.382066],[141.43558,38.382016],[141.435205,38.381858],[141.434967,38.381658],[141.434767,38.381358],[141.434618,38.381266],[141.434518,38.381291],[141.434468,38.381358],[141.43448,38.381608],[141.43463,38.382058],[141.434655,38.382374],[141.43458,38.382599],[141.433718,38.382957],[141.433043,38.383041],[141.433018,38.383016],[141.432718,38.382499],[141.432305,38.381883],[141.431755,38.381224],[141.430943,38.380524],[141.430718,38.380449],[141.430343,38.380491],[141.430134,38.380532],[141.429931,38.380583],[141.429631,38.380666],[141.429456,38.380691],[141.429156,38.380624],[141.428381,38.380341],[141.428206,38.380341],[141.427556,38.380449],[141.427356,38.380633],[141.427306,38.380883],[141.427618,38.381241],[141.427868,38.381307],[141.428168,38.381449],[141.428518,38.381566],[141.428693,38.381724],[141.428618,38.381974],[141.428468,38.381966],[141.428168,38.382032],[141.427587,38.382416],[141.426906,38.382474],[141.426638,38.382471],[141.426188,38.38249],[141.425656,38.382516],[141.425531,38.382624],[141.425231,38.382916],[141.425031,38.383007],[141.424531,38.382866],[141.424056,38.382957],[141.423719,38.383174],[141.423619,38.383424],[141.423694,38.383515],[141.423794,38.383557],[141.424119,38.383607],[141.424294,38.383749],[141.424269,38.383882],[141.424169,38.383965],[141.423969,38.384015],[141.423819,38.38419],[141.423719,38.38424],[141.422931,38.384324],[141.422656,38.38439],[141.422656,38.384474],[141.422731,38.384724],[141.422981,38.38484],[141.423106,38.384957],[141.423006,38.385274],[141.423044,38.385582],[141.423294,38.38629],[141.423469,38.386423],[141.423669,38.386382],[141.423769,38.386515],[141.423769,38.386715],[141.423844,38.386923],[141.423956,38.387215],[141.424106,38.387357],[141.424306,38.387398],[141.424406,38.38774],[141.424581,38.387832],[141.424781,38.388348],[141.424956,38.388556],[141.425231,38.388648],[141.425768,38.389323],[141.426218,38.389623],[141.426743,38.389806],[141.426993,38.389806],[141.427568,38.389631],[141.427993,38.389706],[141.428293,38.389798],[141.428568,38.390156],[141.428793,38.390273],[141.428893,38.390431],[141.428843,38.39059],[141.428893,38.390773],[141.428893,38.390931],[141.428955,38.391156],[141.429055,38.391315],[141.42948,38.391631],[141.43013,38.391948],[141.430555,38.392048],[141.430855,38.392156],[141.430905,38.392381],[141.431005,38.392548],[141.43108,38.392839],[141.431192,38.393106],[141.431342,38.393223],[141.431392,38.393339],[141.431392,38.393514],[141.431317,38.393631],[141.431367,38.393856],[141.431592,38.394173],[141.432067,38.394356],[141.432167,38.394448],[141.432167,38.394581],[141.432305,38.394831],[141.43238,38.394881],[141.432455,38.394881],[141.43258,38.394764],[141.432742,38.394764],[141.433105,38.395197],[141.433242,38.396297],[141.43303,38.396589],[141.432842,38.396831],[141.432667,38.39723],[141.432705,38.39733],[141.433167,38.397614],[141.43203,38.398597],[141.431242,38.39913],[141.430942,38.399263],[141.430642,38.399355],[141.43014,38.399402],[141.429892,38.399147],[141.429767,38.399005],[141.429043,38.39873],[141.428793,38.398572],[141.428193,38.39798],[141.428018,38.397955],[141.427893,38.397822],[141.427968,38.397755],[141.427968,38.397689],[141.427868,38.397597],[141.427655,38.397189],[141.427305,38.397072],[141.42698,38.396939],[141.426555,38.396547],[141.425805,38.396205],[141.425356,38.396047],[141.424656,38.396039],[141.424456,38.395905],[141.424131,38.395905],[141.423981,38.39543],[141.423581,38.395172],[141.423443,38.394839],[141.423293,38.394814],[141.423256,38.395064],[141.423206,38.395106],[141.422706,38.395347],[141.422606,38.395555],[141.422481,38.395639],[141.422381,38.39578],[141.422131,38.395822],[141.421956,38.395755],[141.421581,38.395572],[141.421431,38.395614],[141.421119,38.396014],[141.420994,38.39633],[141.420894,38.396355],[141.420744,38.39628],[141.420619,38.396305],[141.420544,38.396264],[141.420419,38.396122],[141.420269,38.396097],[141.420244,38.396147],[141.420294,38.396347],[141.420119,38.396689],[141.420069,38.39673],[141.419431,38.39693],[141.419081,38.39688],[141.419006,38.396772],[141.418819,38.396339],[141.418844,38.396272],[141.418644,38.395839],[141.418319,38.395589],[141.418144,38.395389],[141.417744,38.395089],[141.417569,38.394889],[141.417132,38.39373],[141.416932,38.393439],[141.416769,38.393097],[141.416619,38.392964],[141.416544,38.392964],[141.416244,38.392847],[141.416144,38.392714],[141.416094,38.392572],[141.415869,38.392097],[141.415819,38.391897],[141.415719,38.391764],[141.415594,38.391672],[141.415257,38.391531],[141.415019,38.391531],[141.414769,38.391639],[141.414569,38.391797],[141.414345,38.392181],[141.414345,38.392272],[141.414245,38.392472],[141.414032,38.392631],[141.413882,38.392939],[141.413657,38.393189],[141.413607,38.393347],[141.413782,38.39378],[141.413932,38.393872],[141.414019,38.394005],[141.414094,38.394547],[141.414069,38.395022],[141.413832,38.39533],[141.413732,38.395647],[141.413482,38.395963],[141.413332,38.395872],[141.413232,38.395713],[141.413107,38.395555],[141.413032,38.395555],[141.412982,38.395597],[141.412707,38.395597],[141.412432,38.39548],[141.412107,38.395522],[141.411982,38.39543],[141.411807,38.395163],[141.411632,38.395163],[141.411582,38.395272],[141.411482,38.395363],[141.411357,38.395338],[141.411032,38.394955],[141.410882,38.394905],[141.410832,38.39493],[141.410832,38.395063],[141.410882,38.395288],[141.411182,38.395497],[141.411282,38.395538],[141.411132,38.395763],[141.41107,38.395972],[141.41097,38.396105],[141.410985,38.396254],[141.411095,38.396488],[141.411695,38.397055],[141.41207,38.397238],[141.412095,38.397421],[141.412007,38.39753],[141.411932,38.397596],[141.411732,38.397646],[141.411332,38.397546],[141.411157,38.397638],[141.410982,38.397796],[141.410782,38.398088],[141.410682,38.398288],[141.410695,38.398671],[141.410623,38.398933],[141.41052,38.398946],[141.410345,38.399004],[141.41022,38.399121],[141.41022,38.399371],[141.410595,38.399488],[141.41052,38.399713],[141.410382,38.399863],[141.409932,38.399996],[141.409882,38.400154],[141.410045,38.401196],[141.410152,38.401667],[141.41027,38.402054],[141.410473,38.40245],[141.410615,38.402795],[141.410332,38.403179],[141.409932,38.403471],[141.409295,38.403762],[141.40892,38.40387],[141.40872,38.403895],[141.40852,38.40387],[141.408295,38.403795],[141.40777,38.403529],[141.40767,38.403387],[141.40762,38.403137],[141.407283,38.402729],[141.407183,38.402554],[141.406908,38.402254],[141.406633,38.402096],[141.405758,38.401862],[141.405383,38.401929],[141.405133,38.401796],[141.405058,38.401704],[141.405158,38.401387],[141.405108,38.401254],[141.404908,38.401046],[141.404446,38.400679],[141.404171,38.400321],[141.404046,38.400229],[141.403871,38.400229],[141.403671,38.400296],[141.403183,38.400496],[141.402883,38.400471],[141.402721,38.400329],[141.402521,38.400262],[141.402383,38.400354],[141.401821,38.399412],[141.402058,38.399396],[141.402358,38.399246],[141.402333,38.398946],[141.402283,38.398513],[141.402208,38.398113],[141.402158,38.397854],[141.402121,38.397563],[141.402396,38.396721],[141.402271,38.396446],[141.401558,38.395788],[141.401333,38.39563],[141.400959,38.395605],[141.400709,38.395646],[141.400146,38.395938],[141.399971,38.395954],[141.399659,38.395305],[141.399034,38.39503],[141.398934,38.394938],[141.399059,38.39458],[141.399159,38.394263],[141.398821,38.393713],[141.398446,38.39358],[141.398296,38.393371],[141.397971,38.392988],[141.397696,38.39263],[141.397696,38.392488],[141.397784,38.392422],[141.398084,38.392313],[141.398159,38.392222],[141.398159,38.392088],[141.397984,38.392038],[141.397809,38.39193],[141.397484,38.391363],[141.397334,38.391222],[141.396984,38.391197],[141.396859,38.391155],[141.396634,38.391263],[141.395984,38.391347],[141.395734,38.391372],[141.395534,38.39148],[141.395309,38.39148],[141.395284,38.391147],[141.395209,38.39103],[141.394834,38.390713],[141.394684,38.390463],[141.394334,38.390547],[141.394034,38.390522],[141.393784,38.390413],[141.393684,38.390322],[141.393584,38.390297],[141.393434,38.390472],[141.393359,38.390405],[141.393384,38.39018],[141.39311,38.38998],[141.392735,38.390022],[141.392602,38.390049],[141.392435,38.390088],[141.39221,38.390155],[141.39211,38.390013],[141.392035,38.389855],[141.391747,38.389472],[141.391672,38.389263],[141.391647,38.389063],[141.391572,38.388972],[141.391422,38.388905],[141.391322,38.388705],[141.391347,38.388322],[141.391285,38.388072],[141.391135,38.387797],[141.390985,38.387614],[141.39086,38.387589],[141.39026,38.386889],[141.390235,38.386705],[141.390372,38.386439],[141.390397,38.386305],[141.390272,38.385831],[141.390147,38.385739],[141.390022,38.385806],[141.389847,38.385964],[141.389648,38.38598],[141.389298,38.385847],[141.389048,38.385864],[141.388948,38.385772],[141.388748,38.385706],[141.387923,38.385364],[141.387898,38.384906],[141.38771,38.384589],[141.387435,38.384431],[141.38711,38.384339],[141.386235,38.384222],[141.385923,38.384306],[141.385598,38.384647],[141.385373,38.384664],[141.385148,38.384597],[141.385073,38.384481],[141.384973,38.384372],[141.384823,38.384297],[141.384698,38.384189],[141.384423,38.384139],[141.384073,38.384497],[141.383948,38.384564],[141.383698,38.384589],[141.383373,38.384497],[141.382973,38.384447],[141.382648,38.384131],[141.382173,38.383989],[141.381673,38.383914],[141.381523,38.383914],[141.381323,38.383847],[141.381123,38.383714],[141.381024,38.383622],[141.380749,38.383464],[141.380574,38.383456],[141.380499,38.383614],[141.380774,38.384005],[141.380836,38.384364],[141.380986,38.384522],[141.381286,38.384589],[141.381511,38.384772],[141.381811,38.385205],[141.381936,38.385322],[141.381273,38.385705],[141.380948,38.385389],[141.380676,38.385174],[141.380386,38.38503],[141.379874,38.384814],[141.379436,38.384814],[141.378886,38.384614],[141.378436,38.384597],[141.377986,38.384614],[141.377486,38.384405],[141.376936,38.384355],[141.376811,38.384314],[141.376675,38.384253],[141.376411,38.384197],[141.375912,38.38388],[141.375687,38.383805],[141.375437,38.38378],[141.374662,38.38373],[141.373787,38.383414],[141.373437,38.383389],[141.373212,38.383297],[141.372887,38.383314],[141.372662,38.383272],[141.372562,38.383264],[141.372562,38.383355],[141.372737,38.383539],[141.372849,38.383789],[141.372824,38.383855],[141.372374,38.38403],[141.372099,38.38423],[141.371924,38.384455],[141.371849,38.384505],[141.37151,38.384527],[141.371087,38.384472],[141.37065,38.384422],[141.369912,38.384472],[141.369437,38.384647],[141.368837,38.384988],[141.368612,38.385147],[141.368337,38.385213],[141.367737,38.385305],[141.367412,38.385413],[141.366975,38.385846],[141.366637,38.386046],[141.366062,38.386571],[141.365875,38.386838],[141.365712,38.387155],[141.365575,38.387196],[141.36535,38.387196],[141.365262,38.387313],[141.365237,38.387446],[141.365262,38.387629],[141.364775,38.388054],[141.364525,38.388438],[141.364137,38.388463],[141.363975,38.388571],[141.363725,38.388846],[141.3637,38.389096],[141.363925,38.389546],[141.364037,38.389654],[141.3642,38.389704],[141.364662,38.389696],[141.365075,38.389629],[141.365825,38.389563],[141.366262,38.389588],[141.366562,38.390304],[141.366487,38.390487],[141.36645,38.390737],[141.366675,38.391187],[141.366975,38.391571],[141.367087,38.391796],[141.367337,38.392154],[141.367362,38.392379],[141.367562,38.392554],[141.367837,38.392671],[141.367999,38.392896],[141.368362,38.393612],[141.368324,38.393929],[141.367949,38.394654],[141.367949,38.394987],[141.368274,38.395803],[141.368637,38.395962],[141.368662,38.39607],[141.368799,38.396362],[141.368862,38.396653],[141.368887,38.397128],[141.369137,38.397537],[141.369412,38.397828],[141.369662,38.39857],[141.369874,38.398978],[141.370012,38.399745],[141.370424,38.40082],[141.370374,38.401028],[141.370124,38.401228],[141.369337,38.401769],[141.369162,38.401744],[141.368999,38.401611],[141.368812,38.401544],[141.368262,38.401569],[141.367849,38.401519],[141.367737,38.401678],[141.367849,38.401953],[141.367824,38.402203],[141.367662,38.402586],[141.367824,38.403169],[141.368037,38.403327],[141.368449,38.403619],[141.368511,38.403794],[141.368424,38.404136],[141.368324,38.404044],[141.368287,38.403886],[141.368124,38.403752],[141.368099,38.403777],[141.368099,38.404861],[141.368299,38.406094],[141.368486,38.406094],[141.368874,38.406385],[141.368986,38.406519],[141.368761,38.407019],[141.368849,38.407785],[141.368686,38.407985],[141.367424,38.408893],[141.367111,38.409252],[141.364424,38.409993],[141.363812,38.410194],[141.363737,38.411776],[141.363299,38.411959],[141.362174,38.412368],[141.361012,38.412684],[141.360437,38.412884],[141.358912,38.413451],[141.358562,38.413592],[141.3581,38.413759],[141.357525,38.413951],[141.356912,38.414109],[141.356425,38.414259],[141.35535,38.414325],[141.354437,38.414325],[141.35385,38.414292],[141.353013,38.41425],[141.352425,38.414217],[141.351838,38.414209],[141.350775,38.414275],[141.349738,38.414325],[141.3485,38.414309],[141.347476,38.414275],[141.346751,38.4142],[141.345926,38.414017],[141.345376,38.413884],[141.344551,38.413725],[141.344126,38.413583],[141.343551,38.4134],[141.343476,38.413417],[141.342689,38.413208],[141.342014,38.412925],[141.341426,38.412609],[141.341101,38.412559],[141.341051,38.412867],[141.327165,38.412108],[141.32739,38.409675],[141.329278,38.409559],[141.335639,38.409842],[141.335664,38.409484],[141.329203,38.409242],[141.327303,38.409425],[141.32524,38.409267],[141.32494,38.4116],[141.324815,38.41205],[141.318166,38.411724],[141.318166,38.411533],[141.316929,38.411541],[141.316891,38.411733],[141.315641,38.411799],[141.315305,38.411796],[141.314754,38.411755],[141.314579,38.412208],[141.313916,38.413791],[141.310479,38.413207],[141.310142,38.413657],[141.309729,38.413749],[141.309517,38.413907],[141.308992,38.414449],[141.308742,38.414582],[141.308467,38.414624],[141.307567,38.414674],[141.305805,38.414649],[141.30493,38.414607],[141.30438,38.414607],[141.303605,38.414657],[141.303055,38.414657],[141.301842,38.414474],[141.300355,38.41439],[141.297455,38.414215],[141.297193,38.414132],[141.297068,38.414107],[141.296405,38.414015],[141.296018,38.413957],[141.295543,38.41394],[141.295181,38.413915],[141.294331,38.413857],[141.293681,38.413782],[141.292893,38.41369],[141.292793,38.413698],[141.292256,38.413715],[141.291981,38.413757],[141.291656,38.413765],[141.291331,38.413773],[141.290843,38.413765],[141.290693,38.41379],[141.289743,38.413682],[141.289306,38.413623],[141.288881,38.413548],[141.288419,38.413515],[141.287606,38.413457],[141.286919,38.413365],[141.286294,38.413248],[141.285669,38.413115],[141.285106,38.412965],[141.284531,38.412932],[141.283969,38.412857],[141.283281,38.412765],[141.282931,38.412682],[141.281994,38.41254],[141.281019,38.412407],[141.280557,38.41234],[141.279994,38.412232],[141.279269,38.412032],[141.278382,38.411823],[141.277532,38.41159],[141.276682,38.411357],[141.276132,38.411207],[141.275432,38.411015],[141.274745,38.410807],[141.274082,38.410615],[141.273582,38.410607],[141.273157,38.411465],[141.274295,38.411865],[141.274645,38.412023],[141.274707,38.412023],[141.275195,38.412223],[141.274894,38.414348],[141.278007,38.415539],[141.285781,38.416181],[141.285369,38.419356],[141.277532,38.418739],[141.277532,38.418622],[141.275094,38.418447],[141.275307,38.416847],[141.274844,38.416531],[141.273844,38.416464],[141.273269,38.419622],[141.273244,38.41963],[141.273132,38.420239],[141.266345,38.41963],[141.267082,38.414981],[141.266145,38.414897],[141.266558,38.412639],[141.26687,38.412323],[141.267383,38.411381],[141.267633,38.411131],[141.268183,38.41079],[141.268545,38.410498],[141.268545,38.41034],[141.268658,38.409981],[141.268183,38.409931],[141.267445,38.409781],[141.266995,38.409665],[141.266445,38.409415],[141.266208,38.40924],[141.26612,38.409215],[141.265983,38.409082],[141.266583,38.407865],[141.266095,38.407773],[141.26507,38.407957],[141.264446,38.408023],[141.263383,38.408273],[141.263096,38.408257],[141.262983,38.408273],[141.262221,38.408332],[141.261771,38.408398],[141.260958,38.40844],[141.260871,38.408448],[141.260233,38.408215],[141.259846,38.408065],[141.259196,38.407998],[141.258858,38.40799],[141.258134,38.40809],[141.257759,38.408156],[141.248459,38.405598],[141.248247,38.405557],[141.246535,38.404944],[141.245497,38.404765],[141.24536,38.40474],[141.244035,38.404365],[141.243685,38.404307],[141.242798,38.404015],[141.239923,38.403323],[141.238136,38.40279],[141.237586,38.40264],[141.237036,38.402532],[141.236698,38.402399],[141.236373,38.402224],[141.236061,38.402157],[141.235373,38.40194],[141.234423,38.401632],[141.232386,38.40124],[141.231224,38.400824],[141.230849,38.400649],[141.230361,38.400465],[141.229499,38.400049],[141.229124,38.399915],[141.228637,38.39969],[141.228024,38.399474],[141.227399,38.399299],[141.226874,38.39919],[141.225674,38.398749],[141.225237,38.398707],[141.224437,38.398332],[141.224,38.398291],[141.223712,38.398182],[141.223425,38.398024],[141.220912,38.397124],[141.2185,38.396332],[141.217688,38.395974],[141.215988,38.395316],[141.215613,38.395132],[141.214901,38.394916],[141.213026,38.394191],[141.209914,38.392883],[141.208277,38.392308],[141.207552,38.391999],[141.207239,38.391799],[141.207114,38.391783],[141.206077,38.391383],[141.204552,38.390674],[141.203715,38.39025],[141.20159,38.389416],[141.201265,38.389325],[141.198503,38.387975],[141.197516,38.387533],[141.194316,38.385958],[141.193041,38.385175],[141.192616,38.384975],[141.191979,38.384783],[141.191292,38.384475],[141.190367,38.383958],[141.18688,38.382275],[141.18483,38.381192],[141.183668,38.380725],[141.18263,38.380009],[141.180731,38.378876],[141.179856,38.378476],[141.177843,38.377367],[141.176456,38.376501],[141.176044,38.376351],[141.174257,38.375368],[141.174119,38.375259],[141.173919,38.375151],[141.173844,38.374451],[141.173844,38.374243],[141.173732,38.374251],[141.173619,38.37441],[141.173419,38.37441],[141.172732,38.374501],[141.172619,38.374435],[141.172157,38.374468],[141.17062,38.37346],[141.169795,38.373135],[141.16872,38.37251],[141.16867,38.372535],[141.167045,38.371418],[141.166695,38.371193],[141.165308,38.370152],[141.164795,38.369819],[141.163596,38.368694],[141.162783,38.367986],[141.161946,38.366927],[141.160346,38.365119],[141.159959,38.364444],[141.159634,38.363745],[141.159159,38.362553],[141.158734,38.361295],[141.158347,38.359945],[141.158222,38.358954],[141.158172,38.357312],[141.158184,38.356612],[141.158297,38.356087],[141.158484,38.355612],[141.158797,38.355046],[141.158872,38.354887],[141.159009,38.354413],[141.159147,38.354121],[141.159216,38.354015],[141.159322,38.353896],[141.158847,38.353104],[141.158575,38.353051],[141.158384,38.352996],[141.158272,38.352888],[141.158297,38.352463],[141.158234,38.352004],[141.158109,38.351696],[141.157622,38.351221],[141.157135,38.351071],[141.156122,38.350513],[141.15566,38.350246],[141.155547,38.350255],[141.155485,38.350296],[141.155372,38.350321],[141.15456,38.349471],[141.154385,38.349313],[141.154297,38.349063],[141.154485,38.347872],[141.155022,38.34793],[141.155222,38.347822],[141.155397,38.347838],[141.155572,38.34793],[141.155597,38.347997],[141.155485,38.348538],[141.155585,38.348855],[141.155985,38.34903],[141.156447,38.34948],[141.15656,38.349546],[141.15676,38.349496],[141.156847,38.34938],[141.15681,38.349138],[141.156872,38.348838],[141.157322,38.348472],[141.15751,38.348047],[141.157597,38.347955],[141.157822,38.347572],[141.157785,38.347205],[141.15781,38.347047],[141.157697,38.34678],[141.157697,38.346672],[141.157922,38.346464],[141.158197,38.346097],[141.158197,38.345855],[141.15791,38.34538],[141.157897,38.345264],[141.15821,38.34488],[141.158297,38.344722],[141.158235,38.344314],[141.158147,38.344205],[141.157973,38.343797],[141.157798,38.343664],[141.15756,38.343597],[141.157423,38.343514],[141.157385,38.343447],[141.15741,38.343264],[141.158098,38.342964],[141.158298,38.342989],[141.158735,38.343589],[141.158935,38.343631],[141.159397,38.343514],[141.159672,38.343381],[141.15976,38.343289],[141.159897,38.342947],[141.160035,38.342381],[141.160235,38.342289],[141.16046,38.342131],[141.160623,38.341814],[141.160735,38.341789],[141.160798,38.341747],[141.16096,38.341406],[141.161223,38.341131],[141.161273,38.341106],[141.16151,38.341131],[141.161873,38.341056],[141.162235,38.340489],[141.16246,38.340398],[141.162723,38.340439],[141.162826,38.340425],[141.16306,38.340281],[141.16341,38.340456],[141.162785,38.341097],[141.162422,38.341281],[141.162135,38.341506],[141.161797,38.341847],[141.161297,38.342597],[141.16091,38.343372],[141.160622,38.343706],[141.160397,38.343889],[141.160147,38.34423],[141.160185,38.344389],[141.160235,38.344414],[141.160435,38.344414],[141.160635,38.344364],[141.160835,38.344364],[141.161122,38.344497],[141.16116,38.344605],[141.161047,38.344989],[141.160597,38.345264],[141.160197,38.34563],[141.16006,38.345905],[141.159972,38.346264],[141.159935,38.34703],[141.15996,38.34708],[141.160072,38.347097],[141.160335,38.347005],[141.16056,38.346847],[141.16076,38.347072],[141.160285,38.347997],[141.15976,38.348705],[141.159497,38.348705],[141.159385,38.348747],[141.159297,38.348997],[141.159397,38.349538],[141.159035,38.34993],[141.158897,38.35018],[141.158922,38.350313],[141.159097,38.350446],[141.159184,38.350963],[141.159247,38.350963],[141.159672,38.35073],[141.159784,38.350505],[141.159859,38.350163],[141.160172,38.34983],[141.160547,38.349663],[141.160647,38.34908],[141.160709,38.34908],[141.160909,38.348988],[141.161072,38.348755],[141.161184,38.348688],[141.161472,38.348638],[141.161547,38.348097],[141.161635,38.347963],[141.161834,38.348055],[141.161947,38.348047],[141.162184,38.348113],[141.162384,38.34843],[141.162134,38.348863],[141.162159,38.348955],[141.162134,38.34918],[141.161884,38.349288],[141.161597,38.349696],[141.161459,38.349971],[141.161272,38.350196],[141.161209,38.350446],[141.161297,38.35058],[141.161334,38.35128],[141.160909,38.35133],[141.160684,38.351446],[141.160484,38.351646],[141.160372,38.351988],[141.160459,38.352171],[141.160697,38.352238],[141.161872,38.352338],[141.163409,38.352321],[141.163584,38.352229],[141.163584,38.352071],[141.163322,38.351871],[141.162572,38.351696],[141.162459,38.351655],[141.162484,38.351496],[141.162797,38.351405],[141.163109,38.35138],[141.163434,38.351446],[141.163509,38.351288],[141.163359,38.350921],[141.163109,38.350796],[141.162969,38.350781],[141.162847,38.350771],[141.163097,38.35043],[141.163209,38.350363],[141.163472,38.350455],[141.163759,38.350496],[141.163847,38.350721],[141.164047,38.350855],[141.164159,38.350646],[141.164209,38.349696],[141.164259,38.349471],[141.164397,38.349405],[141.164547,38.34938],[141.164659,38.349421],[141.164722,38.349763],[141.164809,38.349946],[141.164997,38.350688],[141.165222,38.35073],[141.165397,38.350571],[141.165534,38.350255],[141.165584,38.34998],[141.165572,38.349505],[141.165859,38.349546],[141.165947,38.349771],[141.165847,38.35063],[141.165822,38.350696],[141.165859,38.351013],[141.165834,38.35108],[141.165459,38.351355],[141.165522,38.351513],[141.165459,38.351655],[141.165496,38.352054],[141.165621,38.352188],[141.165784,38.352188],[141.166071,38.351913],[141.166209,38.351871],[141.166384,38.351938],[141.166609,38.351913],[141.166784,38.351596],[141.166746,38.351255],[141.166521,38.35133],[141.166509,38.350763],[141.166697,38.349855],[141.166884,38.349338],[141.166997,38.349205],[141.167147,38.349263],[141.167209,38.349471],[141.167184,38.34988],[141.167247,38.350146],[141.167359,38.35033],[141.167559,38.35028],[141.167734,38.35003],[141.167784,38.349755],[141.167747,38.349463],[141.167797,38.34913],[141.167972,38.349038],[141.168209,38.349305],[141.168571,38.349255],[141.168746,38.349271],[141.168746,38.349505],[141.168559,38.349863],[141.168534,38.350046],[141.168584,38.350138],[141.168734,38.35018],[141.169071,38.349996],[141.169384,38.349363],[141.169434,38.349088],[141.169334,38.347897],[141.169184,38.34778],[141.169009,38.347738],[141.168784,38.347805],[141.168409,38.347997],[141.168422,38.348222],[141.168534,38.348355],[141.168422,38.348447],[141.167972,38.348605],[141.167447,38.348655],[141.167134,38.348205],[141.166897,38.348138],[141.166334,38.348505],[141.166159,38.348422],[141.165984,38.347947],[141.165897,38.347947],[141.165584,38.348447],[141.165072,38.348272],[141.165072,38.34818],[141.165159,38.348047],[141.165147,38.347888],[141.164697,38.348047],[141.164522,38.347963],[141.164434,38.34778],[141.164397,38.347372],[141.163909,38.347022],[141.163934,38.346747],[141.164134,38.346655],[141.164422,38.346697],[141.164734,38.346805],[141.165022,38.347055],[141.165572,38.347022],[141.165884,38.347072],[141.166247,38.346905],[141.166734,38.346947],[141.167084,38.346897],[141.167197,38.346805],[141.167109,38.346655],[141.166622,38.346497],[141.166159,38.346455],[141.165622,38.346572],[141.165359,38.34628],[141.164672,38.34613],[141.164634,38.346064],[141.164747,38.345722],[141.164547,38.345639],[141.164235,38.345614],[141.164035,38.345505],[141.163997,38.345414],[141.16416,38.345055],[141.164822,38.344755],[141.165072,38.34473],[141.165285,38.344905],[141.165335,38.345089],[141.165347,38.345272],[141.165509,38.345422],[141.166034,38.34558],[141.166172,38.34558],[141.166322,38.34553],[141.166284,38.345214],[141.166309,38.345147],[141.166459,38.345147],[141.166834,38.345372],[141.167209,38.345497],[141.167259,38.345455],[141.167259,38.345097],[141.167109,38.344805],[141.166734,38.344689],[141.166472,38.344555],[141.166585,38.344289],[141.16641,38.344155],[141.16601,38.344155],[141.16581,38.344072],[141.16581,38.343822],[141.165972,38.343664],[141.166347,38.343681],[141.16666,38.343589],[141.166722,38.343522],[141.16671,38.343181],[141.166485,38.342981],[141.166335,38.342797],[141.166422,38.342689],[141.166872,38.342681],[141.166985,38.342389],[141.16716,38.342339],[141.167535,38.342364],[141.16776,38.342739],[141.167822,38.343214],[141.167972,38.343306],[141.167922,38.343689],[141.167947,38.343756],[141.168184,38.343756],[141.168272,38.344155],[141.168359,38.344314],[141.168622,38.344247],[141.168847,38.344264],[141.168959,38.34438],[141.169109,38.344805],[141.169259,38.344847],[141.169447,38.344647],[141.169509,38.344464],[141.169472,38.34428],[141.169072,38.343789],[141.169034,38.343431],[141.168922,38.343297],[141.168884,38.343072],[141.168935,38.342639],[141.169022,38.342531],[141.168985,38.342481],[141.168785,38.342397],[141.16856,38.342197],[141.168497,38.341831],[141.16846,38.341539],[141.168522,38.341497],[141.168597,38.341497],[141.168772,38.341422],[141.168622,38.341247],[141.168622,38.341181],[141.168997,38.340998],[141.169047,38.340948],[141.169047,38.340589],[141.168822,38.340481],[141.168335,38.340573],[141.168185,38.340548],[141.168122,38.340306],[141.168322,38.339914],[141.168322,38.339764],[141.16841,38.339673],[141.168635,38.339598],[141.168947,38.339573],[141.169147,38.339531],[141.169297,38.339664],[141.16941,38.339639],[141.169485,38.339414],[141.16946,38.339298],[141.168997,38.339239],[141.168535,38.339039],[141.168422,38.339056],[141.167947,38.339406],[141.167797,38.339406],[141.167622,38.339289],[141.16731,38.338798],[141.167235,38.338348],[141.167347,38.338098],[141.167547,38.337915],[141.167747,38.337965],[141.16801,38.33794],[141.16821,38.337848],[141.16851,38.337506],[141.16831,38.337165],[141.16831,38.337006],[141.16876,38.336556],[141.16881,38.336415],[141.16881,38.336306],[141.167922,38.33609],[141.167722,38.335956],[141.167548,38.335773],[141.16741,38.335548],[141.166435,38.33334],[141.166335,38.332898],[141.166373,38.332607],[141.166523,38.33229],[141.16726,38.331757],[141.167473,38.331407],[141.167785,38.331107],[141.16811,38.33084],[141.16846,38.330665],[141.168685,38.33044],[141.168585,38.330157],[141.16871,38.329957],[141.168973,38.32974],[141.169173,38.329374],[141.169423,38.329141],[141.170448,38.328666],[141.17061,38.328532],[141.17081,38.328491],[141.170873,38.328499],[141.171023,38.328374],[141.170985,38.328182],[141.17101,38.327991],[141.171223,38.327582],[141.171398,38.327107],[141.17161,38.326833],[141.171848,38.326658],[141.17196,38.326433],[141.171623,38.326199],[141.171635,38.326149],[141.172085,38.325949],[141.172123,38.325816],[141.171998,38.325274],[141.172098,38.325149],[141.172185,38.325141],[141.172473,38.325241],[141.17291,38.325533],[141.17316,38.325533],[141.173548,38.325224],[141.173785,38.325141],[141.173873,38.325141],[141.173948,38.325224],[141.174048,38.325533],[141.174248,38.325658],[141.174573,38.325724],[141.17516,38.325599],[141.175535,38.325591],[141.176072,38.325666],[141.17611,38.325691],[141.176072,38.325691],[141.176172,38.326008],[141.17631,38.325983],[141.176372,38.325724],[141.176547,38.325558],[141.17661,38.325291],[141.17681,38.325124],[141.177322,38.325091],[141.177447,38.325191],[141.177647,38.325224],[141.177672,38.325141],[141.177635,38.325058],[141.17751,38.324983],[141.177735,38.32465],[141.17796,38.324866],[141.178047,38.324766],[141.178047,38.324666],[141.17796,38.324541],[141.178085,38.32435],[141.178247,38.3243],[141.17841,38.324366],[141.17846,38.324633],[141.17851,38.324641],[141.178997,38.32455],[141.179322,38.324391],[141.179535,38.324425],[141.179722,38.324616],[141.17981,38.324616],[141.180097,38.324316],[141.18036,38.324166],[141.180522,38.324175],[141.180634,38.324133],[141.180535,38.324025],[141.18056,38.32395],[141.180922,38.3236],[141.181209,38.323741],[141.181297,38.323716],[141.181284,38.32365],[141.181097,38.323425],[141.181109,38.323291],[141.181297,38.323025],[141.182272,38.322375],[141.182647,38.321967],[141.182747,38.321575],[141.182697,38.321442],[141.182597,38.3214],[141.182509,38.321417],[141.182297,38.321525],[141.181997,38.321875],[141.181585,38.322292],[141.180935,38.322483],[141.180297,38.3228],[141.179572,38.322833],[141.17841,38.3233],[141.177935,38.323441],[141.177435,38.323483],[141.176972,38.323391],[141.176772,38.323208],[141.176747,38.322925],[141.176772,38.32285],[141.177197,38.3224],[141.177272,38.322033],[141.17746,38.321841],[141.177885,38.321833],[141.178222,38.321867],[141.178422,38.321808],[141.178635,38.3217],[141.179447,38.321092],[141.179622,38.3209],[141.179485,38.320842],[141.179247,38.320825],[141.17896,38.32095],[141.178722,38.3211],[141.178422,38.321208],[141.17796,38.321267],[141.177785,38.3212],[141.177735,38.321125],[141.17781,38.320983],[141.17816,38.320783],[141.178185,38.320633],[141.177972,38.320492],[141.177835,38.32025],[141.17761,38.320142],[141.177398,38.320083],[141.177485,38.319942],[141.177748,38.319725],[141.177698,38.319475],[141.17746,38.319275],[141.17716,38.319367],[141.177123,38.3195],[141.17716,38.31975],[141.177098,38.319908],[141.176885,38.320008],[141.176673,38.319975],[141.176423,38.319792],[141.176223,38.319767],[141.176173,38.319908],[141.17641,38.320675],[141.176598,38.320842],[141.176598,38.320983],[141.175923,38.321075],[141.175585,38.321033],[141.175435,38.320975],[141.174735,38.320533],[141.174623,38.320525],[141.174435,38.320642],[141.174423,38.320683],[141.174698,38.321033],[141.175323,38.321442],[141.175773,38.321633],[141.17591,38.3218],[141.17576,38.322],[141.17546,38.322175],[141.17536,38.322366],[141.175148,38.322441],[141.174998,38.322816],[141.17466,38.322975],[141.174498,38.322883],[141.174273,38.322833],[141.174035,38.323208],[141.173735,38.323166],[141.17361,38.3233],[141.173435,38.323408],[141.173323,38.323391],[141.173298,38.3232],[141.173335,38.32295],[141.17311,38.322675],[141.172873,38.322591],[141.172735,38.322716],[141.172635,38.323141],[141.172523,38.323366],[141.172223,38.323625],[141.171985,38.323691],[141.171698,38.323616],[141.171398,38.323375],[141.171261,38.323025],[141.171123,38.322975],[141.170961,38.323233],[141.170886,38.323458],[141.170985,38.323949],[141.170848,38.324008],[141.170423,38.323675],[141.170061,38.323591],[141.170023,38.3236],[141.169961,38.323708],[141.169898,38.323725],[141.169736,38.32365],[141.169348,38.323291],[141.169248,38.323275],[141.169136,38.323391],[141.168936,38.323916],[141.169098,38.324041],[141.169136,38.324158],[141.168898,38.324358],[141.168736,38.324541],[141.169061,38.324824],[141.169023,38.325066],[141.169023,38.325274],[141.169298,38.325566],[141.169186,38.325683],[141.168848,38.325908],[141.168523,38.325874],[141.167761,38.325983],[141.167173,38.325858],[141.167061,38.325816],[141.166848,38.325891],[141.166773,38.325983],[141.166723,38.326357],[141.166661,38.326991],[141.166323,38.327116],[141.166411,38.327449],[141.165886,38.327607],[141.165773,38.327407],[141.165636,38.327457],[141.165261,38.327566],[141.164911,38.327674],[141.164548,38.327791],[141.164136,38.327832],[141.163773,38.327791],[141.163536,38.327749],[141.163286,38.327607],[141.163386,38.327441],[141.163261,38.327357],[141.163061,38.327316],[141.162674,38.327299],[141.162424,38.327357],[141.162411,38.327607],[141.162261,38.327682],[141.161461,38.327574],[141.161299,38.327441],[141.161199,38.327391],[141.160924,38.327482],[141.160549,38.327424],[141.160211,38.327282],[141.159886,38.327066],[141.159249,38.326457],[141.159049,38.326166],[141.159024,38.325557],[141.159112,38.325299],[141.159437,38.325024],[141.159824,38.324833],[141.160149,38.324608],[141.160212,38.324491],[141.160049,38.324424],[141.159712,38.324424],[141.159149,38.324641],[141.158512,38.324708],[141.158249,38.324932],[141.158224,38.324999],[141.158137,38.324991],[141.157737,38.324666],[141.157662,38.324649],[141.156949,38.324791],[141.156537,38.324791],[141.156149,38.324666],[141.155762,38.324474],[141.1554,38.324124],[141.15525,38.323816],[141.155412,38.323658],[141.155925,38.323383],[141.15625,38.323083],[141.156587,38.322699],[141.156725,38.322349],[141.156675,38.322224],[141.1565,38.322116],[141.156162,38.322083],[141.155687,38.322124],[141.154925,38.322016],[141.154735,38.321937],[141.154537,38.321958],[141.15435,38.322208],[141.154012,38.322749],[141.153537,38.323166],[141.153325,38.323141],[141.153212,38.323208],[141.152837,38.323674],[141.152575,38.323874],[141.152237,38.324066],[141.151812,38.324232],[141.151537,38.324291],[141.151238,38.324232],[141.15115,38.324191],[141.150863,38.324507],[141.150788,38.324866],[141.150812,38.325282],[141.15095,38.325591],[141.151175,38.325849],[141.151037,38.326015],[141.150512,38.32629],[141.1501,38.326432],[141.149725,38.326465],[141.149338,38.326465],[141.1489,38.326682],[141.148525,38.327249],[141.148125,38.327457],[141.147613,38.327915],[141.147313,38.328298],[141.14705,38.328523],[141.146088,38.329223],[141.145475,38.32974],[141.145363,38.329882],[141.145463,38.330182],[141.145563,38.330265],[141.145887,38.330423],[141.14655,38.330615],[141.147487,38.330965],[141.148437,38.33144],[141.148425,38.331615],[141.148437,38.33194],[141.148574,38.332232],[141.148637,38.33229],[141.149237,38.332557],[141.149487,38.332806],[141.149699,38.333131],[141.149699,38.333198],[141.149487,38.33379],[141.149312,38.334015],[141.149024,38.334123],[141.148562,38.33419],[141.148062,38.334106],[141.147799,38.333915],[141.147687,38.333865],[141.147349,38.333823],[141.146912,38.333856],[141.146262,38.33379],[141.14605,38.33369],[141.145825,38.333415],[141.14565,38.333381],[141.145425,38.33344],[141.145312,38.333415],[141.145,38.333265],[141.144812,38.333065],[141.144762,38.332831],[141.144625,38.332573],[141.144512,38.332456],[141.144312,38.33249],[141.143875,38.332715],[141.142925,38.332873],[141.14265,38.333006],[141.142263,38.333356],[141.141988,38.333864],[141.14185,38.334031],[141.141675,38.334106],[141.141113,38.333931],[141.141113,38.333914],[141.14145,38.333256],[141.141913,38.332656],[141.1423,38.332448],[141.14265,38.332331],[141.143,38.332073],[141.14355,38.331765],[141.143625,38.331615],[141.143588,38.331531],[141.143325,38.331215],[141.14325,38.331173],[141.14305,38.33089],[141.142813,38.330765],[141.1426,38.330831],[141.142538,38.33089],[141.142363,38.331365],[141.14225,38.331465],[141.141875,38.33149],[141.141588,38.331431],[141.141663,38.331298],[141.141726,38.330965],[141.141463,38.330631],[141.141413,38.330515],[141.141626,38.33039],[141.141888,38.330348],[141.142163,38.33019],[141.142163,38.330056],[141.141988,38.329881],[141.141513,38.329731],[141.141188,38.329748],[141.140513,38.330248],[141.140038,38.330115],[141.140038,38.32969],[141.140026,38.329748],[141.139801,38.329781],[141.139051,38.330115],[141.138564,38.33039],[141.138426,38.330381],[141.137676,38.330065],[141.137764,38.329848],[141.137964,38.329781],[141.138439,38.329731],[141.138664,38.329573],[141.139014,38.32939],[141.139664,38.329131],[141.139914,38.328998],[141.140114,38.328815],[141.140538,38.328723],[141.140788,38.328531],[141.141288,38.327857],[141.141376,38.327807],[141.141788,38.328023],[141.141701,38.328623],[141.141876,38.32884],[141.142188,38.328848],[141.142376,38.328765],[141.142501,38.328815],[141.142676,38.32894],[141.142913,38.328873],[141.143101,38.328632],[141.143151,38.328507],[141.143351,38.328207],[141.143688,38.328048],[141.143813,38.327882],[141.143676,38.327723],[141.144001,38.327065],[141.144188,38.327023],[141.144938,38.327165],[141.145213,38.327115],[141.145275,38.327065],[141.14525,38.326774],[141.145213,38.326432],[141.145376,38.326157],[141.14555,38.326115],[141.145938,38.326232],[141.1463,38.326207],[141.146338,38.326015],[141.146238,38.325732],[141.14635,38.325407],[141.146663,38.324932],[141.146688,38.324699],[141.146551,38.324566],[141.146076,38.32454],[141.145688,38.324924],[141.145426,38.324965],[141.144826,38.324807],[141.144163,38.32439],[141.144076,38.324382],[141.143788,38.324415],[141.143438,38.324307],[141.143426,38.323799],[141.143301,38.323457],[141.143001,38.322916],[141.142901,38.322824],[141.142751,38.322757],[141.142526,38.322782],[141.142451,38.322815],[141.142351,38.322965],[141.142339,38.323049],[141.142389,38.323615],[141.142251,38.32409],[141.142039,38.324157],[141.141626,38.324224],[141.141226,38.324382],[141.140839,38.324507],[141.140739,38.324499],[141.140114,38.323999],[141.139864,38.323924],[141.139752,38.323524],[141.139539,38.323265],[141.139302,38.323165],[141.139127,38.322974],[141.139077,38.322665],[141.139127,38.322365],[141.139539,38.322157],[141.139564,38.321982],[141.139489,38.32179],[141.139377,38.32164],[141.139214,38.321549],[141.139002,38.321607],[141.138677,38.321824],[141.138414,38.321932],[141.138264,38.321924],[141.138152,38.321882],[141.137914,38.321549],[141.137752,38.321532],[141.137477,38.321624],[141.137364,38.32179],[141.137489,38.32199],[141.137764,38.322182],[141.138014,38.322424],[141.138539,38.323132],[141.138752,38.323299],[141.138964,38.323557],[141.139476,38.324498],[141.139451,38.324657],[141.139339,38.32489],[141.139189,38.325073],[141.138989,38.325215],[141.139014,38.325582],[141.139214,38.325723],[141.139614,38.32579],[141.139526,38.326115],[141.139526,38.326815],[141.139614,38.327215],[141.139551,38.32739],[141.139126,38.327915],[141.138626,38.328373],[141.138226,38.328648],[141.137851,38.328823],[141.137076,38.329065],[141.136714,38.329115],[141.136552,38.32894],[141.136439,38.32869],[141.136352,38.328623],[141.136227,38.328723],[141.136077,38.329156],[141.136089,38.329431],[141.135927,38.329806],[141.135764,38.330039],[141.135727,38.330189],[141.135851,38.330314],[141.136289,38.330389],[141.136326,38.330598],[141.136264,38.330956],[141.136064,38.331531],[141.135889,38.331689],[141.135326,38.332581],[141.135039,38.332939],[141.134464,38.333514],[141.133601,38.333447],[141.133351,38.333356],[141.133039,38.333372],[141.132701,38.333606],[141.132576,38.333839],[141.132664,38.334031],[141.132976,38.333997],[141.133239,38.333889],[141.133364,38.333956],[141.133576,38.334314],[141.133776,38.334497],[141.134126,38.334522],[141.134326,38.334489],[141.134414,38.334522],[141.134526,38.334664],[141.134601,38.334956],[141.134551,38.335339],[141.134313,38.335772],[141.133951,38.335714],[141.133251,38.335897],[141.133089,38.335847],[141.132876,38.335805],[141.132776,38.33593],[141.132864,38.336305],[141.132839,38.336722],[141.132539,38.337447],[141.132339,38.33758],[141.132164,38.337855],[141.131976,38.33808],[141.131601,38.338288],[141.131376,38.338472],[141.131401,38.338697],[141.131501,38.338922],[141.131726,38.339072],[141.132276,38.339363],[141.132338,38.339563],[141.132288,38.339997],[141.132313,38.340063],[141.132688,38.340397],[141.132688,38.340663],[141.132788,38.340938],[141.132838,38.341005],[141.133126,38.34098],[141.133238,38.340838],[141.133288,38.340522],[141.133288,38.340138],[141.133426,38.339897],[141.133451,38.339597],[141.133426,38.339488],[141.133588,38.33928],[141.134163,38.339255],[141.134513,38.339722],[141.134488,38.340247],[141.1347,38.340713],[141.134588,38.340947],[141.13425,38.341463],[141.134138,38.341755],[141.134088,38.342188],[141.134175,38.342547],[141.13435,38.342638],[141.1345,38.342588],[141.134863,38.341955],[141.13505,38.341747],[141.135088,38.34168],[141.1356,38.341697],[141.135688,38.34168],[141.1355,38.340847],[141.135525,38.340863],[141.13575,38.340663],[141.135988,38.34073],[141.1361,38.340655],[141.13615,38.340547],[141.13615,38.34023],[141.136088,38.339847],[141.136025,38.339739],[141.136075,38.339372],[141.136275,38.339189],[141.136738,38.339097],[141.136988,38.339114],[141.1373,38.33923],[141.137363,38.339272],[141.137425,38.339272],[141.13745,38.339339],[141.137175,38.33988],[141.137513,38.339905],[141.137463,38.340197],[141.137525,38.340422],[141.137637,38.340505],[141.137787,38.340489],[141.137925,38.34028],[141.138137,38.339714],[141.13865,38.339105],[141.138737,38.33908],[141.138987,38.339097],[141.139162,38.339214],[141.139337,38.339664],[141.139512,38.339905],[141.13975,38.339905],[141.140025,38.339722],[141.140337,38.339447],[141.141112,38.338922],[141.142662,38.339631],[141.142662,38.339672],[141.143149,38.340189],[141.143249,38.340389],[141.143249,38.340506],[141.143137,38.340706],[141.142787,38.340847],[141.142687,38.341139],[141.142199,38.341239],[141.141649,38.341197],[141.141487,38.341305],[141.141462,38.341514],[141.141574,38.341622],[141.141974,38.341689],[141.142287,38.341864],[141.142324,38.34193],[141.142236,38.342314],[141.142324,38.342455],[141.142499,38.342472],[141.142674,38.342447],[141.142786,38.342264],[141.142861,38.341997],[141.143011,38.341864],[141.143211,38.341839],[141.143499,38.341814],[141.143724,38.341631],[141.143999,38.341081],[141.144111,38.340989],[141.144786,38.340081],[141.144574,38.340006],[141.144874,38.339589],[141.145061,38.339656],[141.145399,38.339298],[141.145186,38.339197],[141.145174,38.339014],[141.145286,38.338889],[141.145511,38.338806],[141.145649,38.338664],[141.148049,38.338656],[141.148261,38.339264],[141.148236,38.339264],[141.148211,38.339673],[141.147899,38.339806],[141.147674,38.340014],[141.147736,38.340173],[141.148111,38.340348],[141.148573,38.340772],[141.148573,38.340864],[141.148398,38.340931],[141.148286,38.341022],[141.148286,38.341156],[141.148323,38.341272],[141.148061,38.341389],[141.148098,38.341522],[141.148611,38.341581],[141.148898,38.341514],[141.149098,38.341397],[141.149211,38.341372],[141.149323,38.341439],[141.149386,38.342164],[141.149448,38.342364],[141.149823,38.342656],[141.149686,38.342906],[141.149486,38.342906],[141.149173,38.342822],[141.148998,38.342981],[141.148486,38.342847],[141.148348,38.342914],[141.148286,38.343281],[141.148211,38.343372],[141.148061,38.343439],[141.147836,38.343414],[141.147773,38.343439],[141.147635,38.343756],[141.147448,38.343939],[141.147298,38.343964],[141.146723,38.343764],[141.146586,38.343922],[141.146585,38.344172],[141.14676,38.344239],[141.146648,38.344531],[141.146535,38.344581],[141.14631,38.344555],[141.146198,38.344605],[141.146173,38.344855],[141.145936,38.344972],[141.145798,38.345222],[141.145973,38.345305],[141.14611,38.345239],[141.146285,38.34548],[141.146323,38.345939],[141.146248,38.346272],[141.146185,38.346322],[141.146073,38.346347],[141.145811,38.346189],[141.145698,38.34623],[141.145586,38.346397],[141.145561,38.346547],[141.145511,38.346638],[141.145361,38.346755],[141.145073,38.346622],[141.144848,38.346672],[141.144623,38.346672],[141.144561,38.346763],[141.144736,38.34703],[141.144686,38.347188],[141.144373,38.347647],[141.144323,38.34778],[141.144411,38.34803],[141.144361,38.348163],[141.144123,38.348213],[141.143523,38.348146],[141.143323,38.348146],[141.143161,38.348263],[141.143073,38.348446],[141.142986,38.348538],[141.142673,38.34858],[141.142448,38.348721],[141.142448,38.348971],[141.142311,38.34913],[141.142486,38.349421],[141.142611,38.349738],[141.142523,38.349871],[141.141699,38.350104],[141.141549,38.350104],[141.141611,38.350446],[141.141586,38.350529],[141.141474,38.350513],[141.141386,38.350696],[141.141336,38.351013],[141.141224,38.351054],[141.141199,38.351254],[141.141224,38.351346],[141.141349,38.351396],[141.141236,38.351796],[141.141374,38.351912],[141.141661,38.351888],[141.141836,38.351996],[141.141923,38.352196],[141.141848,38.352429],[141.141286,38.353062],[141.141224,38.353196],[141.140774,38.353404],[141.140486,38.353721],[141.140349,38.353995],[141.140324,38.354329],[141.140586,38.35467],[141.140674,38.354962],[141.140849,38.355004],[141.141336,38.354979],[141.142761,38.354804],[141.142911,38.354737],[141.143161,38.354487],[141.143673,38.354262],[141.144048,38.354229],[141.144536,38.354337],[141.144998,38.355171],[141.145323,38.355487],[141.145873,38.356087],[141.146085,38.356579],[141.146198,38.356737],[141.14651,38.356829],[141.146773,38.356937],[141.146998,38.356912],[141.147485,38.356529],[141.147535,38.356437],[141.147598,38.356212],[141.147473,38.355987],[141.14756,38.355779],[141.14796,38.355729],[141.148073,38.355779],[141.148273,38.355954],[141.148423,38.355996],[141.148735,38.355837],[141.148823,38.355862],[141.149222,38.356062],[141.149397,38.356195],[141.149372,38.356437],[141.149285,38.356687],[141.149372,38.356895],[141.149835,38.357087],[141.149922,38.35707],[141.15001,38.356995],[141.150035,38.356887],[141.15021,38.35677],[141.150285,38.356745],[141.150372,38.356795],[141.15061,38.35672],[141.150572,38.356654],[141.150597,38.356229],[141.150772,38.356112],[141.150935,38.356112],[141.151172,38.356037],[141.151247,38.355862],[141.151222,38.355746],[141.152197,38.355762],[141.15231,38.355737],[141.152835,38.356346],[141.148747,38.35857],[141.148485,38.358612],[141.14771,38.35862],[141.146023,38.358887],[141.14531,38.359095],[141.14461,38.359503],[141.144435,38.359778],[141.144473,38.359937],[141.14461,38.359978],[141.144498,38.36027],[141.144585,38.360295],[141.144473,38.360361],[141.144135,38.360436],[141.144023,38.360411],[141.143785,38.360253],[141.143523,38.359828],[141.142236,38.359703],[141.141836,38.35962],[141.141261,38.359403],[141.138599,38.359761],[141.138524,38.359895],[141.138486,38.360036],[141.138405,38.360154],[141.138236,38.360211],[141.137524,38.36022],[141.137524,38.360111],[141.137086,38.360136],[141.137011,38.360319],[141.133312,38.360328],[141.133024,38.360194],[141.132824,38.360011],[141.132537,38.359886],[141.132249,38.360044],[141.132112,38.360453],[141.132149,38.361078],[141.132099,38.361236],[141.132137,38.361486],[141.132074,38.361577],[141.131362,38.361586],[141.131162,38.361702],[141.131024,38.361836],[141.131024,38.362061],[141.131224,38.362236],[141.131487,38.362369],[141.131662,38.362327],[141.131912,38.362094],[141.132074,38.361869],[141.132312,38.361802],[141.132562,38.361844],[141.132912,38.362002],[141.133462,38.362419],[141.134336,38.363494],[141.134399,38.363636],[141.134949,38.364436],[141.135599,38.365677],[141.136161,38.367227],[141.136399,38.367585],[141.136961,38.368935],[141.137436,38.370576],[141.137798,38.371401],[141.137886,38.371785],[141.137836,38.371968],[141.135223,38.373818],[141.133036,38.3772],[141.132636,38.377242],[141.132523,38.377292],[141.132586,38.377475],[141.132423,38.37765],[141.131736,38.377908],[141.130649,38.378233],[141.126836,38.379666],[141.126628,38.379772],[141.126474,38.379775],[141.126262,38.379733],[141.126037,38.379941],[141.125874,38.379991],[141.125324,38.380016],[141.125062,38.37995],[141.124774,38.379591],[141.124749,38.37955],[141.124262,38.379458],[141.124174,38.379283],[141.124199,38.378991],[141.124137,38.378716],[141.123987,38.378608],[141.123849,38.378808],[141.123874,38.3791],[141.123774,38.379466],[141.123862,38.379691],[141.123924,38.379758],[141.123924,38.379866],[141.123699,38.380033],[141.123349,38.380149],[141.122862,38.380241],[141.122662,38.380216],[141.122349,38.380133],[141.122287,38.379933],[141.122175,38.379775],[141.122,38.379775],[141.121825,38.379683],[141.121825,38.37955],[141.121762,38.379416],[141.121237,38.378825],[141.120962,38.378666],[141.120662,38.378625],[141.120462,38.378666],[141.120162,38.379],[141.1201,38.379341],[141.1202,38.379474],[141.12025,38.379724],[141.120275,38.379924],[141.119737,38.380599],[141.119662,38.380666],[141.119012,38.380891],[141.118037,38.381082],[141.117225,38.381257],[141.116975,38.381207],[141.11685,38.381141],[141.11675,38.381116],[141.116675,38.381274],[141.116425,38.381324],[141.11645,38.381074],[141.116425,38.381024],[141.116225,38.381007],[141.116238,38.380849],[141.116113,38.380691],[141.115863,38.380549],[141.115713,38.380549],[141.115488,38.380657],[141.115375,38.380882],[141.115075,38.381132],[141.114525,38.381466],[141.114475,38.381624],[141.114525,38.381757],[141.114713,38.381982],[141.113588,38.382765],[141.113288,38.382874],[141.112875,38.382965],[141.112725,38.382982],[141.112501,38.382824],[141.112263,38.382715],[141.111951,38.382665],[141.111676,38.382749],[141.111251,38.383157],[141.111201,38.383315],[141.111201,38.383582],[141.110963,38.383848],[141.110613,38.38394],[141.110388,38.383915],[141.110276,38.383599],[141.110101,38.383482],[141.109851,38.383465],[141.109563,38.383665],[141.109388,38.384023],[141.109313,38.38434],[141.109313,38.384582],[141.109388,38.38479],[141.109301,38.384898],[141.108576,38.385215],[141.107638,38.38584],[141.107238,38.385965],[141.106913,38.386173],[141.106538,38.386098],[141.106389,38.386056],[141.106239,38.38614],[141.106064,38.386073],[141.106089,38.38594],[141.105814,38.385798],[141.105689,38.385865],[141.105414,38.385756],[141.105489,38.385415],[141.105651,38.385006],[141.105901,38.384632],[141.106201,38.384448],[141.106476,38.38434],[141.106764,38.383823],[141.106939,38.383715],[141.107214,38.383665],[141.107414,38.38349],[141.107414,38.383398],[141.107114,38.382965],[141.107101,38.38274],[141.107201,38.382407],[141.107301,38.382249],[141.107351,38.381824],[141.107314,38.381257],[141.107389,38.380874],[141.107714,38.380107],[141.107951,38.379974],[141.108676,38.379799],[141.109076,38.379716],[141.109351,38.379849],[141.109651,38.379916],[141.109901,38.379782],[141.110464,38.379274],[141.110688,38.379207],[141.111088,38.379274],[141.111563,38.379299],[141.111788,38.379191],[141.111688,38.378991],[141.111513,38.378808],[141.111788,38.378333],[141.111851,38.377999],[141.111851,38.377458],[141.112551,38.3773],[141.112826,38.377799],[141.112826,38.378249],[141.113126,38.378366],[141.113876,38.377941],[141.114001,38.377675],[141.113788,38.376975],[141.114163,38.376775],[141.114588,38.376775],[141.114938,38.376758],[141.114988,38.376708],[141.115388,38.376783],[141.115613,38.376916],[141.115713,38.376891],[141.115888,38.376783],[141.115851,38.376533],[141.115876,38.376266],[141.116051,38.376108],[141.115951,38.375975],[141.115426,38.375742],[141.115451,38.375542],[141.115351,38.375475],[141.115101,38.3757],[141.115001,38.37565],[141.114626,38.375308],[141.114051,38.374967],[141.113851,38.374608],[141.113588,38.374492],[141.113076,38.374533],[141.112901,38.374775],[141.112751,38.375225],[141.112676,38.375291],[141.112226,38.375358],[141.112126,38.375408],[141.111964,38.375558],[141.111914,38.375716],[141.111714,38.376008],[141.111239,38.376008],[141.111114,38.376075],[141.111014,38.376325],[141.110814,38.376433],[141.110514,38.376433],[141.110276,38.376583],[141.110176,38.376608],[141.109601,38.376533],[141.108526,38.376283],[141.108052,38.3761],[141.107602,38.375866],[141.107239,38.375641],[141.106989,38.375366],[141.106914,38.375008],[141.106889,38.3746],[141.107002,38.374175],[141.107002,38.3737],[141.106927,38.372817],[141.107014,38.372708],[141.107314,38.372508],[141.107664,38.371925],[141.108102,38.371658],[141.108102,38.371384],[141.108152,38.371275],[141.108552,38.370934],[141.108677,38.370734],[141.108652,38.370484],[141.108564,38.370325],[141.108239,38.370284],[141.107527,38.370342],[141.107426,38.370285],[141.107377,38.370159],[141.107152,38.370092],[141.106977,38.370134],[141.106677,38.370292],[141.106527,38.37045],[141.106077,38.37015],[141.10649,38.369617],[141.106515,38.369392],[141.106365,38.369225],[141.10604,38.369159],[141.105615,38.369175],[141.10554,38.369134],[141.105552,38.368184],[141.105452,38.367984],[141.105102,38.367909],[141.10399,38.368492],[141.10374,38.36865],[141.10359,38.3688],[141.103615,38.368875],[141.10379,38.368967],[141.10384,38.369034],[141.104215,38.3691],[141.104377,38.36935],[141.104302,38.369575],[141.104602,38.369759],[141.104777,38.369784],[141.104877,38.369892],[141.104777,38.370367],[141.104627,38.370525],[141.104377,38.370542],[141.104027,38.370433],[141.103727,38.370183],[141.103353,38.370067],[141.103003,38.370042],[141.102703,38.370058],[141.102553,38.37015],[141.102428,38.370175],[141.102365,38.3704],[141.102365,38.370625],[141.102715,38.37085],[141.102665,38.371033],[141.10274,38.371233],[141.10284,38.3713],[141.10359,38.371258],[141.10379,38.3714],[141.10379,38.371758],[141.103465,38.371758],[141.10339,38.371708],[141.103152,38.371917],[141.103202,38.372],[141.103277,38.37225],[141.103602,38.372683],[141.103402,38.372841],[141.103077,38.372833],[141.102677,38.372408],[141.102402,38.372225],[141.102252,38.372266],[141.102102,38.372516],[141.10199,38.373058],[141.101917,38.37335],[141.10174,38.373508],[141.101515,38.373616],[141.101215,38.373883],[141.100977,38.374241],[141.100677,38.374583],[141.100228,38.374733],[141.100128,38.374733],[141.099851,38.374613],[141.099627,38.374628],[141.099503,38.374683],[141.099303,38.374708],[141.098928,38.374541],[141.098878,38.374366],[141.098928,38.374158],[141.099203,38.373849],[141.099315,38.373533],[141.09934,38.373258],[141.09924,38.373058],[141.09904,38.372966],[141.098765,38.372941],[141.09834,38.373274],[141.097753,38.374291],[141.09759,38.374716],[141.09739,38.374666],[141.097253,38.374399],[141.097103,38.374241],[141.097003,38.374166],[141.096828,38.374216],[141.09649,38.374549],[141.09639,38.374866],[141.096476,38.375261],[141.096381,38.375396],[141.096165,38.375516],[141.095828,38.375782],[141.095728,38.375966],[141.095878,38.376191],[141.096228,38.376174],[141.096803,38.376132],[141.097228,38.375974],[141.097915,38.375641],[141.09809,38.375691],[141.09819,38.375757],[141.098265,38.375957],[141.098415,38.376141],[141.098515,38.376166],[141.098765,38.376124],[141.09894,38.375941],[141.099015,38.375741],[141.09919,38.375582],[141.099415,38.375583],[141.09984,38.375907],[141.100052,38.376941],[141.100027,38.377007],[141.099277,38.377182],[141.099052,38.377382],[141.098927,38.377657],[141.09869,38.377791],[141.09869,38.378057],[141.098615,38.378282],[141.098265,38.378374],[141.098015,38.378324],[141.09754,38.377982],[141.097065,38.378074],[141.096715,38.378049],[141.096515,38.377932],[141.09644,38.377932],[141.095665,38.378149],[141.093878,38.378365],[141.093203,38.378474],[141.091728,38.378665],[141.091016,38.378773],[141.090416,38.378765],[141.089803,38.379782],[141.088916,38.380948],[141.088691,38.381098],[141.088116,38.381123],[141.087966,38.381281],[141.087791,38.38159],[141.087541,38.381656],[141.086966,38.381448],[141.085966,38.381265],[141.085766,38.381123],[141.085716,38.381056],[141.085516,38.381015],[141.084854,38.381231],[141.084529,38.381165],[141.084266,38.380956],[141.084141,38.380798],[141.083916,38.380756],[141.083529,38.38084],[141.083429,38.380815],[141.082592,38.380381],[141.081792,38.37934],[141.081754,38.378798],[141.081704,38.378598],[141.081354,38.378481],[141.079955,38.37829],[141.07928,38.378173],[141.07908,38.378081],[141.07883,38.378006],[141.078255,38.378031],[141.077892,38.378023],[141.077755,38.37789],[141.077505,38.377823],[141.076817,38.378198],[141.077092,38.378648],[141.077342,38.379015],[141.077342,38.379056],[141.076867,38.378923],[141.075993,38.378265],[141.075668,38.378123],[141.075393,38.378073],[141.075043,38.378073],[141.074874,38.378066],[141.074418,38.378156],[141.074393,38.37814],[141.071993,38.373857],[141.071656,38.372998],[141.070819,38.371865],[141.070594,38.371524],[141.070319,38.371232],[141.070019,38.370774],[141.068981,38.37009],[141.068531,38.369949],[141.068131,38.369907],[141.067644,38.37004],[141.067144,38.370124],[141.066894,38.370215],[141.066695,38.370251],[141.066419,38.370232],[141.066094,38.370207],[141.065619,38.370049],[141.065494,38.369932],[141.065394,38.369957],[141.065244,38.370132],[141.065069,38.370157],[141.064912,38.370175],[141.064744,38.370215],[141.064594,38.370107],[141.064469,38.369499],[141.064244,38.369424],[141.06394,38.369716],[141.063833,38.369986],[141.063606,38.369892],[141.06302,38.369665],[141.06297,38.369624],[141.063095,38.369324],[141.06317,38.368949],[141.06312,38.368924],[141.062945,38.369057],[141.06267,38.369549],[141.062645,38.369574],[141.062195,38.369365],[141.061995,38.36934],[141.061851,38.369293],[141.06167,38.369207],[141.061578,38.369182],[141.061545,38.369132],[141.061745,38.368915],[141.061207,38.368115],[141.061082,38.367715],[141.061507,38.367399],[141.061557,38.367332],[141.061432,38.367041],[141.061295,38.366807],[141.06127,38.366582],[141.06132,38.366382],[141.061395,38.366274],[141.061595,38.366141],[141.061882,38.365416],[141.061907,38.365257],[141.061707,38.365124],[141.061457,38.365032],[141.061307,38.364957],[141.061382,38.364666],[141.061345,38.363424],[141.06122,38.362883],[141.061208,38.362391],[141.061258,38.361824],[141.061545,38.361358],[141.062195,38.361041],[141.062395,38.360816],[141.062858,38.35985],[141.062945,38.358633],[141.06292,38.358367],[141.062645,38.357867],[141.062658,38.357617],[141.063183,38.357442],[141.063308,38.357192],[141.063183,38.357083],[141.062908,38.356917],[141.062558,38.356758],[141.062283,38.356558],[141.062308,38.3564],[141.06247,38.356217],[141.062495,38.355883],[141.062595,38.355817],[141.062795,38.355925],[141.063145,38.355883],[141.06317,38.355858],[141.06312,38.355684],[141.062645,38.355409],[141.06237,38.355267],[141.062345,38.3552],[141.06237,38.355042],[141.06247,38.354934],[141.062433,38.354642],[141.062333,38.35455],[141.062658,38.354367],[141.062908,38.354734],[141.063608,38.355117],[141.063908,38.355167],[141.064108,38.355259],[141.064245,38.355484],[141.064633,38.355334],[141.064833,38.35515],[141.065108,38.355017],[141.065208,38.354817],[141.065158,38.354542],[141.064983,38.354384],[141.064727,38.354369],[141.064484,38.354296],[141.064658,38.354134],[141.06517,38.353709],[141.065195,38.353601],[141.06507,38.353259],[141.06507,38.353166],[141.065095,38.353059],[141.065208,38.352676],[141.065433,38.352784],[141.065783,38.352884],[141.066083,38.352834],[141.066233,38.352751],[141.066308,38.352617],[141.066483,38.352484],[141.066558,38.352392],[141.066333,38.351867],[141.066295,38.351534],[141.066145,38.351301],[141.06562,38.351101],[141.065495,38.350943],[141.065245,38.350801],[141.06497,38.350751],[141.064795,38.350976],[141.06452,38.351267],[141.064283,38.351359],[141.064058,38.351517],[141.063858,38.351759],[141.063608,38.351892],[141.063458,38.351734],[141.063358,38.351484],[141.063158,38.351284],[141.062933,38.351167],[141.062833,38.351192],[141.062658,38.351642],[141.062458,38.351726],[141.062258,38.351684],[141.062233,38.351551],[141.062308,38.351342],[141.062283,38.351326],[141.061933,38.351367],[141.061683,38.351726],[141.061146,38.352167],[141.060421,38.352525],[141.059996,38.352659],[141.059771,38.352834],[141.059558,38.3529],[141.059258,38.352875],[141.058958,38.352784],[141.058921,38.352675],[141.059196,38.351975],[141.059358,38.351417],[141.059483,38.351209],[141.059508,38.350967],[141.059458,38.350692],[141.059405,38.350602],[141.059358,38.350559],[141.059158,38.350467],[141.058658,38.350551],[141.058234,38.350659],[141.057346,38.351017],[141.056971,38.351084],[141.056596,38.351075],[141.056096,38.350875],[141.055721,38.350917],[141.055321,38.351067],[141.054371,38.351334],[141.05397,38.351362],[141.053572,38.351284],[141.053147,38.351192],[141.052672,38.351142],[141.052072,38.351042],[141.051797,38.350934],[141.051372,38.350434],[141.051372,38.350275],[141.051547,38.350184],[141.051647,38.350234],[141.051922,38.350434],[141.052447,38.3506],[141.052997,38.350692],[141.053397,38.350692],[141.053772,38.350742],[141.054297,38.350659],[141.055034,38.350392],[141.055409,38.350367],[141.055934,38.350151],[141.056284,38.349967],[141.056334,38.349701],[141.056382,38.349559],[141.056546,38.349434],[141.056934,38.349551],[141.057121,38.349459],[141.057496,38.349101],[141.057596,38.348784],[141.057946,38.348676],[141.058071,38.348476],[141.058134,38.348251],[141.058259,38.348184],[141.058459,38.348201],[141.058809,38.348143],[141.059109,38.348234],[141.059484,38.348259],[141.059434,38.347959],[141.059509,38.347584],[141.059459,38.347534],[141.059059,38.347418],[141.058684,38.347234],[141.058334,38.347259],[141.058009,38.347368],[141.057809,38.347476],[141.057609,38.347751],[141.057384,38.347901],[141.057234,38.347859],[141.057159,38.347651],[141.057334,38.347201],[141.057846,38.346484],[141.057921,38.346284],[141.057846,38.346034],[141.057571,38.346126],[141.056609,38.347809],[141.056496,38.348126],[141.056321,38.348117],[141.055921,38.348026],[141.055709,38.347826],[141.055559,38.347368],[141.055609,38.347168],[141.056172,38.346584],[141.056222,38.346451],[141.056172,38.346318],[141.056022,38.346243],[141.055334,38.346651],[141.055159,38.346509],[141.054647,38.345676],[141.054322,38.345376],[141.054047,38.345243],[141.053722,38.344968],[141.053485,38.344201],[141.053285,38.343926],[141.05316,38.343835],[141.052835,38.343676],[141.05231,38.343651],[141.052035,38.343735],[141.05166,38.34396],[141.051635,38.344026],[141.051772,38.344343],[141.051972,38.344634],[141.052572,38.344893],[141.052947,38.344943],[141.053222,38.344893],[141.053322,38.344968],[141.053122,38.345459],[141.053297,38.345643],[141.053622,38.345618],[141.053747,38.345576],[141.053919,38.34561],[141.053822,38.345984],[141.053834,38.346209],[141.054009,38.346301],[141.054234,38.346368],[141.054184,38.346643],[141.054059,38.346868],[141.053984,38.347159],[141.053809,38.347384],[141.053759,38.347384],[141.053484,38.347151],[141.053209,38.347176],[141.052672,38.347326],[141.052472,38.347351],[141.052447,38.347326],[141.052809,38.347059],[141.052884,38.346926],[141.052709,38.346718],[141.052484,38.346693],[141.052159,38.346759],[141.051685,38.346759],[141.05176,38.346668],[141.05206,38.346493],[141.052185,38.346284],[141.052035,38.346034],[141.05181,38.345943],[141.05146,38.345918],[141.051235,38.345943],[141.05111,38.346009],[141.05096,38.346326],[141.050697,38.346884],[141.050522,38.346926],[141.050347,38.346726],[141.05026,38.346501],[141.05011,38.346359],[141.049935,38.346292],[141.049985,38.346134],[141.05026,38.345893],[141.050485,38.345601],[141.050472,38.345143],[141.050172,38.345034],[141.049847,38.345076],[141.048885,38.345476],[141.048235,38.345584],[141.04786,38.345626],[141.04781,38.345642],[141.04806,38.346009],[141.048035,38.346101],[141.047748,38.346234],[141.047673,38.346409],[141.047748,38.346501],[141.048272,38.346684],[141.048122,38.347001],[141.048222,38.347067],[141.048272,38.347367],[141.048247,38.347451],[141.04841,38.347609],[141.04841,38.347767],[141.048285,38.347909],[141.04806,38.347976],[141.04771,38.347926],[141.04751,38.347676],[141.047323,38.347292],[141.046898,38.347034],[141.046673,38.347084],[141.046385,38.347351],[141.046285,38.347826],[141.04591,38.347817],[141.04561,38.347234],[141.04546,38.347142],[141.045185,38.347209],[141.044985,38.347501],[141.044985,38.3479],[141.04506,38.34815],[141.045223,38.348425],[141.045473,38.348675],[141.045948,38.34895],[141.046348,38.349109],[141.046398,38.349242],[141.046123,38.349309],[141.045898,38.349284],[141.045673,38.349375],[141.045273,38.34915],[141.045123,38.348942],[141.044773,38.348667],[141.044598,38.348717],[141.044198,38.349075],[141.044123,38.349225],[141.044123,38.349317],[141.044035,38.349384],[141.043785,38.349292],[141.04356,38.349334],[141.04311,38.34915],[141.042748,38.349017],[141.042573,38.348834],[141.042298,38.348767],[141.042098,38.348767],[141.041985,38.348917],[141.04216,38.3491],[141.04221,38.34935],[141.041985,38.349667],[141.041685,38.349592],[141.041635,38.349434],[141.041486,38.349342],[141.041336,38.349275],[141.041736,38.349034],[141.042198,38.348084],[141.042298,38.347775],[141.042486,38.347484],[141.042935,38.346942],[141.04301,38.346692],[141.043011,38.346442],[141.042598,38.346034],[141.042373,38.345967],[141.041898,38.346009],[141.041698,38.345942],[141.041548,38.345692],[141.041548,38.345509],[141.041298,38.345326],[141.040873,38.345234],[141.040573,38.344984],[141.040248,38.344934],[141.039598,38.345201],[141.039273,38.345067],[141.039423,38.344867],[141.039973,38.344617],[141.040161,38.344392],[141.040136,38.344126],[141.039986,38.343876],[141.039736,38.343759],[141.039311,38.343692],[141.038586,38.343776],[141.038186,38.343792],[141.037886,38.343792],[141.037786,38.343751],[141.037661,38.343584],[141.037511,38.342976],[141.037149,38.341826],[141.036961,38.340918],[141.036537,38.339901],[141.036462,38.339718],[141.036887,38.339751],[141.037686,38.339909],[141.037949,38.339893],[141.038074,38.339759],[141.038024,38.339668],[141.037374,38.339051],[141.037449,38.338668],[141.037587,38.338443],[141.037587,38.33826],[141.037837,38.337818],[141.037887,38.337793],[141.038137,38.337793],[141.038611,38.337726],[141.038861,38.337618],[141.039036,38.337593],[141.039111,38.337668],[141.038836,38.338026],[141.038936,38.338318],[141.039236,38.33861],[141.039699,38.339026],[141.039849,38.339118],[141.040036,38.338935],[141.040086,38.338685],[141.040086,38.338285],[141.040161,38.338193],[141.040836,38.33876],[141.041061,38.33881],[141.041261,38.338676],[141.041211,38.338426],[141.040799,38.337768],[141.040499,38.337476],[141.040074,38.337218],[141.039874,38.337193],[141.039724,38.33706],[141.039624,38.33686],[141.039699,38.336702],[141.039799,38.336568],[141.039799,38.336427],[141.039636,38.336302],[141.039574,38.336243],[141.039461,38.335993],[141.039199,38.335818],[141.038774,38.335635],[141.038637,38.335543],[141.038549,38.335427],[141.038549,38.335293],[141.038612,38.335227],[141.038837,38.335252],[141.039099,38.335343],[141.039324,38.335277],[141.039374,38.33516],[141.039349,38.335002],[141.039237,38.334777],[141.039212,38.33451],[141.039299,38.334418],[141.039412,38.334443],[141.039587,38.334577],[141.039812,38.334693],[141.039928,38.334759],[141.040074,38.334827],[141.040236,38.33496],[141.040236,38.335052],[141.040186,38.335235],[141.040174,38.335527],[141.040236,38.335568],[141.040636,38.335593],[141.040661,38.335735],[141.040611,38.335935],[141.040599,38.336135],[141.040661,38.336277],[141.040886,38.336293],[141.040974,38.336227],[141.041174,38.33621],[141.041286,38.336235],[141.041461,38.336302],[141.041511,38.336577],[141.041374,38.336827],[141.041499,38.33696],[141.041689,38.337198],[141.041774,38.337368],[141.041924,38.33746],[141.042149,38.337418],[141.042324,38.337352],[141.042474,38.337393],[141.042524,38.337468],[141.042699,38.338024],[141.042948,38.33826],[141.043173,38.338327],[141.043348,38.338168],[141.043323,38.337585],[141.043124,38.336993],[141.043011,38.336793],[141.042761,38.336677],[141.042636,38.336335],[141.042461,38.336168],[141.042299,38.336035],[141.041861,38.335918],[141.041724,38.33576],[141.041611,38.335535],[141.041586,38.335335],[141.041636,38.335152],[141.041811,38.335202],[141.042011,38.335335],[141.042186,38.335402],[141.042349,38.335402],[141.042499,38.335335],[141.042586,38.335202],[141.042649,38.33471],[141.042736,38.334685],[141.043336,38.334777],[141.043449,38.334869],[141.043561,38.335027],[141.043674,38.33541],[141.043636,38.335752],[141.043611,38.336135],[141.043636,38.336177],[141.043774,38.336202],[141.043949,38.336177],[141.044148,38.336002],[141.044361,38.335685],[141.044561,38.335619],[141.044636,38.335619],[141.044673,38.335844],[141.044586,38.336027],[141.044548,38.336227],[141.044498,38.336302],[141.044311,38.336685],[141.044186,38.336893],[141.044198,38.337252],[141.044423,38.33761],[141.044623,38.337502],[141.044861,38.337302],[141.044936,38.33701],[141.044911,38.336893],[141.044986,38.336602],[141.045111,38.336468],[141.045361,38.336493],[141.045561,38.336693],[141.045711,38.336927],[141.045861,38.336927],[141.046161,38.336835],[141.046461,38.336819],[141.046636,38.33691],[141.046511,38.337177],[141.046161,38.337427],[141.046161,38.337535],[141.046436,38.337677],[141.046474,38.337751],[141.046423,38.337852],[141.046355,38.337906],[141.046348,38.337985],[141.046573,38.338218],[141.046573,38.338377],[141.046723,38.338602],[141.046673,38.338852],[141.046286,38.339751],[141.046336,38.339926],[141.046386,38.339976],[141.04671,38.339976],[141.046985,38.339843],[141.04716,38.339527],[141.047273,38.339127],[141.047348,38.338335],[141.047448,38.338135],[141.047673,38.33816],[141.047748,38.338202],[141.047848,38.338902],[141.048048,38.339127],[141.048673,38.33916],[141.049685,38.339768],[141.049998,38.339777],[141.050123,38.339593],[141.050048,38.339343],[141.049823,38.33921],[141.049673,38.33896],[141.049598,38.338685],[141.049473,38.338418],[141.04921,38.33826],[141.048573,38.33816],[141.04841,38.33791],[141.048186,38.337144],[141.048236,38.336852],[141.048373,38.336669],[141.048785,38.336302],[141.04881,38.336277],[141.050048,38.335427],[141.050285,38.335219],[141.05051,38.335136],[141.05071,38.334977],[141.05126,38.334736],[141.051485,38.334552],[141.051998,38.334036],[141.052173,38.333902],[141.05221,38.333652],[141.052148,38.333178],[141.05221,38.333094],[141.052498,38.332961],[141.052548,38.332819],[141.052385,38.332753],[141.052073,38.332778],[141.051698,38.332753],[141.051298,38.332486],[141.051685,38.332236],[141.051773,38.332086],[141.051835,38.331961],[141.051848,38.331778],[141.051635,38.331703],[141.051348,38.331719],[141.051161,38.331769],[141.049661,38.330553],[141.049901,38.330353],[141.050248,38.330111],[141.050223,38.330045],[141.047949,38.328078],[141.045124,38.325403],[141.044749,38.325053],[141.044549,38.325012],[141.042787,38.324878],[141.043537,38.323878],[141.043574,38.323695],[141.042249,38.32352],[141.040625,38.32342],[141.039875,38.324087],[141.0399,38.32452],[141.039637,38.324853],[141.03935,38.324945],[141.038612,38.32492],[141.038525,38.32467],[141.03808,38.323771],[141.038112,38.323653],[141.038075,38.322203],[141.036725,38.322037],[141.036563,38.322303],[141.0377,38.322362],[141.037725,38.322462],[141.037787,38.323778],[141.0349,38.32372],[141.034788,38.32332],[141.03465,38.323086],[141.03445,38.32307],[141.034213,38.323336],[141.033988,38.323336],[141.0339,38.323178],[141.033613,38.323153],[141.033563,38.323261],[141.033188,38.323286],[141.03195,38.323236],[141.030951,38.323028],[141.030501,38.322795],[141.030326,38.32257],[141.030126,38.322453],[141.029988,38.32252],[141.029726,38.322361],[141.029276,38.322228],[141.028788,38.321995],[141.028476,38.32177],[141.028338,38.321703],[141.028163,38.32172],[141.028076,38.321703],[141.027901,38.32147],[141.027314,38.321061],[141.027226,38.32097],[141.027051,38.320878],[141.026752,38.320912],[141.026539,38.320878],[141.026339,38.320811],[141.025851,38.320736],[141.025314,38.32047],[141.024801,38.320261],[141.024389,38.31997],[141.024813,38.319759],[141.025126,38.319328],[141.025319,38.31945],[141.027051,38.319936],[141.027314,38.320003],[141.029713,38.319878],[141.029888,38.319928],[141.035038,38.319637],[141.035063,38.319437],[141.035013,38.319304],[141.0345,38.31867],[141.034275,38.31867],[141.034275,38.318287],[141.036188,38.318245],[141.037788,38.319495],[141.039787,38.319354],[141.0384,38.317062],[141.039575,38.316713],[141.04165,38.319071],[141.0426,38.318687],[141.042723,38.318648],[141.044624,38.319062],[141.044762,38.318812],[141.045087,38.318679],[141.045162,38.318821],[141.045249,38.318837],[141.045449,38.318729],[141.0444,38.317146],[141.044662,38.316354],[141.04325,38.314271],[141.0431,38.314296],[141.041175,38.311372],[141.040925,38.311147],[141.04035,38.310763],[141.039675,38.310172],[141.039163,38.309713],[141.038563,38.309422],[141.037563,38.308872],[141.036851,38.308347],[141.036076,38.307714],[141.035713,38.307439],[141.035601,38.307347],[141.035601,38.307305],[141.035851,38.306989],[141.036176,38.30663],[141.036226,38.306614],[141.036426,38.306789],[141.037026,38.307064],[141.038088,38.307389],[141.040163,38.30823],[141.040475,38.308305],[141.041113,38.308355],[141.041313,38.308464],[141.041363,38.308555],[141.041675,38.308855],[141.042525,38.309914],[141.0429,38.310347],[141.043612,38.311347],[141.043975,38.311772],[141.044487,38.312247],[141.045175,38.312797],[141.045462,38.312863],[141.045975,38.312888],[141.046312,38.312847],[141.046775,38.312713],[141.046725,38.31238],[141.046612,38.312105],[141.046437,38.311922],[141.046387,38.311655],[141.046525,38.311497],[141.04675,38.311364],[141.046837,38.311205],[141.048275,38.309697],[141.048487,38.309522],[141.048687,38.309006],[141.049937,38.309214],[141.049492,38.310388],[141.049381,38.31047],[141.049299,38.310522],[141.049212,38.310747],[141.048924,38.311714],[141.048837,38.311847],[141.048812,38.312097],[141.049437,38.312214],[141.049412,38.312255],[141.049437,38.312455],[141.049237,38.312455],[141.049174,38.312838],[141.048749,38.313088],[141.048512,38.31333],[141.048399,38.31358],[141.048624,38.313697],[141.049062,38.313722],[141.049399,38.313697],[141.049949,38.313772],[141.050574,38.313705],[141.051324,38.31368],[141.051624,38.313947],[141.051774,38.314038],[141.052224,38.313663],[141.052511,38.313388],[141.052849,38.313239],[141.053461,38.313305],[141.053974,38.313439],[141.054424,38.313697],[141.054911,38.314013],[141.055224,38.314247],[141.055411,38.314422],[141.055661,38.31423],[141.055924,38.314347],[141.056286,38.314347],[141.056686,38.314305],[141.056973,38.314489],[141.057123,38.314489],[141.057261,38.314355],[141.057323,38.314147],[141.057299,38.313564],[141.057236,38.313289],[141.057274,38.313064],[141.057361,38.31298],[141.057874,38.312889],[141.058236,38.312872],[141.058673,38.312897],[141.058836,38.31303],[141.059186,38.313214],[141.059298,38.313305],[141.059723,38.313439],[141.060123,38.313689],[141.060261,38.313872],[141.060098,38.314005],[141.059948,38.314255],[141.060123,38.314347],[141.060461,38.314464],[141.060661,38.314689],[141.060861,38.315072],[141.060861,38.315272],[141.060711,38.31543],[141.060223,38.31563],[141.060086,38.315922],[141.060111,38.316172],[141.060151,38.316344],[141.060248,38.316463],[141.060648,38.31658],[141.061423,38.316655],[141.062535,38.316455],[141.062623,38.316505],[141.062935,38.316797],[141.063173,38.316913],[141.063297,38.317011],[141.063423,38.317163],[141.064003,38.317764],[141.064423,38.318363],[141.064487,38.318765],[141.064437,38.319121],[141.064401,38.319341],[141.064435,38.319538],[141.064497,38.319671],[141.064497,38.319988],[141.064772,38.32078],[141.064835,38.321096],[141.065147,38.321571],[141.065347,38.321771],[141.066147,38.321805],[141.067085,38.321763],[141.067372,38.321646],[141.067947,38.321246],[141.068385,38.320888],[141.068872,38.320647],[141.069147,38.320622],[141.069722,38.320672],[141.069984,38.320722],[141.070272,38.32083],[141.070497,38.320763],[141.071497,38.320613],[141.071984,38.320455],[141.072435,38.320088],[141.07278,38.319916],[141.073131,38.319844],[141.076334,38.319605],[141.076496,38.319543],[141.076684,38.319405],[141.077146,38.318747],[141.077259,38.318772],[141.077309,38.318755],[141.077371,38.318614],[141.077309,38.318522],[141.079621,38.314681],[141.079709,38.314706],[141.079796,38.314681],[141.079934,38.314506],[141.079709,38.314231],[141.079571,38.314114],[141.079421,38.313889],[141.079321,38.313148],[141.079272,38.310848],[141.079334,38.310532],[141.079672,38.310015],[141.080159,38.309673],[141.080309,38.309298],[141.080372,38.308982],[141.080747,38.308507],[141.081304,38.307962],[141.081156,38.307855],[141.080834,38.307632],[141.080809,38.307157],[141.080859,38.306865],[141.081247,38.305965],[141.081559,38.305582],[141.081934,38.305199],[141.082334,38.304882],[141.082847,38.305182],[141.083022,38.305224],[141.083621,38.304799],[141.083846,38.304957],[141.084007,38.304948],[141.084141,38.305004],[141.084359,38.305124],[141.084534,38.305032],[141.085109,38.304674],[141.084971,38.304491],[141.084534,38.304099],[141.084734,38.303858],[141.084967,38.303591],[141.085109,38.303458],[141.086559,38.303574],[141.086734,38.303474],[141.087171,38.303274],[141.087334,38.303199],[141.087459,38.303098],[141.087609,38.302983],[141.087896,38.302816],[141.087946,38.302524],[141.087571,38.302516],[141.087609,38.302324],[141.087921,38.302141],[141.088234,38.302075],[141.088584,38.302058],[141.088746,38.3021],[141.089009,38.302258],[141.089146,38.303008],[141.089346,38.302824],[141.089459,38.302649],[141.089434,38.302333],[141.089296,38.301966],[141.089296,38.301883],[141.089671,38.301183],[141.090109,38.300533],[141.089671,38.300141],[141.088571,38.299458],[141.088109,38.2993],[141.087796,38.299116],[141.087571,38.29885],[141.087346,38.298442],[141.087309,38.2981],[141.087347,38.297767],[141.087522,38.297425],[141.087634,38.297092],[141.087522,38.296775],[141.087547,38.296458],[141.087897,38.295959],[141.087897,38.295692],[141.087784,38.295575],[141.087497,38.295484],[141.087409,38.295484],[141.087072,38.295575],[141.086672,38.295725],[141.086147,38.296133],[141.086034,38.296133],[141.085897,38.296017],[141.085832,38.295823],[141.085672,38.295659],[141.085409,38.295608],[141.085322,38.295567],[141.085209,38.295409],[141.085734,38.2948],[141.085847,38.294417],[141.085822,38.293967],[141.085709,38.29365],[141.085484,38.29335],[141.085135,38.293084],[141.084535,38.2929],[141.084022,38.29285],[141.083335,38.292917],[141.082197,38.293517],[141.081735,38.2936],[141.08156,38.293584],[141.080647,38.293734],[141.079848,38.294042],[141.079123,38.294442],[141.078985,38.294583],[141.078748,38.29505],[141.078723,38.29535],[141.078785,38.295617],[141.078348,38.29575],[141.077085,38.295875],[141.07661,38.295833],[141.07641,38.2956],[141.076123,38.2954],[141.075435,38.295125],[141.074785,38.295033],[141.074411,38.29505],[141.074036,38.295117],[141.073898,38.295117],[141.073373,38.295],[141.071986,38.29425],[141.071161,38.293858],[141.070649,38.293475],[141.069099,38.29245],[141.068561,38.29215],[141.067936,38.291567],[141.067487,38.291083],[141.066912,38.290658],[141.066687,38.290425],[141.065837,38.289292],[141.065462,38.288909],[141.065125,38.288459],[141.064925,38.288117],[141.064475,38.287617],[141.064075,38.287117],[141.0636,38.285942],[141.063337,38.285109],[141.063113,38.284159],[141.063038,38.283417],[141.063013,38.283417],[141.063013,38.283301],[141.06315,38.283009],[141.06335,38.282993],[141.063413,38.282784],[141.063388,38.282759],[141.063638,38.282243],[141.06305,38.281859],[141.062988,38.281818],[141.062875,38.281993],[141.062613,38.282918],[141.060813,38.282459],[141.060388,38.282276],[141.060075,38.282293],[141.059955,38.282143],[141.059651,38.281343],[141.058938,38.281359],[141.058163,38.281293],[141.057188,38.281059],[141.056301,38.280693],[141.055938,38.280259],[141.055763,38.280351],[141.055451,38.280443],[141.055226,38.280618],[141.054964,38.280709],[141.053964,38.280684],[141.053676,38.280634],[141.053164,38.280359],[141.052914,38.280176],[141.052851,38.279843],[141.052676,38.279768],[141.052401,38.279726],[141.052139,38.279518],[141.052114,38.279318],[141.052176,38.279001],[141.052376,38.278668],[141.052264,38.277918],[141.052201,38.277734],[141.051976,38.277668],[141.051889,38.277734],[141.051751,38.277984],[141.051114,38.278743],[141.050827,38.278993],[141.049977,38.279009],[141.049652,38.279126],[141.049564,38.279209],[141.049252,38.279167],[141.049114,38.278943],[141.048977,38.278601],[141.048864,38.278534],[141.048552,38.278618],[141.048064,38.278651],[141.047264,38.278501],[141.046677,38.278284],[141.045777,38.277918],[141.044665,38.277776],[141.043877,38.277334],[141.043252,38.276851],[141.044515,38.274518],[141.04029,38.272735],[141.040728,38.271851],[141.040415,38.271785],[141.040003,38.272643],[141.036053,38.273676],[141.036003,38.273651],[141.035941,38.273743],[141.035966,38.273876],[141.035114,38.274027],[141.035078,38.274034],[141.029616,38.275442],[141.029441,38.275576],[141.029354,38.2768],[141.030841,38.2803],[141.030666,38.28035],[141.030753,38.280592],[141.030978,38.280592],[141.031216,38.280825],[141.031128,38.280867],[141.031778,38.281708],[141.031228,38.281975],[141.030491,38.2812],[141.030403,38.281225],[141.030678,38.2821],[141.029991,38.28245],[141.029403,38.2821],[141.028716,38.28225],[141.028278,38.282375],[141.026766,38.279092],[141.025617,38.276284],[141.025954,38.276175],[141.025942,38.276084],[141.025529,38.275275],[141.025567,38.275017],[141.025354,38.272734],[141.024954,38.272751],[141.021592,38.273009],[141.021355,38.271226],[141.012093,38.272034],[141.010143,38.272875],[141.007818,38.273042],[141.005681,38.273683],[141.005681,38.273217],[141.003756,38.273583],[141.003681,38.272683],[140.998844,38.273041],[140.998532,38.269925],[141.022967,38.267918],[141.023117,38.268101],[141.023492,38.26781],[141.022667,38.267101],[141.022755,38.266493],[141.022492,38.266201],[141.022755,38.266093],[141.022955,38.266251],[141.023417,38.266251],[141.024042,38.266343],[141.024955,38.266885],[141.025075,38.267262],[141.02518,38.267335],[141.025704,38.266585],[141.026204,38.266843],[141.026592,38.26651],[141.027067,38.266152],[141.027429,38.265885],[141.027854,38.26566],[141.028004,38.265618],[141.028404,38.265685],[141.028779,38.265893],[141.029142,38.266243],[141.029292,38.266427],[141.029379,38.266518],[141.030792,38.265593],[141.035469,38.265831],[141.046518,38.264873],[141.046518,38.264656],[141.035369,38.265572],[141.027642,38.26536],[141.027554,38.265402],[141.027117,38.265535],[141.026579,38.26561],[141.026304,38.265485],[141.025855,38.265418],[141.025167,38.265277],[141.024692,38.26526],[141.024555,38.265285],[141.024317,38.26526],[141.023855,38.265135],[141.02313,38.26476],[141.022455,38.26441],[141.02218,38.264227],[141.02193,38.26396],[141.021705,38.263718],[141.021393,38.263343],[141.021043,38.262943],[141.020655,38.26241],[141.02028,38.261993],[141.01983,38.26136],[141.01953,38.260644],[141.019343,38.260227],[141.019155,38.259694],[141.018993,38.259377],[141.018693,38.258844],[141.018418,38.258302],[141.018018,38.257794],[141.017731,38.257327],[141.017331,38.256727],[141.017018,38.256186],[141.016718,38.255786],[141.016618,38.255586],[141.016443,38.255227],[141.016156,38.254844],[141.015981,38.254552],[141.015806,38.254286],[141.015781,38.254178],[141.015656,38.253886],[141.014956,38.253011],[141.014069,38.252261],[141.013519,38.252028],[141.012631,38.251844],[141.012494,38.251753],[141.012444,38.250811],[141.012131,38.250286],[141.009794,38.248061],[141.008407,38.24652],[141.008119,38.246095],[141.008007,38.246003],[141.007894,38.246045],[141.007582,38.246045],[141.00752,38.245978],[141.007932,38.245662],[141.006932,38.244637],[141.003895,38.24117],[141.002158,38.239129],[141.000921,38.23757],[141.000746,38.237204],[141.000008,38.236096],[140.998196,38.233829],[140.997796,38.233379],[140.996571,38.231739],[140.994972,38.229788],[140.994172,38.228746],[140.993134,38.227571],[140.991235,38.225322],[140.990197,38.22403],[140.98896,38.222114],[140.988648,38.221847],[140.98866,38.221822],[140.988598,38.221714],[140.988548,38.221614],[140.988498,38.221472],[140.988423,38.221339],[140.98836,38.221222],[140.988323,38.221122],[140.988235,38.22098],[140.98816,38.220772],[140.98806,38.220564],[140.98796,38.22038],[140.987885,38.220239],[140.987773,38.220105],[140.987673,38.219964],[140.98746,38.219739],[140.98726,38.219572],[140.987086,38.219381],[140.986923,38.219164],[140.986861,38.218989],[140.986823,38.218806],[140.986761,38.218672],[140.986648,38.218356],[140.986561,38.218139],[140.986473,38.217931],[140.986386,38.217797],[140.986273,38.217681],[140.986211,38.217597],[140.986073,38.217414],[140.985886,38.217189],[140.985748,38.217039],[140.985548,38.216839],[140.985361,38.216656],[140.985173,38.216464],[140.985073,38.216372],[140.984998,38.216297],[140.984936,38.216197],[140.984861,38.216031],[140.984786,38.215814],[140.984686,38.215623],[140.984611,38.215431],[140.984561,38.215348],[140.984398,38.215123],[140.984311,38.215039],[140.984224,38.214923],[140.984149,38.214831],[140.984049,38.214723],[140.983886,38.214573],[140.983711,38.214464],[140.983561,38.214389],[140.983286,38.214248],[140.983174,38.214156],[140.983049,38.214073],[140.982961,38.213831],[140.981974,38.212481],[140.981724,38.212173],[140.979562,38.209056],[140.976837,38.20479],[140.976337,38.20414],[140.974675,38.201549],[140.9737,38.199899],[140.971938,38.197374],[140.970963,38.195724],[140.969901,38.193557],[140.968089,38.190424],[140.967164,38.188258],[140.965177,38.18465],[140.963765,38.18115],[140.962402,38.178517],[140.961977,38.177384],[140.96174,38.176351],[140.961715,38.175442],[140.961878,38.174609],[140.962015,38.174134],[140.962128,38.173951],[140.96224,38.173818],[140.962128,38.173568],[140.961815,38.173168],[140.961615,38.172784],[140.961303,38.172351],[140.961003,38.171743],[140.960228,38.170593],[140.960115,38.17046],[140.959778,38.169693],[140.959512,38.169718],[140.959478,38.169651],[140.960478,38.169451],[140.960278,38.169301],[140.96014,38.169201],[140.959628,38.168843],[140.959553,38.168793],[140.959453,38.168718],[140.959253,38.168576],[140.959166,38.168393],[140.959116,38.168251],[140.958953,38.167902],[140.958278,38.166943],[140.957141,38.165677],[140.956716,38.164443],[140.956391,38.164194],[140.956204,38.163794],[140.956116,38.163319],[140.955891,38.16291],[140.955341,38.162127],[140.955141,38.161719],[140.954829,38.160661],[140.954604,38.160327],[140.954092,38.159786],[140.953767,38.159336],[140.953429,38.158736],[140.952767,38.157436],[140.952167,38.156419],[140.951517,38.155294],[140.950342,38.152928],[140.950055,38.152261],[140.949343,38.150861],[140.948993,38.150145],[140.948568,38.14902],[140.948168,38.14832],[140.947543,38.146928],[140.947081,38.145645],[140.946381,38.14377],[140.945656,38.142362],[140.944731,38.140303],[140.944319,38.139045],[140.944219,38.138879],[140.944019,38.138404],[140.943994,38.138437],[140.943969,38.138304],[140.943082,38.136495],[140.943057,38.136229],[140.942819,38.135346],[140.942332,38.134179],[140.941707,38.132771],[140.941532,38.131971],[140.941507,38.131729],[140.941357,38.131379],[140.940995,38.130904],[140.940732,38.129938],[140.940395,38.129104],[140.940282,38.128738],[140.939883,38.127796],[140.93947,38.126579],[140.938758,38.124821],[140.938533,38.124146],[140.938108,38.122663],[140.937808,38.121171],[140.937096,38.11898],[140.936621,38.117222],[140.936221,38.115697],[140.935709,38.114414],[140.935296,38.113155],[140.935021,38.112455],[140.934396,38.110539],[140.934159,38.109647],[140.933647,38.108247],[140.933159,38.106806],[140.932884,38.105681],[140.932247,38.103948],[140.931985,38.103073],[140.931785,38.102556],[140.93151,38.101498],[140.931397,38.100781],[140.93091,38.098681],[140.930647,38.097965],[140.930248,38.09714],[140.92996,38.096165],[140.92996,38.095915],[140.929823,38.09499],[140.929485,38.093465],[140.929423,38.092907],[140.929198,38.09169],[140.928786,38.09014],[140.928423,38.088532],[140.928286,38.088107],[140.927886,38.086324],[140.927661,38.086132],[140.927573,38.085657],[140.927261,38.084491],[140.927011,38.082699],[140.926549,38.080124],[140.926411,38.078799],[140.926236,38.077741],[140.925212,38.073575],[140.925074,38.071642],[140.924587,38.068817],[140.924312,38.067251],[140.924275,38.066959],[140.924312,38.066259],[140.924162,38.065384],[140.92385,38.063951],[140.923737,38.063184],[140.923775,38.062134],[140.923688,38.060768],[140.92335,38.05886],[140.923288,38.056935],[140.923038,38.054444],[140.922813,38.050786],[140.922838,38.050319],[140.922726,38.049803],[140.922526,38.049328],[140.921726,38.046928],[140.921364,38.047045],[140.920789,38.047111],[140.920139,38.047261],[140.919901,38.047286],[140.918364,38.047886],[140.916351,38.048802],[140.915439,38.04916],[140.914501,38.049585],[140.913526,38.050077],[140.911701,38.051177],[140.910077,38.051893],[140.909227,38.05241],[140.908714,38.05281],[140.908027,38.053526],[140.907264,38.054484],[140.906889,38.055159],[140.906464,38.056301],[140.906377,38.057042],[140.906289,38.05875],[140.906351,38.059734],[140.906314,38.06],[140.906426,38.060783],[140.906626,38.061483],[140.907226,38.062892],[140.908276,38.06485],[140.908563,38.065633],[140.909051,38.0668],[140.909301,38.067633],[140.909951,38.070049],[140.910125,38.071149],[140.91015,38.072091],[140.910038,38.072632],[140.909838,38.073232],[140.909413,38.07409],[140.90915,38.074532],[140.908813,38.076532],[140.908413,38.076907],[140.907925,38.077115],[140.907013,38.077873],[140.905613,38.079215],[140.902913,38.081456],[140.900088,38.08403],[140.898975,38.085214],[140.89815,38.085972],[140.897975,38.086197],[140.897938,38.086322],[140.896988,38.087455],[140.894275,38.090313],[140.893113,38.09123],[140.892663,38.091663],[140.890663,38.093188],[140.889975,38.093613],[140.889125,38.094038],[140.887975,38.094554],[140.887175,38.094846],[140.885125,38.095229],[140.882838,38.095562],[140.881251,38.095721],[140.879988,38.095762],[140.879713,38.095812],[140.879588,38.095762],[140.878313,38.095812],[140.876476,38.095829],[140.874426,38.09562],[140.873064,38.095529],[140.872151,38.095395],[140.871586,38.0953],[140.871564,38.095329],[140.871302,38.095237],[140.869964,38.09457],[140.869327,38.094145],[140.868302,38.093154],[140.867815,38.092679],[140.867415,38.092096],[140.86634,38.090321],[140.865877,38.089329],[140.865677,38.088671],[140.864878,38.087079],[140.86464,38.086354],[140.864703,38.086321],[140.86464,38.086304],[140.86464,38.086238],[140.864553,38.086121],[140.864453,38.085829],[140.863865,38.084813],[140.863565,38.084479],[140.862965,38.084071],[140.862278,38.083671],[140.860341,38.082796],[140.859578,38.082479],[140.858941,38.082121],[140.857403,38.081513],[140.856791,38.081288],[140.856054,38.081088],[140.853354,38.080613],[140.851904,38.080346],[140.849117,38.080079],[140.848292,38.080038],[140.847467,38.080013],[140.845279,38.080196],[140.844042,38.080379],[140.841805,38.080988],[140.83903,38.082029],[140.838505,38.082271],[140.837467,38.082862],[140.836942,38.083112],[140.835767,38.083495],[140.835155,38.083629],[140.83463,38.083695],[140.83403,38.083629],[140.833592,38.08352],[140.831805,38.083004],[140.83043,38.082395],[140.829468,38.081879],[140.828193,38.081021],[140.826218,38.079737],[140.824543,38.078529],[140.823131,38.077179],[140.822908,38.076938],[140.822602,38.076603],[140.822306,38.076279],[140.822006,38.075846],[140.821294,38.074746],[140.820544,38.072646],[140.820406,38.072446],[140.820182,38.071888],[140.819857,38.071296],[140.819469,38.070846],[140.818844,38.070238],[140.818182,38.06963],[140.818119,38.069546],[140.817632,38.069113],[140.816145,38.067672],[140.813807,38.064997],[140.81342,38.064414],[140.81322,38.064189],[140.812645,38.063055],[140.811933,38.06148],[140.811708,38.060831],[140.81132,38.059431],[140.81097,38.058056],[140.810745,38.056773],[140.810683,38.056231],[140.810658,38.054364],[140.810746,38.053148],[140.810658,38.052473],[140.810433,38.052423],[140.809558,38.052356],[140.809058,38.052381],[140.808621,38.052315],[140.808096,38.051956],[140.807634,38.051706],[140.807109,38.051531],[140.805959,38.050806],[140.805109,38.050581],[140.804309,38.050515],[140.803459,38.050631],[140.802796,38.050673],[140.802459,38.050765],[140.801996,38.051398],[140.801034,38.051465],[140.800759,38.05144],[140.800647,38.050765],[140.800547,38.050565],[140.800184,38.050181],[140.799247,38.049465],[140.799084,38.049031],[140.799084,38.048673],[140.799022,38.048556],[140.798672,38.048248],[140.798372,38.047881],[140.798197,38.04694],[140.797922,38.046307],[140.797922,38.04599],[140.797985,38.045857],[140.79696,38.045273],[140.796472,38.044823],[140.796035,38.04464],[140.795147,38.044465],[140.793835,38.04424],[140.79301,38.043857],[140.792485,38.043898],[140.792073,38.044148],[140.79161,38.044848],[140.791298,38.045048],[140.790585,38.045231],[140.79026,38.045456],[140.79001,38.045681],[140.789735,38.045823],[140.788998,38.045906],[140.788723,38.046065],[140.788448,38.046381],[140.78831,38.04634],[140.788248,38.046115],[140.788035,38.045823],[140.787185,38.045481],[140.786323,38.045081],[140.783911,38.044048],[140.783361,38.043731],[140.783298,38.043506],[140.783473,38.042781],[140.783273,38.042556],[140.782474,38.041857],[140.782236,38.041773],[140.780686,38.041973],[140.779149,38.04204],[140.778799,38.042223],[140.778461,38.042448],[140.777974,38.042723],[140.777674,38.042806],[140.777561,38.042806],[140.777149,38.042698],[140.776624,38.042448],[140.776399,38.042381],[140.775612,38.041931],[140.775474,38.041706],[140.775474,38.04139],[140.775412,38.041031],[140.775224,38.040873],[140.774924,38.040715],[140.774724,38.040515],[140.774537,38.039881],[140.774424,38.039723],[140.772662,38.03919],[140.7703,38.038965],[140.7697,38.039006],[140.7692,38.039006],[140.768712,38.038848],[140.768187,38.03874],[140.76755,38.038923],[140.767,38.039148],[140.766075,38.039639],[140.765712,38.039731],[140.765075,38.039689],[140.764663,38.039781],[140.764175,38.039939],[140.763763,38.040031],[140.76335,38.040047],[140.762938,38.040139],[140.762275,38.040364],[140.761313,38.040481],[140.76085,38.040706],[140.760463,38.040956],[140.759863,38.041222],[140.759725,38.041247],[140.759038,38.041089],[140.758651,38.04093],[140.758151,38.041022],[140.757501,38.041022],[140.757001,38.040822],[140.756363,38.040439],[140.756063,38.040397],[140.755351,38.040464],[140.754801,38.040464],[140.754338,38.040397],[140.753701,38.040264],[140.753289,38.040055],[140.752826,38.039947],[140.752575,38.039958],[140.752439,38.039947],[140.752389,38.039972],[140.752001,38.039922],[140.751701,38.039789],[140.751314,38.039539],[140.751176,38.039297],[140.751151,38.03873],[140.750901,38.038547],[140.750489,38.03848],[140.749801,38.038414],[140.749226,38.03828],[140.748777,38.03808],[140.748589,38.037897],[140.748614,38.03763],[140.748727,38.037422],[140.748752,38.037114],[140.748202,38.03673],[140.747927,38.03643],[140.747652,38.036055],[140.747377,38.035897],[140.746599,38.0358],[140.746364,38.035739],[140.745652,38.035264],[140.745264,38.03508],[140.745102,38.034797],[140.745314,38.034431],[140.745777,38.033822],[140.745727,38.033397],[140.745615,38.033256],[140.74519,38.033122],[140.744352,38.033206],[140.74394,38.033122],[140.743752,38.032989],[140.74254,38.032764],[140.741765,38.032656],[140.741052,38.032072],[140.740528,38.031572],[140.74014,38.031414],[140.73954,38.031506],[140.738578,38.031756],[140.738003,38.031981],[140.737703,38.031847],[140.737015,38.031172],[140.736903,38.031147],[140.736715,38.031331],[140.736515,38.031397],[140.735853,38.031214],[140.734866,38.031105],[140.734703,38.03113],[140.734341,38.031264],[140.733553,38.031147],[140.732978,38.030947],[140.732841,38.030789],[140.732478,38.030072],[140.732091,38.029839],[140.730991,38.02953],[140.730554,38.02933],[140.730254,38.028656],[140.730004,38.028539],[140.729316,38.028806],[140.728854,38.029289],[140.728191,38.029672],[140.727066,38.030164],[140.725691,38.03093],[140.724816,38.031072],[140.724179,38.031472],[140.723617,38.031522],[140.723079,38.031113],[140.721929,38.030463],[140.721792,38.030347],[140.721504,38.029738],[140.721054,38.029197],[140.720467,38.028655],[140.719505,38.028222],[140.718817,38.027672],[140.71813,38.026947],[140.71728,38.026497],[140.71688,38.02643],[140.715805,38.026339],[140.714555,38.026097],[140.713205,38.026147],[140.712481,38.025889],[140.711781,38.025039],[140.711231,38.024272],[140.711006,38.024114],[140.710156,38.024114],[140.709493,38.02418],[140.709356,38.024097],[140.709244,38.023614],[140.709194,38.023572],[140.707681,38.023189],[140.707219,38.023164],[140.706969,38.022672],[140.706281,38.022539],[140.705956,38.02248],[140.705869,38.023189],[140.705431,38.023797],[140.704856,38.024372],[140.704894,38.02463],[140.705181,38.025105],[140.704994,38.025605],[140.704631,38.026038],[140.704331,38.026596],[140.703906,38.027055],[140.703944,38.027546],[140.704169,38.028313],[140.704581,38.028655],[140.705106,38.028946],[140.705156,38.02928],[140.705156,38.029938],[140.705331,38.030363],[140.705493,38.030588],[140.705168,38.032096],[140.704943,38.032729],[140.704693,38.032921],[140.703981,38.033312],[140.703231,38.033787],[140.702831,38.034262],[140.702281,38.035345],[140.701793,38.036187],[140.701518,38.03687],[140.701156,38.03742],[140.701018,38.037462],[140.700556,38.037462],[140.699669,38.037353],[140.698131,38.036903],[140.696432,38.036253],[140.695357,38.036362],[140.695382,38.03742],[140.695144,38.038886],[140.695494,38.039453],[140.695581,38.040236],[140.695856,38.041161],[140.695806,38.041744],[140.695444,38.042186],[140.694819,38.042761],[140.693881,38.043802],[140.692894,38.044736],[140.691919,38.044794],[140.691107,38.044511],[140.690694,38.044394],[140.689719,38.044377],[140.689457,38.044444],[140.688857,38.044794],[140.688657,38.045902],[140.688469,38.04616],[140.687594,38.046935],[140.686569,38.047235],[140.686132,38.047277],[140.685144,38.047577],[140.684294,38.047693],[140.683957,38.047852],[140.684132,38.048427],[140.684407,38.048777],[140.684544,38.048877],[140.684594,38.04916],[140.684544,38.049243],[140.683982,38.04961],[140.683057,38.050526],[140.681432,38.051626],[140.680519,38.052134],[140.680094,38.052334],[140.678682,38.052584],[140.677307,38.052759],[140.676757,38.052876],[140.676807,38.053143],[140.677007,38.053418],[140.677557,38.053751],[140.677819,38.053868],[140.678357,38.054168],[140.678894,38.054809],[140.679544,38.055401],[140.679507,38.055784],[140.678932,38.056667],[140.678694,38.057367],[140.678719,38.057626],[140.678994,38.058267],[140.679556,38.058776],[140.679681,38.058759],[140.678082,38.059317],[140.677919,38.059475],[140.677719,38.0598],[140.677594,38.060567],[140.677669,38.061125],[140.678306,38.061617],[140.678969,38.062325],[140.679356,38.063125],[140.679556,38.064225],[140.679769,38.064925],[140.680269,38.065108],[140.680981,38.06515],[140.681469,38.065417],[140.681644,38.065825],[140.681719,38.066617],[140.681531,38.0679],[140.681081,38.068575],[140.681118,38.068891],[140.681993,38.069383],[140.682381,38.069633],[140.682406,38.069816],[140.682131,38.070241],[140.682243,38.070716],[140.682456,38.071191],[140.682656,38.071233],[140.683068,38.071208],[140.683781,38.071116],[140.684443,38.071075],[140.684831,38.0713],[140.685318,38.071683],[140.685793,38.072825],[140.686305,38.073075],[140.686618,38.073433],[140.686818,38.073891],[140.68698,38.074025],[140.687518,38.074066],[140.687968,38.074066],[140.68833,38.074216],[140.688655,38.074483],[140.688843,38.0746],[140.688843,38.074708],[140.689318,38.075525],[140.689405,38.075958],[140.689343,38.076375],[140.689043,38.076783],[140.68868,38.076916],[140.688193,38.077058],[140.687718,38.077799],[140.68783,38.078258],[140.68838,38.078741],[140.688443,38.078966],[140.688467,38.079574],[140.68808,38.079916],[140.687518,38.080233],[140.687518,38.080299],[140.68773,38.080724],[140.687992,38.081107],[140.68803,38.081674],[140.687805,38.082082],[140.687455,38.082399],[140.687205,38.082774],[140.687505,38.083541],[140.68778,38.084041],[140.68783,38.084482],[140.687742,38.085057],[140.687455,38.085457],[140.68688,38.085765],[140.686605,38.086015],[140.686617,38.086115],[140.686942,38.086315],[140.687442,38.086582],[140.688842,38.087049],[140.689554,38.087365],[140.690767,38.08784],[140.691016,38.088515],[140.690979,38.08894],[140.691116,38.089324],[140.691454,38.089824],[140.692079,38.090382],[140.692054,38.090857],[140.691641,38.091899],[140.691916,38.092124],[140.692666,38.092274],[140.692991,38.09264],[140.693516,38.093515],[140.693816,38.094307],[140.693978,38.09444],[140.694666,38.094573],[140.695003,38.095223],[140.69514,38.095407],[140.695078,38.095498],[140.694753,38.095632],[140.694315,38.09599],[140.694203,38.09649],[140.694015,38.097073],[140.693953,38.09739],[140.694128,38.098023],[140.694615,38.09874],[140.694753,38.099173],[140.695253,38.099665],[140.695827,38.100007],[140.696027,38.100565],[140.696302,38.101173],[140.69649,38.102481],[140.69699,38.103048],[140.697727,38.103473],[140.698227,38.103873],[140.698577,38.104398],[140.698877,38.104465],[140.700089,38.105365],[140.700364,38.106215],[140.700102,38.108423],[140.700127,38.108806],[140.700614,38.109414],[140.700676,38.109939],[140.701139,38.110406],[140.701339,38.110456],[140.702189,38.110814],[140.702164,38.111372],[140.702214,38.111872],[140.703151,38.112189],[140.703226,38.112297],[140.703401,38.113356],[140.703451,38.114056],[140.703201,38.114939],[140.703351,38.115789],[140.703538,38.116314],[140.703738,38.117997],[140.703626,38.118922],[140.703213,38.120122],[140.703651,38.120455],[140.704888,38.121155],[140.704838,38.121897],[140.704976,38.122705],[140.705051,38.122888],[140.706025,38.123522],[140.70585,38.12428],[140.705638,38.124513],[140.704401,38.124846],[140.704151,38.12503],[140.703801,38.125705],[140.703251,38.126113],[140.703088,38.127121],[140.702776,38.127846],[140.702863,38.128588],[140.702788,38.129179],[140.702013,38.130121],[140.701575,38.130887],[140.701688,38.131562],[140.70135,38.131946],[140.700388,38.132421],[140.699676,38.133012],[140.698476,38.133462],[140.698088,38.13357],[140.698001,38.134137],[140.698551,38.134812],[140.698726,38.135329],[140.698526,38.135828],[140.697926,38.136095],[140.695976,38.136212],[140.695038,38.136662],[140.694188,38.136778],[140.693526,38.137045],[140.692513,38.137361],[140.691601,38.137953],[140.690889,38.13867],[140.689264,38.138828],[140.689126,38.13872],[140.688226,38.13822],[140.688026,38.138203],[140.686764,38.138536],[140.685914,38.138969],[140.685251,38.139644],[140.684676,38.139736],[140.683489,38.139086],[140.682727,38.138744],[140.682089,38.138836],[140.680689,38.139428],[140.680114,38.139428],[140.680027,38.139378],[140.680027,38.138386],[140.679315,38.138253],[140.678215,38.138144],[140.67789,38.137328],[140.677715,38.137311],[140.67684,38.137961],[140.676265,38.138328],[140.675252,38.138802],[140.67484,38.139111],[140.674152,38.140244],[140.67354,38.140736],[140.673165,38.140786],[140.672065,38.141102],[140.67184,38.14146],[140.67124,38.14166],[140.670553,38.142027],[140.670215,38.142477],[140.669453,38.142977],[140.667578,38.143785],[140.666753,38.143852],[140.66629,38.143852],[140.665003,38.144035],[140.663353,38.143743],[140.662328,38.14361],[140.661291,38.143252],[140.660679,38.142552],[140.659941,38.141785],[140.659091,38.141335],[140.656829,38.140843],[140.653829,38.140077],[140.653067,38.139452],[140.652379,38.139002],[140.65048,38.138302],[140.650155,38.138102],[140.649742,38.137202],[140.649655,38.136569],[140.649567,38.136544],[140.648417,38.136843],[140.647343,38.137452],[140.646443,38.137627],[140.645093,38.13736],[140.643943,38.13691],[140.643055,38.137093],[140.642505,38.137518],[140.642118,38.137901],[140.641655,38.138443],[140.641543,38.138626],[140.64108,38.138826],[140.640555,38.139351],[140.640168,38.140118],[140.639818,38.141018],[140.63943,38.141468],[140.638655,38.141901],[140.638468,38.141918],[140.637593,38.141901],[140.636681,38.141968],[140.636593,38.142059],[140.634481,38.140934],[140.633568,38.140418],[140.632693,38.139826],[140.631893,38.139401],[140.631206,38.139151],[140.629644,38.138168],[140.627769,38.137268],[140.625194,38.136118],[140.623781,38.135626],[140.622082,38.134884],[140.621694,38.134659],[140.621604,38.13467],[140.621507,38.134651],[140.621069,38.13431],[140.620532,38.134068],[140.619869,38.133884],[140.618794,38.133951],[140.618307,38.134068],[140.617882,38.134359],[140.617482,38.134793],[140.617132,38.135243],[140.61637,38.135493],[140.614857,38.135926],[140.614707,38.136242],[140.614057,38.136451],[140.613232,38.136542],[140.612795,38.136426],[140.612145,38.136109],[140.611545,38.135884],[140.610883,38.135526],[140.61062,38.135301],[140.61017,38.135459],[140.609908,38.135776],[140.60957,38.136317],[140.609883,38.136725],[140.610008,38.137084],[140.60972,38.137292],[140.60917,38.137267],[140.60877,38.137475],[140.608295,38.137542],[140.607545,38.1377],[140.607121,38.137884],[140.606721,38.137909],[140.606096,38.138017],[140.605458,38.1382],[140.604983,38.13795],[140.604008,38.137709],[140.603233,38.138025],[140.603121,38.138208],[140.602071,38.138567],[140.601696,38.138567],[140.601096,38.1383],[140.599809,38.138008],[140.599234,38.1378],[140.599071,38.13785],[140.598946,38.137942],[140.598721,38.138025],[140.596922,38.138392],[140.596209,38.138775],[140.595897,38.1388],[140.594697,38.138033],[140.593922,38.138075],[140.593097,38.138058],[140.59241,38.137941],[140.591697,38.137991],[140.59116,38.137925],[140.590447,38.137875],[140.589585,38.138083],[140.588673,38.138541],[140.588098,38.139033],[140.587985,38.139491],[140.58756,38.140166],[140.58776,38.140783],[140.58771,38.141258],[140.58736,38.141591],[140.587485,38.141908],[140.587573,38.142474],[140.58771,38.143024],[140.588023,38.143357],[140.58771,38.144241],[140.587748,38.144582],[140.587148,38.144832],[140.586548,38.144832],[140.58606,38.144566],[140.585523,38.144649],[140.584948,38.144657],[140.58426,38.145132],[140.583373,38.145899],[140.582773,38.146215],[140.581986,38.146449],[140.580661,38.146607],[140.580298,38.147032],[140.579098,38.147557],[140.578611,38.148057],[140.578298,38.148307],[140.577361,38.148556],[140.576386,38.148873],[140.575099,38.14924],[140.574049,38.14969],[140.573424,38.149781],[140.573049,38.149581],[140.572936,38.149031],[140.572499,38.148556],[140.571936,38.148715],[140.571474,38.148923],[140.570762,38.148581],[140.570049,38.148723],[140.569699,38.148606],[140.569562,38.148223],[140.569187,38.14804],[140.568387,38.148114],[140.567937,38.147973],[140.567674,38.147773],[140.567049,38.147656],[140.566162,38.147681],[140.5657,38.147548],[140.564937,38.147756],[140.56345,38.148298],[140.56305,38.148589],[140.561787,38.148639],[140.560937,38.148956],[140.559713,38.148889],[140.558825,38.149139],[140.557738,38.149114],[140.556225,38.148939],[140.55525,38.149139],[140.554538,38.149006],[140.553801,38.14903],[140.553201,38.148939],[140.552538,38.14858],[140.551251,38.148397],[140.551026,38.148305],[140.551051,38.148105],[140.551401,38.147855],[140.552113,38.147656],[140.552713,38.147381],[140.553276,38.146922],[140.553788,38.146247],[140.554851,38.144931],[140.555051,38.144598],[140.554876,38.143939],[140.554926,38.143823],[140.554676,38.143439],[140.554126,38.143214],[140.553438,38.142856],[140.552788,38.142223],[140.552063,38.141923],[140.550551,38.141931],[140.550126,38.141839],[140.548926,38.140914],[140.546977,38.138739],[140.545464,38.136864],[140.544514,38.136523],[140.544039,38.136614],[140.54204,38.137231],[140.541215,38.137589],[140.540615,38.137797],[140.539665,38.138072],[140.537952,38.138456],[140.537465,38.138322],[140.536615,38.138031],[140.535953,38.137872],[140.53519,38.138047],[140.534703,38.138055],[140.534265,38.138139],[140.533328,38.13848],[140.532728,38.138755],[140.532078,38.138689],[140.531553,38.138505],[140.53084,38.13833],[140.530153,38.137989],[140.529215,38.137739],[140.52899,38.137647],[140.528353,38.137105],[140.527928,38.136814],[140.527791,38.136772],[140.527016,38.136747],[140.526841,38.136705],[140.526278,38.136839],[140.525878,38.137155],[140.525591,38.137289],[140.525241,38.137289],[140.524816,38.137363],[140.524441,38.137363],[140.524016,38.137747],[140.524016,38.137997],[140.524128,38.138222],[140.524416,38.138447],[140.524678,38.139055],[140.524878,38.13933],[140.524966,38.13953],[140.524941,38.139805],[140.524741,38.140213],[140.524253,38.140438],[140.523766,38.140413],[140.523191,38.140346],[140.522653,38.140646],[140.522478,38.140938],[140.522453,38.141413],[140.522678,38.142005],[140.522541,38.142388],[140.521941,38.142796],[140.521366,38.143046],[140.520691,38.143204],[140.520378,38.143454],[140.519891,38.143654],[140.519491,38.143996],[140.519266,38.144338],[140.519178,38.144721],[140.519178,38.145129],[140.519778,38.145671],[140.519865,38.145788],[140.519715,38.146104],[140.519178,38.146329],[140.51844,38.146354],[140.517403,38.146212],[140.516841,38.145946],[140.516066,38.145471],[140.515466,38.145154],[140.514803,38.145062],[140.514241,38.145312],[140.513641,38.145296],[140.513041,38.145454],[140.512866,38.145721],[140.512866,38.146087],[140.512753,38.146537],[140.512553,38.146879],[140.512241,38.147012],[140.511866,38.146945],[140.511578,38.146812],[140.510953,38.146679],[140.509378,38.146062],[140.509041,38.146045],[140.508491,38.146112],[140.507691,38.145954],[140.507491,38.145795],[140.507041,38.145295],[140.507004,38.144846],[140.507041,38.144304],[140.506891,38.143871],[140.506641,38.143487],[140.506379,38.143379],[140.505891,38.143312],[140.505466,38.143129],[140.505179,38.143087],[140.504804,38.143171],[140.504466,38.143221],[140.504179,38.143196],[140.503954,38.143312],[140.503154,38.143879],[140.502641,38.14417],[140.502241,38.144312],[140.501816,38.144354],[140.501354,38.14417],[140.500154,38.143562],[140.499867,38.14352],[140.499442,38.143495],[140.498929,38.143429],[140.498467,38.14332],[140.498129,38.143387],[140.497929,38.143545],[140.497617,38.143654],[140.497067,38.143704],[140.496614,38.1435],[140.496417,38.14342],[140.495929,38.143379],[140.495367,38.143579],[140.494817,38.14387],[140.494142,38.144112],[140.49318,38.144903],[140.492605,38.145462],[140.491842,38.146003],[140.49103,38.146445],[140.490467,38.146853],[140.49018,38.147278],[140.489567,38.147519],[140.488017,38.148328],[140.487705,38.148394],[140.486592,38.148344],[140.485668,38.148077],[140.48398,38.147328],[140.48273,38.146578],[140.482268,38.146469],[140.481743,38.146078],[140.481218,38.145561],[140.480431,38.145136],[140.480293,38.144978],[140.480231,38.144794],[140.480031,38.144453],[140.479156,38.144186],[140.478518,38.144244],[140.477756,38.144111],[140.476681,38.144469],[140.475543,38.145028],[140.473906,38.145178],[140.473131,38.145069],[140.472344,38.144861],[140.471819,38.144903],[140.471494,38.144794],[140.470969,38.144403],[140.470331,38.143844],[140.469644,38.143386],[140.469694,38.143119],[140.469819,38.142894],[140.469994,38.142669],[140.469819,38.14242],[140.468794,38.141995],[140.468394,38.141603],[140.468194,38.14122],[140.445884,38.143502],[140.447047,38.144294],[140.447709,38.144902],[140.449159,38.14641],[140.449921,38.147027],[140.450496,38.14786],[140.451333,38.149793],[140.451883,38.150718],[140.452633,38.151418],[140.453445,38.151876],[140.45412,38.152059],[140.45537,38.152218],[140.456008,38.152534],[140.457145,38.153234],[140.457982,38.153601],[140.460132,38.154192],[140.461707,38.155526],[140.462494,38.155951],[140.462982,38.156026],[140.463419,38.155892],[140.464144,38.155892],[140.464994,38.156142],[140.465831,38.156259],[140.466506,38.156301],[140.467169,38.156667],[140.467494,38.156934],[140.467469,38.157184],[140.467544,38.157834],[140.467544,38.1586],[140.467456,38.159459],[140.467019,38.1604],[140.467044,38.16085],[140.467481,38.161442],[140.468056,38.162117],[140.468606,38.162567],[140.468981,38.163133],[140.469131,38.163542],[140.468956,38.164233],[140.468893,38.16475],[140.468981,38.165433],[140.469181,38.166058],[140.469268,38.167008],[140.469668,38.168741],[140.469656,38.169308],[140.469599,38.169459],[140.469543,38.169633],[140.469368,38.170199],[140.469993,38.171107],[140.470843,38.171941],[140.471106,38.172257],[140.472093,38.172874],[140.472806,38.173624],[140.473093,38.174124],[140.473743,38.17494],[140.474055,38.17519],[140.474918,38.175665],[140.475143,38.17589],[140.47543,38.176365],[140.47593,38.177049],[140.47653,38.178199],[140.477443,38.179107],[140.47838,38.179882],[140.479267,38.180449],[140.479605,38.180765],[140.479855,38.181224],[140.48003,38.181624],[140.480117,38.182099],[140.480042,38.183773],[140.479405,38.185798],[140.47923,38.186198],[140.478917,38.18649],[140.47858,38.186923],[140.47848,38.187506],[140.478542,38.188273],[140.478455,38.18884],[140.47828,38.18929],[140.478042,38.189623],[140.477817,38.190123],[140.477492,38.191964],[140.477892,38.192581],[140.478367,38.193189],[140.478905,38.194231],[140.478855,38.194589],[140.478592,38.195064],[140.477905,38.195756],[140.478155,38.196614],[140.477955,38.197497],[140.478267,38.198356],[140.47818,38.198539],[140.477855,38.198822],[140.477655,38.198964],[140.47743,38.199322],[140.477342,38.199797],[140.47728,38.200489],[140.477192,38.200872],[140.47693,38.201147],[140.47668,38.201572],[140.476242,38.202064],[140.475692,38.202555],[140.47538,38.202964],[140.47513,38.203164],[140.474517,38.203322],[140.474005,38.203497],[140.473892,38.203763],[140.47383,38.204147],[140.473605,38.204463],[140.47343,38.204622],[140.47288,38.204847],[140.472742,38.204955],[140.47243,38.205497],[140.472367,38.205905],[140.472455,38.206371],[140.472817,38.207213],[140.472867,38.208205],[140.473292,38.209113],[140.473379,38.209405],[140.473342,38.209696],[140.473204,38.209896],[140.472342,38.210729],[140.471529,38.211988],[140.470954,38.213296],[140.470954,38.214779],[140.471279,38.217537],[140.471566,38.218279],[140.471791,38.219095],[140.472378,38.220878],[140.472716,38.22142],[140.473203,38.221945],[140.47399,38.223028],[140.474115,38.223253],[140.474215,38.223795],[140.474215,38.224161],[140.474165,38.224636],[140.47404,38.224995],[140.473728,38.225511],[140.47289,38.226428],[140.47249,38.226786],[140.47194,38.227169],[140.47134,38.227394],[140.47074,38.227661],[140.469828,38.227969],[140.469365,38.228219],[140.469165,38.228511],[140.46919,38.228844],[140.46939,38.229636],[140.468953,38.230044],[140.46869,38.230827],[140.468465,38.231252],[140.468177,38.232152],[140.467577,38.232285],[140.466915,38.232827],[140.467002,38.23296],[140.467402,38.233077],[140.467965,38.233143],[140.468602,38.233335],[140.469077,38.233535],[140.46974,38.233768],[140.470315,38.234085],[140.470627,38.23436],[140.470939,38.234718],[140.470964,38.235085],[140.471077,38.235418],[140.471014,38.236593],[140.470727,38.237226],[140.470777,38.237543],[140.470664,38.237851],[140.470427,38.238209],[140.470289,38.238618],[140.470202,38.239184],[140.470139,38.239518],[140.469677,38.240509],[140.469364,38.241459],[140.469264,38.242043],[140.469176,38.243126],[140.469464,38.244276],[140.469826,38.245092],[140.469851,38.245384],[140.469676,38.245717],[140.469651,38.246034],[140.469551,38.247484],[140.469789,38.248],[140.469951,38.248275],[140.470951,38.249384],[140.471113,38.250175],[140.471113,38.250875],[140.471313,38.251483],[140.471476,38.251617],[140.471913,38.251867],[140.472251,38.252183],[140.472651,38.252367],[140.472363,38.252642],[140.472101,38.252958],[140.472026,38.253108],[140.471825,38.253767],[140.471526,38.2543],[140.471101,38.254866],[140.470526,38.255383],[140.470013,38.255983],[140.469663,38.256233],[140.469438,38.256483],[140.469351,38.257041],[140.469513,38.257925],[140.469713,38.258308],[140.470188,38.259033],[140.47065,38.259558],[140.471988,38.259966],[140.472813,38.260266],[140.473013,38.260874],[140.47295,38.261391],[140.472575,38.262091],[140.4724,38.262816],[140.472425,38.263107],[140.4724,38.264099],[140.472113,38.264657],[140.47165,38.265041],[140.471538,38.265174],[140.471388,38.265491],[140.47165,38.266057],[140.471688,38.268357],[140.471225,38.26944],[140.4716,38.269665],[140.472313,38.27019],[140.472675,38.270865],[140.472938,38.27159],[140.473013,38.271707],[140.473475,38.271773],[140.47465,38.27144],[140.475012,38.271823],[140.476212,38.27244],[140.476675,38.272623],[140.479075,38.273315],[140.479662,38.273548],[140.480587,38.27339],[140.481587,38.273282],[140.482412,38.27329],[140.483874,38.27364],[140.484349,38.27359],[140.485074,38.273782],[140.485749,38.274057],[140.486587,38.274307],[140.487149,38.274357],[140.487812,38.274357],[140.488262,38.274699],[140.489687,38.275657],[140.490286,38.276015],[140.490799,38.276474],[140.491399,38.278123],[140.491561,38.278823],[140.491786,38.279407],[140.492211,38.280115],[140.492749,38.280498],[140.493699,38.280982],[140.494386,38.281232],[140.495061,38.281573],[140.496086,38.282656],[140.496436,38.28284],[140.496624,38.283023],[140.496849,38.283115],[140.496999,38.283323],[140.496911,38.28359],[140.496609,38.283969],[140.496199,38.284265],[140.495424,38.28514],[140.495424,38.285473],[140.495699,38.285973],[140.495586,38.286156],[140.495324,38.286423],[140.494961,38.286914],[140.494149,38.288248],[140.493974,38.289239],[140.493336,38.290156],[140.493024,38.290739],[140.492936,38.292047],[140.492811,38.292364],[140.492186,38.293014],[140.492411,38.293239],[140.492699,38.293422],[140.492811,38.293831],[140.492949,38.294714],[140.492886,38.295547],[140.492461,38.295922],[140.492136,38.296689],[140.492199,38.297214],[140.492386,38.297755],[140.493174,38.300488],[140.493149,38.300713],[140.492661,38.301322],[140.492486,38.301747],[140.492536,38.302172],[140.492824,38.302672],[140.492911,38.302697],[140.493286,38.302672],[140.494311,38.302572],[140.494686,38.302613],[140.494974,38.302847],[140.495311,38.303205],[140.495886,38.303663],[140.496286,38.303863],[140.496609,38.303884],[140.496661,38.303872],[140.497036,38.303822],[140.499123,38.303655],[140.500236,38.303705],[140.500773,38.303888],[140.501261,38.304163],[140.501436,38.304297],[140.501861,38.304755],[140.502773,38.305838],[140.503161,38.306497],[140.50331,38.306813],[140.50416,38.307838],[140.504348,38.308471],[140.504485,38.309863],[140.504623,38.310563],[140.504735,38.311513],[140.504723,38.312371],[140.504548,38.313429],[140.504285,38.314037],[140.50426,38.314287],[140.504998,38.314204],[140.506123,38.314162],[140.50706,38.314012],[140.507285,38.313946],[140.507698,38.313762],[140.507898,38.313629],[140.50941,38.313279],[140.50981,38.313013],[140.510097,38.312671],[140.511247,38.311554],[140.511622,38.311279],[140.51231,38.311129],[140.514322,38.31098],[140.514722,38.311071],[140.515597,38.311146],[140.516609,38.31088],[140.518097,38.310255],[140.518784,38.30988],[140.519647,38.309546],[140.520359,38.309571],[140.520784,38.309955],[140.521234,38.310505],[140.521584,38.311113],[140.521746,38.311813],[140.521796,38.313238],[140.521871,38.313913],[140.522134,38.314454],[140.522584,38.315138],[140.523146,38.315771],[140.523521,38.316379],[140.524034,38.316762],[140.524771,38.317104],[140.525683,38.317454],[140.526021,38.318179],[140.526133,38.318312],[140.526683,38.318562],[140.527858,38.318821],[140.528083,38.319204],[140.527846,38.319879],[140.527871,38.320171],[140.528183,38.320304],[140.529133,38.320537],[140.529696,38.320787],[140.529758,38.320995],[140.529321,38.321487],[140.528658,38.322495],[140.528633,38.322654],[140.528746,38.322995],[140.529195,38.323679],[140.529245,38.323903],[140.529445,38.324328],[140.52967,38.324553],[140.530308,38.324853],[140.53067,38.324995],[140.53067,38.325195],[140.530558,38.325353],[140.528495,38.326986],[140.527858,38.32757],[140.527595,38.328086],[140.527595,38.328586],[140.527645,38.329211],[140.527558,38.329711],[140.527408,38.330094],[140.527033,38.330678],[140.526345,38.331511],[140.525258,38.332469],[140.525045,38.332944],[140.525195,38.333377],[140.52522,38.333761],[140.525183,38.335069],[140.525033,38.336285],[140.524995,38.336327],[140.52482,38.33696],[140.523883,38.339277],[140.523795,38.339818],[140.523908,38.340701],[140.524108,38.341351],[140.52392,38.34201],[140.523808,38.342818],[140.52352,38.343376],[140.523145,38.343943],[140.522545,38.344409],[140.522333,38.344659],[140.522045,38.345376],[140.521983,38.346101],[140.521808,38.346801],[140.52172,38.3475],[140.521858,38.34795],[140.522145,38.348584],[140.522108,38.348784],[140.52182,38.349484],[140.521595,38.34975],[140.52162,38.350067],[140.522607,38.352942],[140.522857,38.353367],[140.52297,38.353433],[140.523995,38.354566],[140.52467,38.355158],[140.525469,38.356291],[140.526607,38.357791],[140.526919,38.358016],[140.528219,38.359241],[140.529044,38.359924],[140.530244,38.360449],[140.531806,38.361383],[140.533356,38.362024],[140.533981,38.362249],[140.534581,38.362324],[140.535181,38.362166],[140.536093,38.362108],[140.537406,38.362291],[140.539118,38.362325],[140.540693,38.36215],[140.541093,38.362175],[140.543292,38.363608],[140.544167,38.364],[140.54543,38.364258],[140.545942,38.364641],[140.546567,38.3655],[140.547379,38.367516],[140.547692,38.368733],[140.548029,38.369116],[140.548767,38.369616],[140.549479,38.370324],[140.550192,38.370916],[140.550192,38.371166],[140.549754,38.371766],[140.549579,38.372374],[140.550004,38.373057],[140.550766,38.374524],[140.551566,38.375615],[140.552929,38.376707],[140.553216,38.37664],[140.553991,38.376598],[140.555328,38.377415],[140.556241,38.377673],[140.557503,38.377565],[140.558678,38.377573],[140.560216,38.377874],[140.560503,38.377849],[140.560928,38.377382],[140.561765,38.377274],[140.562765,38.377415],[140.563215,38.377299],[140.56339,38.377232],[140.563478,38.377307],[140.563953,38.378657],[140.565178,38.380357],[140.565715,38.381373],[140.566102,38.382398],[140.566615,38.383548],[140.567377,38.384906],[140.56749,38.385223],[140.56809,38.38574],[140.570889,38.387131],[140.571627,38.388181],[140.571789,38.388723],[140.573876,38.389656],[140.574364,38.390039],[140.575639,38.391314],[140.576776,38.392156],[140.578088,38.392839],[140.578113,38.392931],[140.578026,38.393489],[140.577426,38.394639],[140.576938,38.395447],[140.576239,38.396055],[140.575264,38.396472],[140.574464,38.396789],[140.574401,38.39773],[140.574101,38.399855],[140.574189,38.401321],[140.574063,38.402446],[140.574063,38.403504],[140.574426,38.404388],[140.573938,38.404862],[140.573451,38.405687],[140.573476,38.406187],[140.573663,38.407404],[140.573313,38.408262],[140.572738,38.409187],[140.571364,38.410595],[140.571276,38.411187],[140.571351,38.411795],[140.571351,38.412245],[140.571238,38.412986],[140.571288,38.413803],[140.571601,38.414678],[140.572363,38.415478],[140.573188,38.415703],[140.573476,38.415845],[140.574276,38.416411],[140.575988,38.418045],[140.576638,38.418769],[140.577575,38.419611],[140.577663,38.419636],[140.5779,38.419969],[140.578125,38.420219],[140.578263,38.420536],[140.577863,38.421619],[140.577888,38.422228],[140.578538,38.422752],[140.579225,38.423136],[140.579387,38.423436],[140.57925,38.424127],[140.579187,38.424719],[140.579637,38.425869],[140.580337,38.42711],[140.580312,38.427744],[140.580387,38.428627],[140.5807,38.429527],[140.580925,38.430635],[140.581037,38.432035],[140.581425,38.432851],[140.58165,38.433501],[140.580412,38.435418],[140.580525,38.437359],[140.580712,38.437534],[140.581512,38.437584],[140.582,38.438134],[140.582512,38.438876],[140.583287,38.439334],[140.584312,38.439792],[140.585537,38.440492],[140.585899,38.440542],[140.586074,38.440526],[140.586787,38.440459],[140.587511,38.440192],[140.588161,38.439676],[140.588799,38.439293],[140.589536,38.439184],[140.590111,38.439326],[140.590911,38.439851],[140.591448,38.440351],[140.591898,38.440959],[140.592186,38.441567],[140.592361,38.441776],[140.592786,38.441484],[140.593648,38.440609],[140.593848,38.440451],[140.595023,38.439126],[140.595685,38.438635],[140.596698,38.437243],[140.597072,38.43691],[140.597497,38.43666],[140.597835,38.436552],[140.597922,38.436485],[140.597985,38.436735],[140.598547,38.438135],[140.599022,38.439018],[140.599622,38.439809],[140.600422,38.440651],[140.600935,38.440993],[140.601984,38.441151],[140.602559,38.441768],[140.602922,38.442692],[140.603097,38.443034],[140.603834,38.443626],[140.604497,38.444034],[140.605322,38.444351],[140.606234,38.444309],[140.607234,38.444201],[140.607859,38.444367],[140.608059,38.444526],[140.608571,38.445542],[140.609084,38.446067],[140.609371,38.446267],[140.609709,38.446742],[140.610159,38.447517],[140.610646,38.448558],[140.611208,38.449975],[140.612008,38.45145],[140.612483,38.452491],[140.613133,38.453508],[140.614133,38.454166],[140.615246,38.454466],[140.61682,38.454608],[140.617795,38.454641],[140.619508,38.454766],[140.61967,38.454941],[140.61987,38.455283],[140.619758,38.455391],[140.619583,38.455732],[140.619495,38.455824],[140.618933,38.456199],[140.617833,38.456649],[140.616295,38.457066],[140.613696,38.457207],[140.612746,38.457565],[140.610883,38.457982],[140.608946,38.45804],[140.608196,38.458149],[140.608146,38.458282],[140.608021,38.458982],[140.607071,38.460307],[140.606784,38.460982],[140.606696,38.461882],[140.606371,38.462673],[140.606434,38.46344],[140.606571,38.46369],[140.606884,38.464481],[140.607196,38.465523],[140.607783,38.466764],[140.607921,38.467781],[140.607921,38.468164],[140.608033,38.469272],[140.607821,38.470105],[140.607421,38.470939],[140.606733,38.472872],[140.606446,38.47323],[140.606058,38.473947],[140.605721,38.474921],[140.604746,38.475788],[140.603796,38.476438],[140.603108,38.477155],[140.602783,38.478038],[140.602721,38.478896],[140.602858,38.479504],[140.603321,38.480387],[140.604308,38.482037],[140.603883,38.482437],[140.602996,38.482912],[140.602021,38.483579],[140.601183,38.483895],[140.600183,38.483929],[140.599384,38.484337],[140.599059,38.484645],[140.598596,38.485595],[140.598396,38.486495],[140.597934,38.487211],[140.597709,38.48737],[140.596759,38.48777],[140.595209,38.488345],[140.594921,38.488528],[140.593809,38.48902],[140.592772,38.489344],[140.591409,38.489636],[140.590459,38.489919],[140.589509,38.490436],[140.58731,38.490561],[140.584872,38.490953],[140.583697,38.491036],[140.582698,38.491386],[140.58146,38.492127],[140.580085,38.492886],[140.579335,38.493694],[140.578535,38.494344],[140.578285,38.494319],[140.577048,38.493769],[140.57631,38.493952],[140.575585,38.494302],[140.574073,38.494727],[140.573761,38.494952],[140.573635,38.49556],[140.573773,38.496527],[140.573548,38.497135],[140.573348,38.497243],[140.572485,38.497427],[140.571885,38.497827],[140.571223,38.498993],[140.569786,38.500001],[140.568548,38.500601],[140.567511,38.501226],[140.567373,38.501434],[140.567336,38.501909],[140.567486,38.502376],[140.567761,38.502934],[140.568061,38.503326],[140.568461,38.503526],[140.568873,38.503768],[140.569085,38.503943],[140.569273,38.504193],[140.56931,38.504326],[140.56936,38.505292],[140.56921,38.505926],[140.568885,38.506384],[140.568385,38.506684],[140.567773,38.506867],[140.566786,38.507217],[140.566148,38.507625],[140.564961,38.508625],[140.564473,38.509217],[140.564361,38.510142],[140.563773,38.510575],[140.563448,38.510783],[140.563473,38.510833],[140.564173,38.511525],[140.565398,38.512933],[140.566348,38.51385],[140.566623,38.514025],[140.568048,38.513925],[140.568798,38.5143],[140.569397,38.514767],[140.569985,38.515125],[140.570272,38.515417],[140.57031,38.51575],[140.570285,38.516317],[140.570335,38.5169],[140.570435,38.517425],[140.570372,38.517691],[140.56961,38.518058],[140.569085,38.518491],[140.56856,38.518791],[140.56801,38.519041],[140.567672,38.519316],[140.567647,38.519725],[140.567885,38.520916],[140.568347,38.522383],[140.56866,38.522808],[140.569072,38.523274],[140.569422,38.523766],[140.569797,38.524124],[140.570959,38.524633],[140.571559,38.525283],[140.572034,38.525683],[140.571534,38.525958],[140.571109,38.526141],[140.570309,38.526308],[140.569809,38.526607],[140.569234,38.527132],[140.568747,38.527657],[140.568322,38.527907],[140.568097,38.527949],[140.567422,38.527824],[140.56661,38.527491],[140.565947,38.527182],[140.565422,38.526982],[140.564672,38.526949],[140.56266,38.526874],[140.562285,38.52699],[140.561585,38.527332],[140.56106,38.527724],[140.559323,38.52909],[140.558123,38.52989],[140.557536,38.529965],[140.556298,38.52984],[140.555923,38.529906],[140.555586,38.530231],[140.555348,38.53059],[140.555136,38.530998],[140.555111,38.531406],[140.555373,38.532106],[140.555698,38.532689],[140.556211,38.533673],[140.556048,38.533764],[140.555461,38.533864],[140.554948,38.534048],[140.554786,38.534164],[140.554611,38.534456],[140.554461,38.534931],[140.554473,38.535472],[140.554536,38.536031],[140.554873,38.536956],[140.554236,38.537772],[140.554086,38.53823],[140.554211,38.53863],[140.554473,38.539105],[140.554511,38.539439],[140.554123,38.540414],[140.554061,38.540914],[140.554223,38.54138],[140.554636,38.541855],[140.555086,38.542255],[140.555485,38.542563],[140.555985,38.542855],[140.556398,38.542963],[140.556923,38.54298],[140.557385,38.543072],[140.557885,38.542972],[140.558685,38.542605],[140.55936,38.542372],[140.559847,38.542255],[140.560097,38.542372],[140.56026,38.542639],[140.560335,38.543022],[140.561272,38.543872],[140.561435,38.544072],[140.561997,38.544605],[140.562447,38.545097],[140.562947,38.54543],[140.564309,38.545688],[140.564559,38.545805],[140.564722,38.546097],[140.564922,38.546655],[140.565309,38.548071],[140.565534,38.54848],[140.566296,38.549305],[140.566771,38.550113],[140.566509,38.550879],[140.566396,38.551404],[140.566459,38.551829],[140.566584,38.552004],[140.567021,38.552204],[140.567746,38.552654],[140.568258,38.553187],[140.568696,38.553796],[140.569708,38.555029],[140.569908,38.555546],[140.569908,38.556012],[140.569983,38.55642],[140.569833,38.556762],[140.569095,38.557537],[140.569045,38.557962],[140.568745,38.558487],[140.568008,38.558762],[140.567445,38.558853],[140.566933,38.559337],[140.566533,38.559928],[140.566383,38.560262],[140.56652,38.560487],[140.567233,38.560595],[140.567695,38.560703],[140.56802,38.561261],[140.56827,38.56187],[140.568308,38.562095],[140.568632,38.562636],[140.569157,38.562995],[140.570657,38.563203],[140.571345,38.563378],[140.571844,38.563686],[140.572569,38.564428],[140.573794,38.565269],[140.574394,38.565903],[140.574956,38.566319],[140.575919,38.566786],[140.577106,38.567253],[140.577856,38.567602],[140.578431,38.567936],[140.578706,38.568227],[140.578719,38.568636],[140.578569,38.568769],[140.578319,38.569136],[140.578456,38.570077],[140.578343,38.570419],[140.577856,38.570585],[140.576881,38.570477],[140.576731,38.570502],[140.576369,38.570777],[140.575906,38.571385],[140.575094,38.572343],[140.574994,38.572502],[140.575006,38.57286],[140.575456,38.574143],[140.575556,38.574551],[140.575168,38.574985],[140.574306,38.575685],[140.573881,38.576118],[140.573606,38.576576],[140.573306,38.578293],[140.573206,38.578559],[140.572943,38.579017],[140.571044,38.580292],[140.571069,38.580517],[140.571331,38.580767],[140.571356,38.5809],[140.571244,38.581267],[140.571006,38.581742],[140.570856,38.58215],[140.570956,38.582575],[140.571331,38.583133],[140.572193,38.584325],[140.572231,38.584683],[140.571931,38.58545],[140.571881,38.585766],[140.571881,38.586016],[140.571981,38.586258],[140.571956,38.586475],[140.571806,38.586725],[140.571556,38.586866],[140.571306,38.587091],[140.571106,38.587474],[140.570768,38.587883],[140.570243,38.588249],[140.569718,38.588508],[140.569081,38.588758],[140.568806,38.589166],[140.568281,38.589574],[140.567981,38.589916],[140.567869,38.590299],[140.567869,38.590757],[140.568006,38.591357],[140.568169,38.591832],[140.568493,38.592282],[140.569718,38.593648],[140.569818,38.594115],[140.569393,38.59439],[140.568156,38.594582],[140.567843,38.594607],[140.567106,38.594732],[140.566269,38.594915],[140.564944,38.595381],[140.563869,38.595906],[140.563319,38.596073],[140.562669,38.596165],[140.561682,38.596781],[140.560919,38.597173],[140.560244,38.597381],[140.558794,38.597623],[140.558482,38.597714],[140.558482,38.597831],[140.558869,38.598589],[140.558994,38.599064],[140.558919,38.599922],[140.559244,38.600781],[140.558732,38.601572],[140.558432,38.602114],[140.558344,38.602614],[140.558507,38.60288],[140.559169,38.603347],[140.559819,38.603722],[140.560444,38.603972],[140.561094,38.604122],[140.561756,38.60443],[140.562131,38.604789],[140.562294,38.605147],[140.562219,38.605913],[140.562344,38.60668],[140.562319,38.606997],[140.562169,38.607288],[140.562056,38.607405],[140.561319,38.607705],[140.560944,38.607955],[140.560856,38.608113],[140.560831,38.608705],[140.560381,38.609496],[140.560194,38.60963],[140.559269,38.60993],[140.558669,38.610888],[140.558144,38.611204],[140.557507,38.611371],[140.556982,38.611671],[140.556582,38.611988],[140.555007,38.612138],[140.553982,38.612412],[140.55362,38.612804],[140.552982,38.613104],[140.552757,38.613171],[140.552295,38.613421],[140.551757,38.614446],[140.551307,38.614895],[140.550357,38.61567],[140.549932,38.616154],[140.549745,38.616487],[140.549732,38.617262],[140.549457,38.617712],[140.54907,38.618212],[140.548882,38.61862],[140.549045,38.619003],[140.549607,38.619512],[140.549832,38.619828],[140.549532,38.620212],[140.548107,38.620561],[140.547282,38.620953],[140.547033,38.621095],[140.546895,38.621928],[140.546258,38.622411],[140.54607,38.622478],[140.545633,38.622711],[140.545058,38.623069],[140.544445,38.623394],[140.54382,38.623761],[140.54337,38.624128],[140.54312,38.624419],[140.54267,38.625261],[140.54237,38.625694],[140.541983,38.626527],[140.54187,38.626977],[140.54187,38.62741],[140.542308,38.629319],[140.542258,38.629702],[140.541183,38.630435],[140.54072,38.630827],[140.538708,38.63296],[140.538345,38.633368],[140.537795,38.633851],[140.537583,38.634168],[140.537433,38.634709],[140.537383,38.635226],[140.537608,38.636018],[140.537958,38.636468],[140.538408,38.636909],[140.539657,38.637867],[140.540157,38.638292],[140.540395,38.638859],[140.540495,38.639376],[140.541094,38.640634],[140.541394,38.641917],[140.542107,38.643192],[140.542569,38.6449],[140.542794,38.645417],[140.543269,38.646142],[140.543619,38.646566],[140.543931,38.647033],[140.544131,38.647575],[140.544206,38.648133],[140.544356,38.648425],[140.545518,38.649208],[140.546493,38.649783],[140.546956,38.649691],[140.547631,38.649483],[140.548156,38.649275],[140.548955,38.649041],[140.550105,38.648625],[140.550555,38.648125],[140.551105,38.647667],[140.551443,38.647575],[140.55318,38.647675],[140.55393,38.647508],[140.554605,38.647117],[140.555005,38.647342],[140.55563,38.647608],[140.556405,38.647783],[140.557192,38.647867],[140.55778,38.647883],[140.559292,38.647825],[140.560542,38.648109],[140.561904,38.648159],[140.562804,38.648059],[140.562991,38.647967],[140.563441,38.647534],[140.564566,38.646359],[140.565029,38.646034],[140.565729,38.645467],[140.565841,38.644809],[140.566054,38.644334],[140.566854,38.643609],[140.567179,38.643218],[140.567454,38.642609],[140.567791,38.642218],[140.567991,38.641743],[140.568354,38.640551],[140.568891,38.639976],[140.569016,38.63966],[140.569091,38.639051],[140.569304,38.638377],[140.569666,38.638143],[140.570766,38.638493],[140.571379,38.638243],[140.572016,38.637835],[140.572766,38.637668],[140.573191,38.637643],[140.573578,38.637885],[140.574366,38.638643],[140.574578,38.638802],[140.575241,38.63911],[140.575791,38.639218],[140.576228,38.639102],[140.576753,38.63876],[140.577915,38.63816],[140.578165,38.637977],[140.578278,38.637593],[140.578178,38.636919],[140.578328,38.636602],[140.579215,38.63596],[140.579953,38.635727],[140.58144,38.635652],[140.583078,38.635519],[140.583665,38.635427],[140.584377,38.635127],[140.585702,38.634752],[140.587002,38.634336],[140.58764,38.634086],[140.588202,38.633986],[140.588852,38.633911],[140.590002,38.633927],[140.590152,38.634036],[140.59054,38.634602],[140.591452,38.635361],[140.591889,38.635852],[140.592452,38.636252],[140.593239,38.636511],[140.593889,38.636644],[140.594352,38.636911],[140.595351,38.637152],[140.595414,38.637194],[140.595639,38.637844],[140.595964,38.638294],[140.596439,38.638835],[140.596939,38.639144],[140.597151,38.639235],[140.598313,38.639494],[140.599176,38.639577],[140.600513,38.639585],[140.600976,38.639785],[140.601263,38.640052],[140.601888,38.64061],[140.601963,38.640969],[140.601876,38.64176],[140.602125,38.643018],[140.602338,38.643402],[140.602663,38.643718],[140.602788,38.64396],[140.602888,38.64446],[140.603188,38.645293],[140.603475,38.645743],[140.60395,38.646343],[140.604237,38.646818],[140.60455,38.647535],[140.6049,38.647985],[140.605687,38.648768],[140.605725,38.648851],[140.605262,38.64911],[140.6049,38.649385],[140.6046,38.649859],[140.604337,38.650984],[140.604525,38.651393],[140.605324,38.652309],[140.605449,38.652534],[140.605799,38.652959],[140.605862,38.653301],[140.605749,38.653684],[140.605849,38.654151],[140.606224,38.654626],[140.606299,38.654942],[140.606149,38.655142],[140.605999,38.655459],[140.605999,38.655551],[140.606499,38.655976],[140.606637,38.656334],[140.606887,38.656651],[140.608274,38.658084],[140.608624,38.658667],[140.609049,38.659925],[140.609186,38.660125],[140.609586,38.66055],[140.610186,38.660817],[140.610899,38.6609],[140.611674,38.66105],[140.612899,38.661534],[140.613523,38.661867],[140.613123,38.662009],[140.612386,38.66235],[140.612286,38.662442],[140.612174,38.662692],[140.612173,38.66285],[140.611973,38.663958],[140.612048,38.664292],[140.612636,38.664742],[140.613048,38.664983],[140.613423,38.6653],[140.613623,38.665633],[140.613686,38.666083],[140.613636,38.666425],[140.613586,38.666941],[140.613686,38.667483],[140.614073,38.668266],[140.614136,38.668558],[140.614136,38.668858],[140.614335,38.669575],[140.614435,38.669583],[140.614523,38.669616],[140.614673,38.6698],[140.615085,38.670408],[140.615323,38.670633],[140.615898,38.670708],[140.616573,38.670975],[140.617348,38.671524],[140.618635,38.672708],[140.619135,38.673433],[140.619472,38.674049],[140.61961,38.674583],[140.62006,38.675449],[140.620735,38.676274],[140.62066,38.676532],[140.62021,38.677107],[140.619797,38.677407],[140.619622,38.677724],[140.619685,38.678266],[140.620097,38.679157],[140.620372,38.679799],[140.620372,38.679907],[140.620085,38.680557],[140.62036,38.680732],[140.620885,38.680882],[140.621509,38.68114],[140.621584,38.681044],[140.621734,38.681115],[140.621897,38.681207],[140.621984,38.681299],[140.622009,38.681457],[140.621922,38.68164],[140.621784,38.681724],[140.621647,38.681907],[140.621584,38.681952],[140.621397,38.682157],[140.621209,38.682915],[140.621234,38.68409],[140.621409,38.68499],[140.621534,38.685048],[140.621622,38.685065],[140.622084,38.685223],[140.622747,38.68549],[140.623384,38.685807],[140.623797,38.686123],[140.624147,38.686523],[140.624372,38.68684],[140.624509,38.68734],[140.624421,38.687856],[140.624209,38.688331],[140.624034,38.688806],[140.623796,38.68919],[140.623759,38.689273],[140.623434,38.689523],[140.623071,38.689931],[140.623321,38.690289],[140.623846,38.690631],[140.624034,38.690948],[140.624034,38.691481],[140.623734,38.692164],[140.623684,38.692456],[140.623384,38.693089],[140.622834,38.693647],[140.622746,38.693831],[140.621734,38.694981],[140.621583,38.695333],[140.621021,38.696097],[140.620871,38.696214],[140.620746,38.696447],[140.620784,38.69678],[140.621146,38.697297],[140.621509,38.697705],[140.621871,38.697705],[140.622334,38.697822],[140.622659,38.69798],[140.622996,38.698314],[140.623546,38.699439],[140.623684,38.699805],[140.62363,38.699877],[140.623546,38.699888],[140.622909,38.700097],[140.622534,38.700255],[140.622221,38.700322],[140.621921,38.70028],[140.621583,38.700183],[140.621096,38.700055],[140.620296,38.699905],[140.619334,38.699905],[140.618109,38.700088],[140.617509,38.700213],[140.616209,38.700596],[140.615434,38.701038],[140.614672,38.70158],[140.614184,38.701838],[140.613372,38.701871],[140.613159,38.701805],[140.612947,38.701771],[140.611622,38.701863],[140.610472,38.702196],[140.608822,38.702746],[140.608134,38.703029],[140.606897,38.703404],[140.60646,38.704021],[140.606572,38.704637],[140.607272,38.705496],[140.607522,38.706204],[140.607784,38.706687],[140.608334,38.707096],[140.608559,38.707312],[140.608922,38.707729],[140.609109,38.70897],[140.609009,38.709812],[140.608859,38.710095],[140.607884,38.711553],[140.607597,38.712353],[140.607584,38.71332],[140.607434,38.714628],[140.607471,38.715211],[140.607621,38.715711],[140.607471,38.716436],[140.606896,38.717519],[140.606796,38.718094],[140.606884,38.718269],[140.607459,38.718886],[140.607459,38.719536],[140.607184,38.720402],[140.607034,38.721211],[140.607196,38.721669],[140.607384,38.721844],[140.608321,38.722969],[140.609983,38.723319],[140.610771,38.723777],[140.612096,38.72546],[140.612546,38.725735],[140.613621,38.726094],[140.614771,38.726569],[140.616083,38.727352],[140.616358,38.727585],[140.616908,38.72816],[140.61742,38.728769],[140.618833,38.729919],[140.620045,38.730752],[140.62062,38.731585],[140.620845,38.732077],[140.621408,38.732977],[140.621582,38.733112],[140.621733,38.73341],[140.621733,38.733518],[140.621582,38.733737],[140.621502,38.733792],[140.621308,38.733876],[140.621133,38.73416],[140.62112,38.734501],[140.621195,38.734843],[140.621308,38.735085],[140.62142,38.735201],[140.621533,38.735243],[140.62162,38.735368],[140.621732,38.735551],[140.62187,38.736226],[140.621807,38.736809],[140.621581,38.737254],[140.621208,38.737593],[140.620933,38.737751],[140.62077,38.737784],[140.620533,38.737959],[140.620458,38.738234],[140.62012,38.738543],[140.620145,38.738826],[140.620483,38.739267],[140.621395,38.740192],[140.621532,38.740267],[140.621581,38.740212],[140.62167,38.740301],[140.622082,38.740826],[140.622257,38.740892],[140.62247,38.741159],[140.622632,38.741226],[140.622807,38.741434],[140.622832,38.741742],[140.622882,38.741792],[140.623132,38.741884],[140.62357,38.741926],[140.624045,38.742467],[140.624345,38.742692],[140.624557,38.742801],[140.625082,38.742826],[140.625382,38.743026],[140.625557,38.743092],[140.626182,38.743092],[140.626845,38.743159],[140.627257,38.743384],[140.627857,38.743659],[140.628607,38.744042],[140.628657,38.744201],[140.628744,38.745525],[140.628744,38.746109],[140.629044,38.746517],[140.629207,38.746609],[140.629732,38.746717],[140.630744,38.746675],[140.631382,38.747534],[140.631682,38.748317],[140.631844,38.748975],[140.631957,38.74965],[140.631932,38.750883],[140.631882,38.751067],[140.631432,38.751808],[140.631294,38.752266],[140.631382,38.752441],[140.631744,38.752783],[140.631794,38.752891],[140.631835,38.753023],[140.631807,38.753116],[140.631794,38.753333],[140.631944,38.753749],[140.632169,38.753949],[140.632806,38.754341],[140.633244,38.754891],[140.633506,38.755416],[140.634231,38.757191],[140.634481,38.757582],[140.634506,38.757741],[140.634406,38.759166],[140.634456,38.759649],[140.634581,38.760099],[140.634881,38.760782],[140.635194,38.761165],[140.636043,38.761974],[140.636618,38.76229],[140.637831,38.762665],[140.638393,38.762915],[140.639781,38.763748],[140.640768,38.764248],[140.641418,38.764523],[140.642343,38.764732],[140.64293,38.764807],[140.64353,38.764973],[140.643893,38.765357],[140.644568,38.766173],[140.644768,38.766556],[140.64493,38.767106],[140.645218,38.767665],[140.645655,38.768115],[140.64608,38.768489],[140.646493,38.768981],[140.64653,38.769414],[140.64648,38.769589],[140.646168,38.769981],[140.645805,38.770364],[140.64553,38.770914],[140.645268,38.771289],[140.644793,38.771522],[140.64388,38.771731],[140.643505,38.771947],[140.643168,38.772531],[140.642968,38.773489],[140.64278,38.77418],[140.64253,38.774864],[140.642305,38.775338],[140.642155,38.775497],[140.641655,38.775822],[140.640943,38.77608],[140.64018,38.776288],[140.638043,38.777046],[140.637793,38.777196],[140.637281,38.77743],[140.636731,38.77748],[140.635981,38.777455],[140.635706,38.777396],[140.635093,38.777105],[140.634481,38.776746],[140.633931,38.776338],[140.633156,38.77598],[140.632818,38.775905],[140.631994,38.77588],[140.631244,38.775813],[140.630581,38.775571],[140.629594,38.77473],[140.628919,38.774247],[140.628344,38.774063],[140.627694,38.774013],[140.627431,38.774038],[140.626794,38.77418],[140.626144,38.774413],[140.625457,38.774613],[140.624994,38.77478],[140.624457,38.775155],[140.624032,38.775355],[140.623644,38.77543],[140.622832,38.775513],[140.621982,38.775554],[140.62158,38.775541],[140.621519,38.775588],[140.62122,38.775621],[140.620295,38.775829],[140.61952,38.776088],[140.618832,38.776429],[140.617795,38.776788],[140.61662,38.777296],[140.615745,38.777429],[140.615157,38.777637],[140.61482,38.777954],[140.61372,38.778704],[140.613658,38.778879],[140.613783,38.779837],[140.613695,38.780329],[140.61337,38.78092],[140.613245,38.781353],[140.612945,38.781695],[140.612395,38.781978],[140.611083,38.78217],[140.61052,38.782487],[140.609245,38.783003],[140.609033,38.783028],[140.60837,38.782961],[140.606771,38.782478],[140.605396,38.78297],[140.605058,38.783053],[140.603983,38.783495],[140.603596,38.783928],[140.603208,38.784844],[140.603021,38.785536],[140.602983,38.786386],[140.603221,38.787727],[140.603283,38.788461],[140.603133,38.789044],[140.602646,38.78946],[140.600883,38.790585],[140.600371,38.790827],[140.600096,38.790918],[140.599496,38.791385],[140.599096,38.792027],[140.599008,38.792618],[140.599258,38.793193],[140.599733,38.793785],[140.600096,38.794426],[140.600158,38.79486],[140.599946,38.795368],[140.599621,38.795918],[140.599071,38.796568],[140.598908,38.797201],[140.599058,38.799201],[140.598921,38.799767],[140.598621,38.800192],[140.598096,38.800584],[140.597659,38.801034],[140.597321,38.801175],[140.596971,38.801609],[140.596509,38.801858],[140.596034,38.802183],[140.595734,38.8023],[140.595721,38.802558],[140.596296,38.803667],[140.596634,38.804475],[140.596634,38.80515],[140.596571,38.80545],[140.596534,38.8062],[140.596696,38.806833],[140.597021,38.807483],[140.597396,38.808041],[140.597708,38.808599],[140.597733,38.808908],[140.597346,38.809732],[140.597158,38.809824],[140.595721,38.810341],[140.595259,38.810649],[140.594959,38.810907],[140.594946,38.811024],[140.595234,38.811599],[140.595446,38.812757],[140.596208,38.813815],[140.596521,38.81459],[140.596758,38.815398],[140.597083,38.815673],[140.597208,38.81594],[140.597833,38.816365],[140.598158,38.816523],[140.598933,38.817015],[140.599408,38.81759],[140.59972,38.819123],[140.59947,38.81989],[140.598483,38.821423],[140.59842,38.821598],[140.598458,38.822389],[140.598395,38.822789],[140.59847,38.823614],[140.598558,38.824014],[140.59877,38.825339],[140.598495,38.825789],[140.59807,38.826156],[140.597595,38.826347],[140.596583,38.826705],[140.59557,38.827172],[140.594558,38.827414],[140.593795,38.827522],[140.593183,38.827664],[140.593008,38.827789],[140.59277,38.828147],[140.59272,38.828988],[140.592858,38.829705],[140.59287,38.830188],[140.592683,38.830788],[140.592595,38.830872],[140.592433,38.831288],[140.592508,38.831796],[140.592345,38.832046],[140.59167,38.832705],[140.590995,38.83338],[140.590533,38.83393],[140.590458,38.834105],[140.590495,38.834388],[140.590595,38.834504],[140.59092,38.834763],[140.59097,38.835004],[140.59077,38.835463],[140.590645,38.836054],[140.590258,38.836154],[140.589445,38.836221],[140.58892,38.836154],[140.58822,38.836163],[140.58812,38.836213],[140.588008,38.836229],[140.587983,38.836288],[140.587808,38.836354],[140.586633,38.836371],[140.586133,38.836487],[140.585795,38.836621],[140.58477,38.837246],[140.584595,38.837487],[140.584395,38.838004],[140.58402,38.838637],[140.583058,38.839712],[140.582508,38.840137],[140.581721,38.840579],[140.579533,38.841537],[140.578721,38.841737],[140.578433,38.841778],[140.577596,38.841503],[140.577221,38.841303],[140.576708,38.84107],[140.576183,38.841228],[140.575583,38.841762],[140.575121,38.842036],[140.574421,38.842161],[140.573759,38.842428],[140.573296,38.842811],[140.572771,38.84317],[140.572196,38.843461],[140.571671,38.843978],[140.571059,38.844786],[140.570509,38.845228],[140.569846,38.845611],[140.569696,38.845769],[140.569321,38.846752],[140.568771,38.847136],[140.567934,38.847402],[140.567559,38.847486],[140.566709,38.847844],[140.565821,38.848085],[140.564609,38.848285],[140.564121,38.848394],[140.563046,38.848544],[140.562359,38.848427],[140.561209,38.847819],[140.560297,38.847519],[140.559659,38.847377],[140.559197,38.847352],[140.559084,38.847394],[140.558884,38.847669],[140.558622,38.848135],[140.558097,38.848719],[140.557622,38.849418],[140.557309,38.850185],[140.557184,38.850943],[140.557247,38.853243],[140.556634,38.854818],[140.556709,38.855451],[140.556684,38.855584],[140.555746,38.856209],[140.554859,38.856742],[140.554247,38.857417],[140.553809,38.858342],[140.553396,38.858925],[140.552734,38.8593],[140.551259,38.859792],[140.550097,38.860167],[140.549259,38.8605],[140.547897,38.8611],[140.546947,38.861341],[140.544847,38.861441],[140.543722,38.861441],[140.543197,38.861391],[140.541735,38.861358],[140.540872,38.861466],[140.540547,38.8616],[140.54011,38.86205],[140.539847,38.862658],[140.539672,38.863349],[140.539372,38.863799],[140.539422,38.864683],[140.539572,38.865224],[140.539797,38.865674],[140.539872,38.866482],[140.539834,38.867299],[140.539709,38.867924],[140.539547,38.868082],[140.538909,38.868416],[140.538584,38.868732],[140.538584,38.868824],[140.538922,38.869565],[140.538947,38.87024],[140.538772,38.870965],[140.538797,38.871415],[140.540084,38.872432],[140.540359,38.87304],[140.540447,38.87379],[140.540434,38.874482],[140.540996,38.875548],[140.541171,38.876181],[140.541421,38.876381],[140.541709,38.876315],[140.542146,38.876165],[140.542496,38.876073],[140.543046,38.876323],[140.543559,38.877006],[140.543834,38.877723],[140.544671,38.878315],[140.545471,38.878706],[140.546096,38.879223],[140.546608,38.87979],[140.546983,38.880356],[140.547496,38.881031],[140.547608,38.881573],[140.547171,38.882114],[140.545971,38.883414],[140.545733,38.884181],[140.545733,38.884647],[140.545583,38.885689],[140.545771,38.886364],[140.546258,38.88738],[140.546595,38.888464],[140.54682,38.88898],[140.546958,38.889163],[140.54707,38.889205],[140.548358,38.887822],[140.549583,38.886314],[140.550508,38.885372],[140.551233,38.884723],[140.551758,38.884139],[140.552195,38.883556],[140.552895,38.882906],[140.553158,38.882415],[140.553395,38.881606],[140.55362,38.879673],[140.553858,38.879015],[140.55357,38.878498],[140.553458,38.877982],[140.55367,38.877174],[140.55402,38.876499],[140.554508,38.876074],[140.55547,38.875965],[140.55702,38.876015],[140.557658,38.875841],[140.55867,38.875191],[140.55957,38.874924],[140.560433,38.874732],[140.560633,38.874641],[140.561508,38.873808],[140.561795,38.873141],[140.562008,38.873049],[140.562395,38.873633],[140.563432,38.874383],[140.563895,38.874549],[140.56542,38.874958],[140.566532,38.875099],[140.56732,38.874991],[140.56752,38.874899],[140.568157,38.874749],[140.568932,38.874708],[140.569419,38.874708],[140.569569,38.874733],[140.570057,38.87505],[140.570369,38.875616],[140.570932,38.876433],[140.572619,38.878374],[140.573194,38.878583],[140.573881,38.878591],[140.574694,38.878816],[140.575844,38.879499],[140.578969,38.881182],[140.579943,38.881499],[140.580918,38.881482],[140.582256,38.881041],[140.582718,38.880974],[140.583781,38.880716],[140.585081,38.880116],[140.585368,38.880049],[140.585606,38.880116],[140.585568,38.880833],[140.585593,38.881941],[140.585781,38.882799],[140.58598,38.883407],[140.58638,38.884174],[140.587005,38.884449],[140.587643,38.884899],[140.588155,38.885466],[140.589243,38.885966],[140.589755,38.886532],[140.58998,38.887299],[140.590155,38.888065],[140.59008,38.888815],[140.59023,38.889199],[140.590455,38.889149],[140.591155,38.888865],[140.591817,38.888415],[140.59283,38.887407],[140.59353,38.886849],[140.59443,38.886332],[140.596055,38.885557],[140.597117,38.885108],[140.597842,38.884958],[140.598679,38.885099],[140.599592,38.885483],[140.599942,38.885666],[140.600942,38.885941],[140.601317,38.885874],[140.602279,38.885924],[140.604604,38.886483],[140.605841,38.886666],[140.606766,38.886674],[140.607341,38.886724],[140.607428,38.886808],[140.607741,38.887349],[140.608503,38.889066],[140.60884,38.890449],[140.609115,38.891324],[140.609628,38.892432],[140.610178,38.892774],[140.612165,38.893324],[140.613102,38.893824],[140.613827,38.894057],[140.614177,38.894032],[140.61449,38.894057],[140.614777,38.894015],[140.615302,38.893815],[140.616139,38.893349],[140.618314,38.891957],[140.618952,38.891399],[140.619902,38.890683],[140.620364,38.890399],[140.620827,38.890241],[140.621089,38.890199],[140.621552,38.890224],[140.621574,38.890278],[140.622301,38.890449],[140.623101,38.890574],[140.624314,38.890499],[140.624689,38.890416],[140.625014,38.890308],[140.625889,38.88955],[140.626351,38.889333],[140.627051,38.889141],[140.628326,38.888958],[140.628901,38.888983],[140.629813,38.889241],[140.630251,38.889208],[140.630401,38.889008],[140.630676,38.888467],[140.631113,38.887867],[140.631525,38.887533],[140.632075,38.887267],[140.632625,38.887192],[140.63335,38.887242],[140.633838,38.887158],[140.6343,38.886942],[140.634888,38.886742],[140.635325,38.886484],[140.635675,38.88615],[140.636,38.885675],[140.636238,38.885234],[140.6368,38.883734],[140.63695,38.883392],[140.637175,38.883217],[140.637762,38.883092],[140.63825,38.883051],[140.638887,38.883151],[140.64005,38.883567],[140.640562,38.883959],[140.6409,38.884509],[140.641637,38.8862],[140.641974,38.886592],[140.642462,38.886984],[140.643687,38.887625],[140.644649,38.888317],[140.645199,38.888484],[140.647036,38.888392],[140.647674,38.888517],[140.648336,38.888725],[140.648761,38.888734],[140.649286,38.8886],[140.650036,38.888475],[140.650848,38.888509],[140.651586,38.888609],[140.652448,38.888692],[140.653373,38.888834],[140.654061,38.889025],[140.654436,38.889259],[140.654686,38.88955],[140.654586,38.889909],[140.653736,38.890667],[140.653386,38.891067],[140.653198,38.891333],[140.653173,38.891492],[140.65446,38.891892],[140.655123,38.892125],[140.655635,38.892133],[140.656348,38.892275],[140.656948,38.892625],[140.65761,38.892942],[140.658348,38.893225],[140.65921,38.893483],[140.660235,38.894125],[140.660785,38.89425],[140.661472,38.894233],[140.662335,38.894292],[140.665459,38.894808],[140.666359,38.894867],[140.666984,38.894958],[140.667222,38.895058],[140.668722,38.89595],[140.669884,38.89685],[140.670346,38.897058],[140.670921,38.8972],[140.671005,38.897197],[140.671085,38.897229],[140.671784,38.898358],[140.671896,38.898583],[140.672234,38.90055],[140.672721,38.902149],[140.672971,38.903533],[140.673258,38.903758],[140.673683,38.903966],[140.674171,38.904466],[140.67502,38.904866],[140.675395,38.904983],[140.67637,38.905374],[140.67697,38.905591],[140.677808,38.906474],[140.67832,38.907207],[140.67882,38.907816],[140.679095,38.908382],[140.679282,38.908949],[140.679313,38.909062],[140.67942,38.909474],[140.679495,38.90994],[140.67947,38.911074],[140.67952,38.911657],[140.679682,38.912174],[140.680257,38.913465],[140.680544,38.913698],[140.680719,38.91374],[140.681719,38.913915],[140.682232,38.914215],[140.682657,38.914423],[140.683144,38.914607],[140.683482,38.914973],[140.683732,38.915432],[140.684069,38.916157],[140.684544,38.916673],[140.685656,38.917498],[140.686281,38.91774],[140.687194,38.917881],[140.689143,38.918406],[140.689643,38.91839],[140.690381,38.918465],[140.691243,38.918773],[140.691531,38.918823],[140.692056,38.918848],[140.692631,38.918948],[140.693455,38.919181],[140.693968,38.91944],[140.69413,38.919556],[140.694343,38.920015],[140.694393,38.920598],[140.694518,38.920856],[140.694843,38.921173],[140.69538,38.921398],[140.695955,38.921823],[140.697167,38.922223],[140.697842,38.922531],[140.69868,38.92284],[140.699455,38.923214],[140.700155,38.923739],[140.700517,38.923789],[140.701617,38.923573],[140.702117,38.923415],[140.702642,38.92319],[140.703079,38.92289],[140.703204,38.922573],[140.703155,38.921081],[140.703292,38.920707],[140.703667,38.920515],[140.704254,38.920515],[140.705054,38.920473],[140.706017,38.920373],[140.706604,38.920232],[140.707067,38.920223],[140.707379,38.920407],[140.707542,38.920482],[140.707892,38.920815],[140.708154,38.92124],[140.708392,38.921765],[140.708554,38.922315],[140.708792,38.92289],[140.708966,38.923048],[140.709316,38.923115],[140.710816,38.923073],[140.711316,38.923081],[140.711516,38.923206],[140.711616,38.92339],[140.711691,38.923715],[140.711891,38.924206],[140.712054,38.924715],[140.712104,38.925148],[140.712079,38.925623],[140.711891,38.926731],[140.711966,38.926823],[140.712266,38.926939],[140.713941,38.927239],[140.714591,38.927264],[140.715878,38.927014],[140.716328,38.927173],[140.717015,38.927556],[140.71754,38.927898],[140.71799,38.928648],[140.71854,38.929922],[140.718815,38.930272],[140.719228,38.930522],[140.720315,38.931106],[140.72084,38.931506],[140.722265,38.932772],[140.72264,38.933564],[140.723227,38.934114],[140.723252,38.934355],[140.723139,38.935489],[140.723164,38.93573],[140.723327,38.93628],[140.723289,38.936788],[140.723189,38.937255],[140.723252,38.937505],[140.723639,38.937638],[140.724502,38.937863],[140.724727,38.937955],[140.725464,38.938563],[140.725602,38.938872],[140.725564,38.939371],[140.725589,38.93948],[140.725801,38.93973],[140.726751,38.940013],[140.727101,38.940163],[140.727245,38.940363],[140.727251,38.940388],[140.727339,38.941005],[140.727276,38.941471],[140.727064,38.941854],[140.726464,38.942713],[140.726501,38.943121],[140.726851,38.943929],[140.727139,38.944471],[140.727776,38.945037],[140.728226,38.945129],[140.729101,38.945187],[140.729463,38.945371],[140.729613,38.945629],[140.729688,38.946137],[140.730013,38.947196],[140.730426,38.947979],[140.730788,38.948387],[140.731725,38.949054],[140.73215,38.949254],[140.73295,38.94942],[140.733388,38.949654],[140.7338,38.94997],[140.734213,38.950179],[140.734663,38.950295],[140.735138,38.950354],[140.735625,38.950454],[140.736287,38.950695],[140.73915,38.952029],[140.741187,38.953103],[140.742174,38.953395],[140.743137,38.953612],[140.743412,38.953745],[140.743612,38.953928],[140.743849,38.95457],[140.744024,38.955295],[140.744162,38.95557],[140.744637,38.955995],[140.744937,38.956203],[140.745236,38.956336],[140.745524,38.956403],[140.746524,38.956553],[140.746561,38.956515],[140.746761,38.956628],[140.747611,38.956828],[140.748274,38.956945],[140.749099,38.95712],[140.751523,38.957478],[140.753573,38.957678],[140.754623,38.95782],[140.755035,38.957928],[140.755423,38.958087],[140.755673,38.95822],[140.755748,38.958112],[140.756135,38.957995],[140.756598,38.95797],[140.757185,38.958062],[140.758198,38.958328],[140.75866,38.958395],[140.75976,38.958087],[140.761885,38.957312],[140.76331,38.956995],[140.764109,38.956929],[140.765034,38.95702],[140.765697,38.957129],[140.766747,38.957445],[140.767459,38.957695],[140.768059,38.957854],[140.768771,38.95792],[140.770459,38.957912],[140.771009,38.958029],[140.771059,38.95807],[140.771559,38.958279],[140.771909,38.95832],[140.773471,38.95807],[140.773646,38.958095],[140.773721,38.958045],[140.774271,38.958029],[140.774408,38.958095],[140.774633,38.958112],[140.775296,38.958404],[140.776083,38.958879],[140.776445,38.959012],[140.777133,38.959079],[140.77777,38.959012],[140.779383,38.958654],[140.780133,38.958404],[140.781232,38.958112],[140.781995,38.958129],[140.782745,38.958421],[140.783345,38.958854],[140.783845,38.959121],[140.785019,38.959612],[140.785932,38.960179],[140.786419,38.960446],[140.787819,38.960762],[140.788781,38.961054],[140.790706,38.961845],[140.791431,38.962204],[140.792031,38.962587],[140.793219,38.963595],[140.793656,38.963912],[140.793843,38.964004],[140.794181,38.964004],[140.795718,38.963504],[140.796706,38.963254],[140.797643,38.963079],[140.798931,38.962987],[140.799155,38.962896],[140.799668,38.962579],[140.800218,38.962062],[140.80058,38.961946],[140.801405,38.962104],[140.802343,38.962329],[140.803105,38.962571],[140.804317,38.963096],[140.80503,38.963312],[140.805367,38.963362],[140.806017,38.963246],[140.806792,38.962979],[140.80698,38.962979],[140.808554,38.963179],[140.809267,38.963246],[140.810067,38.963538],[140.810554,38.964029],[140.811079,38.964479],[140.811329,38.964529],[140.811654,38.964479],[140.811767,38.964438],[140.811929,38.964413],[140.812566,38.964238],[140.813466,38.964054],[140.816004,38.963979],[140.817066,38.963888],[140.818203,38.963755],[140.819378,38.963688],[140.82059,38.96378],[140.822078,38.963755],[140.82304,38.963863],[140.82389,38.964113],[140.824515,38.964088],[140.824765,38.964021],[140.825915,38.963205],[140.826665,38.96278],[140.82834,38.961964],[140.829102,38.961564],[140.830452,38.96068],[140.831277,38.960256],[140.831877,38.959781],[140.832489,38.959214],[140.833364,38.958631],[140.834189,38.958289],[140.835151,38.958064],[140.836139,38.957931],[140.837351,38.957656],[140.837601,38.95754],[140.837901,38.957181],[140.837976,38.956823],[140.838001,38.95619],[140.838114,38.955223],[140.838414,38.954657],[140.838826,38.954007],[140.839426,38.952899],[140.839839,38.952249],[140.840639,38.950691],[140.840889,38.950441],[140.841813,38.950057],[140.842801,38.949341],[140.843576,38.948891],[140.843901,38.948749],[140.844976,38.948433],[140.846101,38.948183],[140.848763,38.947325],[140.849338,38.9469],[140.851075,38.946016],[140.85415,38.943925],[140.854775,38.943542],[140.855437,38.943334],[140.855825,38.943292],[140.856862,38.943267],[140.857799,38.943134],[140.858824,38.942834],[140.860599,38.942092],[140.861262,38.941867],[140.862311,38.941668],[140.864036,38.941484],[140.864724,38.941301],[140.865386,38.940826],[140.866236,38.93966],[140.866749,38.939226],[140.867524,38.93891],[140.868236,38.93866],[140.868898,38.938393],[140.869286,38.938052],[140.870073,38.937218],[140.870811,38.936544],[140.871498,38.935819],[140.871549,38.935721],[140.871586,38.935644],[140.871836,38.93546],[140.872073,38.935319],[140.872748,38.935027],[140.873011,38.934786],[140.873423,38.933986],[140.873848,38.933428],[140.873898,38.933144],[140.873848,38.932669],[140.873798,38.932486],[140.873811,38.932411],[140.873923,38.932261],[140.87571,38.930953],[140.87611,38.930853],[140.877085,38.930678],[140.877573,38.930553],[140.877773,38.930453],[140.878323,38.929928],[140.878598,38.929937],[140.878748,38.929995],[140.879223,38.930087],[140.879648,38.930053],[140.881035,38.929737],[140.881285,38.929645],[140.881335,38.929512],[140.881247,38.929003],[140.88116,38.928762],[140.881322,38.928029],[140.88146,38.927829],[140.88201,38.927887],[140.88281,38.927912],[140.883147,38.927895],[140.88426,38.927287],[140.884672,38.927121],[140.884972,38.927054],[140.885235,38.927046],[140.88546,38.927096],[140.88556,38.927171],[140.88571,38.927696],[140.885884,38.927987],[140.886097,38.928079],[140.886347,38.928245],[140.886584,38.928612],[140.886759,38.928795],[140.886984,38.928854],[140.887422,38.928795],[140.887947,38.928654],[140.888434,38.928454],[140.888922,38.928329],[140.889297,38.92827],[140.889809,38.928146],[140.890359,38.927937],[140.890959,38.927787],[140.891759,38.927746],[140.893034,38.927371],[140.893734,38.927279],[140.894709,38.927271],[140.895496,38.927371],[140.897358,38.927696],[140.898008,38.927854],[140.898508,38.928046],[140.899208,38.928571],[140.899771,38.928721],[140.900208,38.928737],[140.901158,38.928604],[140.902495,38.929029],[140.903058,38.929029],[140.904145,38.928837],[140.904758,38.928646],[140.905233,38.928537],[140.905958,38.927746],[140.906533,38.927413],[140.907207,38.927346],[140.907957,38.927404],[140.908595,38.927413],[140.909332,38.927229],[140.910395,38.927296],[140.910745,38.927079],[140.911057,38.926696],[140.911395,38.926521],[140.91182,38.926221],[140.912057,38.925888],[140.912132,38.925571],[140.91232,38.925271],[140.912545,38.925046],[140.91262,38.924896],[140.912582,38.92463],[140.912382,38.924296],[140.912295,38.924038],[140.912332,38.923655],[140.91342,38.92233],[140.913482,38.922022],[140.912895,38.920797],[140.912883,38.92053],[140.912933,38.920464],[140.913683,38.92043],[140.914682,38.920439],[140.915132,38.920397],[140.91502,38.92003],[140.914945,38.919564],[140.914907,38.91953],[140.914783,38.919172],[140.914558,38.917997],[140.914333,38.917681],[140.914308,38.917164],[140.914458,38.916964],[140.91482,38.916872],[140.91522,38.916889],[140.915558,38.916864],[140.916008,38.916347],[140.91622,38.916231],[140.916533,38.916322],[140.916895,38.916497],[140.917295,38.916472],[140.91822,38.916314],[140.918832,38.916306],[140.919995,38.916231],[140.920507,38.916122],[140.920757,38.915939],[140.920845,38.915464],[140.920807,38.915306],[140.920982,38.914964],[140.921357,38.914648],[140.921682,38.914464],[140.921995,38.914356],[140.922145,38.914664],[140.922095,38.915164],[140.922107,38.916314],[140.922232,38.916739],[140.922182,38.917322],[140.922245,38.918181],[140.922307,38.918472],[140.922494,38.918631],[140.922994,38.918856],[140.923207,38.91908],[140.923369,38.919439],[140.923482,38.919564],[140.923557,38.919614],[140.924007,38.919964],[140.924169,38.92023],[140.924369,38.920672],[140.924544,38.920847],[140.924969,38.921055],[140.925881,38.921372],[140.926219,38.92143],[140.926494,38.921405],[140.927044,38.921205],[140.928194,38.920705],[140.928581,38.92058],[140.929694,38.92063],[140.930094,38.920605],[140.931318,38.92038],[140.931393,38.920205],[140.931343,38.919972],[140.931169,38.919805],[140.930994,38.919622],[140.930894,38.919564],[140.930869,38.919556],[140.931169,38.919106],[140.931131,38.918764],[140.930769,38.918364],[140.930481,38.917981],[140.930906,38.917664],[140.931344,38.917456],[140.931581,38.917006],[140.931694,38.916506],[140.931906,38.916373],[140.932306,38.916373],[140.932856,38.916506],[140.933106,38.916589],[140.933743,38.916473],[140.934081,38.916248],[140.934081,38.915706],[140.934231,38.915414],[140.934681,38.915189],[140.935693,38.914931],[140.936456,38.914839],[140.937318,38.914831],[140.937656,38.914881],[140.938056,38.915123],[140.938181,38.915548],[140.93843,38.915889],[140.93858,38.916023],[140.939193,38.916239],[140.93978,38.916239],[140.940443,38.915714],[140.941055,38.915531],[140.941393,38.915556],[140.943355,38.915023],[140.943842,38.914665],[140.94393,38.914456],[140.944805,38.913306],[140.944805,38.91304],[140.94433,38.912181],[140.944355,38.91209],[140.94448,38.911998],[140.945067,38.911865],[140.945705,38.911615],[140.94598,38.911432],[140.946342,38.911023],[140.946942,38.910115],[140.94713,38.91014],[140.947492,38.910315],[140.947992,38.910673],[140.949067,38.911032],[140.949405,38.911073],[140.949617,38.910873],[140.949642,38.910732],[140.94988,38.91024],[140.950004,38.910082],[140.950517,38.909624],[140.951067,38.909424],[140.951867,38.909374],[140.953429,38.909565],[140.954017,38.90974],[140.954354,38.909782],[140.954679,38.909424],[140.956241,38.908582],[140.956941,38.908282],[140.957429,38.908215],[140.957729,38.908215],[140.957854,38.907782],[140.958154,38.907491],[140.958766,38.907307],[140.958891,38.907174],[140.958916,38.907032],[140.959366,38.906649],[140.959854,38.906332],[140.960591,38.906082],[140.961166,38.905966],[140.961329,38.905832],[140.961466,38.904974],[140.961466,38.904591],[140.961554,38.904116],[140.961691,38.903616],[140.961716,38.90245],[140.961741,38.902333],[140.962116,38.902216],[140.963828,38.902275],[140.964503,38.902233],[140.964978,38.901641],[140.965141,38.90155],[140.965653,38.901341],[140.966078,38.90105],[140.966291,38.90085],[140.966378,38.900616],[140.966066,38.89945],[140.965991,38.8988],[140.966228,38.898142],[140.966528,38.897783],[140.967141,38.897509],[140.967653,38.897075],[140.969016,38.895675],[140.969691,38.895217],[140.970241,38.89515],[140.970703,38.894942],[140.970903,38.894442],[140.970978,38.893117],[140.971278,38.892368],[140.971578,38.891968],[140.972103,38.891576],[140.972403,38.891126],[140.972428,38.890743],[140.972016,38.890051],[140.971653,38.889601],[140.971403,38.889035],[140.971328,38.888651],[140.971178,38.88841],[140.970466,38.888026],[140.971041,38.887668],[140.971528,38.88746],[140.972241,38.887502],[140.972728,38.887385],[140.973278,38.887177],[140.974078,38.887268],[140.974466,38.887243],[140.974803,38.88701],[140.975078,38.88636],[140.975228,38.88611],[140.97574,38.885835],[140.976265,38.885635],[140.976753,38.885769],[140.977003,38.885785],[140.977153,38.885744],[140.977453,38.88556],[140.977578,38.885444],[140.97779,38.885019],[140.977753,38.884544],[140.977653,38.884202],[140.977715,38.884002],[140.977828,38.883961],[140.978628,38.883911],[140.979578,38.883902],[140.979665,38.883861],[140.980253,38.883427],[140.98049,38.882994],[140.980603,38.882519],[140.980628,38.881686],[140.980903,38.881444],[140.98169,38.881253],[140.982303,38.881053],[140.98349,38.880461],[140.984102,38.880228],[140.98449,38.880045],[140.984315,38.87987],[140.983328,38.879486],[140.982715,38.879336],[140.982465,38.87907],[140.982465,38.87882],[140.982678,38.87857],[140.98319,38.878203],[140.98349,38.87782],[140.983665,38.877303],[140.984028,38.876562],[140.984415,38.876062],[140.985052,38.875537],[140.985427,38.875354],[140.98619,38.875237],[140.98699,38.875345],[140.987565,38.875304],[140.987815,38.875229],[140.989302,38.874595],[140.989665,38.874387],[140.989915,38.874387],[140.990752,38.875062],[140.991114,38.875195],[140.991389,38.875237],[140.991514,38.875212],[140.991577,38.875504],[140.991802,38.87582],[140.992139,38.876112],[140.992602,38.876329],[140.993677,38.876912],[140.993839,38.877229],[140.993989,38.87772],[140.994026,38.878237],[140.994151,38.878779],[140.994376,38.87907],[140.994651,38.879362],[140.994876,38.880062],[140.995214,38.880395],[140.995839,38.880687],[140.996226,38.88077],[140.996476,38.880795],[140.996951,38.880753],[140.997589,38.880728],[140.998601,38.88062],[140.999063,38.880712],[140.999401,38.88087],[140.999863,38.881253],[141.000613,38.88152],[141.000738,38.88152],[141.001626,38.881412],[141.002151,38.881228],[141.002438,38.88107],[141.002526,38.880987],[141.002701,38.880145],[141.003051,38.879679],[141.00345,38.87932],[141.004175,38.878845],[141.005013,38.878662],[141.005563,38.878729],[141.006188,38.878962],[141.006538,38.879204],[141.006738,38.879479],[141.006888,38.879812],[141.007113,38.880129],[141.00775,38.880787],[141.0081,38.88097],[141.0085,38.881012],[141.009075,38.88137],[141.009275,38.881462],[141.009687,38.881462],[141.010062,38.88142],[141.010487,38.881304],[141.010787,38.881129],[141.011012,38.880929],[141.011387,38.88072],[141.011675,38.88072],[141.012112,38.880879],[141.012999,38.880904],[141.013549,38.881062],[141.013674,38.881337],[141.014124,38.882079],[141.014887,38.882937],[141.015837,38.88377],[141.016212,38.884154],[141.016349,38.884354],[141.016724,38.884737],[141.017136,38.884895],[141.017711,38.885012],[141.018286,38.885078],[141.019011,38.885328],[141.019386,38.885537],[141.019899,38.885937],[141.020511,38.88632],[141.020973,38.886462],[141.021286,38.886412],[141.021523,38.886303],[141.021573,38.886187],[141.021348,38.88517],[141.021349,38.884745],[141.021411,38.88427],[141.021411,38.883712],[141.021149,38.88337],[141.020949,38.883212],[141.020974,38.88317],[141.021461,38.882879],[141.021724,38.882604],[141.021874,38.882271],[141.022074,38.881571],[141.022211,38.881321],[141.022536,38.881121],[141.023136,38.880896],[141.023548,38.880846],[141.024098,38.881054],[141.024386,38.881321],[141.024473,38.881637],[141.024436,38.881887],[141.024498,38.882204],[141.024898,38.882837],[141.025223,38.882971],[141.026136,38.882679],[141.026548,38.882746],[141.027036,38.882971],[141.027385,38.883221],[141.02776,38.883421],[141.028248,38.883512],[141.028823,38.883537],[141.02946,38.883471],[141.03001,38.883312],[141.030385,38.882979],[141.030623,38.882612],[141.030823,38.882163],[141.031085,38.881738],[141.031223,38.881304],[141.031398,38.880946],[141.031748,38.880679],[141.032298,38.880454],[141.03261,38.880404],[141.032873,38.880163],[141.032923,38.879938],[141.033048,38.878921],[141.032673,38.87818],[141.032635,38.877971],[141.032848,38.877838],[141.033385,38.877771],[141.033798,38.87768],[141.034023,38.877546],[141.034635,38.877297],[141.03501,38.87748],[141.03536,38.877547],[141.035522,38.87753],[141.036022,38.87728],[141.03686,38.876763],[141.03726,38.876697],[141.03786,38.876805],[141.038185,38.876805],[141.038622,38.876738],[141.03896,38.876763],[141.039085,38.87683],[141.039422,38.877172],[141.039772,38.877347],[141.03991,38.877347],[141.041184,38.877013],[141.041672,38.876947],[141.042309,38.876838],[141.042972,38.876564],[141.043297,38.876564],[141.043384,38.876589],[141.043697,38.876972],[141.044247,38.877805],[141.044447,38.87803],[141.045234,38.87853],[141.045396,38.878597],[141.045809,38.878913],[141.045859,38.879113],[141.045371,38.87943],[141.045371,38.879705],[141.045546,38.879997],[141.045859,38.880197],[141.046209,38.880197],[141.046609,38.880288],[141.046896,38.88058],[141.047284,38.881105],[141.047359,38.881171],[141.047884,38.881171],[141.048371,38.881055],[141.048721,38.881105],[141.048871,38.881463],[141.049071,38.881646],[141.049496,38.881688],[141.050046,38.882521],[141.050333,38.882638],[141.050708,38.88268],[141.051146,38.882796],[141.051433,38.88298],[141.051958,38.883205],[141.052383,38.882796],[141.052646,38.882621],[141.053595,38.88183],[141.053945,38.881738],[141.054095,38.881788],[141.054345,38.881988],[141.054695,38.882147],[141.055483,38.882013],[141.055945,38.882213],[141.056283,38.882213],[141.057033,38.882105],[141.057758,38.882105],[141.058308,38.882288],[141.059957,38.883005],[141.060332,38.88328],[141.06042,38.88353],[141.060732,38.883755],[141.06122,38.883822],[141.061682,38.88378],[141.062057,38.883555],[141.062695,38.883238],[141.064057,38.882905],[141.065069,38.882522],[141.065269,38.882539],[141.065519,38.882697],[141.065782,38.882814],[141.066619,38.882405],[141.067082,38.882114],[141.067694,38.881797],[141.067807,38.88178],[141.069082,38.881305],[141.069481,38.881372],[141.069506,38.881422],[141.070006,38.881597],[141.070631,38.881897],[141.071069,38.88203],[141.071269,38.881989],[141.072369,38.881331],[141.072544,38.881131],[141.072681,38.880681],[141.072919,38.880389],[141.073519,38.879981],[141.074069,38.879664],[141.074594,38.879556],[141.075056,38.879623],[141.075193,38.879731],[141.076206,38.880297],[141.077193,38.880506],[141.077706,38.880756],[141.078893,38.881247],[141.07953,38.881339],[141.080168,38.881364],[141.08063,38.881339],[141.081055,38.881364],[141.08143,38.881639],[141.081643,38.881906],[141.081868,38.882539],[141.082243,38.882739],[141.083255,38.882964],[141.08403,38.883239],[141.08493,38.883672],[141.08533,38.883739],[141.085967,38.883689],[141.086717,38.883539],[141.087729,38.883606],[141.088342,38.883556],[141.088829,38.883647],[141.089142,38.883872],[141.089317,38.884239],[141.089254,38.884597],[141.089379,38.884889],[141.089717,38.885139],[141.090179,38.885297],[141.090529,38.885656],[141.091479,38.887172],[141.091741,38.887439],[141.092154,38.887647],[141.092954,38.88783],[141.093566,38.887805],[141.094079,38.88758],[141.094491,38.88713],[141.094866,38.886522],[141.095179,38.886339],[141.095754,38.886231],[141.096304,38.886006],[141.096966,38.885622],[141.097428,38.885422],[141.097978,38.885264],[141.098441,38.885014],[141.098641,38.884698],[141.098791,38.884748],[141.099303,38.885014],[141.099678,38.885064],[141.100441,38.884923],[141.101153,38.884948],[141.101503,38.884789],[141.101703,38.884656],[141.101903,38.884614],[141.102103,38.884656],[141.102428,38.884798],[141.102653,38.884798],[141.102715,38.884748],[141.10269,38.884681],[141.102453,38.884456],[141.102428,38.884256],[141.102478,38.884139],[141.10294,38.883689],[141.102915,38.883415],[141.102741,38.883173],[141.102653,38.882565],[141.102516,38.882198],[141.102566,38.881706],[141.102628,38.880873],[141.102716,38.880507],[141.103291,38.880215],[141.104153,38.87999],[141.10444,38.879765],[141.104815,38.879207],[141.105115,38.878998],[141.106203,38.878532],[141.106553,38.87824],[141.107015,38.877715],[141.107303,38.877607],[141.10774,38.877674],[141.108603,38.878349],[141.109328,38.878582],[141.10984,38.878649],[141.110427,38.878649],[141.110915,38.878557],[141.111227,38.878399],[141.11149,38.878199],[141.11164,38.878132],[141.111952,38.878082],[141.113765,38.878107],[141.114315,38.879032],[141.114665,38.879282],[141.115739,38.879149],[141.115964,38.879174],[141.116052,38.879215],[141.116227,38.87944],[141.116339,38.879715],[141.116289,38.880032],[141.116339,38.880349],[141.116514,38.880415],[141.117552,38.880549],[141.118127,38.880665],[141.118364,38.880615],[141.118502,38.880349],[141.118677,38.88014],[141.118939,38.880007],[141.119839,38.880074],[141.120989,38.880307],[141.121526,38.880327],[141.121701,38.880249],[141.122251,38.88009],[141.122564,38.880065],[141.122764,38.88009],[141.123139,38.880207],[141.123751,38.880457],[141.123951,38.880407],[141.124126,38.880074],[141.124639,38.879941],[141.124789,38.879716],[141.125251,38.879466],[141.125626,38.879424],[141.126001,38.879466],[141.126113,38.879541],[141.126401,38.879807],[141.126638,38.879782],[141.126888,38.879491],[141.127176,38.879474],[141.128101,38.879591],[141.129226,38.879457],[141.129801,38.879232],[141.130526,38.878782],[141.130963,38.878624],[141.131513,38.878516],[141.131975,38.878474],[141.132688,38.878316],[141.1331,38.878158],[141.133588,38.877666],[141.1339,38.877574],[141.134275,38.877533],[141.1346,38.877399],[141.135263,38.876883],[141.135525,38.876816],[141.136912,38.876933],[141.138062,38.877183],[141.1391,38.8775],[141.139637,38.877566],[141.13985,38.877566],[141.140025,38.877316],[141.1402,38.87685],[141.140775,38.875408],[141.140925,38.874692],[141.141062,38.874258],[141.141362,38.8739],[141.141675,38.8737],[141.142425,38.873117],[141.143012,38.87235],[141.143187,38.871925],[141.143362,38.870775],[141.143475,38.870259],[141.143737,38.870142],[141.144112,38.870034],[141.1446,38.869942],[141.145062,38.869792],[141.1453,38.869567],[141.145549,38.869476],[141.145874,38.869292],[141.146012,38.869067],[141.145762,38.868667],[141.145675,38.868351],[141.145737,38.867493],[141.146025,38.866276],[141.145512,38.865826],[141.145425,38.865535],[141.145462,38.864493],[141.145662,38.86346],[141.145775,38.863193],[141.1465,38.862877],[141.146587,38.862785],[141.146675,38.862477],[141.146737,38.861118],[141.146975,38.86011],[141.146975,38.859835],[141.146912,38.859635],[141.146375,38.859094],[141.145712,38.858369],[141.1456,38.858127],[141.145712,38.857761],[141.145975,38.857361],[141.146262,38.857002],[141.146587,38.856411],[141.146675,38.856369],[141.14655,38.856144],[141.146038,38.855669],[141.144088,38.854294],[141.142563,38.852894],[141.141413,38.851986],[141.140988,38.851561],[141.140063,38.850903],[141.139626,38.85052],[141.139401,38.849753],[141.138714,38.848895],[141.138176,38.848086],[141.137914,38.847545],[141.137601,38.847337],[141.136851,38.846928],[141.135814,38.846295],[141.135589,38.846187],[141.134952,38.845962],[141.134639,38.845887],[141.134289,38.845753],[141.134152,38.845728],[141.132539,38.845212],[141.132389,38.844962],[141.132302,38.844645],[141.132102,38.844262],[141.131764,38.843745],[141.131452,38.843495],[141.13064,38.842995],[141.130615,38.842612],[141.13044,38.842345],[141.130127,38.842095],[141.129902,38.841962],[141.129815,38.840787],[141.12984,38.840679],[141.129815,38.840454],[141.129965,38.84027],[141.130052,38.840071],[141.129902,38.839887],[141.129527,38.839621],[141.12919,38.839412],[141.128215,38.838979],[141.127803,38.838712],[141.126953,38.838054],[141.125628,38.837062],[141.125053,38.836721],[141.124015,38.836537],[141.123128,38.836246],[141.123028,38.836196],[141.123003,38.835837],[141.122791,38.835804],[141.122153,38.835637],[141.121803,38.835487],[141.121503,38.835337],[141.120991,38.835162],[141.120741,38.835112],[141.120378,38.835121],[141.120241,38.835346],[141.118866,38.835862],[141.118129,38.836087],[141.117879,38.836112],[141.117716,38.836087],[141.117416,38.835954],[141.117029,38.835929],[141.116416,38.836071],[141.116316,38.836112],[141.116166,38.836246],[141.115454,38.836529],[141.114929,38.836687],[141.113867,38.837095],[141.113717,38.837629],[141.113517,38.837879],[141.113204,38.838037],[141.112829,38.838104],[141.112479,38.838037],[141.112304,38.83797],[141.111704,38.837629],[141.111492,38.837562],[141.111029,38.837537],[141.110229,38.837379],[141.109704,38.837337],[141.109104,38.837312],[141.10858,38.837337],[141.10803,38.837562],[141.108005,38.837603],[141.106967,38.837895],[141.10648,38.837987],[141.10613,38.83792],[141.105267,38.837603],[141.104892,38.837445],[141.10483,38.837378],[141.104767,38.836245],[141.10468,38.835654],[141.10468,38.835112],[141.104518,38.834729],[141.103405,38.833329],[141.103168,38.832971],[141.10313,38.832546],[141.103193,38.831962],[141.10308,38.831437],[141.102743,38.830696],[141.10278,38.830496],[141.103218,38.829679],[141.10338,38.829163],[141.103493,38.828554],[141.103568,38.828354],[141.10403,38.828196],[141.104443,38.82813],[141.104943,38.828105],[141.104968,38.828063],[141.104668,38.827613],[141.10403,38.826821],[141.10393,38.826596],[141.103955,38.82648],[141.104468,38.826096],[141.104443,38.82583],[141.104368,38.825563],[141.104368,38.82518],[141.10458,38.82443],[141.104418,38.823822],[141.104468,38.823238],[141.104718,38.822855],[141.10488,38.82263],[141.105243,38.822672],[141.105655,38.822922],[141.106093,38.823264],[141.106068,38.823572],[141.106205,38.82398],[141.106455,38.824363],[141.106755,38.824613],[141.10728,38.824855],[141.10783,38.825013],[141.108568,38.825147],[141.10898,38.825147],[141.109117,38.825105],[141.109342,38.824922],[141.10953,38.824855],[141.109717,38.82488],[141.109917,38.82483],[141.110405,38.824472],[141.110905,38.824247],[141.11178,38.823664],[141.112167,38.823505],[141.112855,38.823497],[141.113155,38.823547],[141.113517,38.823547],[141.113542,38.823564],[141.114642,38.822889],[141.115654,38.822464],[141.115854,38.822439],[141.116292,38.822481],[141.116704,38.822822],[141.116867,38.823114],[141.117092,38.823697],[141.117504,38.824489],[141.117967,38.824914],[141.118441,38.825189],[141.119241,38.82548],[141.119566,38.82563],[141.120116,38.825947],[141.120179,38.826014],[141.120754,38.826197],[141.121166,38.826264],[141.121416,38.826172],[141.121528,38.825892],[141.121929,38.825789],[141.122953,38.825589],[141.123616,38.825539],[141.123816,38.825389],[141.124216,38.824389],[141.124666,38.823572],[141.125741,38.822223],[141.125941,38.821914],[141.125953,38.821539],[141.125591,38.821114],[141.125103,38.820656],[141.124566,38.820281],[141.123966,38.819789],[141.123766,38.819398],[141.123679,38.818815],[141.123679,38.817698],[141.123616,38.817065],[141.123429,38.816823],[141.123479,38.816581],[141.123591,38.816565],[141.124129,38.816382],[141.124666,38.816415],[141.125466,38.816673],[141.125678,38.816657],[141.126378,38.816523],[141.126816,38.816223],[141.126916,38.816098],[141.127291,38.815973],[141.128053,38.81599],[141.128266,38.81594],[141.128641,38.815607],[141.129466,38.814482],[141.129728,38.813882],[141.129941,38.812882],[141.130016,38.812782],[141.130378,38.81284],[141.130953,38.81304],[141.13179,38.813007],[141.132653,38.81274],[141.133203,38.812657],[141.13409,38.812591],[141.13459,38.812616],[141.135453,38.812716],[141.13589,38.812832],[141.13649,38.813166],[141.137365,38.813799],[141.138077,38.814091],[141.139077,38.814291],[141.13964,38.814316],[141.139865,38.814257],[141.140415,38.813641],[141.14084,38.813357],[141.141277,38.813016],[141.142402,38.812008],[141.142314,38.811466],[141.142102,38.810858],[141.141565,38.809666],[141.14124,38.8092],[141.141065,38.808683],[141.140952,38.808133],[141.14089,38.807341],[141.14089,38.8059],[141.14079,38.805],[141.14079,38.804458],[141.141177,38.803717],[141.141265,38.803209],[141.141028,38.8013],[141.141065,38.800642],[141.141015,38.800009],[141.14084,38.799534],[141.14074,38.799051],[141.140828,38.798142],[141.140615,38.797276],[141.140515,38.796384],[141.140515,38.795526],[141.13974,38.79471],[141.139428,38.793335],[141.139066,38.792201],[141.138591,38.791102],[141.138591,38.79071],[141.138816,38.790318],[141.139378,38.789735],[141.140816,38.788802],[141.141303,38.788377],[141.141966,38.787552],[141.142153,38.787394],[141.143328,38.786752],[141.143428,38.786652],[141.144078,38.786261],[141.145515,38.785577],[141.146365,38.785136],[141.146228,38.784827],[141.14619,38.784536],[141.146215,38.784453],[141.146378,38.784403],[141.147778,38.784269],[141.147965,38.784311],[141.147853,38.785569],[141.147928,38.785827],[141.148852,38.785994],[141.14964,38.785986],[141.150665,38.785861],[141.151352,38.785603],[141.15174,38.785344],[141.152702,38.784619],[141.152865,38.784211],[141.153065,38.784045],[141.154402,38.783853],[141.154502,38.783778],[141.154952,38.783678],[141.156202,38.783261],[141.156952,38.782878],[141.157264,38.782645],[141.157539,38.782611],[141.158177,38.782662],[141.158977,38.782645],[141.159302,38.782462],[141.159577,38.782128],[141.160077,38.781595],[141.160577,38.781412],[141.160839,38.781412],[141.161402,38.781487],[141.162151,38.781778],[141.162826,38.78192],[141.163114,38.782037],[141.163464,38.782012],[141.163589,38.78197],[141.164014,38.78132],[141.164289,38.781079],[141.164439,38.781004],[141.165351,38.78072],[141.165626,38.780479],[141.165789,38.780204],[141.166239,38.779654],[141.166651,38.779262],[141.167089,38.778929],[141.167376,38.778571],[141.167376,38.777821],[141.167451,38.777546],[141.167526,38.777446],[141.167889,38.777279],[141.168189,38.777237],[141.168588,38.777296],[141.169126,38.777496],[141.169626,38.777829],[141.170351,38.778729],[141.170701,38.779037],[141.171013,38.779087],[141.171401,38.778962],[141.172426,38.778421],[141.172951,38.778321],[141.173138,38.778462],[141.1733,38.778846],[141.17335,38.779204],[141.173263,38.779587],[141.173038,38.779821],[141.173038,38.779921],[141.17315,38.780212],[141.173525,38.780846],[141.17385,38.781121],[141.175338,38.781037],[141.176013,38.781079],[141.176513,38.781212],[141.178112,38.781854],[141.178862,38.782096],[141.179362,38.782354],[141.179812,38.782771],[141.180162,38.783562],[141.180237,38.783937],[141.180537,38.784404],[141.180762,38.784587],[141.180912,38.78452],[141.181499,38.783804],[141.182024,38.783271],[141.182537,38.782879],[141.184887,38.781379],[141.185599,38.780696],[141.185949,38.780213],[141.186362,38.779729],[141.186674,38.779604],[141.187511,38.779488],[141.187949,38.779329],[141.188711,38.778805],[141.189574,38.77853],[141.190049,38.778255],[141.190474,38.77793],[141.191074,38.777555],[141.191524,38.777347],[141.192048,38.777213],[141.192698,38.777163],[141.193411,38.777172],[141.194586,38.777055],[141.195323,38.776955],[141.195661,38.776722],[141.195761,38.776597],[141.196286,38.776047],[141.196636,38.775913],[141.196948,38.775714],[141.19721,38.77548],[141.19746,38.775039],[141.197635,38.774622],[141.19786,38.773839],[141.198185,38.773622],[141.198885,38.773381],[141.199298,38.773089],[141.199898,38.772597],[141.200385,38.771922],[141.200773,38.771498],[141.201073,38.771273],[141.201423,38.771106],[141.20181,38.770956],[141.201948,38.770873],[141.202423,38.770356],[141.202748,38.770139],[141.203048,38.769981],[141.203373,38.769931],[141.20381,38.769939],[141.20436,38.769998],[141.204985,38.769973],[141.205485,38.76984],[141.205847,38.769648],[141.206085,38.769348],[141.206097,38.768965],[141.206185,38.768448],[141.20636,38.768181],[141.206997,38.767565],[141.207322,38.767023],[141.207485,38.766607],[141.207447,38.766265],[141.207522,38.765457],[141.20746,38.76494],[141.207272,38.763965],[141.207297,38.763174],[141.207185,38.762066],[141.207222,38.761949],[141.20756,38.761682],[141.208235,38.761357],[141.20836,38.761166],[141.20836,38.760941],[141.208222,38.760649],[141.207897,38.760282],[141.207572,38.759716],[141.207422,38.759083],[141.207272,38.758724],[141.207198,38.758341],[141.207198,38.757799],[141.20726,38.757091],[141.20736,38.756733],[141.207723,38.756275],[141.208335,38.755583],[141.208772,38.754691],[141.20906,38.754225],[141.209247,38.754108],[141.209535,38.754042],[141.210272,38.753992],[141.21096,38.753783],[141.211372,38.753517],[141.212047,38.752917],[141.212322,38.752533],[141.212697,38.75215],[141.213772,38.751359],[141.21451,38.7505],[141.214685,38.750092],[141.215147,38.749309],[141.215372,38.749084],[141.215672,38.748967],[141.215885,38.748942],[141.216297,38.749126],[141.216709,38.749234],[141.217259,38.749284],[141.217709,38.749259],[141.217922,38.749209],[141.218172,38.749101],[141.218384,38.748626],[141.218772,38.748584],[141.220897,38.748601],[141.221746,38.748559],[141.224959,38.748284],[141.226171,38.748143],[141.226421,38.748076],[141.228283,38.747876],[141.229146,38.747801],[141.230621,38.747735],[141.231758,38.747618],[141.232471,38.747618],[141.233071,38.74771],[141.233758,38.747868],[141.233895,38.747935],[141.234533,38.748135],[141.235995,38.748768],[141.235995,38.748876],[141.235795,38.749101],[141.235408,38.749351],[141.234945,38.749709],[141.23332,38.751243],[141.232308,38.751876],[141.231708,38.751992],[141.231345,38.751901],[141.23082,38.751884],[141.230358,38.751901],[141.229533,38.752376],[141.229146,38.752651],[141.228983,38.752826],[141.229171,38.752876],[141.229246,38.752926],[141.229733,38.753201],[141.230283,38.753626],[141.230495,38.753925],[141.230895,38.7543],[141.232833,38.754817],[141.233445,38.755034],[141.235145,38.755784],[141.235595,38.755909],[141.236082,38.755884],[141.237582,38.755734],[141.238682,38.755617],[141.239769,38.755476],[141.240594,38.755451],[141.241219,38.755667],[141.241807,38.756176],[141.242144,38.756517],[141.242632,38.757092],[141.243294,38.757675],[141.244319,38.758167],[141.245031,38.758584],[141.245406,38.758725],[141.245831,38.758809],[141.246244,38.758867],[141.246481,38.758934],[141.246518,38.758887],[141.246606,38.758942],[141.247381,38.759259],[141.247794,38.759617],[141.248206,38.760017],[141.248618,38.760317],[141.249081,38.760559],[141.249218,38.760609],[141.249693,38.76065],[141.250043,38.760584],[141.250818,38.760942],[141.251168,38.760984],[141.251556,38.760967],[141.251693,38.7609],[141.251968,38.760875],[141.252493,38.760984],[141.252743,38.7609],[141.253118,38.760534],[141.253556,38.759884],[141.253893,38.759659],[141.254106,38.759634],[141.254743,38.7597],[141.255505,38.76015],[141.256093,38.760534],[141.257105,38.7613],[141.25738,38.761617],[141.257743,38.762159],[141.25763,38.762292],[141.257293,38.762467],[141.257193,38.762675],[141.257055,38.763642],[141.25688,38.764725],[141.25688,38.764925],[141.256255,38.766166],[141.255955,38.766508],[141.255842,38.766891],[141.25603,38.76725],[141.256117,38.767674],[141.256067,38.768241],[141.256142,38.768558],[141.256167,38.769208],[141.255955,38.770158],[141.255842,38.770991],[141.25598,38.771466],[141.256305,38.771941],[141.257742,38.773307],[141.258092,38.774007],[141.258229,38.774549],[141.258229,38.775024],[141.258179,38.775407],[141.258067,38.775724],[141.258017,38.776015],[141.258129,38.776307],[141.258204,38.776424],[141.258454,38.776623],[141.259054,38.776957],[141.259467,38.777232],[141.260654,38.777907],[141.261004,38.778198],[141.261316,38.778923],[141.262279,38.779615],[141.262604,38.779957],[141.262854,38.780157],[141.263129,38.780315],[141.263066,38.780498],[141.262791,38.780948],[141.262716,38.781281],[141.262654,38.781781],[141.262716,38.782723],[141.263316,38.785523],[141.263316,38.786306],[141.263128,38.786831],[141.262828,38.787372],[141.262928,38.787389],[141.263203,38.787614],[141.263841,38.787889],[141.264278,38.787981],[141.264391,38.787956],[141.264966,38.787664],[141.265378,38.787772],[141.265853,38.787706],[141.266478,38.787497],[141.267141,38.787414],[141.267391,38.787414],[141.268078,38.787614],[141.268628,38.787972],[141.26879,38.788172],[141.269065,38.788697],[141.269178,38.789481],[141.26914,38.790972],[141.26904,38.79133],[141.268703,38.791914],[141.268628,38.792005],[141.26859,38.792164],[141.268628,38.79273],[141.26879,38.793222],[141.269065,38.793447],[141.269665,38.793539],[141.27014,38.793739],[141.270628,38.794097],[141.27079,38.794255],[141.271153,38.79473],[141.27189,38.796447],[141.27244,38.79698],[141.27294,38.797055],[141.273377,38.797005],[141.273352,38.79698],[141.273377,38.796755],[141.273328,38.796622],[141.273403,38.796197],[141.27354,38.796147],[141.273927,38.79628],[141.274265,38.796505],[141.274727,38.796355],[141.275002,38.796055],[141.27514,38.795764],[141.27514,38.79563],[141.275002,38.795289],[141.274727,38.794889],[141.274615,38.794439],[141.275027,38.794164],[141.275327,38.794072],[141.276127,38.79398],[141.27684,38.793964],[141.277777,38.793847],[141.278215,38.793689],[141.279777,38.792647],[141.280165,38.792514],[141.280465,38.792606],[141.280852,38.793056],[141.281052,38.793464],[141.281352,38.793731],[141.281877,38.793822],[141.282065,38.794047],[141.282015,38.794297],[141.281765,38.794606],[141.281852,38.795222],[141.281927,38.795372],[141.282389,38.795672],[141.283114,38.79603],[141.283414,38.796389],[141.283602,38.796905],[141.284014,38.797355],[141.284514,38.797555],[141.285089,38.797555],[141.285502,38.797489],[141.286377,38.797222],[141.287339,38.79688],[141.288277,38.796722],[141.288964,38.796681],[141.289426,38.796522],[141.290064,38.796247],[141.290501,38.796181],[141.290701,38.796181],[141.291939,38.796472],[141.292151,38.796022],[141.292489,38.795522],[141.293551,38.795114],[141.295014,38.794214],[141.295751,38.793831],[141.296601,38.793606],[141.296963,38.793539],[141.298476,38.793398],[141.300126,38.793465],[141.300613,38.793423],[141.301363,38.79329],[141.301988,38.793081],[141.30315,38.79299],[141.303775,38.793123],[141.304275,38.793348],[141.3046,38.79364],[141.304763,38.79394],[141.304763,38.794273],[141.30455,38.794723],[141.304413,38.795331],[141.304463,38.795898],[141.304388,38.796231],[141.30425,38.796573],[141.304113,38.797539],[141.303475,38.797973],[141.303013,38.798173],[141.302625,38.798422],[141.302438,38.798489],[141.302138,38.798764],[141.302163,38.799056],[141.302688,38.799681],[141.302575,38.799956],[141.302413,38.800181],[141.302375,38.800339],[141.302575,38.800606],[141.302925,38.800697],[141.30315,38.800947],[141.303075,38.801239],[141.303075,38.801422],[141.303213,38.801505],[141.303488,38.80178],[141.303425,38.802114],[141.30315,38.80243],[141.3026,38.802955],[141.302438,38.803247],[141.302525,38.80358],[141.303013,38.804147],[141.302938,38.80478],[141.30335,38.80518],[141.304112,38.805722],[141.304725,38.80633],[141.305137,38.807005],[141.305525,38.807363],[141.305762,38.807721],[141.306287,38.808313],[141.306925,38.808646],[141.307225,38.808921],[141.307175,38.809121],[141.306837,38.809321],[141.306512,38.809638],[141.306512,38.809888],[141.306262,38.810338],[141.306262,38.810455],[141.306512,38.810763],[141.306925,38.811013],[141.307337,38.811329],[141.307337,38.811579],[141.307175,38.811821],[141.307287,38.812279],[141.307537,38.812654],[141.307499,38.813404],[141.307562,38.813962],[141.307224,38.815096],[141.307424,38.815587],[141.307462,38.81567],[141.307474,38.815746],[141.307649,38.816171],[141.307587,38.816829],[141.307124,38.817729],[141.306524,38.818537],[141.306437,38.818604],[141.306524,38.819128],[141.306799,38.819512],[141.307624,38.820028],[141.308274,38.82032],[141.308887,38.820637],[141.309049,38.82097],[141.308749,38.821403],[141.308637,38.821762],[141.308699,38.821962],[141.309049,38.822162],[141.310099,38.82237],[141.312074,38.822453],[141.312686,38.822362],[141.313311,38.822187],[141.313811,38.822137],[141.314224,38.822362],[141.314686,38.822812],[141.314911,38.822945],[141.315461,38.823128],[141.316011,38.823237],[141.316673,38.82322],[141.317048,38.823103],[141.317161,38.82272],[141.317136,38.822628],[141.317461,38.822178],[141.317761,38.821929],[141.318173,38.82112],[141.318761,38.820712],[141.319111,38.82017],[141.319473,38.819945],[141.319748,38.819629],[141.320261,38.818687],[141.320598,38.818462],[141.321748,38.817871],[141.322298,38.817621],[141.323348,38.817304],[141.323698,38.817013],[141.323898,38.816563],[141.324036,38.815979],[141.324111,38.815821],[141.324386,38.815505],[141.325236,38.815071],[141.325923,38.81483],[141.327185,38.81453],[141.327848,38.814438],[141.328235,38.814355],[141.32851,38.813813],[141.328585,38.813722],[141.33016,38.813088],[141.331148,38.812638],[141.331835,38.812189],[141.332223,38.811805],[141.33241,38.811347],[141.33246,38.81088],[141.332348,38.810222],[141.332323,38.809822],[141.332548,38.809439],[141.33296,38.809206],[141.33356,38.808739],[141.33356,38.808422],[141.33351,38.808306],[141.33356,38.807814],[141.333923,38.807222],[141.334573,38.806931],[141.334935,38.806956],[141.335122,38.806998],[141.336472,38.807023],[141.337347,38.806906],[141.33766,38.806589],[141.338035,38.806298],[141.338372,38.806256],[141.338835,38.806323],[141.339497,38.806498],[141.340372,38.806548],[141.34101,38.806523],[141.341397,38.806698],[141.341584,38.807039],[141.341534,38.807373],[141.341197,38.807673],[141.341009,38.808056],[141.340934,38.808456],[141.341097,38.808731],[141.341484,38.808864],[141.342059,38.808973],[141.342747,38.809023],[141.343234,38.808998],[141.343434,38.808906],[141.343847,38.808814],[141.344559,38.808906],[141.345222,38.809331],[141.345747,38.809556],[141.346346,38.809714],[141.346896,38.809806],[141.347609,38.809964],[141.347971,38.810139],[141.348221,38.810389],[141.348434,38.810864],[141.348734,38.811089],[141.348821,38.811106],[141.349096,38.811331],[141.349296,38.811898],[141.349371,38.812031],[141.349671,38.812348],[141.350059,38.812481],[141.350283,38.812481],[141.350971,38.812189],[141.351246,38.812148],[141.351571,38.812189],[141.352046,38.812439],[141.352421,38.812548],[141.352758,38.812523],[141.353083,38.812364],[141.353383,38.812031],[141.353583,38.811648],[141.353908,38.811373],[141.354408,38.811214],[141.354621,38.811198],[141.355608,38.810881],[141.355833,38.810881],[141.356296,38.810965],[141.356908,38.81099],[141.357095,38.810965],[141.357833,38.811098],[141.35847,38.811165],[141.35902,38.811081],[141.35962,38.810698],[141.359733,38.810398],[141.359708,38.809323],[141.359683,38.809048],[141.359758,38.809007],[141.36072,38.809023],[141.361158,38.808865],[141.36147,38.808573],[141.36182,38.808323],[141.362258,38.80819],[141.362458,38.808215],[141.362895,38.808348],[141.363582,38.808482],[141.363995,38.80839],[141.364407,38.808482],[141.364707,38.808682],[141.364757,38.808798],[141.36507,38.809065],[141.36537,38.809248],[141.365807,38.809448],[141.366032,38.809448],[141.36617,38.809407],[141.36647,38.809198],[141.36682,38.809023],[141.367682,38.808907],[141.368007,38.808749],[141.368232,38.808499],[141.368332,38.808207],[141.368532,38.807982],[141.369182,38.807799],[141.369869,38.807732],[141.371144,38.807482],[141.371332,38.80739],[141.371307,38.806832],[141.371504,38.806494],[141.371682,38.806249],[141.371857,38.805991],[141.371994,38.805807],[141.372219,38.805499],[141.372344,38.805332],[141.372482,38.805141],[141.372507,38.804924],[141.372494,38.804857],[141.372494,38.804816],[141.372319,38.804599],[141.372232,38.804491],[141.372232,38.804424],[141.372244,38.804357],[141.372344,38.804232],[141.372469,38.804149],[141.372944,38.803783],[141.373094,38.803674],[141.373282,38.803541],[141.373544,38.803374],[141.373644,38.803299],[141.373994,38.803091],[141.374294,38.802949],[141.374644,38.802808],[141.375082,38.802574],[141.375232,38.802458],[141.375382,38.802091],[141.375457,38.801641],[141.375457,38.801566],[141.375544,38.801141],[141.375594,38.801016],[141.375644,38.8009],[141.375757,38.800666],[141.375957,38.800458],[141.376069,38.80025],[141.376294,38.799991],[141.376469,38.799783],[141.376632,38.799617],[141.376807,38.7994],[141.376907,38.799242],[141.377031,38.798975],[141.377181,38.798425],[141.377206,38.798325],[141.377606,38.797667],[141.377694,38.797483],[141.377819,38.797275],[141.378406,38.796609],[141.378519,38.796484],[141.378731,38.7963],[141.378894,38.7962],[141.379019,38.796142],[141.379131,38.796117],[141.379306,38.796092],[141.379431,38.796092],[141.379744,38.796092],[141.380006,38.796117],[141.380319,38.796167],[141.380844,38.796509],[141.381219,38.796767],[141.381631,38.797017],[141.381781,38.797209],[141.381981,38.797509],[141.382106,38.797642],[141.382144,38.797709],[141.382319,38.797884],[141.382793,38.798234],[141.382968,38.798317],[141.383056,38.798359],[141.383356,38.798567],[141.383593,38.798692],[141.383856,38.798825],[141.384156,38.798909],[141.384531,38.798934],[141.384631,38.798942],[141.385231,38.798917],[141.385293,38.798934],[141.385456,38.798984],[141.385718,38.799192],[141.385868,38.7993],[141.386168,38.799525],[141.386368,38.799684],[141.386643,38.799892],[141.386818,38.799992],[141.386893,38.800009],[141.387093,38.800025],[141.387281,38.800042],[141.387543,38.800042],[141.387856,38.800009],[141.388143,38.799992],[141.388268,38.799975],[141.388381,38.79995],[141.388431,38.799892],[141.388493,38.799842],[141.388518,38.799725],[141.388531,38.799642],[141.388543,38.799567],[141.388556,38.799459],[141.388581,38.799384],[141.388656,38.79925],[141.388706,38.799175],[141.388843,38.799017],[141.388943,38.798917],[141.389031,38.798792],[141.389093,38.798709],[141.389156,38.798667],[141.389268,38.7986],[141.389356,38.798567],[141.389468,38.798517],[141.389506,38.798517],[141.389656,38.798484],[141.389781,38.798476],[141.389918,38.798492],[141.389993,38.798509],[141.390131,38.798551],[141.390268,38.798601],[141.390318,38.798626],[141.390381,38.798651],[141.390468,38.798717],[141.390518,38.798759],[141.39058,38.798817],[141.390655,38.798884],[141.390693,38.798942],[141.390743,38.799001],[141.390793,38.799042],[141.390818,38.799092],[141.390893,38.799201],[141.390943,38.799267],[141.39103,38.79935],[141.391093,38.799392],[141.39113,38.7994],[141.391255,38.799401],[141.391318,38.799401],[141.391493,38.799367],[141.391668,38.799351],[141.391755,38.799342],[141.391905,38.799334],[141.39203,38.799334],[141.39213,38.799351],[141.39223,38.799367],[141.39238,38.799434],[141.392455,38.799484],[141.392555,38.799534],[141.392643,38.799592],[141.39273,38.799659],[141.392805,38.799717],[141.393018,38.799851],[141.393093,38.799901],[141.393155,38.799926],[141.393218,38.799967],[141.393268,38.799984],[141.39333,38.800009],[141.393418,38.800042],[141.39348,38.800051],[141.393555,38.800042],[141.393655,38.800026],[141.39383,38.799917],[141.393918,38.799834],[141.39403,38.799717],[141.394105,38.799592],[141.394168,38.799476],[141.39423,38.799367],[141.394293,38.799251],[141.394355,38.799159],[141.39438,38.799109],[141.394418,38.799034],[141.394455,38.798984],[141.394493,38.798934],[141.394543,38.798901],[141.394605,38.798859],[141.39468,38.798826],[141.394793,38.798776],[141.394893,38.798742],[141.394968,38.798726],[141.395055,38.798692],[141.395205,38.798651],[141.395268,38.798617],[141.395318,38.798617],[141.395355,38.798601],[141.395443,38.798567],[141.395555,38.798517],[141.395593,38.798476],[141.395643,38.798426],[141.39568,38.798351],[141.395705,38.798267],[141.395743,38.798118],[141.395768,38.798043],[141.39578,38.797968],[141.395818,38.797901],[141.39583,38.797834],[141.395868,38.797768],[141.395893,38.797668],[141.39593,38.797534],[141.395968,38.797434],[141.39598,38.797384],[141.395993,38.797343],[141.396055,38.797151],[141.39608,38.797034],[141.396105,38.796984],[141.396143,38.796876],[141.396155,38.796818],[141.396168,38.796784],[141.396193,38.796734],[141.39623,38.796659],[141.396318,38.796568],[141.396418,38.796493],[141.396518,38.796418],[141.396668,38.796301],[141.396718,38.796259],[141.396855,38.796168],[141.396943,38.796076],[141.397018,38.796009],[141.39708,38.795934],[141.397143,38.795876],[141.397218,38.795768],[141.397318,38.795626],[141.397355,38.795543],[141.397405,38.795418],[141.397468,38.795218],[141.397505,38.795076],[141.397605,38.794626],[141.397705,38.794226],[141.397743,38.794043],[141.397805,38.793843],[141.397843,38.793685],[141.39788,38.79346],[141.397968,38.793126],[141.397993,38.793026],[141.39803,38.792918],[141.398043,38.79281],[141.39808,38.79271],[141.398105,38.792601],[141.398143,38.792468],[141.398143,38.79236],[141.39813,38.792293],[141.398105,38.792235],[141.39808,38.792193],[141.397955,38.792077],[141.39788,38.791993],[141.397805,38.791927],[141.397693,38.791827],[141.397643,38.791768],[141.397605,38.791727],[141.397518,38.791652],[141.397505,38.791618],[141.397368,38.791435],[141.39728,38.79136],[141.39723,38.79131],[141.39718,38.791235],[141.397068,38.791127],[141.397018,38.791077],[141.396968,38.791027],[141.396918,38.790977],[141.39688,38.790918],[141.396755,38.79081],[141.39663,38.79066],[141.396593,38.79061],[141.396555,38.790577],[141.396555,38.790552],[141.396543,38.790485],[141.39658,38.79041],[141.396605,38.790377],[141.396693,38.79031],[141.39688,38.790185],[141.397018,38.790102],[141.397105,38.790052],[141.39723,38.789977],[141.397368,38.789893],[141.397468,38.789835],[141.397555,38.789785],[141.397668,38.789735],[141.397718,38.78971],[141.397768,38.789693],[141.397868,38.78966],[141.397943,38.789643],[141.39808,38.789618],[141.39823,38.78961],[141.398418,38.789602],[141.39853,38.78961],[141.398693,38.78961],[141.39888,38.789618],[141.399268,38.789627],[141.39963,38.789602],[141.399793,38.789602],[141.400105,38.789602],[141.400405,38.789594],[141.400967,38.789527],[141.401092,38.78951],[141.401267,38.789477],[141.401492,38.789427],[141.40178,38.789385],[141.402005,38.789352],[141.402255,38.78931],[141.402642,38.78926],[141.402967,38.78921],[141.403167,38.789177],[141.403542,38.789127],[141.403917,38.78906],[141.404092,38.789019],[141.40438,38.78896],[141.40478,38.788869],[141.40518,38.788744],[141.405467,38.78866],[141.405667,38.78856],[141.405867,38.788477],[141.405992,38.788411],[141.40618,38.788311],[141.406317,38.788244],[141.406467,38.788169],[141.406617,38.788069],[141.40668,38.788036],[141.406842,38.787919],[141.40698,38.787802],[141.40708,38.787719],[141.407167,38.787636],[141.40733,38.787494],[141.40748,38.787336],[141.407542,38.787252],[141.407592,38.787144],[141.407642,38.787002],[141.407655,38.786919],[141.407792,38.786927],[141.407904,38.786936],[141.408017,38.786936],[141.408179,38.786927],[141.408367,38.786919],[141.408492,38.786902],[141.408642,38.786886],[141.408829,38.786852],[141.408942,38.786811],[141.409142,38.786744],[141.409342,38.786686],[141.409504,38.786636],[141.409642,38.786569],[141.409729,38.786536],[141.409842,38.786469],[141.409917,38.786436],[141.410004,38.786394],[141.410079,38.786328],[141.410142,38.786278],[141.410192,38.786228],[141.410254,38.786153],[141.410267,38.786119],[141.410317,38.786011],[141.410392,38.785919],[141.410442,38.785853],[141.410492,38.785786],[141.410554,38.785728],[141.410617,38.785694],[141.410704,38.785678],[141.410817,38.785678],[141.410879,38.785686],[141.410967,38.785711],[141.411029,38.785744],[141.411079,38.785803],[141.411154,38.785894],[141.411179,38.785961],[141.411317,38.786119],[141.411367,38.786153],[141.411454,38.786211],[141.411542,38.786244],[141.411629,38.786286],[141.411729,38.786319],[141.411854,38.786361],[141.411942,38.786394],[141.412029,38.786419],[141.412304,38.786469],[141.412529,38.786494],[141.412754,38.786503],[141.412842,38.786503],[141.413129,38.786519],[141.413192,38.786511],[141.413454,38.786511],[141.413617,38.786503],[141.413779,38.786486],[141.413979,38.786469],[141.414141,38.786444],[141.414316,38.786419],[141.414379,38.786403],[141.414429,38.786394],[141.414566,38.786369],[141.414716,38.786328],[141.414841,38.786286],[141.414891,38.786253],[141.414979,38.786186],[141.415041,38.786094],[141.415041,38.785978],[141.414991,38.785886],[141.414916,38.785744],[141.414904,38.785686],[141.414816,38.785561],[141.414779,38.785494],[141.414729,38.785444],[141.414704,38.785403],[141.414591,38.785303],[141.414566,38.785253],[141.414491,38.785186],[141.414454,38.785144],[141.414404,38.785069],[141.414392,38.785003],[141.414354,38.784903],[141.414342,38.784803],[141.414354,38.784761],[141.414354,38.784711],[141.414367,38.784628],[141.414404,38.784561],[141.414442,38.78452],[141.414479,38.78447],[141.414542,38.784445],[141.414617,38.784428],[141.414692,38.78442],[141.414866,38.784453],[141.415066,38.784511],[141.415204,38.784561],[141.415304,38.784586],[141.415404,38.784628],[141.415516,38.784611],[141.415629,38.784328],[141.415679,38.784111],[141.415654,38.783995],[141.415629,38.783703],[141.415616,38.783603],[141.415629,38.783028],[141.415654,38.782845],[141.415679,38.782678],[141.415704,38.782553],[141.415717,38.782436],[141.415704,38.782261],[141.415604,38.782053],[141.415429,38.781778],[141.415342,38.78167],[141.415254,38.781528],[141.415229,38.781303],[141.415217,38.78127],[141.415204,38.781203],[141.415254,38.780828],[141.415342,38.780587],[141.415479,38.780037],[141.415529,38.779895],[141.415604,38.779687],[141.415592,38.779603],[141.415579,38.779528],[141.415292,38.779337],[141.415079,38.779178],[141.414867,38.778953],[141.414467,38.778453],[141.414267,38.778103],[141.414192,38.77792],[141.414129,38.777779],[141.413867,38.777262],[141.413779,38.777095],[141.413729,38.776995],[141.413604,38.776554],[141.413404,38.77642],[141.413092,38.776179],[141.412855,38.775912],[141.41283,38.775787],[141.412792,38.775395],[141.412742,38.77517],[141.41268,38.774987],[141.41253,38.774812],[141.412342,38.774629],[141.41208,38.774429],[141.41183,38.774237],[141.411592,38.774145],[141.411292,38.77402],[141.410855,38.773787],[141.41048,38.773587],[141.410242,38.773429],[141.41003,38.773254],[141.410017,38.773112],[141.410017,38.772996],[141.409842,38.772762],[141.409817,38.772529],[141.409955,38.772229],[141.41008,38.772029],[141.410242,38.771846],[141.410767,38.771187],[141.41093,38.770979],[141.410942,38.770746],[141.410867,38.770446],[141.410905,38.770221],[141.410817,38.770004],[141.410655,38.769813],[141.410417,38.769588],[141.41018,38.769421],[141.409968,38.769238],[141.409805,38.769063],[141.409655,38.768871],[141.409593,38.768538],[141.409555,38.768304],[141.409593,38.768063],[141.409668,38.767929],[141.40978,38.767863],[141.41013,38.767829],[141.41038,38.767838],[141.410418,38.767846],[141.410692,38.767863],[141.411767,38.768129],[141.411942,38.768146],[141.412217,38.768154],[141.412317,38.768163],[141.412417,38.768163],[141.412617,38.768146],[141.412855,38.768121],[141.413017,38.768121],[141.41328,38.76808],[141.413742,38.768055],[141.413905,38.768071],[141.414267,38.768138],[141.414417,38.76823],[141.41493,38.768696],[141.415342,38.769154],[141.415742,38.769529],[141.416142,38.769863],[141.417029,38.770563],[141.417179,38.770721],[141.417417,38.770921],[141.417504,38.770963],[141.418067,38.770904],[141.419229,38.770871],[141.419992,38.770888],[141.420229,38.770871],[141.420442,38.770863],[141.420704,38.770863],[141.420817,38.770879],[141.420942,38.770904],[141.421167,38.770971],[141.421742,38.771104],[141.421779,38.771113],[141.421892,38.771138],[141.422017,38.771188],[141.422316,38.771313],[141.422641,38.771496],[141.422854,38.771671],[141.423029,38.771879],[141.423104,38.772054],[141.423116,38.772221],[141.423091,38.772421],[141.423029,38.772638],[141.422929,38.773063],[141.422941,38.773254],[141.423004,38.773638],[141.422991,38.773929],[141.422979,38.774162],[141.422929,38.774446],[141.422854,38.774629],[141.422754,38.774704],[141.422591,38.774829],[141.422479,38.774921],[141.422216,38.775171],[141.422179,38.775254],[141.422079,38.775829],[141.422116,38.776046],[141.422179,38.776279],[141.422254,38.776462],[141.422216,38.776687],[141.422079,38.776862],[141.421904,38.776995],[141.421779,38.777095],[141.421529,38.777195],[141.421279,38.777337],[141.421179,38.77747],[141.421129,38.777612],[141.421104,38.777854],[141.421116,38.778095],[141.421141,38.778212],[141.421141,38.778362],[141.421204,38.77892],[141.421266,38.77917],[141.421316,38.779429],[141.421366,38.779604],[141.421479,38.779737],[141.421566,38.779812],[141.421716,38.779879],[141.421979,38.779995],[141.422266,38.780179],[141.422803,38.78042],[141.423141,38.780562],[141.423216,38.780578],[141.423553,38.78067],[141.424003,38.780687],[141.424191,38.780695],[141.424441,38.78077],[141.424666,38.780895],[141.424803,38.781012],[141.424841,38.781062],[141.425166,38.781278],[141.425453,38.781353],[141.425778,38.781304],[141.425966,38.781237],[141.426466,38.781129],[141.426603,38.78112],[141.427128,38.781079],[141.427365,38.781087],[141.428028,38.781145],[141.42824,38.781137],[141.42834,38.781129],[141.428953,38.78102],[141.429503,38.78102],[141.42979,38.781179],[141.429903,38.781304],[141.429928,38.781345],[141.42994,38.781412],[141.429903,38.781529],[141.429803,38.781737],[141.429678,38.781945],[141.429628,38.78207],[141.429628,38.782195],[141.429653,38.782329],[141.42974,38.782462],[141.430065,38.782903],[141.430215,38.783078],[141.430428,38.783237],[141.43054,38.783278],[141.430865,38.783345],[141.431253,38.783353],[141.431615,38.783287],[141.43239,38.783137],[141.433915,38.782729],[141.434752,38.782595],[141.434927,38.782562],[141.435077,38.782579],[141.435152,38.782629],[141.435227,38.782679],[141.435315,38.78282],[141.435352,38.782887],[141.435427,38.78297],[141.435527,38.783129],[141.435777,38.783229],[141.435902,38.78322],[141.436052,38.783154],[141.43634,38.782962],[141.436864,38.782587],[141.437252,38.782412],[141.437477,38.78232],[141.437552,38.782304],[141.437702,38.78227],[141.437914,38.782329],[141.437927,38.782537],[141.437914,38.782645],[141.437889,38.782887],[141.437889,38.782979],[141.437939,38.783079],[141.438327,38.78337],[141.438452,38.783487],[141.438514,38.783637],[141.438552,38.783729],[141.438552,38.78397],[141.438627,38.784245],[141.438777,38.784387],[141.439089,38.784595],[141.439277,38.784737],[141.439452,38.784995],[141.439539,38.785145],[141.439702,38.785428],[141.439752,38.785653],[141.439752,38.785895],[141.439714,38.785987],[141.439652,38.786103],[141.439614,38.786178],[141.439514,38.786295],[141.439327,38.78647],[141.439227,38.786553],[141.439189,38.786595],[141.439027,38.786753],[141.438839,38.786903],[141.438739,38.78697],[141.438627,38.78702],[141.438527,38.787045],[141.438439,38.787062],[141.438377,38.787053],[141.437852,38.786853],[141.437502,38.786728],[141.436939,38.786545],[141.436652,38.786487],[141.436439,38.786487],[141.436252,38.78652],[141.436127,38.786578],[141.435914,38.786645],[141.435802,38.78672],[141.435727,38.786803],[141.435627,38.787045],[141.435439,38.787478],[141.435177,38.787828],[141.435014,38.788003],[141.434727,38.788378],[141.434664,38.788503],[141.434502,38.788728],[141.434202,38.789253],[141.433864,38.789978],[141.433789,38.790119],[141.433727,38.790203],[141.433677,38.790261],[141.433589,38.790336],[141.433477,38.790419],[141.433277,38.790503],[141.433227,38.790553],[141.433039,38.790819],[141.432989,38.790903],[141.432939,38.790961],[141.43264,38.791319],[141.432502,38.791544],[141.43249,38.791619],[141.432465,38.791703],[141.43249,38.791753],[141.432614,38.791878],[141.432977,38.792244],[141.433139,38.792386],[141.433214,38.792586],[141.433227,38.792711],[141.433202,38.792819],[141.433164,38.792952],[141.433077,38.793236],[141.432927,38.793552],[141.432827,38.793727],[141.432664,38.793869],[141.432627,38.793977],[141.432589,38.794219],[141.432627,38.794327],[141.432652,38.794436],[141.432689,38.794569],[141.432727,38.794644],[141.432802,38.794744],[141.432864,38.794902],[141.432927,38.795061],[141.433152,38.79531],[141.433577,38.795727],[141.433764,38.795902],[141.434039,38.79621],[141.434102,38.796394],[141.434102,38.796519],[141.434052,38.79666],[141.433952,38.796852],[141.433802,38.797144],[141.433702,38.797469],[141.433664,38.797535],[141.433652,38.797644],[141.433664,38.79786],[141.433764,38.798052],[141.433864,38.79816],[141.434052,38.798277],[141.434202,38.79836],[141.434464,38.798502],[141.434601,38.798577],[141.434789,38.798777],[141.434889,38.798935],[141.435064,38.79926],[141.435364,38.799785],[141.435839,38.800385],[141.435926,38.800477],[141.436001,38.800585],[141.436464,38.801193],[141.436701,38.801527],[141.436714,38.801668],[141.436726,38.801743],[141.436689,38.801893],[141.436626,38.80201],[141.436526,38.802135],[141.436289,38.802385],[141.436239,38.802435],[141.436314,38.802576],[141.436539,38.803018],[141.436601,38.803251],[141.436601,38.80346],[141.436526,38.803718],[141.436451,38.803868],[141.436339,38.80401],[141.436114,38.804393],[141.436089,38.804534],[141.436126,38.804726],[141.436226,38.805176],[141.436351,38.805451],[141.436338,38.805543],[141.436263,38.805668],[141.436126,38.805801],[141.436001,38.805868],[141.435789,38.805943],[141.435489,38.806084],[141.434789,38.806359],[141.434576,38.806484],[141.434326,38.806834],[141.434026,38.807301],[141.433914,38.807384],[141.433701,38.807501],[141.433539,38.807567],[141.433464,38.807592],[141.433289,38.807634],[141.433176,38.807626],[141.433001,38.807567],[141.432701,38.807417],[141.432551,38.807301],[141.432439,38.807259],[141.431876,38.806934],[141.431451,38.806601],[141.431401,38.806592],[141.431314,38.806742],[141.431176,38.807034],[141.431089,38.807317],[141.431064,38.807592],[141.431014,38.807751],[141.430839,38.808151],[141.430764,38.808267],[141.430589,38.808501],[141.430451,38.808634],[141.430214,38.808809],[141.430126,38.808884],[141.430139,38.808992],[141.430164,38.809034],[141.430201,38.809142],[141.430239,38.809209],[141.430301,38.809259],[141.430176,38.809459],[141.429989,38.809784],[141.429889,38.809917],[141.429689,38.810167],[141.429451,38.810409],[141.429339,38.810592],[141.429601,38.810759],[141.430339,38.811092],[141.430589,38.811267],[141.431064,38.811684],[141.431301,38.811909],[141.431501,38.812042],[141.431776,38.812217],[141.432051,38.812209],[141.432164,38.812134],[141.432276,38.812025],[141.432376,38.811817],[141.432464,38.811559],[141.432614,38.811334],[141.432714,38.811242],[141.432826,38.811184],[141.433214,38.811142],[141.434226,38.811109],[141.434676,38.811209],[141.435301,38.811559],[141.435713,38.811817],[141.436113,38.812125],[141.436188,38.812209],[141.436563,38.812467],[141.436701,38.812534],[141.437126,38.8128],[141.437363,38.812884],[141.437601,38.812942],[141.437751,38.81295],[141.437863,38.812934],[141.437988,38.812884],[141.43855,38.812709],[141.439175,38.812467],[141.439338,38.812359],[141.439613,38.812209],[141.440413,38.811634],[141.441038,38.811317],[141.441475,38.811234],[141.441625,38.811234],[141.441825,38.811234],[141.442225,38.811284],[141.44245,38.811342],[141.442763,38.811384],[141.443088,38.8114],[141.443375,38.81135],[141.4437,38.811234],[141.443962,38.811176],[141.444412,38.811142],[141.44475,38.811126],[141.44505,38.811076],[141.445612,38.810917],[141.445737,38.810876],[141.445937,38.810776],[141.446375,38.810501],[141.44665,38.810517],[141.4471,38.810826],[141.44715,38.810867],[141.447212,38.810917],[141.44745,38.811026],[141.4477,38.811092],[141.447975,38.811159],[141.448349,38.811209],[141.448799,38.811251],[141.449574,38.811142],[141.449774,38.811134],[141.449999,38.811201],[141.450287,38.811301],[141.450362,38.811309],[141.450487,38.811351],[141.450587,38.811417],[141.451062,38.811801],[141.451137,38.811809],[141.451412,38.811909],[141.452312,38.811667],[141.452749,38.811551],[141.453336,38.811301],[141.453824,38.811017],[141.453924,38.810967],[141.454061,38.810926],[141.454286,38.810942],[141.454549,38.811017],[141.454811,38.811167],[141.455274,38.811409],[141.456249,38.812051],[141.456786,38.812326],[141.457149,38.812584],[141.457536,38.812967],[141.457661,38.813075],[141.457961,38.813367],[141.458086,38.813467],[141.458461,38.8138],[141.458623,38.814],[141.458586,38.814217],[141.458586,38.814309],[141.458573,38.814342],[141.458611,38.81455],[141.458836,38.815],[141.459048,38.815242],[141.458973,38.815242],[141.457148,38.815733],[141.456911,38.8158],[141.456648,38.815908],[141.456461,38.815925],[141.456361,38.815942],[141.455961,38.815967],[141.455673,38.815992],[141.455423,38.816033],[141.455274,38.816083],[141.455111,38.816142],[141.454999,38.816183],[141.454911,38.816233],[141.454811,38.816275],[141.454661,38.816342],[141.454599,38.816375],[141.454499,38.816425],[141.454399,38.816475],[141.454249,38.816583],[141.454174,38.81665],[141.454074,38.816725],[141.453974,38.816825],[141.453824,38.817],[141.453799,38.817058],[141.453774,38.817125],[141.453724,38.817275],[141.453686,38.8174],[141.453674,38.817433],[141.453649,38.81755],[141.453624,38.817617],[141.453611,38.817667],[141.453599,38.817733],[141.453536,38.817875],[141.453486,38.817975],[141.453411,38.818083],[141.453136,38.818408],[141.453061,38.818541],[141.453024,38.818575],[141.453024,38.818691],[141.453061,38.818816],[141.453211,38.819058],[141.453224,38.819083],[141.453286,38.819141],[141.453311,38.819191],[141.453386,38.819308],[141.453424,38.819391],[141.453449,38.819433],[141.453474,38.819491],[141.453536,38.819566],[141.453598,38.819733],[141.453686,38.819875],[141.453773,38.820025],[141.453911,38.820316],[141.453936,38.820358],[141.454186,38.820858],[141.454236,38.82095],[141.454298,38.821066],[141.454348,38.821191],[141.454373,38.821224],[141.454398,38.821324],[141.454373,38.821416],[141.454348,38.821558],[141.454373,38.821649],[141.454361,38.821733],[141.454386,38.821741],[141.454398,38.821783],[141.454473,38.821924],[141.454498,38.822058],[141.454511,38.822166],[141.454486,38.822283],[141.454411,38.822474],[141.454236,38.822658],[141.454148,38.822749],[141.454098,38.822791],[141.453848,38.823016],[141.453773,38.823099],[141.453686,38.823174],[141.453623,38.823224],[141.453573,38.823258],[141.453511,38.823349],[141.453486,38.823391],[141.453486,38.823541],[141.453523,38.823607],[141.453561,38.823691],[141.453648,38.823891],[141.453686,38.823941],[141.453711,38.823999],[141.453736,38.824041],[141.453786,38.824149],[141.453786,38.824249],[141.453761,38.824407],[141.453711,38.824516],[141.453661,38.824624],[141.453586,38.824741],[141.453523,38.824824],[141.453398,38.824949],[141.453336,38.825016],[141.453236,38.825124],[141.453198,38.825191],[141.453086,38.825307],[141.452973,38.825399],[141.452873,38.825524],[141.452786,38.825624],[141.452736,38.825716],[141.452723,38.825757],[141.452648,38.826007],[141.452636,38.826115],[141.452636,38.826282],[141.452636,38.826324],[141.452611,38.826407],[141.452623,38.82644],[141.452623,38.826724],[141.452611,38.826757],[141.452623,38.826774],[141.452611,38.826857],[141.452573,38.826924],[141.452498,38.827032],[141.452448,38.827065],[141.452323,38.827207],[141.452298,38.827249],[141.452198,38.827365],[141.452161,38.827432],[141.452086,38.827557],[141.452048,38.827599],[141.451936,38.827832],[141.451911,38.827865],[141.451848,38.828057],[141.451836,38.828149],[141.451823,38.828224],[141.451836,38.828424],[141.451848,38.828507],[141.451911,38.828773],[141.451923,38.828873],[141.451936,38.828965],[141.451936,38.829015],[141.451936,38.829173],[141.451911,38.829232],[141.451886,38.829323],[141.451861,38.82939],[141.451773,38.829607],[141.451736,38.829773],[141.451711,38.829882],[141.451711,38.830057],[141.451748,38.830173],[141.451773,38.830232],[141.451811,38.830298],[141.451861,38.830373],[141.451911,38.830548],[141.451886,38.830673],[141.451873,38.83079],[141.451848,38.830907],[141.451848,38.830932],[141.451823,38.830998],[141.451823,38.831115],[141.451748,38.831198],[141.451611,38.831256],[141.451536,38.831273],[141.451436,38.831256],[141.451248,38.83124],[141.451111,38.831265],[141.451048,38.83129],[141.450998,38.83134],[141.450948,38.831365],[141.450873,38.831431],[141.450798,38.83154],[141.450761,38.83164],[141.450761,38.831723],[141.450798,38.83184],[141.450798,38.831898],[141.450823,38.831973],[141.450811,38.832023],[141.450786,38.832065],[141.450636,38.832273],[141.450598,38.832323],[141.450536,38.832365],[141.450461,38.832415],[141.450398,38.832456],[141.450336,38.832498],[141.450261,38.832565],[141.450236,38.832631],[141.450236,38.832715],[141.450236,38.83279],[141.450286,38.832873],[141.450311,38.832931],[141.450361,38.832981],[141.450486,38.833165],[141.450486,38.83329],[141.450436,38.833381],[141.450398,38.833448],[141.450348,38.833531],[141.450311,38.833598],[141.450248,38.833665],[141.450198,38.833789],[141.450148,38.833906],[141.450073,38.834064],[141.450011,38.834214],[141.449973,38.834331],[141.449948,38.834448],[141.449923,38.834589],[141.449923,38.834698],[141.449961,38.834806],[141.449998,38.834889],[141.450061,38.835006],[141.450148,38.835264],[141.450173,38.835339],[141.450161,38.835464],[141.450173,38.835623],[141.450148,38.835756],[141.450148,38.835881],[141.450136,38.835989],[141.450086,38.836056],[141.450036,38.836139],[141.449936,38.836264],[141.449861,38.836464],[141.449861,38.837547],[141.449998,38.837889],[141.450736,38.839255],[141.451148,38.839914],[141.451535,38.840747],[141.45176,38.841355],[141.452198,38.842055],[141.45281,38.842772],[141.452948,38.843197],[141.453198,38.844255],[141.453523,38.845321],[141.453773,38.84588],[141.453985,38.846221],[141.454435,38.847096],[141.455335,38.847904],[141.456272,38.849121],[141.457509,38.850138],[141.458909,38.850879],[141.459547,38.851104],[141.460447,38.851354],[141.461247,38.851504],[141.461771,38.851687],[141.462321,38.851979],[141.463609,38.852879],[141.463971,38.853237],[141.464471,38.854095],[141.464746,38.854504],[141.465646,38.855537],[141.466008,38.856145],[141.466096,38.85657],[141.466058,38.856754],[141.465983,38.856937],[141.465783,38.857228],[141.465408,38.857562],[141.464908,38.857903],[141.464121,38.858353],[141.463646,38.85847],[141.462909,38.858537],[141.462159,38.85867],[141.461096,38.858962],[141.460459,38.859237],[141.460271,38.859328],[141.459722,38.859461],[141.458184,38.859595],[141.457359,38.859753],[141.456422,38.860003],[141.455597,38.860345],[141.455347,38.860478],[141.455022,38.860753],[141.454635,38.861203],[141.454285,38.861469],[141.453735,38.861719],[141.453122,38.861919],[141.452222,38.862011],[141.452822,38.862778],[141.453485,38.863678],[141.453872,38.864419],[141.453984,38.864877],[141.454009,38.865327],[141.453959,38.865661],[141.453684,38.865977],[141.453272,38.866319],[141.452747,38.866927],[141.45261,38.86731],[141.452497,38.868119],[141.451872,38.870368],[141.451647,38.870668],[141.45151,38.87096],[141.451185,38.871293],[141.45111,38.871452],[141.450972,38.871977],[141.450909,38.873393],[141.450584,38.874768],[141.450609,38.875126],[141.450722,38.875576],[141.450922,38.876118],[141.451109,38.876393],[141.451572,38.876818],[141.452122,38.877376],[141.453446,38.878709],[141.453971,38.879134],[141.454409,38.879409],[141.454984,38.879651],[141.456384,38.880193],[141.457771,38.880776],[141.458508,38.881159],[141.459033,38.881517],[141.460483,38.882984],[141.460845,38.883434],[141.46107,38.883609],[141.461483,38.883792],[141.46282,38.884309],[141.46327,38.884576],[141.463408,38.884626],[141.46417,38.884734],[141.464745,38.884709],[141.465157,38.884801],[141.46557,38.885026],[141.465932,38.885342],[141.466157,38.885701],[141.466295,38.886426],[141.466507,38.887034],[141.466782,38.887459],[141.467095,38.887817],[141.467232,38.888067],[141.467145,38.888425],[141.466595,38.888925],[141.466545,38.889084],[141.465557,38.890792],[141.465445,38.891317],[141.465507,38.891808],[141.465645,38.89235],[141.465807,38.892775],[141.466157,38.893475],[141.466469,38.893925],[141.466882,38.894283],[141.467407,38.894558],[141.468057,38.894691],[141.469107,38.894758],[141.470207,38.894866],[141.470644,38.895075],[141.471031,38.895341],[141.471194,38.8955],[141.471494,38.8959],[141.471631,38.8962],[141.472219,38.897099],[141.472381,38.897233],[141.473119,38.897708],[141.474006,38.898108],[141.474718,38.898491],[141.475468,38.898966],[141.476318,38.899324],[141.477556,38.899591],[141.477993,38.899774],[141.478318,38.899999],[141.478905,38.900608],[141.480355,38.901866],[141.480993,38.902133],[141.481455,38.902266],[141.482505,38.902333],[141.483105,38.902558],[141.483967,38.903416],[141.484455,38.903907],[141.48493,38.904566],[141.485205,38.904832],[141.48598,38.905191],[141.486942,38.905732],[141.487429,38.906049],[141.488504,38.906657],[141.488979,38.907015],[141.489117,38.907199],[141.489467,38.908099],[141.489641,38.90879],[141.489916,38.909624],[141.490329,38.910615],[141.490541,38.910982],[141.491241,38.911857],[141.491791,38.912757],[141.491866,38.913048],[141.491866,38.913498],[141.491729,38.914015],[141.491928,38.914315],[141.492116,38.914781],[141.492066,38.91494],[141.491841,38.91519],[141.491466,38.91544],[141.491266,38.915615],[141.491053,38.915956],[141.490853,38.916381],[141.490666,38.916631],[141.489928,38.917173],[141.489728,38.917264],[141.489454,38.917464],[141.489404,38.917623],[141.489591,38.917831],[141.490228,38.918231],[141.490966,38.918997],[141.491353,38.919447],[141.491341,38.919581],[141.491303,38.919964],[141.491341,38.919989],[141.491341,38.920347],[141.491503,38.920681],[141.492003,38.921381],[141.491916,38.922014],[141.491391,38.922755],[141.491253,38.923072],[141.491203,38.923114],[141.490603,38.923547],[141.489828,38.924038],[141.489778,38.925097],[141.489666,38.925438],[141.488903,38.926205],[141.488703,38.926455],[141.488491,38.92663],[141.488166,38.927038],[141.488028,38.927471],[141.487941,38.928005],[141.487503,38.92893],[141.487291,38.929588],[141.487066,38.929788],[141.486516,38.930104],[141.486428,38.930354],[141.486516,38.930688],[141.486491,38.930963],[141.486241,38.931546],[141.486028,38.931812],[141.485966,38.931837],[141.485753,38.932129],[141.485641,38.932379],[141.485966,38.933012],[141.486053,38.933329],[141.485966,38.933529],[141.485666,38.933954],[141.485803,38.934812],[141.485753,38.935354],[141.48559,38.935604],[141.48559,38.935804],[141.485815,38.936004],[141.486053,38.93632],[141.486115,38.936754],[141.486415,38.936929],[141.48674,38.937204],[141.487078,38.937603],[141.487215,38.93817],[141.487165,38.938553],[141.48724,38.938778],[141.487578,38.939203],[141.487715,38.939495],[141.487878,38.940061],[141.48804,38.940153],[141.488377,38.94022],[141.48859,38.94042],[141.488815,38.940686],[141.489002,38.941186],[141.489227,38.941478],[141.489865,38.942178],[141.490277,38.942853],[141.490577,38.943553],[141.49074,38.944111],[141.490902,38.945352],[141.491127,38.946002],[141.491289,38.946969],[141.491289,38.947402],[141.491377,38.94826],[141.491327,38.94891],[141.491077,38.949227],[141.490639,38.949702],[141.490227,38.950035],[141.490114,38.95031],[141.490289,38.950485],[141.490777,38.950827],[141.491077,38.951227],[141.491189,38.951635],[141.491389,38.952018],[141.491602,38.952335],[141.492077,38.952826],[141.492514,38.953143],[141.493289,38.953843],[141.493914,38.954926],[141.493976,38.955218],[141.493889,38.955484],[141.493476,38.955893],[141.492377,38.956568],[141.491527,38.956951],[141.491089,38.957018],[141.490602,38.957001],[141.490239,38.957109],[141.490127,38.957384],[141.490377,38.957809],[141.490352,38.958217],[141.490077,38.958601],[141.489664,38.959367],[141.489389,38.960042],[141.489339,38.960584],[141.489477,38.960967],[141.490002,38.961884],[141.490139,38.962359],[141.490189,38.962833],[141.490139,38.96355],[141.489977,38.964183],[141.489514,38.965266],[141.488989,38.967158],[141.488964,38.967741],[141.488689,38.969024],[141.488439,38.969591],[141.488027,38.970041],[141.487477,38.970407],[141.486827,38.970899],[141.486489,38.971282],[141.486327,38.971691],[141.486027,38.973174],[141.485614,38.974374],[141.485289,38.974865],[141.485177,38.97604],[141.484989,38.976373],[141.484327,38.977165],[141.484089,38.977415],[141.483614,38.977998],[141.483564,38.978181],[141.483402,38.978273],[141.482827,38.978448],[141.482352,38.978631],[141.48194,38.978948],[141.481615,38.979331],[141.481252,38.979848],[141.48084,38.980956],[141.48044,38.981339],[141.479852,38.981606],[141.479477,38.981897],[141.479227,38.982281],[141.47909,38.982622],[141.479227,38.983522],[141.479202,38.983614],[141.47904,38.983814],[141.478627,38.98393],[141.478077,38.98393],[141.47749,38.984039],[141.476815,38.984472],[141.476402,38.984514],[141.47574,38.984472],[141.475265,38.984289],[141.474303,38.983772],[141.47384,38.983772],[141.473403,38.983955],[141.472515,38.984539],[141.472215,38.984697],[141.470928,38.985014],[141.470403,38.985488],[141.470291,38.985872],[141.470266,38.98628],[141.470128,38.98648],[141.470128,38.986688],[141.47044,38.987272],[141.470303,38.987538],[141.470078,38.987746],[141.469753,38.987788],[141.468953,38.987388],[141.468653,38.987296],[141.468016,38.987296],[141.466616,38.987496],[141.466341,38.987655],[141.465741,38.98883],[141.465403,38.989304],[141.464941,38.990113],[141.464741,38.990629],[141.464616,38.991171],[141.464478,38.991463],[141.464553,38.991513],[141.464228,38.992121],[141.464303,38.992254],[141.464641,38.992504],[141.465103,38.992796],[141.465928,38.993196],[141.466541,38.993312],[141.467091,38.993312],[141.468053,38.993196],[141.468241,38.993246],[141.469015,38.993487],[141.469265,38.993646],[141.46954,38.994096],[141.470028,38.995787],[141.470303,38.996262],[141.470578,38.996645],[141.47114,38.997245],[141.471165,38.99732],[141.471003,38.997404],[141.470365,38.997862],[141.47004,38.998245],[141.46974,38.998712],[141.469565,38.99912],[141.469378,38.999462],[141.468715,39.00002],[141.467953,39.000478],[141.467703,39.000878],[141.467753,39.001195],[141.468278,39.00207],[141.46834,39.002436],[141.468303,39.002636],[141.468053,39.002903],[141.46784,39.003028],[141.46754,39.00332],[141.467365,39.003611],[141.46729,39.003903],[141.467528,39.004228],[141.468228,39.004861],[141.469465,39.005603],[141.47154,39.006719],[141.47214,39.007369],[141.472315,39.007761],[141.472465,39.008777],[141.472665,39.009352],[141.47264,39.010011],[141.472802,39.010252],[141.473202,39.010444],[141.47349,39.010777],[141.473527,39.011077],[141.473727,39.011752],[141.473727,39.012027],[141.473489,39.01246],[141.473464,39.013152],[141.472977,39.013768],[141.472865,39.01416],[141.471665,39.015427],[141.471327,39.015985],[141.471115,39.016535],[141.470877,39.017593],[141.471002,39.018534],[141.470927,39.018826],[141.46964,39.019576],[141.46954,39.019959],[141.469552,39.020268],[141.469415,39.020618],[141.46829,39.021484],[141.467365,39.022434],[141.46729,39.022801],[141.46734,39.023042],[141.467277,39.023192],[141.46674,39.023442],[141.466252,39.023592],[141.466077,39.023809],[141.46609,39.0241],[141.466227,39.024784],[141.466227,39.025759],[141.466015,39.0261],[141.464927,39.02705],[141.464602,39.02745],[141.46449,39.027733],[141.46434,39.027917],[141.463927,39.028133],[141.46379,39.028158],[141.46314,39.028533],[141.462752,39.028975],[141.462615,39.029358],[141.46254,39.029775],[141.46239,39.029991],[141.461777,39.030366],[141.46159,39.030683],[141.46149,39.031166],[141.461527,39.031683],[141.461777,39.032591],[141.461727,39.033025],[141.461615,39.033508],[141.46164,39.034716],[141.461277,39.035108],[141.460927,39.035583],[141.460902,39.035966],[141.46094,39.036649],[141.46084,39.036991],[141.460302,39.037649],[141.46019,39.038082],[141.46024,39.038449],[141.46059,39.038866],[141.460852,39.039316],[141.461052,39.039899],[141.460552,39.040299],[141.460465,39.040415],[141.460377,39.040782],[141.460477,39.041182],[141.460465,39.041982],[141.460515,39.042182],[141.460565,39.042957],[141.46069,39.043257],[141.461115,39.043482],[141.462327,39.04394],[141.463327,39.044157],[141.464464,39.044657],[141.465202,39.044807],[141.465502,39.04514],[141.465939,39.045957],[141.466264,39.046323],[141.466501,39.046673],[141.466839,39.047831],[141.466876,39.048165],[141.466701,39.049623],[141.466839,39.050023],[141.466901,39.050139],[141.467526,39.050739],[141.468064,39.051373],[141.468789,39.051881],[141.469376,39.052273],[141.469776,39.052206],[141.470001,39.052081],[141.470326,39.052048],[141.470889,39.052073],[141.471151,39.051989],[141.471376,39.052148],[141.471676,39.052739],[141.471888,39.052998],[141.472263,39.053148],[141.473051,39.053356],[141.473576,39.053406],[141.473938,39.053264],[141.474451,39.053181],[141.474726,39.053181],[141.475201,39.053039],[141.475701,39.053114],[141.477425,39.054031],[141.477838,39.054306],[141.47815,39.054548],[141.478825,39.055297],[141.479488,39.055864],[141.479825,39.056389],[141.479913,39.057489],[141.479788,39.058047],[141.479775,39.058497],[141.480063,39.059239],[141.480125,39.059539],[141.479988,39.059864],[141.479613,39.06033],[141.479213,39.060964],[141.478838,39.061439],[141.478488,39.061813],[141.478188,39.06223],[141.477988,39.062738],[141.4778,39.063572],[141.477875,39.064063],[141.478113,39.064655],[141.4783,39.064971],[141.479487,39.066613],[141.479587,39.066955],[141.4795,39.067396],[141.4784,39.068813],[141.478375,39.069304],[141.478562,39.069913],[141.47895,39.070621],[141.47905,39.071271],[141.479412,39.072204],[141.479487,39.072554],[141.479775,39.072937],[141.479837,39.073104],[141.479825,39.074037],[141.480012,39.074445],[141.480487,39.07482],[141.482262,39.075945],[141.482849,39.076354],[141.482999,39.076578],[141.482987,39.076745],[141.482824,39.076953],[141.482324,39.07732],[141.481899,39.077737],[141.481599,39.078337],[141.481237,39.079628],[141.481087,39.080045],[141.480549,39.080628],[141.480587,39.081153],[141.480324,39.081461],[141.479862,39.081878],[141.479424,39.082411],[141.479087,39.082994],[141.478924,39.083203],[141.478487,39.083586],[141.477312,39.084536],[141.476636,39.085116],[141.476143,39.085574],[141.475781,39.085989],[141.475537,39.086227],[141.475425,39.086377],[141.474962,39.08676],[141.474737,39.086869],[141.47405,39.087144],[141.473587,39.087385],[141.47205,39.088335],[141.471112,39.088768],[141.470862,39.08906],[141.4707,39.089393],[141.4706,39.089535],[141.470125,39.089868],[141.469687,39.090026],[141.469525,39.090118],[141.468563,39.090476],[141.466838,39.091335],[141.466388,39.091584],[141.465988,39.091926],[141.465463,39.092618],[141.464775,39.093684],[141.464388,39.094017],[141.4639,39.094242],[141.463488,39.094334],[141.463238,39.094426],[141.463013,39.094692],[141.462825,39.095059],[141.462663,39.095526],[141.4628,39.0969],[141.462938,39.097467],[141.463188,39.097892],[141.46445,39.099608],[141.46445,39.100217],[141.463188,39.101075],[141.46275,39.101458],[141.462675,39.101567],[141.462675,39.101791],[141.461925,39.102066],[141.461488,39.102108],[141.460475,39.102016],[141.459863,39.102133],[141.459313,39.102358],[141.459013,39.102633],[141.458601,39.102925],[141.458251,39.103083],[141.457701,39.103241],[141.456788,39.103399],[141.455663,39.103466],[141.455038,39.103624],[141.454676,39.103824],[141.453464,39.104774],[141.452514,39.105632],[141.452039,39.105966],[141.451651,39.106416],[141.451439,39.106757],[141.451114,39.107074],[141.450864,39.107166],[141.450564,39.107166],[141.450226,39.107049],[141.449564,39.106357],[141.449326,39.106199],[141.448526,39.106149],[141.447539,39.106132],[141.447127,39.106174],[141.446789,39.106332],[141.445964,39.106991],[141.445277,39.107349],[141.444489,39.107599],[141.443914,39.10764],[141.443364,39.107732],[141.442864,39.107915],[141.442064,39.108657],[141.441077,39.109132],[141.440865,39.10949],[141.440752,39.109782],[141.439902,39.110373],[141.439152,39.110532],[141.438502,39.110531],[141.437677,39.110573],[141.436102,39.110915],[141.434653,39.111048],[141.433665,39.111031],[141.433165,39.11094],[141.432365,39.110848],[141.43149,39.110698],[141.43014,39.11009],[141.429216,39.109706],[141.426978,39.109323],[141.426378,39.109165],[141.425716,39.108831],[141.425553,39.10869],[141.425141,39.108648],[141.423878,39.108831],[141.423166,39.108873],[141.422041,39.109281],[141.421266,39.109489],[141.420854,39.109556],[141.419816,39.109531],[141.419366,39.109439],[141.418991,39.109331],[141.418579,39.108856],[141.418279,39.108406],[141.418004,39.108089],[141.417616,39.107998],[141.416492,39.107798],[141.415879,39.107481],[141.415354,39.106939],[141.415217,39.106948],[141.414042,39.107414],[141.413492,39.107848],[141.413192,39.108181],[141.412229,39.109039],[141.411454,39.110031],[141.411154,39.110531],[141.410467,39.11148],[141.410117,39.111789],[141.410004,39.111814],[141.409754,39.11193],[141.409867,39.11328],[141.409779,39.11353],[141.408904,39.115197],[141.408629,39.115605],[141.408417,39.11583],[141.408054,39.116005],[141.407892,39.11603],[141.407004,39.116438],[141.406517,39.116688],[141.406055,39.117046],[141.405942,39.117338],[141.405717,39.119004],[141.405804,39.119571],[141.406017,39.119796],[141.406792,39.120354],[141.407342,39.120721],[141.407979,39.121029],[141.408692,39.121438],[141.409079,39.121779],[141.409129,39.121954],[141.409154,39.122454],[141.409816,39.125112],[141.409979,39.126395],[141.409979,39.128337],[141.409841,39.12887],[141.409604,39.129187],[141.408854,39.12962],[141.408529,39.129887],[141.408304,39.130253],[141.407566,39.13192],[141.407404,39.132395],[141.406716,39.133769],[141.406666,39.134103],[141.406804,39.135186],[141.406716,39.135728],[141.406441,39.136152],[141.405479,39.136719],[141.404429,39.137261],[141.404079,39.137577],[141.403691,39.137852],[141.403529,39.137919],[141.402454,39.138635],[141.402041,39.138752],[141.401491,39.138794],[141.400941,39.138794],[141.400554,39.138619],[141.399492,39.138235],[141.399079,39.138144],[141.397779,39.138102],[141.397529,39.138127],[141.396929,39.138302],[141.395717,39.139027],[141.394929,39.139594],[141.393792,39.140268],[141.393279,39.140627],[141.392867,39.14101],[141.392204,39.142077],[141.391979,39.142793],[141.391979,39.142885],[141.391842,39.143226],[141.391742,39.143243],[141.391017,39.144035],[141.390392,39.144918],[141.390329,39.145276],[141.390367,39.147126],[141.390329,39.147959],[141.390417,39.148276],[141.390717,39.148634],[141.392504,39.150234],[141.393779,39.151601],[141.394054,39.152059],[141.394291,39.152892],[141.394516,39.153859],[141.394541,39.15465],[141.394429,39.155008],[141.393941,39.155458],[141.393779,39.155567],[141.393391,39.155933],[141.392916,39.15665],[141.392404,39.157891],[141.392129,39.158433],[141.391791,39.158883],[141.391354,39.15925],[141.390804,39.159633],[141.389816,39.160149],[141.387642,39.161166],[141.386704,39.161549],[141.385717,39.161824],[141.384779,39.162157],[141.384679,39.162207],[141.384292,39.162566],[141.384154,39.162907],[141.384067,39.163266],[141.384017,39.163766],[141.384129,39.164166],[141.384479,39.16509],[141.384892,39.16599],[141.385054,39.16604],[141.385829,39.16599],[141.386766,39.166015],[141.386929,39.166057],[141.387041,39.16619],[141.387154,39.166549],[141.387154,39.16669],[141.387704,39.16869],[141.388029,39.169548],[141.388179,39.169873],[141.388379,39.170807],[141.388441,39.171865],[141.388379,39.172431],[141.388104,39.173131],[141.387804,39.173556],[141.387404,39.173956],[141.386079,39.174806],[141.384391,39.176839],[141.386454,39.178756],[141.388678,39.180772],[141.389066,39.181239],[141.389303,39.181689],[141.389328,39.181964],[141.389166,39.182205],[141.388403,39.182955],[141.387628,39.183188],[141.387166,39.183438],[141.386853,39.183855],[141.386303,39.184688],[141.386178,39.184797],[141.385828,39.184955],[141.385279,39.184955],[141.384529,39.18508],[141.382754,39.186305],[141.382366,39.186405],[141.382154,39.186405],[141.381466,39.186263],[141.380704,39.186046],[141.380116,39.185913],[141.379366,39.185905],[141.378554,39.18598],[141.376704,39.186288],[141.375854,39.186479],[141.374204,39.187113],[141.373629,39.187379],[141.373342,39.187638],[141.373317,39.188021],[141.373379,39.188796],[141.373467,39.189179],[141.373729,39.189412],[141.376992,39.191571],[141.377717,39.191887],[141.378579,39.192162],[141.379991,39.192479],[141.380579,39.192521],[141.382229,39.192871],[141.383491,39.193246],[141.384253,39.193237],[141.385203,39.193171],[141.386966,39.192871],[141.387428,39.192837],[141.387591,39.192904],[141.387916,39.193229],[141.388428,39.193821],[141.388915,39.194071],[141.389578,39.194179],[141.390528,39.194271],[141.39169,39.194329],[141.391865,39.194362],[141.39199,39.194504],[141.39209,39.194837],[141.392103,39.195287],[141.392228,39.196395],[141.392353,39.196862],[141.39254,39.197104],[141.392965,39.197504],[141.39354,39.197929],[141.39424,39.198362],[141.395365,39.198979],[141.397502,39.200037],[141.398127,39.200103],[141.398802,39.200128],[141.399702,39.200062],[141.400177,39.20012],[141.400689,39.20032],[141.401139,39.200603],[141.401627,39.20102],[141.401702,39.201162],[141.401977,39.201203],[141.404514,39.201378],[141.406414,39.20162],[141.407039,39.201662],[141.407501,39.201654],[141.408189,39.201504],[141.409813,39.201004],[141.411988,39.200412],[141.412763,39.199737],[141.413688,39.198912],[141.414201,39.198646],[141.415613,39.198063],[141.416388,39.197771],[141.417563,39.197254],[141.418225,39.197096],[141.41915,39.196929],[141.420638,39.196563],[141.4218,39.196171],[141.4245,39.195063],[141.4247,39.19503],[141.425475,39.195163],[141.426625,39.195505],[141.427075,39.19548],[141.427475,39.195355],[141.428549,39.195247],[141.429499,39.195205],[141.433237,39.19488],[141.433799,39.194805],[141.435711,39.194147],[141.436499,39.193955],[141.437074,39.193764],[141.437599,39.193414],[141.438099,39.192997],[141.438524,39.19253],[141.439186,39.192156],[141.439861,39.192139],[141.440586,39.192164],[141.441298,39.192264],[141.441748,39.192389],[141.441961,39.192556],[141.441911,39.192722],[141.441423,39.193647],[141.441398,39.194039],[141.442273,39.196039],[141.442798,39.197522],[141.443086,39.198772],[141.443223,39.199688],[141.44416,39.20108],[141.444423,39.201063],[141.44536,39.201105],[141.44756,39.201046],[141.44811,39.200938],[141.448648,39.200672],[141.44966,39.200088],[141.449997,39.200047],[141.45031,39.199913],[141.450847,39.199763],[141.45236,39.19918],[141.452547,39.199205],[141.45276,39.199389],[141.45306,39.199489],[141.45356,39.19953],[141.454135,39.199639],[141.454597,39.19983],[141.455185,39.199972],[141.456372,39.20003],[141.456809,39.200364],[141.458259,39.201688],[141.458759,39.20223],[141.459122,39.202513],[141.459397,39.20283],[141.459597,39.203205],[141.460409,39.204172],[141.461346,39.20508],[141.461696,39.20538],[141.463434,39.205997],[141.466284,39.207571],[141.467808,39.208446],[141.468408,39.208688],[141.468971,39.208746],[141.470208,39.208563],[141.470671,39.208596],[141.471696,39.208863],[141.472121,39.209063],[141.472283,39.209321],[141.472908,39.21053],[141.474095,39.210438],[141.476295,39.210096],[141.477283,39.210055],[141.478045,39.209988],[141.47912,39.209705],[141.479082,39.210271],[141.478945,39.211571],[141.478945,39.211955],[141.478895,39.212196],[141.47812,39.21268],[141.476957,39.213596],[141.476095,39.214471],[141.475795,39.214846],[141.475695,39.215113],[141.47607,39.215371],[141.476595,39.215846],[141.477145,39.216537],[141.477407,39.217054],[141.47752,39.217546],[141.477457,39.218071],[141.477595,39.218346],[141.478745,39.219012],[141.479295,39.219429],[141.480307,39.220287],[141.480569,39.22067],[141.480669,39.221495],[141.480669,39.222054],[141.480582,39.22247],[141.480357,39.22277],[141.479957,39.223078],[141.479919,39.22327],[141.479957,39.223362],[141.480532,39.223895],[141.480582,39.22422],[141.479944,39.226753],[141.480032,39.226953],[141.480494,39.227261],[141.481232,39.227578],[141.481894,39.227753],[141.481994,39.227845],[141.481982,39.228011],[141.481457,39.228528],[141.480894,39.229186],[141.479832,39.230553],[141.479432,39.231136],[141.479019,39.231994],[141.478857,39.232436],[141.477669,39.233352],[141.477207,39.233644],[141.477419,39.233952],[141.477694,39.234269],[141.478169,39.234435],[141.479357,39.234744],[141.483156,39.235344],[141.483869,39.235602],[141.485869,39.236035],[141.486244,39.236185],[141.486681,39.236669],[141.487343,39.237602],[141.487518,39.237794],[141.488343,39.23801],[141.491093,39.239119],[141.49193,39.239444],[141.492568,39.239627],[141.493368,39.23971],[141.495168,39.239777],[141.495905,39.239769],[141.496368,39.239794],[141.496478,39.239697],[141.496743,39.239719],[141.496992,39.239602],[141.497105,39.239502],[141.498042,39.23816],[141.49928,39.236694],[141.500492,39.235636],[141.50153,39.234844],[141.501817,39.234661],[141.50233,39.234178],[141.502605,39.234094],[141.502717,39.234078],[141.503067,39.234261],[141.503905,39.235069],[141.505154,39.236186],[141.505642,39.236478],[141.506042,39.236669],[141.506517,39.236836],[141.507054,39.236853],[141.507292,39.236886],[141.507892,39.236778],[141.508517,39.236711],[141.508779,39.236869],[141.509329,39.237061],[141.509954,39.237103],[141.510254,39.237094],[141.510391,39.237119],[141.510654,39.237836],[141.510841,39.238094],[141.511179,39.238253],[141.511429,39.238436],[141.511679,39.239119],[141.511929,39.239344],[141.513041,39.239861],[141.513316,39.240144],[141.513579,39.240636],[141.513729,39.240761]]],"type":"Polygon"},"properties":{"id":"K29","pref":"宮城県,岩手県","number":14,"name":"陸前","yomi":"りくぜん","id_url":"K29.html"}}],"type":"FeatureCollection"}