{"type":"FeatureCollection","features":[{"properties":{"yomi":"りくちゅう","id_url":"K30.html","name":"陸中","number":18,"id":"K30","pref":"岩手県,秋田県"},"geometry":{"type":"Polygon","coordinates":[[[140.927765,40.421122],[140.928515,40.421255],[140.92914,40.421314],[140.93069,40.421281],[140.933102,40.421489],[140.933727,40.421822],[140.935052,40.422697],[140.935714,40.423097],[140.935951,40.423372],[140.936014,40.423614],[140.936464,40.42443],[140.937076,40.425147],[140.937439,40.425822],[140.937626,40.426588],[140.937651,40.427013],[140.937364,40.427513],[140.938151,40.428138],[140.939463,40.428922],[140.941826,40.430038],[140.942001,40.430055],[140.942301,40.429963],[140.942626,40.429397],[140.943063,40.429122],[140.9453,40.429105],[140.945738,40.428763],[140.94615,40.427997],[140.9471,40.42783],[140.948938,40.427639],[140.949325,40.427522],[140.949563,40.427205],[140.950013,40.426905],[140.951075,40.42643],[140.95155,40.426314],[140.952137,40.426397],[140.952625,40.426622],[140.953012,40.426864],[140.953462,40.427064],[140.953812,40.427039],[140.955,40.426447],[140.955712,40.426372],[140.956674,40.426572],[140.957412,40.426589],[140.958249,40.426489],[140.958837,40.426647],[140.959562,40.426914],[140.960399,40.427089],[140.961224,40.427039],[140.962211,40.426889],[140.963311,40.426956],[140.963999,40.427081],[140.964299,40.427422],[140.964599,40.428231],[140.965024,40.428589],[140.967023,40.428939],[140.967861,40.429222],[140.969173,40.429556],[140.970486,40.429997],[140.971985,40.430622],[140.97261,40.430747],[140.972998,40.430655],[140.973585,40.430289],[140.974473,40.430172],[140.975398,40.429922],[140.976223,40.429464],[140.97756,40.429072],[140.978747,40.428989],[140.979222,40.428872],[140.979822,40.428581],[140.980472,40.428464],[140.981572,40.428431],[140.983122,40.428331],[140.983947,40.428148],[140.984422,40.427981],[140.984747,40.427756],[140.98496,40.427456],[140.984985,40.427256],[140.985072,40.427056],[140.985397,40.426914],[140.985372,40.425556],[140.985347,40.425356],[140.985422,40.424206],[140.985535,40.42344],[140.98556,40.42294],[140.985647,40.422757],[140.98581,40.421673],[140.985235,40.42109],[140.984722,40.420757],[140.984547,40.42069],[140.983522,40.420015],[140.98296,40.41939],[140.982835,40.419224],[140.982573,40.418999],[140.98001,40.417874],[140.97936,40.417374],[140.979073,40.416991],[140.978873,40.416607],[140.978723,40.416132],[140.978798,40.415724],[140.979186,40.415257],[140.979273,40.415232],[140.979985,40.415466],[140.980935,40.415582],[140.981148,40.415541],[140.981535,40.415366],[140.981798,40.414983],[140.982073,40.414474],[140.98256,40.413824],[140.98281,40.413308],[140.982698,40.412699],[140.982435,40.412025],[140.982298,40.41175],[140.982148,40.411725],[140.981948,40.411383],[140.981886,40.410958],[140.982048,40.410558],[140.981986,40.410083],[140.982023,40.409542],[140.982248,40.408983],[140.982198,40.408217],[140.982086,40.407833],[140.981711,40.406975],[140.981486,40.406292],[140.981423,40.405775],[140.981523,40.405417],[140.981998,40.405042],[140.982336,40.404842],[140.982723,40.404709],[140.983373,40.4046],[140.983548,40.4046],[140.983798,40.404492],[140.984261,40.404517],[140.985098,40.404142],[140.985348,40.403942],[140.985561,40.403626],[140.985736,40.403492],[140.985886,40.403092],[140.985686,40.402817],[140.985273,40.402392],[140.985311,40.402117],[140.985736,40.401826],[140.985586,40.401268],[140.985586,40.401151],[140.986248,40.400668],[140.986523,40.400393],[140.986548,40.400259],[140.986848,40.400109],[140.986648,40.399859],[140.986298,40.399318],[140.986536,40.398976],[140.986898,40.398776],[140.987236,40.398535],[140.987411,40.39851],[140.987536,40.398268],[140.987623,40.397618],[140.987598,40.397368],[140.987698,40.397343],[140.987961,40.397168],[140.987723,40.396985],[140.987461,40.396602],[140.987473,40.396468],[140.987561,40.396152],[140.987886,40.395818],[140.987861,40.39566],[140.987811,40.39566],[140.987486,40.395518],[140.987336,40.395202],[140.987398,40.395027],[140.987286,40.394843],[140.986898,40.394435],[140.986486,40.394277],[140.985986,40.393935],[140.985761,40.393435],[140.985849,40.39141],[140.985524,40.391269],[140.985524,40.391136],[140.985086,40.390569],[140.984824,40.389961],[140.984986,40.389561],[140.984749,40.389377],[140.984636,40.389036],[140.984674,40.388453],[140.985061,40.388094],[140.985099,40.387961],[140.985574,40.387561],[140.985636,40.387244],[140.985611,40.386994],[140.986099,40.38592],[140.986349,40.385003],[140.986236,40.384686],[140.986599,40.38442],[140.986874,40.384145],[140.986874,40.384011],[140.986999,40.383653],[140.987324,40.38332],[140.987424,40.382962],[140.987749,40.382562],[140.987911,40.38202],[140.988336,40.381504],[140.988511,40.381079],[140.988849,40.380587],[140.989511,40.379937],[140.989849,40.379404],[140.989849,40.379246],[140.990536,40.378354],[140.990686,40.378237],[140.991674,40.377929],[140.992361,40.377462],[140.993074,40.377288],[140.993799,40.377004],[140.994186,40.376421],[140.994186,40.376288],[140.993574,40.375746],[140.993549,40.375338],[140.993636,40.37518],[140.993961,40.37523],[140.994024,40.375005],[140.994249,40.37453],[140.994124,40.374355],[140.994249,40.373971],[140.994886,40.373321],[140.994999,40.373255],[140.995211,40.372897],[140.995286,40.372338],[140.995436,40.371838],[140.995324,40.37128],[140.995124,40.37083],[140.995136,40.369972],[140.994486,40.369539],[140.993999,40.369039],[140.993911,40.368722],[140.994511,40.368214],[140.994449,40.368122],[140.994099,40.367939],[140.994011,40.367822],[140.993799,40.367781],[140.993399,40.367389],[140.992887,40.367164],[140.992474,40.367089],[140.992187,40.367114],[140.991937,40.367314],[140.991524,40.367356],[140.990812,40.367097],[140.990762,40.367006],[140.990699,40.366739],[140.991324,40.366656],[140.991512,40.365797],[140.991287,40.365281],[140.991349,40.364856],[140.991599,40.364339],[140.991662,40.363798],[140.992087,40.363239],[140.992212,40.362765],[140.991862,40.362315],[140.991362,40.36179],[140.991112,40.361073],[140.991437,40.36094],[140.992062,40.36099],[140.992924,40.36059],[140.993087,40.359582],[140.993025,40.35764],[140.993062,40.357465],[140.993212,40.357124],[140.993662,40.35679],[140.993875,40.356365],[140.99495,40.35579],[140.995162,40.355524],[140.99505,40.355316],[140.99445,40.355132],[140.994287,40.354682],[140.994475,40.354057],[140.994775,40.353649],[140.995187,40.353449],[140.99525,40.353207],[140.994712,40.353249],[140.99425,40.353199],[140.994575,40.352708],[140.993125,40.352424],[140.992812,40.351991],[140.992875,40.351724],[140.993412,40.351524],[140.993625,40.351008],[140.993625,40.350808],[140.993237,40.350624],[140.992675,40.350549],[140.992088,40.350158],[140.991225,40.350333],[140.990425,40.350441],[140.989425,40.349733],[140.988513,40.349233],[140.988051,40.348774],[140.987701,40.348125],[140.987151,40.347641],[140.986288,40.347325],[140.985463,40.346933],[140.985001,40.346525],[140.984526,40.346291],[140.983851,40.346266],[140.983614,40.3459],[140.983414,40.345858],[140.983289,40.345566],[140.983114,40.34545],[140.982289,40.345241],[140.981814,40.345058],[140.981976,40.3447],[140.981889,40.3447],[140.981201,40.344508],[140.981689,40.344175],[140.981889,40.344108],[140.982076,40.343958],[140.981251,40.343367],[140.980776,40.343267],[140.980214,40.343333],[140.979289,40.343367],[140.978402,40.3435],[140.978102,40.343766],[140.977889,40.3439],[140.977602,40.343308],[140.977189,40.34315],[140.976989,40.343217],[140.976414,40.343566],[140.976027,40.343675],[140.975802,40.343341],[140.975802,40.343291],[140.975614,40.34325],[140.975289,40.343358],[140.975027,40.343266],[140.974764,40.343241],[140.974614,40.343441],[140.974302,40.343975],[140.973865,40.343975],[140.973127,40.343766],[140.972915,40.343675],[140.972052,40.3436],[140.971902,40.343641],[140.971552,40.343975],[140.971715,40.344516],[140.971977,40.345108],[140.97194,40.345599],[140.971315,40.345824],[140.970415,40.346216],[140.970152,40.346416],[140.96964,40.346999],[140.969265,40.347966],[140.969027,40.348366],[140.969465,40.348932],[140.969602,40.349074],[140.969665,40.349274],[140.968977,40.349224],[140.968715,40.349649],[140.96859,40.350007],[140.968052,40.350157],[140.967865,40.350182],[140.967627,40.350407],[140.967752,40.350565],[140.968102,40.350724],[140.96834,40.350949],[140.96824,40.350974],[140.967302,40.350832],[140.96624,40.35044],[140.965502,40.35034],[140.965227,40.350207],[140.963865,40.348641],[140.963015,40.347916],[140.96204,40.347182],[140.963153,40.346341],[140.96449,40.344324],[140.964828,40.343649],[140.965578,40.342416],[140.966153,40.341975],[140.966278,40.34175],[140.966378,40.340983],[140.966915,40.340183],[140.967878,40.339242],[140.968153,40.33875],[140.96819,40.338209],[140.96849,40.337784],[140.968528,40.337467],[140.968353,40.33715],[140.967515,40.336067],[140.967166,40.335384],[140.967016,40.334959],[140.967016,40.334584],[140.967103,40.334267],[140.967128,40.334001],[140.967366,40.333659],[140.967278,40.333484],[140.965678,40.332184],[140.965378,40.330884],[140.965316,40.330768],[140.965203,40.330701],[140.964641,40.329959],[140.964278,40.329626],[140.962979,40.328618],[140.962416,40.328285],[140.962279,40.327993],[140.962416,40.327568],[140.962741,40.32716],[140.962616,40.32631],[140.962679,40.325751],[140.962904,40.325102],[140.962966,40.324718],[140.962841,40.324452],[140.962466,40.323935],[140.962429,40.32351],[140.962279,40.323193],[140.962104,40.323085],[140.961516,40.322968],[140.961191,40.322968],[140.961491,40.323577],[140.961104,40.323602],[140.960729,40.323893],[140.960429,40.324027],[140.960254,40.324318],[140.960166,40.324943],[140.959879,40.325618],[140.959442,40.325685],[140.959079,40.325485],[140.959054,40.325085],[140.958729,40.324585],[140.958429,40.324435],[140.958254,40.324502],[140.958017,40.324818],[140.957779,40.324793],[140.957304,40.324543],[140.957279,40.32441],[140.957304,40.323852],[140.957479,40.322727],[140.957867,40.322327],[140.958542,40.322102],[140.958767,40.321894],[140.958892,40.32131],[140.958729,40.32026],[140.958904,40.31961],[140.958904,40.319052],[140.958279,40.318194],[140.957929,40.317461],[140.95733,40.315436],[140.95703,40.313986],[140.956992,40.313261],[140.957167,40.312678],[140.957292,40.311895],[140.957255,40.311403],[140.95693,40.310461],[140.956867,40.309987],[140.95698,40.309187],[140.95748,40.307429],[140.957593,40.306487],[140.957318,40.305979],[140.956843,40.304879],[140.956343,40.303979],[140.95593,40.303421],[140.954955,40.302746],[140.954543,40.302371],[140.953656,40.301204],[140.953418,40.301088],[140.952531,40.300804],[140.951406,40.300463],[140.950618,40.300288],[140.949844,40.300154],[140.949019,40.299771],[140.948781,40.299638],[140.948106,40.299346],[140.946931,40.299196],[140.946544,40.299196],[140.945931,40.298946],[140.945094,40.298229],[140.944657,40.297696],[140.944444,40.297113],[140.943969,40.296346],[140.944032,40.295921],[140.944444,40.295388],[140.944732,40.295138],[140.945169,40.29458],[140.945019,40.293947],[140.944519,40.293097],[140.944157,40.292355],[140.944244,40.29193],[140.944394,40.29173],[140.944507,40.291255],[140.944269,40.290405],[140.94427,40.28998],[140.94462,40.288922],[140.944557,40.288272],[140.944707,40.288031],[140.944945,40.287981],[140.946207,40.287422],[140.947082,40.287414],[140.948794,40.287106],[140.949644,40.287123],[140.950082,40.287164],[140.951032,40.287364],[140.952444,40.287431],[140.952644,40.287164],[140.953319,40.286023],[140.953844,40.285231],[140.954344,40.284765],[140.956494,40.284873],[140.956844,40.284623],[140.956794,40.284581],[140.956644,40.284173],[140.956694,40.28379],[140.957256,40.283007],[140.957606,40.282198],[140.957519,40.281973],[140.957131,40.281749],[140.956719,40.281307],[140.956031,40.280674],[140.955069,40.280182],[140.954506,40.279982],[140.954144,40.27949],[140.953944,40.278865],[140.953757,40.278124],[140.953457,40.276641],[140.953344,40.276332],[140.952744,40.275749],[140.952657,40.275099],[140.952682,40.274741],[140.952657,40.274066],[140.952707,40.273441],[140.952944,40.273033],[140.952819,40.272491],[140.952795,40.271375],[140.952582,40.271016],[140.95237,40.270883],[140.95237,40.270833],[140.95172,40.2705],[140.951407,40.270366],[140.950607,40.2699],[140.94992,40.269333],[140.949682,40.268908],[140.949745,40.268217],[140.949707,40.267967],[140.949383,40.267208],[140.94877,40.2666],[140.948295,40.266042],[140.94802,40.265458],[140.947233,40.264475],[140.947308,40.2634],[140.947158,40.2627],[140.94722,40.2623],[140.94722,40.261717],[140.946796,40.260884],[140.946471,40.259542],[140.946346,40.259051],[140.945996,40.258509],[140.945733,40.258259],[140.945733,40.258018],[140.945783,40.257859],[140.946433,40.257343],[140.947108,40.256576],[140.947871,40.255635],[140.948071,40.255476],[140.948546,40.255251],[140.948896,40.255026],[140.948958,40.254893],[140.948971,40.253552],[140.949008,40.25346],[140.949208,40.253185],[140.949683,40.252743],[140.949983,40.252535],[140.950545,40.252377],[140.951633,40.252218],[140.951745,40.252127],[140.95222,40.25161],[140.952545,40.25136],[140.95307,40.251094],[140.953808,40.250819],[140.954133,40.25066],[140.954245,40.250369],[140.95427,40.250035],[140.95477,40.248569],[140.95497,40.247711],[140.953758,40.247402],[140.951433,40.246977],[140.950533,40.246886],[140.949321,40.246861],[140.948408,40.246886],[140.947533,40.246869],[140.946909,40.246819],[140.946346,40.246711],[140.944384,40.246011],[140.943846,40.245586],[140.943559,40.245094],[140.943434,40.244369],[140.943459,40.243919],[140.943371,40.243544],[140.943196,40.243178],[140.942809,40.242819],[140.942072,40.242261],[140.941659,40.241853],[140.941247,40.241336],[140.940334,40.240711],[140.940072,40.240261],[140.940334,40.239362],[140.940622,40.238528],[140.941147,40.23722],[140.941297,40.236587],[140.941347,40.236137],[140.941347,40.235687],[140.941109,40.234204],[140.940809,40.232762],[140.940834,40.232246],[140.941072,40.231796],[140.941797,40.230829],[140.942247,40.230063],[140.942209,40.22903],[140.942147,40.228555],[140.941997,40.228088],[140.941822,40.227721],[140.94091,40.226896],[140.940297,40.227005],[140.939647,40.227163],[140.938497,40.227305],[140.93771,40.227305],[140.936935,40.227238],[140.936148,40.227055],[140.935173,40.226563],[140.934673,40.226271],[140.934198,40.226113],[140.93376,40.226138],[140.931998,40.226363],[140.930361,40.226496],[140.929561,40.226363],[140.927673,40.226138],[140.925736,40.226163],[140.925449,40.226146],[140.923361,40.225671],[140.922586,40.22538],[140.921736,40.225113],[140.920174,40.224346],[140.919624,40.223946],[140.918974,40.223696],[140.918237,40.223496],[140.917499,40.223496],[140.915887,40.223813],[140.914624,40.223721],[140.913762,40.223563],[140.910862,40.223138],[140.910275,40.223163],[140.90965,40.223438],[140.909187,40.223571],[140.908737,40.223463],[140.907325,40.222871],[140.906125,40.222496],[140.905175,40.222021],[140.904975,40.22173],[140.904413,40.219322],[140.904375,40.218855],[140.904288,40.218422],[140.903763,40.217838],[140.9032,40.21748],[140.90255,40.216872],[140.902075,40.216488],[140.901438,40.21633],[140.900701,40.216247],[140.899751,40.216063],[140.898901,40.215863],[140.897963,40.215463],[140.896638,40.214564],[140.895814,40.213755],[140.895926,40.213547],[140.896951,40.21308],[140.898126,40.212714],[140.898626,40.212647],[140.899076,40.212422],[140.899101,40.211997],[140.898951,40.211522],[140.898713,40.210981],[140.898538,40.210397],[140.898476,40.209814],[140.898301,40.209297],[140.898326,40.208623],[140.898563,40.208264],[140.898701,40.208148],[140.898676,40.208106],[140.898063,40.207973],[140.897114,40.207539],[140.896501,40.207181],[140.896151,40.206798],[140.896051,40.206598],[140.896089,40.206148],[140.895814,40.205764],[140.895351,40.205339],[140.894814,40.205023],[140.893701,40.204173],[140.893339,40.20379],[140.893026,40.203523],[140.892101,40.202281],[140.891689,40.20199],[140.891277,40.201831],[140.890927,40.20154],[140.890727,40.201273],[140.890339,40.200981],[140.889902,40.200865],[140.889577,40.200623],[140.889402,40.200123],[140.889402,40.199382],[140.889689,40.198757],[140.889977,40.198232],[140.890477,40.197715],[140.891002,40.197315],[140.891239,40.197065],[140.891327,40.196657],[140.891439,40.195424],[140.891614,40.194815],[140.891939,40.194249],[140.892027,40.193799],[140.891877,40.193216],[140.891964,40.192857],[140.892402,40.192674],[140.892664,40.192516],[140.892527,40.192382],[140.892252,40.192224],[140.890664,40.191083],[140.890314,40.190766],[140.88984,40.190474],[140.882928,40.1854],[140.881241,40.184158],[140.880066,40.183241],[140.879516,40.182991],[140.878866,40.182766],[140.878453,40.182383],[140.877804,40.181175],[140.877479,40.1809],[140.876716,40.180767],[140.876304,40.180633],[140.875954,40.180275],[140.875804,40.179917],[140.875504,40.179575],[140.874716,40.179283],[140.874154,40.179175],[140.873542,40.179108],[140.873042,40.178792],[140.872717,40.178433],[140.872392,40.178208],[140.872042,40.178167],[140.871502,40.178179],[140.871417,40.178233],[140.871067,40.178208],[140.871029,40.178192],[140.870004,40.17815],[140.869892,40.1781],[140.868855,40.17795],[140.86798,40.177658],[140.867442,40.177417],[140.86653,40.176875],[140.86623,40.176608],[140.86558,40.176183],[140.863793,40.175158],[140.863643,40.175042],[140.863168,40.1748],[140.86273,40.174617],[140.862368,40.174392],[140.861431,40.173992],[140.860606,40.173592],[140.860193,40.173325],[140.860131,40.173167],[140.860131,40.17285],[140.860068,40.172717],[140.859943,40.172583],[140.859718,40.172425],[140.859656,40.172134],[140.859593,40.172017],[140.859143,40.171484],[140.859118,40.171234],[140.859206,40.1709],[140.859718,40.170359],[140.859718,40.170134],[140.859781,40.169909],[140.859868,40.169792],[140.859831,40.1695],[140.859806,40.169417],[140.859731,40.169259],[140.859793,40.168717],[140.860568,40.168267],[140.861381,40.167609],[140.861456,40.166526],[140.861693,40.165693],[140.862068,40.165243],[140.862731,40.164809],[140.863456,40.163993],[140.863793,40.163768],[140.864981,40.163376],[140.865568,40.163126],[140.866281,40.16261],[140.866693,40.162385],[140.867031,40.162002],[140.867668,40.160668],[140.868393,40.159785],[140.868856,40.159535],[140.869281,40.15951],[140.87053,40.159802],[140.871503,40.159998],[140.87173,40.16006],[140.87218,40.160094],[140.872768,40.160152],[140.874343,40.160569],[140.875005,40.160794],[140.875767,40.160827],[140.877205,40.160319],[140.878867,40.159994],[140.879592,40.159886],[140.88028,40.159936],[140.880779,40.160061],[140.881067,40.159994],[140.882542,40.158894],[140.882892,40.158494],[140.883467,40.157644],[140.883592,40.157378],[140.883029,40.157036],[140.882592,40.156611],[140.882205,40.156053],[140.88238,40.155845],[140.882792,40.155195],[140.882905,40.154353],[140.883042,40.153795],[140.883067,40.153412],[140.882367,40.151253],[140.882192,40.150903],[140.881692,40.150504],[140.880905,40.149779],[140.879918,40.14927],[140.87948,40.148887],[140.87913,40.148387],[140.878893,40.147987],[140.878518,40.14772],[140.878143,40.147354],[140.877005,40.145946],[140.876793,40.145079],[140.876481,40.144587],[140.875893,40.144229],[140.875264,40.143697],[140.874793,40.143354],[140.874531,40.142996],[140.874281,40.141713],[140.874231,40.140471],[140.874168,40.140096],[140.874343,40.139813],[140.874556,40.13963],[140.874593,40.139563],[140.874456,40.139388],[140.873381,40.138738],[140.872994,40.138463],[140.871504,40.137668],[140.871081,40.137405],[140.870781,40.137088],[140.870144,40.136188],[140.869707,40.13578],[140.869507,40.135422],[140.869444,40.135238],[140.869232,40.134922],[140.868969,40.134363],[140.868269,40.133505],[140.867369,40.132764],[140.867082,40.13238],[140.867045,40.131997],[140.867132,40.130847],[140.867332,40.130372],[140.867645,40.130006],[140.86857,40.129306],[140.868882,40.128764],[140.869057,40.128264],[140.869407,40.127789],[140.869857,40.127248],[140.87082,40.126364],[140.871504,40.125478],[140.871607,40.125431],[140.872157,40.12489],[140.872444,40.124665],[140.873019,40.124073],[140.873282,40.123565],[140.873394,40.12324],[140.873544,40.123015],[140.874094,40.122465],[140.873982,40.122348],[140.873682,40.121948],[140.873482,40.121549],[140.872257,40.11979],[140.871505,40.118912],[140.871382,40.118624],[140.870945,40.117991],[140.87082,40.117649],[140.87082,40.117332],[140.870932,40.116999],[140.871082,40.116274],[140.871195,40.115999],[140.871395,40.115841],[140.871505,40.115837],[140.875257,40.115383],[140.876157,40.115416],[140.876844,40.115416],[140.877544,40.115366],[140.878094,40.115266],[140.878707,40.115008],[140.879019,40.114916],[140.879432,40.114758],[140.880907,40.113991],[140.880994,40.1139],[140.881032,40.1138],[140.880982,40.113367],[140.880894,40.112933],[140.880744,40.1126],[140.880544,40.1123],[140.880269,40.11205],[140.879444,40.111358],[140.879357,40.11125],[140.879269,40.111125],[140.879219,40.111008],[140.879244,40.110742],[140.879307,40.109917],[140.879332,40.108559],[140.879369,40.108334],[140.879544,40.107634],[140.879657,40.106992],[140.879657,40.106551],[140.87962,40.106267],[140.879532,40.106017],[140.87937,40.105743],[140.879257,40.105601],[140.879107,40.105526],[140.878807,40.105426],[140.87822,40.105343],[140.877845,40.105359],[140.877657,40.105401],[140.87747,40.105409],[140.877445,40.104609],[140.877207,40.103568],[140.877032,40.103043],[140.876932,40.102485],[140.877083,40.101851],[140.877258,40.101351],[140.877395,40.100768],[140.877308,40.100285],[140.877108,40.099935],[140.877045,40.099402],[140.877358,40.098327],[140.87732,40.09816],[140.877145,40.097968],[140.87672,40.097677],[140.876395,40.097185],[140.876021,40.096819],[140.875758,40.09651],[140.875408,40.09556],[140.875308,40.094919],[140.875346,40.094694],[140.875308,40.094602],[140.874408,40.094227],[140.874058,40.094002],[140.873571,40.093594],[140.873334,40.093261],[140.872921,40.092377],[140.872259,40.091527],[140.872046,40.091186],[140.871784,40.090936],[140.871506,40.090757],[140.870384,40.090611],[140.869422,40.090294],[140.868784,40.090003],[140.868322,40.089736],[140.867997,40.089486],[140.867534,40.089036],[140.866685,40.087503],[140.865872,40.086786],[140.864735,40.086094],[140.86431,40.085911],[140.86411,40.085661],[140.863747,40.085353],[140.863048,40.084878],[140.86266,40.08472],[140.862223,40.084678],[140.861773,40.084703],[140.861185,40.084886],[140.859948,40.085628],[140.859423,40.085836],[140.859173,40.085994],[140.85891,40.086094],[140.85851,40.086269],[140.858048,40.086286],[140.85691,40.086094],[140.856561,40.085844],[140.855623,40.085486],[140.854973,40.085194],[140.854536,40.084928],[140.854223,40.084611],[140.854086,40.084161],[140.854086,40.083644],[140.854186,40.083078],[140.854211,40.082403],[140.853961,40.081928],[140.852936,40.081528],[140.851761,40.081303],[140.851511,40.081211],[140.851461,40.080945],[140.851648,40.08047],[140.851811,40.079811],[140.851561,40.07932],[140.851474,40.07812],[140.850949,40.077811],[140.849361,40.077253],[140.847824,40.076261],[140.846936,40.07552],[140.846487,40.075478],[140.845887,40.075478],[140.845387,40.075236],[140.844874,40.074945],[140.844512,40.074603],[140.844512,40.073812],[140.844424,40.073253],[140.844862,40.07232],[140.845112,40.071695],[140.845274,40.071103],[140.845299,40.070537],[140.845549,40.07002],[140.846012,40.069454],[140.846237,40.06887],[140.846237,40.068304],[140.846287,40.067629],[140.846525,40.067196],[140.846974,40.066721],[140.84705,40.066454],[140.847162,40.065821],[140.847187,40.065437],[140.847575,40.064737],[140.848725,40.063171],[140.849312,40.062746],[140.850299,40.062088],[140.850749,40.061696],[140.850987,40.061246],[140.850874,40.060821],[140.850649,40.060305],[140.850649,40.059713],[140.850562,40.059221],[140.850262,40.058588],[140.85025,40.057863],[140.851275,40.056713],[140.851212,40.055897],[140.851012,40.055063],[140.8511,40.054455],[140.851062,40.053847],[140.85125,40.053189],[140.851612,40.052872],[140.852362,40.052305],[140.852325,40.051839],[140.85235,40.051364],[140.852462,40.050864],[140.852737,40.050522],[140.853212,40.050164],[140.853587,40.049798],[140.854,40.048923],[140.854362,40.048264],[140.8548,40.047656],[140.855375,40.046498],[140.8554,40.045981],[140.855375,40.04564],[140.8554,40.045148],[140.855537,40.044223],[140.855525,40.044065],[140.854862,40.043415],[140.854412,40.04249],[140.854487,40.04199],[140.854662,40.04154],[140.854625,40.040499],[140.854675,40.039982],[140.854837,40.039507],[140.855225,40.038716],[140.855337,40.038108],[140.855212,40.037366],[140.854963,40.036824],[140.854713,40.036466],[140.854075,40.035833],[140.852263,40.034533],[140.852201,40.033808],[140.851838,40.033383],[140.851088,40.032933],[140.850588,40.0323],[140.850388,40.031833],[140.850388,40.031375],[140.851026,40.030725],[140.851651,40.029567],[140.851626,40.029209],[140.850988,40.028825],[140.850763,40.028534],[140.851063,40.028034],[140.851338,40.027675],[140.851951,40.027084],[140.852326,40.026542],[140.852276,40.026342],[140.851913,40.025959],[140.851851,40.025484],[140.852826,40.024876],[140.854563,40.024259],[140.855001,40.023351],[140.855463,40.022251],[140.855326,40.021685],[140.854713,40.02126],[140.854013,40.020985],[140.853576,40.020626],[140.853213,40.020268],[140.853151,40.020068],[140.853288,40.019751],[140.853376,40.019251],[140.853126,40.018801],[140.853338,40.01801],[140.853613,40.017585],[140.854213,40.016927],[140.854988,40.016227],[140.855651,40.015819],[140.855813,40.015385],[140.855563,40.014619],[140.855426,40.014035],[140.855001,40.013677],[140.854476,40.013544],[140.853951,40.01336],[140.853664,40.012552],[140.852139,40.012102],[140.851726,40.011927],[140.851226,40.011435],[140.850827,40.010752],[140.850414,40.010169],[140.849827,40.009627],[140.849489,40.009111],[140.849014,40.008052],[140.848877,40.007336],[140.849089,40.006003],[140.849052,40.005303],[140.848377,40.003861],[140.848415,40.003636],[140.84874,40.003069],[140.848852,40.002936],[140.848877,40.002845],[140.849127,40.00277],[140.849439,40.002545],[140.849889,40.001778],[140.850152,40.000945],[140.850514,40.00047],[140.850939,39.999795],[140.850964,39.99927],[140.850714,39.996254],[140.850727,39.994721],[140.850777,39.993979],[140.850739,39.993146],[140.850615,39.992671],[140.850302,39.991821],[140.849815,39.990246],[140.849727,39.989796],[140.849565,39.989388],[140.849165,39.988788],[140.848915,39.988655],[140.848327,39.98823],[140.848265,39.987755],[140.84829,39.987171],[140.848365,39.986513],[140.84839,39.985838],[140.84804,39.984397],[140.847865,39.98298],[140.847903,39.980589],[140.84714,39.977822],[140.846878,39.976156],[140.846653,39.975823],[140.846441,39.975598],[140.845603,39.975156],[140.845328,39.974973],[140.845628,39.974473],[140.846153,39.974065],[140.846353,39.973615],[140.846378,39.973031],[140.846041,39.972132],[140.846428,39.971723],[140.846753,39.970982],[140.847028,39.970507],[140.847753,39.96964],[140.847753,39.969399],[140.847591,39.96879],[140.847366,39.968316],[140.847303,39.967666],[140.847203,39.967216],[140.847166,39.965999],[140.847391,39.964958],[140.847728,39.964549],[140.848328,39.963583],[140.848803,39.962566],[140.848891,39.961842],[140.848829,39.96115],[140.848354,39.960092],[140.848166,39.959642],[140.848004,39.959325],[140.847916,39.9591],[140.847941,39.958742],[140.848241,39.958333],[140.848579,39.958267],[140.850016,39.958167],[140.851203,39.95755],[140.851991,39.957392],[140.853066,39.957384],[140.854278,39.956592],[140.854728,39.955751],[140.854903,39.954809],[140.856516,39.953651],[140.856588,39.953576],[140.857328,39.95281],[140.857365,39.952635],[140.857828,39.952718],[140.858378,39.952893],[140.858778,39.952985],[140.859628,39.952893],[140.861153,39.952501],[140.861553,39.952493],[140.86189,39.952785],[140.862428,39.953435],[140.862727,39.95371],[140.863127,39.953885],[140.863465,39.953885],[140.863902,39.953793],[140.865052,39.95336],[140.865452,39.95351],[140.865827,39.95376],[140.866165,39.954543],[140.866665,39.954968],[140.867089,39.954993],[140.867489,39.954943],[140.868077,39.955143],[140.868939,39.955926],[140.870077,39.956509],[140.870539,39.956909],[140.870889,39.957334],[140.871226,39.957851],[140.871513,39.958062],[140.871539,39.958084],[140.872139,39.958026],[140.872551,39.957351],[140.872764,39.956909],[140.873039,39.956476],[140.873551,39.956009],[140.873801,39.955935],[140.873964,39.955918],[140.874214,39.956201],[140.874601,39.957101],[140.875189,39.958234],[140.875338,39.958618],[140.875776,39.959159],[140.876463,39.959751],[140.877251,39.960092],[140.878601,39.960426],[140.879913,39.960634],[140.881038,39.960651],[140.881975,39.960534],[140.882888,39.960309],[140.884788,39.959759],[140.88585,39.959334],[140.890287,39.957143],[140.893037,39.956035],[140.894,39.955601],[140.894937,39.955126],[140.895962,39.954535],[140.897325,39.953601],[140.897687,39.953293],[140.8981,39.953035],[140.898262,39.95296],[140.898362,39.952952],[140.898599,39.953143],[140.899087,39.953901],[140.899812,39.955635],[140.900386,39.957035],[140.900799,39.957601],[140.904573,39.959743],[140.905161,39.960001],[140.905373,39.960018],[140.906648,39.959668],[140.907648,39.959651],[140.908211,39.959676],[140.90951,39.959509],[140.910835,39.959518],[140.912173,39.959585],[140.913385,39.95956],[140.914173,39.959576],[140.914547,39.959635],[140.914972,39.959968],[140.915822,39.960743],[140.917097,39.961793],[140.918135,39.962409],[140.919797,39.963209],[140.920984,39.963609],[140.921972,39.963768],[140.924446,39.964059],[140.925296,39.964259],[140.926221,39.965001],[140.929021,39.967692],[140.929896,39.968484],[140.93167,39.969917],[140.932858,39.971234],[140.933183,39.971492],[140.933258,39.971442],[140.934158,39.971276],[140.934845,39.971267],[140.935345,39.971492],[140.935907,39.972284],[140.936645,39.972834],[140.937595,39.973442],[140.940107,39.974834],[140.940432,39.975175],[140.940519,39.975392],[140.940607,39.976159],[140.940444,39.977234],[140.940382,39.977425],[140.941682,39.977084],[140.942982,39.976934],[140.945569,39.977059],[140.946594,39.977117],[140.948856,39.977475],[140.952343,39.977675],[140.953693,39.977734],[140.956243,39.977742],[140.958105,39.977701],[140.958655,39.977717],[140.958993,39.977792],[140.95918,39.977867],[140.96013,39.978609],[140.966154,39.986317],[140.965304,39.989883],[140.972003,40.002748],[140.972128,40.003265],[140.972553,40.004282],[140.97299,40.004915],[140.973453,40.00544],[140.973953,40.00569],[140.974215,40.005923],[140.974477,40.006348],[140.975065,40.006648],[140.97579,40.006565],[140.97629,40.006723],[140.97769,40.007456],[140.97784,40.007706],[140.978652,40.008165],[140.979064,40.008531],[140.980052,40.009073],[140.981452,40.010189],[140.982302,40.010606],[140.982739,40.010764],[140.984726,40.011364],[140.985751,40.011781],[140.986601,40.012239],[140.988114,40.013289],[140.988964,40.013923],[140.989489,40.014423],[140.989551,40.014539],[140.989426,40.015039],[140.989539,40.015289],[140.990189,40.015448],[140.990451,40.015564],[140.991726,40.016564],[140.993476,40.017506],[140.993826,40.017823],[140.993976,40.018572],[140.994138,40.019231],[140.994288,40.019456],[140.994751,40.019822],[140.994926,40.019864],[140.996163,40.019989],[140.996498,40.019959],[140.996813,40.019872],[140.997313,40.019831],[140.99825,40.019806],[140.99895,40.019873],[140.999925,40.020156],[141.0003,40.020339],[141.001388,40.021123],[141.001475,40.021298],[141.001538,40.021456],[141.001663,40.022064],[141.001863,40.022647],[141.002013,40.022831],[141.002338,40.023006],[141.0026,40.023206],[141.002863,40.023522],[141.003425,40.023906],[141.003837,40.024081],[141.0046,40.024572],[141.0048,40.024797],[141.004925,40.025064],[141.0051,40.025339],[141.005337,40.025514],[141.005625,40.025539],[141.005775,40.025447],[141.006062,40.025331],[141.006275,40.025314],[141.006562,40.025489],[141.0066,40.025647],[141.006925,40.026097],[141.006975,40.026347],[141.007062,40.026522],[141.007125,40.026706],[141.007337,40.026864],[141.007512,40.026839],[141.007625,40.026772],[141.007775,40.026522],[141.007887,40.026497],[141.008262,40.026522],[141.00865,40.026497],[141.009937,40.026222],[141.010262,40.026114],[141.011162,40.025881],[141.011487,40.025856],[141.012399,40.026756],[141.012662,40.027114],[141.012724,40.027139],[141.012787,40.027272],[141.012962,40.027589],[141.013099,40.027656],[141.013487,40.027631],[141.014686,40.027581],[141.015061,40.027514],[141.015736,40.027264],[141.016149,40.027239],[141.016911,40.027147],[141.017111,40.027147],[141.017674,40.027056],[141.017936,40.027031],[141.018786,40.027098],[141.019786,40.027206],[141.019986,40.027298],[141.020223,40.027547],[141.020223,40.027589],[141.020511,40.027922],[141.020786,40.028064],[141.021048,40.028039],[141.021136,40.027989],[141.022361,40.027114],[141.023198,40.026139],[141.023236,40.026056],[141.023323,40.025964],[141.023461,40.025848],[141.023636,40.025673],[141.024223,40.025556],[141.024723,40.025373],[141.024785,40.025306],[141.02531,40.02504],[141.025398,40.024948],[141.02571,40.024873],[141.026035,40.024898],[141.02671,40.025031],[141.027298,40.025073],[141.02756,40.025048],[141.027735,40.025006],[141.028085,40.024848],[141.028523,40.024731],[141.028735,40.024648],[141.029397,40.024465],[141.029435,40.024481],[141.030022,40.02444],[141.030372,40.024456],[141.030597,40.024506],[141.032122,40.024656],[141.032597,40.024631],[141.032922,40.02459],[141.033647,40.024273],[141.034522,40.023748],[141.034584,40.023773],[141.035522,40.023932],[141.036484,40.024173],[141.036809,40.024215],[141.036959,40.024282],[141.037109,40.024757],[141.037459,40.025607],[141.037547,40.025723],[141.037522,40.025748],[141.038459,40.025698],[141.039071,40.025782],[141.039546,40.02599],[141.039721,40.026123],[141.040271,40.026323],[141.040596,40.026407],[141.040859,40.026524],[141.040859,40.026549],[141.040921,40.026549],[141.041184,40.026615],[141.041571,40.026765],[141.042121,40.026882],[141.043946,40.02719],[141.044033,40.02739],[141.044683,40.028399],[141.045333,40.029499],[141.045358,40.029682],[141.045533,40.029998],[141.045533,40.030065],[141.045621,40.030198],[141.045921,40.030398],[141.046158,40.03049],[141.04712,40.030798],[141.047183,40.030848],[141.047533,40.030957],[141.047558,40.030998],[141.047683,40.031048],[141.047945,40.031432],[141.047945,40.031498],[141.048358,40.03224],[141.048508,40.032457],[141.048945,40.032973],[141.049032,40.033156],[141.04957,40.033556],[141.049795,40.033673],[141.05062,40.033981],[141.051232,40.034323],[141.052182,40.034748],[141.052944,40.035123],[141.053232,40.035373],[141.053907,40.035681],[141.054082,40.035815],[141.054906,40.036223],[141.055231,40.03649],[141.055469,40.036606],[141.056319,40.037139],[141.057293,40.037723],[141.057606,40.037881],[141.060193,40.039464],[141.061255,40.040097],[141.061493,40.040297],[141.061993,40.040589],[141.063217,40.041256],[141.064105,40.041889],[141.064367,40.042039],[141.064305,40.042022],[141.064455,40.042089],[141.064605,40.042197],[141.064717,40.042247],[141.065279,40.042606],[141.065654,40.042806],[141.066017,40.043072],[141.066429,40.043272],[141.067217,40.043722],[141.068154,40.044305],[141.068566,40.044505],[141.068866,40.04473],[141.069329,40.044972],[141.069891,40.04533],[141.071478,40.046255],[141.072028,40.046613],[141.073266,40.047372],[141.074178,40.047863],[141.074828,40.048263],[141.076153,40.04903],[141.078177,40.050238],[141.07824,40.050305],[141.079377,40.050955],[141.079727,40.051155],[141.080852,40.05178],[141.082227,40.052655],[141.083752,40.053571],[141.084252,40.053913],[141.085489,40.054604],[141.086051,40.054988],[141.086614,40.055296],[141.087139,40.055704],[141.087664,40.056104],[141.088289,40.056529],[141.089839,40.057521],[141.090464,40.057879],[141.091138,40.058388],[141.091376,40.058529],[141.092313,40.059154],[141.092751,40.059487],[141.093551,40.060004],[141.093813,40.060137],[141.095313,40.061104],[141.0959,40.061554],[141.096138,40.061687],[141.096425,40.061912],[141.096925,40.062179],[141.097275,40.062429],[141.097725,40.062671],[141.097988,40.062896],[141.0981,40.062937],[141.09925,40.063721],[141.099725,40.064062],[141.1004,40.064487],[141.100638,40.064737],[141.101162,40.065137],[141.101575,40.065404],[141.102962,40.06662],[141.103662,40.067245],[141.103837,40.06747],[141.104162,40.067762],[141.104437,40.068187],[141.104987,40.068887],[141.1054,40.069262],[141.10585,40.06947],[141.106575,40.069895],[141.106812,40.07007],[141.107162,40.070295],[141.107762,40.070678],[141.108137,40.070903],[141.108487,40.070945],[141.108874,40.070895],[141.109462,40.07072],[141.109599,40.070603],[141.109924,40.070445],[141.110249,40.070262],[141.111612,40.069229],[141.112049,40.068979],[141.112436,40.06882],[141.112549,40.068729],[141.112836,40.068329],[141.112986,40.068012],[141.113574,40.068054],[141.113861,40.068029],[141.114486,40.068054],[141.115736,40.067979],[141.115774,40.067962],[141.116261,40.067954],[141.116824,40.068045],[141.116886,40.06802],[141.117523,40.068087],[141.117761,40.068062],[141.118436,40.068045],[141.118986,40.067904],[141.119661,40.067812],[141.119986,40.067812],[141.120198,40.067854],[141.120923,40.068037],[141.121073,40.068037],[141.121336,40.06812],[141.121486,40.0681],[141.121673,40.068154],[141.123198,40.068787],[141.123535,40.06897],[141.123948,40.06937],[141.124523,40.070562],[141.124585,40.070962],[141.124698,40.071395],[141.124898,40.071645],[141.138859,40.079969],[141.139221,40.080236],[141.139946,40.080611],[141.140758,40.080853],[141.141333,40.081061],[141.141933,40.081378],[141.142621,40.081836],[141.145795,40.084102],[141.147333,40.085086],[141.14787,40.085469],[141.148445,40.085919],[141.148795,40.086102],[141.149258,40.086419],[141.149708,40.086669],[141.149945,40.086786],[141.150145,40.086786],[141.15042,40.086752],[141.150758,40.086786],[141.151033,40.086827],[141.15142,40.086936],[141.151595,40.087069],[141.151732,40.087194],[141.151757,40.087369],[141.15172,40.08761],[141.151682,40.087927],[141.151832,40.088135],[141.152207,40.088469],[141.152445,40.088677],[141.152895,40.088894],[141.153132,40.088935],[141.15342,40.088969],[141.153732,40.088869],[141.153995,40.088794],[141.15432,40.088819],[141.15467,40.088894],[141.154907,40.089052],[141.155445,40.08941],[141.155832,40.089335],[141.156407,40.089277],[141.157119,40.089185],[141.157557,40.089094],[141.157757,40.088969],[141.157857,40.088769],[141.158219,40.088202],[141.158557,40.087644],[141.158744,40.087244],[141.158932,40.086752],[141.159144,40.086486],[141.159419,40.086194],[141.159532,40.086103],[141.159682,40.086078],[141.159832,40.085928],[141.160157,40.085769],[141.160619,40.085653],[141.161007,40.085594],[141.161319,40.085461],[141.161519,40.085269],[141.161832,40.084453],[141.161882,40.083978],[141.161669,40.083761],[141.160882,40.083595],[141.160582,40.083478],[141.160482,40.08327],[141.160382,40.08282],[141.159919,40.082278],[141.159294,40.081603],[141.159094,40.08137],[141.158894,40.08082],[141.159082,40.080787],[141.160107,40.080437],[141.162107,40.07957],[141.162557,40.079395],[141.163056,40.079387],[141.164069,40.079279],[141.165269,40.078929],[141.165769,40.078737],[141.167306,40.077971],[141.168168,40.077446],[141.169581,40.076404],[141.170268,40.075963],[141.170968,40.075713],[141.171731,40.075213],[141.172556,40.074346],[141.173156,40.074029],[141.17378,40.073455],[141.174368,40.07268],[141.175093,40.07193],[141.176943,40.070447],[141.178118,40.069247],[141.178418,40.068789],[141.178605,40.068439],[141.17858,40.06803],[141.178855,40.067564],[141.179392,40.067055],[141.179905,40.066639],[141.180405,40.066322],[141.180905,40.066147],[141.18168,40.066181],[141.181717,40.066214],[141.18183,40.066222],[141.182642,40.066156],[141.182855,40.066097],[141.18353,40.065622],[141.183567,40.065506],[141.184555,40.064331],[141.185229,40.063581],[141.185417,40.063273],[141.185504,40.062873],[141.185767,40.062589],[141.185992,40.062464],[141.187142,40.061598],[141.188217,40.061298],[141.188892,40.060923],[141.189454,40.060656],[141.189867,40.060581],[141.190692,40.060473],[141.191454,40.060248],[141.191654,40.059823],[141.192091,40.059948],[141.193066,40.06004],[141.193654,40.059965],[141.197841,40.059107],[141.199066,40.058974],[141.200153,40.058907],[141.201253,40.058624],[141.202515,40.058574],[141.206028,40.059274],[141.20714,40.059207],[141.207902,40.059107],[141.209102,40.059207],[141.210427,40.059174],[141.211689,40.058924],[141.212052,40.058807],[141.214114,40.058849],[141.215139,40.058691],[141.216101,40.058641],[141.217001,40.058741],[141.217551,40.058541],[141.218514,40.058099],[141.219351,40.057758],[141.220438,40.057924],[141.221363,40.058241],[141.222501,40.058208],[141.223201,40.058024],[141.223726,40.058149],[141.224438,40.058841],[141.225338,40.059399],[141.226288,40.059383],[141.226863,40.059433],[141.228725,40.059241],[141.229412,40.058999],[141.231062,40.057783],[141.23235,40.056766],[141.235274,40.054508],[141.235637,40.054175],[141.236024,40.054008],[141.237049,40.053842],[141.238074,40.053817],[141.238912,40.053975],[141.240161,40.0544],[141.240861,40.054433],[141.241636,40.054225],[141.242586,40.054242],[141.243211,40.054084],[141.243698,40.053592],[141.244423,40.052217],[141.244586,40.052001],[141.244761,40.051376],[141.244786,40.050642],[141.244974,40.050101],[141.245298,40.049917],[141.245723,40.049776],[141.246473,40.049655],[141.247148,40.049568],[141.247223,40.049501],[141.247386,40.049226],[141.247011,40.048126],[141.246761,40.047518],[141.246598,40.046768],[141.246561,40.04601],[141.246761,40.045576],[141.246974,40.045468],[141.248186,40.044926],[141.249698,40.044068],[141.250248,40.04366],[141.250386,40.043502],[141.251023,40.042352],[141.251211,40.042235],[141.252061,40.041877],[141.253211,40.041985],[141.253348,40.041852],[141.253848,40.041894],[141.255585,40.042235],[141.258435,40.043019],[141.259785,40.04331],[141.26111,40.043694],[141.262585,40.043918],[141.264022,40.043577],[141.265697,40.042902],[141.267347,40.04261],[141.267872,40.042535],[141.268721,40.04231],[141.270534,40.042494],[141.272571,40.042419],[141.274183,40.042394],[141.276858,40.041811],[141.277645,40.041536],[141.27902,40.039803],[141.279683,40.038903],[141.28037,40.03822],[141.281195,40.037611],[141.281545,40.037453],[141.28237,40.036778],[141.284495,40.034437],[141.285857,40.032695],[141.286545,40.031887],[141.287207,40.031304],[141.287345,40.031212],[141.288032,40.031521],[141.289594,40.032087],[141.291607,40.032937],[141.293556,40.033929],[141.294581,40.034404],[141.295294,40.034812],[141.295669,40.035237],[141.295844,40.035487],[141.295894,40.035462],[141.295981,40.035554],[141.297931,40.039178],[141.298843,40.04012],[141.29898,40.040728],[141.298918,40.040911],[141.298368,40.041586],[141.297718,40.042536],[141.297055,40.043236],[141.296506,40.043486],[141.294943,40.043936],[141.293893,40.044452],[141.293131,40.045269],[141.292606,40.046102],[141.292606,40.046552],[141.292243,40.04691],[141.291581,40.047269],[141.291118,40.04781],[141.291068,40.048127],[141.290843,40.048177],[141.290381,40.047993],[141.289944,40.048018],[141.289581,40.048285],[141.289531,40.048735],[141.289256,40.049168],[141.289056,40.049551],[141.289444,40.050293],[141.289194,40.050901],[141.289231,40.051018],[141.289169,40.051335],[141.288956,40.051668],[141.289118,40.052051],[141.289006,40.052659],[141.289281,40.053651],[141.288681,40.054284],[141.288781,40.054617],[141.289056,40.054826],[141.289718,40.055067],[141.290106,40.055292],[141.289968,40.055834],[141.290081,40.056284],[141.289781,40.056692],[141.289556,40.058042],[141.289531,40.059442],[141.289668,40.059733],[141.290305,40.060025],[141.291155,40.060275],[141.292143,40.060342],[141.293018,40.060475],[141.295492,40.060092],[141.297067,40.059975],[141.29723,40.06],[141.297505,40.059934],[141.297917,40.05925],[141.298542,40.058734],[141.298817,40.058325],[141.29868,40.057109],[141.29948,40.056684],[141.301904,40.055917],[141.302417,40.055643],[141.303279,40.055418],[141.304379,40.055709],[141.305529,40.056067],[141.305717,40.055959],[141.306929,40.054901],[141.307316,40.054668],[141.309216,40.054401],[141.309591,40.054193],[141.310441,40.05341],[141.312429,40.052235],[141.312566,40.052185],[141.314328,40.053518],[141.315178,40.053968],[141.316028,40.054351],[141.316691,40.054843],[141.317153,40.054951],[141.318728,40.055018],[141.31969,40.055335],[141.320703,40.056059],[141.321828,40.057118],[141.322378,40.056884],[141.323265,40.056168],[141.32364,40.05596],[141.32419,40.056076],[141.32549,40.056051],[141.32614,40.05641],[141.327577,40.057359],[141.328627,40.057876],[141.329414,40.058526],[141.329802,40.058951],[141.330214,40.059109],[141.330577,40.059401],[141.330902,40.059584],[141.331039,40.059401],[141.331514,40.058184],[141.332002,40.057918],[141.332189,40.057893],[141.333052,40.057551],[141.332989,40.056901],[141.333239,40.055951],[141.333452,40.055751],[141.334227,40.05566],[141.335652,40.055702],[141.336339,40.056085],[141.336976,40.056268],[141.337114,40.056151],[141.337776,40.05586],[141.338876,40.055885],[141.339639,40.055727],[141.339839,40.055652],[141.340389,40.055677],[141.340901,40.055968],[141.341901,40.05716],[141.342426,40.057593],[141.342751,40.058043],[141.343138,40.05926],[141.343188,40.059776],[141.343088,40.059868],[141.342376,40.060718],[141.342538,40.061084],[141.343776,40.061893],[141.344513,40.062051],[141.345126,40.061759],[141.345888,40.061526],[141.346713,40.061418],[141.347563,40.060826],[141.348413,40.060626],[141.349575,40.061026],[141.350588,40.061618],[141.351587,40.061909],[141.35235,40.062293],[141.353612,40.063276],[141.354525,40.063643],[141.355462,40.063909],[141.356562,40.064334],[141.357549,40.064984],[141.357849,40.065276],[141.358649,40.065618],[141.359399,40.065709],[141.360324,40.065709],[141.360849,40.065818],[141.361649,40.066109],[141.362361,40.066451],[141.363023,40.067051],[141.364186,40.067709],[141.364598,40.068109],[141.364948,40.069126],[141.365198,40.070209],[141.365173,40.070451],[141.364873,40.070992],[141.363886,40.071534],[141.362811,40.072059],[141.361361,40.072892],[141.360586,40.073209],[141.358911,40.074158],[141.357899,40.074292],[141.357286,40.074158],[141.357011,40.074183],[141.356161,40.075216],[141.355561,40.075891],[141.353999,40.076725],[141.352787,40.076958],[141.352399,40.077158],[141.352624,40.077791],[141.352974,40.078508],[141.353012,40.078799],[141.352949,40.078983],[141.352737,40.079408],[141.352737,40.079841],[141.352462,40.080174],[141.352374,40.080849],[141.352399,40.080966],[141.351987,40.081482],[141.351137,40.08209],[141.349412,40.083899],[141.349274,40.084123],[141.348537,40.08484],[141.347849,40.085048],[141.347674,40.08514],[141.347537,40.085382],[141.347549,40.085815],[141.347712,40.086065],[141.347649,40.086107],[141.347699,40.086132],[141.347849,40.086381],[141.348237,40.086698],[141.348174,40.08699],[141.347774,40.087598],[141.347075,40.088265],[141.346637,40.088781],[141.346012,40.089189],[141.345887,40.090014],[141.345712,40.090389],[141.34555,40.090389],[141.34475,40.090281],[141.344375,40.090273],[141.344175,40.090356],[141.343487,40.090798],[141.343125,40.091214],[141.34285,40.091422],[141.342462,40.091514],[141.342012,40.091531],[141.341762,40.091439],[141.341462,40.091522],[141.341125,40.091831],[141.34065,40.092581],[141.34085,40.092947],[141.340812,40.093089],[141.3405,40.093364],[141.340262,40.093805],[141.340125,40.094322],[141.340137,40.094697],[141.340237,40.094864],[141.34065,40.095322],[141.340825,40.095605],[141.340812,40.09588],[141.3406,40.09613],[141.340625,40.096372],[141.340812,40.09673],[141.340825,40.096972],[141.340112,40.09778],[141.339975,40.098138],[141.340212,40.098813],[141.3405,40.099372],[141.340462,40.099888],[141.340287,40.100705],[141.340362,40.101946],[141.3403,40.10263],[141.34065,40.103488],[141.340562,40.103921],[141.339862,40.104563],[141.339537,40.104738],[141.339037,40.105196],[141.338725,40.105979],[141.338362,40.106687],[141.337912,40.107087],[141.33725,40.107887],[141.336975,40.108929],[141.336962,40.109454],[141.337012,40.110029],[141.337,40.110529],[141.336637,40.110895],[141.3363,40.111379],[141.336225,40.111587],[141.336162,40.112012],[141.336512,40.112554],[141.337025,40.11312],[141.337312,40.113878],[141.33775,40.11447],[141.338162,40.114953],[141.338387,40.115703],[141.338487,40.116786],[141.338462,40.117411],[141.338737,40.118086],[141.339125,40.118745],[141.339725,40.119353],[141.340912,40.120928],[141.341124,40.121628],[141.341312,40.121961],[141.341474,40.122128],[141.341624,40.122478],[141.341162,40.123003],[141.340712,40.123869],[141.341087,40.124861],[141.341749,40.125427],[141.342562,40.125702],[141.343287,40.125811],[141.343587,40.125961],[141.343987,40.126427],[141.343824,40.127419],[141.344012,40.127894],[141.344499,40.12836],[141.345361,40.129002],[141.345724,40.12931],[141.345299,40.129494],[141.343961,40.130452],[141.342524,40.13096],[141.340924,40.130893],[141.340762,40.130852],[141.339999,40.130435],[141.338437,40.130102],[141.337774,40.12976],[141.33715,40.12931],[141.3359,40.128152],[141.335112,40.127485],[141.334975,40.127452],[141.334212,40.127635],[141.333525,40.12801],[141.332525,40.128202],[141.331937,40.128227],[141.331812,40.128327],[141.331775,40.12886],[141.331925,40.129252],[141.332087,40.129302],[141.333,40.129818],[141.333025,40.12996],[141.332412,40.130385],[141.331537,40.130793],[141.3313,40.131176],[141.330925,40.131643],[141.330975,40.132576],[141.330612,40.132801],[141.3302,40.133351],[141.329662,40.133634],[141.329088,40.133809],[141.3289,40.133909],[141.3287,40.134793],[141.329162,40.135226],[141.329737,40.135967],[141.330225,40.136809],[141.33075,40.137167],[141.331312,40.137684],[141.3315,40.138609],[141.331837,40.138984],[141.332462,40.139009],[141.333212,40.139259],[141.334887,40.138917],[141.335274,40.1391],[141.335349,40.140325],[141.335549,40.140709],[141.336187,40.140792],[141.336787,40.141009],[141.337312,40.141417],[141.337849,40.1422],[141.338011,40.14255],[141.338561,40.143283],[141.339286,40.143558],[141.340474,40.143858],[141.341074,40.144242],[141.341649,40.144675],[141.343148,40.145075],[141.343736,40.145117],[141.344323,40.145358],[141.345086,40.145841],[141.345373,40.145941],[141.345611,40.1459],[141.346448,40.1455],[141.346898,40.145342],[141.347686,40.144817],[141.348148,40.144367],[141.348873,40.144167],[141.351585,40.143858],[141.352685,40.143942],[141.353885,40.14395],[141.354748,40.143717],[141.355685,40.143392],[141.355785,40.143667],[141.35656,40.144308],[141.357072,40.144825],[141.35796,40.145608],[141.358397,40.145766],[141.359522,40.14625],[141.360122,40.146608],[141.36056,40.147233],[141.360684,40.148191],[141.361072,40.148774],[141.362347,40.149841],[141.362872,40.150583],[141.364034,40.151432],[141.364497,40.151599],[141.365484,40.151807],[141.366084,40.151857],[141.368234,40.151449],[141.369909,40.150758],[141.370409,40.150599],[141.371321,40.150566],[141.371458,40.150629],[141.371771,40.150649],[141.372958,40.150399],[141.373308,40.150383],[141.373746,40.150466],[141.373883,40.150583],[141.374058,40.150991],[141.374058,40.151283],[141.374271,40.151483],[141.374658,40.151483],[141.376558,40.150966],[141.377245,40.151166],[141.377708,40.151416],[141.37817,40.151774],[141.378895,40.151683],[141.379795,40.151408],[141.38027,40.151408],[141.380408,40.151433],[141.380645,40.151566],[141.380733,40.151949],[141.380983,40.152291],[141.381283,40.152466],[141.381945,40.152358],[141.383432,40.152308],[141.383845,40.152349],[141.384145,40.152874],[141.384582,40.153408],[141.384745,40.153499],[141.38527,40.153591],[141.38607,40.153474],[141.386945,40.153049],[141.387657,40.152324],[141.387995,40.152233],[141.388982,40.152641],[141.389857,40.152774],[141.390519,40.152733],[141.391482,40.153024],[141.392394,40.153108],[141.393194,40.152908],[141.394294,40.152341],[141.395794,40.152075],[141.396381,40.151841],[141.396981,40.151458],[141.397281,40.151191],[141.397256,40.151575],[141.397344,40.151983],[141.397781,40.152475],[141.398106,40.152791],[141.398356,40.153375],[141.398519,40.153983],[141.400093,40.155358],[141.400256,40.155741],[141.400006,40.156216],[141.399818,40.156708],[141.400006,40.157291],[141.400118,40.157949],[141.400306,40.158466],[141.400668,40.158782],[141.400506,40.159591],[141.400581,40.159707],[141.400918,40.159974],[141.401856,40.160266],[141.402018,40.160491],[141.401881,40.160607],[141.401443,40.160857],[141.401356,40.161282],[141.401381,40.161707],[141.401306,40.161799],[141.401143,40.162274],[141.401143,40.162474],[141.400968,40.162749],[141.400281,40.162949],[141.399793,40.163249],[141.399731,40.163357],[141.399681,40.163715],[141.399131,40.164507],[141.399181,40.164932],[141.399431,40.165457],[141.399731,40.165815],[141.399906,40.166132],[141.399868,40.166198],[141.399568,40.16629],[141.398419,40.16649],[141.397806,40.166715],[141.397619,40.167123],[141.397844,40.167706],[141.397756,40.168048],[141.396931,40.168565],[141.396606,40.168698],[141.396056,40.168748],[141.395669,40.16884],[141.395256,40.169398],[141.395306,40.169431],[141.395344,40.169481],[141.395256,40.169706],[141.394656,40.170514],[141.394456,40.170923],[141.394406,40.171239],[141.394219,40.171531],[141.393032,40.172206],[141.392844,40.172548],[141.392894,40.173239],[141.393007,40.173672],[141.393369,40.174306],[141.393632,40.174597],[141.393394,40.174706],[141.392707,40.174572],[141.390869,40.174664],[141.390182,40.174847],[141.389794,40.175139],[141.389519,40.175547],[141.389382,40.176014],[141.389432,40.176422],[141.389569,40.176872],[141.389357,40.177147],[141.389044,40.177414],[141.388994,40.17773],[141.389044,40.17793],[141.389107,40.178564],[141.389107,40.17908],[141.389244,40.17953],[141.389269,40.179805],[141.388919,40.180213],[141.388369,40.180705],[141.387957,40.181605],[141.38757,40.182013],[141.387457,40.182555],[141.38757,40.183138],[141.387982,40.183838],[141.387957,40.184196],[141.387707,40.184513],[141.387245,40.185038],[141.387045,40.18553],[141.386995,40.186838],[141.386745,40.187221],[141.38642,40.187404],[141.386032,40.187721],[141.385807,40.188238],[141.386007,40.189096],[141.38587,40.189387],[141.385457,40.189654],[141.385095,40.189837],[141.385157,40.189929],[141.385182,40.190037],[141.385257,40.190154],[141.38537,40.190579],[141.385395,40.190921],[141.385295,40.191546],[141.38512,40.19202],[141.384907,40.192429],[141.384845,40.192787],[141.384295,40.193354],[141.383832,40.19367],[141.383582,40.194054],[141.383582,40.194795],[141.383532,40.195495],[141.38337,40.195878],[141.38317,40.196128],[141.38307,40.196353],[141.38307,40.196753],[141.383532,40.19752],[141.384169,40.198128],[141.384657,40.198311],[141.385432,40.19867],[141.385532,40.198895],[141.385482,40.199345],[141.385594,40.199703],[141.386194,40.200769],[141.386494,40.201036],[141.386944,40.201286],[141.387157,40.201369],[141.387432,40.201711],[141.387181,40.202611],[141.387319,40.202953],[141.387631,40.203219],[141.387706,40.203694],[141.387594,40.204211],[141.387381,40.204869],[141.386831,40.205877],[141.386506,40.206377],[141.386719,40.206469],[141.387406,40.206511],[141.387769,40.206694],[141.388256,40.20721],[141.388756,40.20746],[141.389219,40.207569],[141.389494,40.207702],[141.389931,40.208219],[141.390656,40.208669],[141.390731,40.209052],[141.390756,40.210069],[141.390731,40.210543],[141.390868,40.21111],[141.391068,40.211602],[141.391006,40.212027],[141.391093,40.21246],[141.391756,40.213693],[141.391781,40.214035],[141.391693,40.214168],[141.391206,40.21451],[141.390906,40.214893],[141.390981,40.215385],[141.391118,40.215951],[141.391068,40.216376],[141.390706,40.216759],[141.390818,40.216968],[141.391318,40.217301],[141.391781,40.217709],[141.391918,40.218093],[141.391693,40.218743],[141.391731,40.219151],[141.391893,40.219242],[141.391893,40.219401],[141.391643,40.219601],[141.391181,40.219801],[141.390431,40.220051],[141.389743,40.220326],[141.389006,40.220892],[141.388643,40.221384],[141.387743,40.221817],[141.387718,40.2222],[141.387818,40.222509],[141.387718,40.222759],[141.387631,40.223142],[141.387743,40.223434],[141.387581,40.223617],[141.386781,40.223959],[141.385893,40.225042],[141.385893,40.225242],[141.386368,40.225667],[141.386618,40.226025],[141.387106,40.2263],[141.386556,40.226817],[141.386481,40.226933],[141.386418,40.227875],[141.386168,40.228283],[141.386143,40.228708],[141.386368,40.229116],[141.38593,40.230741],[141.385843,40.231458],[141.386118,40.231958],[141.38623,40.232433],[141.385793,40.233241],[141.385518,40.234032],[141.385493,40.234549],[141.385518,40.234774],[141.385593,40.235157],[141.38543,40.235449],[141.385293,40.236107],[141.385293,40.236332],[141.385218,40.236782],[141.38508,40.237232],[141.38508,40.237682],[141.385455,40.238315],[141.385655,40.238765],[141.384768,40.239148],[141.384355,40.239415],[141.384305,40.239507],[141.38408,40.240365],[141.383868,40.240932],[141.383868,40.241423],[141.384055,40.242231],[141.384143,40.242865],[141.384118,40.243456],[141.383955,40.243906],[141.38398,40.244448],[141.383918,40.245031],[141.383505,40.245614],[141.383343,40.246248],[141.383205,40.247197],[141.383018,40.247897],[141.382955,40.248681],[141.383043,40.249564],[141.38288,40.250014],[141.382855,40.250305],[141.38323,40.251205],[141.38323,40.251339],[141.383068,40.251614],[141.382443,40.252247],[141.382305,40.252697],[141.38248,40.252755],[141.382668,40.25358],[141.382668,40.253938],[141.38243,40.254997],[141.382405,40.255513],[141.38243,40.256013],[141.382367,40.257163],[141.38213,40.257338],[141.381992,40.257363],[141.38113,40.257796],[141.380755,40.258105],[141.380418,40.25858],[141.38018,40.259121],[141.37998,40.259663],[141.379868,40.260271],[141.379905,40.260813],[141.379843,40.261088],[141.379518,40.261129],[141.377293,40.261629],[141.376768,40.261762],[141.376468,40.261962],[141.376268,40.262437],[141.376218,40.263046],[141.376355,40.263787],[141.37638,40.264287],[141.37608,40.264712],[141.375618,40.265029],[141.375368,40.26537],[141.37498,40.266654],[141.374768,40.26717],[141.374593,40.267778],[141.374493,40.26907],[141.374518,40.269378],[141.374455,40.269653],[141.373805,40.270511],[141.373556,40.270761],[141.373443,40.270828],[141.373281,40.271028],[141.372731,40.271795],[141.372431,40.27247],[141.372431,40.272878],[141.372531,40.273553],[141.372506,40.273844],[141.372268,40.274161],[141.371455,40.274881],[141.371143,40.275186],[141.371031,40.275394],[141.370981,40.275636],[141.370956,40.276361],[141.370981,40.276786],[141.370906,40.277369],[141.370681,40.277735],[141.370381,40.278027],[141.369943,40.278635],[141.369856,40.278977],[141.370106,40.280118],[141.370081,40.28066],[141.369643,40.281093],[141.369368,40.281427],[141.369068,40.282085],[141.368956,40.282735],[141.368468,40.283435],[141.367718,40.284018],[141.367643,40.284626],[141.367593,40.286251],[141.367593,40.287201],[141.367506,40.287784],[141.367681,40.288409],[141.367431,40.288842],[141.366743,40.289292],[141.366281,40.289717],[141.365781,40.29105],[141.365943,40.291525],[141.366231,40.292042],[141.366093,40.292358],[141.365456,40.292833],[141.365068,40.293167],[141.364931,40.293642],[141.364693,40.29405],[141.364943,40.295058],[141.364531,40.295716],[141.363893,40.296099],[141.363593,40.296591],[141.363431,40.297291],[141.363406,40.297858],[141.363756,40.298466],[141.363818,40.299157],[141.363568,40.299591],[141.363081,40.300041],[141.362643,40.300674],[141.362606,40.300765],[141.360956,40.300474],[141.360193,40.300449],[141.359144,40.300065],[141.358794,40.29984],[141.357581,40.299599],[141.356556,40.298849],[141.356119,40.298991],[141.355931,40.299124],[141.355456,40.299599],[141.355294,40.300182],[141.355381,40.301107],[141.355356,40.301399],[141.355219,40.302032],[141.355031,40.302573],[141.354944,40.302957],[141.354069,40.304331],[141.353981,40.30489],[141.354119,40.305523],[141.354231,40.30579],[141.353981,40.305973],[141.353569,40.306473],[141.353519,40.307239],[141.353681,40.307839],[141.354019,40.308181],[141.354206,40.308656],[141.353831,40.308922],[141.353606,40.309356],[141.353744,40.309597],[141.353931,40.309806],[141.353931,40.310206],[141.353856,40.310414],[141.353744,40.310972],[141.354131,40.311355],[141.354681,40.311514],[141.354844,40.311672],[141.354906,40.312097],[141.355156,40.312572],[141.355506,40.312888],[141.355618,40.313222],[141.355706,40.313363],[141.355843,40.313763],[141.355843,40.314305],[141.355918,40.314488],[141.355406,40.314622],[141.354793,40.314897],[141.354718,40.315005],[141.354743,40.31528],[141.354993,40.31548],[141.355618,40.315905],[141.356206,40.316605],[141.356306,40.316938],[141.356231,40.317188],[141.356068,40.317463],[141.355543,40.318004],[141.354993,40.318721],[141.354743,40.319329],[141.354418,40.319579],[141.353893,40.319854],[141.353918,40.320212],[141.354618,40.321221],[141.354343,40.322104],[141.353293,40.323637],[141.353243,40.323812],[141.353218,40.324403],[141.353406,40.32512],[141.353406,40.325478],[141.352531,40.326253],[141.351681,40.327061],[141.350631,40.328395],[141.350193,40.329311],[141.350193,40.329769],[141.350368,40.330103],[141.350993,40.330978],[141.350993,40.331053],[141.352318,40.331028],[141.353143,40.331044],[141.354193,40.332036],[141.354743,40.332486],[141.356142,40.333119],[141.356805,40.333677],[141.357242,40.333994],[141.35763,40.334061],[141.358292,40.334036],[141.358942,40.334152],[141.359804,40.334419],[141.360354,40.334686],[141.360792,40.334977],[141.361117,40.335136],[141.361642,40.335294],[141.362217,40.335411],[141.362804,40.335636],[141.363454,40.336077],[141.364016,40.336344],[141.365791,40.336969],[141.365929,40.337061],[141.366641,40.337219],[141.368291,40.337977],[141.369653,40.338219],[141.370091,40.338469],[141.370453,40.338986],[141.370603,40.339369],[141.370715,40.339569],[141.371378,40.34061],[141.372003,40.341402],[141.372465,40.342185],[141.373265,40.343119],[141.374227,40.343002],[141.375152,40.342394],[141.376365,40.341519],[141.376802,40.340686],[141.376552,40.339086],[141.376752,40.338836],[141.37769,40.339602],[141.378902,40.340527],[141.38004,40.341302],[141.380364,40.341461],[141.381427,40.342136],[141.381627,40.342319],[141.381802,40.343085],[141.381777,40.343427],[141.381914,40.344369],[141.382502,40.345252],[141.382739,40.345452],[141.382939,40.345977],[141.383376,40.346768],[141.384176,40.347668],[141.384851,40.348343],[141.385764,40.348843],[141.386876,40.34961],[141.387726,40.350518],[141.388576,40.351193],[141.388901,40.35151],[141.389638,40.352818],[141.389888,40.354085],[141.389863,40.354584],[141.389625,40.355801],[141.389525,40.356634],[141.388813,40.357401],[141.388938,40.358484],[141.389225,40.359026],[141.391012,40.360309],[141.3929,40.360409],[141.393137,40.360809],[141.392962,40.361784],[141.3931,40.361984],[141.393775,40.363117],[141.393975,40.36395],[141.394537,40.364492],[141.395424,40.365167],[141.395687,40.365442],[141.396237,40.36625],[141.397124,40.367067],[141.397212,40.367225],[141.397862,40.367383],[141.398949,40.367025],[141.399486,40.366892],[141.400724,40.366733],[141.401049,40.366558],[141.401899,40.365767],[141.402786,40.364825],[141.403324,40.364192],[141.404099,40.362701],[141.404399,40.361259],[141.405186,40.361101],[141.405424,40.360992],[141.405286,40.360018],[141.405587,40.358984],[141.406299,40.357993],[141.406974,40.357226],[141.407174,40.357135],[141.407974,40.35741],[141.408411,40.357618],[141.410299,40.358793],[141.411274,40.359285],[141.411686,40.359559],[141.412236,40.359809],[141.413298,40.360151],[141.414536,40.360826],[141.415711,40.361709],[141.416686,40.362251],[141.418885,40.363343],[141.419448,40.363518],[141.42101,40.363768],[141.421898,40.363551],[141.42281,40.363209],[141.422835,40.362826],[141.42326,40.36141],[141.423973,40.360735],[141.425085,40.360935],[141.42641,40.361618],[141.427297,40.361951],[141.42726,40.36241],[141.426997,40.363151],[141.427135,40.364343],[141.427435,40.365068],[141.428197,40.365701],[141.428197,40.365659],[141.42831,40.365792],[141.42846,40.365859],[141.42911,40.366334],[141.429372,40.366942],[141.429422,40.367551],[141.429485,40.367709],[141.429635,40.367734],[141.430522,40.367734],[141.431434,40.367959],[141.431572,40.368051],[141.432109,40.368526],[141.432697,40.369817],[141.433309,40.370534],[141.433984,40.371842],[141.434246,40.372842],[141.434071,40.373583],[141.434159,40.373808],[141.434384,40.373875],[141.435334,40.373992],[141.436484,40.373833],[141.437896,40.373542],[141.438109,40.373592],[141.439221,40.374067],[141.439571,40.374292],[141.440283,40.374991],[141.441308,40.375716],[141.441808,40.375875],[141.441958,40.3759],[141.442995,40.375783],[141.444058,40.3754],[141.445083,40.37475],[141.445383,40.374417],[141.446208,40.373967],[141.44692,40.373992],[141.447483,40.373692],[141.44827,40.37345],[141.44922,40.373567],[141.450395,40.373542],[141.451782,40.373342],[141.453757,40.373009],[141.454344,40.373009],[141.454844,40.373234],[141.455207,40.373484],[141.455882,40.374275],[141.456057,40.374434],[141.456382,40.374634],[141.457294,40.374792],[141.459056,40.375025],[141.460181,40.375025],[141.460419,40.375],[141.461506,40.374784],[141.462806,40.374875],[141.463481,40.375325],[141.464131,40.376025],[141.464868,40.376633],[141.465831,40.377108],[141.466605,40.377333],[141.467518,40.377042],[141.468368,40.376959],[141.468993,40.376775],[141.470018,40.3766],[141.47118,40.376284],[141.471943,40.376584],[141.47253,40.376717],[141.472967,40.377009],[141.474205,40.376834],[141.47533,40.376584],[141.476805,40.375959],[141.477067,40.375892],[141.478104,40.376251],[141.478304,40.376367],[141.478867,40.376434],[141.480192,40.376301],[141.480492,40.376034],[141.480554,40.375284],[141.480667,40.374992],[141.481167,40.374792],[141.482142,40.374909],[141.482879,40.375176],[141.483029,40.375134],[141.483792,40.374551],[141.484204,40.374009],[141.484629,40.373626],[141.484916,40.373059],[141.485129,40.372451],[141.485829,40.371935],[141.486129,40.371893],[141.487454,40.372326],[141.487991,40.372368],[141.488729,40.371785],[141.489554,40.371426],[141.490341,40.371201],[141.491178,40.370635],[141.491766,40.37001],[141.492478,40.369468],[141.492703,40.369335],[141.494803,40.36846],[141.495278,40.368077],[141.496191,40.367644],[141.496438,40.367473],[141.496666,40.367277],[141.496816,40.367044],[141.497141,40.366011],[141.496903,40.365336],[141.496791,40.364344],[141.496828,40.364202],[141.497091,40.363711],[141.497678,40.363553],[141.498003,40.363303],[141.498278,40.362878],[141.498841,40.362336],[141.499166,40.362136],[141.49954,40.362228],[141.49999,40.362453],[141.500928,40.362769],[141.502878,40.363519],[141.50334,40.363769],[141.50349,40.363811],[141.504027,40.363861],[141.504577,40.363636],[141.505327,40.363119],[141.505702,40.362911],[141.50609,40.362803],[141.50639,40.362894],[141.506827,40.362919],[141.507177,40.362986],[141.507265,40.363028],[141.50759,40.36292],[141.507915,40.362536],[141.507827,40.362086],[141.507865,40.361428],[141.508127,40.36112],[141.50854,40.360803],[141.508815,40.360462],[141.509165,40.359762],[141.509527,40.359337],[141.50994,40.35902],[141.511027,40.358462],[141.511214,40.358304],[141.511589,40.357445],[141.512664,40.356204],[141.512989,40.355712],[141.513577,40.355037],[141.514027,40.354721],[141.514914,40.353754],[141.515239,40.353504],[141.516214,40.353079],[141.516477,40.352988],[141.517626,40.352088],[141.517989,40.351913],[141.518426,40.351796],[141.521314,40.351555],[141.522613,40.351513],[141.523976,40.35138],[141.524476,40.35093],[141.524538,40.350821],[141.525476,40.350188],[141.526276,40.349963],[141.526988,40.349922],[141.527725,40.349988],[141.5284,40.350147],[141.529313,40.350288],[141.529988,40.350447],[141.530163,40.350513],[141.530613,40.350805],[141.53075,40.350963],[141.53155,40.351397],[141.53205,40.351305],[141.532962,40.350972],[141.533525,40.35068],[141.533612,40.350497],[141.5338,40.34978],[141.534037,40.349347],[141.534687,40.348947],[141.535275,40.348805],[141.536012,40.348672],[141.5361,40.348497],[141.535662,40.347705],[141.535637,40.347389],[141.536137,40.347297],[141.536812,40.347372],[141.537049,40.347372],[141.537937,40.347572],[141.539262,40.348072],[141.540112,40.348547],[141.540724,40.348955],[141.541824,40.34943],[141.542524,40.349839],[141.543174,40.35013],[141.543411,40.350364],[141.543436,40.35043],[141.542999,40.35083],[141.542961,40.351105],[141.543136,40.351147],[141.543374,40.35133],[141.543786,40.351105],[141.544236,40.350922],[141.544673,40.350947],[141.544886,40.350997],[141.545323,40.351172],[141.545473,40.351264],[141.547086,40.353663],[141.547236,40.353838],[141.547498,40.354297],[141.547611,40.35463],[141.547873,40.35508],[141.548085,40.355221],[141.548848,40.355555],[141.549285,40.355788],[141.549785,40.356438],[141.55056,40.35698],[141.55161,40.357346],[141.552347,40.35753],[141.55256,40.357555],[141.553035,40.35778],[141.553385,40.358205],[141.55376,40.358813],[141.553825,40.358892],[141.554035,40.359179],[141.55491,40.360446],[141.555472,40.360938],[141.556059,40.361213],[141.556647,40.361238],[141.558572,40.360654],[141.559534,40.360629],[141.561334,40.360746],[141.562309,40.361063],[141.563134,40.361296],[141.563959,40.361563],[141.564196,40.361704],[141.564909,40.362288],[141.566671,40.363238],[141.567471,40.363604],[141.568083,40.363988],[141.568996,40.364846],[141.569671,40.365437],[141.570558,40.365754],[141.57177,40.365887],[141.571945,40.366187],[141.572145,40.367021],[141.572233,40.367604],[141.57197,40.368579],[141.572108,40.36907],[141.572845,40.369745],[141.57417,40.370087],[141.57517,40.370295],[141.576057,40.370545],[141.576857,40.370887],[141.577445,40.371312],[141.579469,40.372812],[141.581482,40.374003],[141.581207,40.375003],[141.581094,40.375695],[141.581294,40.37617],[141.581944,40.376628],[141.583056,40.377145],[141.585031,40.378003],[141.585594,40.378345],[141.585944,40.378778],[141.586244,40.379319],[141.586768,40.380561],[141.586656,40.380894],[141.585856,40.381278],[141.584994,40.381752],[141.584406,40.382152],[141.583544,40.383011],[141.583131,40.383685],[141.582831,40.38436],[141.582781,40.384835],[141.582956,40.385285],[141.583306,40.385852],[141.584244,40.387635],[141.584481,40.388268],[141.584743,40.389168],[141.584706,40.389643],[141.584656,40.389826],[141.584268,40.390301],[141.583856,40.390701],[141.583381,40.391293],[141.583031,40.391585],[141.581756,40.391826],[141.581456,40.391918],[141.581219,40.392076],[141.581281,40.392434],[141.581569,40.393476],[141.581631,40.393876],[141.581419,40.394492],[141.581331,40.394892],[141.581394,40.395392],[141.581719,40.396567],[141.581556,40.398234],[141.581643,40.398617],[141.582181,40.399025],[141.582706,40.399317],[141.583393,40.399592],[141.583893,40.399933],[141.584181,40.400383],[141.585243,40.401533],[141.58553,40.402075],[141.58568,40.402958],[141.585355,40.404583],[141.585443,40.405008],[141.58623,40.406316],[141.58658,40.406974],[141.588155,40.406749],[141.588892,40.406749],[141.589767,40.406799],[141.590155,40.407024],[141.590592,40.407474],[141.591005,40.408041],[141.591417,40.408874],[141.591542,40.408991],[141.592217,40.409266],[141.593042,40.409399],[141.593154,40.409966],[141.593479,40.410599],[141.594516,40.41159],[141.594691,40.411974],[141.594804,40.41209],[141.595366,40.412249],[141.595604,40.412265],[141.596491,40.412499],[141.596991,40.412674],[141.597279,40.41304],[141.597691,40.413199],[141.598053,40.41329],[141.598603,40.413265],[141.598966,40.41329],[141.599291,40.413357],[141.599616,40.413474],[141.599903,40.413657],[141.599991,40.413765],[141.601203,40.414149],[141.601966,40.414332],[141.603065,40.414449],[141.60409,40.41454],[141.604778,40.414499],[141.605753,40.414049],[141.605953,40.41409],[141.606428,40.414299],[141.606865,40.414565],[141.607403,40.414682],[141.60814,40.41489],[141.608727,40.415182],[141.60949,40.41539],[141.60979,40.41539],[141.61094,40.415257],[141.611527,40.415324],[141.612115,40.415457],[141.612652,40.41569],[141.613064,40.415957],[141.613327,40.416299],[141.613414,40.416724],[141.612939,40.417357],[141.613027,40.417582],[141.613764,40.41819],[141.614089,40.418573],[141.614264,40.419273],[141.614389,40.419407],[141.614739,40.419648],[141.615139,40.419715],[141.615289,40.41979],[141.615589,40.419882],[141.616164,40.420382],[141.616464,40.420498],[141.616689,40.420515],[141.617089,40.420457],[141.617564,40.420482],[141.618189,40.420573],[141.618639,40.420715],[141.618714,40.420715],[141.619139,40.420857],[141.619289,40.420873],[141.619664,40.42099],[141.619814,40.421015],[141.620214,40.420932],[141.620489,40.420865],[141.620689,40.420865],[141.621001,40.420773],[141.621151,40.420773],[141.621351,40.420707],[141.621426,40.420619],[141.622963,40.420607],[141.624176,40.420657],[141.625326,40.42064],[141.626563,40.420674],[141.627688,40.420524],[141.628488,40.420482],[141.629463,40.420799],[141.629963,40.420757],[141.630738,40.420307],[141.631213,40.420266],[141.6315,40.420407],[141.632325,40.420999],[141.6325,40.421065],[141.633562,40.421249],[141.634512,40.421374],[141.635925,40.422124],[141.637399,40.422632],[141.639049,40.42284],[141.639787,40.423115],[141.640812,40.42389],[141.641936,40.424574],[141.642199,40.425273],[141.643549,40.425873],[141.644311,40.426307],[141.644898,40.426823],[141.645848,40.427532],[141.646373,40.427831],[141.646936,40.42824],[141.647286,40.42829],[141.648935,40.42809],[141.649685,40.428115],[141.650298,40.427915],[141.650985,40.42799],[141.65181,40.427923],[141.652697,40.427748],[141.653347,40.427982],[141.65426,40.42844],[141.655047,40.428732],[141.655347,40.42939],[141.655785,40.429706],[141.656347,40.429756],[141.657347,40.430056],[141.657647,40.430356],[141.658109,40.43074],[141.658522,40.430765],[141.659322,40.431156],[141.659709,40.431223],[141.660496,40.431948],[141.660871,40.432498],[141.661021,40.432948],[141.660834,40.433848],[141.661046,40.434006],[141.662196,40.434264],[141.662458,40.434422],[141.663283,40.434747],[141.665608,40.435481],[141.666233,40.435639],[141.666883,40.435847],[141.667645,40.435989],[141.668683,40.436606],[141.669357,40.437064],[141.669832,40.437289],[141.67012,40.437631],[141.670182,40.437922],[141.670207,40.438489],[141.670382,40.43878],[141.670932,40.439963],[141.671632,40.440188],[141.672044,40.440713],[141.672132,40.44103],[141.672457,40.44153],[141.672419,40.441888],[141.672569,40.442255],[141.673044,40.442463],[141.673719,40.442821],[141.674632,40.443555],[141.674007,40.444679],[141.673844,40.445354],[141.673844,40.445854],[141.674019,40.446171],[141.674106,40.446513],[141.674756,40.446987],[141.675406,40.447012],[141.675906,40.447429],[141.676019,40.447604],[141.675869,40.448146],[141.675719,40.448462],[141.677106,40.449287],[141.677756,40.449512],[141.678256,40.449337],[141.678868,40.449387],[141.679281,40.449587],[141.679793,40.449612],[141.68103,40.449762],[141.681705,40.450054],[141.682058,40.45017],[141.682468,40.450354],[141.682655,40.450404],[141.682743,40.449837],[141.683218,40.449179],[141.68393,40.448687],[141.684293,40.448579],[141.685117,40.448221],[141.685417,40.447729],[141.685567,40.447388],[141.686167,40.446663],[141.68703,40.446171],[141.687655,40.445546],[141.68833,40.445055],[141.688805,40.44453],[141.689105,40.443922],[141.688905,40.442997],[141.688555,40.442905],[141.688742,40.441822],[141.68903,40.441797],[141.689667,40.440872],[141.69053,40.439389],[141.69068,40.439047],[141.69143,40.438331],[141.692405,40.437748],[141.692642,40.437481],[141.693392,40.43599],[141.693867,40.43529],[141.694129,40.435065],[141.694879,40.434665],[141.696479,40.433523],[141.697429,40.433257],[141.698429,40.433257],[141.699316,40.43304],[141.700154,40.432724],[141.700691,40.432324],[141.700866,40.43214],[141.701129,40.432032],[141.701491,40.431832],[141.701666,40.431691],[141.701554,40.430791],[141.701404,40.430199],[141.701441,40.429949],[141.701804,40.429341],[141.701866,40.428441],[141.702104,40.427583],[141.702166,40.426816],[141.702416,40.426183],[141.702979,40.425166],[141.703666,40.424225],[141.704679,40.422892],[141.705516,40.422134],[141.706341,40.421859],[141.706604,40.421842],[141.707403,40.421867],[141.70792,40.421826],[141.708503,40.421742],[141.709566,40.421492],[141.710566,40.421226],[141.711403,40.420826],[141.711753,40.420967],[141.711903,40.420984],[141.712678,40.420476],[141.712403,40.420384],[141.712641,40.420226],[141.712965,40.420176],[141.71309,40.420109],[141.713348,40.419791],[141.71354,40.419434],[141.713803,40.419193],[141.714128,40.418968],[141.714778,40.418268],[141.715278,40.41766],[141.715728,40.41701],[141.716115,40.416351],[141.716615,40.41561],[141.71774,40.413402],[141.718128,40.41286],[141.718628,40.412977],[141.718778,40.412794],[141.719128,40.412186],[141.719278,40.411844],[141.718803,40.411736],[141.719453,40.410652],[141.71999,40.409611],[141.72019,40.408711],[141.72179,40.408644],[141.722265,40.408603],[141.722415,40.407928],[141.723128,40.40687],[141.722203,40.406978],[141.722028,40.408353],[141.721353,40.40842],[141.720615,40.408419],[141.720665,40.408036],[141.720703,40.406886],[141.720766,40.40627],[141.721678,40.405912],[141.721678,40.405895],[141.721178,40.40562],[141.720578,40.404962],[141.720403,40.404195],[141.720441,40.403387],[141.719553,40.403245],[141.719703,40.401354],[141.719766,40.401121],[141.720528,40.399587],[141.720891,40.399121],[141.721266,40.398396],[141.721716,40.398129],[141.722216,40.398104],[141.723128,40.398013],[141.723403,40.39763],[141.724053,40.396863],[141.724403,40.396213],[141.724991,40.395538],[141.725403,40.395197],[141.725853,40.394705],[141.72603,40.39443],[141.726257,40.394166],[141.726616,40.393939],[141.727128,40.393555],[141.727803,40.393147],[141.728278,40.392747],[141.728366,40.392222],[141.728216,40.391414],[141.728303,40.390664],[141.728578,40.389964],[141.729053,40.389273],[141.730853,40.387423],[141.731616,40.38679],[141.732153,40.386298],[141.732653,40.385732],[141.73324,40.385215],[141.73454,40.384765],[141.735465,40.384657],[141.736265,40.384657],[141.736765,40.384723],[141.73839,40.383915],[141.738565,40.383807],[141.739065,40.383374],[141.739653,40.382724],[141.740103,40.382116],[141.740278,40.381707],[141.740315,40.381141],[141.740215,40.380507],[141.740428,40.379899],[141.74064,40.379674],[141.741315,40.379183],[141.742078,40.378733],[141.742915,40.378349],[141.744715,40.3774],[141.74589,40.376975],[141.746415,40.376761],[141.746665,40.376566],[141.747777,40.376],[141.74819,40.375642],[141.748552,40.375192],[141.748815,40.374992],[141.749015,40.374675],[141.749315,40.374358],[141.75029,40.373617],[141.75064,40.373184],[141.751227,40.372109],[141.751665,40.370867],[141.751815,40.370684],[141.752765,40.369851],[141.752877,40.369717],[141.753265,40.369851],[141.753352,40.369626],[141.75329,40.369359],[141.753402,40.369201],[141.753765,40.368909],[141.753915,40.368868],[141.754265,40.368501],[141.75444,40.368459],[141.754527,40.368484],[141.75479,40.368418],[141.755065,40.367893],[141.754852,40.367734],[141.755002,40.36751],[141.755202,40.367018],[141.75529,40.366568],[141.755052,40.365843],[141.755202,40.364718],[141.755177,40.36396],[141.755002,40.363485],[141.754165,40.362243],[141.75394,40.361994],[141.753703,40.361277],[141.753615,40.360935],[141.753703,40.359744],[141.75364,40.358777],[141.753878,40.357836],[141.754103,40.357111],[141.754253,40.356886],[141.754465,40.356053],[141.754815,40.355403],[141.755203,40.355219],[141.755578,40.354994],[141.755965,40.354595],[141.756615,40.35412],[141.757353,40.353761],[141.759652,40.353328],[141.760565,40.353036],[141.760915,40.352878],[141.761088,40.352625],[141.761242,40.352427],[141.76144,40.352295],[141.761915,40.351912],[141.762265,40.351753],[141.762588,40.351625],[141.762952,40.35157],[141.76354,40.351553],[141.76369,40.35162],[141.765864,40.35207],[141.768577,40.349679],[141.768727,40.34957],[141.768664,40.349504],[141.768557,40.349571],[141.768489,40.349662],[141.76793,40.350172],[141.767727,40.350337],[141.767452,40.350087],[141.765627,40.351528],[141.764327,40.350962],[141.764977,40.349995],[141.764715,40.349904],[141.764827,40.349662],[141.765152,40.349704],[141.76539,40.349345],[141.764065,40.34912],[141.764065,40.348895],[141.764002,40.348737],[141.763952,40.348246],[141.763952,40.347862],[141.76409,40.347412],[141.764627,40.346596],[141.765065,40.346262],[141.766152,40.345946],[141.766565,40.345854],[141.766952,40.345813],[141.768118,40.345601],[141.769402,40.345604],[141.770314,40.346104],[141.770429,40.34615],[141.770577,40.346146],[141.770702,40.346079],[141.771375,40.345344],[141.771339,40.345204],[141.771227,40.344321],[141.771252,40.344346],[141.771464,40.344188],[141.771527,40.344096],[141.771639,40.343488],[141.771615,40.342996],[141.771706,40.342892],[141.771752,40.342705],[141.771783,40.342583],[141.771727,40.342413],[141.772252,40.34223],[141.771402,40.341063],[141.771252,40.341105],[141.770927,40.340655],[141.770727,40.340138],[141.770627,40.339663],[141.770754,40.339508],[141.770794,40.33932],[141.770577,40.338922],[141.770752,40.33843],[141.770815,40.33813],[141.77039,40.337122],[141.77034,40.33678],[141.770365,40.336464],[141.77069,40.336089],[141.771002,40.335797],[141.771302,40.335389],[141.771178,40.334872],[141.770628,40.333581],[141.770728,40.332722],[141.771303,40.331414],[141.77184,40.330514],[141.773115,40.328673],[141.773478,40.327956],[141.773665,40.327348],[141.773965,40.326756],[141.774278,40.325048],[141.774303,40.324282],[141.774578,40.32304],[141.774503,40.322115],[141.774541,40.32139],[141.774953,40.32074],[141.776528,40.319507],[141.77774,40.318924],[141.778453,40.318791],[141.77949,40.318732],[141.779815,40.318482],[141.779665,40.318349],[141.77969,40.318282],[141.779928,40.318166],[141.780028,40.317874],[141.779965,40.317424],[141.780203,40.317333],[141.780203,40.316883],[141.780128,40.316474],[141.780653,40.315941],[141.781515,40.315783],[141.782928,40.315633],[141.783218,40.315765],[141.78349,40.315725],[141.784165,40.315508],[141.784386,40.315475],[141.784528,40.31515],[141.78474,40.314875],[141.785003,40.314633],[141.785478,40.31445],[141.785653,40.314225],[141.785328,40.314091],[141.785478,40.314066],[141.785778,40.314091],[141.78574,40.313908],[141.78557,40.313726],[141.785603,40.313616],[141.785778,40.31335],[141.785778,40.31305],[141.785465,40.31265],[141.785528,40.312258],[141.785053,40.311942],[141.785115,40.311558],[141.78559,40.311025],[141.785715,40.31075],[141.785865,40.310658],[141.786415,40.31055],[141.786639,40.310506],[141.786803,40.310442],[141.787165,40.310125],[141.787278,40.309967],[141.78749,40.310042],[141.787778,40.309884],[141.787728,40.309434],[141.787753,40.309225],[141.78794,40.309067],[141.788378,40.309025],[141.788328,40.308734],[141.78809,40.30855],[141.788061,40.308427],[141.788065,40.308284],[141.788478,40.307692],[141.788278,40.307309],[141.78869,40.306842],[141.788755,40.306606],[141.78884,40.306526],[141.789203,40.306209],[141.789253,40.306076],[141.789209,40.306002],[141.789203,40.305867],[141.789228,40.305759],[141.789202,40.305702],[141.789203,40.305642],[141.789315,40.305509],[141.78929,40.305284],[141.789378,40.305242],[141.789528,40.305017],[141.789478,40.304134],[141.789653,40.304043],[141.789903,40.303593],[141.790015,40.303484],[141.790165,40.303484],[141.790453,40.303443],[141.790665,40.303351],[141.790903,40.303034],[141.790965,40.302468],[141.79109,40.302226],[141.79159,40.301976],[141.79159,40.30166],[141.791065,40.301476],[141.79159,40.301326],[141.791565,40.30126],[141.791328,40.301143],[141.791715,40.300893],[141.79189,40.300601],[141.792165,40.300601],[141.792365,40.300201],[141.792479,40.300169],[141.792537,40.300107],[141.792703,40.29991],[141.79294,40.299793],[141.793103,40.299733],[141.793265,40.299643],[141.793553,40.299593],[141.793528,40.299368],[141.79374,40.299035],[141.793965,40.299235],[141.794153,40.298993],[141.794353,40.29881],[141.79444,40.298785],[141.794678,40.298585],[141.795103,40.298135],[141.795065,40.298043],[141.795315,40.297802],[141.795428,40.297277],[141.795078,40.297618],[141.795015,40.297568],[141.795165,40.29656],[141.795078,40.29656],[141.79479,40.29676],[141.794728,40.29676],[141.794853,40.296419],[141.794203,40.296527],[141.794015,40.296593],[141.793965,40.296502],[141.794021,40.29643],[141.794091,40.296119],[141.794228,40.296144],[141.794291,40.295852],[141.794378,40.295719],[141.794523,40.295631],[141.79494,40.295719],[141.79512,40.295521],[141.795265,40.29536],[141.795415,40.295094],[141.795436,40.294834],[141.79569,40.29466],[141.795953,40.294369],[141.796136,40.294172],[141.796428,40.293994],[141.796553,40.293677],[141.79694,40.293361],[141.797078,40.293361],[141.797078,40.293427],[141.797528,40.293519],[141.797765,40.293344],[141.797553,40.293027],[141.79774,40.292911],[141.797853,40.293186],[141.798053,40.293227],[141.798178,40.293052],[141.798178,40.292844],[141.798115,40.292711],[141.798153,40.292536],[141.798453,40.292327],[141.798415,40.292261],[141.798153,40.292169],[141.797953,40.292144],[141.79824,40.291969],[141.798953,40.292061],[141.799065,40.291886],[141.798803,40.291561],[141.799103,40.291452],[141.799253,40.291294],[141.799228,40.291069],[141.799268,40.290929],[141.799203,40.290819],[141.798878,40.290728],[141.798665,40.290844],[141.79849,40.290844],[141.798403,40.290703],[141.798815,40.290411],[141.798765,40.290119],[141.799328,40.289803],[141.79959,40.289786],[141.799678,40.289986],[141.799765,40.289986],[141.80024,40.289769],[141.800153,40.289469],[141.800453,40.289161],[141.800453,40.288911],[141.800103,40.288636],[141.800253,40.288369],[141.80084,40.288328],[141.801128,40.288261],[141.801515,40.288211],[141.801515,40.288128],[141.801665,40.287761],[141.801665,40.287536],[141.80199,40.287536],[141.80209,40.287136],[141.802828,40.286728],[141.80324,40.286753],[141.803415,40.286528],[141.804103,40.286128],[141.804453,40.286086],[141.804578,40.285861],[141.804603,40.285661],[141.80484,40.285278],[141.804953,40.28532],[141.805253,40.285228],[141.805228,40.284712],[141.805465,40.28467],[141.80564,40.284828],[141.805815,40.285145],[141.805965,40.284878],[141.806328,40.284445],[141.806553,40.28427],[141.806328,40.284087],[141.806565,40.283978],[141.805978,40.283812],[141.805615,40.283678],[141.805628,40.283428],[141.806653,40.283437],[141.806715,40.283345],[141.805992,40.283105],[141.806081,40.283005],[141.80625,40.282895],[141.806365,40.282778],[141.80714,40.281904],[141.807965,40.281412],[141.808028,40.281095],[141.808153,40.28082],[141.808128,40.28017],[141.80819,40.279987],[141.808425,40.279846],[141.808778,40.279654],[141.80899,40.279362],[141.80904,40.279204],[141.80899,40.278929],[141.809253,40.278321],[141.80994,40.278304],[141.81009,40.278104],[141.809965,40.277737],[141.810328,40.277696],[141.81074,40.277537],[141.811128,40.277179],[141.810803,40.276862],[141.809953,40.276854],[141.809865,40.276721],[141.810365,40.276679],[141.81039,40.276654],[141.81004,40.276454],[141.809953,40.276429],[141.810428,40.276388],[141.81054,40.276429],[141.810978,40.276438],[141.811128,40.276229],[141.811665,40.276213],[141.811778,40.276096],[141.811428,40.275896],[141.811165,40.275779],[141.811903,40.275579],[141.811965,40.275421],[141.811703,40.275154],[141.811378,40.275038],[141.811553,40.274946],[141.811765,40.274929],[141.81199,40.274929],[141.812353,40.274721],[141.812678,40.274479],[141.813153,40.274004],[141.813307,40.273888],[141.813503,40.273779],[141.813953,40.273805],[141.814128,40.273538],[141.81449,40.273246],[141.81464,40.272955],[141.815015,40.272771],[141.81514,40.272438],[141.815553,40.272396],[141.81579,40.271946],[141.81579,40.271738],[141.816178,40.271313],[141.816065,40.271038],[141.816153,40.270971],[141.81639,40.270638],[141.816373,40.270431],[141.816253,40.270272],[141.815453,40.270363],[141.815438,40.27025],[141.815428,40.270088],[141.815478,40.269888],[141.81569,40.269847],[141.81569,40.269772],[141.815903,40.269822],[141.815982,40.269865],[141.816103,40.269622],[141.815815,40.269463],[141.815815,40.269372],[141.81614,40.269463],[141.81614,40.26928],[141.816228,40.269055],[141.815903,40.268847],[141.81549,40.268672],[141.81549,40.268355],[141.81544,40.268238],[141.815503,40.268213],[141.815615,40.268447],[141.816053,40.268697],[141.816378,40.268513],[141.816315,40.268405],[141.81629,40.268013],[141.816615,40.267747],[141.816478,40.267497],[141.81594,40.267272],[141.815003,40.267089],[141.814803,40.266947],[141.815091,40.266655],[141.815303,40.266564],[141.816103,40.266414],[141.816453,40.266189],[141.81654,40.266214],[141.816778,40.266122],[141.817103,40.26628],[141.81719,40.26628],[141.817228,40.265897],[141.817315,40.265922],[141.81754,40.266197],[141.818297,40.266192],[141.818378,40.266064],[141.818403,40.265997],[141.818603,40.265905],[141.818654,40.265771],[141.818903,40.265664],[141.818965,40.265389],[141.818815,40.265164],[141.81829,40.265205],[141.818228,40.265455],[141.818165,40.265497],[141.817815,40.265564],[141.817615,40.265447],[141.817203,40.265422],[141.817165,40.265247],[141.817578,40.265155],[141.817728,40.265155],[141.818053,40.264864],[141.817853,40.264839],[141.817553,40.26468],[141.817965,40.264639],[141.818065,40.264389],[141.818528,40.26453],[141.81874,40.264489],[141.818528,40.264147],[141.81854,40.263939],[141.819003,40.264331],[141.81939,40.264439],[141.819478,40.264447],[141.81969,40.264064],[141.819653,40.263722],[141.818953,40.263331],[141.81884,40.263247],[141.81904,40.263264],[141.819515,40.263247],[141.819603,40.263272],[141.819715,40.263222],[141.819865,40.263047],[141.819965,40.262756],[141.820315,40.262731],[141.820378,40.262506],[141.82034,40.262306],[141.820165,40.262189],[141.819703,40.262231],[141.819553,40.262031],[141.819578,40.261872],[141.819903,40.261756],[141.819853,40.261714],[141.819465,40.261647],[141.81899,40.261797],[141.818816,40.261772],[141.819115,40.261689],[141.819615,40.261439],[141.81959,40.261347],[141.819291,40.261322],[141.819291,40.261281],[141.820028,40.261039],[141.820134,40.261004],[141.820265,40.260923],[141.820003,40.260673],[141.819741,40.260698],[141.819003,40.260448],[141.818891,40.260239],[141.818978,40.260081],[141.819041,40.260064],[141.819041,40.259656],[141.818803,40.259539],[141.818803,40.259473],[141.819078,40.259339],[141.820016,40.259389],[141.820516,40.259256],[141.820516,40.259189],[141.820166,40.259006],[141.819928,40.258956],[141.819641,40.258823],[141.819753,40.258731],[141.819928,40.258731],[141.820641,40.258873],[141.820966,40.258848],[141.820998,40.258736],[141.821028,40.258648],[141.820903,40.258448],[141.819816,40.258256],[141.819816,40.258239],[141.820053,40.258214],[141.821028,40.257973],[141.820678,40.257789],[141.819878,40.257464],[141.820241,40.257356],[141.820328,40.25729],[141.820241,40.25729],[141.820441,40.257198],[141.820503,40.257198],[141.820978,40.257023],[141.820891,40.256865],[141.820503,40.256865],[141.820391,40.256815],[141.820391,40.256681],[141.820153,40.256615],[141.820191,40.256365],[141.820428,40.256231],[141.820428,40.256181],[141.820303,40.256165],[141.820391,40.255981],[141.820953,40.256073],[141.821166,40.255981],[141.820903,40.255806],[141.820541,40.255781],[141.820691,40.255465],[141.820578,40.255165],[141.820841,40.25479],[141.821666,40.254856],[141.821991,40.254856],[141.821816,40.25459],[141.821291,40.254406],[141.820853,40.254398],[141.820791,40.254265],[141.821153,40.253523],[141.821703,40.25364],[141.822416,40.253507],[141.822916,40.253332],[141.823191,40.253148],[141.823216,40.252973],[141.823066,40.252807],[141.822991,40.252715],[141.822903,40.252582],[141.822728,40.25244],[141.822578,40.25229],[141.822603,40.252148],[141.822753,40.252123],[141.822966,40.252173],[141.823316,40.252173],[141.823525,40.252173],[141.823603,40.25219],[141.823603,40.252057],[141.823466,40.252015],[141.823463,40.252003],[141.823466,40.25199],[141.823641,40.25199],[141.824141,40.252123],[141.824166,40.252098],[141.824103,40.252007],[141.823691,40.251873],[141.823753,40.251782],[141.823991,40.251848],[141.823903,40.251673],[141.823691,40.251623],[141.823628,40.251582],[141.823578,40.251582],[141.823453,40.251648],[141.823403,40.251648],[141.823278,40.251715],[141.823078,40.251698],[141.822991,40.251657],[141.822953,40.25154],[141.823041,40.251407],[141.823216,40.251382],[141.823391,40.251315],[141.823541,40.251315],[141.823691,40.25124],[141.823566,40.251132],[141.823391,40.251065],[141.823153,40.250799],[141.823153,40.250749],[141.823478,40.250774],[141.824066,40.250907],[141.824391,40.250949],[141.824453,40.250924],[141.824391,40.250815],[141.824128,40.250674],[141.824416,40.250657],[141.824566,40.25079],[141.824916,40.250874],[141.825066,40.250874],[141.825241,40.250782],[141.825266,40.250557],[141.825066,40.250449],[141.824916,40.250407],[141.824741,40.250424],[141.824566,40.250357],[141.824391,40.250407],[141.824266,40.250382],[141.824203,40.250249],[141.824653,40.250182],[141.824878,40.250174],[141.825153,40.250107],[141.825241,40.249999],[141.824916,40.249932],[141.824791,40.249865],[141.824966,40.249724],[141.825178,40.249724],[141.825316,40.249682],[141.825378,40.24959],[141.825141,40.249549],[141.824816,40.249524],[141.824616,40.249574],[141.824466,40.249682],[141.824291,40.249749],[141.824203,40.249732],[141.823941,40.249732],[141.823941,40.249549],[141.823991,40.24939],[141.823966,40.249282],[141.824053,40.249257],[141.824428,40.249282],[141.824616,40.249232],[141.824728,40.249099],[141.824466,40.24894],[141.823903,40.248832],[141.823841,40.248715],[141.823903,40.24869],[141.823903,40.248607],[141.823816,40.248557],[141.824078,40.24849],[141.824078,40.248332],[141.823925,40.248345],[141.823817,40.24839],[141.823753,40.248265],[141.824041,40.24829],[141.824128,40.248265],[141.824066,40.248132],[141.823628,40.247999],[141.822866,40.247824],[141.822691,40.247732],[141.822541,40.247482],[141.822504,40.247257],[141.822791,40.246874],[141.822966,40.246849],[141.823091,40.246891],[141.823529,40.246916],[141.823679,40.246866],[141.823766,40.246757],[141.823591,40.246624],[141.823054,40.246649],[141.822879,40.246532],[141.822841,40.246241],[141.822966,40.246057],[141.823466,40.245791],[141.823691,40.245741],[141.824016,40.245741],[141.824166,40.245624],[141.824166,40.245491],[141.824691,40.245332],[141.824779,40.245016],[141.825016,40.244899],[141.824979,40.244741],[141.825241,40.244407],[141.825479,40.244224],[141.825791,40.243858],[141.825916,40.243766],[141.826091,40.243883],[141.826354,40.243991],[141.826641,40.243833],[141.826466,40.243608],[141.826766,40.243516],[141.826816,40.243399],[141.826754,40.243358],[141.826641,40.243333],[141.827228,40.243083],[141.827228,40.243041],[141.827104,40.242999],[141.826879,40.243041],[141.826754,40.242999],[141.826879,40.242908],[141.826816,40.242816],[141.826516,40.242774],[141.826454,40.242658],[141.826666,40.242566],[141.826429,40.242258],[141.826416,40.241891],[141.826629,40.241441],[141.826916,40.241149],[141.827329,40.2409],[141.827879,40.240666],[141.828379,40.240416],[141.828816,40.240125],[141.829104,40.239875],[141.829753,40.239691],[141.829816,40.239625],[141.829803,40.239533],[141.829579,40.239375],[141.829604,40.239175],[141.829779,40.238966],[141.829804,40.238875],[141.829679,40.238633],[141.829854,40.23825],[141.830466,40.237458],[141.830779,40.236642],[141.831216,40.236008],[141.831766,40.235392],[141.831791,40.2351],[141.831791,40.234875],[141.83184,40.234579],[141.831904,40.234267],[141.832079,40.233634],[141.831991,40.233434],[141.831266,40.232625],[141.831154,40.232309],[141.830904,40.231117],[141.830954,40.230509],[141.831329,40.229984],[141.831716,40.229851],[141.831829,40.229667],[141.831629,40.229576],[141.831529,40.229376],[141.831679,40.229017],[141.831554,40.228901],[141.831329,40.228859],[141.831004,40.228834],[141.830729,40.228634],[141.830529,40.228342],[141.830454,40.227693],[141.830567,40.227034],[141.831067,40.226084],[141.831329,40.225793],[141.831529,40.225659],[141.831704,40.225476],[141.831642,40.224893],[141.831779,40.224368],[141.831892,40.224185],[141.832104,40.224168],[141.832454,40.224368],[141.832717,40.224368],[141.832842,40.224318],[141.832867,40.224251],[141.832629,40.22396],[141.832329,40.223868],[141.832129,40.223851],[141.831779,40.223693],[141.831479,40.223335],[141.831354,40.222926],[141.831404,40.222368],[141.831579,40.222093],[141.831842,40.221801],[141.832017,40.22171],[141.832904,40.221451],[141.833217,40.221293],[141.833542,40.221068],[141.833517,40.221027],[141.833304,40.221002],[141.833154,40.221027],[141.832954,40.220868],[141.833004,40.220802],[141.833417,40.220777],[141.833629,40.22071],[141.833654,40.220448],[141.833654,40.220118],[141.833529,40.219877],[141.833267,40.219718],[141.833004,40.219693],[141.832704,40.219743],[141.832267,40.219768],[141.830955,40.220427],[141.83063,40.22081],[141.830455,40.220927],[141.830067,40.220993],[141.82948,40.220843],[141.829042,40.22066],[141.828692,40.22046],[141.828217,40.220285],[141.827217,40.220152],[141.826455,40.220202],[141.82578,40.220277],[141.824868,40.220343],[141.824568,40.220418],[141.82363,40.220801],[141.823193,40.220943],[141.82278,40.220943],[141.821955,40.220743],[141.821455,40.220793],[141.81958,40.221185],[141.819143,40.221235],[141.81873,40.22121],[141.81823,40.221126],[141.817868,40.22106],[141.817931,40.219951],[141.815706,40.21791],[141.814306,40.218668],[141.812331,40.217152],[141.813506,40.21621],[141.813181,40.216018],[141.811981,40.216868],[141.810531,40.215702],[141.812119,40.214819],[141.812481,40.214885],[141.813356,40.214277],[141.811644,40.212827],[141.806969,40.21561],[141.806619,40.215002],[141.806382,40.214735],[141.805932,40.213885],[141.804832,40.212444],[141.804569,40.211994],[141.804532,40.21186],[141.804294,40.211436],[141.80412,40.211002],[141.80367,40.210761],[141.803407,40.210561],[141.802995,40.210177],[141.802732,40.210086],[141.80222,40.209794],[141.80172,40.209236],[141.801545,40.208944],[141.801457,40.208678],[141.800945,40.207844],[141.800432,40.207119],[141.800083,40.206361],[141.799633,40.205553],[141.799445,40.204986],[141.799245,40.204628],[141.799083,40.204061],[141.799022,40.203781],[141.79897,40.203411],[141.798933,40.203053],[141.79887,40.202895],[141.798808,40.202195],[141.798833,40.201428],[141.798795,40.201112],[141.798858,40.20082],[141.799145,40.20007],[141.799195,40.19982],[141.79957,40.199262],[141.79957,40.198354],[141.800708,40.198354],[141.80072,40.198979],[141.80577,40.198887],[141.81227,40.189813],[141.811995,40.189746],[141.80652,40.197421],[141.80552,40.197037],[141.801758,40.197104],[141.801583,40.193946],[141.798258,40.194012],[141.798533,40.191171],[141.797183,40.191604],[141.796808,40.192104],[141.797183,40.192413],[141.797046,40.192729],[141.796571,40.192713],[141.796196,40.193321],[141.795908,40.193329],[141.795758,40.193488],[141.795633,40.195104],[141.793896,40.195046],[141.794296,40.190879],[141.794121,40.190896],[141.794121,40.190588],[141.794496,40.190155],[141.795371,40.190146],[141.796409,40.19008],[141.796608,40.190121],[141.796783,40.19023],[141.796996,40.19023],[141.798283,40.189838],[141.798571,40.189655],[141.798746,40.189496],[141.798833,40.18903],[141.799158,40.188846],[141.799508,40.188546],[141.800283,40.186405],[141.801058,40.18543],[141.801521,40.184772],[141.801996,40.184322],[141.802696,40.184722],[141.803021,40.184364],[141.803027,40.184289],[141.803021,40.184205],[141.803046,40.183839],[141.803283,40.183614],[141.80327,40.183556],[141.803246,40.183505],[141.803596,40.18323],[141.803746,40.183247],[141.803808,40.18318],[141.803833,40.183047],[141.803796,40.182955],[141.803833,40.182889],[141.804533,40.182747],[141.804771,40.182731],[141.804796,40.182772],[141.804796,40.183272],[141.805033,40.183289],[141.806033,40.183264],[141.806183,40.183239],[141.806358,40.183039],[141.80662,40.183014],[141.80677,40.182872],[141.806945,40.182806],[141.807145,40.182806],[141.80727,40.182914],[141.807445,40.182964],[141.807583,40.182756],[141.808083,40.182597],[141.808383,40.182622],[141.808645,40.182956],[141.808908,40.183089],[141.809033,40.183022],[141.808933,40.182664],[141.80902,40.182614],[141.809345,40.182589],[141.809645,40.182614],[141.81032,40.183081],[141.810845,40.183106],[141.812257,40.182981],[141.812695,40.183006],[141.812782,40.182981],[141.813145,40.182956],[141.813282,40.182997],[141.813607,40.183181],[141.81402,40.183356],[141.81432,40.183447],[141.81447,40.183447],[141.814107,40.183106],[141.813995,40.182931],[141.81402,40.182814],[141.81422,40.182747],[141.814632,40.182747],[141.815195,40.182672],[141.81522,40.182331],[141.815095,40.182039],[141.815007,40.181656],[141.815032,40.181498],[141.815332,40.181523],[141.815482,40.181406],[141.81577,40.181381],[141.815832,40.181314],[141.81582,40.180981],[141.81697,40.180389],[141.817257,40.180206],[141.817344,40.180314],[141.817607,40.180448],[141.817782,40.180339],[141.817869,40.180181],[141.817669,40.180089],[141.817669,40.179998],[141.818219,40.179798],[141.818519,40.179773],[141.818657,40.179614],[141.818744,40.179365],[141.819069,40.179181],[141.819632,40.179198],[141.819807,40.179248],[141.820132,40.179398],[141.820244,40.179515],[141.820457,40.179981],[141.820519,40.180006],[141.820832,40.180006],[141.821194,40.17994],[141.821457,40.179823],[141.822744,40.180173],[141.822831,40.179998],[141.823069,40.180156],[141.823394,40.18029],[141.823781,40.180306],[141.824394,40.180256],[141.824744,40.180123],[141.824981,40.179915],[141.825394,40.179781],[141.825769,40.179756],[141.825894,40.179865],[141.826094,40.179956],[141.826306,40.180223],[141.826356,40.180248],[141.826544,40.180198],[141.826769,40.180223],[141.827156,40.18004],[141.826969,40.179815],[141.827356,40.179365],[141.827881,40.179131],[141.828493,40.178948],[141.829056,40.178881],[141.829643,40.178882],[141.830193,40.178965],[141.830431,40.179073],[141.831168,40.179231],[141.831518,40.179232],[141.831731,40.179157],[141.831837,40.179105],[141.832018,40.179157],[141.832168,40.179365],[141.832281,40.179357],[141.832343,40.179182],[141.832306,40.178773],[141.832068,40.178373],[141.832156,40.178073],[141.832831,40.177848],[141.833118,40.17789],[141.833243,40.178023],[141.833543,40.17809],[141.833593,40.178132],[141.833568,40.178315],[141.833505,40.17834],[141.83348,40.178607],[141.83363,40.178765],[141.83398,40.178882],[141.834455,40.178873],[141.834543,40.178765],[141.834505,40.17849],[141.834268,40.178332],[141.834068,40.178315],[141.83398,40.178198],[141.834005,40.178115],[141.834505,40.177882],[141.834618,40.177857],[141.834768,40.177882],[141.834855,40.177857],[141.834793,40.177457],[141.834993,40.176707],[141.83523,40.176415],[141.835543,40.176299],[141.83563,40.176324],[141.835693,40.176499],[141.835868,40.176632],[141.836018,40.17659],[141.836018,40.176474],[141.83593,40.176232],[141.835955,40.175957],[141.836568,40.17539],[141.837155,40.175074],[141.837655,40.175116],[141.838005,40.175274],[141.83833,40.17534],[141.838355,40.175291],[141.838293,40.175182],[141.837918,40.174916],[141.837943,40.174732],[141.838143,40.174482],[141.83843,40.174257],[141.838993,40.174007],[141.840067,40.173274],[141.840767,40.172733],[141.84133,40.172549],[141.841617,40.172366],[141.842267,40.172158],[141.842442,40.172183],[141.842555,40.172224],[141.84288,40.172224],[141.843167,40.172041],[141.84358,40.171949],[141.843967,40.171791],[141.84428,40.171383],[141.845155,40.170816],[141.845592,40.170633],[141.845942,40.170633],[141.846416,40.170775],[141.846653,40.170659],[141.84665,40.170609],[141.846391,40.170459],[141.846416,40.170184],[141.846503,40.169917],[141.846403,40.169601],[141.846378,40.169451],[141.846579,40.169325],[141.846504,40.168917],[141.846592,40.168758],[141.846767,40.1686],[141.847804,40.168225],[141.848067,40.168075],[141.848417,40.16805],[141.848467,40.168617],[141.850467,40.16865],[141.850504,40.168567],[141.852291,40.168667],[141.852379,40.168733],[141.852466,40.168733],[141.852829,40.168533],[141.853066,40.168359],[141.853091,40.168292],[141.852916,40.168017],[141.853066,40.167775],[141.853391,40.167884],[141.853604,40.167684],[141.853891,40.167642],[141.853979,40.1676],[141.853954,40.167484],[141.854016,40.167442],[141.854429,40.167509],[141.854666,40.167334],[141.854541,40.167017],[141.854754,40.166975],[141.855104,40.166709],[141.855191,40.166684],[141.855516,40.166459],[141.855841,40.166351],[141.855941,40.166351],[141.856141,40.166201],[141.856229,40.166201],[141.856616,40.165859],[141.856916,40.165817],[141.857004,40.165734],[141.857416,40.165667],[141.857529,40.165467],[141.857703,40.165442],[141.857853,40.165559],[141.858053,40.165626],[141.858028,40.165267],[141.858091,40.165067],[141.858391,40.164909],[141.858541,40.164709],[141.858691,40.164592],[141.858978,40.164576],[141.859166,40.164484],[141.859403,40.164176],[141.859641,40.163993],[141.859953,40.164084],[141.859953,40.164243],[141.860303,40.164251],[141.860366,40.164176],[141.860341,40.164043],[141.860403,40.164001],[141.860428,40.163776],[141.860516,40.163709],[141.860991,40.163759],[141.861103,40.163709],[141.861028,40.163468],[141.860966,40.163418],[141.860878,40.163218],[141.860416,40.162809],[141.860303,40.162334],[141.860241,40.161926],[141.860191,40.161885],[141.860128,40.161701],[141.860253,40.16146],[141.860403,40.161343],[141.860728,40.161193],[141.861378,40.160968],[141.861466,40.160968],[141.861403,40.161126],[141.861516,40.16126],[141.861778,40.161151],[141.861841,40.161151],[141.862053,40.160976],[141.862378,40.160843],[141.862641,40.160801],[141.862878,40.160868],[141.863016,40.161051],[141.863191,40.161118],[141.863278,40.161235],[141.863516,40.16121],[141.863753,40.161168],[141.863778,40.161118],[141.863728,40.16096],[141.863723,40.160912],[141.863728,40.160851],[141.863794,40.160737],[141.863753,40.16056],[141.863616,40.160468],[141.863528,40.160468],[141.863353,40.160352],[141.863141,40.160377],[141.863003,40.160035],[141.863116,40.159993],[141.863303,40.159768],[141.863266,40.159677],[141.862741,40.159627],[141.862541,40.159535],[141.862478,40.159377],[141.862478,40.159243],[141.862278,40.158702],[141.862466,40.158252],[141.862816,40.15781],[141.862991,40.157652],[141.863091,40.157627],[141.863741,40.157135],[141.863853,40.15696],[141.864153,40.156777],[141.864478,40.156894],[141.864566,40.156735],[141.864716,40.156444],[141.864841,40.156044],[141.864641,40.155211],[141.864728,40.154852],[141.865091,40.154586],[141.865378,40.154402],[141.866116,40.154136],[141.866328,40.154144],[141.866444,40.154161],[141.866678,40.154236],[141.866916,40.154369],[141.867003,40.154302],[141.866978,40.154144],[141.867066,40.153986],[141.867003,40.153761],[141.867041,40.153378],[141.867403,40.152886],[141.867841,40.152394],[141.86814,40.152328],[141.86834,40.152378],[141.868728,40.152311],[141.86919,40.152561],[141.869428,40.152653],[141.86954,40.152653],[141.869878,40.152478],[141.870078,40.152394],[141.870115,40.152236],[141.870265,40.151961],[141.870228,40.151761],[141.87009,40.151603],[141.870003,40.151445],[141.86979,40.151353],[141.86974,40.151103],[141.86974,40.150878],[141.869928,40.150295],[141.870078,40.149911],[141.870253,40.149961],[141.870365,40.14987],[141.870428,40.149895],[141.87064,40.149762],[141.87069,40.149578],[141.870815,40.149445],[141.87079,40.149245],[141.870678,40.148837],[141.870678,40.148595],[141.871059,40.147946],[141.871413,40.147449],[141.87194,40.146837],[141.872553,40.146312],[141.872753,40.145737],[141.872828,40.145404],[141.87329,40.145012],[141.873665,40.144604],[141.873715,40.144579],[141.874165,40.144621],[141.874478,40.144704],[141.874553,40.144704],[141.874653,40.144637],[141.874828,40.144612],[141.874928,40.144521],[141.87484,40.144479],[141.874815,40.144387],[141.874915,40.144362],[141.874965,40.144387],[141.875203,40.144362],[141.875265,40.144287],[141.875265,40.144021],[141.87579,40.143946],[141.87604,40.144012],[141.876203,40.143962],[141.876353,40.144029],[141.876578,40.144071],[141.876853,40.144046],[141.876903,40.143938],[141.876837,40.143794],[141.87674,40.143554],[141.87649,40.143463],[141.876347,40.143405],[141.87624,40.143288],[141.876165,40.143129],[141.876115,40.143129],[141.87609,40.143088],[141.87614,40.142929],[141.876415,40.142829],[141.876503,40.142721],[141.876503,40.142671],[141.876003,40.142546],[141.875553,40.142371],[141.87494,40.141671],[141.87474,40.141496],[141.873841,40.140196],[141.873303,40.139588],[141.873253,40.139455],[141.873278,40.139388],[141.873378,40.139338],[141.873453,40.139113],[141.873128,40.13898],[141.872991,40.138621],[141.872991,40.138213],[141.872903,40.137738],[141.873053,40.137738],[141.873178,40.137555],[141.873103,40.137372],[141.872878,40.13733],[141.872678,40.13718],[141.872441,40.136705],[141.872291,40.136597],[141.872216,40.136455],[141.872116,40.13603],[141.871978,40.135713],[141.871803,40.135472],[141.871414,40.13506],[141.870966,40.134772],[141.870391,40.134497],[141.870116,40.134455],[141.869953,40.134458],[141.869624,40.134484],[141.869154,40.134555],[141.868766,40.13458],[141.867891,40.13453],[141.867479,40.134363],[141.867129,40.134164],[141.866479,40.133822],[141.866191,40.133639],[141.865817,40.13323],[141.865967,40.132914],[141.865987,40.132783],[141.865942,40.132622],[141.865792,40.132572],[141.865767,40.132464],[141.865654,40.132347],[141.865529,40.132372],[141.865467,40.132597],[141.865379,40.132639],[141.865092,40.132589],[141.86496,40.13264],[141.864879,40.132722],[141.864817,40.132747],[141.864592,40.132697],[141.863767,40.132405],[141.863617,40.132247],[141.863654,40.132089],[141.863392,40.131789],[141.863367,40.13168],[141.862979,40.13163],[141.862954,40.131764],[141.862742,40.131897],[141.862629,40.132055],[141.862417,40.132122],[141.861867,40.132047],[141.861567,40.132047],[141.861242,40.132089],[141.860892,40.131997],[141.860605,40.131864],[141.859805,40.131764],[141.859717,40.131605],[141.85928,40.131247],[141.859105,40.131222],[141.859017,40.131239],[141.858867,40.131355],[141.858717,40.131597],[141.85863,40.131664],[141.85863,40.131872],[141.858542,40.131939],[141.858042,40.132047],[141.857406,40.132117],[141.857305,40.132222],[141.857217,40.13258],[141.856796,40.132797],[141.856442,40.132913],[141.855117,40.133263],[141.855005,40.133055],[141.853793,40.133405],[141.853855,40.133705],[141.852705,40.134096],[141.852343,40.134096],[141.85228,40.134271],[141.852343,40.134796],[141.852068,40.135105],[141.851805,40.13513],[141.851343,40.135055],[141.85063,40.135096],[141.850255,40.135071],[141.850068,40.135021],[141.84943,40.134971],[141.848868,40.134855],[141.848518,40.134696],[141.848255,40.134538],[141.847468,40.134221],[141.847168,40.134171],[141.846968,40.134105],[141.846643,40.133938],[141.845456,40.133163],[141.844631,40.13253],[141.844406,40.132255],[141.844081,40.131963],[141.843181,40.130922],[141.842744,40.130513],[141.842281,40.130197],[141.841257,40.12938],[141.840944,40.129039],[141.840332,40.128289],[141.840244,40.128089],[141.839757,40.127564],[141.839344,40.127247],[141.838707,40.126497],[141.838532,40.126389],[141.838295,40.126139],[141.838245,40.125997],[141.837895,40.125614],[141.837782,40.125439],[141.83752,40.125139],[141.836645,40.123964],[141.836182,40.123173],[141.835245,40.121181],[141.83507,40.120465],[141.83517,40.119748],[141.835858,40.118715],[141.83592,40.118423],[141.835895,40.118215],[141.835808,40.11804],[141.835658,40.117898],[141.835783,40.117657],[141.835758,40.117457],[141.83667,40.11654],[141.836445,40.116399],[141.835345,40.117382],[141.835108,40.117315],[141.83502,40.117424],[141.833258,40.116874],[141.833796,40.116357],[141.833733,40.116315],[141.832858,40.116282],[141.832558,40.11624],[141.831446,40.115865],[141.831096,40.115707],[141.830808,40.115615],[141.830521,40.115432],[141.830346,40.115365],[141.829959,40.115115],[141.829759,40.11489],[141.829271,40.114166],[141.828759,40.112716],[141.828396,40.111074],[141.828221,40.110733],[141.828134,40.110258],[141.827847,40.109491],[141.827734,40.109091],[141.827684,40.108641],[141.827509,40.107916],[141.827234,40.106833],[141.827184,40.106292],[141.826959,40.105325],[141.826797,40.104084],[141.826872,40.102959],[141.826672,40.101409],[141.826572,40.100392],[141.826547,40.099917],[141.826522,40.099584],[141.82661,40.099134],[141.826735,40.098459],[141.827097,40.097534],[141.827585,40.096801],[141.827797,40.096418],[141.828085,40.096085],[141.828597,40.095751],[141.828685,40.095726],[141.828885,40.09546],[141.829185,40.094985],[141.829397,40.09476],[141.82961,40.094177],[141.829672,40.094043],[141.830022,40.093752],[141.830522,40.093535],[141.830647,40.093443],[141.830947,40.09261],[141.83101,40.092302],[141.831135,40.092052],[141.831285,40.091402],[141.83126,40.090635],[141.830885,40.090252],[141.83036,40.089619],[141.830072,40.089436],[141.829785,40.089294],[141.829522,40.089119],[141.82926,40.088819],[141.829085,40.088052],[141.82906,40.087719],[141.828998,40.086028],[141.82906,40.085511],[141.829173,40.085128],[141.82926,40.08452],[141.82956,40.083728],[141.829798,40.082828],[141.830035,40.082178],[141.83036,40.081703],[141.831048,40.081095],[141.831423,40.080628],[141.831723,40.080537],[141.83196,40.080154],[141.83231,40.079995],[141.832747,40.079595],[141.833172,40.07847],[141.833135,40.078129],[141.832785,40.077154],[141.83291,40.076546],[141.83286,40.076054],[141.833085,40.075646],[141.83306,40.075129],[141.833273,40.074746],[141.833685,40.074271],[141.833835,40.074204],[141.83436,40.073671],[141.834748,40.073463],[141.834985,40.07313],[141.835123,40.073063],[141.83536,40.07288],[141.836485,40.071688],[141.83696,40.07133],[141.837422,40.071038],[141.83801,40.070905],[141.838335,40.07068],[141.83831,40.070588],[141.838372,40.070363],[141.838722,40.06998],[141.83896,40.069897],[141.839247,40.069897],[141.840335,40.069313],[141.84081,40.068822],[141.840848,40.068737],[141.840872,40.068614],[141.841022,40.06828],[141.84116,40.06828],[141.841585,40.067422],[141.842197,40.067314],[141.84226,40.067264],[141.84246,40.066639],[141.842722,40.066706],[141.843022,40.066547],[141.842785,40.066164],[141.843085,40.065872],[141.843372,40.065964],[141.843434,40.065939],[141.843559,40.065606],[141.843347,40.065447],[141.84341,40.065239],[141.843884,40.064997],[141.844172,40.064656],[141.844647,40.064389],[141.844759,40.064389],[141.845034,40.064139],[141.845234,40.063781],[141.845234,40.063556],[141.845559,40.063306],[141.845772,40.062948],[141.845359,40.062839],[141.845359,40.062631],[141.845597,40.062631],[141.845647,40.062539],[141.845534,40.062381],[141.845597,40.06214],[141.845772,40.062006],[141.847184,40.061215],[141.847559,40.06104],[141.847597,40.061131],[141.847797,40.061198],[141.847947,40.060973],[141.848159,40.060815],[141.848447,40.060565],[141.848709,40.059982],[141.848947,40.059623],[141.848984,40.05949],[141.849247,40.059373],[141.849422,40.059148],[141.849222,40.058857],[141.849222,40.058382],[141.850072,40.056699],[141.850609,40.056107],[141.851134,40.055641],[141.851672,40.055391],[141.852434,40.055399],[141.852835,40.055504],[141.853046,40.055557],[141.853571,40.055691],[141.853871,40.055941],[141.854009,40.055899],[141.854071,40.055691],[141.854334,40.055766],[141.854546,40.055741],[141.854673,40.055707],[141.854984,40.055674],[141.855334,40.055582],[141.855396,40.055449],[141.855246,40.055382],[141.855396,40.055224],[141.855459,40.055209],[141.855509,40.055199],[141.856096,40.055224],[141.856159,40.055274],[141.856334,40.055074],[141.856246,40.054999],[141.855959,40.054982],[141.855746,40.054891],[141.855834,40.054599],[141.855959,40.054574],[141.856396,40.054774],[141.856659,40.054732],[141.856196,40.054391],[141.856221,40.054307],[141.856459,40.054124],[141.856959,40.054033],[141.857421,40.054016],[141.857696,40.053608],[141.858984,40.053141],[141.859484,40.053141],[141.859746,40.053349],[141.859958,40.053283],[141.860983,40.052808],[141.861008,40.052583],[141.861633,40.052341],[141.862071,40.052291],[141.863308,40.051466],[141.863871,40.051125],[141.864396,40.051375],[141.864771,40.051491],[141.864946,40.051516],[141.865208,40.051625],[141.865446,40.051675],[141.865971,40.051858],[141.866533,40.052375],[141.867533,40.052875],[141.868845,40.053266],[141.869195,40.052925],[141.869208,40.052208],[141.869083,40.052025],[141.868495,40.051591],[141.868295,40.051525],[141.868008,40.051116],[141.868145,40.050875],[141.868595,40.050783],[141.869295,40.05085],[141.869445,40.050808],[141.86982,40.050408],[141.869945,40.050225],[141.8701,40.049925],[141.870208,40.0495],[141.87057,40.048559],[141.87092,40.048359],[141.871358,40.048292],[141.871754,40.048312],[141.872995,40.048409],[141.87337,40.048659],[141.873957,40.048909],[141.87422,40.0488],[141.874457,40.0486],[141.874695,40.048642],[141.874895,40.048825],[141.875007,40.048825],[141.875395,40.048917],[141.875332,40.0491],[141.875707,40.049417],[141.875745,40.049375],[141.87572,40.0491],[141.876007,40.0491],[141.876132,40.048925],[141.87642,40.049134],[141.876682,40.04915],[141.87657,40.048909],[141.876007,40.048584],[141.87607,40.048517],[141.876657,40.048684],[141.876832,40.048684],[141.87692,40.048542],[141.877395,40.048575],[141.87737,40.048325],[141.877132,40.048209],[141.87687,40.048142],[141.876995,40.047825],[141.877082,40.047867],[141.877457,40.047692],[141.877757,40.0474],[141.87817,40.047534],[141.878282,40.047517],[141.87867,40.046976],[141.878557,40.046701],[141.87862,40.046409],[141.878532,40.046184],[141.878382,40.046051],[141.878357,40.045776],[141.878657,40.045642],[141.879007,40.045601],[141.879295,40.045759],[141.879482,40.045667],[141.879332,40.045442],[141.880007,40.045359],[141.87992,40.045017],[141.879695,40.044951],[141.879607,40.044976],[141.879307,40.044717],[141.87902,40.044226],[141.879232,40.044093],[141.879695,40.044134],[141.87987,40.044118],[141.880057,40.043909],[141.880595,40.043218],[141.881082,40.043601],[141.881345,40.043518],[141.881582,40.043109],[141.881332,40.042818],[141.880945,40.042584],[141.881007,40.042543],[141.881682,40.042726],[141.881857,40.042701],[141.881807,40.042251],[141.881775,40.042125],[141.881745,40.042026],[141.88157,40.041801],[141.881782,40.041643],[141.882457,40.041785],[141.882745,40.041601],[141.882782,40.041218],[141.881932,40.041301],[141.881607,40.041076],[141.881757,40.04081],[141.88232,40.040701],[141.88217,40.040543],[141.88232,40.040451],[141.882145,40.04011],[141.88212,40.039951],[141.88247,40.040043],[141.882557,40.039751],[141.88242,40.039568],[141.882707,40.039635],[141.88297,40.039435],[141.883023,40.039324],[141.883032,40.039193],[141.883032,40.039077],[141.883457,40.038902],[141.88322,40.038627],[141.883282,40.03851],[141.883195,40.038493],[141.883045,40.038352],[141.883345,40.038285],[141.88322,40.03806],[141.883082,40.037927],[141.882732,40.037718],[141.883257,40.037385],[141.883345,40.037427],[141.883845,40.03741],[141.883845,40.037293],[141.883582,40.036935],[141.884057,40.036869],[141.884207,40.03676],[141.884032,40.036419],[141.884157,40.036419],[141.884645,40.03676],[141.884882,40.036535],[141.885189,40.036431],[141.88527,40.036244],[141.885395,40.035952],[141.885532,40.035819],[141.885007,40.03561],[141.885022,40.035556],[141.885061,40.035482],[141.885182,40.035338],[141.88522,40.035135],[141.885132,40.034685],[141.885282,40.034436],[141.884995,40.034094],[141.885032,40.034011],[141.885257,40.034036],[141.885557,40.034302],[141.885645,40.034302],[141.885782,40.034194],[141.885707,40.034036],[141.885145,40.033536],[141.885295,40.033261],[141.885857,40.033136],[141.886682,40.033452],[141.886907,40.033294],[141.887207,40.032869],[141.887219,40.032419],[141.887369,40.031919],[141.887219,40.031444],[141.887494,40.031269],[141.888082,40.031203],[141.888519,40.031094],[141.888819,40.030778],[141.889082,40.030578],[141.889619,40.030286],[141.889969,40.030136],[141.890257,40.030469],[141.890432,40.030386],[141.890582,40.029844],[141.890444,40.029386],[141.890444,40.029278],[141.891007,40.028803],[141.891257,40.028695],[141.891507,40.028561],[141.891807,40.028403],[141.892007,40.028586],[141.892244,40.028728],[141.892444,40.02857],[141.892744,40.028186],[141.892987,40.027999],[141.893198,40.027861],[141.893332,40.027803],[141.893632,40.02772],[141.893782,40.027495],[141.894306,40.027136],[141.894306,40.027045],[141.894631,40.02682],[141.895194,40.026503],[141.895213,40.026222],[141.895231,40.026078],[141.895206,40.025803],[141.895406,40.025695],[141.895969,40.025853],[141.896444,40.025653],[141.896506,40.025345],[141.895919,40.024912],[141.896244,40.024778],[141.896269,40.02457],[141.896244,40.024462],[141.896656,40.024345],[141.897244,40.024129],[141.897631,40.023812],[141.898106,40.023929],[141.898456,40.02352],[141.898344,40.023229],[141.898081,40.023004],[141.897986,40.022834],[141.897799,40.022664],[141.897706,40.022545],[141.897681,40.022279],[141.897706,40.022173],[141.897644,40.021937],[141.898156,40.021312],[141.898481,40.020996],[141.898581,40.020337],[141.899019,40.019846],[141.899756,40.019737],[141.900231,40.019737],[141.900869,40.019337],[141.901344,40.018888],[141.901469,40.018504],[141.900744,40.018296],[141.900506,40.018188],[141.900156,40.017693],[141.900061,40.017297],[141.899994,40.017029],[141.899731,40.016554],[141.900119,40.01588],[141.900681,40.01518],[141.901331,40.014621],[141.902156,40.014263],[141.902269,40.014288],[141.902569,40.014738],[141.902744,40.014696],[141.902769,40.014563],[141.902831,40.014538],[141.902856,40.014655],[141.902819,40.015105],[141.903094,40.014905],[141.903419,40.014771],[141.903506,40.01448],[141.903656,40.014505],[141.903831,40.014388],[141.903869,40.013888],[141.903656,40.013438],[141.903581,40.013147],[141.903519,40.012738],[141.903581,40.012605],[141.904644,40.01148],[141.904969,40.011505],[141.905244,40.01058],[141.906481,40.009772],[141.906456,40.009705],[141.906568,40.009622],[141.907906,40.008855],[141.908393,40.009289],[141.908568,40.009497],[141.908781,40.00943],[141.909068,40.009772],[141.909006,40.009864],[141.909331,40.010247],[141.909268,40.01038],[141.909643,40.010764],[141.909881,40.010905],[141.910493,40.010522],[141.910793,40.010547],[141.911255,40.010822],[141.911518,40.010689],[141.91166,40.010583],[141.911755,40.010439],[141.911968,40.010197],[141.91218,40.010039],[141.91258,40.010314],[141.912721,40.010243],[141.912705,40.010089],[141.912268,40.009814],[141.91253,40.009456],[141.913268,40.008914],[141.914155,40.008672],[141.916005,40.008031],[141.91683,40.007989],[141.917593,40.007881],[141.917841,40.008005],[141.918068,40.008023],[141.918272,40.008053],[141.918655,40.008073],[141.919417,40.007831],[141.920417,40.007881],[141.92123,40.008181],[141.922117,40.007864],[141.92223,40.007714],[141.92303,40.007623],[141.924017,40.007698],[141.924317,40.007881],[141.924404,40.008106],[141.924842,40.008181],[141.925329,40.008564],[141.925417,40.008748],[141.925592,40.008973],[141.926154,40.009156],[141.926529,40.009364],[141.926904,40.009664],[141.927204,40.009614],[141.927092,40.009506],[141.927679,40.009256],[141.927854,40.009331],[141.928229,40.009739],[141.928929,40.009898],[141.928967,40.009514],[141.928679,40.009131],[141.928392,40.008498],[141.928917,40.008273],[141.929679,40.008006],[141.930404,40.009048],[141.931016,40.009823],[141.931541,40.010164],[141.931741,40.010373],[141.932179,40.010373],[141.932716,40.010306],[141.932916,40.010398],[141.933004,40.010381],[141.933154,40.010198],[141.933504,40.009998],[141.933779,40.009589],[141.933891,40.009523],[141.934104,40.009189],[141.934254,40.009231],[141.934391,40.009598],[141.934654,40.009781],[141.934953,40.009781],[141.935241,40.009689],[141.935953,40.008814],[141.936153,40.009314],[141.936453,40.009473],[141.936866,40.008756],[141.936541,40.00844],[141.936428,40.008256],[141.936603,40.008006],[141.936903,40.007448],[141.936853,40.006656],[141.937678,40.005865],[141.937841,40.004965],[141.937004,40.003515],[141.937066,40.003015],[141.937416,40.002957],[141.937879,40.003207],[141.938266,40.003232],[141.938266,40.003049],[141.938566,40.00294],[141.938791,40.002965],[141.939091,40.002799],[141.938978,40.00269],[141.939053,40.002449],[141.939278,40.002265],[141.939603,40.002049],[141.939878,40.001982],[141.940053,40.002024],[141.940291,40.00194],[141.940516,40.001557],[141.940607,40.001407],[141.940716,40.001215],[141.940841,40.000949],[141.940628,40.000657],[141.940553,40.000474],[141.940353,40.000224],[141.940003,40.000082],[141.939978,39.999924],[141.940103,39.999699],[141.939953,39.999524],[141.939679,39.999407],[141.939654,39.999224],[141.940103,39.999249],[141.940516,39.999074],[141.940841,39.998966],[141.941191,39.999007],[141.941516,39.998949],[141.941916,39.998699],[141.942016,39.998699],[141.942191,39.998882],[141.942566,39.998932],[141.942716,39.998774],[141.943066,39.998641],[141.943103,39.998416],[141.943353,39.998283],[141.943453,39.998149],[141.943753,39.998216],[141.943828,39.998033],[141.943853,39.997858],[141.944003,39.997516],[141.944191,39.997383],[141.944691,39.997299],[141.944716,39.997249],[141.944891,39.997233],[141.945066,39.997008],[141.945141,39.996941],[141.945366,39.996533],[141.945353,39.996149],[141.945363,39.996009],[141.945328,39.995766],[141.945278,39.995608],[141.945303,39.995275],[141.945416,39.994866],[141.945241,39.994641],[141.944941,39.994525],[141.944941,39.994416],[141.945166,39.994258],[141.945216,39.994199],[141.945316,39.994233],[141.945441,39.994191],[141.945441,39.993991],[141.945341,39.993983],[141.945528,39.993783],[141.945653,39.993808],[141.946053,39.993766],[141.946003,39.993566],[141.946278,39.993383],[141.946478,39.993525],[141.946653,39.993433],[141.947178,39.993391],[141.947228,39.993275],[141.947153,39.9931],[141.947341,39.9926],[141.947241,39.992375],[141.947266,39.992217],[141.947766,39.991792],[141.947953,39.991567],[141.947928,39.991475],[141.947978,39.99125],[141.948028,39.990783],[141.947853,39.990575],[141.947855,39.990469],[141.947903,39.99035],[141.948116,39.990034],[141.948066,39.989834],[141.948116,39.989767],[141.948516,39.989517],[141.948616,39.989292],[141.948891,39.989234],[141.949141,39.989325],[141.949065,39.989684],[141.949365,39.990042],[141.94959,39.99025],[141.94989,39.990275],[141.95024,39.990392],[141.950365,39.9903],[141.95064,39.989809],[141.950688,39.989732],[141.950753,39.98965],[141.950826,39.989517],[141.950803,39.988859],[141.950653,39.988634],[141.950728,39.9885],[141.950903,39.988592],[141.951028,39.988592],[141.951178,39.9885],[141.951215,39.988184],[141.95109,39.987692],[141.950965,39.987509],[141.951115,39.987234],[141.951328,39.986992],[141.951367,39.986914],[141.951503,39.986792],[141.951664,39.986757],[141.951788,39.986709],[141.951928,39.986701],[141.952428,39.986684],[141.952553,39.986817],[141.952528,39.986976],[141.952653,39.987092],[141.952778,39.987042],[141.952978,39.986826],[141.953678,39.987009],[141.953778,39.986892],[141.953703,39.986692],[141.953703,39.986492],[141.953665,39.986242],[141.953315,39.985967],[141.952815,39.985759],[141.952215,39.985192],[141.952015,39.985076],[141.951865,39.984968],[141.95189,39.984851],[141.952015,39.984809],[141.95244,39.984968],[141.952694,39.985117],[141.952875,39.985205],[141.953065,39.985293],[141.953315,39.985268],[141.953515,39.985293],[141.95379,39.985409],[141.95409,39.985368],[141.954415,39.985301],[141.954553,39.985184],[141.954703,39.984959],[141.955053,39.984718],[141.955153,39.984468],[141.955565,39.984018],[141.95599,39.983709],[141.95579,39.983409],[141.955763,39.983313],[141.955715,39.983209],[141.955565,39.983118],[141.95489,39.983026],[141.954615,39.983068],[141.95459,39.982934],[141.954915,39.982959],[141.955073,39.982953],[141.95519,39.982843],[141.955465,39.982826],[141.955715,39.982943],[141.956003,39.982718],[141.956003,39.982576],[141.955953,39.982285],[141.956003,39.98186],[141.955953,39.981743],[141.955703,39.98161],[141.955153,39.981443],[141.954828,39.981418],[141.954828,39.98126],[141.954903,39.981218],[141.955465,39.981151],[141.95564,39.98111],[141.955615,39.980976],[141.95549,39.980818],[141.955515,39.980751],[141.95554,39.980301],[141.95549,39.980251],[141.955165,39.980068],[141.95519,39.97991],[141.955453,39.979893],[141.955778,39.979943],[141.956028,39.979876],[141.956578,39.979835],[141.956852,39.979793],[141.957077,39.979543],[141.957127,39.979385],[141.957102,39.979185],[141.956653,39.97886],[141.95659,39.978777],[141.956585,39.978604],[141.95644,39.978368],[141.95559,39.97811],[141.95544,39.977952],[141.95514,39.977835],[141.95474,39.977635],[141.954565,39.977585],[141.95454,39.977293],[141.95444,39.976977],[141.954412,39.976871],[141.954378,39.976752],[141.954328,39.976568],[141.954453,39.976002],[141.954653,39.97576],[141.954678,39.97556],[141.95479,39.975494],[141.955065,39.975444],[141.95529,39.975494],[141.95544,39.975469],[141.95564,39.975244],[141.95544,39.975177],[141.955015,39.975152],[141.954815,39.97506],[141.954715,39.974944],[141.954615,39.974652],[141.954828,39.97391],[141.954853,39.973569],[141.954803,39.973077],[141.955065,39.972827],[141.95529,39.972877],[141.95554,39.972811],[141.955565,39.972561],[141.95549,39.972402],[141.95534,39.972336],[141.95509,39.972044],[141.954715,39.971836],[141.954215,39.971677],[141.95409,39.971427],[141.954078,39.971152],[141.954203,39.971019],[141.954253,39.970677],[141.954553,39.970461],[141.954728,39.970211],[141.95469,39.969919],[141.954515,39.969644],[141.954765,39.969469],[141.95489,39.969536],[141.95504,39.969694],[141.955315,39.969761],[141.95544,39.969769],[141.95564,39.969719],[141.955815,39.969586],[141.955865,39.969319],[141.95564,39.969003],[141.955478,39.968794],[141.955703,39.968778],[141.955853,39.968686],[141.955703,39.968436],[141.955737,39.968398],[141.955953,39.968394],[141.956228,39.968511],[141.956403,39.968528],[141.956503,39.968486],[141.956603,39.968169],[141.956553,39.967994],[141.956303,39.967786],[141.955553,39.967603],[141.955453,39.967461],[141.955565,39.967353],[141.955815,39.967219],[141.955715,39.967019],[141.955565,39.966853],[141.955576,39.966804],[141.95559,39.966744],[141.955565,39.966653],[141.95544,39.966586],[141.955315,39.966586],[141.95514,39.966444],[141.955353,39.965953],[141.95544,39.964578],[141.955415,39.964395],[141.95559,39.964128],[141.95559,39.963878],[141.955715,39.96352],[141.955765,39.963495],[141.95599,39.963545],[141.956528,39.963503],[141.956728,39.963412],[141.956803,39.963328],[141.956528,39.963095],[141.956178,39.963003],[141.955978,39.96287],[141.955753,39.962795],[141.955828,39.962053],[141.955865,39.960653],[141.955728,39.96007],[141.955653,39.95937],[141.95574,39.958645],[141.95589,39.958404],[141.956315,39.958179],[141.956365,39.957954],[141.956553,39.957862],[141.956603,39.957754],[141.956803,39.957687],[141.956953,39.957554],[141.957003,39.957595],[141.957028,39.957887],[141.957153,39.958004],[141.957301,39.958037],[141.957453,39.95807],[141.957678,39.958095],[141.958203,39.957962],[141.958278,39.95792],[141.958603,39.957837],[141.958703,39.957695],[141.958578,39.957604],[141.957428,39.95742],[141.957078,39.957279],[141.957103,39.957054],[141.958103,39.957221],[141.958615,39.957046],[141.958865,39.956912],[141.95904,39.956712],[141.959265,39.956621],[141.95929,39.956462],[141.95909,39.956437],[141.959015,39.956254],[141.95887,39.956189],[141.95879,39.956096],[141.958715,39.955937],[141.95854,39.955804],[141.95829,39.955712],[141.958115,39.955596],[141.958053,39.955437],[141.957603,39.955254],[141.957303,39.955229],[141.957153,39.955046],[141.957053,39.954596],[141.957128,39.954462],[141.957378,39.954371],[141.957603,39.954171],[141.957603,39.954104],[141.957765,39.953971],[141.95794,39.953971],[141.958115,39.953954],[141.958615,39.953704],[141.958915,39.953504],[141.959015,39.953463],[141.959215,39.953279],[141.959328,39.952946],[141.959378,39.952921],[141.959928,39.952996],[141.960653,39.952954],[141.960803,39.953046],[141.960953,39.953271],[141.961053,39.953321],[141.961178,39.953046],[141.961253,39.952779],[141.961852,39.953229],[141.962127,39.953304],[141.962427,39.953463],[141.962652,39.953529],[141.962852,39.953646],[141.963002,39.953696],[141.963152,39.953538],[141.963227,39.953154],[141.963027,39.953013],[141.962677,39.952921],[141.962502,39.952721],[141.962302,39.952579],[141.962202,39.952579],[141.962077,39.952671],[141.961952,39.952513],[141.961857,39.952416],[141.962177,39.952471],[141.96229,39.952338],[141.96274,39.952313],[141.962715,39.952138],[141.96274,39.952021],[141.96269,39.951955],[141.96234,39.952021],[141.962265,39.95193],[141.96214,39.951863],[141.962015,39.951971],[141.96184,39.951905],[141.961865,39.951855],[141.96184,39.951746],[141.961615,39.951721],[141.96124,39.951788],[141.96049,39.951713],[141.96029,39.951646],[141.96029,39.951488],[141.96049,39.951421],[141.96069,39.951288],[141.96099,39.951288],[141.96114,39.951246],[141.96109,39.951105],[141.960765,39.950788],[141.960565,39.950746],[141.96039,39.950738],[141.960165,39.950805],[141.95999,39.950763],[141.95989,39.950805],[141.95964,39.951005],[141.959615,39.951213],[141.959565,39.951296],[141.95889,39.951296],[141.95859,39.951113],[141.958315,39.950838],[141.95824,39.950638],[141.95829,39.950588],[141.958265,39.950388],[141.958165,39.950321],[141.958115,39.950321],[141.958053,39.94998],[141.958053,39.949646],[141.958153,39.949421],[141.958128,39.949371],[141.958303,39.949196],[141.958278,39.949171],[141.958378,39.949105],[141.958628,39.94888],[141.958578,39.948838],[141.958965,39.948521],[141.959015,39.948388],[141.95914,39.948338],[141.959215,39.948255],[141.959115,39.948046],[141.959215,39.947963],[141.95939,39.947822],[141.96034,39.947788],[141.960453,39.947722],[141.960478,39.94743],[141.960328,39.947197],[141.960303,39.946888],[141.960528,39.94673],[141.960703,39.94653],[141.96069,39.946347],[141.96074,39.94628],[141.960765,39.946122],[141.960804,39.946033],[141.960965,39.945963],[141.961415,39.946105],[141.96169,39.946105],[141.96179,39.946013],[141.961715,39.94588],[141.96154,39.94583],[141.96129,39.945855],[141.961048,39.945843],[141.960865,39.945805],[141.960838,39.945748],[141.96114,39.94563],[141.96104,39.945514],[141.960665,39.945397],[141.96064,39.945214],[141.96099,39.945222],[141.961023,39.945171],[141.961028,39.945039],[141.960678,39.944839],[141.960603,39.944747],[141.960378,39.944764],[141.960065,39.944947],[141.960115,39.944989],[141.95999,39.945122],[141.95989,39.945122],[141.959732,39.945236],[141.95959,39.94528],[141.959399,39.945299],[141.959265,39.945388],[141.95899,39.945388],[141.958868,39.945418],[141.95884,39.945472],[141.95904,39.945947],[141.958878,39.946013],[141.958528,39.946197],[141.958178,39.946172],[141.957878,39.946013],[141.957653,39.945763],[141.957515,39.945488],[141.95729,39.945422],[141.95719,39.945213],[141.95684,39.944988],[141.956691,39.94503],[141.956591,39.944963],[141.956591,39.944938],[141.956716,39.944872],[141.956856,39.944869],[141.95709,39.944805],[141.957015,39.944472],[141.95689,39.94433],[141.956742,39.944293],[141.956566,39.944197],[141.956391,39.94413],[141.956216,39.944197],[141.956116,39.944397],[141.955916,39.944397],[141.955841,39.94433],[141.955666,39.94428],[141.955341,39.944297],[141.955291,39.944438],[141.955366,39.944547],[141.955516,39.944663],[141.955516,39.944688],[141.955366,39.944755],[141.955291,39.944905],[141.955286,39.945053],[141.955236,39.945267],[141.955028,39.945563],[141.954878,39.94563],[141.954803,39.94563],[141.954628,39.94533],[141.954478,39.945355],[141.954403,39.945647],[141.953453,39.945663],[141.952928,39.945813],[141.952753,39.945797],[141.952628,39.945863],[141.952566,39.945947],[141.952391,39.946063],[141.952266,39.946221],[141.952066,39.946288],[141.951866,39.94633],[141.951716,39.946305],[141.951616,39.946096],[141.951491,39.946055],[141.951316,39.946146],[141.951241,39.946096],[141.951141,39.945963],[141.950966,39.94578],[141.950641,39.945713],[141.950566,39.945621],[141.950377,39.945602],[141.950141,39.945663],[141.949866,39.945705],[141.949399,39.945765],[141.948941,39.945921],[141.948666,39.945946],[141.948379,39.945868],[141.948041,39.945846],[141.947716,39.945805],[141.947466,39.945688],[141.947141,39.945638],[141.946766,39.945663],[141.946054,39.945771],[141.946004,39.945788],[141.945366,39.945355],[141.944592,39.944655],[141.944192,39.94438],[141.943354,39.943563],[141.943129,39.943313],[141.943108,39.943142],[141.943129,39.943088],[141.943154,39.942971],[141.943129,39.94288],[141.943129,39.942788],[141.943188,39.94266],[141.943379,39.942347],[141.943492,39.941872],[141.943442,39.94158],[141.943492,39.941397],[141.943417,39.940922],[141.943304,39.94083],[141.943304,39.94063],[141.943179,39.940447],[141.942979,39.940488],[141.942729,39.940397],[141.942404,39.940172],[141.942054,39.940097],[141.941829,39.939988],[141.940629,39.93953],[141.940029,39.939363],[141.939855,39.939247],[141.939805,39.93918],[141.939805,39.93898],[141.940242,39.938489],[141.940442,39.938464],[141.940567,39.938464],[141.940942,39.93838],[141.940992,39.93793],[141.941042,39.937789],[141.941117,39.937789],[141.941242,39.937747],[141.941479,39.937639],[141.941654,39.937505],[141.941729,39.93728],[141.941879,39.937305],[141.941954,39.93728],[141.942029,39.936872],[141.941929,39.936647],[141.942029,39.936472],[141.941992,39.936239],[141.941892,39.93613],[141.941942,39.935947],[141.941942,39.935522],[141.942042,39.935472],[141.942092,39.935297],[141.942017,39.935181],[141.941817,39.935072],[141.941629,39.934889],[141.941454,39.934772],[141.941479,39.934547],[141.941354,39.934431],[141.941079,39.934006],[141.940679,39.933822],[141.940579,39.933839],[141.940529,39.933931],[141.940404,39.933997],[141.940205,39.933956],[141.93998,39.933856],[141.939755,39.933856],[141.93958,39.933789],[141.939255,39.933831],[141.939005,39.933647],[141.938555,39.933147],[141.938192,39.932564],[141.938167,39.932422],[141.938367,39.931731],[141.938555,39.931389],[141.938905,39.931348],[141.939605,39.931106],[141.939705,39.931239],[141.94038,39.931023],[141.94048,39.931089],[141.940555,39.931289],[141.940679,39.931314],[141.940804,39.931314],[141.940979,39.931273],[141.941179,39.931114],[141.941754,39.931164],[141.941829,39.931123],[141.942004,39.931256],[141.942129,39.931239],[141.942279,39.931398],[141.942479,39.931264],[141.942574,39.931181],[141.942676,39.931042],[141.942667,39.930973],[141.942517,39.930814],[141.942492,39.930698],[141.942517,39.930539],[141.942617,39.930381],[141.942567,39.930198],[141.942667,39.929956],[141.94274,39.929909],[141.942942,39.929865],[141.942979,39.929756],[141.942754,39.92944],[141.942715,39.929338],[141.942754,39.929215],[141.942819,39.929135],[141.943079,39.929056],[141.943129,39.929006],[141.943004,39.928873],[141.942629,39.92874],[141.942429,39.928623],[141.942279,39.928256],[141.941804,39.928165],[141.941417,39.928048],[141.941204,39.928073],[141.941104,39.928206],[141.940954,39.928298],[141.940856,39.928269],[141.94078,39.928223],[141.940217,39.927323],[141.940117,39.92689],[141.940167,39.926715],[141.940505,39.926265],[141.94103,39.925773],[141.94118,39.925682],[141.941679,39.925748],[141.942079,39.925823],[141.942304,39.925782],[141.942479,39.925648],[141.942829,39.925673],[141.943129,39.925832],[141.943304,39.925832],[141.943442,39.925673],[141.943317,39.925265],[141.943267,39.925198],[141.94289,39.925141],[141.942667,39.924857],[141.942692,39.92474],[141.942592,39.924515],[141.942292,39.924249],[141.942279,39.92409],[141.942079,39.923882],[141.94143,39.923474],[141.94093,39.923357],[141.940505,39.922965],[141.94053,39.922724],[141.940767,39.92209],[141.940742,39.92189],[141.940617,39.92164],[141.940542,39.921299],[141.940355,39.920916],[141.93998,39.919782],[141.93998,39.919441],[141.940005,39.919199],[141.940392,39.918524],[141.940667,39.918183],[141.940792,39.917733],[141.940805,39.917241],[141.940905,39.916858],[141.941205,39.916475],[141.941592,39.916091],[141.941867,39.915928],[141.942167,39.915808],[141.943167,39.9157],[141.943357,39.915374],[141.943592,39.9155],[141.944554,39.915033],[141.944396,39.914734],[141.945004,39.914717],[141.945229,39.914567],[141.946804,39.913017],[141.946904,39.912884],[141.947879,39.913409],[141.947954,39.913384],[141.948129,39.913234],[141.948304,39.913234],[141.948554,39.9133],[141.948729,39.913284],[141.948829,39.913192],[141.948879,39.912834],[141.948667,39.912625],[141.948367,39.912575],[141.948179,39.9126],[141.947467,39.912117],[141.947217,39.91185],[141.947317,39.911734],[141.947317,39.911442],[141.947417,39.9114],[141.947617,39.911425],[141.947717,39.911375],[141.948054,39.911084],[141.948129,39.911017],[141.947504,39.910701],[141.948129,39.910342],[141.948679,39.909984],[141.949067,39.909609],[141.949504,39.908751],[141.949729,39.908459],[141.949679,39.908143],[141.949354,39.907576],[141.949292,39.907084],[141.949342,39.906651],[141.949679,39.905526],[141.949704,39.90496],[141.949967,39.904785],[141.950117,39.904468],[141.950192,39.904451],[141.950567,39.90391],[141.950619,39.903859],[141.950692,39.903777],[141.950804,39.903485],[141.950929,39.903368],[141.951029,39.903035],[141.951119,39.902875],[141.951204,39.902718],[141.951354,39.902543],[141.951592,39.90211],[141.951267,39.901544],[141.951367,39.901185],[141.951504,39.900919],[141.951479,39.900669],[141.951604,39.900352],[141.951779,39.90011],[141.951904,39.90006],[141.952029,39.89986],[141.952067,39.899744],[141.952116,39.899592],[141.952262,39.899509],[141.952342,39.899436],[141.952242,39.898986],[141.952242,39.898602],[141.952529,39.898219],[141.952779,39.897969],[141.952913,39.897831],[141.953004,39.897652],[141.953179,39.897411],[141.953317,39.897003],[141.953192,39.896711],[141.953029,39.895828],[141.953254,39.895244],[141.953329,39.895219],[141.953529,39.895086],[141.953704,39.894911],[141.953779,39.894861],[141.953917,39.894553],[141.954517,39.894261],[141.954567,39.894153],[141.954517,39.894061],[141.954692,39.89397],[141.954817,39.893703],[141.954754,39.893586],[141.954854,39.893428],[141.954779,39.893161],[141.954854,39.893003],[141.954754,39.892728],[141.954729,39.892345],[141.954942,39.89142],[141.955042,39.891178],[141.955604,39.890928],[141.955704,39.890753],[141.956054,39.890595],[141.956254,39.890462],[141.956479,39.890512],[141.956929,39.890287],[141.957167,39.890062],[141.957616,39.889995],[141.957716,39.89002],[141.957766,39.890045],[141.957891,39.89002],[141.957966,39.889929],[141.957916,39.889795],[141.958041,39.889595],[141.958016,39.889479],[141.958241,39.889079],[141.958254,39.888787],[141.958479,39.888604],[141.958601,39.888544],[141.958654,39.88847],[141.958679,39.888337],[141.959254,39.888096],[141.959354,39.887912],[141.959539,39.88771],[141.959682,39.887465],[141.960091,39.886904],[141.960316,39.886812],[141.960504,39.886587],[141.961004,39.886546],[141.961154,39.886387],[141.961154,39.886346],[141.961379,39.886237],[141.961629,39.886054],[141.961804,39.885854],[141.963716,39.885188],[141.964654,39.884879],[141.965104,39.884838],[141.965454,39.884846],[141.965804,39.884954],[141.966053,39.885004],[141.966278,39.884963],[141.966578,39.884963],[141.967278,39.884829],[141.967553,39.884813],[141.967853,39.884721],[141.968153,39.884771],[141.968328,39.884771],[141.968528,39.884929],[141.968703,39.885004],[141.968828,39.884888],[141.968953,39.884888],[141.969253,39.885096],[141.969278,39.885071],[141.969403,39.885213],[141.969353,39.885321],[141.969703,39.885479],[141.969728,39.885463],[141.969728,39.885279],[141.969828,39.885254],[141.969903,39.885371],[141.970153,39.885329],[141.970231,39.885213],[141.970441,39.885213],[141.970691,39.885155],[141.970891,39.884905],[141.971141,39.884721],[141.971428,39.883871],[141.971628,39.883196],[141.971703,39.88308],[141.971878,39.88288],[141.971941,39.882705],[141.971666,39.882563],[141.971316,39.882447],[141.971016,39.88218],[141.971016,39.882105],[141.971516,39.882088],[141.971791,39.882047],[141.971891,39.881863],[141.972016,39.881438],[141.972003,39.881397],[141.971828,39.881322],[141.971441,39.881322],[141.971166,39.881205],[141.971153,39.880872],[141.971353,39.880755],[141.971378,39.880488],[141.971353,39.88028],[141.971628,39.879988],[141.971841,39.879655],[141.972241,39.879655],[141.972816,39.879597],[141.973041,39.879255],[141.973016,39.879097],[141.973203,39.878805],[141.97327,39.878732],[141.973353,39.87863],[141.973495,39.878563],[141.973553,39.878472],[141.973503,39.878222],[141.973553,39.877705],[141.973341,39.877256],[141.973316,39.877006],[141.973241,39.876889],[141.973391,39.876556],[141.973454,39.876438],[141.973616,39.876356],[141.973941,39.876356],[141.974278,39.876106],[141.974478,39.875889],[141.974653,39.875797],[141.974753,39.875522],[141.974528,39.875189],[141.974303,39.875031],[141.973878,39.874864],[141.973916,39.874664],[141.974216,39.874373],[141.974216,39.874214],[141.974491,39.874014],[141.974691,39.873789],[141.974766,39.873789],[141.974973,39.873751],[141.975128,39.873706],[141.975828,39.873006],[141.976491,39.872498],[141.976691,39.872248],[141.976966,39.871415],[141.977078,39.870831],[141.977003,39.870556],[141.976553,39.87004],[141.976466,39.86954],[141.976366,39.86934],[141.976391,39.868707],[141.976216,39.868548],[141.976191,39.868432],[141.976478,39.868298],[141.976678,39.867757],[141.976768,39.867658],[141.976878,39.867532],[141.977003,39.86724],[141.977141,39.867065],[141.977166,39.866857],[141.977316,39.866682],[141.977766,39.866707],[141.977991,39.866599],[141.978091,39.866574],[141.978316,39.866282],[141.978378,39.865949],[141.978453,39.86574],[141.978303,39.865557],[141.978353,39.865483],[141.978453,39.865424],[141.978653,39.865291],[141.978728,39.865291],[141.978628,39.865515],[141.978753,39.86554],[141.978853,39.865432],[141.979028,39.864891],[141.979066,39.864599],[141.978741,39.864666],[141.978766,39.864416],[141.978716,39.864232],[141.978166,39.863824],[141.977866,39.863416],[141.977666,39.863324],[141.977516,39.863099],[141.977578,39.862874],[141.977528,39.862532],[141.977428,39.862266],[141.977128,39.862241],[141.977003,39.862191],[141.976928,39.861941],[141.976679,39.861916],[141.976304,39.861799],[141.975904,39.861799],[141.975804,39.861758],[141.975604,39.861191],[141.975841,39.861058],[141.975891,39.860849],[141.975791,39.860716],[141.975616,39.860649],[141.975566,39.860374],[141.975591,39.860333],[141.975966,39.860333],[141.976366,39.860383],[141.976841,39.860341],[141.976891,39.860299],[141.976841,39.860116],[141.975691,39.859949],[141.975466,39.859858],[141.975416,39.859791],[141.975179,39.859649],[141.974766,39.859608],[141.974729,39.859449],[141.974879,39.858858],[141.975079,39.858775],[141.975104,39.858641],[141.974754,39.858433],[141.974754,39.858383],[141.975029,39.8583],[141.975279,39.858483],[141.975654,39.858483],[141.976041,39.8584],[141.976541,39.858333],[141.976666,39.858133],[141.976643,39.858031],[141.976647,39.857951],[141.976691,39.857816],[141.976591,39.857766],[141.976041,39.8577],[141.975541,39.857558],[141.975491,39.857516],[141.975541,39.8572],[141.975766,39.8572],[141.976141,39.857091],[141.976279,39.856958],[141.975829,39.856816],[141.975854,39.856617],[141.976254,39.856525],[141.976554,39.856525],[141.976829,39.856617],[141.976954,39.856625],[141.977129,39.856533],[141.977429,39.856583],[141.977729,39.856492],[141.977804,39.8564],[141.977704,39.8562],[141.977691,39.856017],[141.977641,39.855992],[141.977379,39.855992],[141.977129,39.855925],[141.976829,39.856058],[141.976354,39.856075],[141.975929,39.85605],[141.975779,39.855917],[141.975779,39.85585],[141.975529,39.855575],[141.975429,39.85555],[141.975691,39.85515],[141.975791,39.854942],[141.975941,39.854717],[141.975841,39.854542],[141.975741,39.854467],[141.975841,39.854383],[141.976254,39.854225],[141.976491,39.854408],[141.976754,39.854383],[141.976941,39.854458],[141.977154,39.854408],[141.977554,39.854417],[141.977754,39.854284],[141.977879,39.854156],[141.978004,39.853942],[141.978039,39.853804],[141.978054,39.853584],[141.978063,39.853408],[141.978041,39.853225],[141.977891,39.853],[141.977791,39.852975],[141.977416,39.852925],[141.976741,39.852942],[141.976154,39.853167],[141.975954,39.853167],[141.975729,39.85305],[141.975479,39.852734],[141.975517,39.852417],[141.975642,39.852167],[141.975667,39.852009],[141.975442,39.851809],[141.975104,39.850992],[141.975029,39.850792],[141.974729,39.850401],[141.974679,39.849751],[141.974542,39.849051],[141.974567,39.848684],[141.974467,39.848442],[141.974454,39.848059],[141.974654,39.847426],[141.974642,39.846751],[141.974767,39.846393],[141.974917,39.846184],[141.975217,39.845918],[141.975492,39.845784],[141.975692,39.845968],[141.976017,39.845901],[141.976217,39.845809],[141.976254,39.845768],[141.976327,39.845729],[141.976454,39.845659],[141.976579,39.845593],[141.976529,39.845476],[141.976379,39.845385],[141.976342,39.845304],[141.976379,39.845185],[141.976654,39.84521],[141.976754,39.845076],[141.976776,39.844986],[141.976979,39.84496],[141.977029,39.84521],[141.977079,39.845235],[141.977304,39.84521],[141.977529,39.845235],[141.978104,39.845418],[141.978279,39.845351],[141.978454,39.84531],[141.978479,39.84511],[141.978279,39.844968],[141.978242,39.844835],[141.977992,39.844768],[141.977729,39.84481],[141.977379,39.844651],[141.977268,39.844521],[141.977161,39.844343],[141.977092,39.844218],[141.977068,39.844091],[141.977042,39.843968],[141.976967,39.84386],[141.976967,39.843743],[141.976917,39.843701],[141.976667,39.843693],[141.976342,39.84351],[141.976192,39.843176],[141.976104,39.842743],[141.976129,39.842477],[141.976479,39.842118],[141.976679,39.841985],[141.976904,39.841985],[141.977004,39.842052],[141.977204,39.842035],[141.977579,39.842102],[141.977729,39.841993],[141.977929,39.841943],[141.977992,39.84181],[141.977317,39.841493],[141.977323,39.841293],[141.97743,39.841269],[141.977517,39.841268],[141.977668,39.841243],[141.977792,39.841227],[141.978084,39.841217],[141.978292,39.841185],[141.978342,39.841185],[141.978442,39.841252],[141.978642,39.841302],[141.978717,39.841277],[141.978842,39.841185],[141.978717,39.840985],[141.978792,39.840918],[141.979015,39.840817],[141.979079,39.84076],[141.979104,39.840602],[141.978879,39.840485],[141.978804,39.840377],[141.978829,39.840327],[141.979079,39.84031],[141.979479,39.840335],[141.979904,39.840452],[141.980204,39.840427],[141.980554,39.840502],[141.980729,39.840477],[141.981054,39.840144],[141.981029,39.84001],[141.980929,39.839935],[141.98083,39.839829],[141.980717,39.839685],[141.980642,39.839527],[141.980642,39.839369],[141.980592,39.839352],[141.980367,39.839394],[141.980292,39.839194],[141.980367,39.839102],[141.980317,39.838985],[141.980042,39.83896],[141.979867,39.83876],[141.979742,39.838327],[141.979517,39.83821],[141.979342,39.83826],[141.979254,39.837811],[141.979379,39.837761],[141.980054,39.836936],[141.980017,39.836527],[141.979965,39.836348],[141.979842,39.836152],[141.979729,39.836002],[141.979417,39.835777],[141.979142,39.835627],[141.978854,39.835536],[141.978717,39.835219],[141.978742,39.835119],[141.978917,39.835011],[141.979079,39.834944],[141.979204,39.834561],[141.979229,39.833803],[141.979129,39.833119],[141.979167,39.832894],[141.979692,39.832545],[141.979804,39.832345],[141.979842,39.832086],[141.979679,39.83167],[141.979717,39.831378],[141.979842,39.831028],[141.980042,39.83092],[141.980392,39.830803],[141.980667,39.83022],[141.980667,39.830162],[141.980529,39.83007],[141.980439,39.830121],[141.980404,39.830187],[141.980129,39.830636],[141.979792,39.830686],[141.979355,39.830645],[141.979355,39.83087],[141.979442,39.831186],[141.97938,39.831495],[141.978817,39.83147],[141.97828,39.83162],[141.978105,39.831445],[141.978267,39.83082],[141.978242,39.83067],[141.97832,39.83064],[141.978416,39.830581],[141.978492,39.830478],[141.978542,39.830278],[141.978455,39.83012],[141.978317,39.830045],[141.978255,39.829728],[141.978267,39.829587],[141.978692,39.82887],[141.979117,39.828737],[141.979442,39.828562],[141.979605,39.828303],[141.979717,39.828245],[141.980117,39.828228],[141.980892,39.82832],[141.981204,39.828395],[141.981892,39.828762],[141.982229,39.828987],[141.983642,39.829637],[141.983829,39.829695],[141.984192,39.829687],[141.984529,39.829937],[141.984704,39.829978],[141.984886,39.830042],[141.985117,39.830128],[141.985504,39.83012],[141.985979,39.830045],[141.986254,39.829953],[141.986166,39.829703],[141.98598,39.829437],[141.985942,39.829195],[141.986117,39.828937],[141.986479,39.828195],[141.986866,39.827729],[141.987654,39.827237],[141.987979,39.826962],[141.988066,39.826837],[141.988016,39.826512],[141.987779,39.825879],[141.987716,39.825779],[141.987329,39.825521],[141.987129,39.825262],[141.987092,39.825146],[141.987117,39.824721],[141.987242,39.824554],[141.987467,39.824004],[141.987779,39.823687],[141.988341,39.823213],[141.988741,39.822979],[141.989279,39.822779],[141.989254,39.822596],[141.989029,39.822529],[141.988879,39.822388],[141.989491,39.822079],[141.989766,39.821779],[141.989916,39.821446],[141.989716,39.821329],[141.989666,39.821271],[141.989629,39.820954],[141.989791,39.820655],[141.989854,39.820621],[141.990316,39.820546],[141.990829,39.820488],[141.991229,39.82038],[141.991229,39.820188],[141.990116,39.819721],[141.989916,39.819571],[141.989629,39.819188],[141.989429,39.818738],[141.989304,39.818072],[141.989329,39.817863],[141.989504,39.817497],[141.989642,39.817355],[141.989679,39.817205],[141.989617,39.81703],[141.989517,39.81698],[141.989217,39.816988],[141.989092,39.816922],[141.988827,39.816713],[141.988529,39.816663],[141.988338,39.816663],[141.988004,39.816638],[141.987517,39.816338],[141.987292,39.81603],[141.987242,39.815722],[141.987467,39.81533],[141.987792,39.814855],[141.987817,39.814589],[141.987704,39.814505],[141.987592,39.814497],[141.987367,39.814397],[141.987029,39.81438],[141.986779,39.81448],[141.986617,39.814489],[141.986529,39.814422],[141.986254,39.81438],[141.985805,39.814364],[141.98548,39.814455],[141.985267,39.81443],[141.98508,39.814339],[141.985005,39.813989],[141.984967,39.813614],[141.984905,39.81348],[141.984792,39.813447],[141.984755,39.81363],[141.984767,39.81408],[141.98448,39.814055],[141.984205,39.813964],[141.983967,39.813814],[141.983805,39.81353],[141.98363,39.812947],[141.983617,39.812589],[141.98378,39.811847],[141.983967,39.811756],[141.98478,39.811497],[141.985205,39.811197],[141.985555,39.811022],[141.985592,39.810897],[141.985467,39.810756],[141.985392,39.810622],[141.985192,39.810406],[141.984855,39.810181],[141.984505,39.810031],[141.984255,39.809839],[141.984005,39.809447],[141.983905,39.809197],[141.98398,39.808914],[141.984055,39.808481],[141.983992,39.808256],[141.983705,39.807681],[141.98353,39.807148],[141.983318,39.806681],[141.983305,39.806514],[141.983455,39.806289],[141.983742,39.80629],[141.983842,39.80624],[141.983817,39.806056],[141.983755,39.80599],[141.983693,39.805773],[141.98373,39.805515],[141.984093,39.804815],[141.984205,39.804356],[141.983968,39.80424],[141.98373,39.80424],[141.98358,39.804165],[141.983355,39.803848],[141.983293,39.803631],[141.98343,39.803182],[141.983605,39.802915],[141.983697,39.802659],[141.983873,39.802358],[141.98408,39.80214],[141.98533,39.801198],[141.985518,39.801015],[141.98558,39.800907],[141.985305,39.800374],[141.984918,39.800082],[141.984961,39.799897],[141.985055,39.799799],[141.984993,39.799765],[141.984705,39.799924],[141.98453,39.79994],[141.98428,39.799807],[141.984155,39.799682],[141.98413,39.799482],[141.984193,39.79939],[141.98448,39.799349],[141.985455,39.799432],[141.986305,39.799565],[141.98668,39.79969],[141.987005,39.799649],[141.987267,39.799524],[141.987217,39.798749],[141.987405,39.798574],[141.987592,39.798574],[141.98778,39.798482],[141.988267,39.79799],[141.98858,39.797732],[141.988555,39.797632],[141.987905,39.797199],[141.987593,39.797016],[141.987268,39.796957],[141.98693,39.796957],[141.98658,39.796807],[141.98653,39.796649],[141.986718,39.796116],[141.98658,39.795732],[141.986305,39.795524],[141.985968,39.795374],[141.985843,39.795082],[141.986205,39.794091],[141.986355,39.793599],[141.986468,39.793024],[141.986555,39.792849],[141.986705,39.792733],[141.98673,39.792591],[141.98663,39.792449],[141.986343,39.792483],[141.986205,39.792308],[141.98623,39.792291],[141.986255,39.791966],[141.98598,39.791874],[141.985518,39.791791],[141.985243,39.791841],[141.98523,39.791783],[141.985293,39.791666],[141.985018,39.791633],[141.984756,39.791733],[141.984626,39.791755],[141.984431,39.791699],[141.984243,39.791483],[141.984243,39.791216],[141.984318,39.791016],[141.984493,39.790733],[141.984693,39.790008],[141.984868,39.789875],[141.984856,39.789508],[141.984618,39.789416],[141.983993,39.789408],[141.983793,39.789341],[141.983606,39.78915],[141.983531,39.788791],[141.983643,39.788566],[141.983718,39.7885],[141.983981,39.788383],[141.984581,39.788233],[141.985756,39.78785],[141.986143,39.78815],[141.986393,39.78825],[141.986518,39.78825],[141.986543,39.788192],[141.986481,39.788083],[141.986518,39.787892],[141.986881,39.787933],[141.986968,39.787592],[141.988805,39.787258],[141.98888,39.787183],[141.98888,39.787058],[141.98868,39.786975],[141.988543,39.786658],[141.988555,39.786517],[141.988718,39.7864],[141.988843,39.786258],[141.988955,39.786033],[141.98933,39.785809],[141.989605,39.785767],[141.98973,39.785709],[141.989943,39.785775],[141.990168,39.7859],[141.99033,39.78615],[141.990593,39.786208],[141.99098,39.786134],[141.991243,39.785975],[141.991205,39.78575],[141.990943,39.7855],[141.990618,39.78535],[141.990343,39.785167],[141.990305,39.785092],[141.990305,39.784509],[141.990243,39.784142],[141.99038,39.783975],[141.990668,39.78375],[141.991068,39.783609],[141.991343,39.783567],[141.991643,39.783384],[141.991905,39.783026],[141.99228,39.782251],[141.992393,39.782101],[141.992518,39.781742],[141.99248,39.781584],[141.99263,39.781376],[141.992855,39.781159],[141.992955,39.781101],[141.993218,39.781051],[141.993768,39.780826],[141.99433,39.780767],[141.994493,39.780542],[141.994943,39.779268],[141.995268,39.778668],[141.995493,39.778409],[141.996005,39.778043],[141.996415,39.777856],[141.996505,39.777843],[141.996668,39.777901],[141.997217,39.777959],[141.997792,39.778101],[141.998242,39.778184],[141.999905,39.778318],[142.000242,39.77831],[142.000855,39.778076],[142.00118,39.77801],[142.001442,39.777885],[142.001767,39.77766],[142.001855,39.777635],[142.002042,39.777701],[142.002167,39.777718],[142.002292,39.77766],[142.002267,39.777551],[142.002154,39.777426],[142.00188,39.777243],[142.001935,39.77706],[142.002062,39.776832],[142.002479,39.776976],[142.002742,39.776951],[142.002967,39.776901],[142.003104,39.776626],[142.003242,39.776468],[142.003392,39.77646],[142.003492,39.776393],[142.003492,39.776243],[142.003567,39.77611],[142.003742,39.776077],[142.004142,39.775893],[142.004242,39.775777],[142.004142,39.77556],[142.004024,39.775373],[142.00387,39.775128],[142.003954,39.775077],[142.003904,39.774943],[142.003704,39.77491],[142.003579,39.774977],[142.003329,39.774927],[142.003154,39.774835],[142.003129,39.774677],[142.003129,39.774485],[142.002942,39.774252],[142.002692,39.774285],[142.001805,39.77421],[142.001542,39.774227],[142.001305,39.774185],[142.000755,39.773952],[142.000505,39.773743],[142.000455,39.773343],[142.000267,39.773093],[142.000067,39.773135],[141.99993,39.773335],[141.999942,39.773518],[141.99988,39.773643],[141.99858,39.773468],[141.997893,39.773277],[141.997143,39.772968],[141.996918,39.772818],[141.996637,39.772506],[141.996415,39.772232],[141.996068,39.771802],[141.99583,39.771585],[141.995055,39.771144],[141.994805,39.770894],[141.994718,39.770735],[141.994468,39.77051],[141.993905,39.77026],[141.993318,39.769952],[141.993118,39.769794],[141.992343,39.769502],[141.991893,39.769244],[141.991381,39.768769],[141.990943,39.768294],[141.990481,39.767711],[141.990081,39.767477],[141.989856,39.767202],[141.989381,39.766344],[141.989293,39.766102],[141.989219,39.765703],[141.989081,39.765094],[141.989169,39.764761],[141.989006,39.764553],[141.988969,39.764361],[141.989006,39.763744],[141.989181,39.763561],[141.989631,39.763353],[141.989731,39.763261],[141.989756,39.763161],[141.989544,39.76312],[141.988819,39.76307],[141.988556,39.762761],[141.988281,39.761853],[141.988281,39.760995],[141.988319,39.76072],[141.988346,39.760267],[141.988344,39.759745],[141.988394,39.759362],[141.988644,39.758553],[141.988656,39.758395],[141.988669,39.758102],[141.988844,39.757912],[141.988906,39.757787],[141.988869,39.757587],[141.988781,39.757404],[141.988869,39.75682],[141.989044,39.756245],[141.989256,39.755804],[141.989556,39.755529],[141.989956,39.755245],[141.990255,39.754959],[141.990418,39.754725],[141.990537,39.754526],[141.990644,39.754321],[141.990944,39.753762],[141.991481,39.753237],[141.991706,39.753087],[141.991981,39.752979],[141.992418,39.752787],[141.992768,39.752646],[141.992993,39.752604],[141.993543,39.752354],[141.994118,39.751904],[141.994831,39.751479],[141.995468,39.751179],[141.996387,39.751004],[141.996568,39.750988],[141.997231,39.751163],[141.997493,39.751246],[141.997443,39.751746],[141.996868,39.751763],[141.996893,39.751988],[141.997843,39.751921],[141.997943,39.752096],[141.997893,39.752246],[141.99798,39.752421],[141.998027,39.752537],[141.998093,39.752679],[141.998255,39.752829],[141.99833,39.752913],[141.998706,39.752986],[141.999055,39.753021],[142.000093,39.753021],[142.00018,39.752929],[142.00018,39.752804],[141.999855,39.752613],[141.999505,39.752496],[141.999368,39.752304],[141.999343,39.752004],[141.999543,39.751729],[141.999805,39.751646],[142.00038,39.751563],[142.000993,39.751371],[142.001387,39.751351],[142.001743,39.751488],[142.002517,39.752113],[142.003167,39.752554],[142.003355,39.752596],[142.003467,39.752563],[142.003505,39.752496],[142.003392,39.751938],[142.00348,39.751813],[142.00363,39.751688],[142.003917,39.751754],[142.003955,39.751688],[142.00398,39.751529],[142.003905,39.751013],[142.003916,39.75087],[142.003917,39.750696],[142.003817,39.750588],[142.003605,39.750488],[142.003492,39.750496],[142.003217,39.750596],[142.002992,39.75023],[142.002793,39.750021],[142.00263,39.749971],[142.002593,39.74998],[142.00233,39.750296],[142.002243,39.750313],[142.00203,39.750305],[142.001555,39.750471],[142.000705,39.75063],[142.000418,39.750621],[142.00023,39.750521],[141.999993,39.75028],[141.999768,39.749988],[141.99968,39.749463],[142.000068,39.74943],[142.000243,39.749496],[142.000555,39.749538],[142.000718,39.749455],[142.000818,39.749271],[142.000805,39.749046],[142.00063,39.748896],[142.000268,39.748921],[142.000048,39.748922],[141.999655,39.74893],[141.999422,39.748988],[141.999208,39.749136],[141.998893,39.74918],[141.998566,39.749093],[141.997953,39.749019],[141.997181,39.748855],[141.996568,39.748688],[141.995956,39.748588],[141.995381,39.748505],[141.995131,39.748413],[141.994931,39.74828],[141.994793,39.747755],[141.994631,39.74758],[141.993993,39.747196],[141.993618,39.74713],[141.993281,39.747238],[141.993061,39.747367],[141.992819,39.747471],[141.992654,39.747467],[141.992544,39.747488],[141.992106,39.74758],[141.991769,39.747738],[141.991381,39.74763],[141.991006,39.747421],[141.990369,39.747021],[141.989631,39.746546],[141.989294,39.746297],[141.988794,39.745897],[141.988606,39.74558],[141.987757,39.744297],[141.987444,39.743688],[141.986982,39.742364],[141.986619,39.741839],[141.986457,39.740989],[141.986457,39.740764],[141.986669,39.739681],[141.986557,39.739522],[141.986007,39.739231],[141.986044,39.738731],[141.986182,39.738422],[141.986144,39.738122],[141.986032,39.738039],[141.985819,39.737947],[141.985157,39.737631],[141.983345,39.737114],[141.983282,39.737073],[141.983207,39.736848],[141.983282,39.736506],[141.983307,39.736031],[141.98342,39.735923],[141.983557,39.735648],[141.983782,39.735514],[141.984107,39.735406],[141.984495,39.734973],[141.984907,39.734881],[141.985294,39.734931],[141.985432,39.734864],[141.985457,39.734789],[141.984795,39.734323],[141.984707,39.734206],[141.984407,39.73414],[141.984195,39.734206],[141.983945,39.734348],[141.983332,39.734481],[141.98237,39.734389],[141.981607,39.734389],[141.981195,39.734373],[141.981195,39.734164],[141.981132,39.733965],[141.981307,39.73374],[141.981307,39.733648],[141.980857,39.733381],[141.980145,39.733248],[141.979795,39.733265],[141.979545,39.732748],[141.979383,39.732656],[141.979208,39.732615],[141.978933,39.732573],[141.97852,39.732615],[141.97842,39.732731],[141.97797,39.732748],[141.977945,39.732748],[141.97797,39.733406],[141.97792,39.733515],[141.97787,39.733831],[141.97767,39.734148],[141.977458,39.735098],[141.977458,39.735323],[141.977295,39.735406],[141.977158,39.735523],[141.976958,39.735481],[141.97657,39.735456],[141.976383,39.735523],[141.97547,39.735456],[141.975095,39.735389],[141.974895,39.735389],[141.97492,39.734714],[141.975033,39.734039],[141.97512,39.733273],[141.974758,39.733364],[141.974708,39.733406],[141.974733,39.733431],[141.974708,39.733589],[141.97462,39.733748],[141.974433,39.733764],[141.973908,39.733539],[141.973571,39.733298],[141.973083,39.732665],[141.972921,39.732281],[141.972671,39.731606],[141.972533,39.730865],[141.972083,39.730931],[141.971783,39.730506],[141.971708,39.73019],[141.971708,39.72974],[141.971783,39.729332],[141.971946,39.728815],[141.972221,39.728565],[141.972771,39.728382],[141.973321,39.727957],[141.973353,39.727837],[141.973346,39.72769],[141.973683,39.72784],[141.974146,39.727932],[141.974446,39.727865],[141.974333,39.727482],[141.974833,39.727598],[141.974996,39.727573],[141.975221,39.72739],[141.975296,39.727165],[141.975296,39.72694],[141.975983,39.726557],[141.97632,39.726599],[141.97667,39.726582],[141.97692,39.726374],[141.97717,39.726282],[141.97802,39.726199],[141.978295,39.726215],[141.978345,39.726399],[141.97857,39.72669],[141.978933,39.726824],[141.97917,39.726715],[141.979283,39.72669],[141.979758,39.726782],[141.979833,39.726707],[141.97997,39.726757],[141.98027,39.726824],[141.980633,39.726665],[141.980745,39.726665],[141.98107,39.726732],[141.981432,39.726982],[141.981595,39.726999],[141.982057,39.72684],[141.982195,39.726574],[141.982332,39.726665],[141.982832,39.726615],[141.98297,39.726482],[141.98302,39.726374],[141.98322,39.726299],[141.983357,39.726215],[141.983457,39.725915],[141.98357,39.725832],[141.983795,39.725832],[141.984345,39.725916],[141.984457,39.725899],[141.984507,39.725832],[141.984395,39.725674],[141.984145,39.725532],[141.983957,39.725332],[141.984345,39.724841],[141.98462,39.724816],[141.984757,39.724699],[141.984782,39.724566],[141.984582,39.724249],[141.984207,39.724141],[141.98417,39.724074],[141.984207,39.723891],[141.98442,39.723624],[141.98472,39.723307],[141.985195,39.723149],[141.98582,39.723216],[141.986157,39.723166],[141.986257,39.723099],[141.986395,39.723099],[141.986645,39.723258],[141.986807,39.723299],[141.987119,39.723524],[141.987194,39.723524],[141.987494,39.723616],[141.987807,39.723616],[141.987969,39.723549],[141.987969,39.723416],[141.987907,39.723324],[141.987494,39.723124],[141.987219,39.722941],[141.986982,39.722916],[141.98667,39.722766],[141.986482,39.722766],[141.986432,39.722783],[141.986257,39.722741],[141.986095,39.722608],[141.985932,39.722424],[141.98582,39.722358],[141.985657,39.722333],[141.98547,39.722358],[141.984995,39.722699],[141.98467,39.722633],[141.984532,39.722333],[141.984395,39.722108],[141.98447,39.721724],[141.98442,39.721616],[141.984195,39.721483],[141.984007,39.721299],[141.983782,39.720741],[141.984195,39.720649],[141.984257,39.720583],[141.984195,39.720491],[141.983982,39.720333],[141.98367,39.720174],[141.98332,39.719883],[141.983232,39.719766],[141.983482,39.719766],[141.983432,39.719683],[141.98302,39.7195],[141.98282,39.719208],[141.982657,39.718508],[141.982595,39.717791],[141.982408,39.717108],[141.982408,39.716866],[141.982595,39.716575],[141.982845,39.716258],[141.982895,39.716233],[141.983008,39.716233],[141.983307,39.715958],[141.983532,39.715942],[141.98367,39.715875],[141.98367,39.715575],[141.983857,39.715533],[141.98397,39.715442],[141.984357,39.715575],[141.98477,39.715667],[141.984932,39.715625],[141.984907,39.715508],[141.984932,39.715442],[141.98512,39.7154],[141.985182,39.71535],[141.985782,39.71515],[141.985807,39.715058],[141.985695,39.7149],[141.985282,39.714725],[141.985145,39.714608],[141.98537,39.714342],[141.985507,39.714267],[141.985595,39.714159],[141.985645,39.713959],[141.985807,39.713775],[141.986195,39.713734],[141.986332,39.713575],[141.986357,39.713392],[141.98627,39.713192],[141.986132,39.71305],[141.985645,39.712717],[141.98537,39.7117],[141.985395,39.711092],[141.98567,39.710126],[141.985807,39.710101],[141.985857,39.710217],[141.986195,39.710259],[141.986545,39.710234],[141.986732,39.710126],[141.986732,39.710034],[141.986595,39.709926],[141.986245,39.709967],[141.98627,39.709901],[141.98622,39.709809],[141.986132,39.709767],[141.985495,39.709701],[141.98547,39.709717],[141.985195,39.709701],[141.98492,39.709876],[141.984845,39.709876],[141.984732,39.709792],[141.984408,39.709701],[141.98427,39.709634],[141.984183,39.709342],[141.983983,39.709267],[141.983795,39.709251],[141.98357,39.709292],[141.983433,39.709159],[141.983245,39.709067],[141.983058,39.708909],[141.983058,39.708867],[141.98297,39.708776],[141.98292,39.708442],[141.982783,39.708167],[141.98272,39.708167],[141.982533,39.708259],[141.982445,39.708126],[141.982258,39.707967],[141.98212,39.707917],[141.981345,39.707468],[141.981133,39.707226],[141.981045,39.706976],[141.980658,39.706818],[141.980545,39.706818],[141.980108,39.706684],[141.979996,39.706501],[141.980683,39.706259],[141.980845,39.706143],[141.980795,39.705959],[141.980708,39.705943],[141.980545,39.705826],[141.98022,39.705718],[141.980108,39.705718],[141.979996,39.705784],[141.979883,39.705918],[141.979558,39.705893],[141.979446,39.705826],[141.979333,39.705693],[141.979258,39.705651],[141.979096,39.705718],[141.979008,39.705784],[141.978871,39.705809],[141.978621,39.706034],[141.978458,39.705984],[141.978296,39.706009],[141.978108,39.706076],[141.977971,39.706168],[141.977746,39.706351],[141.977146,39.706734],[141.976733,39.706592],[141.975796,39.706101],[141.975633,39.705968],[141.975521,39.705784],[141.975596,39.705559],[141.975271,39.705226],[141.974834,39.703893],[141.974796,39.703418],[141.974746,39.702951],[141.974746,39.70281],[141.974771,39.702726],[141.974746,39.702543],[141.974909,39.701893],[141.974746,39.701751],[141.974171,39.70191],[141.973996,39.70191],[141.973696,39.701801],[141.973559,39.701843],[141.973371,39.702001],[141.973259,39.701935],[141.972796,39.701801],[141.972821,39.701618],[141.972759,39.701551],[141.972571,39.70146],[141.972459,39.70146],[141.972346,39.701376],[141.972071,39.700993],[141.971934,39.700543],[141.971884,39.699593],[141.971959,39.699302],[141.972096,39.699035],[141.972571,39.698402],[141.972846,39.698127],[141.973334,39.697902],[141.973859,39.697743],[141.973771,39.697452],[141.973471,39.697477],[141.973334,39.697427],[141.972984,39.697068],[141.972709,39.696618],[141.972671,39.696444],[141.972834,39.695877],[141.972734,39.695652],[141.972372,39.695294],[141.972372,39.69491],[141.972509,39.694235],[141.972484,39.693919],[141.972122,39.693535],[141.971159,39.692902],[141.970584,39.692427],[141.970309,39.692319],[141.970384,39.692119],[141.970359,39.691961],[141.970309,39.691936],[141.970084,39.691686],[141.969872,39.691827],[141.969622,39.691711],[141.969259,39.691711],[141.969209,39.691736],[141.968634,39.691869],[141.968459,39.691802],[141.968247,39.691577],[141.968022,39.691036],[141.967972,39.691036],[141.967708,39.6911],[141.967585,39.690927],[141.967497,39.690927],[141.967285,39.691086],[141.967172,39.690836],[141.967085,39.690494],[141.96706,39.690002],[141.967222,39.689553],[141.967385,39.689328],[141.967722,39.689461],[141.967935,39.689503],[141.968135,39.689503],[141.968185,39.689486],[141.968047,39.689144],[141.96821,39.689186],[141.968572,39.689119],[141.968547,39.689028],[141.968449,39.688929],[141.96811,39.688603],[141.96805,39.688471],[141.96811,39.688178],[141.968185,39.688019],[141.968372,39.687794],[141.96876,39.687428],[141.968985,39.687294],[141.96926,39.687203],[141.969647,39.687253],[141.969947,39.687386],[141.969997,39.687386],[141.970022,39.687544],[141.970109,39.687611],[141.970772,39.687769],[141.971122,39.687786],[141.971397,39.687769],[141.971759,39.687786],[141.971922,39.687745],[141.972059,39.687628],[141.972034,39.68752],[141.972084,39.687403],[141.972284,39.68732],[141.972634,39.687245],[141.973159,39.687228],[141.973209,39.687245],[141.973622,39.68792],[141.973734,39.687995],[141.973872,39.687836],[141.974122,39.687761],[141.974746,39.687786],[141.974784,39.687761],[141.974471,39.687586],[141.974371,39.687428],[141.974559,39.687111],[141.974859,39.68682],[141.975196,39.686636],[141.975434,39.686661],[141.977084,39.68632],[141.977659,39.686411],[141.978071,39.686545],[141.978596,39.686745],[141.978546,39.687128],[141.978571,39.687311],[141.978684,39.687403],[141.978871,39.687495],[141.979034,39.68772],[141.979234,39.68787],[141.979421,39.687945],[141.979671,39.687961],[141.979696,39.68772],[141.979671,39.687511],[141.979696,39.687286],[141.979808,39.687111],[141.980021,39.686928],[141.980358,39.686812],[141.980608,39.686928],[141.980746,39.687328],[141.980908,39.687378],[141.981058,39.687087],[141.981258,39.687328],[141.981483,39.687328],[141.981733,39.687286],[141.982146,39.687195],[141.982308,39.687287],[141.982558,39.687711],[141.982971,39.688053],[141.983108,39.688028],[141.983183,39.687686],[141.983321,39.687936],[141.983496,39.687986],[141.983596,39.687961],[141.983633,39.687487],[141.983683,39.687378],[141.983846,39.687303],[141.984008,39.68767],[141.984121,39.687761],[141.984208,39.687761],[141.984283,39.68767],[141.984258,39.687103],[141.984146,39.687078],[141.984146,39.687062],[141.984283,39.687062],[141.98462,39.687128],[141.98497,39.687287],[141.985358,39.687395],[141.985445,39.687353],[141.985633,39.686878],[141.985658,39.686603],[141.985633,39.686337],[141.98522,39.685953],[141.985133,39.68582],[141.98522,39.685753],[141.98577,39.685662],[141.986158,39.685545],[141.986283,39.685437],[141.98637,39.685187],[141.986208,39.684987],[141.986345,39.684712],[141.98632,39.684604],[141.986208,39.684554],[141.985933,39.684629],[141.985908,39.684354],[141.986008,39.684245],[141.986095,39.684087],[141.986008,39.683704],[141.98612,39.683429],[141.986283,39.683387],[141.986308,39.683112],[141.986283,39.682845],[141.98612,39.682662],[141.985758,39.682579],[141.985595,39.682421],[141.985458,39.682371],[141.985347,39.682325],[141.985271,39.682212],[141.985271,39.682104],[141.985097,39.681922],[141.984833,39.681654],[141.984721,39.681496],[141.984496,39.681429],[141.983946,39.681362],[141.983646,39.681271],[141.983396,39.680771],[141.983371,39.680371],[141.983396,39.679762],[141.983558,39.679712],[141.983721,39.679604],[141.983833,39.679221],[141.983833,39.679063],[141.983783,39.679021],[141.983558,39.679038],[141.983446,39.678929],[141.983171,39.678946],[141.982846,39.678721],[141.982658,39.678679],[141.982521,39.678613],[141.982458,39.678496],[141.982458,39.678271],[141.982546,39.678071],[141.982296,39.678029],[141.982271,39.677938],[141.982208,39.677529],[141.982321,39.677421],[141.982371,39.677263],[141.982183,39.676829],[141.981771,39.676296],[141.981933,39.676205],[141.981933,39.676155],[141.981771,39.675955],[141.981633,39.676021],[141.981271,39.676071],[141.980896,39.675955],[141.980621,39.675688],[141.980646,39.675346],[141.980746,39.67503],[141.980746,39.67458],[141.980671,39.67413],[141.980696,39.673721],[141.980609,39.673655],[141.980284,39.673546],[141.980259,39.673571],[141.980034,39.673588],[141.979984,39.673388],[141.980059,39.67323],[141.980309,39.673072],[141.980421,39.673072],[141.980671,39.672963],[141.980534,39.672688],[141.980334,39.672713],[141.979846,39.672372],[141.977884,39.671747],[141.977697,39.671588],[141.977747,39.671455],[141.977534,39.671138],[141.977422,39.670938],[141.977259,39.670797],[141.977114,39.670797],[141.977059,39.670622],[141.976597,39.670597],[141.975909,39.669655],[141.975884,39.669672],[141.975747,39.669605],[141.975722,39.669505],[141.975522,39.669114],[141.975409,39.668772],[141.975009,39.668272],[141.974884,39.667997],[141.974872,39.667322],[141.974922,39.667056],[141.975222,39.666739],[141.975272,39.666447],[141.975259,39.666064],[141.975192,39.665882],[141.975134,39.665881],[141.974909,39.665881],[141.974734,39.665681],[141.975059,39.665231],[141.975134,39.664956],[141.975147,39.664214],[141.974947,39.664189],[141.974872,39.664056],[141.975022,39.663989],[141.974997,39.663923],[141.974722,39.663673],[141.97426,39.662923],[141.97411,39.662648],[141.97381,39.662848],[141.973385,39.662664],[141.97296,39.662414],[141.972885,39.662256],[141.973135,39.662081],[141.97321,39.661881],[141.97311,39.661806],[141.97271,39.661806],[141.97236,39.661981],[141.972135,39.662048],[141.97151,39.661889],[141.971235,39.66119],[141.97131,39.661073],[141.97151,39.660898],[141.971797,39.660781],[141.972272,39.660131],[141.972397,39.660048],[141.972485,39.659573],[141.972535,39.659506],[141.97286,39.659323],[141.97311,39.659331],[141.973285,39.659198],[141.97331,39.659056],[141.973185,39.658807],[141.973197,39.658473],[141.973097,39.658248],[141.973847,39.658232],[141.973997,39.658048],[141.974147,39.657782],[141.974347,39.657598],[141.97451,39.657357],[141.974485,39.657173],[141.973735,39.656399],[141.973535,39.656357],[141.973335,39.65649],[141.973185,39.656349],[141.973235,39.65604],[141.972972,39.655182],[141.972747,39.654999],[141.972697,39.654815],[141.972397,39.654674],[141.972072,39.654765],[141.971947,39.654765],[141.971597,39.654849],[141.970998,39.654874],[141.971148,39.654715],[141.971397,39.654532],[141.971447,39.654174],[141.971148,39.654124],[141.970298,39.654124],[141.970273,39.654007],[141.970298,39.653674],[141.97116,39.653607],[141.971135,39.653499],[141.97081,39.653266],[141.97041,39.653241],[141.970085,39.653199],[141.969985,39.653057],[141.96996,39.652632],[141.970285,39.652316],[141.970285,39.652141],[141.970373,39.651841],[141.970498,39.651732],[141.970873,39.651557],[141.971123,39.651374],[141.971448,39.651291],[141.971823,39.651332],[141.972247,39.651274],[141.972372,39.651591],[141.972672,39.651657],[141.972947,39.651482],[141.973222,39.651507],[141.97346,39.651549],[141.973572,39.651682],[141.973597,39.651999],[141.973847,39.652207],[141.974622,39.652257],[141.975747,39.652607],[141.976522,39.653199],[141.977572,39.653407],[141.979072,39.653374],[141.979497,39.653491],[141.979572,39.653532],[141.979722,39.653349],[141.979709,39.653082],[141.979884,39.652991],[141.980172,39.653532],[141.980272,39.653582],[141.980671,39.653632],[141.980696,39.653607],[141.980784,39.653316],[141.980459,39.653041],[141.980534,39.652841],[141.980909,39.652616],[141.981409,39.652533],[141.981909,39.652583],[141.981909,39.653049],[141.982059,39.653166],[141.982184,39.653057],[141.982334,39.652691],[141.982471,39.652399],[141.982596,39.652424],[141.983071,39.652408],[141.983121,39.652341],[141.982796,39.651883],[141.982871,39.651658],[141.982996,39.651683],[141.983196,39.651574],[141.983234,39.651299],[141.983359,39.651216],[141.984409,39.651041],[141.985109,39.651158],[141.985384,39.651049],[141.985559,39.651024],[141.985633,39.650933],[141.985596,39.650483],[141.985371,39.650458],[141.985121,39.65055],[141.984996,39.650391],[141.985046,39.650191],[141.984996,39.649875],[141.984796,39.649716],[141.984196,39.649841],[141.983434,39.650383],[141.982909,39.650599],[141.982634,39.651074],[141.982021,39.651541],[141.981446,39.651808],[141.980921,39.651874],[141.980034,39.652432],[141.979309,39.652766],[141.978909,39.653007],[141.978734,39.652899],[141.979284,39.652474],[141.979334,39.652016],[141.979234,39.651816],[141.979247,39.651391],[141.979747,39.650849],[141.979972,39.650741],[141.980534,39.650649],[141.980834,39.650699],[141.981034,39.650591],[141.981009,39.650541],[141.980334,39.650241],[141.980184,39.64975],[141.979984,39.64945],[141.979959,39.649341],[141.980072,39.649116],[141.980372,39.648983],[141.980797,39.6491],[141.981172,39.649258],[141.981721,39.649266],[141.982096,39.649041],[141.982196,39.648883],[141.982196,39.648816],[141.982021,39.648633],[141.980997,39.648441],[141.980897,39.648308],[141.980022,39.648191],[141.979747,39.648008],[141.979597,39.647758],[141.979534,39.647558],[141.979659,39.6472],[141.980034,39.647017],[141.980609,39.647042],[141.981284,39.647158],[141.981584,39.647142],[141.981684,39.646917],[141.982034,39.6471],[141.982509,39.647283],[141.982934,39.647267],[141.983296,39.64715],[141.983171,39.646817],[141.982571,39.64645],[141.982296,39.646133],[141.980809,39.645017],[141.980184,39.6447],[141.979259,39.6444],[141.978859,39.644167],[141.978534,39.644208],[141.978059,39.644117],[141.977685,39.644183],[141.977385,39.643817],[141.976985,39.64375],[141.976735,39.643975],[141.97666,39.643925],[141.976535,39.643725],[141.97656,39.643475],[141.976285,39.643359],[141.976085,39.643225],[141.97601,39.643225],[141.975935,39.643267],[141.975685,39.643225],[141.97551,39.643292],[141.97546,39.643284],[141.975435,39.6432],[141.975235,39.643175],[141.974835,39.643242],[141.974422,39.643392],[141.974397,39.64355],[141.974572,39.6438],[141.974347,39.644025],[141.97301,39.644958],[141.97276,39.645008],[141.97226,39.645183],[141.97191,39.645475],[141.971598,39.646325],[141.971398,39.646616],[141.970935,39.646775],[141.970385,39.646766],[141.96956,39.646558],[141.969385,39.646466],[141.967973,39.642375],[141.967911,39.641409],[141.97256,39.640042],[141.972185,39.639226],[141.970885,39.638384],[141.967473,39.639467],[141.964711,39.639784],[141.964399,39.638501],[141.963999,39.637909],[141.963686,39.637317],[141.965811,39.636993],[141.971348,39.635301],[141.97216,39.633976],[141.972135,39.633926],[141.971935,39.63381],[141.971885,39.633726],[141.965623,39.635684],[141.965624,39.633585],[141.968548,39.632568],[141.968661,39.630593],[141.970836,39.626969],[141.971448,39.625902],[141.971411,39.625577],[141.970561,39.625944],[141.969823,39.625927],[141.969736,39.625402],[141.969573,39.625394],[141.969661,39.623203],[141.966249,39.623161],[141.965286,39.623794],[141.965211,39.623778],[141.964686,39.623678],[141.964049,39.623836],[141.963749,39.623811],[141.963449,39.623653],[141.963312,39.623403],[141.963287,39.622678],[141.963437,39.622228],[141.963374,39.621844],[141.963912,39.62077],[141.964936,39.620845],[141.965699,39.618728],[141.965911,39.618612],[141.965986,39.61837],[141.965561,39.61807],[141.965162,39.61807],[141.964462,39.618062],[141.963987,39.617945],[141.963887,39.617812],[141.963737,39.617312],[141.963662,39.61677],[141.963724,39.616304],[141.963449,39.61582],[141.963199,39.615779],[141.963049,39.615795],[141.962449,39.615704],[141.962199,39.615479],[141.962124,39.61532],[141.962062,39.614712],[141.962187,39.614187],[141.962674,39.613112],[141.963137,39.612329],[141.963712,39.611787],[141.963812,39.611654],[141.963662,39.611521],[141.963512,39.611496],[141.963587,39.611312],[141.963612,39.611087],[141.963049,39.610838],[141.96295,39.610679],[141.96285,39.610629],[141.962275,39.610496],[141.962075,39.610538],[141.961875,39.610513],[141.9617,39.610288],[141.961525,39.610146],[141.961525,39.610013],[141.9616,39.609879],[141.961525,39.609813],[141.961225,39.609763],[141.96075,39.609921],[141.960225,39.609754],[141.9593,39.609213],[141.958238,39.608321],[141.957463,39.607638],[141.955575,39.60573],[141.955363,39.605413],[141.957413,39.604047],[141.955875,39.602647],[141.954063,39.603747],[141.949889,39.602205],[141.948914,39.602388],[141.948439,39.602255],[141.947989,39.601955],[141.947376,39.600822],[141.947301,39.600413],[141.947364,39.599988],[141.947189,39.599489],[141.946539,39.599172],[141.945889,39.59903],[141.945289,39.598847],[141.945064,39.598622],[141.944877,39.59778],[141.944827,39.597239],[141.944864,39.596455],[141.945014,39.595914],[141.945752,39.594606],[141.946439,39.593573],[141.946877,39.593039],[141.947252,39.592523],[141.947452,39.592006],[141.947489,39.591714],[141.947339,39.591373],[141.947114,39.591123],[141.947014,39.59074],[141.947102,39.589931],[141.947202,39.589856],[141.947777,39.58989],[141.948202,39.589848],[141.948764,39.588765],[141.949277,39.588165],[141.949827,39.58769],[141.951189,39.586732],[141.952064,39.586374],[141.952876,39.586099],[141.954039,39.585899],[141.954539,39.58584],[141.955901,39.585799],[141.957351,39.585807],[141.957964,39.58589],[141.958313,39.586082],[141.958476,39.586199],[141.958551,39.586307],[141.958776,39.586474],[141.959076,39.586632],[141.959151,39.586857],[141.959126,39.587215],[141.959351,39.587624],[141.959763,39.588374],[141.960163,39.588598],[141.960713,39.588965],[141.961088,39.589423],[141.961201,39.589873],[141.961026,39.590723],[141.961013,39.591065],[141.961138,39.59129],[141.962238,39.591573],[141.962738,39.591848],[141.962938,39.592048],[141.962888,39.59239],[141.962788,39.592656],[141.962725,39.592881],[141.96265,39.592923],[141.96225,39.592948],[141.9622,39.59299],[141.962175,39.593123],[141.963175,39.593473],[141.964025,39.593706],[141.964525,39.594065],[141.965137,39.595539],[141.965012,39.595989],[141.965275,39.596373],[141.96615,39.597081],[141.966425,39.597464],[141.96655,39.597714],[141.966987,39.597898],[141.967562,39.598306],[141.967787,39.598689],[141.967512,39.599347],[141.96765,39.599822],[141.968199,39.600547],[141.968299,39.600864],[141.968274,39.600931],[141.967962,39.60108],[141.967912,39.601355],[141.968312,39.601764],[141.968762,39.60208],[141.969587,39.60218],[141.970287,39.602455],[141.970512,39.602705],[141.970424,39.603447],[141.971199,39.604064],[141.971286,39.604672],[141.971236,39.604855],[141.971761,39.605488],[141.971736,39.605963],[141.972349,39.606622],[141.972774,39.606938],[141.972924,39.60698],[141.973499,39.606872],[141.974299,39.607238],[141.974874,39.60763],[141.975348,39.607655],[141.976073,39.607905],[141.975998,39.608113],[141.975623,39.608288],[141.975436,39.608421],[141.976111,39.60933],[141.976736,39.609788],[141.977323,39.610263],[141.977848,39.611121],[141.977888,39.611213],[141.976186,39.611679],[141.976873,39.611996],[141.976736,39.612104],[141.976711,39.612329],[141.976961,39.612538],[141.977136,39.612588],[141.977761,39.612654],[141.978026,39.612715],[141.97821,39.612729],[141.978785,39.612954],[141.978885,39.613138],[141.97921,39.613254],[141.97936,39.613346],[141.979198,39.613571],[141.979473,39.613704],[141.979635,39.613504],[141.97981,39.613413],[141.979898,39.613704],[141.980135,39.613729],[141.980448,39.614121],[141.980948,39.614412],[141.981448,39.614262],[141.982373,39.614379],[141.983422,39.614654],[141.984247,39.614937],[141.984422,39.615162],[141.984347,39.615454],[141.984372,39.615796],[141.984697,39.616062],[141.984785,39.616379],[141.98556,39.616679],[141.98596,39.617046],[141.987184,39.617887],[141.987559,39.618454],[141.987972,39.619629],[141.988384,39.620512],[141.988859,39.621012],[141.989159,39.621528],[141.989447,39.621803],[141.989896,39.622237],[141.990271,39.622895],[141.990821,39.623328],[141.991084,39.623845],[141.991434,39.62432],[141.991534,39.624636],[141.991509,39.62502],[141.991909,39.625228],[141.992121,39.625411],[141.992696,39.626311],[141.992771,39.626811],[141.993158,39.627178],[141.993883,39.627628],[141.994483,39.628378],[141.995446,39.629444],[141.995546,39.629894],[141.995846,39.630169],[141.995846,39.630236],[141.99602,39.630394],[141.99632,39.630486],[141.99642,39.630448],[141.99667,39.630561],[141.997058,39.630994],[141.997145,39.631394],[141.997258,39.631486],[141.997433,39.631736],[141.997708,39.631936],[141.997933,39.632227],[141.997883,39.632519],[141.997883,39.632927],[141.998145,39.632927],[141.998058,39.633086],[141.998233,39.633236],[141.998608,39.633352],[141.998933,39.633735],[141.99902,39.63391],[141.999345,39.634269],[141.999695,39.634569],[142.00037,39.634719],[142.000745,39.635152],[142.000807,39.635394],[142.000832,39.635477],[142.00057,39.635619],[142.000607,39.635752],[142.001182,39.636002],[142.001507,39.636044],[142.001945,39.63616],[142.002032,39.636943],[142.002532,39.63751],[142.00227,39.637668],[142.00227,39.637843],[142.003207,39.638185],[142.003269,39.638252],[142.003582,39.63836],[142.003644,39.638452],[142.003944,39.638493],[142.004082,39.63836],[142.004082,39.638293],[142.004194,39.638293],[142.005019,39.638785],[142.004819,39.639127],[142.004494,39.639485],[142.004644,39.639935],[142.004757,39.640118],[142.004732,39.640185],[142.004469,39.64036],[142.004094,39.640476],[142.004069,39.640743],[142.003919,39.640968],[142.004269,39.641126],[142.004469,39.641285],[142.004557,39.641243],[142.004969,39.641193],[142.005169,39.64126],[142.005344,39.641218],[142.006656,39.641393],[142.006781,39.641443],[142.006956,39.64191],[142.006869,39.642251],[142.006494,39.642476],[142.006406,39.642584],[142.006144,39.642809],[142.005731,39.643059],[142.005944,39.643218],[142.006081,39.643268],[142.006081,39.643468],[142.006169,39.643601],[142.006269,39.643626],[142.006469,39.643893],[142.006619,39.644251],[142.006969,39.644659],[142.007206,39.645018],[142.007319,39.645126],[142.007869,39.645309],[142.008569,39.645351],[142.008744,39.645401],[142.009181,39.645642],[142.009743,39.646134],[142.009631,39.646517],[142.009281,39.646634],[142.009244,39.646817],[142.009518,39.647042],[142.009693,39.647401],[142.009893,39.647734],[142.010106,39.647984],[142.010481,39.648159],[142.010893,39.648026],[142.011031,39.647867],[142.011381,39.647709],[142.011881,39.647959],[142.012406,39.648342],[142.012818,39.649017],[142.012881,39.649217],[142.013106,39.649442],[142.013143,39.649734],[142.013168,39.649825],[142.012968,39.650384],[142.012768,39.650409],[142.012906,39.650817],[142.012818,39.650975],[142.012993,39.651042],[142.013031,39.651425],[142.013181,39.651334],[142.013643,39.651692],[142.014018,39.6518],[142.014741,39.65193],[142.014781,39.651984],[142.014493,39.651934],[142.014431,39.651984],[142.014581,39.652475],[142.014693,39.652633],[142.01508,39.652725],[142.015241,39.652511],[142.015518,39.652633],[142.015605,39.652992],[142.015868,39.653283],[142.016068,39.653692],[142.015955,39.653692],[142.01578,39.6538],[142.015893,39.653983],[142.016243,39.654233],[142.01593,39.654725],[142.01593,39.654792],[142.016368,39.654833],[142.017093,39.654792],[142.017243,39.654833],[142.017246,39.654857],[142.016718,39.6549],[142.016105,39.655083],[142.01628,39.655375],[142.016143,39.655516],[142.016605,39.655758],[142.016805,39.655533],[142.01678,39.655441],[142.016843,39.655425],[142.017568,39.655575],[142.017743,39.655758],[142.018243,39.655891],[142.018293,39.655866],[142.01833,39.655708],[142.018418,39.655758],[142.018443,39.655691],[142.018418,39.655508],[142.018293,39.65555],[142.018205,39.655508],[142.01833,39.655467],[142.018318,39.655258],[142.01803,39.655033],[142.018355,39.654875],[142.018643,39.654925],[142.018668,39.654967],[142.018755,39.654992],[142.018993,39.655308],[142.019018,39.655392],[142.019455,39.65555],[142.019818,39.655617],[142.020068,39.655592],[142.020567,39.6558],[142.020867,39.655733],[142.021242,39.656],[142.02133,39.656025],[142.021705,39.65595],[142.021817,39.6555],[142.021705,39.655275],[142.021617,39.655233],[142.02168,39.655075],[142.0217,39.654977],[142.02173,39.654958],[142.021992,39.654875],[142.022255,39.654917],[142.022342,39.655008],[142.022867,39.655167],[142.022867,39.65525],[142.02278,39.655275],[142.022642,39.655433],[142.022555,39.6557],[142.022705,39.65615],[142.02288,39.656217],[142.023017,39.6562],[142.023455,39.656375],[142.023867,39.656442],[142.023492,39.656217],[142.023342,39.656042],[142.023517,39.656108],[142.024105,39.656242],[142.02468,39.656558],[142.024726,39.656376],[142.024767,39.656192],[142.024705,39.655883],[142.024305,39.6557],[142.024217,39.655592],[142.024417,39.655475],[142.024355,39.655292],[142.024505,39.65525],[142.025055,39.6555],[142.026017,39.655717],[142.026405,39.655358],[142.026455,39.655067],[142.026742,39.655017],[142.026805,39.654709],[142.026542,39.654592],[142.02648,39.6545],[142.026367,39.6541],[142.025842,39.65385],[142.02563,39.653942],[142.025342,39.653784],[142.025317,39.653742],[142.025405,39.653559],[142.025367,39.653359],[142.02528,39.653359],[142.025055,39.653292],[142.024992,39.653317],[142.024667,39.653809],[142.02458,39.653784],[142.024817,39.653292],[142.024792,39.653159],[142.02473,39.653134],[142.024617,39.65325],[142.024467,39.653292],[142.02423,39.653042],[142.023705,39.652975],[142.023592,39.652909],[142.02333,39.652934],[142.022892,39.652684],[142.022917,39.652442],[142.023005,39.652392],[142.023442,39.652325],[142.02368,39.652234],[142.023705,39.6519],[142.023667,39.651517],[142.023842,39.651534],[142.023905,39.651492],[142.02428,39.651534],[142.024317,39.651809],[142.02458,39.652034],[142.024755,39.65205],[142.025017,39.651942],[142.024805,39.651626],[142.025017,39.651626],[142.024867,39.651467],[142.024892,39.651267],[142.025005,39.651109],[142.025155,39.651042],[142.025217,39.651284],[142.025392,39.651401],[142.025655,39.651492],[142.025805,39.651467],[142.026005,39.651192],[142.025967,39.650926],[142.02653,39.651217],[142.026555,39.651176],[142.026405,39.650567],[142.02618,39.650476],[142.02608,39.650384],[142.025792,39.650209],[142.025617,39.650209],[142.025005,39.649934],[142.02498,39.649801],[142.024717,39.649667],[142.024717,39.649576],[142.024392,39.649334],[142.02433,39.649059],[142.024217,39.648993],[142.02418,39.648743],[142.02453,39.648701],[142.024567,39.648609],[142.024767,39.648451],[142.024942,39.648159],[142.024905,39.647909],[142.025642,39.648043],[142.02578,39.648001],[142.025867,39.648068],[142.026342,39.647776],[142.026392,39.647684],[142.026742,39.647726],[142.026892,39.647909],[142.027155,39.648001],[142.027442,39.647926],[142.027242,39.647326],[142.027242,39.647234],[142.027467,39.647101],[142.02773,39.647118],[142.027855,39.647093],[142.027817,39.646851],[142.02793,39.646576],[142.027992,39.64631],[142.027967,39.646218],[142.028055,39.646035],[142.027992,39.645701],[142.02793,39.645585],[142.027992,39.645426],[142.027467,39.645135],[142.027492,39.645026],[142.02763,39.644826],[142.027405,39.644776],[142.027317,39.644826],[142.027105,39.644693],[142.02693,39.644693],[142.026905,39.644735],[142.026673,39.644574],[142.026778,39.644491],[142.02653,39.644152],[142.026355,39.643968],[142.02583,39.643968],[142.02513,39.643727],[142.024892,39.643702],[142.024893,39.643658],[142.02513,39.64366],[142.025767,39.643543],[142.02623,39.643385],[142.026517,39.643452],[142.02693,39.643343],[142.02708,39.643335],[142.027255,39.643043],[142.027605,39.643002],[142.027946,39.643099],[142.027955,39.642977],[142.02798,39.64266],[142.027805,39.642593],[142.027305,39.642685],[142.02693,39.642577],[142.026755,39.642193],[142.026392,39.641835],[142.026105,39.641627],[142.026017,39.641627],[142.02578,39.64156],[142.025693,39.641385],[142.025343,39.641335],[142.025168,39.641452],[142.024905,39.641202],[142.025118,39.640844],[142.025405,39.640977],[142.025468,39.641044],[142.02573,39.641002],[142.02608,39.641002],[142.026367,39.640844],[142.026243,39.640569],[142.026393,39.640394],[142.026418,39.640052],[142.026305,39.64001],[142.026018,39.639969],[142.025805,39.639985],[142.02523,39.639919],[142.025305,39.639744],[142.02548,39.639677],[142.025455,39.639469],[142.025568,39.63931],[142.025655,39.639402],[142.02598,39.639519],[142.02653,39.639402],[142.026918,39.639286],[142.026946,39.639337],[142.02703,39.639286],[142.026943,39.638836],[142.02703,39.638186],[142.026968,39.638069],[142.026618,39.638027],[142.026643,39.637894],[142.026843,39.637894],[142.026968,39.637736],[142.027255,39.637444],[142.027405,39.637527],[142.02778,39.637486],[142.028655,39.637211],[142.028742,39.637103],[142.028617,39.636719],[142.02848,39.636653],[142.028392,39.636744],[142.028155,39.636836],[142.02798,39.636769],[142.027805,39.636519],[142.027718,39.636544],[142.027605,39.636653],[142.02728,39.636769],[142.027105,39.636478],[142.026843,39.636519],[142.026405,39.636519],[142.026205,39.636478],[142.025968,39.636703],[142.025818,39.636994],[142.025505,39.637036],[142.025355,39.636969],[142.025043,39.636994],[142.024893,39.636861],[142.024805,39.636636],[142.02463,39.636702],[142.024568,39.636611],[142.024155,39.636411],[142.023455,39.636394],[142.023105,39.636103],[142.02308,39.635578],[142.023168,39.635536],[142.02378,39.635511],[142.02418,39.635444],[142.024268,39.635378],[142.024243,39.635019],[142.024093,39.634811],[142.024093,39.634703],[142.02418,39.634769],[142.025493,39.634836],[142.025605,39.634853],[142.025868,39.634611],[142.025755,39.634428],[142.025143,39.634178],[142.025198,39.634139],[142.025693,39.634245],[142.026018,39.634203],[142.02598,39.63402],[142.025318,39.633686],[142.02558,39.633261],[142.026093,39.632811],[142.026218,39.632803],[142.02653,39.63267],[142.026655,39.632403],[142.026768,39.632403],[142.027293,39.632311],[142.027705,39.63247],[142.028043,39.632328],[142.02813,39.632195],[142.028243,39.631545],[142.028218,39.631387],[142.02798,39.631028],[142.027368,39.630753],[142.026643,39.630353],[142.025531,39.630128],[142.025356,39.630037],[142.024068,39.629887],[142.023701,39.62982],[142.022993,39.629778],[142.022618,39.629728],[142.022493,39.629462],[142.022643,39.629212],[142.022756,39.629187],[142.023318,39.629187],[142.023518,39.628987],[142.023167,39.628817],[142.023193,39.628762],[142.023218,39.628512],[142.023431,39.628354],[142.023981,39.628329],[142.024298,39.628241],[142.024356,39.628195],[142.024531,39.628354],[142.024706,39.628237],[142.024731,39.62817],[142.024531,39.628037],[142.024681,39.627929],[142.024993,39.628037],[142.025031,39.627945],[142.024968,39.627904],[142.025081,39.62777],[142.025056,39.627704],[142.024768,39.62777],[142.024706,39.62732],[142.024531,39.627229],[142.023968,39.627029],[142.024031,39.626979],[142.024731,39.62707],[142.024706,39.626979],[142.024443,39.626737],[142.024318,39.626512],[142.024056,39.626645],[142.023918,39.626395],[142.023643,39.626196],[142.022956,39.626329],[142.022631,39.626579],[142.022481,39.626512],[142.022218,39.626579],[142.021956,39.62642],[142.021668,39.62602],[142.021781,39.625521],[142.021931,39.625429],[142.022806,39.625479],[142.023068,39.625321],[142.023268,39.624937],[142.023381,39.624262],[142.023381,39.624037],[142.023606,39.623787],[142.023868,39.623762],[142.024281,39.624104],[142.024568,39.624079],[142.024631,39.623962],[142.024631,39.623563],[142.024106,39.623088],[142.023893,39.622838],[142.023869,39.622663],[142.023781,39.622613],[142.023744,39.622388],[142.024156,39.622413],[142.024131,39.622296],[142.023869,39.621871],[142.023681,39.621196],[142.023744,39.621154],[142.023894,39.621154],[142.024031,39.620705],[142.023969,39.620496],[142.023681,39.620321],[142.023461,39.620285],[142.023619,39.619963],[142.023944,39.62003],[142.024269,39.619913],[142.024406,39.61973],[142.024294,39.619371],[142.024206,39.619305],[142.023994,39.61933],[142.023969,39.619063],[142.024056,39.618988],[142.024256,39.618455],[142.024106,39.618405],[142.023881,39.618155],[142.023031,39.617913],[142.023056,39.617572],[142.023119,39.617463],[142.023381,39.617238],[142.023869,39.617397],[142.024431,39.617688],[142.024656,39.617505],[142.024981,39.617413],[142.024919,39.61728],[142.024519,39.617147],[142.024306,39.617147],[142.024369,39.617097],[142.025006,39.61708],[142.025044,39.617005],[142.024769,39.61683],[142.023994,39.616738],[142.023819,39.616738],[142.023406,39.616655],[142.023081,39.616513],[142.022706,39.616222],[142.022731,39.615913],[142.023056,39.61573],[142.023319,39.61568],[142.023744,39.615414],[142.023281,39.614939],[142.023194,39.614714],[142.023307,39.614089],[142.023969,39.613522],[142.024444,39.613205],[142.024794,39.613097],[142.024819,39.613139],[142.025194,39.61318],[142.025631,39.612956],[142.025981,39.613114],[142.026219,39.612931],[142.026569,39.613181],[142.026656,39.613722],[142.026944,39.613964],[142.027244,39.614105],[142.027531,39.614055],[142.027906,39.614214],[142.028031,39.614239],[142.028169,39.614014],[142.027944,39.613631],[142.027731,39.612797],[142.028344,39.613581],[142.028456,39.613489],[142.028581,39.612864],[142.029394,39.613289],[142.029681,39.613464],[142.030444,39.613647],[142.030469,39.613597],[142.030706,39.613689],[142.031056,39.614006],[142.031143,39.614006],[142.030993,39.613622],[142.030968,39.613214],[142.031031,39.613214],[142.031168,39.613372],[142.031231,39.613356],[142.031231,39.613281],[142.031143,39.613147],[142.030706,39.612747],[142.030644,39.612406],[142.030494,39.612389],[142.030494,39.612231],[142.030969,39.612297],[142.031019,39.612247],[142.030956,39.611956],[142.031169,39.611847],[142.031106,39.611639],[142.031344,39.611531],[142.031256,39.611256],[142.031244,39.610964],[142.031594,39.610314],[142.031681,39.610181],[142.032144,39.610173],[142.032531,39.610064],[142.032844,39.610289],[142.033318,39.610264],[142.033493,39.610173],[142.033256,39.609948],[142.034131,39.609764],[142.034281,39.609764],[142.034481,39.609631],[142.034356,39.609498],[142.033956,39.609273],[142.033431,39.609231],[142.032994,39.609114],[142.032869,39.609114],[142.032444,39.609389],[142.032206,39.609481],[142.031769,39.609256],[142.031681,39.609256],[142.031619,39.609098],[142.031381,39.608914],[142.031031,39.609006],[142.030694,39.609256],[142.030544,39.609231],[142.030569,39.609031],[142.030919,39.608714],[142.030831,39.608623],[142.030281,39.608423],[142.029981,39.608739],[142.029344,39.608989],[142.028381,39.608898],[142.028119,39.608739],[142.027794,39.608339],[142.027444,39.608206],[142.027132,39.608248],[142.026282,39.607623],[142.026132,39.607465],[142.025957,39.60704],[142.026069,39.60634],[142.026094,39.605823],[142.026069,39.605706],[142.025869,39.605531],[142.025744,39.605056],[142.025744,39.604315],[142.025794,39.604065],[142.02687,39.60154],[142.02782,39.600082],[142.027995,39.599924],[142.028632,39.599091],[142.028894,39.599157],[142.029219,39.59897],[142.030082,39.598566],[142.030319,39.598249],[142.031019,39.598066],[142.031544,39.598066],[142.032419,39.598199],[142.033144,39.598491],[142.033669,39.598516],[142.034107,39.598466],[142.034194,39.598424],[142.034344,39.598266],[142.034394,39.598107],[142.033607,39.597932],[142.032857,39.597458],[142.032644,39.597233],[142.032157,39.597033],[142.031532,39.596624],[142.031357,39.596558],[142.030832,39.596249],[142.030195,39.595616],[142.030045,39.595366],[142.02992,39.594449],[142.029957,39.5942],[142.03042,39.59355],[142.030645,39.593366],[142.030995,39.593275],[142.031057,39.593025],[142.030845,39.592891],[142.030532,39.5926],[142.03032,39.592491],[142.02977,39.592016],[142.029645,39.591566],[142.02942,39.591408],[142.029382,39.591208],[142.029557,39.590558],[142.02982,39.590058],[142.030345,39.5897],[142.030982,39.589383],[142.031907,39.589108],[142.032057,39.589042],[142.03212,39.588725],[142.031857,39.5885],[142.031732,39.588034],[142.030858,39.587467],[142.03092,39.587442],[142.030833,39.587309],[142.030483,39.587334],[142.029945,39.58695],[142.029683,39.586525],[142.029808,39.586342],[142.029833,39.586184],[142.02977,39.586134],[142.02972,39.585984],[142.030008,39.585667],[142.029983,39.585509],[142.029858,39.585351],[142.029633,39.585192],[142.029333,39.584926],[142.02922,39.584592],[142.029158,39.583984],[142.02937,39.583692],[142.02972,39.583492],[142.02977,39.583309],[142.02972,39.583067],[142.029745,39.582842],[142.029633,39.582684],[142.02937,39.582551],[142.029133,39.582326],[142.02867,39.581701],[142.027996,39.581226],[142.027358,39.580443],[142.027271,39.580243],[142.026896,39.579793],[142.026508,39.578985],[142.026396,39.578468],[142.026483,39.578268],[142.026708,39.57791],[142.027183,39.577643],[142.027621,39.57771],[142.028289,39.577901],[142.028521,39.57766],[142.028396,39.577393],[142.028433,39.577035],[142.028571,39.576768],[142.028674,39.576714],[142.028808,39.57686],[142.028896,39.577101],[142.029096,39.577285],[142.029508,39.577101],[142.029708,39.577085],[142.029821,39.576993],[142.029883,39.57681],[142.029796,39.576635],[142.029646,39.576518],[142.029396,39.576502],[142.028983,39.576568],[142.028833,39.576568],[142.028433,39.576002],[142.028833,39.575602],[142.029071,39.575285],[142.029208,39.575152],[142.029333,39.575202],[142.029596,39.575218],[142.029971,39.575043],[142.030321,39.57511],[142.030633,39.575135],[142.030783,39.57511],[142.031221,39.574952],[142.031458,39.574793],[142.031571,39.574618],[142.031721,39.57426],[142.031808,39.574143],[142.032033,39.57406],[142.032583,39.573944],[142.033058,39.573944],[142.034008,39.574152],[142.034045,39.574302],[142.033983,39.574593],[142.034008,39.574643],[142.034445,39.57471],[142.034945,39.574885],[142.03512,39.574977],[142.035183,39.575318],[142.035033,39.576543],[142.03477,39.576593],[142.034683,39.576885],[142.034683,39.577177],[142.03532,39.577485],[142.035358,39.577418],[142.035183,39.577043],[142.035208,39.577018],[142.035495,39.57711],[142.035645,39.577202],[142.035733,39.577443],[142.035933,39.57751],[142.036195,39.577493],[142.03602,39.577335],[142.035995,39.577243],[142.036145,39.577218],[142.036283,39.577285],[142.03637,39.577377],[142.03652,39.577443],[142.03672,39.577468],[142.036983,39.577402],[142.037008,39.57731],[142.036808,39.577018],[142.036833,39.576977],[142.037008,39.576993],[142.037008,39.576927],[142.036585,39.576536],[142.036608,39.576502],[142.036895,39.576727],[142.03762,39.576993],[142.038057,39.577068],[142.038345,39.577043],[142.038345,39.576952],[142.03817,39.576593],[142.03817,39.574619],[142.038258,39.574485],[142.03837,39.574394],[142.038258,39.573927],[142.038058,39.573885],[142.037683,39.573927],[142.037595,39.574019],[142.03742,39.574035],[142.037183,39.573994],[142.03707,39.573794],[142.036858,39.573677],[142.03677,39.573544],[142.03672,39.573094],[142.036508,39.572652],[142.036466,39.572555],[142.03672,39.572427],[142.037095,39.572494],[142.037508,39.572735],[142.037795,39.572827],[142.03782,39.572919],[142.03777,39.573077],[142.037795,39.57316],[142.037908,39.57321],[142.038145,39.573027],[142.03852,39.572919],[142.038783,39.572894],[142.038845,39.572919],[142.039158,39.573435],[142.039508,39.573752],[142.039795,39.57386],[142.040659,39.573966],[142.040845,39.573902],[142.042095,39.573502],[142.04222,39.573594],[142.042182,39.573702],[142.042395,39.57391],[142.042745,39.573885],[142.043057,39.573794],[142.043495,39.573552],[142.043645,39.573419],[142.04382,39.573127],[142.044107,39.572919],[142.04442,39.572902],[142.044507,39.572919],[142.04457,39.573302],[142.044945,39.573552],[142.045245,39.573594],[142.045445,39.573552],[142.045682,39.573419],[142.045857,39.573419],[142.046145,39.573619],[142.046519,39.57391],[142.046807,39.573977],[142.047569,39.574294],[142.047769,39.574269],[142.048057,39.574385],[142.048357,39.574452],[142.048494,39.574427],[142.048532,39.57436],[142.048707,39.57436],[142.049257,39.574402],[142.049344,39.574469],[142.048969,39.57461],[142.048994,39.574652],[142.049494,39.57481],[142.049632,39.574694],[142.049669,39.574719],[142.049919,39.574694],[142.050157,39.574585],[142.050357,39.57456],[142.050444,39.574402],[142.050394,39.574136],[142.050219,39.573752],[142.050132,39.573311],[142.050269,39.573169],[142.050419,39.573169],[142.050944,39.573486],[142.051407,39.573486],[142.051557,39.573127],[142.051757,39.573019],[142.051907,39.573111],[142.052019,39.573552],[142.051994,39.573894],[142.052044,39.574161],[142.052256,39.574452],[142.052519,39.574586],[142.052719,39.574586],[142.052781,39.574561],[142.052894,39.574386],[142.052831,39.574119],[142.052806,39.573511],[142.052857,39.573061],[142.053269,39.573402],[142.053356,39.573761],[142.053506,39.573986],[142.053469,39.574202],[142.053506,39.574427],[142.053681,39.574652],[142.053944,39.574677],[142.054431,39.574519],[142.054556,39.574769],[142.054869,39.574719],[142.055219,39.574719],[142.055831,39.574611],[142.056119,39.574677],[142.056381,39.574611],[142.057406,39.574252],[142.057406,39.574227],[142.057056,39.573786],[142.056906,39.573736],[142.056406,39.573494],[142.056356,39.573219],[142.055919,39.572819],[142.055969,39.572702],[142.056056,39.572661],[142.056381,39.572911],[142.056556,39.572952],[142.056906,39.572994],[142.057081,39.573202],[142.057169,39.573244],[142.057394,39.573202],[142.057631,39.573202],[142.057831,39.573269],[142.057869,39.573336],[142.058044,39.573427],[142.058094,39.573427],[142.058419,39.573152],[142.058419,39.572953],[142.058306,39.572819],[142.057631,39.572861],[142.057456,39.572711],[142.057519,39.572553],[142.057606,39.572486],[142.057919,39.572503],[142.058331,39.572369],[142.058444,39.572261],[142.058419,39.572036],[142.057831,39.571494],[142.057544,39.571361],[142.056781,39.571094],[142.056206,39.571136],[142.055906,39.570669],[142.055794,39.570603],[142.055856,39.570444],[142.056469,39.570353],[142.056756,39.570219],[142.057069,39.570219],[142.057194,39.570286],[142.057506,39.570603],[142.057744,39.570686],[142.058006,39.570736],[142.058156,39.570803],[142.058244,39.570894],[142.058469,39.570686],[142.058469,39.570603],[142.058181,39.570394],[142.058031,39.570394],[142.057719,39.570311],[142.057569,39.570019],[142.057419,39.569903],[142.057369,39.569795],[142.057506,39.569545],[142.057719,39.569595],[142.058031,39.569528],[142.057856,39.569186],[142.057631,39.569095],[142.057456,39.568945],[142.056981,39.568403],[142.056781,39.568378],[142.056344,39.568403],[142.055882,39.568495],[142.055707,39.56827],[142.055619,39.567995],[142.055844,39.567886],[142.055932,39.567686],[142.056282,39.567711],[142.056432,39.567436],[142.056519,39.56742],[142.056669,39.567278],[142.056407,39.567195],[142.056144,39.56717],[142.056082,39.567053],[142.056194,39.566811],[142.056319,39.566387],[142.056169,39.566112],[142.056569,39.565962],[142.056832,39.565803],[142.056982,39.565778],[142.057219,39.565895],[142.057269,39.565845],[142.057219,39.565645],[142.056957,39.565262],[142.057444,39.565487],[142.057744,39.565687],[142.058169,39.565553],[142.058469,39.565353],[142.058581,39.565195],[142.058669,39.564995],[142.058581,39.564887],[142.058644,39.564678],[142.058731,39.564637],[142.058844,39.564503],[142.058844,39.564145],[142.058669,39.564012],[142.058519,39.563829],[142.058494,39.563629],[142.058169,39.563229],[142.058169,39.563162],[142.058257,39.563137],[142.058457,39.563404],[142.058869,39.563812],[142.058932,39.563829],[142.059044,39.563787],[142.059069,39.563295],[142.058894,39.56287],[142.058432,39.562712],[142.058019,39.562795],[142.057419,39.562195],[142.057269,39.562129],[142.057207,39.562012],[142.057032,39.561904],[142.057007,39.561562],[142.057119,39.561095],[142.057357,39.560779],[142.057757,39.560554],[142.057907,39.560446],[142.058282,39.560404],[142.058569,39.560487],[142.058869,39.560604],[142.058869,39.560646],[142.059307,39.561137],[142.059657,39.561229],[142.059857,39.561429],[142.059969,39.561637],[142.060182,39.56177],[142.060381,39.56197],[142.060669,39.562012],[142.061044,39.562129],[142.061719,39.562287],[142.061956,39.56242],[142.062444,39.56242],[142.062881,39.562462],[142.063144,39.562379],[142.063319,39.562395],[142.063406,39.562379],[142.063806,39.562129],[142.063894,39.562154],[142.063894,39.56242],[142.063981,39.562554],[142.064544,39.562196],[142.064656,39.562245],[142.064769,39.562379],[142.064769,39.56262],[142.064544,39.562912],[142.064219,39.563229],[142.064244,39.56327],[142.064456,39.563387],[142.064569,39.563387],[142.064944,39.563137],[142.065506,39.563387],[142.065593,39.563362],[142.065756,39.563162],[142.065881,39.56287],[142.065731,39.562554],[142.065819,39.562287],[142.065994,39.562246],[142.066343,39.562487],[142.066581,39.562779],[142.066718,39.562845],[142.067481,39.562629],[142.067881,39.562379],[142.067993,39.562046],[142.067943,39.561504],[142.068143,39.561121],[142.068493,39.561054],[142.068606,39.560971],[142.068643,39.560854],[142.068431,39.560812],[142.068056,39.560679],[142.068806,39.560496],[142.068956,39.560404],[142.068981,39.560179],[142.068806,39.560071],[142.069068,39.560004],[142.069281,39.559846],[142.069218,39.559646],[142.069106,39.559529],[142.068781,39.559446],[142.069393,39.559313],[142.069593,39.559246],[142.069793,39.559104],[142.069793,39.558679],[142.069743,39.558613],[142.069706,39.558479],[142.069531,39.558163],[142.069306,39.558096],[142.069058,39.558112],[142.068894,39.558146],[142.068406,39.558096],[142.068544,39.557896],[142.068781,39.557696],[142.068894,39.557646],[142.068869,39.557538],[142.068656,39.557446],[142.068606,39.557313],[142.068456,39.557179],[142.068631,39.557088],[142.068919,39.557154],[142.069156,39.557113],[142.069244,39.557071],[142.069269,39.556929],[142.068981,39.556688],[142.068869,39.55653],[142.068519,39.556305],[142.068481,39.556213],[142.068281,39.556263],[142.067694,39.556188],[142.068281,39.555788],[142.068456,39.555721],[142.068831,39.555471],[142.068944,39.554963],[142.068919,39.55478],[142.069156,39.554621],[142.069244,39.554688],[142.069419,39.554738],[142.069931,39.55438],[142.070019,39.55438],[142.070056,39.554221],[142.070019,39.554063],[142.069731,39.553955],[142.069356,39.55388],[142.069031,39.553955],[142.068419,39.554288],[142.068244,39.554221],[142.067981,39.553905],[142.067956,39.553655],[142.067806,39.553413],[142.067894,39.553255],[142.068306,39.553188],[142.068681,39.552938],[142.068769,39.552988],[142.068944,39.553188],[142.069206,39.553322],[142.069319,39.553322],[142.069844,39.553213],[142.070019,39.553122],[142.070056,39.55308],[142.069819,39.55263],[142.069556,39.552363],[142.069006,39.551997],[142.069006,39.55173],[142.069231,39.551213],[142.069294,39.551197],[142.069644,39.551463],[142.069819,39.551488],[142.069581,39.550697],[142.069494,39.550564],[142.069669,39.55043],[142.069869,39.550414],[142.069956,39.550297],[142.069906,39.550255],[142.069819,39.550072],[142.070106,39.549872],[142.070044,39.549739],[142.069806,39.549672],[142.070019,39.549489],[142.070481,39.549264],[142.070656,39.549222],[142.070681,39.549064],[142.070594,39.548864],[142.070044,39.548814],[142.069869,39.548439],[142.069669,39.548305],[142.069432,39.548014],[142.069319,39.54758],[142.069494,39.547114],[142.069432,39.546847],[142.069257,39.546556],[142.069107,39.546106],[142.069257,39.546131],[142.069319,39.546172],[142.069744,39.546714],[142.069869,39.547181],[142.069844,39.547297],[142.069869,39.547672],[142.069932,39.547855],[142.070394,39.548055],[142.070681,39.548097],[142.071181,39.548189],[142.071906,39.548439],[142.072169,39.548305],[142.072369,39.548056],[142.072431,39.547814],[142.072394,39.547564],[142.072219,39.547114],[142.07216,39.547012],[142.072419,39.546847],[142.072456,39.546664],[142.072281,39.546397],[142.071644,39.545814],[142.071732,39.545614],[142.071869,39.545547],[142.072019,39.545522],[142.071982,39.545322],[142.071582,39.544764],[142.071344,39.544606],[142.070994,39.544423],[142.070857,39.544198],[142.070644,39.544039],[142.070157,39.543798],[142.069832,39.543823],[142.069457,39.543973],[142.069293,39.543598],[142.069769,39.543598],[142.069832,39.543531],[142.069894,39.543239],[142.069857,39.543189],[142.069394,39.542831],[142.069244,39.542564],[142.069282,39.542514],[142.069507,39.542431],[142.070182,39.542448],[142.070469,39.542406],[142.070732,39.542206],[142.070794,39.542048],[142.070557,39.541889],[142.070357,39.541914],[142.070007,39.542273],[142.069369,39.542248],[142.069219,39.542298],[142.069019,39.542273],[142.068957,39.542156],[142.069132,39.542048],[142.069369,39.541981],[142.069719,39.541648],[142.069707,39.541598],[142.069482,39.541556],[142.069507,39.541398],[142.069594,39.541281],[142.069682,39.541015],[142.069507,39.540748],[142.069395,39.540706],[142.069132,39.540681],[142.068607,39.540923],[142.068545,39.540656],[142.068582,39.540615],[142.06837,39.540456],[142.06802,39.540256],[142.067907,39.540231],[142.067717,39.540335],[142.067557,39.540456],[142.06742,39.540389],[142.067007,39.540389],[142.066482,39.540681],[142.066195,39.540589],[142.065732,39.540656],[142.065582,39.540631],[142.065645,39.540473],[142.065932,39.540298],[142.066045,39.540098],[142.066545,39.539715],[142.066595,39.539598],[142.066457,39.539465],[142.066545,39.539223],[142.066682,39.539106],[142.06672,39.53904],[142.066632,39.53884],[142.06657,39.538798],[142.065695,39.538323],[142.065608,39.538231],[142.065695,39.538123],[142.06642,39.538081],[142.066857,39.538006],[142.067007,39.53794],[142.067032,39.53779],[142.066745,39.537631],[142.066445,39.537581],[142.065895,39.537581],[142.06607,39.537406],[142.065808,39.537315],[142.065195,39.537315],[142.065145,39.53729],[142.06537,39.537048],[142.06537,39.53689],[142.065258,39.536706],[142.064645,39.536307],[142.064708,39.536173],[142.064795,39.536148],[142.06517,39.536148],[142.065258,39.53619],[142.065808,39.536107],[142.065783,39.535973],[142.065583,39.535923],[142.06537,39.535765],[142.065108,39.535632],[142.06502,39.53554],[142.065083,39.535473],[142.06532,39.535365],[142.065483,39.535007],[142.065483,39.53474],[142.065745,39.534532],[142.065833,39.534107],[142.065783,39.533973],[142.065745,39.533748],[142.065433,39.533415],[142.064958,39.533298],[142.064758,39.53359],[142.064645,39.533657],[142.064583,39.533948],[142.06447,39.534132],[142.064558,39.534332],[142.06432,39.53474],[142.064145,39.534757],[142.064208,39.534307],[142.064008,39.534015],[142.063796,39.533907],[142.063108,39.534065],[142.063108,39.533973],[142.063283,39.533707],[142.063196,39.533548],[142.063046,39.533498],[142.062546,39.533523],[142.062258,39.533573],[142.061858,39.533482],[142.061621,39.533657],[142.061383,39.533948],[142.061271,39.533748],[142.061096,39.53364],[142.060858,39.533657],[142.060258,39.533907],[142.059996,39.533907],[142.059821,39.53404],[142.059758,39.53399],[142.059671,39.533548],[142.059608,39.533523],[142.059183,39.533698],[142.058708,39.533773],[142.058446,39.533723],[142.058421,39.53359],[142.058684,39.53334],[142.058859,39.533032],[142.058859,39.532757],[142.058946,39.532465],[142.058921,39.532248],[142.058771,39.532132],[142.058421,39.532248],[142.058271,39.531973],[142.058046,39.531932],[142.057634,39.532065],[142.057634,39.532357],[142.057521,39.532532],[142.057259,39.532515],[142.056734,39.532315],[142.056534,39.532157],[142.055571,39.532848],[142.055371,39.532557],[142.055021,39.53249],[142.055171,39.532357],[142.054609,39.532173],[142.054671,39.53204],[142.054646,39.531973],[142.054234,39.531948],[142.054034,39.53204],[142.053684,39.532307],[142.053571,39.532465],[142.053396,39.532823],[142.053134,39.532982],[142.052809,39.53309],[142.052546,39.533073],[142.052259,39.532873],[142.052021,39.532623],[142.051884,39.53229],[142.052409,39.53204],[142.052547,39.531907],[142.052872,39.531415],[142.053072,39.531232],[142.054559,39.530832],[142.054784,39.530873],[142.055134,39.530857],[142.055246,39.530765],[142.054959,39.530632],[142.054721,39.530607],[142.054634,39.53054],[142.054521,39.53034],[142.054296,39.530182],[142.053797,39.53009],[142.053559,39.530115],[142.052434,39.529999],[142.052347,39.52984],[142.052372,39.529799],[142.052634,39.52969],[142.053034,39.529599],[142.053272,39.529465],[142.053247,39.529282],[142.053597,39.52899],[142.054059,39.528724],[142.054347,39.528657],[142.054759,39.528832],[142.055397,39.529015],[142.055746,39.529082],[142.056096,39.529057],[142.056234,39.52899],[142.055747,39.528615],[142.055747,39.528565],[142.055922,39.528474],[142.055922,39.528232],[142.055972,39.528207],[142.056434,39.52839],[142.056871,39.528474],[142.057109,39.528324],[142.057021,39.52819],[142.057046,39.52814],[142.057396,39.528207],[142.057509,39.527982],[142.057634,39.527915],[142.057921,39.527582],[142.058096,39.527449],[142.058096,39.527332],[142.058209,39.527182],[142.058646,39.527182],[142.059321,39.527266],[142.059284,39.527182],[142.059036,39.527145],[142.058821,39.526999],[142.058996,39.526907],[142.059284,39.526891],[142.059259,39.526732],[142.059059,39.526682],[142.058884,39.526482],[142.058996,39.526391],[142.059371,39.526324],[142.059634,39.526374],[142.059696,39.526307],[142.059571,39.526174],[142.059521,39.526016],[142.059634,39.525966],[142.059984,39.525966],[142.060096,39.526016],[142.060596,39.526016],[142.060946,39.526057],[142.061209,39.526124],[142.061409,39.526041],[142.061521,39.526041],[142.061959,39.526174],[142.062013,39.526199],[142.062221,39.526082],[142.062284,39.526016],[142.062246,39.525766],[142.061546,39.525233],[142.061459,39.525049],[142.061584,39.524916],[142.061459,39.524783],[142.061109,39.524691],[142.060821,39.524583],[142.060559,39.524308],[142.060621,39.524108],[142.060496,39.523974],[142.060121,39.524041],[142.059859,39.523999],[142.059809,39.523841],[142.058897,39.523233],[142.058784,39.523124],[142.058722,39.522674],[142.058559,39.522449],[142.058122,39.522333],[142.057534,39.522316],[142.057272,39.522383],[142.057009,39.522249],[142.056897,39.522133],[142.057097,39.522066],[142.057134,39.521933],[142.056484,39.521799],[142.056347,39.521733],[142.055734,39.521816],[142.055034,39.522066],[142.054859,39.522158],[142.054722,39.522399],[142.054422,39.523049],[142.054422,39.523299],[142.054197,39.523299],[142.054197,39.523408],[142.054372,39.523791],[142.054347,39.524016],[142.054134,39.524124],[142.053872,39.524108],[142.053647,39.524191],[142.053647,39.524399],[142.053272,39.524532],[142.053234,39.524507],[142.053059,39.524532],[142.052684,39.524641],[142.052509,39.524799],[142.052572,39.525091],[142.052047,39.525224],[142.051809,39.525182],[142.051722,39.525382],[142.051847,39.525582],[142.051297,39.525607],[142.051192,39.525665],[142.050772,39.525766],[142.050272,39.525807],[142.050209,39.525849],[142.050184,39.526191],[142.050097,39.526416],[142.049434,39.527015],[142.049259,39.527282],[142.048847,39.527757],[142.048384,39.528182],[142.048034,39.528607],[142.047922,39.528807],[142.047609,39.529015],[142.047022,39.529548],[142.046697,39.529773],[142.046559,39.529998],[142.046122,39.53024],[142.045772,39.530223],[142.04551,39.530465],[142.044847,39.530957],[142.044385,39.53114],[142.043947,39.53114],[142.042372,39.531007],[142.04156,39.530757],[142.041322,39.530532],[142.041097,39.530398],[142.040797,39.530373],[142.04046,39.530557],[142.039935,39.530665],[142.03956,39.530782],[142.039297,39.530823],[142.038447,39.53114],[142.03816,39.531181],[142.037697,39.53109],[142.037398,39.530998],[142.035573,39.530082],[142.035285,39.529973],[142.035135,39.530123],[142.03426,39.529748],[142.034154,39.529772],[142.034035,39.529698],[142.033335,39.529232],[142.033423,39.528957],[142.033248,39.528757],[142.033273,39.528373],[142.03321,39.528082],[142.032923,39.527457],[142.032748,39.527207],[142.032661,39.526715],[142.032336,39.526407],[142.032286,39.526049],[142.032269,39.525922],[142.032336,39.525824],[142.032461,39.525465],[142.031961,39.525082],[142.031523,39.524882],[142.031211,39.52479],[142.030861,39.52474],[142.030311,39.524499],[142.030223,39.524365],[142.030273,39.524207],[142.030336,39.524165],[142.030248,39.52394],[142.030211,39.52369],[142.030048,39.523465],[142.029573,39.523132],[142.029436,39.523132],[142.029286,39.523066],[142.029198,39.522907],[142.029111,39.522032],[142.029223,39.521699],[142.029773,39.521224],[142.030298,39.520866],[142.030536,39.520774],[142.030736,39.520574],[142.030998,39.520441],[142.031286,39.520216],[142.031811,39.520016],[142.031986,39.519591],[142.031961,39.519408],[142.031436,39.519008],[142.031373,39.518916],[142.031198,39.518808],[142.030623,39.518716],[142.030648,39.518583],[142.030623,39.518424],[142.030674,39.517974],[142.030886,39.517749],[142.030824,39.517658],[142.030236,39.517441],[142.030099,39.517258],[142.030099,39.517058],[142.030361,39.5171],[142.030499,39.517033],[142.030449,39.516833],[142.030299,39.516766],[142.030186,39.516766],[142.030036,39.5167],[142.029661,39.516316],[142.029574,39.516158],[142.029661,39.515758],[142.029536,39.515558],[142.029661,39.515216],[142.029749,39.515083],[142.029799,39.515058],[142.029886,39.5147],[142.029774,39.514233],[142.029574,39.513917],[142.029161,39.51365],[142.029249,39.513425],[142.029511,39.513425],[142.029624,39.513317],[142.029624,39.513042],[142.029536,39.512642],[142.029186,39.512392],[142.029336,39.512058],[142.029274,39.511858],[142.028899,39.511475],[142.028611,39.510984],[142.028489,39.510759],[142.028349,39.510575],[142.028024,39.510217],[142.027937,39.510017],[142.028049,39.509909],[142.028199,39.509859],[142.028786,39.509884],[142.029011,39.510017],[142.029386,39.510017],[142.029274,39.509684],[142.029036,39.509275],[142.028899,39.508759],[142.028724,39.508559],[142.028687,39.508425],[142.028549,39.508225],[142.028574,39.508067],[142.028549,39.507934],[142.028262,39.507976],[142.028199,39.508026],[142.028199,39.508109],[142.028049,39.508267],[142.027674,39.508559],[142.027474,39.508675],[142.027437,39.508134],[142.027349,39.507959],[142.026662,39.508067],[142.026487,39.508025],[142.026362,39.507659],[142.025962,39.507709],[142.025762,39.507684],[142.025762,39.507509],[142.025412,39.507367],[142.025237,39.507192],[142.025149,39.506926],[142.025237,39.506651],[142.025787,39.506609],[142.026099,39.506434],[142.026274,39.506209],[142.026424,39.506142],[142.026687,39.506142],[142.026887,39.506092],[142.026912,39.505959],[142.026749,39.505709],[142.026362,39.505492],[142.026224,39.505201],[142.026074,39.505017],[142.025874,39.504926],[142.025749,39.505042],[142.025699,39.505042],[142.025462,39.504817],[142.025458,39.504746],[142.025574,39.504684],[142.025787,39.504476],[142.025699,39.504193],[142.025524,39.504209],[142.025349,39.504276],[142.025199,39.504501],[142.025087,39.504501],[142.024712,39.504009],[142.024537,39.503626],[142.024362,39.503534],[142.024212,39.503534],[142.023812,39.503468],[142.023775,39.503293],[142.023687,39.503001],[142.023675,39.502859],[142.023625,39.502634],[142.0234,39.502543],[142.023125,39.502634],[142.023,39.502793],[142.0229,39.502859],[142.022787,39.502976],[142.022675,39.503001],[142.022525,39.502859],[142.0221,39.502668],[142.021975,39.502443],[142.02175,39.502259],[142.021625,39.502284],[142.021275,39.502234],[142.020825,39.502101],[142.02025,39.502118],[142.019975,39.502068],[142.0199,39.501976],[142.019875,39.501734],[142.019975,39.501509],[142.020512,39.501151],[142.020737,39.500926],[142.020937,39.500518],[142.020925,39.500068],[142.02125,39.499976],[142.021175,39.499801],[142.020825,39.499726],[142.020575,39.499843],[142.02005,39.49966],[142.01995,39.499226],[142.019675,39.499226],[142.019225,39.499401],[142.018875,39.499443],[142.018625,39.499601],[142.018575,39.49971],[142.018488,39.500026],[142.018588,39.500393],[142.018488,39.500476],[142.018088,39.500568],[142.017588,39.500584],[142.01735,39.500809],[142.0172,39.501259],[142.017025,39.501443],[142.016825,39.501351],[142.016425,39.500959],[142.016325,39.500943],[142.0161,39.501001],[142.015875,39.500934],[142.01575,39.500976],[142.0155,39.500934],[142.015319,39.50094],[142.015125,39.500951],[142.014775,39.500976],[142.014125,39.501151],[142.013896,39.501244],[142.013688,39.501326],[142.013413,39.501484],[142.013213,39.501643],[142.012888,39.501684],[142.012613,39.501526],[142.012388,39.501609],[142.012088,39.501568],[142.011813,39.501584],[142.011563,39.501651],[142.011238,39.501509],[142.011013,39.501376],[142.010688,39.500926],[142.010563,39.500518],[142.010522,39.50019],[142.010551,39.499993],[142.010601,39.499768],[142.010826,39.499776],[142.011076,39.499726],[142.011201,39.499418],[142.011963,39.498768],[142.012413,39.498276],[142.012526,39.498026],[142.012626,39.497935],[142.012651,39.497685],[142.012476,39.497685],[142.012101,39.497618],[142.012076,39.49766],[142.011876,39.497635],[142.011851,39.497318],[142.011501,39.497051],[142.011276,39.497026],[142.011126,39.496776],[142.010851,39.496818],[142.010651,39.496793],[142.010801,39.49646],[142.010676,39.496318],[142.010426,39.496343],[142.010176,39.496268],[142.010001,39.49616],[142.009464,39.495477],[142.009239,39.494868],[142.009239,39.494735],[142.009401,39.494235],[142.009576,39.493785],[142.009651,39.493452],[142.009489,39.493085],[142.009433,39.492929],[142.009389,39.49281],[142.009314,39.492569],[142.009439,39.492502],[142.009514,39.492227],[142.009326,39.491819],[142.009151,39.49166],[142.009226,39.491569],[142.009551,39.491302],[142.009889,39.490535],[142.010064,39.490519],[142.010239,39.490677],[142.010439,39.490677],[142.010614,39.490519],[142.010689,39.490569],[142.010939,39.490527],[142.010989,39.490302],[142.011189,39.490277],[142.011289,39.490094],[142.011276,39.489736],[142.011101,39.489619],[142.010801,39.489711],[142.010726,39.489711],[142.010439,39.489869],[142.009964,39.489927],[142.009789,39.489702],[142.009876,39.489477],[142.009726,39.489319],[142.009601,39.489094],[142.009626,39.488594],[142.009476,39.488277],[142.009464,39.488036],[142.009639,39.487669],[142.010139,39.487111],[142.010326,39.486977],[142.010576,39.486644],[142.010551,39.486394],[142.010776,39.485878],[142.010814,39.485653],[142.010789,39.485378],[142.010814,39.485219],[142.010914,39.485203],[142.010989,39.485044],[142.010814,39.484886],[142.010839,39.484611],[142.010664,39.484494],[142.010652,39.484386],[142.010727,39.484203],[142.010802,39.484161],[142.011001,39.483819],[142.011297,39.483702],[142.011351,39.483603],[142.011251,39.483553],[142.011176,39.483353],[142.010977,39.483278],[142.011039,39.483053],[142.011089,39.483053],[142.011264,39.482945],[142.011164,39.482761],[142.011139,39.48247],[142.011164,39.48227],[142.011402,39.48182],[142.011527,39.481636],[142.011452,39.48137],[142.011302,39.481278],[142.011377,39.481003],[142.011327,39.480737],[142.011589,39.480553],[142.011589,39.480378],[142.011339,39.48017],[142.011414,39.480078],[142.011789,39.480103],[142.012139,39.480045],[142.012264,39.479928],[142.012239,39.479728],[142.011839,39.47952],[142.011652,39.47927],[142.011652,39.479003],[142.011427,39.478412],[142.011252,39.478187],[142.010627,39.47807],[142.010652,39.47802],[142.011139,39.47782],[142.011214,39.477595],[142.011089,39.477487],[142.010539,39.477145],[142.011064,39.476804],[142.010827,39.476537],[142.010677,39.476445],[142.009827,39.476212],[142.009202,39.476137],[142.008902,39.475954],[142.008702,39.475704],[142.008552,39.475729],[142.008339,39.475979],[142.008414,39.476245],[142.008614,39.47652],[142.008339,39.476695],[142.007964,39.477104],[142.007452,39.47737],[142.007177,39.477595],[142.006727,39.477862],[142.00654,39.478562],[142.006315,39.478828],[142.00604,39.479053],[142.005877,39.47932],[142.005702,39.479412],[142.005477,39.479453],[142.005002,39.479337],[142.004627,39.479128],[142.004002,39.47922],[142.003427,39.479078],[142.003159,39.479004],[142.002627,39.478803],[142.002427,39.478778],[142.002352,39.478803],[142.002077,39.478712],[142.001802,39.47882],[142.001727,39.478978],[142.001302,39.479087],[142.000927,39.479087],[142.00049,39.479328],[141.999665,39.479861],[141.999165,39.480111],[141.998428,39.480603],[141.998078,39.480911],[141.997803,39.48107],[141.996328,39.481353],[141.996128,39.481445],[141.995753,39.481719],[141.994828,39.482278],[141.994678,39.482394],[141.994103,39.482686],[141.993903,39.482753],[141.992828,39.483386],[141.99239,39.483544],[141.991378,39.483769],[141.990241,39.483552],[141.989103,39.483261],[141.988378,39.482927],[141.988108,39.482846],[141.987741,39.482728],[141.986841,39.482661],[141.986366,39.482552],[141.986078,39.482436],[141.985816,39.482236],[141.985353,39.482169],[141.985266,39.482128],[141.984916,39.481678],[141.98453,39.481429],[141.984353,39.481228],[141.984028,39.480694],[141.984141,39.480561],[141.984141,39.480444],[141.983741,39.480536],[141.981304,39.480453],[141.979991,39.481219],[141.979741,39.481419],[141.979804,39.482002],[141.980004,39.482002],[141.980029,39.482427],[141.978729,39.482594],[141.977766,39.482636],[141.977766,39.482686],[141.977066,39.482636],[141.977104,39.482502],[141.977191,39.482502],[141.977679,39.482344],[141.977741,39.482302],[141.977704,39.482169],[141.976741,39.482077],[141.975841,39.482036],[141.974329,39.481686],[141.973779,39.481686],[141.973817,39.481994],[141.975241,39.482327],[141.975266,39.482602],[141.974254,39.482577],[141.973754,39.482427],[141.973729,39.482269],[141.973142,39.482152],[141.972879,39.482044],[141.972292,39.481711],[141.971767,39.481461],[141.971542,39.481311],[141.971417,39.481152],[141.970579,39.480677],[141.969967,39.480394],[141.969579,39.480144],[141.969317,39.480302],[141.969029,39.480077],[141.968742,39.479994],[141.96833,39.479769],[141.968266,39.479721],[141.968442,39.479544],[141.968505,39.479519],[141.968467,39.479427],[141.967742,39.478627],[141.967655,39.478602],[141.967542,39.478627],[141.967005,39.477928],[141.96658,39.478069],[141.966342,39.477594],[141.96608,39.477328],[141.965867,39.476944],[141.96563,39.476944],[141.965255,39.476994],[141.965055,39.477128],[141.965055,39.477169],[141.96488,39.477261],[141.964568,39.477194],[141.962293,39.476578],[141.961762,39.476348],[141.960768,39.475836],[141.96043,39.475769],[141.960343,39.475794],[141.960255,39.475886],[141.959468,39.475794],[141.959031,39.475844],[141.958706,39.475936],[141.958281,39.475953],[141.957581,39.475753],[141.956618,39.475353],[141.956143,39.475111],[141.955856,39.474861],[141.955506,39.474328],[141.955464,39.474221],[141.955381,39.474011],[141.954794,39.472869],[141.954556,39.472236],[141.954706,39.472153],[141.954619,39.471861],[141.954581,39.471728],[141.954431,39.471278],[141.954194,39.470286],[141.954169,39.469953],[141.955156,39.469886],[141.955131,39.470195],[141.955194,39.470803],[141.955269,39.470828],[141.955394,39.470803],[141.955402,39.470703],[141.955419,39.470536],[141.955406,39.469278],[141.955319,39.468337],[141.954994,39.468353],[141.954994,39.468495],[141.955056,39.468562],[141.955119,39.469636],[141.954219,39.469686],[141.954106,39.469661],[141.953956,39.46867],[141.953856,39.467687],[141.953731,39.466787],[141.953731,39.466612],[141.953756,39.46607],[141.954194,39.466045],[141.954519,39.46607],[141.954569,39.466045],[141.955581,39.464004],[141.956406,39.462162],[141.956581,39.461887],[141.956494,39.461821],[141.956319,39.461779],[141.956431,39.461487],[141.956656,39.461104],[141.956806,39.461129],[141.957594,39.461346],[141.958781,39.461679],[141.957731,39.464179],[141.957644,39.464404],[141.957756,39.46447],[141.957931,39.464487],[141.959156,39.461571],[141.957006,39.460946],[141.957356,39.460254],[141.958919,39.459796],[141.959181,39.460288],[141.961243,39.459788],[141.961093,39.459363],[141.961093,39.459254],[141.961356,39.459163],[141.961606,39.458913],[141.961781,39.458421],[141.961718,39.458155],[141.961493,39.458038],[141.961318,39.458038],[141.960818,39.458113],[141.960294,39.458113],[141.960181,39.458088],[141.959919,39.457955],[141.959681,39.457621],[141.959394,39.457488],[141.959219,39.457463],[141.958956,39.457463],[141.958606,39.457646],[141.958294,39.457738],[141.957944,39.457713],[141.957856,39.457738],[141.957681,39.45758],[141.957094,39.456888],[141.957406,39.456663],[141.957794,39.456438],[141.959781,39.455305],[141.960194,39.454972],[141.960394,39.45488],[141.960531,39.454905],[141.960919,39.455038],[141.961181,39.454947],[141.961319,39.455038],[141.961556,39.45508],[141.961668,39.454988],[141.961931,39.454963],[141.962068,39.454513],[141.962043,39.454288],[141.961606,39.454205],[141.961806,39.453197],[141.962206,39.453238],[141.962443,39.452697],[141.962606,39.452005],[141.962581,39.451864],[141.962369,39.451797],[141.9623,39.451779],[141.962994,39.449847],[141.963693,39.449239],[141.964381,39.448522],[141.964793,39.448181],[141.965368,39.447981],[141.966031,39.447864],[141.966881,39.447814],[141.967693,39.447839],[141.967981,39.448356],[141.968506,39.448414],[141.968768,39.448556],[141.968956,39.448997],[141.969156,39.449247],[141.969393,39.449272],[141.96973,39.449356],[141.969793,39.449514],[141.969943,39.449697],[141.970055,39.449672],[141.970293,39.449514],[141.970518,39.449447],[141.97133,39.448931],[141.971418,39.448839],[141.971355,39.448523],[141.971555,39.448048],[141.971755,39.447823],[141.971643,39.447606],[141.971643,39.447331],[141.971818,39.447156],[141.971893,39.446798],[141.971893,39.446389],[141.972418,39.445781],[141.97243,39.445156],[141.972205,39.445065],[141.97203,39.445065],[141.971905,39.444865],[141.971993,39.444456],[141.972168,39.44419],[141.972368,39.443965],[141.972518,39.443631],[141.972855,39.443181],[141.972768,39.442932],[141.972793,39.442682],[141.972818,39.44219],[141.972668,39.441873],[141.972731,39.441432],[141.972843,39.441157],[141.973306,39.440507],[141.973506,39.440323],[141.97423,39.439899],[141.975305,39.439515],[141.97658,39.43924],[141.97808,39.439124],[141.978755,39.439165],[141.979255,39.439257],[141.979805,39.439299],[141.97978,39.440107],[141.980043,39.440374],[141.98063,39.440799],[141.981355,39.441432],[141.981592,39.44154],[141.982267,39.441965],[141.982467,39.442165],[141.982405,39.442432],[141.98253,39.442723],[141.98288,39.44304],[141.982992,39.443265],[141.983005,39.443648],[141.983292,39.44394],[141.984055,39.444923],[141.98443,39.445215],[141.984467,39.44544],[141.98453,39.445506],[141.985392,39.445773],[141.986104,39.44669],[141.986417,39.446848],[141.986567,39.446981],[141.986654,39.447381],[141.986579,39.447606],[141.986254,39.44774],[141.986192,39.447815],[141.986317,39.447923],[141.986404,39.447948],[141.986492,39.448464],[141.986904,39.448823],[141.987192,39.448889],[141.987829,39.448748],[141.987942,39.44859],[141.988029,39.448348],[141.988379,39.448298],[141.988667,39.448231],[141.988754,39.448165],[141.989142,39.448431],[141.989142,39.448473],[141.988967,39.448548],[141.988842,39.448631],[141.988817,39.448723],[141.989092,39.449398],[141.989029,39.449489],[141.988767,39.449714],[141.988717,39.449798],[141.988804,39.450073],[141.988917,39.450231],[141.988979,39.450473],[141.989179,39.450656],[141.989392,39.450589],[141.989442,39.450514],[141.989854,39.450406],[141.990142,39.450406],[141.990192,39.450381],[141.990579,39.450114],[141.991791,39.450239],[141.992204,39.450398],[141.992179,39.450648],[141.992229,39.450873],[141.992466,39.451114],[141.992616,39.451139],[141.993166,39.451139],[141.993516,39.451314],[141.993929,39.451581],[141.994066,39.451606],[141.994566,39.451781],[141.994766,39.451939],[141.994716,39.452456],[141.994741,39.452573],[141.994954,39.452548],[141.995216,39.452414],[141.995504,39.452206],[141.995954,39.451556],[141.995991,39.451289],[141.996154,39.450923],[141.996354,39.450748],[141.996427,39.450652],[141.997091,39.450314],[141.998229,39.449623],[141.998404,39.449398],[141.998629,39.44924],[141.999016,39.44879],[141.999241,39.44859],[141.999991,39.448231],[142.000266,39.448056],[142.000454,39.447831],[142.000703,39.447606],[142.001103,39.44709],[142.001503,39.447323],[142.001678,39.447048],[142.002316,39.446357],[142.002041,39.446173],[142.002291,39.445815],[142.002603,39.445523],[142.002778,39.445548],[142.002928,39.445498],[142.003128,39.445507],[142.003928,39.445757],[142.004003,39.445782],[142.003978,39.445823],[142.004078,39.445873],[142.004228,39.445598],[142.004553,39.445198],[142.004678,39.44524],[142.004578,39.446057],[142.004628,39.446082],[142.004466,39.44684],[142.004416,39.446865],[142.004316,39.446998],[142.004178,39.447857],[142.004203,39.447907],[142.004128,39.448106],[142.003753,39.448556],[142.003566,39.448865],[142.003341,39.449156],[142.003266,39.449565],[142.003028,39.450131],[142.003303,39.450923],[142.003078,39.450965],[142.003141,39.451506],[142.003041,39.452114],[142.002966,39.452139],[142.002666,39.452089],[142.002453,39.452581],[142.002478,39.452606],[142.002803,39.452631],[142.003103,39.452748],[142.003278,39.453448],[142.003291,39.453781],[142.003166,39.454439],[142.002991,39.454531],[142.002916,39.454522],[142.002941,39.454731],[142.002853,39.455139],[142.002878,39.455297],[142.002828,39.455881],[142.002853,39.456014],[142.002978,39.456222],[142.003303,39.456331],[142.00359,39.456764],[142.003865,39.457422],[142.004153,39.458464],[142.004353,39.45878],[142.004353,39.458847],[142.004803,39.459139],[142.005115,39.45953],[142.005215,39.459864],[142.00549,39.460205],[142.005715,39.460455],[142.005815,39.460664],[142.006165,39.460939],[142.006315,39.461005],[142.006578,39.461297],[142.006828,39.461439],[142.007477,39.462138],[142.008102,39.462572],[142.008615,39.463347],[142.008765,39.463505],[142.00894,39.463888],[142.008952,39.464405],[142.008827,39.464947],[142.008877,39.464988],[142.009927,39.465338],[142.010552,39.46543],[142.011077,39.465663],[142.011427,39.466071],[142.011777,39.466255],[142.011815,39.466596],[142.012164,39.46698],[142.012239,39.467163],[142.012614,39.467363],[142.012664,39.467455],[142.013039,39.467546],[142.013214,39.467413],[142.013789,39.467371],[142.013939,39.46758],[142.013939,39.467621],[142.014114,39.467763],[142.014539,39.46783],[142.014664,39.46783],[142.015214,39.467996],[142.015514,39.468196],[142.015664,39.468338],[142.016114,39.468605],[142.016327,39.46888],[142.016452,39.469038],[142.016777,39.469263],[142.016952,39.469355],[142.017176,39.469563],[142.017176,39.469654],[142.017376,39.469904],[142.017701,39.470104],[142.017801,39.470129],[142.018151,39.470088],[142.018401,39.470271],[142.018726,39.470254],[142.019201,39.470438],[142.019251,39.470438],[142.019476,39.470596],[142.019726,39.470596],[142.019851,39.470821],[142.020151,39.470979],[142.020626,39.470938],[142.020901,39.470988],[142.021226,39.471263],[142.021108,39.471369],[142.021189,39.471438],[142.021439,39.471621],[142.021464,39.471688],[142.022039,39.472104],[142.022289,39.472238],[142.022464,39.472288],[142.022788,39.472446],[142.023488,39.472429],[142.023963,39.472496],[142.024263,39.472613],[142.024388,39.472863],[142.024588,39.472979],[142.024963,39.473046],[142.025138,39.473179],[142.025238,39.473204],[142.025413,39.473121],[142.025688,39.473146],[142.025963,39.473304],[142.026138,39.473438],[142.025863,39.473704],[142.025651,39.474087],[142.025676,39.474362],[142.025651,39.474604],[142.025726,39.474971],[142.025863,39.475237],[142.026138,39.475604],[142.026263,39.475629],[142.026588,39.475562],[142.026913,39.475679],[142.027438,39.475612],[142.027713,39.475679],[142.027813,39.475821],[142.027938,39.475887],[142.027963,39.475862],[142.028163,39.475937],[142.028263,39.475937],[142.028513,39.476296],[142.028438,39.476362],[142.028388,39.476571],[142.028391,39.476667],[142.028088,39.476629],[142.027763,39.476629],[142.027763,39.476696],[142.027913,39.476929],[142.028125,39.477087],[142.0284,39.477196],[142.028988,39.477087],[142.029413,39.477046],[142.029663,39.477096],[142.029963,39.477212],[142.030513,39.477554],[142.030913,39.477712],[142.0312,39.478012],[142.031525,39.478237],[142.031687,39.478422],[142.03165,39.478462],[142.031575,39.478595],[142.031675,39.478645],[142.03185,39.478579],[142.0319,39.478604],[142.031825,39.47867],[142.031975,39.478804],[142.032,39.478895],[142.032225,39.479054],[142.032325,39.479095],[142.032475,39.479462],[142.032412,39.479637],[142.032437,39.479779],[142.032687,39.480162],[142.033237,39.480595],[142.033212,39.480912],[142.03385,39.481229],[142.033941,39.48128],[142.033875,39.481437],[142.0345,39.482045],[142.034625,39.482095],[142.03475,39.482203],[142.03485,39.482478],[142.034975,39.48252],[142.034975,39.48282],[142.035412,39.482978],[142.035537,39.483095],[142.035487,39.483162],[142.035487,39.48327],[142.035787,39.48352],[142.035962,39.483545],[142.036337,39.483462],[142.036587,39.483328],[142.036774,39.483303],[142.036674,39.483028],[142.036375,39.482778],[142.0363,39.482445],[142.036375,39.482353],[142.03695,39.482204],[142.037124,39.482204],[142.037412,39.482087],[142.037737,39.48202],[142.038037,39.482004],[142.038387,39.481937],[142.038437,39.482004],[142.038612,39.482029],[142.038902,39.481974],[142.038837,39.48187],[142.038962,39.481829],[142.039087,39.48167],[142.039037,39.48147],[142.039212,39.481312],[142.040033,39.481578],[142.040062,39.481837],[142.040187,39.48202],[142.040112,39.482245],[142.040537,39.482454],[142.040612,39.48277],[142.040937,39.482862],[142.041012,39.482954],[142.041087,39.48297],[142.041262,39.482929],[142.041262,39.482887],[142.041512,39.482912],[142.041712,39.48307],[142.041737,39.483154],[142.041887,39.48332],[142.042687,39.483162],[142.043037,39.483012],[142.043162,39.482829],[142.043786,39.482695],[142.044186,39.482654],[142.044374,39.482612],[142.044386,39.482704],[142.044536,39.482837],[142.044761,39.48282],[142.044824,39.482679],[142.045049,39.482637],[142.045024,39.482754],[142.045111,39.482937],[142.045311,39.483029],[142.045749,39.482687],[142.045974,39.482737],[142.046074,39.482712],[142.046349,39.482579],[142.046399,39.482579],[142.046799,39.48227],[142.046874,39.482287],[142.047424,39.482295],[142.047674,39.482229],[142.048036,39.482187],[142.048436,39.482212],[142.048611,39.48237],[142.048724,39.482937],[142.048749,39.483004],[142.048999,39.483212],[142.049099,39.483504],[142.049174,39.483504],[142.049348,39.483954],[142.049648,39.484004],[142.049711,39.484095],[142.049811,39.48432],[142.050011,39.484412],[142.050236,39.48457],[142.050286,39.484754],[142.050561,39.484729],[142.050761,39.48457],[142.051461,39.484645],[142.051698,39.48447],[142.051873,39.484195],[142.052023,39.484045],[142.051948,39.483795],[142.051873,39.483745],[142.051598,39.483704],[142.051598,39.483629],[142.051773,39.483387],[142.051573,39.48327],[142.051486,39.483154],[142.051611,39.482937],[142.051961,39.482845],[142.051936,39.482687],[142.051736,39.482529],[142.051586,39.482479],[142.051586,39.48232],[142.051361,39.482212],[142.051236,39.481962],[142.051048,39.481687],[142.051448,39.481396],[142.051598,39.481354],[142.051723,39.481221],[142.051573,39.481087],[142.051498,39.481062],[142.051248,39.481079],[142.050823,39.481412],[142.050748,39.481121],[142.050574,39.480962],[142.050324,39.481029],[142.050024,39.480646],[142.049824,39.480554],[142.049549,39.480704],[142.049374,39.480321],[142.049449,39.480254],[142.049211,39.479804],[142.049411,39.479646],[142.049786,39.479496],[142.049986,39.479354],[142.049986,39.479271],[142.049786,39.479154],[142.050224,39.478612],[142.050424,39.478662],[142.050674,39.478796],[142.050949,39.478646],[142.051049,39.478396],[142.050849,39.478329],[142.050599,39.478304],[142.050449,39.478213],[142.050449,39.477871],[142.050774,39.477713],[142.051286,39.477538],[142.051436,39.477379],[142.051611,39.477271],[142.051786,39.477071],[142.051936,39.477096],[142.052211,39.477279],[142.052736,39.477188],[142.052736,39.477146],[142.052536,39.476988],[142.052536,39.476938],[142.052686,39.476846],[142.052973,39.476404],[142.052974,39.476221],[142.052874,39.47613],[142.052699,39.476238],[142.052649,39.476221],[142.052649,39.476104],[142.052749,39.475996],[142.052874,39.475788],[142.052674,39.475613],[142.052936,39.475096],[142.052986,39.474663],[142.052799,39.474606],[142.053111,39.474188],[142.053286,39.474146],[142.053499,39.474171],[142.053811,39.474421],[142.053936,39.474605],[142.053911,39.474855],[142.054061,39.475596],[142.054123,39.47578],[142.054498,39.475846],[142.054673,39.475963],[142.054723,39.475913],[142.054761,39.475446],[142.054936,39.475196],[142.054911,39.47493],[142.054961,39.474771],[142.055223,39.474546],[142.055398,39.474455],[142.05549,39.474381],[142.055648,39.474346],[142.056173,39.474121],[142.056798,39.47408],[142.056948,39.473947],[142.056848,39.473763],[142.056861,39.473655],[142.056661,39.473563],[142.056761,39.473472],[142.056811,39.473313],[142.056986,39.47323],[142.057011,39.473047],[142.057236,39.47298],[142.057286,39.472797],[142.057336,39.472797],[142.057461,39.47273],[142.057861,39.472963],[142.058161,39.473122],[142.058486,39.473172],[142.058611,39.473147],[142.058861,39.472972],[142.058923,39.47283],[142.059523,39.47288],[142.059598,39.472838],[142.059598,39.472772],[142.059398,39.472455],[142.059123,39.472247],[142.059048,39.472272],[142.058523,39.472247],[142.058473,39.472197],[142.058523,39.471972],[142.058373,39.471863],[142.058148,39.471772],[142.058173,39.471722],[142.058123,39.471522],[142.058873,39.471547],[142.059148,39.471638],[142.059323,39.471797],[142.059698,39.471805],[142.059886,39.471755],[142.059911,39.471714],[142.059836,39.471505],[142.060286,39.47158],[142.060511,39.471714],[142.060835,39.471805],[142.06111,39.471764],[142.061385,39.471564],[142.061485,39.47143],[142.06146,39.471314],[142.06126,39.471272],[142.060985,39.470955],[142.060711,39.470955],[142.060561,39.470772],[142.060486,39.470772],[142.060136,39.470564],[142.059661,39.470447],[142.059536,39.47033],[142.058986,39.470305],[142.058873,39.470105],[142.059498,39.469814],[142.059648,39.469639],[142.059723,39.46948],[142.060023,39.469455],[142.060123,39.469347],[142.059973,39.469122],[142.060061,39.468939],[142.060286,39.468781],[142.060361,39.468581],[142.060161,39.468422],[142.060011,39.468197],[142.059786,39.468189],[142.059586,39.468306],[142.059211,39.468097],[142.058886,39.468097],[142.058586,39.467956],[142.058636,39.467889],[142.058986,39.467756],[142.058986,39.467647],[142.058686,39.467464],[142.058311,39.467531],[142.058186,39.467347],[142.058211,39.467256],[142.057948,39.466756],[142.057858,39.466632],[142.058523,39.466356],[142.059023,39.466272],[142.059148,39.466314],[142.059473,39.466322],[142.059598,39.466297],[142.059461,39.466047],[142.058861,39.465747],[142.058786,39.465797],[142.058511,39.465747],[142.058236,39.465589],[142.058186,39.465364],[142.057986,39.465273],[142.058661,39.464956],[142.058936,39.464714],[142.058973,39.464648],[142.058873,39.464556],[142.058548,39.464464],[142.057936,39.464639],[142.057736,39.464748],[142.057536,39.464656],[142.057436,39.464706],[142.057536,39.465064],[142.056961,39.465131],[142.056661,39.465056],[142.056286,39.464781],[142.056536,39.464514],[142.056911,39.464364],[142.056686,39.464273],[142.056261,39.464381],[142.056111,39.464539],[142.055961,39.464514],[142.055661,39.464173],[142.055386,39.463964],[142.055361,39.463873],[142.054899,39.463489],[142.054549,39.463264],[142.054374,39.462989],[142.054324,39.462673],[142.054349,39.462606],[142.054299,39.462314],[142.054286,39.461881],[142.054386,39.461681],[142.054461,39.461681],[142.054511,39.461431],[142.054186,39.461206],[142.054061,39.460915],[142.053786,39.461048],[142.053636,39.461023],[142.053461,39.460865],[142.053037,39.460631],[142.052499,39.460248],[142.051999,39.460065],[142.051799,39.459906],[142.051524,39.459498],[142.050849,39.459015],[142.050699,39.458815],[142.050387,39.458448],[142.050162,39.45829],[142.049687,39.457815],[142.049387,39.45779],[142.048537,39.457106],[142.048237,39.45674],[142.048175,39.456498],[142.048225,39.456423],[142.04825,39.456223],[142.048425,39.455957],[142.04845,39.455732],[142.0484,39.455665],[142.048337,39.455165],[142.048287,39.454873],[142.048212,39.454648],[142.048162,39.454215],[142.048512,39.454132],[142.048825,39.453998],[142.0489,39.453724],[142.0486,39.453698],[142.0484,39.453515],[142.048175,39.453382],[142.047825,39.453082],[142.047875,39.452949],[142.047875,39.452749],[142.04795,39.452524],[142.047812,39.452182],[142.048287,39.451957],[142.048412,39.45169],[142.048262,39.451465],[142.048487,39.451215],[142.048875,39.451132],[142.04905,39.450882],[142.049125,39.450815],[142.049175,39.450657],[142.049025,39.450524],[142.04795,39.450132],[142.0477,39.449882],[142.0469,39.449857],[142.04665,39.449916],[142.0465,39.449824],[142.046762,39.449424],[142.046712,39.449357],[142.0462,39.449532],[142.046,39.449707],[142.045725,39.449666],[142.045325,39.449457],[142.04435,39.449341],[142.043875,39.449224],[142.043575,39.448882],[142.043625,39.448766],[142.043538,39.448566],[142.043338,39.448357],[142.043013,39.448407],[142.042813,39.448424],[142.042663,39.448241],[142.042613,39.447791],[142.041788,39.447174],[142.041713,39.446949],[142.041575,39.446749],[142.04145,39.446682],[142.04135,39.446724],[142.040688,39.446874],[142.040463,39.446874],[142.040113,39.447032],[142.039988,39.447166],[142.039913,39.447324],[142.039838,39.447366],[142.039688,39.447249],[142.039513,39.447232],[142.039088,39.447249],[142.038813,39.447066],[142.038488,39.446524],[142.038463,39.446316],[142.038626,39.445982],[142.038901,39.445849],[142.039026,39.445824],[142.039476,39.445582],[142.039426,39.445333],[142.039126,39.445283],[142.039026,39.445308],[142.038151,39.445641],[142.038026,39.445641],[142.037951,39.445366],[142.038051,39.445232],[142.038226,39.445191],[142.038651,39.444991],[142.038888,39.444766],[142.039138,39.444608],[142.039313,39.444449],[142.039763,39.444658],[142.039913,39.444616],[142.040088,39.444141],[142.040038,39.443941],[142.039438,39.444091],[142.039363,39.444066],[142.039513,39.443841],[142.039463,39.443799],[142.039238,39.443799],[142.038963,39.443724],[142.039301,39.443549],[142.039501,39.443483],[142.039426,39.443374],[142.039126,39.443233],[142.038826,39.443024],[142.038326,39.442824],[142.038101,39.442616],[142.038976,39.442666],[142.039151,39.442649],[142.039926,39.442833],[142.040326,39.442749],[142.040501,39.442608],[142.040888,39.442591],[142.041638,39.442666],[142.041813,39.442708],[142.042188,39.442733],[142.042463,39.442691],[142.042663,39.442533],[142.042563,39.442333],[142.042238,39.442216],[142.041238,39.442275],[142.041363,39.442008],[142.041413,39.442008],[142.041738,39.441875],[142.042038,39.4417],[142.04255,39.441608],[142.0427,39.441341],[142.042875,39.44125],[142.042875,39.441091],[142.043175,39.440758],[142.042963,39.440283],[142.042688,39.439942],[142.042388,39.439717],[142.041938,39.439667],[142.041663,39.4396],[142.041838,39.439308],[142.041738,39.439125],[142.041613,39.4391],[142.041238,39.439208],[142.040663,39.439542],[142.040313,39.4397],[142.039826,39.439941],[142.039676,39.440083],[142.039601,39.440166],[142.039601,39.4401],[142.039751,39.4399],[142.039551,39.439833],[142.039576,39.439741],[142.039913,39.439317],[142.040213,39.43925],[142.040513,39.438958],[142.040588,39.4388],[142.040538,39.438758],[142.040213,39.438658],[142.039738,39.438658],[142.039388,39.438608],[142.039563,39.438475],[142.040151,39.438275],[142.040151,39.438117],[142.039826,39.437825],[142.039026,39.437392],[142.038551,39.4373],[142.038451,39.437225],[142.038251,39.437025],[142.038176,39.436817],[142.038063,39.43655],[142.038013,39.436433],[142.038238,39.436592],[142.038501,39.436892],[142.038601,39.436842],[142.038488,39.436458],[142.038613,39.436483],[142.038763,39.436442],[142.038513,39.436233],[142.037913,39.435892],[142.037788,39.435708],[142.037786,39.435679],[142.037813,39.435667],[142.038213,39.435808],[142.038538,39.435875],[142.038688,39.435875],[142.039213,39.436033],[142.039563,39.43595],[142.039588,39.436042],[142.039788,39.436109],[142.040063,39.436159],[142.040163,39.436092],[142.040038,39.435842],[142.039876,39.435634],[142.040026,39.435617],[142.040076,39.435684],[142.040251,39.435725],[142.040151,39.4355],[142.040501,39.435642],[142.040576,39.435617],[142.040576,39.435325],[142.040201,39.434734],[142.039801,39.43455],[142.039938,39.434309],[142.039913,39.434217],[142.039763,39.433917],[142.039738,39.433784],[142.040038,39.433742],[142.040438,39.433742],[142.040713,39.433609],[142.040838,39.433859],[142.041038,39.43395],[142.041188,39.433792],[142.041238,39.433642],[142.041388,39.433684],[142.041488,39.433817],[142.041738,39.433867],[142.041888,39.433692],[142.041938,39.433667],[142.042026,39.433392],[142.041951,39.433309],[142.041551,39.432967],[142.041526,39.432892],[142.042051,39.432876],[142.042501,39.433042],[142.042851,39.433017],[142.043201,39.432934],[142.042976,39.432567],[142.042863,39.432159],[142.042713,39.431867],[142.042688,39.431642],[142.042563,39.431501],[142.042263,39.431251],[142.042063,39.431209],[142.041913,39.430984],[142.041301,39.430367],[142.041251,39.430251],[142.041326,39.430142],[142.042026,39.429851],[142.041951,39.429651],[142.042138,39.429176],[142.042138,39.429084],[142.041988,39.428751],[142.041488,39.428026],[142.041501,39.427843],[142.041926,39.427776],[142.042226,39.427918],[142.042526,39.427959],[142.042801,39.427743],[142.042966,39.427357],[142.043426,39.427385],[142.043801,39.427501],[142.043976,39.427385],[142.044026,39.427226],[142.043888,39.42696],[142.043963,39.426826],[142.044188,39.426801],[142.044513,39.426535],[142.044638,39.426351],[142.044276,39.425293],[142.043726,39.42506],[142.043626,39.425151],[142.043576,39.425576],[142.043501,39.425601],[142.043201,39.425601],[142.042751,39.425551],[142.042451,39.425168],[142.042376,39.425168],[142.042238,39.425543],[142.042213,39.425593],[142.041913,39.425701],[142.041138,39.425768],[142.040963,39.425535],[142.040838,39.425518],[142.040788,39.425335],[142.040176,39.424743],[142.039851,39.424585],[142.039501,39.424576],[142.038964,39.42476],[142.038739,39.424868],[142.038739,39.42496],[142.038339,39.425043],[142.037989,39.424951],[142.037689,39.424751],[142.037864,39.424635],[142.038301,39.424526],[142.038451,39.424435],[142.037451,39.423168],[142.037451,39.423118],[142.037664,39.422985],[142.037939,39.422918],[142.038264,39.422901],[142.038564,39.422635],[142.038689,39.422477],[142.038589,39.422268],[142.038464,39.422068],[142.038251,39.421568],[142.037901,39.421368],[142.037526,39.421427],[142.037364,39.42181],[142.037239,39.421993],[142.036539,39.421627],[142.036539,39.42151],[142.036676,39.421377],[142.036551,39.421193],[142.036426,39.421193],[142.036326,39.42106],[142.036327,39.420877],[142.036277,39.420718],[142.035977,39.42056],[142.035927,39.420202],[142.036064,39.419793],[142.036164,39.419552],[142.036289,39.419552],[142.036352,39.419535],[142.036489,39.419393],[142.036489,39.419077],[142.036289,39.41876],[142.035977,39.41856],[142.035189,39.418327],[142.034127,39.418277],[142.032902,39.418152],[142.031989,39.418127],[142.031902,39.418085],[142.032102,39.418035],[142.032789,39.417994],[142.033102,39.417635],[142.033077,39.417344],[142.032827,39.41721],[142.032452,39.417202],[142.032364,39.417252],[142.032139,39.417652],[142.031964,39.417202],[142.031877,39.417202],[142.031589,39.417452],[142.031514,39.417469],[142.031489,39.417152],[142.03109,39.41706],[142.030852,39.416952],[142.031115,39.416885],[142.031252,39.416885],[142.031602,39.416769],[142.031914,39.416435],[142.031777,39.416094],[142.031502,39.415844],[142.031439,39.415844],[142.031577,39.41641],[142.031202,39.416202],[142.030927,39.415935],[142.03064,39.415794],[142.030552,39.41586],[142.030715,39.416335],[142.030577,39.416202],[142.02984,39.415794],[142.02959,39.415744],[142.02964,39.415877],[142.02984,39.41606],[142.029865,39.416152],[142.029215,39.415785],[142.028727,39.415744],[142.028407,39.415757],[142.028302,39.415627],[142.028015,39.415694],[142.027815,39.415852],[142.02784,39.415919],[142.02764,39.416002],[142.027352,39.416052],[142.027177,39.416185],[142.027177,39.416227],[142.026977,39.416294],[142.02684,39.41616],[142.026502,39.416085],[142.026152,39.415994],[142.02584,39.416019],[142.025752,39.41606],[142.025415,39.416102],[142.025352,39.416219],[142.025552,39.416285],[142.025127,39.416668],[142.024977,39.416843],[142.024952,39.417143],[142.024865,39.417185],[142.024665,39.417135],[142.024415,39.416752],[142.02429,39.41691],[142.024428,39.417385],[142.02449,39.417435],[142.02454,39.417568],[142.02449,39.417743],[142.024315,39.417585],[142.024178,39.417652],[142.02409,39.417743],[142.02394,39.41756],[142.023865,39.41736],[142.023665,39.417177],[142.023353,39.417202],[142.023065,39.417402],[142.022986,39.417498],[142.022915,39.417443],[142.022578,39.417352],[142.022553,39.417443],[142.022828,39.41776],[142.02229,39.417643],[142.022115,39.417893],[142.02229,39.417985],[142.022478,39.41821],[142.022365,39.418302],[142.022428,39.418477],[142.022628,39.41866],[142.022653,39.418752],[142.02259,39.41911],[142.022528,39.419093],[142.022253,39.41866],[142.022228,39.418727],[142.022253,39.41911],[142.022128,39.419243],[142.02199,39.41956],[142.022153,39.419785],[142.022278,39.420101],[142.022103,39.420235],[142.022178,39.420418],[142.022253,39.420526],[142.021853,39.420643],[142.021628,39.420526],[142.021428,39.420593],[142.021603,39.420751],[142.021603,39.420885],[142.021253,39.42086],[142.02109,39.420926],[142.020965,39.420926],[142.020903,39.420793],[142.020403,39.420693],[142.020103,39.420585],[142.019978,39.420601],[142.019865,39.420693],[142.01999,39.42101],[142.019615,39.42121],[142.01949,39.42141],[142.019615,39.421776],[142.019315,39.421768],[142.019228,39.422043],[142.019103,39.422218],[142.018928,39.422243],[142.018728,39.422109],[142.018353,39.422393],[142.018303,39.422576],[142.018478,39.422734],[142.018503,39.422801],[142.01839,39.423009],[142.01804,39.423226],[142.01799,39.423226],[142.01794,39.423451],[142.018065,39.423634],[142.018015,39.423768],[142.01789,39.423751],[142.01764,39.423793],[142.017719,39.423944],[142.01779,39.423993],[142.01759,39.424018],[142.017753,39.424126],[142.017703,39.424243],[142.017553,39.424442],[142.017253,39.424626],[142.016953,39.424576],[142.016828,39.424617],[142.016603,39.424617],[142.016628,39.424751],[142.016728,39.424776],[142.016628,39.424934],[142.016153,39.424909],[142.015378,39.424742],[142.015328,39.424767],[142.015291,39.424967],[142.015341,39.425017],[142.015291,39.425084],[142.015191,39.425509],[142.015066,39.425626],[142.014966,39.425509],[142.014916,39.425217],[142.014591,39.425126],[142.014366,39.425101],[142.014066,39.425142],[142.013641,39.425067],[142.013541,39.425026],[142.013466,39.425117],[142.013541,39.425184],[142.013916,39.425301],[142.014266,39.425326],[142.014466,39.425301],[142.014566,39.425551],[142.014116,39.425859],[142.013841,39.425884],[142.013703,39.426067],[142.013453,39.426017],[142.013228,39.426192],[142.013303,39.426492],[142.012678,39.426576],[142.011603,39.4265],[142.009954,39.426034],[142.009404,39.425809],[142.008404,39.425192],[142.008104,39.424942],[142.007966,39.424626],[142.007741,39.424309],[142.007966,39.423859],[142.007941,39.423634],[142.008066,39.423426],[142.008154,39.423001],[142.008079,39.422951],[142.008229,39.422817],[142.008304,39.422592],[142.008029,39.422276],[142.007954,39.422251],[142.007804,39.422409],[142.007729,39.422459],[142.007504,39.422317],[142.007279,39.422251],[142.006841,39.421501],[142.006866,39.421393],[142.007141,39.421051],[142.007141,39.420826],[142.007191,39.420734],[142.007154,39.420243],[142.007204,39.419993],[142.007329,39.419793],[142.007379,39.419768],[142.007279,39.419543],[142.007341,39.419434],[142.007541,39.419209],[142.007691,39.418826],[142.007891,39.418718],[142.008666,39.418518],[142.009091,39.418335],[142.009329,39.418385],[142.009554,39.418135],[142.009554,39.418001],[142.009329,39.417976],[142.009066,39.418043],[142.008954,39.417885],[142.009041,39.41771],[142.009241,39.417526],[142.009729,39.417393],[142.009991,39.417376],[142.010504,39.416968],[142.010854,39.416543],[142.010941,39.416293],[142.010866,39.415868],[142.010866,39.415618],[142.010804,39.415552],[142.010441,39.415502],[142.010354,39.415343],[142.010416,39.415093],[142.010554,39.414693],[142.010504,39.414352],[142.010416,39.414152],[142.010254,39.414127],[142.010041,39.414618],[142.009929,39.414235],[142.009704,39.414102],[142.009529,39.414235],[142.009479,39.414635],[142.009216,39.415227],[142.008616,39.41536],[142.008491,39.415352],[142.008204,39.415535],[142.007891,39.415443],[142.007666,39.415443],[142.007179,39.415326],[142.006667,39.415093],[142.006192,39.414777],[142.005817,39.414368],[142.005829,39.414168],[142.005942,39.413893],[142.005692,39.413443],[142.005692,39.41306],[142.005579,39.412743],[142.005329,39.412493],[142.005242,39.412268],[142.005217,39.411993],[142.005342,39.411543],[142.005229,39.411185],[142.005429,39.410777],[142.005379,39.410485],[142.005229,39.410419],[142.004917,39.410419],[142.004542,39.410502],[142.004004,39.410477],[142.003604,39.410519],[142.003517,39.41061],[142.003204,39.410785],[142.002629,39.410877],[142.001942,39.411168],[142.001742,39.41101],[142.001605,39.41096],[142.00143,39.410827],[142.001205,39.41071],[142.000892,39.410818],[142.000655,39.410977],[142.000342,39.41111],[142.00023,39.411018],[142.000142,39.410843],[141.99983,39.410977],[141.999692,39.411243],[141.999567,39.41131],[141.999405,39.411193],[141.999055,39.411285],[141.99843,39.411802],[141.998255,39.412027],[141.997967,39.412043],[141.99763,39.411977],[141.997342,39.41186],[141.996855,39.41136],[141.99658,39.411043],[141.996692,39.410885],[141.996955,39.41066],[141.997017,39.410393],[141.996992,39.410193],[141.99688,39.409893],[141.996817,39.409468],[141.996567,39.409418],[141.996428,39.40944],[141.99623,39.409468],[141.995967,39.409602],[141.995855,39.40971],[141.995605,39.409777],[141.995343,39.409752],[141.995205,39.409552],[141.99523,39.409193],[141.99518,39.40921],[141.99503,39.409368],[141.994943,39.409368],[141.994805,39.409502],[141.994718,39.409393],[141.994693,39.409235],[141.99458,39.409235],[141.99438,39.40941],[141.99423,39.40941],[141.99398,39.409318],[141.993918,39.409002],[141.993718,39.40891],[141.993668,39.408818],[141.99358,39.408818],[141.993268,39.408977],[141.992605,39.409043],[141.992493,39.408835],[141.99238,39.40881],[141.992205,39.408943],[141.991668,39.409127],[141.991443,39.409035],[141.991418,39.408852],[141.99133,39.40881],[141.99078,39.408785],[141.99038,39.408843],[141.990355,39.409027],[141.990205,39.409185],[141.990043,39.409277],[141.989755,39.409135],[141.989605,39.409293],[141.98918,39.409177],[141.98893,39.409018],[141.988506,39.408927],[141.988268,39.408835],[141.987956,39.40881],[141.987706,39.408743],[141.987481,39.408785],[141.987243,39.40876],[141.987081,39.408827],[141.986681,39.408852],[141.986418,39.408827],[141.986106,39.408435],[141.985818,39.408393],[141.985256,39.40866],[141.984906,39.40866],[141.984531,39.408743],[141.984481,39.408585],[141.98427,39.408568],[141.984231,39.40836],[141.983968,39.40836],[141.983681,39.40831],[141.983281,39.408335],[141.983118,39.40826],[141.983056,39.408377],[141.983256,39.40856],[141.983197,39.408623],[141.983168,39.408602],[141.982543,39.408577],[141.982481,39.408552],[141.982343,39.408602],[141.982343,39.408777],[141.981731,39.409002],[141.981443,39.409227],[141.981044,39.409385],[141.980619,39.409718],[141.980356,39.409827],[141.980381,39.410143],[141.980531,39.410435],[141.980931,39.410601],[141.981243,39.410826],[141.981318,39.411368],[141.981256,39.411776],[141.981481,39.412343],[141.981618,39.412543],[141.981681,39.413151],[141.981556,39.413718],[141.981781,39.414059],[141.981831,39.414484],[141.981718,39.414684],[141.981743,39.414934],[141.981856,39.415001],[141.982593,39.415751],[141.983256,39.416001],[141.983543,39.416009],[141.984081,39.416143],[141.984731,39.416393],[141.985306,39.416718],[141.985556,39.417234],[141.985324,39.417504],[141.985068,39.417643],[141.984831,39.418042],[141.984631,39.418701],[141.984481,39.419034],[141.984393,39.419309],[141.984268,39.419584],[141.984131,39.419784],[141.983956,39.420301],[141.983643,39.421117],[141.983093,39.421542],[141.982018,39.424392],[141.979518,39.423817],[141.979518,39.424067],[141.979668,39.424558],[141.981843,39.425092],[141.982107,39.42519],[141.982343,39.425358],[141.982455,39.425692],[141.982455,39.425942],[141.98223,39.426192],[141.981793,39.426433],[141.980818,39.426842],[141.980181,39.427025],[141.978493,39.4273],[141.978168,39.427233],[141.978031,39.427075],[141.977965,39.427018],[141.977805,39.426978],[141.977506,39.426942],[141.976543,39.426992],[141.976081,39.427058],[141.975731,39.427175],[141.975581,39.427125],[141.975318,39.42695],[141.975356,39.426792],[141.975231,39.426742],[141.974856,39.4267],[141.974506,39.426817],[141.974243,39.4267],[141.974106,39.426592],[141.974281,39.4265],[141.973956,39.425983],[141.974006,39.425042],[141.974056,39.424975],[141.974194,39.423942],[141.974169,39.423808],[141.973844,39.423767],[141.973644,39.423342],[141.973294,39.422959],[141.973119,39.422375],[141.972881,39.422042],[141.972706,39.4217],[141.972644,39.421434],[141.972644,39.4211],[141.972913,39.420303],[141.973006,39.419909],[141.972894,39.419725],[141.972769,39.419659],[141.972656,39.419534],[141.972669,39.419326],[141.972781,39.419017],[141.972644,39.418901],[141.972581,39.419059],[141.972444,39.419167],[141.972244,39.419101],[141.972206,39.418992],[141.972356,39.418692],[141.972331,39.418651],[141.972131,39.418676],[141.971894,39.418967],[141.971244,39.418826],[141.970706,39.418642],[141.970594,39.418434],[141.970444,39.418276],[141.970394,39.418259],[141.970281,39.418101],[141.969944,39.417167],[141.969769,39.417167],[141.969594,39.417126],[141.969432,39.417034],[141.969119,39.416284],[141.969032,39.416126],[141.968982,39.416126],[141.968857,39.416626],[141.968744,39.416642],[141.968607,39.416101],[141.968607,39.415876],[141.968382,39.415517],[141.968219,39.415467],[141.967907,39.415151],[141.968107,39.415018],[141.968157,39.414859],[141.968169,39.414634],[141.968082,39.414584],[141.967932,39.414568],[141.967682,39.414609],[141.967444,39.414718],[141.967307,39.414626],[141.967219,39.414676],[141.967169,39.414651],[141.966969,39.414201],[141.967057,39.414084],[141.967032,39.413901],[141.967119,39.413818],[141.967082,39.413751],[141.966744,39.413584],[141.966544,39.413359],[141.966407,39.413384],[141.966207,39.413293],[141.965832,39.413268],[141.965494,39.412993],[141.965332,39.412518],[141.96527,39.412426],[141.96522,39.412426],[141.96502,39.412293],[141.964982,39.412701],[141.964895,39.412743],[141.964645,39.412626],[141.964645,39.412493],[141.96422,39.412351],[141.964295,39.412509],[141.963982,39.412509],[141.964045,39.412351],[141.96382,39.412059],[141.963595,39.412059],[141.963445,39.411918],[141.963482,39.411626],[141.963506,39.411368],[141.96322,39.411218],[141.963031,39.411218],[141.963032,39.411126],[141.963395,39.411068],[141.963482,39.410993],[141.96337,39.410818],[141.963207,39.410726],[141.963032,39.410518],[141.963008,39.410446],[141.963032,39.41036],[141.963057,39.410185],[141.963007,39.410135],[141.962945,39.410001],[141.96307,39.40996],[141.963207,39.410118],[141.963295,39.410118],[141.96352,39.409918],[141.963432,39.409668],[141.963245,39.409393],[141.962807,39.409526],[141.962607,39.409551],[141.962645,39.409501],[141.962982,39.409301],[141.962532,39.409251],[141.962107,39.409135],[141.962107,39.409118],[141.96227,39.409143],[141.962445,39.409076],[141.962445,39.40896],[141.961995,39.408418],[141.961595,39.40821],[141.961545,39.407943],[141.961482,39.407851],[141.96112,39.407551],[141.961082,39.407351],[141.961207,39.407351],[141.961145,39.40701],[141.960895,39.407102],[141.960807,39.406902],[141.961007,39.406852],[141.96087,39.406585],[141.960758,39.406443],[141.960608,39.406602],[141.960495,39.406493],[141.96047,39.406335],[141.96022,39.40606],[141.959108,39.40596],[141.958978,39.40592],[141.95927,39.405718],[141.95902,39.405627],[141.95842,39.405577],[141.958133,39.405618],[141.958158,39.405802],[141.957845,39.40571],[141.957733,39.405593],[141.95757,39.405027],[141.95752,39.40431],[141.95732,39.403518],[141.956783,39.403244],[141.956558,39.403177],[141.95682,39.402877],[141.956908,39.402569],[141.956958,39.402502],[141.957108,39.402135],[141.956508,39.40191],[141.956395,39.401927],[141.956195,39.40186],[141.955971,39.40161],[141.955746,39.401569],[141.955746,39.401452],[141.955971,39.401502],[141.956258,39.401227],[141.956334,39.401157],[141.956408,39.401052],[141.956458,39.401002],[141.95652,39.400827],[141.956433,39.400485],[141.956208,39.400285],[141.955833,39.400327],[141.955778,39.400295],[141.955721,39.400185],[141.955096,39.400252],[141.955046,39.400252],[141.954921,39.40041],[141.954783,39.400319],[141.954583,39.400294],[141.954333,39.400185],[141.954246,39.400177],[141.953958,39.400019],[141.954046,39.399752],[141.954021,39.399702],[141.953708,39.399752],[141.953508,39.399594],[141.953446,39.399344],[141.953421,39.398936],[141.953264,39.398724],[141.953258,39.398577],[141.953283,39.398169],[141.953007,39.398076],[141.953008,39.397961],[141.953146,39.397827],[141.953233,39.397577],[141.952833,39.397536],[141.952808,39.397219],[141.952633,39.397302],[141.9526,39.397454],[141.952546,39.397486],[141.952321,39.397552],[141.952071,39.397577],[141.952446,39.397144],[141.952671,39.396994],[141.952846,39.396652],[141.952733,39.396519],[141.952421,39.396694],[141.952071,39.396827],[141.951421,39.396761],[141.951071,39.396802],[141.950784,39.396802],[141.950421,39.396844],[141.950359,39.396819],[141.951021,39.396302],[141.951134,39.396261],[141.951309,39.395994],[141.951221,39.395786],[141.950946,39.395561],[141.950621,39.395827],[141.950084,39.395827],[141.950059,39.395394],[141.949771,39.395169],[141.949659,39.395303],[141.949371,39.395278],[141.949234,39.395144],[141.949171,39.394986],[141.949659,39.395053],[141.949546,39.394878],[141.949271,39.394694],[141.948634,39.394669],[141.948609,39.394486],[141.948384,39.394303],[141.948296,39.394278],[141.948446,39.394103],[141.948384,39.393919],[141.948159,39.394011],[141.948134,39.394053],[141.947734,39.394003],[141.947559,39.394094],[141.947534,39.394161],[141.947359,39.394028],[141.947221,39.393819],[141.946759,39.393594],[141.946484,39.393544],[141.946246,39.393569],[141.946084,39.393211],[141.946084,39.393119],[141.946197,39.393094],[141.946621,39.393144],[141.947059,39.393078],[141.947196,39.392944],[141.946834,39.392603],[141.947034,39.392378],[141.947009,39.392128],[141.946971,39.392128],[141.946609,39.391969],[141.945984,39.391736],[141.945634,39.39167],[141.945322,39.391645],[141.945234,39.391603],[141.945672,39.39147],[141.945447,39.391378],[141.944784,39.391261],[141.944647,39.391145],[141.944472,39.390803],[141.944047,39.390378],[141.943772,39.390303],[141.943597,39.390195],[141.943659,39.390103],[141.943947,39.389945],[141.944084,39.389545],[141.944084,39.389428],[141.943772,39.389045],[141.943547,39.388903],[141.943297,39.388653],[141.942447,39.38822],[141.942209,39.388336],[141.941959,39.388261],[141.941622,39.388086],[141.941385,39.388103],[141.941135,39.387987],[141.940797,39.387986],[141.940197,39.387895],[141.940085,39.387828],[141.93991,39.387487],[141.93946,39.387145],[141.939347,39.387103],[141.939147,39.386853],[141.938885,39.386687],[141.938672,39.386237],[141.938585,39.38592],[141.93836,39.385495],[141.938272,39.385245],[141.938285,39.384703],[141.938335,39.384295],[141.93846,39.383979],[141.938722,39.383504],[141.938697,39.38317],[141.938872,39.382495],[141.93916,39.382137],[141.939222,39.381862],[141.939222,39.381571],[141.939535,39.380871],[141.939747,39.380579],[141.939997,39.380379],[141.94051,39.380246],[141.940822,39.380296],[141.941235,39.379729],[141.941485,39.379712],[141.941547,39.379554],[141.941522,39.379212],[141.94176,39.378604],[141.94201,39.378154],[141.94236,39.377704],[141.94291,39.377146],[141.94331,39.376946],[141.943372,39.376763],[141.943535,39.376538],[141.94346,39.376271],[141.943285,39.376113],[141.94306,39.37618],[141.942722,39.375496],[141.942697,39.375246],[141.942872,39.374755],[141.94321,39.374505],[141.94336,39.374171],[141.943222,39.373921],[141.944222,39.372888],[141.945197,39.372355],[141.945835,39.372063],[141.946697,39.371613],[141.947297,39.371397],[141.947922,39.371238],[141.948747,39.371088],[141.949172,39.370955],[141.950059,39.371072],[141.950434,39.37128],[141.95057,39.371369],[141.950859,39.371463],[141.952484,39.37183],[141.952734,39.37228],[141.952984,39.372197],[141.953022,39.37233],[141.952584,39.372755],[141.951897,39.372955],[141.951522,39.37313],[141.951672,39.37343],[141.952009,39.373338],[141.953072,39.37298],[141.953434,39.37308],[141.953721,39.373213],[141.954146,39.373555],[141.954171,39.37398],[141.954309,39.374097],[141.954509,39.374188],[141.954771,39.374505],[141.954821,39.37448],[141.954909,39.374347],[141.955084,39.374305],[141.955259,39.374372],[141.955534,39.374622],[141.955709,39.37483],[141.955509,39.375055],[141.955384,39.375255],[141.955359,39.375638],[141.955384,39.375863],[141.955784,39.376296],[141.956059,39.376521],[141.956459,39.376613],[141.956809,39.376546],[141.956921,39.37648],[141.956896,39.376071],[141.956946,39.376071],[141.957059,39.376255],[141.957321,39.376438],[141.957921,39.376463],[141.958258,39.37638],[141.958521,39.376355],[141.958833,39.376488],[141.959196,39.377038],[141.959421,39.377105],[141.959796,39.377038],[141.960058,39.376946],[141.960483,39.376955],[141.961108,39.37723],[141.961446,39.377255],[141.961821,39.37723],[141.962071,39.377371],[141.962096,39.377613],[141.962521,39.377938],[141.962696,39.37818],[141.962783,39.378255],[141.963008,39.378346],[141.963633,39.378371],[141.96412,39.37853],[141.964258,39.378621],[141.964595,39.378738],[141.964833,39.378696],[141.96512,39.378246],[141.965633,39.377888],[141.966345,39.377846],[141.966583,39.37778],[141.966633,39.377663],[141.966358,39.377163],[141.966158,39.377163],[141.966094,39.377102],[141.96607,39.377005],[141.965995,39.37608],[141.966108,39.375605],[141.966258,39.375405],[141.966545,39.375205],[141.966858,39.374872],[141.96692,39.374847],[141.96697,39.375005],[141.96717,39.375047],[141.967258,39.37503],[141.96752,39.374805],[141.967808,39.37433],[141.967945,39.373772],[141.967895,39.373114],[141.967733,39.372864],[141.967045,39.372547],[141.966883,39.372022],[141.966708,39.371755],[141.966458,39.371572],[141.965483,39.371697],[141.965195,39.37168],[141.965658,39.371455],[141.966145,39.371205],[141.965895,39.371047],[141.965507,39.371],[141.965583,39.37078],[141.965895,39.370714],[141.965921,39.370494],[141.965931,39.370096],[141.966045,39.369964],[141.966183,39.369764],[141.965795,39.369264],[141.965533,39.369222],[141.964971,39.369056],[141.964021,39.369214],[141.963708,39.369047],[141.963658,39.368981],[141.964371,39.368739],[141.964633,39.368422],[141.964633,39.368197],[141.964371,39.368014],[141.963858,39.367789],[141.963296,39.366931],[141.962958,39.366539],[141.962821,39.366431],[141.962621,39.366381],[141.962408,39.366211],[141.962058,39.365814],[141.961946,39.365748],[141.961596,39.365631],[141.961258,39.365539],[141.960946,39.365581],[141.960659,39.365398],[141.960771,39.365314],[141.960859,39.364998],[141.960496,39.364856],[141.960321,39.364514],[141.960121,39.364381],[141.959696,39.364314],[141.959482,39.364256],[141.959421,39.364156],[141.959384,39.363948],[141.958934,39.363673],[141.958846,39.363581],[141.958084,39.363065],[141.957346,39.362606],[141.956943,39.362287],[141.956746,39.362223],[141.956696,39.362265],[141.956297,39.362173],[141.956184,39.361831],[141.956047,39.361565],[141.955759,39.361315],[141.955734,39.361223],[141.955872,39.36104],[141.956222,39.361131],[141.956334,39.361131],[141.956709,39.360931],[141.957046,39.360665],[141.957909,39.359923],[141.957996,39.359898],[141.958171,39.359948],[141.958421,39.359765],[141.958459,39.35959],[141.958621,39.35934],[141.958521,39.358323],[141.958184,39.35819],[141.957984,39.357715],[141.957821,39.357415],[141.957959,39.357149],[141.957884,39.356515],[141.957547,39.355949],[141.957034,39.35554],[141.956772,39.355424],[141.956322,39.35549],[141.955722,39.355374],[141.955584,39.355174],[141.955697,39.354791],[141.955534,39.354516],[141.955222,39.354332],[141.954872,39.354307],[141.954622,39.354466],[141.953934,39.354174],[141.95351,39.353941],[141.95346,39.353807],[141.95331,39.353741],[141.953285,39.353757],[141.95286,39.353532],[141.951385,39.352782],[141.951097,39.352691],[141.95096,39.352732],[141.950758,39.352711],[141.950585,39.352641],[141.950335,39.352482],[141.949697,39.352499],[141.949622,39.352449],[141.94896,39.351932],[141.948735,39.351682],[141.948623,39.351632],[141.948235,39.351357],[141.947798,39.351199],[141.947523,39.351199],[141.947373,39.351399],[141.947148,39.351307],[141.946835,39.351107],[141.946698,39.351057],[141.946635,39.350833],[141.946548,39.350674],[141.945898,39.350358],[141.94576,39.350358],[141.945698,39.350583],[141.945635,39.350624],[141.945323,39.350466],[141.944161,39.350682],[141.943786,39.350566],[141.943498,39.350541],[141.942936,39.350724],[141.942561,39.350649],[141.942198,39.350424],[141.941911,39.350333],[141.941536,39.349966],[141.941348,39.349424],[141.941211,39.349241],[141.940898,39.349041],[141.940698,39.348991],[141.940605,39.348946],[141.940273,39.348649],[141.940186,39.348608],[141.939986,39.348316],[141.939698,39.348108],[141.939248,39.348174],[141.938699,39.348533],[141.938361,39.348866],[141.938236,39.349049],[141.938011,39.349291],[141.937699,39.349424],[141.936899,39.350057],[141.936611,39.350191],[141.936149,39.350274],[141.935124,39.350974],[141.934286,39.351007],[141.934174,39.350966],[141.933786,39.350441],[141.933661,39.350532],[141.933549,39.350716],[141.933611,39.351032],[141.933461,39.351141],[141.933486,39.351299],[141.932511,39.351657],[141.931087,39.35214],[141.930374,39.352299],[141.930087,39.352299],[141.930162,39.353065],[141.929287,39.353107],[141.928662,39.353007],[141.928512,39.352674],[141.928462,39.352265],[141.928062,39.352415],[141.926724,39.35284],[141.9248,39.353573],[141.923912,39.35384],[141.92315,39.354107],[141.921625,39.354665],[141.9196,39.355307],[141.919425,39.355323],[141.919063,39.355098],[141.918688,39.354915],[141.9184,39.354707],[141.918288,39.354665],[141.917638,39.354973],[141.917175,39.355315],[141.915688,39.356231],[141.9152,39.356473],[141.914938,39.356656],[141.91485,39.356606],[141.914113,39.355906],[141.9144,39.355681],[141.914838,39.35539],[141.914501,39.355048],[141.9155,39.354465],[141.916388,39.353957],[141.915251,39.352957],[141.915026,39.35264],[141.912938,39.350232],[141.912713,39.349915],[141.912776,39.349532],[141.913188,39.34859],[141.913388,39.34834],[141.913726,39.348182],[141.914388,39.348074],[141.914613,39.347741],[141.914826,39.347607],[141.915226,39.347491],[141.915388,39.347357],[141.915466,39.347244],[141.915538,39.346999],[141.915532,39.346902],[141.915513,39.346749],[141.915426,39.346207],[141.915326,39.345641],[141.915101,39.345416],[141.914726,39.345233],[141.914351,39.345116],[141.914051,39.344983],[141.913876,39.344933],[141.913588,39.344733],[141.913188,39.344641],[141.912676,39.344616],[141.912539,39.344433],[141.912314,39.344224],[141.912051,39.344183],[141.911539,39.344199],[141.909801,39.344124],[141.909089,39.344049],[141.908664,39.344049],[141.908526,39.343983],[141.908489,39.343933],[141.908664,39.343758],[141.908414,39.343391],[141.907964,39.342891],[141.907764,39.343008],[141.907564,39.342691],[141.907427,39.342283],[141.907489,39.341899],[141.907602,39.34165],[141.907864,39.341541],[141.907889,39.341425],[141.907839,39.341133],[141.907614,39.341041],[141.907064,39.34095],[141.906814,39.340791],[141.906552,39.340741],[141.906189,39.340783],[141.905639,39.340758],[141.905239,39.340825],[141.905102,39.340825],[141.904477,39.340958],[141.903652,39.340633],[141.903252,39.340408],[141.903052,39.340175],[141.90289,39.340175],[141.90254,39.340241],[141.902227,39.340241],[141.902002,39.340083],[141.901752,39.339791],[141.90169,39.339766],[141.900552,39.339466],[141.900415,39.3394],[141.900215,39.338966],[141.900052,39.338292],[141.899827,39.338083],[141.899202,39.33765],[141.899002,39.337425],[141.898927,39.33715],[141.898927,39.336833],[141.89899,39.336317],[141.898965,39.336208],[141.898815,39.336075],[141.89894,39.334184],[141.89909,39.333525],[141.899802,39.331442],[141.90054,39.329934],[141.90224,39.327851],[141.90314,39.327043],[141.903665,39.326685],[141.904427,39.326418],[141.90489,39.326352],[141.905264,39.326377],[141.905464,39.32651],[141.905814,39.326851],[141.906252,39.327218],[141.906421,39.327225],[141.906689,39.327126],[141.906952,39.327151],[141.907135,39.327124],[141.907327,39.32706],[141.907527,39.327018],[141.907789,39.327043],[141.908173,39.327208],[141.908452,39.327385],[141.90876,39.327569],[141.908977,39.327726],[141.909239,39.327993],[141.909264,39.328126],[141.909702,39.328535],[141.909877,39.32861],[141.910039,39.328718],[141.910214,39.328718],[141.910426,39.328793],[141.910676,39.328993],[141.910826,39.32906],[141.910964,39.329138],[141.911176,39.329151],[141.911414,39.328951],[141.911464,39.32886],[141.911439,39.328476],[141.911501,39.32821],[141.911351,39.327893],[141.911389,39.327626],[141.911539,39.327468],[141.911651,39.327285],[141.911589,39.32711],[141.911501,39.327035],[141.911451,39.326835],[141.911564,39.326727],[141.911801,39.326118],[141.911689,39.325977],[141.911689,39.325893],[141.911576,39.325618],[141.911576,39.32551],[141.911689,39.325285],[141.911864,39.325152],[141.911901,39.324969],[141.911839,39.324927],[141.911839,39.324785],[141.911776,39.32461],[141.911814,39.324269],[141.912164,39.323977],[141.912601,39.323827],[141.913326,39.323694],[141.913564,39.323985],[141.913589,39.324102],[141.913764,39.324102],[141.914464,39.323994],[141.914514,39.324102],[141.915014,39.324194],[141.915651,39.324269],[141.916139,39.32436],[141.916289,39.324452],[141.916763,39.326093],[141.916676,39.326343],[141.916476,39.326752],[141.916613,39.327135],[141.917051,39.327427],[141.917601,39.327677],[141.917863,39.327727],[141.918763,39.328676],[141.918788,39.328718],[141.918726,39.32876],[141.918618,39.328893],[141.918551,39.328985],[141.918438,39.329126],[141.918526,39.329435],[141.918638,39.329526],[141.918838,39.329801],[141.918813,39.329976],[141.918901,39.330001],[141.919063,39.33016],[141.919388,39.330343],[141.919563,39.330368],[141.920001,39.33066],[141.920138,39.33071],[141.920251,39.330801],[141.920376,39.330843],[141.920951,39.331301],[141.921126,39.331318],[141.921238,39.331435],[141.9213,39.331634],[141.9215,39.331776],[141.921725,39.331884],[141.92205,39.332093],[141.922538,39.332276],[141.922825,39.332501],[141.92295,39.332568],[141.923063,39.332701],[141.923113,39.332843],[141.92335,39.332934],[141.923675,39.332934],[141.923938,39.332959],[141.924425,39.333026],[141.924775,39.333093],[141.924863,39.333093],[141.925213,39.333234],[141.925438,39.333193],[141.9257,39.333059],[141.926163,39.332926],[141.926313,39.332834],[141.926725,39.332726],[141.926812,39.332659],[141.92695,39.332586],[141.927037,39.332543],[141.927362,39.332434],[141.9278,39.332326],[141.927915,39.332304],[141.928112,39.332276],[141.928324,39.332274],[141.928525,39.332285],[141.92925,39.332443],[141.929687,39.332493],[141.929837,39.332426],[141.929986,39.332316],[141.930387,39.33211],[141.930539,39.33206],[141.930825,39.332043],[141.931112,39.332185],[141.931487,39.332343],[141.932099,39.332343],[141.932449,39.332418],[141.932537,39.33246],[141.932912,39.33246],[141.933169,39.332363],[141.933287,39.33231],[141.933724,39.332101],[141.933749,39.332035],[141.934099,39.331818],[141.934224,39.331701],[141.934249,39.331435],[141.933987,39.33121],[141.934049,39.330935],[141.934224,39.330935],[141.934512,39.330777],[141.934724,39.330602],[141.934751,39.330526],[141.934787,39.330468],[141.934962,39.330268],[141.935212,39.330285],[141.935562,39.330152],[141.935649,39.330085],[141.936149,39.33016],[141.936437,39.330318],[141.936499,39.330318],[141.936724,39.33016],[141.937287,39.32996],[141.937374,39.329985],[141.937462,39.329943],[141.937661,39.32996],[141.937886,39.32981],[141.938386,39.329693],[141.938649,39.329543],[141.938674,39.329477],[141.938824,39.329335],[141.939024,39.329252],[141.939174,39.329252],[141.939374,39.329202],[141.939549,39.329227],[141.939761,39.329143],[141.939915,39.329109],[141.940311,39.329027],[141.940974,39.328969],[141.941061,39.328976],[141.941211,39.328969],[141.941649,39.328994],[141.941739,39.328996],[141.941911,39.329019],[141.942249,39.329044],[141.942486,39.328994],[141.942733,39.328974],[141.942956,39.328966],[141.943123,39.329002],[141.943186,39.32916],[141.943236,39.329785],[141.943436,39.329743],[141.943473,39.329385],[141.943501,39.329265],[141.944198,39.329319],[141.945411,39.330185],[141.945323,39.330652],[141.94511,39.33094],[141.945023,39.331193],[141.944998,39.331327],[141.944936,39.331685],[141.944879,39.332009],[141.944817,39.332227],[141.944736,39.33266],[141.944749,39.332908],[141.944801,39.333134],[141.944986,39.333426],[141.944986,39.333693],[141.945248,39.33401],[141.945686,39.334218],[141.946079,39.334309],[141.94641,39.334376],[141.946748,39.334468],[141.94696,39.334626],[141.947098,39.334985],[141.947273,39.335234],[141.947323,39.335484],[141.947498,39.335709],[141.947648,39.335851],[141.947793,39.335921],[141.948023,39.336051],[141.948123,39.336209],[141.948298,39.336334],[141.949098,39.336409],[141.949148,39.336384],[141.949235,39.336209],[141.949293,39.336139],[141.94936,39.336059],[141.949535,39.335834],[141.94962,39.335787],[141.949773,39.335676],[141.949998,39.335501],[141.95026,39.335385],[141.95061,39.33541],[141.950985,39.335551],[141.951485,39.335818],[141.951647,39.336026],[141.951722,39.336209],[141.951747,39.336576],[141.95151,39.337326],[141.951597,39.337526],[141.951797,39.337593],[141.951882,39.337673],[141.951935,39.337843],[141.952047,39.338001],[141.952335,39.338051],[141.952447,39.338026],[141.952672,39.338143],[141.952897,39.338368],[141.953147,39.338751],[141.953122,39.338959],[141.95321,39.339317],[141.953522,39.339409],[141.953885,39.339392],[141.954197,39.339276],[141.954397,39.339351],[141.954535,39.339709],[141.954909,39.340092],[141.955197,39.340276],[141.955422,39.340342],[141.955784,39.340392],[141.955959,39.340484],[141.956262,39.340477],[141.956247,39.340126],[141.956359,39.340059],[141.956559,39.340309],[141.956784,39.340426],[141.957122,39.340517],[141.957334,39.340426],[141.957609,39.340226],[141.957723,39.340166],[141.957897,39.340134],[141.958166,39.340138],[141.958384,39.340159],[141.958872,39.340276],[141.959094,39.340405],[141.959384,39.340576],[141.959634,39.340667],[141.959993,39.340773],[141.960396,39.340942],[141.960746,39.341051],[141.960971,39.341034],[141.960859,39.340667],[141.960696,39.340534],[141.960409,39.340401],[141.960391,39.340336],[141.960384,39.340259],[141.960384,39.340101],[141.960184,39.339901],[141.959846,39.339742],[141.959534,39.339509],[141.959134,39.338834],[141.959047,39.338768],[141.958634,39.338176],[141.958284,39.337834],[141.958322,39.337543],[141.958497,39.337276],[141.958809,39.336893],[141.959184,39.336709],[141.959559,39.336576],[141.959959,39.33656],[141.960471,39.336585],[141.961096,39.336701],[141.961546,39.336926],[141.961596,39.337159],[141.962421,39.337543],[141.962434,39.337251],[141.963159,39.337751],[141.963171,39.337568],[141.962996,39.337318],[141.963084,39.337301],[141.963371,39.337501],[141.963509,39.337776],[141.963596,39.337818],[141.963684,39.337668],[141.963459,39.337234],[141.963484,39.337209],[141.963709,39.337351],[141.964021,39.337684],[141.964134,39.337734],[141.964232,39.337636],[141.964396,39.337443],[141.964246,39.337218],[141.964284,39.337193],[141.964446,39.337193],[141.964684,39.337034],[141.964934,39.337109],[141.965221,39.337043],[141.965421,39.337018],[141.965558,39.337293],[141.965908,39.337518],[141.966333,39.337543],[141.966333,39.337409],[141.966421,39.337209],[141.966646,39.337276],[141.966758,39.337476],[141.966846,39.337543],[141.967096,39.337526],[141.967183,39.337326],[141.967421,39.33721],[141.96756,39.337194],[141.967983,39.337076],[141.968158,39.337309],[141.968333,39.337351],[141.968496,39.33731],[141.968671,39.337218],[141.968733,39.337018],[141.968647,39.336685],[141.968771,39.336609],[141.969046,39.33661],[141.969133,39.336593],[141.969133,39.336435],[141.969201,39.336322],[141.969271,39.336318],[141.969471,39.336276],[141.969508,39.33621],[141.969546,39.336051],[141.969721,39.33596],[141.969833,39.335935],[141.970071,39.336051],[141.970177,39.336135],[141.970358,39.33621],[141.970421,39.336443],[141.970383,39.337318],[141.970258,39.337518],[141.970495,39.337701],[141.970608,39.337859],[141.970883,39.338018],[141.971083,39.338026],[141.970945,39.337709],[141.970945,39.337568],[141.97112,39.337568],[141.971258,39.33746],[141.971433,39.337435],[141.971745,39.337551],[141.972008,39.337535],[141.972095,39.337418],[141.97237,39.337443],[141.972483,39.337576],[141.972633,39.337851],[141.97277,39.337984],[141.97277,39.337784],[141.972608,39.337335],[141.97297,39.337401],[141.97317,39.337585],[141.973145,39.337809],[141.973533,39.338034],[141.97362,39.337859],[141.973908,39.337859],[141.97422,39.337909],[141.974883,39.337726],[141.975133,39.337485],[141.975683,39.337601],[141.97582,39.337776],[141.976045,39.338234],[141.976382,39.338368],[141.976895,39.338668],[141.977032,39.338826],[141.977432,39.339434],[141.977745,39.339393],[141.977945,39.339443],[141.97797,39.339576],[141.977857,39.339776],[141.977945,39.339909],[141.97777,39.340001],[141.977795,39.340276],[141.977682,39.340409],[141.978107,39.340909],[141.978182,39.341242],[141.977982,39.341467],[141.978132,39.341784],[141.978357,39.341834],[141.978982,39.342109],[141.979295,39.342426],[141.97932,39.342784],[141.979482,39.343009],[141.979507,39.343242],[141.979307,39.343417],[141.979395,39.343642],[141.97957,39.343917],[141.98022,39.344459],[141.980644,39.344509],[141.980957,39.344575],[141.981044,39.344667],[141.981119,39.345034],[141.981432,39.345209],[141.981807,39.345325],[141.981919,39.345417],[141.981694,39.345509],[141.981607,39.345709],[141.981657,39.346],[141.982194,39.346417],[141.982419,39.346775],[141.982644,39.346733],[141.982773,39.346734],[141.982882,39.346825],[141.983019,39.347075],[141.983219,39.347025],[141.983619,39.346825],[141.983707,39.346875],[141.983782,39.347167],[141.984069,39.347575],[141.984319,39.34785],[141.984669,39.347983],[141.984719,39.3478],[141.984557,39.3474],[141.984557,39.347308],[141.984694,39.347205],[141.984807,39.34715],[141.984932,39.347192],[141.985469,39.347692],[141.985719,39.347675],[141.985919,39.347767],[141.986319,39.347742],[141.986456,39.347883],[141.986694,39.347908],[141.986894,39.347775],[141.987074,39.347859],[141.987344,39.348225],[141.987394,39.3485],[141.987881,39.348767],[141.988244,39.349067],[141.988619,39.349225],[141.988906,39.349275],[141.989156,39.349275],[141.989181,39.349208],[141.989131,39.348908],[141.989194,39.348867],[141.989394,39.348933],[141.989756,39.349208],[141.989956,39.3493],[141.990469,39.349192],[141.990756,39.349217],[141.991006,39.349283],[141.991756,39.349375],[141.992031,39.349517],[141.992118,39.349717],[141.992343,39.350017],[141.992493,39.349992],[141.992431,39.349633],[141.992743,39.3497],[141.992893,39.349517],[141.993031,39.349433],[141.993181,39.349567],[141.993318,39.349858],[141.993656,39.350225],[141.994256,39.350433],[141.994506,39.350817],[141.994731,39.350883],[141.994931,39.350883],[141.995218,39.351067],[141.995306,39.351158],[141.995393,39.351158],[141.995418,39.350908],[141.995418,39.350833],[141.995474,39.35081],[141.995593,39.350825],[141.995706,39.350933],[141.995623,39.351339],[141.995531,39.351475],[141.995781,39.351592],[141.996068,39.351483],[141.996268,39.351483],[141.996429,39.351305],[141.996818,39.350792],[141.996981,39.350767],[141.997043,39.35065],[141.996881,39.350425],[141.996843,39.3502],[141.996431,39.3497],[141.99643,39.349564],[141.996343,39.349384],[141.996143,39.3492],[141.995893,39.349042],[141.995468,39.348659],[141.995381,39.348275],[141.994906,39.347817],[141.993593,39.3467],[141.992943,39.3465],[141.992768,39.346634],[141.992856,39.346809],[141.992593,39.346859],[141.992344,39.346859],[141.992169,39.346742],[141.992006,39.346217],[141.991894,39.345975],[141.991719,39.345884],[141.991406,39.345834],[141.991181,39.345767],[141.991006,39.34565],[141.991044,39.345584],[141.991244,39.345401],[141.991294,39.345251],[141.991069,39.344976],[141.990844,39.344926],[141.990506,39.344951],[141.990331,39.344901],[141.990219,39.344359],[141.990031,39.343934],[141.989881,39.343701],[141.989831,39.343459],[141.989656,39.343226],[141.989344,39.343067],[141.989206,39.343042],[141.988869,39.343067],[141.988544,39.343242],[141.988231,39.343309],[141.988031,39.343242],[141.988069,39.343176],[141.988319,39.342976],[141.988844,39.342726],[141.988781,39.342234],[141.988531,39.341959],[141.988156,39.341668],[141.987794,39.341184],[141.987481,39.340934],[141.987307,39.340868],[141.986744,39.340459],[141.985919,39.339909],[141.985582,39.339801],[141.985207,39.339793],[141.984982,39.339884],[141.984944,39.340401],[141.984782,39.340426],[141.984557,39.339884],[141.984357,39.339593],[141.984044,39.339268],[141.983732,39.339226],[141.983532,39.339226],[141.983482,39.339334],[141.983469,39.339651],[141.983532,39.339926],[141.983494,39.339943],[141.983332,39.339809],[141.983157,39.339584],[141.982977,39.339412],[141.982769,39.339151],[141.982657,39.338809],[141.982282,39.338151],[141.982069,39.337568],[141.981645,39.336976],[141.981382,39.336751],[141.981045,39.336685],[141.98082,39.33661],[141.980642,39.336507],[141.980732,39.336385],[141.98115,39.336318],[141.981332,39.33621],[141.981507,39.336085],[141.98157,39.335977],[141.981545,39.335835],[141.981345,39.335593],[141.980645,39.334435],[141.980307,39.334118],[141.978995,39.333418],[141.97892,39.33321],[141.97897,39.332894],[141.979407,39.33276],[141.980107,39.332902],[141.980257,39.332902],[141.98037,39.33261],[141.980195,39.332227],[141.979857,39.331819],[141.97947,39.331569],[141.979307,39.331569],[141.97852,39.331185],[141.978282,39.33096],[141.978407,39.330735],[141.978432,39.330577],[141.978145,39.329627],[141.977945,39.329419],[141.977433,39.329194],[141.977026,39.32902],[141.976733,39.328919],[141.976408,39.328827],[141.97622,39.328607],[141.976158,39.328402],[141.975958,39.327702],[141.975695,39.327428],[141.975583,39.327386],[141.975383,39.326953],[141.975495,39.326844],[141.975495,39.326619],[141.975408,39.326303],[141.975445,39.326236],[141.975408,39.326169],[141.975233,39.326053],[141.975095,39.325711],[141.974895,39.325553],[141.974858,39.325486],[141.974658,39.325353],[141.974133,39.325194],[141.974021,39.324969],[141.974146,39.32467],[141.974671,39.324161],[141.974933,39.323978],[141.97557,39.323895],[141.976008,39.323961],[141.976095,39.323895],[141.976295,39.323245],[141.976295,39.322903],[141.976595,39.32257],[141.97662,39.32207],[141.97657,39.32167],[141.976595,39.321462],[141.976895,39.321262],[141.976983,39.321245],[141.977295,39.320953],[141.977383,39.32057],[141.97727,39.320253],[141.977533,39.319937],[141.977483,39.31962],[141.97707,39.319554],[141.976983,39.319579],[141.976933,39.319529],[141.976871,39.319329],[141.977021,39.31897],[141.977133,39.318854],[141.977046,39.31867],[141.976446,39.318562],[141.976183,39.318537],[141.975971,39.318712],[141.975483,39.318687],[141.975333,39.31882],[141.975071,39.318795],[141.974933,39.31887],[141.974521,39.318929],[141.974296,39.318795],[141.974008,39.318437],[141.973771,39.318295],[141.973746,39.318229],[141.973833,39.317912],[141.973808,39.317804],[141.973658,39.317645],[141.973633,39.317662],[141.973433,39.317554],[141.973071,39.317979],[141.972908,39.317954],[141.972821,39.317912],[141.972471,39.317862],[141.972383,39.317795],[141.972296,39.317795],[141.971946,39.317545],[141.971659,39.317254],[141.971521,39.315921],[141.971296,39.315221],[141.971234,39.314929],[141.971171,39.314862],[141.971034,39.314412],[141.970946,39.314362],[141.970896,39.313937],[141.970921,39.313821],[141.970834,39.313421],[141.970921,39.313354],[141.970746,39.313188],[141.970321,39.313279],[141.970084,39.313254],[141.969209,39.313271],[141.968596,39.313179],[141.968459,39.313204],[141.968109,39.313363],[141.967559,39.313487],[141.967034,39.313737],[141.966572,39.313821],[141.966397,39.313821],[141.966334,39.313871],[141.965609,39.313979],[141.965522,39.314021],[141.965109,39.314129],[141.965059,39.314196],[141.964584,39.314196],[141.964272,39.314462],[141.964209,39.314579],[141.963884,39.314871],[141.963572,39.314979],[141.963509,39.315021],[141.963009,39.315071],[141.962672,39.315179],[141.962459,39.315312],[141.962409,39.315312],[141.962172,39.315645],[141.961909,39.31592],[141.960947,39.315845],[141.959672,39.316045],[141.959347,39.31622],[141.959347,39.316262],[141.959085,39.316287],[141.959085,39.316312],[141.95891,39.316354],[141.958647,39.316512],[141.95836,39.316595],[141.958335,39.316645],[141.958122,39.316729],[141.95781,39.316795],[141.957135,39.316795],[141.957022,39.31682],[141.956497,39.316454],[141.95636,39.316179],[141.956797,39.315712],[141.956972,39.315354],[141.956947,39.315287],[141.956622,39.315195],[141.95666,39.314587],[141.956656,39.314514],[141.956635,39.314404],[141.956597,39.314137],[141.956135,39.313929],[141.955648,39.313546],[141.955073,39.313337],[141.95501,39.313362],[141.954173,39.313262],[141.953873,39.313329],[141.953698,39.313287],[141.952923,39.313421],[141.952185,39.313437],[141.95161,39.313746],[141.95111,39.313879],[141.950536,39.314145],[141.950148,39.314395],[141.950036,39.314529],[141.949598,39.314754],[141.949311,39.31477],[141.948898,39.314729],[141.948461,39.314612],[141.948211,39.31477],[141.948061,39.314885],[141.947948,39.314945],[141.947648,39.31497],[141.947536,39.315145],[141.947498,39.315529],[141.947448,39.315754],[141.946973,39.315862],[141.946548,39.315929],[141.946223,39.315837],[141.945936,39.315812],[141.945349,39.315562],[141.944799,39.315204],[141.944749,39.315087],[141.944774,39.31477],[141.945011,39.314479],[141.945074,39.314237],[141.945336,39.313804],[141.945224,39.313604],[141.944899,39.313445],[141.944874,39.313404],[141.944636,39.313354],[141.944349,39.31337],[141.944036,39.313462],[141.942374,39.31312],[141.941824,39.31302],[141.941562,39.312845],[141.941137,39.312054],[141.941087,39.311221],[141.941112,39.310746],[141.941087,39.310521],[141.940912,39.309937],[141.940774,39.309687],[141.940862,39.309396],[141.940749,39.309304],[141.940362,39.309213],[141.940224,39.309121],[141.939787,39.309046],[141.938862,39.308529],[141.938099,39.308679],[141.937762,39.308679],[141.937699,39.308654],[141.937612,39.308679],[141.937375,39.308471],[141.936887,39.308363],[141.936687,39.308154],[141.936337,39.308129],[141.935925,39.308246],[141.935875,39.308313],[141.935662,39.308421],[141.935525,39.308604],[141.935287,39.308737],[141.935087,39.309004],[141.935,39.309187],[141.9347,39.309454],[141.934212,39.309654],[141.934175,39.309696],[141.932837,39.310054],[141.9324,39.310071],[141.9318,39.309937],[141.9313,39.309929],[141.931238,39.309904],[141.93095,39.310021],[141.930838,39.309971],[141.930338,39.309879],[141.930175,39.309879],[141.929938,39.309837],[141.929875,39.309721],[141.929625,39.309471],[141.929275,39.309471],[141.92895,39.309487],[141.928463,39.308654],[141.928113,39.308654],[141.92785,39.308829],[141.927763,39.309196],[141.927588,39.309237],[141.927038,39.309529],[141.926625,39.309704],[141.925788,39.309771],[141.925088,39.309746],[141.924601,39.309579],[141.924188,39.309537],[141.923726,39.309737],[141.923351,39.309754],[141.922851,39.309687],[141.922526,39.309887],[141.922088,39.309995],[141.921976,39.30997],[141.921801,39.309887],[141.921801,39.309729],[141.921726,39.309362],[141.921401,39.309112],[141.921351,39.309029],[141.920501,39.308821],[141.920539,39.308454],[141.920451,39.308071],[141.920364,39.307987],[141.919989,39.307779],[141.919701,39.307529],[141.919589,39.307037],[141.919764,39.306587],[141.920001,39.306204],[141.920026,39.305913],[141.919739,39.305863],[141.919414,39.305904],[141.919239,39.306179],[141.918689,39.306104],[141.918401,39.306237],[141.917851,39.306054],[141.917826,39.305921],[141.918489,39.305521],[141.918614,39.305021],[141.918589,39.304779],[141.918264,39.304663],[141.917914,39.304729],[141.917626,39.304613],[141.917714,39.304388],[141.917826,39.304371],[141.918439,39.303804],[141.918439,39.303513],[141.917976,39.303196],[141.917576,39.303154],[141.917364,39.303579],[141.917076,39.303396],[141.916764,39.303504],[141.916501,39.303913],[141.916489,39.304229],[141.916314,39.304429],[141.916114,39.305038],[141.915876,39.305146],[141.915676,39.305779],[141.915526,39.306021],[141.915376,39.306046],[141.915039,39.305887],[141.914689,39.305812],[141.914014,39.305612],[141.913902,39.305296],[141.913939,39.305246],[141.913877,39.304913],[141.913789,39.304888],[141.913477,39.304888],[141.913214,39.304754],[141.913064,39.304746],[141.912739,39.305021],[141.912539,39.305063],[141.912402,39.304838],[141.912314,39.304771],[141.912077,39.305063],[141.911877,39.305104],[141.911702,39.305304],[141.911377,39.305529],[141.911114,39.305529],[141.910964,39.305637],[141.910614,39.305662],[141.910414,39.305504],[141.910477,39.305412],[141.910414,39.305054],[141.910427,39.304763],[141.910252,39.304604],[141.910077,39.304779],[141.909902,39.304888],[141.909489,39.305337],[141.909115,39.305404],[141.908477,39.305446],[141.908002,39.305779],[141.90769,39.306162],[141.907477,39.306837],[141.907502,39.307246],[141.90819,39.308754],[141.906877,39.309429],[141.906127,39.309445],[141.905777,39.309354],[141.905865,39.308545],[141.90564,39.308495],[141.905227,39.308654],[141.90424,39.308895],[141.903827,39.30887],[141.903515,39.308687],[141.903402,39.308395],[141.90279,39.308095],[141.902915,39.30772],[141.902703,39.307579],[141.902328,39.307462],[141.901778,39.30742],[141.901428,39.30757],[141.901428,39.307645],[141.90129,39.307662],[141.901053,39.307637],[141.900678,39.307529],[141.899578,39.306887],[141.899403,39.306712],[141.899165,39.306595],[141.899003,39.306637],[141.898703,39.306795],[141.898478,39.306679],[141.89844,39.306504],[141.898503,39.306254],[141.898278,39.305895],[141.897903,39.305621],[141.897578,39.305254],[141.897203,39.305004],[141.896941,39.304896],[141.896853,39.304912],[141.896653,39.305229],[141.896616,39.30577],[141.896678,39.305995],[141.896903,39.306445],[141.896966,39.30672],[141.896903,39.306762],[141.896241,39.306937],[141.895778,39.306779],[141.895453,39.306579],[141.894966,39.306395],[141.894903,39.306345],[141.894616,39.306279],[141.894266,39.30632],[141.894003,39.306837],[141.893653,39.306904],[141.893366,39.306837],[141.892866,39.306654],[141.892491,39.306654],[141.892204,39.306804],[141.891854,39.307304],[141.891791,39.307595],[141.892016,39.308587],[141.891779,39.308695],[141.891554,39.308762],[141.891316,39.308628],[141.891029,39.308378],[141.890966,39.308153],[141.890629,39.307812],[141.890391,39.307428],[141.890279,39.306704],[141.890341,39.306012],[141.891016,39.305837],[141.891691,39.305562],[141.891804,39.305345],[141.891779,39.304962],[141.891716,39.304912],[141.891341,39.304937],[141.890941,39.304729],[141.890004,39.304879],[141.889779,39.304837],[141.889141,39.30447],[141.888641,39.304129],[141.888641,39.304087],[141.888466,39.303862],[141.888379,39.303812],[141.888391,39.303571],[141.887541,39.303404],[141.887491,39.303312],[141.887404,39.302596],[141.887054,39.302212],[141.887592,39.301404],[141.888254,39.300888],[141.888641,39.300713],[141.888979,39.300821],[141.889541,39.300829],[141.889766,39.300713],[141.890354,39.300721],[141.890616,39.300829],[141.890666,39.301013],[141.890816,39.301121],[141.891166,39.301221],[141.891304,39.301146],[141.891479,39.300904],[141.891829,39.300813],[141.892116,39.300838],[141.892329,39.300971],[141.892441,39.301113],[141.892579,39.301154],[141.892754,39.301296],[141.893079,39.301363],[141.893278,39.301229],[141.893553,39.300238],[141.893866,39.299788],[141.894453,39.299454],[141.894716,39.299388],[141.895116,39.299638],[141.895491,39.299638],[141.896341,39.29933],[141.896928,39.299238],[141.897241,39.29933],[141.897878,39.299879],[141.898053,39.299946],[141.898453,39.299996],[141.898541,39.299971],[141.898628,39.299788],[141.899216,39.299096],[141.900178,39.298896],[141.90029,39.298921],[141.900353,39.29903],[141.900753,39.299105],[141.901253,39.29908],[141.901603,39.298971],[141.901915,39.298905],[141.902328,39.298596],[141.902828,39.298413],[141.903203,39.298213],[141.903528,39.297971],[141.904015,39.297788],[141.904453,39.297905],[141.904715,39.297655],[141.905128,39.297547],[141.905615,39.297547],[141.905852,39.297505],[141.905902,39.297463],[141.906377,39.29733],[141.906602,39.297355],[141.90684,39.29713],[141.907102,39.297038],[141.907215,39.296905],[141.907627,39.29668],[141.907777,39.29648],[141.907977,39.296438],[141.908327,39.296305],[141.908552,39.296172],[141.908677,39.295897],[141.909027,39.295722],[141.909202,39.29568],[141.909202,39.295563],[141.909315,39.29523],[141.90914,39.29493],[141.90824,39.294905],[141.907777,39.294497],[141.907615,39.294139],[141.90749,39.294155],[141.907202,39.294139],[141.907177,39.293822],[141.90669,39.293772],[141.90654,39.293572],[141.906253,39.293405],[141.90544,39.293222],[141.905265,39.293022],[141.904953,39.292814],[141.904628,39.292705],[141.904365,39.292547],[141.904015,39.29243],[141.904165,39.291847],[141.904665,39.291372],[141.90519,39.291197],[141.90534,39.291397],[141.90574,39.291472],[141.906003,39.291197],[141.906615,39.290889],[141.90694,39.290889],[141.907253,39.291114],[141.90769,39.291164],[141.907715,39.291056],[141.907927,39.290964],[141.908102,39.290622],[141.908415,39.290489],[141.908652,39.290722],[141.909202,39.290906],[141.909265,39.290539],[141.909665,39.290339],[141.90979,39.290164],[141.910015,39.290072],[141.90979,39.289572],[141.91014,39.289464],[141.91054,39.289264],[141.910977,39.289173],[141.911502,39.289514],[141.911827,39.289472],[141.912027,39.289814],[141.91234,39.290064],[141.912977,39.289906],[141.913327,39.289997],[141.914052,39.289689],[141.914265,39.289506],[141.914464,39.289148],[141.914964,39.289356],[141.915402,39.289106],[141.915664,39.288656],[141.915864,39.288098],[141.915927,39.287689],[141.915839,39.286748],[141.915852,39.286248],[141.916077,39.286023],[141.916689,39.285848],[141.917302,39.286006],[141.917764,39.28624],[141.918164,39.28649],[141.918339,39.286873],[141.918639,39.286781],[141.918864,39.286423],[141.918989,39.286156],[141.919389,39.286181],[141.920002,39.286381],[141.920114,39.286698],[141.920289,39.286923],[141.920602,39.287173],[141.920864,39.286973],[141.920927,39.286865],[141.920777,39.286681],[141.921102,39.286481],[141.921864,39.286373],[141.923339,39.28584],[141.923601,39.28604],[141.923801,39.28629],[141.924326,39.28589],[141.924501,39.285731],[141.924889,39.285731],[141.925114,39.285915],[141.925551,39.285715],[141.925901,39.285357],[141.925989,39.285082],[141.925789,39.28479],[141.925726,39.284565],[141.925939,39.284298],[141.926251,39.284615],[141.926401,39.28459],[141.926639,39.284232],[141.926601,39.28394],[141.926376,39.283798],[141.926089,39.283732],[141.925826,39.283465],[141.925801,39.282832],[141.926176,39.28234],[141.926676,39.281999],[141.926739,39.281757],[141.926539,39.281615],[141.926151,39.281665],[141.925776,39.281499],[141.925376,39.281207],[141.925289,39.281074],[141.925264,39.280865],[141.925064,39.280507],[141.924914,39.280532],[141.924676,39.280682],[141.924414,39.280682],[141.923901,39.28059],[141.923402,39.280699],[141.922239,39.280407],[141.921639,39.28004],[141.921402,39.279749],[141.921664,39.279232],[141.921789,39.278799],[141.922252,39.278557],[141.922689,39.278449],[141.923064,39.278491],[141.923614,39.278407],[141.923802,39.278091],[141.923852,39.277891],[141.924264,39.277916],[141.924614,39.277441],[141.924901,39.277149],[141.925226,39.277216],[141.925639,39.276816],[141.925776,39.276182],[141.925901,39.275916],[141.925789,39.275666],[141.925764,39.275349],[141.925851,39.275108],[141.926114,39.274608],[141.926114,39.274233],[141.926051,39.274141],[141.926201,39.273891],[141.926289,39.273624],[141.926202,39.273374],[141.926676,39.272816],[141.926676,39.2727],[141.926876,39.2725],[141.926914,39.272316],[141.927001,39.272116],[141.927176,39.271916],[141.927401,39.271758],[141.927726,39.271808],[141.927989,39.27205],[141.928126,39.272033],[141.928739,39.271808],[141.929289,39.271658],[141.929464,39.271341],[141.929651,39.270325],[141.929501,39.2701],[141.929301,39.269917],[141.928814,39.269625],[141.928376,39.269258],[141.928464,39.2689],[141.928676,39.268675],[141.928851,39.268342],[141.928789,39.267842],[141.928676,39.2676],[141.928301,39.267209],[141.927927,39.267034],[141.927202,39.266775],[141.925839,39.266525],[141.925202,39.266367],[141.923864,39.266492],[141.923489,39.266559],[141.922902,39.266467],[141.922527,39.26635],[141.922652,39.2661],[141.922715,39.265767],[141.922627,39.265675],[141.92239,39.265609],[141.922127,39.265767],[141.92209,39.266525],[141.922215,39.266825],[141.922115,39.267208],[141.922202,39.267317],[141.922002,39.267567],[141.92159,39.267783],[141.921502,39.2679],[141.921102,39.268125],[141.92084,39.268483],[141.920427,39.268642],[141.920077,39.268342],[141.919702,39.268317],[141.91939,39.268025],[141.919265,39.26805],[141.918915,39.268583],[141.918977,39.268791],[141.918852,39.269283],[141.918565,39.269441],[141.91824,39.26955],[141.91819,39.269525],[141.918102,39.269325],[141.917927,39.269166],[141.917815,39.269008],[141.917752,39.2693],[141.917865,39.269866],[141.917715,39.270066],[141.916902,39.2702],[141.916577,39.270508],[141.916315,39.270891],[141.916227,39.271233],[141.916115,39.271316],[141.915852,39.271408],[141.915102,39.271424],[141.914953,39.271333],[141.914728,39.270908],[141.914353,39.2705],[141.914203,39.270141],[141.913853,39.2698],[141.91369,39.269708],[141.913915,39.269008],[141.913778,39.268766],[141.91404,39.2684],[141.913865,39.268133],[141.91364,39.267975],[141.913615,39.267592],[141.913703,39.267367],[141.913765,39.266825],[141.913615,39.266642],[141.913528,39.266692],[141.91329,39.266917],[141.913153,39.266892],[141.912953,39.266733],[141.91269,39.266908],[141.912715,39.267092],[141.912253,39.267175],[141.911265,39.267217],[141.911203,39.267242],[141.910965,39.267508],[141.910728,39.268025],[141.91064,39.268141],[141.910503,39.2685],[141.910178,39.269016],[141.910028,39.269108],[141.909965,39.26935],[141.909853,39.269483],[141.909765,39.269691],[141.909328,39.269908],[141.90924,39.269908],[141.909065,39.270133],[141.908803,39.270341],[141.908741,39.270491],[141.908478,39.270699],[141.908253,39.270491],[141.907953,39.270599],[141.907753,39.271074],[141.907691,39.271324],[141.907491,39.271708],[141.907078,39.272108],[141.906903,39.272083],[141.906703,39.272241],[141.906728,39.272358],[141.906578,39.272574],[141.906228,39.272891],[141.905591,39.272999],[141.905016,39.272999],[141.904866,39.272974],[141.904253,39.272632],[141.903853,39.272449],[141.903503,39.272424],[141.903478,39.272383],[141.903303,39.272408],[141.902803,39.272624],[141.901091,39.272616],[141.899791,39.272432],[141.898804,39.272249],[141.897791,39.271974],[141.896804,39.271857],[141.895729,39.271849],[141.895092,39.272141],[141.894442,39.272566],[141.893979,39.272716],[141.893829,39.272741],[141.893567,39.272849],[141.893192,39.273207],[141.892579,39.273632],[141.891129,39.274149],[141.890517,39.274282],[141.889092,39.273865],[141.889042,39.273774],[141.888995,39.273601],[141.888955,39.273391],[141.890642,39.272791],[141.890867,39.272682],[141.890817,39.272566],[141.889654,39.272899],[141.88828,39.273341],[141.88823,39.273341],[141.88808,39.273166],[141.88788,39.272799],[141.88783,39.272624],[141.888255,39.272424],[141.88913,39.272132],[141.891604,39.271224],[141.893067,39.270733],[141.893092,39.270666],[141.892979,39.270533],[141.892829,39.270533],[141.887617,39.272324],[141.887592,39.272349],[141.887417,39.272166],[141.88638,39.270499],[141.886067,39.269958],[141.886042,39.269816],[141.886417,39.269083],[141.886717,39.268716],[141.887292,39.268499],[141.890292,39.267833],[141.890667,39.267791],[141.891829,39.268183],[141.891892,39.268183],[141.892267,39.268024],[141.892379,39.268024],[141.893254,39.26785],[141.894479,39.267516],[141.892654,39.266275],[141.892517,39.265866],[141.892317,39.2653],[141.894079,39.264858],[141.895717,39.26455],[141.895829,39.264508],[141.896767,39.263408],[141.898692,39.262334],[141.899103,39.262072],[141.899283,39.261847],[141.899017,39.261392],[141.899329,39.26115],[141.899629,39.260792],[141.899804,39.260292],[141.899842,39.259909],[141.899379,39.259409],[141.899429,39.259117],[141.899354,39.258876],[141.899029,39.258576],[141.899242,39.258334],[141.900254,39.258017],[141.900517,39.257951],[141.900779,39.258092],[141.901466,39.258301],[141.901991,39.258167],[141.902429,39.257826],[141.902579,39.257451],[141.902816,39.257134],[141.903016,39.256934],[141.903054,39.256551],[141.903016,39.256409],[141.902879,39.256143],[141.902504,39.255918],[141.901979,39.255734],[141.901692,39.255709],[141.900904,39.255726],[141.900242,39.255818],[141.899979,39.255901],[141.899454,39.255993],[141.898954,39.256168],[141.898342,39.256326],[141.898179,39.256276],[141.897017,39.255551],[141.896729,39.254959],[141.896617,39.254826],[141.89653,39.254493],[141.896355,39.254126],[141.896017,39.253793],[141.89578,39.25361],[141.895755,39.253518],[141.895867,39.253135],[141.895905,39.252951],[141.89593,39.252885],[141.89798,39.250868],[141.89813,39.250768],[141.89598,39.249743],[141.89623,39.249135],[141.896092,39.24911],[141.895805,39.249677],[141.895017,39.249202],[141.894642,39.248977],[141.89398,39.24876],[141.893455,39.248643],[141.892618,39.24856],[141.89203,39.24856],[141.891893,39.248577],[141.891343,39.24851],[141.890043,39.248427],[141.890068,39.248243],[141.889343,39.248177],[141.890205,39.247235],[141.890493,39.247318],[141.891168,39.246944],[141.891018,39.246785],[141.89183,39.24631],[141.892355,39.246219],[141.892493,39.246219],[141.892818,39.24631],[141.893068,39.246244],[141.893218,39.246444],[141.893968,39.247202],[141.894268,39.24736],[141.89458,39.247385],[141.895042,39.247319],[141.89533,39.247227],[141.895917,39.247177],[141.895505,39.247785],[141.897542,39.248619],[141.897655,39.24846],[141.897917,39.248485],[141.898492,39.248369],[141.89878,39.248185],[141.899392,39.247919],[141.899992,39.247802],[141.900342,39.247802],[141.901217,39.24796],[141.901179,39.248119],[141.901304,39.248477],[141.901442,39.248635],[141.901529,39.248877],[141.901742,39.248902],[141.902054,39.249327],[141.902379,39.249552],[141.902642,39.249668],[141.902867,39.24971],[141.903017,39.24971],[141.903392,39.249644],[141.903504,39.24951],[141.903679,39.249194],[141.903829,39.249144],[141.904117,39.249144],[141.904692,39.249302],[141.904804,39.24946],[141.904842,39.249594],[141.904754,39.250093],[141.904816,39.250268],[141.905016,39.250385],[141.905041,39.250452],[141.904754,39.250943],[141.904754,39.25106],[141.905016,39.250918],[141.905129,39.250785],[141.905329,39.250227],[141.905566,39.250044],[141.905854,39.249569],[141.906029,39.249485],[141.906404,39.249435],[141.906579,39.249327],[141.906629,39.249119],[141.906516,39.248827],[141.906779,39.248627],[141.906741,39.247727],[141.906829,39.247277],[141.907091,39.247027],[141.907404,39.246894],[141.907841,39.246869],[141.909441,39.247227],[141.909754,39.247386],[141.910366,39.247519],[141.910804,39.247494],[141.911029,39.247427],[141.911316,39.247294],[141.911754,39.247386],[141.912191,39.247536],[141.912566,39.247877],[141.912966,39.247986],[141.913053,39.247986],[141.913353,39.248119],[141.913403,39.248211],[141.913578,39.248186],[141.913641,39.248144],[141.913903,39.247894],[141.914103,39.247202],[141.914703,39.247202],[141.914878,39.247044],[141.914853,39.246861],[141.914791,39.246677],[141.914903,39.246636],[141.915053,39.246819],[141.915228,39.246819],[141.915253,39.246702],[141.915116,39.246453],[141.914941,39.246211],[141.914616,39.246011],[141.914066,39.245578],[141.913803,39.244886],[141.913978,39.244461],[141.914153,39.244161],[141.914203,39.243961],[141.914091,39.243561],[141.913891,39.243286],[141.913629,39.242995],[141.913566,39.242903],[141.913391,39.241961],[141.913454,39.241736],[141.913504,39.24167],[141.913504,39.241178],[141.913416,39.24077],[141.913441,39.240437],[141.913616,39.240162],[141.914279,39.239712],[141.914741,39.239512],[141.915241,39.239445],[141.916316,39.240112],[141.916866,39.240653],[141.917066,39.240678],[141.917616,39.24047],[141.918166,39.240178],[141.918428,39.239845],[141.918516,39.239554],[141.918516,39.239304],[141.918566,39.239054],[141.918803,39.238879],[141.919116,39.238879],[141.919178,39.238895],[141.919491,39.238895],[141.919753,39.238962],[141.919928,39.238445],[141.919641,39.238354],[141.919728,39.238154],[141.919691,39.237637],[141.919778,39.23757],[141.919953,39.237504],[141.920303,39.237437],[141.920766,39.237412],[141.920791,39.237387],[141.921078,39.237454],[141.921141,39.23757],[141.921316,39.237637],[141.921803,39.23777],[141.921891,39.237571],[141.922178,39.237679],[141.922041,39.238037],[141.92299,39.238287],[141.92314,39.237995],[141.923378,39.238079],[141.923928,39.238462],[141.92419,39.238712],[141.923865,39.238912],[141.923665,39.239479],[141.923953,39.23952],[141.923928,39.23972],[141.924103,39.239745],[141.924278,39.240304],[141.924503,39.240595],[141.92474,39.240778],[141.92494,39.24107],[141.925228,39.24152],[141.925353,39.241878],[141.92524,39.242528],[141.925203,39.242645],[141.925415,39.24287],[141.925503,39.242887],[141.92564,39.242845],[141.925728,39.242937],[141.92599,39.24302],[141.926102,39.243428],[141.926227,39.243653],[141.926252,39.243836],[141.926365,39.24392],[141.92654,39.243878],[141.926865,39.24417],[141.926827,39.244236],[141.926752,39.244278],[141.926665,39.244261],[141.926602,39.244303],[141.926627,39.244503],[141.92669,39.244553],[141.926752,39.244711],[141.926977,39.244953],[141.92724,39.245045],[141.92739,39.245228],[141.927502,39.245453],[141.927521,39.245604],[141.927585,39.245773],[141.92755,39.245953],[141.927277,39.246128],[141.92724,39.246211],[141.927477,39.246578],[141.927677,39.246711],[141.92794,39.246794],[141.928115,39.246819],[141.928377,39.246753],[141.928577,39.246619],[141.92889,39.246261],[141.928927,39.245945],[141.928977,39.245786],[141.929352,39.245561],[141.92999,39.245511],[141.930802,39.245153],[141.930914,39.245061],[141.931177,39.244728],[141.931377,39.244295],[141.931577,39.243687],[141.931864,39.243062],[141.931902,39.242878],[141.931727,39.24257],[141.931777,39.242362],[141.931952,39.242187],[141.932215,39.242028],[141.932564,39.241937],[141.932902,39.241912],[141.933202,39.241978],[141.933464,39.242137],[141.933727,39.242587],[141.933864,39.24272],[141.934477,39.24297],[141.934702,39.243195],[141.934852,39.243528],[141.934827,39.243712],[141.934939,39.243953],[141.935439,39.244137],[141.936389,39.244153],[141.937376,39.243978],[141.937751,39.243862],[141.938101,39.243887],[141.938364,39.244178],[141.938526,39.244537],[141.938764,39.244695],[141.938789,39.244762],[141.938564,39.244803],[141.938326,39.244937],[141.938326,39.245012],[141.938501,39.245345],[141.938539,39.245478],[141.938364,39.245861],[141.938214,39.246128],[141.938214,39.246403],[141.937989,39.247478],[141.937939,39.248086],[141.938051,39.248336],[141.938139,39.248403],[141.938401,39.248428],[141.938601,39.248336],[141.938864,39.248286],[141.939151,39.248311],[141.939764,39.248244],[141.940101,39.248086],[141.940451,39.247478],[141.940714,39.247278],[141.940914,39.247228],[141.941151,39.247278],[141.941239,39.247386],[141.941238,39.247453],[141.941351,39.24757],[141.941438,39.247545],[141.941463,39.247411],[141.941576,39.24732],[141.941613,39.247228],[141.941576,39.247003],[141.941613,39.246753],[141.941776,39.246486],[141.942013,39.24637],[141.942326,39.246395],[141.942451,39.246511],[141.942801,39.247003],[141.943088,39.247136],[141.943376,39.247245],[141.943776,39.247561],[141.943901,39.24772],[141.944013,39.247678],[141.944038,39.247603],[141.944626,39.247136],[141.944963,39.246928],[141.945026,39.246861],[141.945201,39.246845],[141.945601,39.246928],[141.946301,39.24747],[141.946626,39.247536],[141.947138,39.247803],[141.94795,39.248095],[141.949175,39.248361],[141.94955,39.24857],[141.9499,39.248811],[141.950363,39.249011],[141.950825,39.249061],[141.951862,39.24897],[141.952525,39.248786],[141.9527,39.248811],[141.952912,39.248945],[141.953137,39.249345],[141.953375,39.249461],[141.953662,39.249503],[141.953862,39.249478],[141.954212,39.249253],[141.954412,39.248578],[141.954562,39.248536],[141.9549,39.248628],[141.95615,39.248778],[141.9565,39.248895],[141.956612,39.249028],[141.956562,39.249136],[141.956612,39.249295],[141.956762,39.249436],[141.956937,39.249386],[141.957025,39.249411],[141.957162,39.249545],[141.957112,39.249678],[141.956937,39.249795],[141.956875,39.249903],[141.956825,39.24997],[141.956799,39.250056],[141.956762,39.250195],[141.956874,39.250286],[141.957199,39.250311],[141.957337,39.250261],[141.957624,39.249928],[141.957749,39.24997],[141.957774,39.25002],[141.957712,39.250086],[141.957924,39.250261],[141.958274,39.25042],[141.958562,39.25062],[141.959024,39.250711],[141.959487,39.250736],[141.959687,39.25087],[141.960187,39.250778],[141.960324,39.250778],[141.960412,39.250936],[141.960412,39.250978],[141.960524,39.25102],[141.960699,39.25102],[141.960849,39.250936],[141.960812,39.25057],[141.960937,39.250503],[141.962237,39.250595],[141.962636,39.25057],[141.963024,39.250686],[141.963136,39.250686],[141.963886,39.250453],[141.964061,39.250478],[141.964211,39.250545],[141.964261,39.250661],[141.964586,39.250953],[141.964786,39.250903],[141.964961,39.250811],[141.965074,39.250678],[141.965311,39.250545],[141.965536,39.250545],[141.965736,39.25097],[141.965861,39.251181],[141.965911,39.251353],[141.966086,39.251461],[141.966261,39.251486],[141.966386,39.251378],[141.966324,39.251195],[141.966349,39.250945],[141.966354,39.250915],[141.966349,39.250878],[141.966261,39.250653],[141.966286,39.25052],[141.966836,39.25052],[141.967511,39.250695],[141.967911,39.251011],[141.968148,39.251103],[141.968348,39.251528],[141.968498,39.251595],[141.968723,39.251528],[141.968961,39.25137],[141.969773,39.251011],[141.969998,39.250961],[141.970261,39.250828],[141.970348,39.25072],[141.970461,39.25072],[141.970523,39.250761],[141.970548,39.250878],[141.970698,39.250945],[141.970873,39.250786],[141.970748,39.250578],[141.970661,39.250511],[141.970461,39.250495],[141.970398,39.250428],[141.970398,39.25022],[141.970573,39.24957],[141.970636,39.249187],[141.970798,39.248762],[141.970973,39.247795],[141.971036,39.247662],[141.970823,39.247504],[141.970536,39.247387],[141.970486,39.247437],[141.970073,39.24757],[141.969873,39.24757],[141.969149,39.247437],[141.968949,39.247304],[141.968686,39.247187],[141.968399,39.24717],[141.967874,39.247237],[141.967386,39.247195],[141.966974,39.24697],[141.966824,39.246654],[141.966799,39.246045],[141.966599,39.245504],[141.966336,39.245354],[141.966074,39.245329],[141.965836,39.245437],[141.965724,39.245462],[141.965549,39.245329],[141.965236,39.245195],[141.965149,39.24537],[141.965236,39.245804],[141.965211,39.245912],[141.964799,39.245804],[141.964736,39.24567],[141.964624,39.245645],[141.964336,39.245754],[141.964137,39.245912],[141.964136,39.246362],[141.963911,39.246862],[141.963537,39.247312],[141.963449,39.247353],[141.963187,39.247353],[141.963012,39.247245],[141.962862,39.247045],[141.962749,39.246745],[141.962599,39.246079],[141.962512,39.246029],[141.962224,39.245987],[141.961849,39.246029],[141.961524,39.24617],[141.961299,39.246345],[141.961099,39.24657],[141.960924,39.246912],[141.960774,39.247045],[141.960662,39.247087],[141.960174,39.247137],[141.959824,39.247112],[141.959624,39.246912],[141.959474,39.246662],[141.959074,39.246303],[141.958899,39.246078],[141.958749,39.245787],[141.958749,39.245537],[141.958687,39.245454],[141.958662,39.245295],[141.958512,39.245204],[141.958512,39.24502],[141.958662,39.244954],[141.9586,39.244662],[141.9584,39.244395],[141.958137,39.244145],[141.957437,39.243787],[141.9573,39.243679],[141.957125,39.24332],[141.95695,39.243387],[141.95675,39.24352],[141.956625,39.243654],[141.9566,39.243879],[141.956512,39.244062],[141.956096,39.244147],[141.955875,39.244087],[141.955412,39.244037],[141.955237,39.243995],[141.955037,39.243679],[141.95455,39.243954],[141.9544,39.243862],[141.954,39.244062],[141.953962,39.244195],[141.95405,39.24442],[141.954025,39.244512],[141.953825,39.244512],[141.953475,39.244404],[141.953363,39.244404],[141.953013,39.244337],[141.952688,39.244087],[141.952488,39.244062],[141.952175,39.244112],[141.951625,39.24407],[141.951275,39.24407],[141.950725,39.24382],[141.950688,39.243645],[141.950838,39.243487],[141.950688,39.243279],[141.9504,39.243212],[141.9502,39.243054],[141.950025,39.24247],[141.949263,39.241579],[141.948976,39.241329],[141.948838,39.241287],[141.948708,39.241254],[141.948576,39.241262],[141.948363,39.241237],[141.948251,39.241329],[141.948201,39.241421],[141.948113,39.241446],[141.947876,39.24162],[141.947563,39.241712],[141.947151,39.242187],[141.947013,39.242254],[141.946688,39.242279],[141.946401,39.242254],[141.946176,39.24232],[141.945963,39.242504],[141.945763,39.24252],[141.945651,39.24237],[141.945188,39.242212],[141.944776,39.241962],[141.944463,39.241645],[141.944376,39.241337],[141.944426,39.241087],[141.944951,39.240637],[141.945263,39.240071],[141.945263,39.239896],[141.945151,39.239712],[141.944876,39.239644],[141.944626,39.239579],[141.944339,39.239471],[141.944139,39.239312],[141.943939,39.239379],[141.943851,39.239337],[141.943701,39.239062],[141.943726,39.238529],[141.943676,39.238304],[141.943326,39.237788],[141.943326,39.237446],[141.943376,39.237354],[141.943701,39.237179],[141.943901,39.237379],[141.944189,39.237604],[141.944389,39.237713],[141.944651,39.237763],[141.945151,39.237488],[141.945264,39.237246],[141.945401,39.237263],[141.945663,39.237221],[141.945901,39.237129],[141.945951,39.237263],[141.945988,39.237488],[141.946101,39.237646],[141.946276,39.237579],[141.946413,39.237554],[141.946476,39.237104],[141.946851,39.236929],[141.947288,39.236613],[141.947488,39.236813],[141.947663,39.237146],[141.947813,39.237304],[141.947951,39.237396],[141.948388,39.237263],[141.948763,39.236788],[141.948788,39.236496],[141.948651,39.23623],[141.948651,39.23598],[141.948876,39.235846],[141.949026,39.235688],[141.949488,39.235796],[141.949663,39.23573],[141.949601,39.235596],[141.949338,39.235413],[141.949276,39.235213],[141.949401,39.234988],[141.949601,39.235213],[141.949713,39.235238],[141.949626,39.23458],[141.949451,39.234338],[141.949126,39.233997],[141.948838,39.233755],[141.948726,39.23348],[141.948726,39.233347],[141.948863,39.23283],[141.949126,39.232338],[141.949213,39.231955],[141.949301,39.231755],[141.949388,39.231347],[141.949438,39.230355],[141.949638,39.229297],[141.949488,39.228381],[141.949576,39.227664],[141.949601,39.227481],[141.949751,39.227456],[141.950013,39.227481],[141.950538,39.227389],[141.951163,39.227122],[141.951401,39.227047],[141.951488,39.226847],[141.950876,39.226064],[141.950788,39.225773],[141.951226,39.225139],[141.951513,39.225006],[141.952088,39.224981],[141.952751,39.224781],[141.952876,39.224714],[141.953888,39.224465],[141.954376,39.224398],[141.955013,39.224415],[141.955101,39.224348],[141.954901,39.22419],[141.954638,39.224098],[141.954401,39.223965],[141.954338,39.223656],[141.954338,39.223356],[141.954426,39.22289],[141.954488,39.222756],[141.954663,39.222798],[141.954776,39.222865],[141.954926,39.22284],[141.955126,39.222665],[141.955413,39.222665],[141.955901,39.222482],[141.956138,39.222507],[141.956276,39.222748],[141.956863,39.222865],[141.957263,39.222865],[141.957325,39.222773],[141.957213,39.222415],[141.956913,39.222323],[141.956575,39.222365],[141.956276,39.222257],[141.956101,39.222123],[141.956101,39.222073],[141.955726,39.221782],[141.955501,39.221648],[141.955438,39.221807],[141.955463,39.221965],[141.955438,39.222032],[141.955213,39.222007],[141.955038,39.222082],[141.954776,39.222123],[141.954601,39.22224],[141.954426,39.22199],[141.954076,39.22174],[141.952951,39.221315],[141.952313,39.22114],[141.951676,39.220915],[141.951389,39.22069],[141.950751,39.220357],[141.950401,39.220132],[141.950139,39.219682],[141.949439,39.219232],[141.949039,39.21914],[141.948626,39.218849],[141.948476,39.218649],[141.948514,39.218265],[141.948451,39.217932],[141.948014,39.217457],[141.947789,39.217299],[141.947664,39.217074],[141.947614,39.217032],[141.947489,39.217049],[141.947289,39.217574],[141.946627,39.217365],[141.946302,39.21714],[141.946252,39.217032],[141.946014,39.216849],[141.945877,39.216807],[141.945577,39.216832],[141.945439,39.216899],[141.945264,39.217032],[141.945152,39.217232],[141.944952,39.217257],[141.944714,39.217149],[141.944364,39.217165],[141.944189,39.21739],[141.944139,39.217599],[141.943964,39.217665],[141.943477,39.21764],[141.943327,39.217532],[141.943064,39.217574],[141.942489,39.217982],[141.942202,39.218315],[141.942139,39.218615],[141.942177,39.218923],[141.942027,39.219132],[141.941539,39.219398],[141.94139,39.219582],[141.940965,39.220365],[141.94079,39.220481],[141.940552,39.220565],[141.940352,39.220723],[141.940177,39.221106],[141.94004,39.221198],[141.939627,39.221315],[141.93949,39.22149],[141.939427,39.221923],[141.939202,39.222098],[141.939052,39.222165],[141.938877,39.22219],[141.93874,39.222348],[141.938702,39.222773],[141.93859,39.222998],[141.938415,39.223198],[141.938015,39.223339],[141.937577,39.223431],[141.937115,39.223406],[141.936802,39.223223],[141.936802,39.223023],[141.936677,39.222889],[141.936365,39.222864],[141.936252,39.222798],[141.936222,39.222736],[141.936135,39.222673],[141.936007,39.222586],[141.935904,39.222497],[141.935753,39.222398],[141.935553,39.222373],[141.935403,39.222281],[141.935178,39.222239],[141.934965,39.222106],[141.93489,39.222106],[141.934253,39.222439],[141.934078,39.222439],[141.93404,39.222423],[141.933878,39.222423],[141.933728,39.222739],[141.933665,39.222781],[141.933265,39.222756],[141.932978,39.222531],[141.93234,39.222398],[141.931703,39.221706],[141.931378,39.221548],[141.931293,39.221485],[141.931316,39.22139],[141.931316,39.221348],[141.931241,39.221348],[141.931116,39.221056],[141.931003,39.22099],[141.930941,39.220873],[141.930678,39.220848],[141.930341,39.220781],[141.930303,39.220873],[141.930428,39.221006],[141.930591,39.221031],[141.930741,39.221165],[141.930716,39.221323],[141.930303,39.221373],[141.930053,39.221456],[141.929903,39.221573],[141.929616,39.221998],[141.929241,39.222023],[141.929128,39.221839],[141.929041,39.221548],[141.928978,39.221573],[141.928866,39.221706],[141.928716,39.221756],[141.928453,39.221689],[141.927878,39.221331],[141.927616,39.221123],[141.927441,39.220973],[141.926978,39.221081],[141.926805,39.221287],[141.926541,39.221373],[141.926341,39.221398],[141.926116,39.221781],[141.925529,39.222189],[141.925329,39.222139],[141.924979,39.222298],[141.924866,39.222414],[141.924729,39.222481],[141.924341,39.222431],[141.924116,39.222323],[141.923966,39.222123],[141.923854,39.221781],[141.923879,39.221539],[141.923816,39.221173],[141.923329,39.220456],[141.923416,39.220123],[141.923616,39.219873],[141.924104,39.219898],[141.924366,39.219848],[141.924954,39.21989],[141.925241,39.219873],[141.925504,39.219715],[141.925529,39.219398],[141.925354,39.219173],[141.925316,39.21899],[141.925616,39.218906],[141.926166,39.218881],[141.926966,39.21859],[141.927091,39.218673],[141.927953,39.218315],[141.928066,39.218223],[141.928128,39.218048],[141.928004,39.216898],[141.927779,39.216607],[141.927804,39.216315],[141.927566,39.215665],[141.927479,39.215349],[141.927366,39.215124],[141.927141,39.215057],[141.926791,39.215032],[141.926704,39.215057],[141.925954,39.214924],[141.925654,39.214924],[141.925491,39.214882],[141.925279,39.214407],[141.924966,39.214249],[141.924791,39.214207],[141.924329,39.214274],[141.924129,39.214365],[141.924042,39.214499],[141.924042,39.214765],[141.923892,39.215015],[141.923754,39.215082],[141.923579,39.215107],[141.923079,39.215015],[141.921979,39.214974],[141.921404,39.215132],[141.920942,39.215157],[141.920242,39.214999],[141.919979,39.214907],[141.919642,39.214707],[141.918567,39.214349],[141.918192,39.214174],[141.916967,39.213724],[141.91518,39.21289],[141.913843,39.211791],[141.913468,39.211366],[141.913205,39.211007],[141.91303,39.210624],[141.912968,39.210399],[141.912681,39.210149],[141.912593,39.210149],[141.912393,39.209999],[141.912093,39.209907],[141.911756,39.209816],[141.911693,39.209774],[141.911381,39.209749],[141.911206,39.209682],[141.911081,39.209591],[141.910768,39.209507],[141.910681,39.209033],[141.910393,39.208874],[141.910243,39.208941],[141.909868,39.209033],[141.909543,39.208941],[141.909318,39.208699],[141.909343,39.208316],[141.909281,39.208133],[141.909231,39.207749],[141.908706,39.207416],[141.907519,39.207149],[141.907119,39.207099],[141.906706,39.207099],[141.905931,39.206966],[141.905544,39.206966],[141.905081,39.206883],[141.904994,39.206833],[141.904706,39.206566],[141.904619,39.206366],[141.904619,39.206075],[141.904444,39.205533],[141.904306,39.205241],[141.904181,39.205125],[141.903431,39.205058],[141.903057,39.204908],[141.903032,39.204841],[141.902794,39.20475],[141.902507,39.204791],[141.902094,39.204791],[141.901957,39.204841],[141.901757,39.205],[141.901432,39.205333],[141.901469,39.205608],[141.901407,39.205675],[141.901407,39.205741],[141.901494,39.205875],[141.901432,39.206124],[141.901232,39.206141],[141.901057,39.206283],[141.900919,39.206299],[141.900719,39.206283],[141.900482,39.20627],[141.900282,39.206233],[141.900019,39.206166],[141.899732,39.205899],[141.899444,39.205808],[141.899057,39.205791],[141.898719,39.205808],[141.898432,39.205874],[141.898282,39.206324],[141.898282,39.206549],[141.898544,39.207049],[141.898569,39.207183],[141.898694,39.207291],[141.898544,39.207499],[141.898457,39.207499],[141.898194,39.207366],[141.897769,39.207341],[141.897532,39.207408],[141.897132,39.207433],[141.897016,39.207475],[141.896919,39.207499],[141.896257,39.207633],[141.896032,39.208016],[141.895857,39.208082],[141.895802,39.208247],[141.896032,39.208732],[141.896057,39.208874],[141.895969,39.208957],[141.895394,39.209274],[141.895244,39.209324],[141.895132,39.209257],[141.895132,39.209049],[141.894557,39.208807],[141.894407,39.208982],[141.894057,39.208982],[141.89372,39.208941],[141.893595,39.208766],[141.893195,39.208699],[141.893107,39.208491],[141.892757,39.208424],[141.892445,39.208407],[141.892232,39.208424],[141.892095,39.208582],[141.892032,39.208607],[141.891895,39.208766],[141.89192,39.208899],[141.891832,39.209082],[141.891832,39.209166],[141.89172,39.209166],[141.891432,39.209082],[141.891282,39.209124],[141.89082,39.209174],[141.890732,39.209124],[141.890582,39.208899],[141.890332,39.208924],[141.889982,39.208857],[141.889632,39.208832],[141.88882,39.208882],[141.88862,39.208949],[141.88792,39.20929],[141.887745,39.209066],[141.887633,39.208841],[141.887408,39.208857],[141.887108,39.208591],[141.886995,39.208324],[141.886995,39.208182],[141.887458,39.208116],[141.88757,39.207824],[141.888495,39.207532],[141.888583,39.207491],[141.889083,39.207466],[141.889258,39.207282],[141.88942,39.206949],[141.889657,39.206858],[141.88992,39.206858],[141.890207,39.206808],[141.890495,39.206699],[141.890645,39.206716],[141.89087,39.206941],[141.891195,39.206991],[141.891307,39.206966],[141.891395,39.206833],[141.891332,39.206516],[141.890982,39.206341],[141.890982,39.206249],[141.891282,39.206116],[141.891245,39.205841],[141.891132,39.205666],[141.891182,39.205374],[141.89127,39.205166],[141.89127,39.204925],[141.891182,39.204716],[141.891182,39.204541],[141.891307,39.204475],[141.89197,39.20445],[141.892345,39.204491],[141.892545,39.204466],[141.89292,39.204308],[141.893182,39.20415],[141.89327,39.204133],[141.893382,39.20395],[141.893382,39.203841],[141.893032,39.203258],[141.89307,39.203075],[141.893007,39.202875],[141.89272,39.2024],[141.892657,39.202375],[141.892323,39.202386],[141.892195,39.202308],[141.89202,39.202175],[141.891957,39.202242],[141.89187,39.202242],[141.891708,39.202158],[141.891733,39.202083],[141.891995,39.20195],[141.892107,39.201933],[141.892245,39.20175],[141.892332,39.201708],[141.892395,39.201775],[141.892482,39.201683],[141.89257,39.201483],[141.892482,39.201142],[141.89222,39.200942],[141.89222,39.200808],[141.892395,39.200692],[141.892745,39.200667],[141.89312,39.200733],[141.89352,39.200783],[141.893607,39.200717],[141.893567,39.200409],[141.893432,39.200084],[141.89297,39.199409],[141.892558,39.19905],[141.89192,39.19865],[141.89152,39.198334],[141.89132,39.198217],[141.890945,39.197925],[141.890733,39.197859],[141.890547,39.19777],[141.890333,39.197659],[141.889845,39.197642],[141.889458,39.197659],[141.889058,39.197775],[141.888833,39.197909],[141.888764,39.19806],[141.88862,39.198159],[141.888283,39.198225],[141.887983,39.198334],[141.88752,39.1987],[141.887358,39.198809],[141.887271,39.198742],[141.887121,39.198809],[141.886858,39.199167],[141.886721,39.19935],[141.886596,39.199625],[141.886658,39.199983],[141.886433,39.200208],[141.886233,39.200633],[141.886108,39.201108],[141.885945,39.201508],[141.885683,39.2018],[141.88557,39.201867],[141.885046,39.201983],[141.884608,39.20185],[141.884458,39.201802],[141.884033,39.20165],[141.883833,39.201625],[141.883533,39.2019],[141.883196,39.202125],[141.882696,39.202258],[141.881946,39.202258],[141.881746,39.202216],[141.881683,39.202166],[141.881371,39.202233],[141.881171,39.202441],[141.880996,39.202708],[141.880671,39.202891],[141.880183,39.203025],[141.879783,39.203208],[141.879108,39.203608],[141.878908,39.203833],[141.878071,39.203908],[141.877759,39.204083],[141.877209,39.204716],[141.876796,39.204691],[141.876221,39.204716],[141.875759,39.204783],[141.875521,39.204941],[141.875409,39.205207],[141.874809,39.205682],[141.874109,39.205732],[141.873359,39.205907],[141.872684,39.205257],[141.871909,39.205599],[141.872434,39.206291],[141.871359,39.206832],[141.870647,39.20704],[141.870434,39.207157],[141.870297,39.206999],[141.870234,39.207024],[141.870059,39.20704],[141.869972,39.206665],[141.869909,39.206599],[141.869684,39.206624],[141.868847,39.206874],[141.868434,39.206965],[141.867534,39.206682],[141.867247,39.20664],[141.866572,39.206332],[141.866347,39.205999],[141.86616,39.205816],[141.865928,39.205426],[141.865635,39.204807],[141.865403,39.204618],[141.865247,39.204357],[141.865097,39.204024],[141.864885,39.203707],[141.864772,39.203624],[141.864235,39.202933],[141.864193,39.20277],[141.864147,39.202616],[141.864397,39.202166],[141.864535,39.201599],[141.864972,39.201524],[141.865516,39.201361],[141.86566,39.201141],[141.865572,39.200783],[141.865685,39.2006],[141.865735,39.200375],[141.866185,39.199675],[141.866597,39.199533],[141.867235,39.199616],[141.867697,39.199633],[141.867947,39.199608],[141.86816,39.199675],[141.86825,39.199882],[141.868485,39.200191],[141.86875,39.200349],[141.86901,39.200483],[141.869097,39.200566],[141.869097,39.200641],[141.869209,39.200841],[141.869509,39.201108],[141.869659,39.201125],[141.869822,39.201033],[141.869884,39.200791],[141.869734,39.200316],[141.869759,39.200141],[141.869984,39.199908],[141.870209,39.19975],[141.870472,39.199683],[141.870784,39.199675],[141.870934,39.199567],[141.870959,39.199317],[141.870971,39.199178],[141.871009,39.199025],[141.871072,39.198933],[141.870972,39.198758],[141.870772,39.198533],[141.870822,39.198392],[141.871347,39.19805],[141.871447,39.197971],[141.871572,39.198042],[141.872322,39.197975],[141.872497,39.197908],[141.872734,39.197592],[141.872734,39.197234],[141.872209,39.1969],[141.871659,39.196742],[141.871447,39.196762],[141.871097,39.196684],[141.870885,39.19655],[141.870535,39.196459],[141.869585,39.196517],[141.869297,39.196517],[141.869172,39.196475],[141.86861,39.195509],[141.868197,39.195084],[141.868022,39.195042],[141.86786,39.195109],[141.867622,39.195042],[141.86701,39.194575],[141.866922,39.194284],[141.866685,39.194217],[141.866423,39.1942],[141.866073,39.193892],[141.865873,39.193759],[141.865698,39.193709],[141.86551,39.193351],[141.865535,39.193217],[141.865648,39.193017],[141.866248,39.192376],[141.866648,39.192017],[141.86731,39.191601],[141.86786,39.191351],[141.86811,39.191284],[141.868498,39.191276],[141.868785,39.191234],[141.86921,39.191251],[141.86971,39.191334],[141.870172,39.191534],[141.87041,39.191443],[141.870485,39.191334],[141.870685,39.191284],[141.871272,39.191276],[141.871447,39.191205],[141.87176,39.191318],[141.871885,39.191434],[141.872347,39.191593],[141.872772,39.191859],[141.873035,39.191926],[141.873335,39.192059],[141.87341,39.192043],[141.873735,39.191834],[141.87396,39.191809],[141.874197,39.191834],[141.874484,39.191901],[141.875147,39.192259],[141.875384,39.192351],[141.875959,39.192376],[141.876834,39.192259],[141.877208,39.192176],[141.877759,39.191984],[141.878222,39.191809],[141.878072,39.191534],[141.878159,39.191468],[141.878359,39.191451],[141.878572,39.191359],[141.878622,39.191359],[141.878859,39.191176],[141.879234,39.191359],[141.879522,39.191376],[141.879959,39.191334],[141.880296,39.191285],[141.880296,39.191268],[141.880596,39.19111],[141.880759,39.190818],[141.880821,39.190476],[141.880646,39.190385],[141.880622,39.190343],[141.880709,39.190185],[141.880884,39.190051],[141.881022,39.189601],[141.881371,39.189485],[141.881634,39.189468],[141.881721,39.189101],[141.881547,39.18881],[141.881634,39.188727],[141.882184,39.188518],[141.882259,39.188385],[141.882809,39.188452],[141.882846,39.188427],[141.882846,39.188252],[141.882784,39.18816],[141.882434,39.187935],[141.88238,39.187903],[141.882296,39.187827],[141.881659,39.187485],[141.881572,39.187352],[141.881597,39.187243],[141.881859,39.187035],[141.881947,39.186943],[141.882084,39.186877],[141.882147,39.18681],[141.882147,39.186743],[141.881822,39.186493],[141.881734,39.186344],[141.881684,39.185977],[141.881559,39.185844],[141.881709,39.185577],[141.881909,39.185352],[141.882084,39.185235],[141.882372,39.185302],[141.883009,39.18521],[141.883384,39.185352],[141.883534,39.185502],[141.883621,39.185644],[141.883759,39.185594],[141.883821,39.185619],[141.883884,39.185752],[141.885159,39.185527],[141.885296,39.185369],[141.885409,39.185369],[141.885656,39.18552],[141.885846,39.185619],[141.886021,39.185569],[141.886196,39.185394],[141.886634,39.18521],[141.887034,39.184935],[141.887259,39.184894],[141.887434,39.184894],[141.887496,39.184852],[141.887784,39.184777],[141.887934,39.184777],[141.888134,39.184669],[141.888309,39.184486],[141.888424,39.184444],[141.888509,39.184444],[141.888709,39.184444],[141.888971,39.184327],[141.889121,39.184394],[141.889346,39.184394],[141.889434,39.184352],[141.889496,39.184194],[141.889496,39.183902],[141.889409,39.183519],[141.889459,39.183386],[141.889571,39.183269],[141.889746,39.183186],[141.889946,39.182911],[141.890009,39.182552],[141.890096,39.182302],[141.890071,39.181969],[141.890496,39.181586],[141.890646,39.181294],[141.890934,39.181228],[141.891334,39.181178],[141.892671,39.181153],[141.892896,39.181136],[141.893196,39.181361],[141.893271,39.181511],[141.893283,39.181628],[141.893221,39.181736],[141.893246,39.181803],[141.893483,39.181853],[141.893621,39.181944],[141.894058,39.182028],[141.894258,39.182094],[141.894383,39.182094],[141.894496,39.182278],[141.894521,39.182411],[141.894588,39.182506],[141.894611,39.182633],[141.894471,39.182819],[141.894372,39.183064],[141.894346,39.183244],[141.894383,39.183627],[141.894121,39.184411],[141.894121,39.184636],[141.894208,39.184727],[141.894471,39.184686],[141.894621,39.184569],[141.894783,39.184569],[141.895083,39.184727],[141.895308,39.184769],[141.895421,39.184752],[141.895508,39.184461],[141.895746,39.184369],[141.896183,39.184277],[141.896383,39.184477],[141.896558,39.184594],[141.896958,39.184611],[141.897133,39.184902],[141.897333,39.184969],[141.897658,39.184994],[141.897795,39.184969],[141.898008,39.184861],[141.898408,39.184494],[141.898783,39.184611],[141.899133,39.184652],[141.89942,39.184627],[141.89982,39.184652],[141.900408,39.184769],[141.900695,39.184677],[141.900633,39.184452],[141.900545,39.184319],[141.90032,39.184094],[141.900345,39.183952],[141.900495,39.183869],[141.901445,39.183636],[141.901795,39.183619],[141.902058,39.183636],[141.902432,39.183769],[141.903007,39.184136],[141.903207,39.184311],[141.903582,39.184536],[141.904432,39.184736],[141.90472,39.184786],[141.905075,39.184923],[141.905295,39.185027],[141.905407,39.185161],[141.905732,39.185227],[141.90642,39.185161],[141.906632,39.185211],[141.906807,39.185361],[141.907269,39.185611],[141.907444,39.185744],[141.907669,39.185836],[141.908107,39.185786],[141.909032,39.185852],[141.909819,39.185811],[141.909957,39.185877],[141.910194,39.186052],[141.910507,39.186127],[141.911494,39.186102],[141.912069,39.185961],[141.912594,39.185736],[141.912808,39.185583],[141.913056,39.185427],[141.913344,39.185311],[141.913656,39.185286],[141.913956,39.185378],[141.914181,39.185486],[141.914469,39.185777],[141.914794,39.186277],[141.914969,39.186436],[141.915344,39.186502],[141.915606,39.186502],[141.915894,39.186411],[141.915956,39.186361],[141.916031,39.186161],[141.916156,39.186002],[141.916381,39.185977],[141.916469,39.186227],[141.916581,39.186361],[141.916731,39.186386],[141.916994,39.186186],[141.917168,39.185961],[141.917456,39.185869],[141.917543,39.185869],[141.917831,39.185686],[141.917943,39.185644],[141.918206,39.185661],[141.918443,39.185728],[141.918531,39.185803],[141.918668,39.186111],[141.918818,39.186136],[141.919018,39.186094],[141.919193,39.185977],[141.919331,39.185977],[141.919856,39.186069],[141.920181,39.186003],[141.920843,39.185503],[141.921106,39.185478],[141.921531,39.185386],[141.921993,39.185186],[141.922493,39.184628],[141.922606,39.184419],[141.922606,39.184353],[141.922918,39.184153],[141.923156,39.184103],[141.923443,39.183878],[141.923443,39.18377],[141.923356,39.183728],[141.923156,39.18377],[141.922981,39.183969],[141.922868,39.184036],[141.922806,39.184036],[141.922693,39.183969],[141.922718,39.183678],[141.922656,39.183586],[141.922281,39.183436],[141.922131,39.18332],[141.922018,39.183095],[141.922343,39.182961],[141.922368,39.18292],[141.922343,39.182828],[141.922043,39.182628],[141.921834,39.182588],[141.921731,39.182603],[141.921618,39.182645],[141.921293,39.182603],[141.921122,39.182542],[141.921006,39.182378],[141.920981,39.182178],[141.921068,39.181928],[141.921293,39.18177],[141.921731,39.181611],[141.922131,39.181345],[141.922193,39.181253],[141.922193,39.181095],[141.921668,39.181095],[141.921293,39.181145],[141.921143,39.18112],[141.919868,39.181145],[141.919444,39.181211],[141.919094,39.181236],[141.919031,39.181211],[141.918831,39.180853],[141.918569,39.180603],[141.917994,39.180203],[141.917819,39.180045],[141.917619,39.179778],[141.917406,39.179395],[141.917231,39.179145],[141.916656,39.17897],[141.916456,39.178653],[141.916244,39.178495],[141.915782,39.178403],[141.915294,39.178403],[141.914657,39.17852],[141.913244,39.178495],[141.912832,39.17852],[141.912457,39.178637],[141.910982,39.178678],[141.910432,39.178612],[141.910032,39.178387],[141.909732,39.178187],[141.90927,39.178012],[141.908457,39.177812],[141.907907,39.17722],[141.90762,39.177112],[141.907095,39.177045],[141.906408,39.17702],[141.905708,39.176845],[141.90557,39.176753],[141.905395,39.176553],[141.905333,39.17637],[141.905245,39.175787],[141.905133,39.175545],[141.904545,39.175112],[141.904345,39.174887],[141.90397,39.174287],[141.903508,39.17417],[141.903358,39.17417],[141.90307,39.174012],[141.90287,39.173862],[141.902608,39.173787],[141.902208,39.173745],[141.901446,39.173479],[141.900958,39.173387],[141.900721,39.173412],[141.900058,39.173345],[141.899658,39.173254],[141.898171,39.172021],[141.897858,39.171704],[141.897446,39.171396],[141.896984,39.171187],[141.896759,39.171037],[141.896434,39.170854],[141.895509,39.170721],[141.895159,39.170604],[141.894734,39.170337],[141.894059,39.169687],[141.893884,39.169562],[141.893721,39.169412],[141.893347,39.169387],[141.892859,39.169471],[141.891609,39.169379],[141.891197,39.169287],[141.890097,39.168804],[141.889422,39.168804],[141.888709,39.168871],[141.888447,39.168846],[141.887985,39.168754],[141.88756,39.168279],[141.88701,39.168254],[141.886635,39.168137],[141.886447,39.167979],[141.885797,39.167837],[141.885472,39.167996],[141.885172,39.167996],[141.88471,39.167771],[141.884547,39.167771],[141.884085,39.167879],[141.883785,39.168037],[141.882873,39.168346],[141.882023,39.168587],[141.881248,39.168362],[141.88016,39.168337],[141.879485,39.168512],[141.878798,39.168754],[141.877548,39.16947],[141.877511,39.169562],[141.877473,39.169595],[141.877098,39.169729],[141.876761,39.169779],[141.875861,39.170029],[141.875486,39.170004],[141.875311,39.169962],[141.874611,39.169562],[141.874523,39.169529],[141.874011,39.169145],[141.873149,39.16837],[141.872824,39.16832],[141.872174,39.168595],[141.871899,39.168929],[141.871439,39.169387],[141.871374,39.16942],[141.870824,39.169562],[141.870711,39.169653],[141.870536,39.169703],[141.869636,39.169753],[141.868924,39.169828],[141.867212,39.169887],[141.866612,39.169887],[141.866149,39.169987],[141.865799,39.17017],[141.865549,39.170662],[141.865274,39.171453],[141.865012,39.171661],[141.864437,39.17187],[141.863774,39.172161],[141.863199,39.172503],[141.862287,39.173278],[141.862199,39.173394],[141.861862,39.173619],[141.861224,39.173803],[141.860849,39.173878],[141.860599,39.174061],[141.859912,39.174719],[141.859074,39.175061],[141.858674,39.175336],[141.858249,39.175561],[141.857787,39.175677],[141.8573,39.175844],[141.856112,39.175877],[141.855387,39.175769],[141.855012,39.175544],[141.854512,39.175119],[141.854037,39.174811],[141.853263,39.174569],[141.853225,39.174619],[141.8528,39.174594],[141.851,39.174744],[141.850563,39.174611],[141.850188,39.174436],[141.8499,39.174511],[141.8495,39.174919],[141.848988,39.175144],[141.848813,39.175169],[141.848288,39.175102],[141.847426,39.175161],[141.847026,39.175319],[141.846301,39.175685],[141.845876,39.175869],[141.845463,39.175985],[141.843763,39.175935],[141.842863,39.176094],[141.841539,39.17651],[141.840939,39.176677],[141.840076,39.176702],[141.839489,39.176752],[141.838889,39.176893],[141.838314,39.177127],[141.837739,39.177218],[141.836664,39.177118],[141.836314,39.177052],[141.835277,39.177152],[141.834527,39.17731],[141.833839,39.177543],[141.833464,39.177777],[141.833114,39.17811],[141.832839,39.178343],[141.831977,39.17871],[141.830165,39.179626],[141.829702,39.179918],[141.829565,39.18006],[141.82944,39.180035],[141.82854,39.179143],[141.828327,39.17896],[141.827777,39.178676],[141.827427,39.17861],[141.82604,39.178576],[141.825115,39.178451],[141.82499,39.17836],[141.82479,39.178026],[141.82464,39.177685],[141.824103,39.176818],[141.823865,39.176526],[141.82349,39.17626],[141.823053,39.176193],[141.822303,39.176335],[141.821666,39.176385],[141.821153,39.176301],[141.820716,39.176101],[141.820078,39.17586],[141.819603,39.175793],[141.818778,39.176051],[141.818366,39.176076],[141.817179,39.175901],[141.816691,39.17586],[141.816541,39.175951],[141.816116,39.176118],[141.815479,39.176276],[141.814441,39.176335],[141.812242,39.176326],[141.811404,39.176359],[141.811004,39.176451],[141.810654,39.176726],[141.810429,39.177109],[141.810204,39.177359],[141.809804,39.177518],[141.809479,39.177501],[141.809129,39.177618],[141.808879,39.178001],[141.808567,39.178451],[141.808079,39.178767],[141.807617,39.178726],[141.807442,39.178684],[141.807067,39.178484],[141.806242,39.177884],[141.805455,39.177534],[141.804905,39.177334],[141.804042,39.177209],[141.803255,39.177259],[141.802168,39.177534],[141.80038,39.178117],[141.799305,39.178392],[141.79873,39.178442],[141.798005,39.178317],[141.796143,39.177426],[141.795568,39.177251],[141.795018,39.177167],[141.794468,39.177126],[141.793656,39.177176],[141.793081,39.177342],[141.792681,39.177592],[141.792243,39.178067],[141.792056,39.178434],[141.791543,39.179042],[141.790968,39.179517],[141.790531,39.17975],[141.788844,39.180367],[141.787919,39.180667],[141.787144,39.180967],[141.786219,39.181225],[141.785319,39.181392],[141.784631,39.181441],[141.784019,39.181358],[141.783407,39.181183],[141.783032,39.180958],[141.782569,39.180625],[141.782007,39.180292],[141.781432,39.180025],[141.780444,39.179833],[141.780069,39.179675],[141.779607,39.179658],[141.778557,39.179333],[141.778032,39.179308],[141.777545,39.17945],[141.777432,39.179516],[141.77677,39.179591],[141.776595,39.179525],[141.77572,39.179333],[141.77482,39.179316],[141.773958,39.179433],[141.773295,39.179466],[141.77277,39.179441],[141.77167,39.179183],[141.770533,39.178966],[141.76967,39.178908],[141.767733,39.17895],[141.767071,39.178908],[141.766396,39.178775],[141.765333,39.178741],[141.764433,39.178791],[141.763709,39.178758],[141.763621,39.178774],[141.763184,39.178691],[141.761796,39.178116],[141.760509,39.177699],[141.760146,39.177858],[141.759796,39.178041],[141.759334,39.177999],[141.758809,39.177874],[141.757384,39.177433],[141.755909,39.176841],[141.755384,39.176574],[141.754397,39.176358],[141.754247,39.176291],[141.753247,39.175258],[141.752585,39.174725],[141.751535,39.174375],[141.751272,39.174333],[141.750585,39.174425],[141.749773,39.174325],[141.748898,39.174266],[141.748523,39.174358],[141.747773,39.174633],[141.747198,39.174683],[141.746673,39.174549],[141.746459,39.174462],[141.74631,39.174449],[141.74601,39.174566],[141.745586,39.174649],[141.745261,39.174683],[141.744911,39.174774],[141.744611,39.174899],[141.744461,39.175033],[141.744286,39.175491],[141.743836,39.176491],[141.743736,39.176616],[141.743398,39.176882],[141.742636,39.177349],[141.742261,39.177724],[141.741898,39.178291],[141.741336,39.179524],[141.741248,39.17984],[141.741011,39.180207],[141.740123,39.181015],[141.740011,39.181432],[141.739698,39.181965],[141.739373,39.182415],[141.738798,39.182932],[141.738248,39.183098],[141.737498,39.183398],[141.737098,39.183473],[141.735799,39.183598],[141.735436,39.183831],[141.735036,39.184406],[141.734611,39.184815],[141.734411,39.185056],[141.734386,39.185448],[141.734324,39.185915],[141.734211,39.186156],[141.733699,39.186431],[141.731886,39.187239],[141.730599,39.188164],[141.730461,39.188647],[141.730424,39.189514],[141.730361,39.189747],[141.730074,39.190081],[141.729999,39.190347],[141.729986,39.190889],[141.729724,39.191322],[141.729424,39.19173],[141.729036,39.192472],[141.729011,39.192589],[141.729049,39.193139],[141.729499,39.19423],[141.729486,39.19473],[141.729649,39.195122],[141.729724,39.195672],[141.729674,39.196022],[141.729461,39.19638],[141.729261,39.196638],[141.728699,39.197071],[141.728136,39.197688],[141.727799,39.198296],[141.727536,39.199046],[141.727474,39.199329],[141.727461,39.199888],[141.727524,39.200413],[141.727699,39.201004],[141.728036,39.202521],[141.728036,39.203137],[141.728045,39.203195],[141.728086,39.203229],[141.728216,39.203332],[141.728711,39.203754],[141.728849,39.203937],[141.728424,39.204012],[141.727986,39.204162],[141.727099,39.204545],[141.725961,39.205195],[141.724899,39.206029],[141.723949,39.207162],[141.723837,39.207345],[141.722862,39.208528],[141.721924,39.209586],[141.721599,39.210036],[141.721124,39.210553],[141.719699,39.211803],[141.719012,39.212611],[141.718687,39.213194],[141.718424,39.213386],[141.717812,39.213678],[141.717387,39.213919],[141.7171,39.214136],[141.717,39.214303],[141.71685,39.214702],[141.716587,39.215536],[141.716325,39.216069],[141.715987,39.216619],[141.714762,39.218202],[141.714575,39.21831],[141.714387,39.218302],[141.713837,39.218135],[141.7134,39.217927],[141.712825,39.217744],[141.712188,39.21741],[141.711525,39.217244],[141.710938,39.21731],[141.70985,39.217185],[141.709025,39.217269],[141.708326,39.21721],[141.706951,39.216969],[141.706551,39.21696],[141.706351,39.217027],[141.706051,39.217194],[141.705526,39.217527],[141.705238,39.217594],[141.704988,39.217752],[141.704701,39.218043],[141.704363,39.21826],[141.703839,39.218368],[141.703026,39.218435],[141.702439,39.218427],[141.701976,39.21836],[141.701664,39.21841],[141.701389,39.21861],[141.701164,39.21886],[141.701026,39.219193],[141.701164,39.219768],[141.702014,39.221101],[141.702301,39.221676],[141.702514,39.222485],[141.702926,39.223534],[141.703801,39.225601],[141.704188,39.226159],[141.704676,39.227151],[141.705063,39.227701],[141.705513,39.228501],[141.7057,39.228692],[141.706138,39.228984],[141.706688,39.229384],[141.707838,39.230084],[141.708613,39.230376],[141.709125,39.230651],[141.709313,39.230976],[141.709438,39.2317],[141.709588,39.231875],[141.711175,39.233267],[141.711262,39.2334],[141.711337,39.233725],[141.711437,39.2346],[141.711337,39.235117],[141.71125,39.235292],[141.710862,39.235575],[141.710575,39.235833],[141.710462,39.236242],[141.7105,39.236525],[141.710412,39.236925],[141.70985,39.237416],[141.709738,39.237833],[141.709738,39.238],[141.709575,39.238258],[141.708888,39.238633],[141.708663,39.238816],[141.708538,39.239075],[141.70845,39.239558],[141.708288,39.239966],[141.707625,39.241208],[141.70665,39.242674],[141.705863,39.243257],[141.705613,39.243549],[141.70555,39.243691],[141.7055,39.244074],[141.705538,39.245274],[141.7056,39.24564],[141.70555,39.24599],[141.7054,39.246365],[141.7053,39.246832],[141.705325,39.248099],[141.705275,39.248332],[141.705013,39.24884],[141.704888,39.249273],[141.7046,39.250657],[141.704687,39.251123],[141.704962,39.251731],[141.7052,39.252548],[141.705212,39.252881],[141.705125,39.253223],[141.705325,39.254439],[141.705262,39.255164],[141.7054,39.255906],[141.70565,39.256756],[141.706012,39.258539],[141.705874,39.259081],[141.705899,39.259397],[141.706124,39.260022],[141.706337,39.260947],[141.706287,39.261197],[141.706099,39.261672],[141.706099,39.261964],[141.706287,39.262955],[141.706512,39.263605],[141.706486,39.264355],[141.706149,39.264647],[141.705799,39.264805],[141.704924,39.264897],[141.704287,39.26503],[141.703462,39.265163],[141.702887,39.265147],[141.702562,39.265188],[141.702012,39.265321],[141.701649,39.265305],[141.700912,39.265146],[141.700549,39.265146],[141.700187,39.265238],[141.699562,39.265663],[141.699199,39.265796],[141.698187,39.266405],[141.697837,39.266588],[141.69745,39.266721],[141.697222,39.266661],[141.696925,39.266496],[141.696425,39.266363],[141.695637,39.266255],[141.6947,39.266321],[141.694262,39.26643],[141.693712,39.26668],[141.693137,39.266796],[141.69275,39.266821],[141.6922,39.266705],[141.690875,39.266213],[141.68995,39.265738],[141.6894,39.265196],[141.688463,39.263871],[141.68785,39.263646],[141.6878,39.263596],[141.6878,39.263555],[141.687501,39.263238],[141.686676,39.261913],[141.686151,39.26103],[141.685788,39.26058],[141.685276,39.26018],[141.684451,39.25973],[141.683926,39.25948],[141.683539,39.259389],[141.682851,39.259439],[141.682464,39.259389],[141.682139,39.259388],[141.681839,39.25948],[141.681314,39.259572],[141.680951,39.259505],[141.680076,39.259822],[141.679589,39.259955],[141.679251,39.259847],[141.678926,39.259213],[141.678839,39.258897],[141.678839,39.25838],[141.678751,39.25793],[141.678514,39.257522],[141.678264,39.25723],[141.677764,39.256755],[141.677139,39.256305],[141.676314,39.255905],[141.675952,39.255655],[141.675652,39.255364],[141.675264,39.254772],[141.674989,39.25448],[141.674577,39.254255],[141.674089,39.25403],[141.673702,39.25383],[141.673177,39.253422],[141.672902,39.25313],[141.672602,39.25288],[141.672327,39.252664],[141.672202,39.252597],[141.672002,39.252589],[141.671752,39.252622],[141.67134,39.252797],[141.671264,39.252929],[141.670927,39.253064],[141.67024,39.25318],[141.66944,39.25338],[141.668815,39.253447],[141.668315,39.25338],[141.66799,39.253247],[141.66754,39.253155],[141.667027,39.253138],[141.666478,39.253163],[141.666203,39.253138],[141.665978,39.253022],[141.665815,39.25288],[141.665653,39.252838],[141.66434,39.252105],[141.66384,39.25188],[141.66214,39.251305],[141.662053,39.251255],[141.662315,39.250514],[141.662415,39.249822],[141.66249,39.248689],[141.662378,39.248281],[141.661866,39.247439],[141.661828,39.247306],[141.661953,39.246714],[141.661953,39.246331],[141.661803,39.245972],[141.661553,39.245622],[141.660928,39.245097],[141.660566,39.244648],[141.660316,39.244256],[141.659866,39.243898],[141.659103,39.243489],[141.658429,39.243123],[141.658179,39.243089],[141.657104,39.243656],[141.655916,39.244197],[141.654979,39.244589],[141.654104,39.244864],[141.652529,39.245031],[141.652391,39.245064],[141.651904,39.245306],[141.651704,39.245381],[141.649879,39.245797],[141.649316,39.245972],[141.648329,39.246364],[141.647829,39.246522],[141.646742,39.246589],[141.646192,39.246747],[141.645154,39.247214],[141.644517,39.247605],[141.644292,39.247938],[141.644092,39.248447],[141.643917,39.248672],[141.643167,39.249297],[141.642867,39.249563],[141.642454,39.249655],[141.640917,39.249896],[141.640404,39.250063],[141.639867,39.250321],[141.639692,39.250471],[141.639555,39.250663],[141.63943,39.250971],[141.639105,39.25113],[141.638705,39.251096],[141.63813,39.250796],[141.637655,39.250613],[141.637567,39.250613],[141.637242,39.250746],[141.636517,39.251304],[141.635542,39.251838],[141.635042,39.252146],[141.634955,39.252171],[141.634517,39.252154],[141.63433,39.251938],[141.634067,39.251713],[141.633618,39.251488],[141.633168,39.251196],[141.632793,39.251013],[141.632055,39.250821],[141.631718,39.250529],[141.631368,39.250071],[141.63108,39.249788],[141.630805,39.249596],[141.62993,39.249238],[141.629718,39.249071],[141.62963,39.248788],[141.629543,39.247755],[141.629418,39.247613],[141.629318,39.247555],[141.627818,39.247155],[141.627193,39.247255],[141.625818,39.24758],[141.624806,39.247721],[141.624519,39.247946],[141.624431,39.248146],[141.623994,39.248696],[141.623744,39.248763],[141.622906,39.248754],[141.622394,39.248829],[141.622106,39.248971],[141.621844,39.249196],[141.621631,39.250071],[141.621556,39.250287],[141.621459,39.250413],[141.621444,39.250437],[141.621244,39.250562],[141.621119,39.250746],[141.620869,39.250962],[141.620506,39.250887],[141.619644,39.250579],[141.618906,39.249954],[141.618644,39.249812],[141.618294,39.249729],[141.617644,39.249654],[141.617219,39.249479],[141.616657,39.249296],[141.615869,39.249262],[141.615157,39.249121],[141.614619,39.249129],[141.614257,39.249221],[141.613969,39.249296],[141.613532,39.249454],[141.613082,39.249487],[141.61242,39.249471],[141.61207,39.250079],[141.611695,39.25087],[141.611307,39.251437],[141.610945,39.25177],[141.610807,39.251804],[141.610207,39.251654],[141.609945,39.251654],[141.60962,39.251712],[141.609357,39.251787],[141.60862,39.25172],[141.60767,39.251829],[141.606545,39.25207],[141.606008,39.252129],[141.605508,39.252128],[141.605033,39.252087],[141.603458,39.251862],[141.60337,39.251728],[141.603608,39.250945],[141.60357,39.250729],[141.603245,39.25002],[141.60237,39.249204],[141.601408,39.248637],[141.600983,39.248454],[141.600671,39.248262],[141.600021,39.247604],[141.599721,39.247329],[141.599321,39.246787],[141.599021,39.246204],[141.597671,39.246146],[141.597134,39.245929],[141.596934,39.245654],[141.596509,39.244704],[141.596071,39.244446],[141.595846,39.244396],[141.595484,39.244187],[141.595346,39.243929],[141.594634,39.243538],[141.594384,39.243488],[141.593947,39.243471],[141.593309,39.243571],[141.592959,39.244112],[141.592634,39.244746],[141.592472,39.244912],[141.592272,39.245012],[141.591884,39.245054],[141.591534,39.245146],[141.591434,39.245212],[141.591259,39.245421],[141.591109,39.246054],[141.590947,39.246121],[141.590309,39.246112],[141.590072,39.24617],[141.589959,39.246237],[141.589897,39.246354],[141.589959,39.246754],[141.589922,39.246779],[141.589659,39.246762],[141.588622,39.246562],[141.588122,39.246537],[141.587722,39.246762],[141.587222,39.247354],[141.586422,39.24807],[141.585572,39.248987],[141.585485,39.249303],[141.585497,39.249412],[141.586122,39.250178],[141.586072,39.25032],[141.585735,39.250453],[141.585197,39.250603],[141.584822,39.25067],[141.584447,39.250661],[141.583172,39.250178],[141.582772,39.250045],[141.582422,39.249995],[141.581472,39.250178],[141.58101,39.250328],[141.580772,39.25077],[141.580323,39.251328],[141.58006,39.251561],[141.579673,39.25182],[141.579335,39.251986],[141.579098,39.252153],[141.579085,39.252478],[141.579185,39.252878],[141.579398,39.252986],[141.579523,39.253111],[141.579622,39.253586],[141.579697,39.253753],[141.579822,39.253919],[141.579835,39.254078],[141.57971,39.254461],[141.57931,39.255019],[141.578922,39.255411],[141.578635,39.255602],[141.577423,39.256011],[141.576998,39.256277],[141.576885,39.256502],[141.576848,39.256644],[141.577073,39.256869],[141.577473,39.257211],[141.57766,39.257544],[141.577648,39.257794],[141.577423,39.258002],[141.577285,39.258069],[141.576798,39.258085],[141.57631,39.25816],[141.574485,39.25861],[141.57426,39.258719],[141.573973,39.259069],[141.573735,39.259477],[141.573435,39.259777],[141.572898,39.260102],[141.572148,39.260402],[141.571873,39.260452],[141.571136,39.26031],[141.570348,39.26041],[141.569998,39.260277],[141.569773,39.259952],[141.569648,39.259893],[141.569123,39.25996],[141.568873,39.259618],[141.568561,39.259435],[141.567998,39.259285],[141.567561,39.259218],[141.567161,39.259202],[141.566749,39.259243],[141.565624,39.259927],[141.565299,39.260093],[141.564499,39.25996],[141.564049,39.259985],[141.563286,39.260085],[141.562849,39.259877],[141.562174,39.259868],[141.561937,39.259735],[141.560662,39.258602],[141.560037,39.258118],[141.559887,39.257927],[141.559412,39.25676],[141.559324,39.25661],[141.558787,39.256085],[141.558412,39.25561],[141.55805,39.25496],[141.557912,39.254435],[141.55765,39.254294],[141.557175,39.254219],[141.556962,39.254085],[141.5568,39.253835],[141.556675,39.253519],[141.55665,39.253019],[141.556662,39.252877],[141.556687,39.252819],[141.5564,39.252386],[141.55615,39.252236],[141.555912,39.252169],[141.555025,39.252036],[141.554787,39.251852],[141.5544,39.251411],[141.553525,39.250961],[141.55295,39.250752],[141.552388,39.250502],[141.5523,39.250511],[141.5519,39.250702],[141.55125,39.250936],[141.5508,39.251019],[141.550188,39.251011],[141.549313,39.250802],[141.5483,39.250452],[141.547088,39.250286],[141.546726,39.250144],[141.546426,39.249969],[141.545613,39.249102],[141.545188,39.248544],[141.544301,39.247111],[141.544251,39.246811],[141.544113,39.246478],[141.543476,39.245953],[141.543188,39.245744],[141.543026,39.245678],[141.542514,39.245636],[141.542139,39.245628],[141.541789,39.245569],[141.541664,39.245086],[141.541189,39.244303],[141.541101,39.243519],[141.540951,39.243328],[141.540826,39.243311],[141.540589,39.243444],[141.540289,39.243703],[141.539889,39.243803],[141.539339,39.243794],[141.538876,39.243894],[141.538501,39.244036],[141.537639,39.243953],[141.537189,39.243978],[141.536889,39.244103],[141.536439,39.244544],[141.536089,39.244503],[141.535639,39.244319],[141.535177,39.244169],[141.535089,39.244194],[141.534714,39.244194],[141.534002,39.244352],[141.533602,39.244311],[141.533002,39.244502],[141.532452,39.245119],[141.532389,39.245227],[141.531789,39.245744],[141.531652,39.245894],[141.531377,39.245944],[141.531177,39.245902],[141.531115,39.245852],[141.530815,39.245761],[141.530165,39.245686],[141.529727,39.245561],[141.528865,39.245169],[141.528265,39.245186],[141.527127,39.245269],[141.52634,39.245144],[141.525877,39.245177],[141.524853,39.245494],[141.524665,39.245444],[141.524303,39.24531],[141.52374,39.24531],[141.523528,39.245419],[141.523515,39.246152],[141.523315,39.246677],[141.523103,39.247035],[141.522753,39.247393],[141.522415,39.247568],[141.52229,39.247735],[141.52219,39.248085],[141.521865,39.248352],[141.521328,39.24851],[141.520965,39.248552],[141.520678,39.248485],[141.520378,39.24826],[141.520165,39.248035],[141.519915,39.247935],[141.519653,39.247935],[141.519565,39.247852],[141.519428,39.247268],[141.51939,39.246885],[141.519228,39.246477],[141.51909,39.246293],[141.518803,39.246177],[141.518178,39.24616],[141.517616,39.246185],[141.517253,39.246177],[141.516878,39.246052],[141.516403,39.24561],[141.516191,39.24516],[141.515841,39.244219],[141.515003,39.242535],[141.514928,39.242252],[141.515153,39.242011],[141.516053,39.241527],[141.516116,39.241319],[141.515891,39.241069],[141.515578,39.240869],[141.515141,39.240786],[141.514016,39.240852],[141.513729,39.240761],[141.513579,39.240636],[141.513316,39.240144],[141.513041,39.239861],[141.511929,39.239344],[141.511679,39.239119],[141.511429,39.238436],[141.511179,39.238253],[141.510841,39.238094],[141.510654,39.237836],[141.510391,39.237119],[141.510254,39.237094],[141.509954,39.237103],[141.509329,39.237061],[141.508779,39.236869],[141.508517,39.236711],[141.507892,39.236778],[141.507292,39.236886],[141.507054,39.236853],[141.506517,39.236836],[141.506042,39.236669],[141.505642,39.236478],[141.505154,39.236186],[141.503905,39.235069],[141.503067,39.234261],[141.502717,39.234078],[141.502605,39.234094],[141.50233,39.234178],[141.501817,39.234661],[141.50153,39.234844],[141.500492,39.235636],[141.49928,39.236694],[141.498042,39.23816],[141.497105,39.239502],[141.496992,39.239602],[141.496743,39.239719],[141.496478,39.239697],[141.496368,39.239794],[141.495905,39.239769],[141.495168,39.239777],[141.493368,39.23971],[141.492568,39.239627],[141.49193,39.239444],[141.491093,39.239119],[141.488343,39.23801],[141.487518,39.237794],[141.487343,39.237602],[141.486681,39.236669],[141.486244,39.236185],[141.485869,39.236035],[141.483869,39.235602],[141.483156,39.235344],[141.479357,39.234744],[141.478169,39.234435],[141.477694,39.234269],[141.477419,39.233952],[141.477207,39.233644],[141.477669,39.233352],[141.478857,39.232436],[141.479019,39.231994],[141.479432,39.231136],[141.479832,39.230553],[141.480894,39.229186],[141.481457,39.228528],[141.481982,39.228011],[141.481994,39.227845],[141.481894,39.227753],[141.481232,39.227578],[141.480494,39.227261],[141.480032,39.226953],[141.479944,39.226753],[141.480582,39.22422],[141.480532,39.223895],[141.479957,39.223362],[141.479919,39.22327],[141.479957,39.223078],[141.480357,39.22277],[141.480582,39.22247],[141.480669,39.222054],[141.480669,39.221495],[141.480569,39.22067],[141.480307,39.220287],[141.479295,39.219429],[141.478745,39.219012],[141.477595,39.218346],[141.477457,39.218071],[141.47752,39.217546],[141.477407,39.217054],[141.477145,39.216537],[141.476595,39.215846],[141.47607,39.215371],[141.475695,39.215113],[141.475795,39.214846],[141.476095,39.214471],[141.476957,39.213596],[141.47812,39.21268],[141.478895,39.212196],[141.478945,39.211955],[141.478945,39.211571],[141.479082,39.210271],[141.47912,39.209705],[141.478045,39.209988],[141.477283,39.210055],[141.476295,39.210096],[141.474095,39.210438],[141.472908,39.21053],[141.472283,39.209321],[141.472121,39.209063],[141.471696,39.208863],[141.470671,39.208596],[141.470208,39.208563],[141.468971,39.208746],[141.468408,39.208688],[141.467808,39.208446],[141.466284,39.207571],[141.463434,39.205997],[141.461696,39.20538],[141.461346,39.20508],[141.460409,39.204172],[141.459597,39.203205],[141.459397,39.20283],[141.459122,39.202513],[141.458759,39.20223],[141.458259,39.201688],[141.456809,39.200364],[141.456372,39.20003],[141.455185,39.199972],[141.454597,39.19983],[141.454135,39.199639],[141.45356,39.19953],[141.45306,39.199489],[141.45276,39.199389],[141.452547,39.199205],[141.45236,39.19918],[141.450847,39.199763],[141.45031,39.199913],[141.449997,39.200047],[141.44966,39.200088],[141.448648,39.200672],[141.44811,39.200938],[141.44756,39.201046],[141.44536,39.201105],[141.444423,39.201063],[141.44416,39.20108],[141.443223,39.199688],[141.443086,39.198772],[141.442798,39.197522],[141.442273,39.196039],[141.441398,39.194039],[141.441423,39.193647],[141.441911,39.192722],[141.441961,39.192556],[141.441748,39.192389],[141.441298,39.192264],[141.440586,39.192164],[141.439861,39.192139],[141.439186,39.192156],[141.438524,39.19253],[141.438099,39.192997],[141.437599,39.193414],[141.437074,39.193764],[141.436499,39.193955],[141.435711,39.194147],[141.433799,39.194805],[141.433237,39.19488],[141.429499,39.195205],[141.428549,39.195247],[141.427475,39.195355],[141.427075,39.19548],[141.426625,39.195505],[141.425475,39.195163],[141.4247,39.19503],[141.4245,39.195063],[141.4218,39.196171],[141.420638,39.196563],[141.41915,39.196929],[141.418225,39.197096],[141.417563,39.197254],[141.416388,39.197771],[141.415613,39.198063],[141.414201,39.198646],[141.413688,39.198912],[141.412763,39.199737],[141.411988,39.200412],[141.409813,39.201004],[141.408189,39.201504],[141.407501,39.201654],[141.407039,39.201662],[141.406414,39.20162],[141.404514,39.201378],[141.401977,39.201203],[141.401702,39.201162],[141.401627,39.20102],[141.401139,39.200603],[141.400689,39.20032],[141.400177,39.20012],[141.399702,39.200062],[141.398802,39.200128],[141.398127,39.200103],[141.397502,39.200037],[141.395365,39.198979],[141.39424,39.198362],[141.39354,39.197929],[141.392965,39.197504],[141.39254,39.197104],[141.392353,39.196862],[141.392228,39.196395],[141.392103,39.195287],[141.39209,39.194837],[141.39199,39.194504],[141.391865,39.194362],[141.39169,39.194329],[141.390528,39.194271],[141.389578,39.194179],[141.388915,39.194071],[141.388428,39.193821],[141.387916,39.193229],[141.387591,39.192904],[141.387428,39.192837],[141.386966,39.192871],[141.385203,39.193171],[141.384253,39.193237],[141.383491,39.193246],[141.382229,39.192871],[141.380579,39.192521],[141.379991,39.192479],[141.378579,39.192162],[141.377717,39.191887],[141.376992,39.191571],[141.373729,39.189412],[141.373467,39.189179],[141.373379,39.188796],[141.373317,39.188021],[141.373342,39.187638],[141.373629,39.187379],[141.374204,39.187113],[141.375854,39.186479],[141.376704,39.186288],[141.378554,39.18598],[141.379366,39.185905],[141.380116,39.185913],[141.380704,39.186046],[141.381466,39.186263],[141.382154,39.186405],[141.382366,39.186405],[141.382754,39.186305],[141.384529,39.18508],[141.385279,39.184955],[141.385828,39.184955],[141.386178,39.184797],[141.386303,39.184688],[141.386853,39.183855],[141.387166,39.183438],[141.387628,39.183188],[141.388403,39.182955],[141.389166,39.182205],[141.389328,39.181964],[141.389303,39.181689],[141.389066,39.181239],[141.388678,39.180772],[141.386454,39.178756],[141.384391,39.176839],[141.386079,39.174806],[141.387404,39.173956],[141.387804,39.173556],[141.388104,39.173131],[141.388379,39.172431],[141.388441,39.171865],[141.388379,39.170807],[141.388179,39.169873],[141.388029,39.169548],[141.387704,39.16869],[141.387154,39.16669],[141.387154,39.166549],[141.387041,39.16619],[141.386929,39.166057],[141.386766,39.166015],[141.385829,39.16599],[141.385054,39.16604],[141.384892,39.16599],[141.384479,39.16509],[141.384129,39.164166],[141.384017,39.163766],[141.384067,39.163266],[141.384154,39.162907],[141.384292,39.162566],[141.384679,39.162207],[141.384779,39.162157],[141.385717,39.161824],[141.386704,39.161549],[141.387642,39.161166],[141.389816,39.160149],[141.390804,39.159633],[141.391354,39.15925],[141.391791,39.158883],[141.392129,39.158433],[141.392404,39.157891],[141.392916,39.15665],[141.393391,39.155933],[141.393779,39.155567],[141.393941,39.155458],[141.394429,39.155008],[141.394541,39.15465],[141.394516,39.153859],[141.394291,39.152892],[141.394054,39.152059],[141.393779,39.151601],[141.392504,39.150234],[141.390717,39.148634],[141.390417,39.148276],[141.390329,39.147959],[141.390367,39.147126],[141.390329,39.145276],[141.390392,39.144918],[141.391017,39.144035],[141.391742,39.143243],[141.391842,39.143226],[141.391979,39.142885],[141.391979,39.142793],[141.392204,39.142077],[141.392867,39.14101],[141.393279,39.140627],[141.393792,39.140268],[141.394929,39.139594],[141.395717,39.139027],[141.396929,39.138302],[141.397529,39.138127],[141.397779,39.138102],[141.399079,39.138144],[141.399492,39.138235],[141.400554,39.138619],[141.400941,39.138794],[141.401491,39.138794],[141.402041,39.138752],[141.402454,39.138635],[141.403529,39.137919],[141.403691,39.137852],[141.404079,39.137577],[141.404429,39.137261],[141.405479,39.136719],[141.406441,39.136152],[141.406716,39.135728],[141.406804,39.135186],[141.406666,39.134103],[141.406716,39.133769],[141.407404,39.132395],[141.407566,39.13192],[141.408304,39.130253],[141.408529,39.129887],[141.408854,39.12962],[141.409604,39.129187],[141.409841,39.12887],[141.409979,39.128337],[141.409979,39.126395],[141.409816,39.125112],[141.409154,39.122454],[141.409129,39.121954],[141.409079,39.121779],[141.408692,39.121438],[141.407979,39.121029],[141.407342,39.120721],[141.406792,39.120354],[141.406017,39.119796],[141.405804,39.119571],[141.405717,39.119004],[141.405942,39.117338],[141.406055,39.117046],[141.406517,39.116688],[141.407004,39.116438],[141.407892,39.11603],[141.408054,39.116005],[141.408417,39.11583],[141.408629,39.115605],[141.408904,39.115197],[141.409779,39.11353],[141.409867,39.11328],[141.409754,39.11193],[141.410004,39.111814],[141.410117,39.111789],[141.410467,39.11148],[141.411154,39.110531],[141.411454,39.110031],[141.412229,39.109039],[141.413192,39.108181],[141.413492,39.107848],[141.414042,39.107414],[141.415217,39.106948],[141.415354,39.106939],[141.415879,39.107481],[141.416492,39.107798],[141.417616,39.107998],[141.418004,39.108089],[141.418279,39.108406],[141.418579,39.108856],[141.418991,39.109331],[141.419366,39.109439],[141.419816,39.109531],[141.420854,39.109556],[141.421266,39.109489],[141.422041,39.109281],[141.423166,39.108873],[141.423878,39.108831],[141.425141,39.108648],[141.425553,39.10869],[141.425716,39.108831],[141.426378,39.109165],[141.426978,39.109323],[141.429216,39.109706],[141.43014,39.11009],[141.43149,39.110698],[141.432365,39.110848],[141.433165,39.11094],[141.433665,39.111031],[141.434653,39.111048],[141.436102,39.110915],[141.437677,39.110573],[141.438502,39.110531],[141.439152,39.110532],[141.439902,39.110373],[141.440752,39.109782],[141.440865,39.10949],[141.441077,39.109132],[141.442064,39.108657],[141.442864,39.107915],[141.443364,39.107732],[141.443914,39.10764],[141.444489,39.107599],[141.445277,39.107349],[141.445964,39.106991],[141.446789,39.106332],[141.447127,39.106174],[141.447539,39.106132],[141.448526,39.106149],[141.449326,39.106199],[141.449564,39.106357],[141.450226,39.107049],[141.450564,39.107166],[141.450864,39.107166],[141.451114,39.107074],[141.451439,39.106757],[141.451651,39.106416],[141.452039,39.105966],[141.452514,39.105632],[141.453464,39.104774],[141.454676,39.103824],[141.455038,39.103624],[141.455663,39.103466],[141.456788,39.103399],[141.457701,39.103241],[141.458251,39.103083],[141.458601,39.102925],[141.459013,39.102633],[141.459313,39.102358],[141.459863,39.102133],[141.460475,39.102016],[141.461488,39.102108],[141.461925,39.102066],[141.462675,39.101791],[141.462675,39.101567],[141.46275,39.101458],[141.463188,39.101075],[141.46445,39.100217],[141.46445,39.099608],[141.463188,39.097892],[141.462938,39.097467],[141.4628,39.0969],[141.462663,39.095526],[141.462825,39.095059],[141.463013,39.094692],[141.463238,39.094426],[141.463488,39.094334],[141.4639,39.094242],[141.464388,39.094017],[141.464775,39.093684],[141.465463,39.092618],[141.465988,39.091926],[141.466388,39.091584],[141.466838,39.091335],[141.468563,39.090476],[141.469525,39.090118],[141.469687,39.090026],[141.470125,39.089868],[141.4706,39.089535],[141.4707,39.089393],[141.470862,39.08906],[141.471112,39.088768],[141.47205,39.088335],[141.473587,39.087385],[141.47405,39.087144],[141.474737,39.086869],[141.474962,39.08676],[141.475425,39.086377],[141.475537,39.086227],[141.475781,39.085989],[141.476143,39.085574],[141.476636,39.085116],[141.477312,39.084536],[141.478487,39.083586],[141.478924,39.083203],[141.479087,39.082994],[141.479424,39.082411],[141.479862,39.081878],[141.480324,39.081461],[141.480587,39.081153],[141.480549,39.080628],[141.481087,39.080045],[141.481237,39.079628],[141.481599,39.078337],[141.481899,39.077737],[141.482324,39.07732],[141.482824,39.076953],[141.482987,39.076745],[141.482999,39.076578],[141.482849,39.076354],[141.482262,39.075945],[141.480487,39.07482],[141.480012,39.074445],[141.479825,39.074037],[141.479837,39.073104],[141.479775,39.072937],[141.479487,39.072554],[141.479412,39.072204],[141.47905,39.071271],[141.47895,39.070621],[141.478562,39.069913],[141.478375,39.069304],[141.4784,39.068813],[141.4795,39.067396],[141.479587,39.066955],[141.479487,39.066613],[141.4783,39.064971],[141.478113,39.064655],[141.477875,39.064063],[141.4778,39.063572],[141.477988,39.062738],[141.478188,39.06223],[141.478488,39.061813],[141.478838,39.061439],[141.479213,39.060964],[141.479613,39.06033],[141.479988,39.059864],[141.480125,39.059539],[141.480063,39.059239],[141.479775,39.058497],[141.479788,39.058047],[141.479913,39.057489],[141.479825,39.056389],[141.479488,39.055864],[141.478825,39.055297],[141.47815,39.054548],[141.477838,39.054306],[141.477425,39.054031],[141.475701,39.053114],[141.475201,39.053039],[141.474726,39.053181],[141.474451,39.053181],[141.473938,39.053264],[141.473576,39.053406],[141.473051,39.053356],[141.472263,39.053148],[141.471888,39.052998],[141.471676,39.052739],[141.471376,39.052148],[141.471151,39.051989],[141.470889,39.052073],[141.470326,39.052048],[141.470001,39.052081],[141.469776,39.052206],[141.469376,39.052273],[141.468789,39.051881],[141.468064,39.051373],[141.467526,39.050739],[141.466901,39.050139],[141.466839,39.050023],[141.466701,39.049623],[141.466876,39.048165],[141.466839,39.047831],[141.466501,39.046673],[141.466264,39.046323],[141.465939,39.045957],[141.465502,39.04514],[141.465202,39.044807],[141.464464,39.044657],[141.463327,39.044157],[141.462327,39.04394],[141.461115,39.043482],[141.46069,39.043257],[141.460565,39.042957],[141.460515,39.042182],[141.460465,39.041982],[141.460477,39.041182],[141.460377,39.040782],[141.460465,39.040415],[141.460552,39.040299],[141.461052,39.039899],[141.460852,39.039316],[141.46059,39.038866],[141.46024,39.038449],[141.46019,39.038082],[141.460302,39.037649],[141.46084,39.036991],[141.46094,39.036649],[141.460902,39.035966],[141.460927,39.035583],[141.461277,39.035108],[141.46164,39.034716],[141.461615,39.033508],[141.461727,39.033025],[141.461777,39.032591],[141.461527,39.031683],[141.46149,39.031166],[141.46159,39.030683],[141.461777,39.030366],[141.46239,39.029991],[141.46254,39.029775],[141.462615,39.029358],[141.462752,39.028975],[141.46314,39.028533],[141.46379,39.028158],[141.463927,39.028133],[141.46434,39.027917],[141.46449,39.027733],[141.464602,39.02745],[141.464927,39.02705],[141.466015,39.0261],[141.466227,39.025759],[141.466227,39.024784],[141.46609,39.0241],[141.466077,39.023809],[141.466252,39.023592],[141.46674,39.023442],[141.467277,39.023192],[141.46734,39.023042],[141.46729,39.022801],[141.467365,39.022434],[141.46829,39.021484],[141.469415,39.020618],[141.469552,39.020268],[141.46954,39.019959],[141.46964,39.019576],[141.470927,39.018826],[141.471002,39.018534],[141.470877,39.017593],[141.471115,39.016535],[141.471327,39.015985],[141.471665,39.015427],[141.472865,39.01416],[141.472977,39.013768],[141.473464,39.013152],[141.473489,39.01246],[141.473727,39.012027],[141.473727,39.011752],[141.473527,39.011077],[141.47349,39.010777],[141.473202,39.010444],[141.472802,39.010252],[141.47264,39.010011],[141.472665,39.009352],[141.472465,39.008777],[141.472315,39.007761],[141.47214,39.007369],[141.47154,39.006719],[141.469465,39.005603],[141.468228,39.004861],[141.467528,39.004228],[141.46729,39.003903],[141.467365,39.003611],[141.46754,39.00332],[141.46784,39.003028],[141.468053,39.002903],[141.468303,39.002636],[141.46834,39.002436],[141.468278,39.00207],[141.467753,39.001195],[141.467703,39.000878],[141.467953,39.000478],[141.468715,39.00002],[141.469378,38.999462],[141.469565,38.99912],[141.46974,38.998712],[141.47004,38.998245],[141.470365,38.997862],[141.471003,38.997404],[141.471165,38.99732],[141.47114,38.997245],[141.470578,38.996645],[141.470303,38.996262],[141.470028,38.995787],[141.46954,38.994096],[141.469265,38.993646],[141.469015,38.993487],[141.468241,38.993246],[141.468053,38.993196],[141.467091,38.993312],[141.466541,38.993312],[141.465928,38.993196],[141.465103,38.992796],[141.464641,38.992504],[141.464303,38.992254],[141.464228,38.992121],[141.464553,38.991513],[141.464478,38.991463],[141.464616,38.991171],[141.464741,38.990629],[141.464941,38.990113],[141.465403,38.989304],[141.465741,38.98883],[141.466341,38.987655],[141.466616,38.987496],[141.468016,38.987296],[141.468653,38.987296],[141.468953,38.987388],[141.469753,38.987788],[141.470078,38.987746],[141.470303,38.987538],[141.47044,38.987272],[141.470128,38.986688],[141.470128,38.98648],[141.470266,38.98628],[141.470291,38.985872],[141.470403,38.985488],[141.470928,38.985014],[141.472215,38.984697],[141.472515,38.984539],[141.473403,38.983955],[141.47384,38.983772],[141.474303,38.983772],[141.475265,38.984289],[141.47574,38.984472],[141.476402,38.984514],[141.476815,38.984472],[141.47749,38.984039],[141.478077,38.98393],[141.478627,38.98393],[141.47904,38.983814],[141.479202,38.983614],[141.479227,38.983522],[141.47909,38.982622],[141.479227,38.982281],[141.479477,38.981897],[141.479852,38.981606],[141.48044,38.981339],[141.48084,38.980956],[141.481252,38.979848],[141.481615,38.979331],[141.48194,38.978948],[141.482352,38.978631],[141.482827,38.978448],[141.483402,38.978273],[141.483564,38.978181],[141.483614,38.977998],[141.484089,38.977415],[141.484327,38.977165],[141.484989,38.976373],[141.485177,38.97604],[141.485289,38.974865],[141.485614,38.974374],[141.486027,38.973174],[141.486327,38.971691],[141.486489,38.971282],[141.486827,38.970899],[141.487477,38.970407],[141.488027,38.970041],[141.488439,38.969591],[141.488689,38.969024],[141.488964,38.967741],[141.488989,38.967158],[141.489514,38.965266],[141.489977,38.964183],[141.490139,38.96355],[141.490189,38.962833],[141.490139,38.962359],[141.490002,38.961884],[141.489477,38.960967],[141.489339,38.960584],[141.489389,38.960042],[141.489664,38.959367],[141.490077,38.958601],[141.490352,38.958217],[141.490377,38.957809],[141.490127,38.957384],[141.490239,38.957109],[141.490602,38.957001],[141.491089,38.957018],[141.491527,38.956951],[141.492377,38.956568],[141.493476,38.955893],[141.493889,38.955484],[141.493976,38.955218],[141.493914,38.954926],[141.493289,38.953843],[141.492514,38.953143],[141.492077,38.952826],[141.491602,38.952335],[141.491389,38.952018],[141.491189,38.951635],[141.491077,38.951227],[141.490777,38.950827],[141.490289,38.950485],[141.490114,38.95031],[141.490227,38.950035],[141.490639,38.949702],[141.491077,38.949227],[141.491327,38.94891],[141.491377,38.94826],[141.491289,38.947402],[141.491289,38.946969],[141.491127,38.946002],[141.490902,38.945352],[141.49074,38.944111],[141.490577,38.943553],[141.490277,38.942853],[141.489865,38.942178],[141.489227,38.941478],[141.489002,38.941186],[141.488815,38.940686],[141.48859,38.94042],[141.488377,38.94022],[141.48804,38.940153],[141.487878,38.940061],[141.487715,38.939495],[141.487578,38.939203],[141.48724,38.938778],[141.487165,38.938553],[141.487215,38.93817],[141.487078,38.937603],[141.48674,38.937204],[141.486415,38.936929],[141.486115,38.936754],[141.486053,38.93632],[141.485815,38.936004],[141.48559,38.935804],[141.48559,38.935604],[141.485753,38.935354],[141.485803,38.934812],[141.485666,38.933954],[141.485966,38.933529],[141.486053,38.933329],[141.485966,38.933012],[141.485641,38.932379],[141.485753,38.932129],[141.485966,38.931837],[141.486028,38.931812],[141.486241,38.931546],[141.486491,38.930963],[141.486516,38.930688],[141.486428,38.930354],[141.486516,38.930104],[141.487066,38.929788],[141.487291,38.929588],[141.487503,38.92893],[141.487941,38.928005],[141.488028,38.927471],[141.488166,38.927038],[141.488491,38.92663],[141.488703,38.926455],[141.488903,38.926205],[141.489666,38.925438],[141.489778,38.925097],[141.489828,38.924038],[141.490603,38.923547],[141.491203,38.923114],[141.491253,38.923072],[141.491391,38.922755],[141.491916,38.922014],[141.492003,38.921381],[141.491503,38.920681],[141.491341,38.920347],[141.491341,38.919989],[141.491303,38.919964],[141.491341,38.919581],[141.491353,38.919447],[141.490966,38.918997],[141.490228,38.918231],[141.489591,38.917831],[141.489404,38.917623],[141.489454,38.917464],[141.489728,38.917264],[141.489928,38.917173],[141.490666,38.916631],[141.490853,38.916381],[141.491053,38.915956],[141.491266,38.915615],[141.491466,38.91544],[141.491841,38.91519],[141.492066,38.91494],[141.492116,38.914781],[141.491928,38.914315],[141.491729,38.914015],[141.491866,38.913498],[141.491866,38.913048],[141.491791,38.912757],[141.491241,38.911857],[141.490541,38.910982],[141.490329,38.910615],[141.489916,38.909624],[141.489641,38.90879],[141.489467,38.908099],[141.489117,38.907199],[141.488979,38.907015],[141.488504,38.906657],[141.487429,38.906049],[141.486942,38.905732],[141.48598,38.905191],[141.485205,38.904832],[141.48493,38.904566],[141.484455,38.903907],[141.483967,38.903416],[141.483105,38.902558],[141.482505,38.902333],[141.481455,38.902266],[141.480993,38.902133],[141.480355,38.901866],[141.478905,38.900608],[141.478318,38.899999],[141.477993,38.899774],[141.477556,38.899591],[141.476318,38.899324],[141.475468,38.898966],[141.474718,38.898491],[141.474006,38.898108],[141.473119,38.897708],[141.472381,38.897233],[141.472219,38.897099],[141.471631,38.8962],[141.471494,38.8959],[141.471194,38.8955],[141.471031,38.895341],[141.470644,38.895075],[141.470207,38.894866],[141.469107,38.894758],[141.468057,38.894691],[141.467407,38.894558],[141.466882,38.894283],[141.466469,38.893925],[141.466157,38.893475],[141.465807,38.892775],[141.465645,38.89235],[141.465507,38.891808],[141.465445,38.891317],[141.465557,38.890792],[141.466545,38.889084],[141.466595,38.888925],[141.467145,38.888425],[141.467232,38.888067],[141.467095,38.887817],[141.466782,38.887459],[141.466507,38.887034],[141.466295,38.886426],[141.466157,38.885701],[141.465932,38.885342],[141.46557,38.885026],[141.465157,38.884801],[141.464745,38.884709],[141.46417,38.884734],[141.463408,38.884626],[141.46327,38.884576],[141.46282,38.884309],[141.461483,38.883792],[141.46107,38.883609],[141.460845,38.883434],[141.460483,38.882984],[141.459033,38.881517],[141.458508,38.881159],[141.457771,38.880776],[141.456384,38.880193],[141.454984,38.879651],[141.454409,38.879409],[141.453971,38.879134],[141.453446,38.878709],[141.452122,38.877376],[141.451572,38.876818],[141.451109,38.876393],[141.450922,38.876118],[141.450722,38.875576],[141.450609,38.875126],[141.450584,38.874768],[141.450909,38.873393],[141.450972,38.871977],[141.45111,38.871452],[141.451185,38.871293],[141.45151,38.87096],[141.451647,38.870668],[141.451872,38.870368],[141.452497,38.868119],[141.45261,38.86731],[141.452747,38.866927],[141.453272,38.866319],[141.453684,38.865977],[141.453959,38.865661],[141.454009,38.865327],[141.453984,38.864877],[141.453872,38.864419],[141.453485,38.863678],[141.452822,38.862778],[141.452222,38.862011],[141.453122,38.861919],[141.453735,38.861719],[141.454285,38.861469],[141.454635,38.861203],[141.455022,38.860753],[141.455347,38.860478],[141.455597,38.860345],[141.456422,38.860003],[141.457359,38.859753],[141.458184,38.859595],[141.459722,38.859461],[141.460271,38.859328],[141.460459,38.859237],[141.461096,38.858962],[141.462159,38.85867],[141.462909,38.858537],[141.463646,38.85847],[141.464121,38.858353],[141.464908,38.857903],[141.465408,38.857562],[141.465783,38.857228],[141.465983,38.856937],[141.466058,38.856754],[141.466096,38.85657],[141.466008,38.856145],[141.465646,38.855537],[141.464746,38.854504],[141.464471,38.854095],[141.463971,38.853237],[141.463609,38.852879],[141.462321,38.851979],[141.461771,38.851687],[141.461247,38.851504],[141.460447,38.851354],[141.459547,38.851104],[141.458909,38.850879],[141.457509,38.850138],[141.456272,38.849121],[141.455335,38.847904],[141.454435,38.847096],[141.453985,38.846221],[141.453773,38.84588],[141.453523,38.845321],[141.453198,38.844255],[141.452948,38.843197],[141.45281,38.842772],[141.452198,38.842055],[141.45176,38.841355],[141.451535,38.840747],[141.451148,38.839914],[141.450736,38.839255],[141.449998,38.837889],[141.449861,38.837547],[141.449861,38.836464],[141.449936,38.836264],[141.450036,38.836139],[141.450086,38.836056],[141.450136,38.835989],[141.450148,38.835881],[141.450148,38.835756],[141.450173,38.835623],[141.450161,38.835464],[141.450173,38.835339],[141.450148,38.835264],[141.450061,38.835006],[141.449998,38.834889],[141.449961,38.834806],[141.449923,38.834698],[141.449923,38.834589],[141.449948,38.834448],[141.449973,38.834331],[141.450011,38.834214],[141.450073,38.834064],[141.450148,38.833906],[141.450198,38.833789],[141.450248,38.833665],[141.450311,38.833598],[141.450348,38.833531],[141.450398,38.833448],[141.450436,38.833381],[141.450486,38.83329],[141.450486,38.833165],[141.450361,38.832981],[141.450311,38.832931],[141.450286,38.832873],[141.450236,38.83279],[141.450236,38.832715],[141.450236,38.832631],[141.450261,38.832565],[141.450336,38.832498],[141.450398,38.832456],[141.450461,38.832415],[141.450536,38.832365],[141.450598,38.832323],[141.450636,38.832273],[141.450786,38.832065],[141.450811,38.832023],[141.450823,38.831973],[141.450798,38.831898],[141.450798,38.83184],[141.450761,38.831723],[141.450761,38.83164],[141.450798,38.83154],[141.450873,38.831431],[141.450948,38.831365],[141.450998,38.83134],[141.451048,38.83129],[141.451111,38.831265],[141.451248,38.83124],[141.451436,38.831256],[141.451536,38.831273],[141.451611,38.831256],[141.451748,38.831198],[141.451823,38.831115],[141.451823,38.830998],[141.451848,38.830932],[141.451848,38.830907],[141.451873,38.83079],[141.451886,38.830673],[141.451911,38.830548],[141.451861,38.830373],[141.451811,38.830298],[141.451773,38.830232],[141.451748,38.830173],[141.451711,38.830057],[141.451711,38.829882],[141.451736,38.829773],[141.451773,38.829607],[141.451861,38.82939],[141.451886,38.829323],[141.451911,38.829232],[141.451936,38.829173],[141.451936,38.829015],[141.451936,38.828965],[141.451923,38.828873],[141.451911,38.828773],[141.451848,38.828507],[141.451836,38.828424],[141.451823,38.828224],[141.451836,38.828149],[141.451848,38.828057],[141.451911,38.827865],[141.451936,38.827832],[141.452048,38.827599],[141.452086,38.827557],[141.452161,38.827432],[141.452198,38.827365],[141.452298,38.827249],[141.452323,38.827207],[141.452448,38.827065],[141.452498,38.827032],[141.452573,38.826924],[141.452611,38.826857],[141.452623,38.826774],[141.452611,38.826757],[141.452623,38.826724],[141.452623,38.82644],[141.452611,38.826407],[141.452636,38.826324],[141.452636,38.826282],[141.452636,38.826115],[141.452648,38.826007],[141.452723,38.825757],[141.452736,38.825716],[141.452786,38.825624],[141.452873,38.825524],[141.452973,38.825399],[141.453086,38.825307],[141.453198,38.825191],[141.453236,38.825124],[141.453336,38.825016],[141.453398,38.824949],[141.453523,38.824824],[141.453586,38.824741],[141.453661,38.824624],[141.453711,38.824516],[141.453761,38.824407],[141.453786,38.824249],[141.453786,38.824149],[141.453736,38.824041],[141.453711,38.823999],[141.453686,38.823941],[141.453648,38.823891],[141.453561,38.823691],[141.453523,38.823607],[141.453486,38.823541],[141.453486,38.823391],[141.453511,38.823349],[141.453573,38.823258],[141.453623,38.823224],[141.453686,38.823174],[141.453773,38.823099],[141.453848,38.823016],[141.454098,38.822791],[141.454148,38.822749],[141.454236,38.822658],[141.454411,38.822474],[141.454486,38.822283],[141.454511,38.822166],[141.454498,38.822058],[141.454473,38.821924],[141.454398,38.821783],[141.454386,38.821741],[141.454361,38.821733],[141.454373,38.821649],[141.454348,38.821558],[141.454373,38.821416],[141.454398,38.821324],[141.454373,38.821224],[141.454348,38.821191],[141.454298,38.821066],[141.454236,38.82095],[141.454186,38.820858],[141.453936,38.820358],[141.453911,38.820316],[141.453773,38.820025],[141.453686,38.819875],[141.453598,38.819733],[141.453536,38.819566],[141.453474,38.819491],[141.453449,38.819433],[141.453424,38.819391],[141.453386,38.819308],[141.453311,38.819191],[141.453286,38.819141],[141.453224,38.819083],[141.453211,38.819058],[141.453061,38.818816],[141.453024,38.818691],[141.453024,38.818575],[141.453061,38.818541],[141.453136,38.818408],[141.453411,38.818083],[141.453486,38.817975],[141.453536,38.817875],[141.453599,38.817733],[141.453611,38.817667],[141.453624,38.817617],[141.453649,38.81755],[141.453674,38.817433],[141.453686,38.8174],[141.453724,38.817275],[141.453774,38.817125],[141.453799,38.817058],[141.453824,38.817],[141.453974,38.816825],[141.454074,38.816725],[141.454174,38.81665],[141.454249,38.816583],[141.454399,38.816475],[141.454499,38.816425],[141.454599,38.816375],[141.454661,38.816342],[141.454811,38.816275],[141.454911,38.816233],[141.454999,38.816183],[141.455111,38.816142],[141.455274,38.816083],[141.455423,38.816033],[141.455673,38.815992],[141.455961,38.815967],[141.456361,38.815942],[141.456461,38.815925],[141.456648,38.815908],[141.456911,38.8158],[141.457148,38.815733],[141.458973,38.815242],[141.459048,38.815242],[141.458836,38.815],[141.458611,38.81455],[141.458573,38.814342],[141.458586,38.814309],[141.458586,38.814217],[141.458623,38.814],[141.458461,38.8138],[141.458086,38.813467],[141.457961,38.813367],[141.457661,38.813075],[141.457536,38.812967],[141.457149,38.812584],[141.456786,38.812326],[141.456249,38.812051],[141.455274,38.811409],[141.454811,38.811167],[141.454549,38.811017],[141.454286,38.810942],[141.454061,38.810926],[141.453924,38.810967],[141.453824,38.811017],[141.453336,38.811301],[141.452749,38.811551],[141.452312,38.811667],[141.451412,38.811909],[141.451137,38.811809],[141.451062,38.811801],[141.450587,38.811417],[141.450487,38.811351],[141.450362,38.811309],[141.450287,38.811301],[141.449999,38.811201],[141.449774,38.811134],[141.449574,38.811142],[141.448799,38.811251],[141.448349,38.811209],[141.447975,38.811159],[141.4477,38.811092],[141.44745,38.811026],[141.447212,38.810917],[141.44715,38.810867],[141.4471,38.810826],[141.44665,38.810517],[141.446375,38.810501],[141.445937,38.810776],[141.445737,38.810876],[141.445612,38.810917],[141.44505,38.811076],[141.44475,38.811126],[141.444412,38.811142],[141.443962,38.811176],[141.4437,38.811234],[141.443375,38.81135],[141.443088,38.8114],[141.442763,38.811384],[141.44245,38.811342],[141.442225,38.811284],[141.441825,38.811234],[141.441625,38.811234],[141.441475,38.811234],[141.441038,38.811317],[141.440413,38.811634],[141.439613,38.812209],[141.439338,38.812359],[141.439175,38.812467],[141.43855,38.812709],[141.437988,38.812884],[141.437863,38.812934],[141.437751,38.81295],[141.437601,38.812942],[141.437363,38.812884],[141.437126,38.8128],[141.436701,38.812534],[141.436563,38.812467],[141.436188,38.812209],[141.436113,38.812125],[141.435713,38.811817],[141.435301,38.811559],[141.434676,38.811209],[141.434226,38.811109],[141.433214,38.811142],[141.432826,38.811184],[141.432714,38.811242],[141.432614,38.811334],[141.432464,38.811559],[141.432376,38.811817],[141.432276,38.812025],[141.432164,38.812134],[141.432051,38.812209],[141.431776,38.812217],[141.431501,38.812042],[141.431301,38.811909],[141.431064,38.811684],[141.430589,38.811267],[141.430339,38.811092],[141.429601,38.810759],[141.429339,38.810592],[141.429451,38.810409],[141.429689,38.810167],[141.429889,38.809917],[141.429989,38.809784],[141.430176,38.809459],[141.430301,38.809259],[141.430239,38.809209],[141.430201,38.809142],[141.430164,38.809034],[141.430139,38.808992],[141.430126,38.808884],[141.430214,38.808809],[141.430451,38.808634],[141.430589,38.808501],[141.430764,38.808267],[141.430839,38.808151],[141.431014,38.807751],[141.431064,38.807592],[141.431089,38.807317],[141.431176,38.807034],[141.431314,38.806742],[141.431401,38.806592],[141.431451,38.806601],[141.431876,38.806934],[141.432439,38.807259],[141.432551,38.807301],[141.432701,38.807417],[141.433001,38.807567],[141.433176,38.807626],[141.433289,38.807634],[141.433464,38.807592],[141.433539,38.807567],[141.433701,38.807501],[141.433914,38.807384],[141.434026,38.807301],[141.434326,38.806834],[141.434576,38.806484],[141.434789,38.806359],[141.435489,38.806084],[141.435789,38.805943],[141.436001,38.805868],[141.436126,38.805801],[141.436263,38.805668],[141.436338,38.805543],[141.436351,38.805451],[141.436226,38.805176],[141.436126,38.804726],[141.436089,38.804534],[141.436114,38.804393],[141.436339,38.80401],[141.436451,38.803868],[141.436526,38.803718],[141.436601,38.80346],[141.436601,38.803251],[141.436539,38.803018],[141.436314,38.802576],[141.436239,38.802435],[141.436289,38.802385],[141.436526,38.802135],[141.436626,38.80201],[141.436689,38.801893],[141.436726,38.801743],[141.436714,38.801668],[141.436701,38.801527],[141.436464,38.801193],[141.436001,38.800585],[141.435926,38.800477],[141.435839,38.800385],[141.435364,38.799785],[141.435064,38.79926],[141.434889,38.798935],[141.434789,38.798777],[141.434601,38.798577],[141.434464,38.798502],[141.434202,38.79836],[141.434052,38.798277],[141.433864,38.79816],[141.433764,38.798052],[141.433664,38.79786],[141.433652,38.797644],[141.433664,38.797535],[141.433702,38.797469],[141.433802,38.797144],[141.433952,38.796852],[141.434052,38.79666],[141.434102,38.796519],[141.434102,38.796394],[141.434039,38.79621],[141.433764,38.795902],[141.433577,38.795727],[141.433152,38.79531],[141.432927,38.795061],[141.432864,38.794902],[141.432802,38.794744],[141.432727,38.794644],[141.432689,38.794569],[141.432652,38.794436],[141.432627,38.794327],[141.432589,38.794219],[141.432627,38.793977],[141.432664,38.793869],[141.432827,38.793727],[141.432927,38.793552],[141.433077,38.793236],[141.433164,38.792952],[141.433202,38.792819],[141.433227,38.792711],[141.433214,38.792586],[141.433139,38.792386],[141.432977,38.792244],[141.432614,38.791878],[141.43249,38.791753],[141.432465,38.791703],[141.43249,38.791619],[141.432502,38.791544],[141.43264,38.791319],[141.432939,38.790961],[141.432989,38.790903],[141.433039,38.790819],[141.433227,38.790553],[141.433277,38.790503],[141.433477,38.790419],[141.433589,38.790336],[141.433677,38.790261],[141.433727,38.790203],[141.433789,38.790119],[141.433864,38.789978],[141.434202,38.789253],[141.434502,38.788728],[141.434664,38.788503],[141.434727,38.788378],[141.435014,38.788003],[141.435177,38.787828],[141.435439,38.787478],[141.435627,38.787045],[141.435727,38.786803],[141.435802,38.78672],[141.435914,38.786645],[141.436127,38.786578],[141.436252,38.78652],[141.436439,38.786487],[141.436652,38.786487],[141.436939,38.786545],[141.437502,38.786728],[141.437852,38.786853],[141.438377,38.787053],[141.438439,38.787062],[141.438527,38.787045],[141.438627,38.78702],[141.438739,38.78697],[141.438839,38.786903],[141.439027,38.786753],[141.439189,38.786595],[141.439227,38.786553],[141.439327,38.78647],[141.439514,38.786295],[141.439614,38.786178],[141.439652,38.786103],[141.439714,38.785987],[141.439752,38.785895],[141.439752,38.785653],[141.439702,38.785428],[141.439539,38.785145],[141.439452,38.784995],[141.439277,38.784737],[141.439089,38.784595],[141.438777,38.784387],[141.438627,38.784245],[141.438552,38.78397],[141.438552,38.783729],[141.438514,38.783637],[141.438452,38.783487],[141.438327,38.78337],[141.437939,38.783079],[141.437889,38.782979],[141.437889,38.782887],[141.437914,38.782645],[141.437927,38.782537],[141.437914,38.782329],[141.437702,38.78227],[141.437552,38.782304],[141.437477,38.78232],[141.437252,38.782412],[141.436864,38.782587],[141.43634,38.782962],[141.436052,38.783154],[141.435902,38.78322],[141.435777,38.783229],[141.435527,38.783129],[141.435427,38.78297],[141.435352,38.782887],[141.435315,38.78282],[141.435227,38.782679],[141.435152,38.782629],[141.435077,38.782579],[141.434927,38.782562],[141.434752,38.782595],[141.433915,38.782729],[141.43239,38.783137],[141.431615,38.783287],[141.431253,38.783353],[141.430865,38.783345],[141.43054,38.783278],[141.430428,38.783237],[141.430215,38.783078],[141.430065,38.782903],[141.42974,38.782462],[141.429653,38.782329],[141.429628,38.782195],[141.429628,38.78207],[141.429678,38.781945],[141.429803,38.781737],[141.429903,38.781529],[141.42994,38.781412],[141.429928,38.781345],[141.429903,38.781304],[141.42979,38.781179],[141.429503,38.78102],[141.428953,38.78102],[141.42834,38.781129],[141.42824,38.781137],[141.428028,38.781145],[141.427365,38.781087],[141.427128,38.781079],[141.426603,38.78112],[141.426466,38.781129],[141.425966,38.781237],[141.425778,38.781304],[141.425453,38.781353],[141.425166,38.781278],[141.424841,38.781062],[141.424803,38.781012],[141.424666,38.780895],[141.424441,38.78077],[141.424191,38.780695],[141.424003,38.780687],[141.423553,38.78067],[141.423216,38.780578],[141.423141,38.780562],[141.422803,38.78042],[141.422266,38.780179],[141.421979,38.779995],[141.421716,38.779879],[141.421566,38.779812],[141.421479,38.779737],[141.421366,38.779604],[141.421316,38.779429],[141.421266,38.77917],[141.421204,38.77892],[141.421141,38.778362],[141.421141,38.778212],[141.421116,38.778095],[141.421104,38.777854],[141.421129,38.777612],[141.421179,38.77747],[141.421279,38.777337],[141.421529,38.777195],[141.421779,38.777095],[141.421904,38.776995],[141.422079,38.776862],[141.422216,38.776687],[141.422254,38.776462],[141.422179,38.776279],[141.422116,38.776046],[141.422079,38.775829],[141.422179,38.775254],[141.422216,38.775171],[141.422479,38.774921],[141.422591,38.774829],[141.422754,38.774704],[141.422854,38.774629],[141.422929,38.774446],[141.422979,38.774162],[141.422991,38.773929],[141.423004,38.773638],[141.422941,38.773254],[141.422929,38.773063],[141.423029,38.772638],[141.423091,38.772421],[141.423116,38.772221],[141.423104,38.772054],[141.423029,38.771879],[141.422854,38.771671],[141.422641,38.771496],[141.422316,38.771313],[141.422017,38.771188],[141.421892,38.771138],[141.421779,38.771113],[141.421742,38.771104],[141.421167,38.770971],[141.420942,38.770904],[141.420817,38.770879],[141.420704,38.770863],[141.420442,38.770863],[141.420229,38.770871],[141.419992,38.770888],[141.419229,38.770871],[141.418067,38.770904],[141.417504,38.770963],[141.417417,38.770921],[141.417179,38.770721],[141.417029,38.770563],[141.416142,38.769863],[141.415742,38.769529],[141.415342,38.769154],[141.41493,38.768696],[141.414417,38.76823],[141.414267,38.768138],[141.413905,38.768071],[141.413742,38.768055],[141.41328,38.76808],[141.413017,38.768121],[141.412855,38.768121],[141.412617,38.768146],[141.412417,38.768163],[141.412317,38.768163],[141.412217,38.768154],[141.411942,38.768146],[141.411767,38.768129],[141.410692,38.767863],[141.410418,38.767846],[141.41038,38.767838],[141.41013,38.767829],[141.40978,38.767863],[141.409668,38.767929],[141.409593,38.768063],[141.409555,38.768304],[141.409593,38.768538],[141.409655,38.768871],[141.409805,38.769063],[141.409968,38.769238],[141.41018,38.769421],[141.410417,38.769588],[141.410655,38.769813],[141.410817,38.770004],[141.410905,38.770221],[141.410867,38.770446],[141.410942,38.770746],[141.41093,38.770979],[141.410767,38.771187],[141.410242,38.771846],[141.41008,38.772029],[141.409955,38.772229],[141.409817,38.772529],[141.409842,38.772762],[141.410017,38.772996],[141.410017,38.773112],[141.41003,38.773254],[141.410242,38.773429],[141.41048,38.773587],[141.410855,38.773787],[141.411292,38.77402],[141.411592,38.774145],[141.41183,38.774237],[141.41208,38.774429],[141.412342,38.774629],[141.41253,38.774812],[141.41268,38.774987],[141.412742,38.77517],[141.412792,38.775395],[141.41283,38.775787],[141.412855,38.775912],[141.413092,38.776179],[141.413404,38.77642],[141.413604,38.776554],[141.413729,38.776995],[141.413779,38.777095],[141.413867,38.777262],[141.414129,38.777779],[141.414192,38.77792],[141.414267,38.778103],[141.414467,38.778453],[141.414867,38.778953],[141.415079,38.779178],[141.415292,38.779337],[141.415579,38.779528],[141.415592,38.779603],[141.415604,38.779687],[141.415529,38.779895],[141.415479,38.780037],[141.415342,38.780587],[141.415254,38.780828],[141.415204,38.781203],[141.415217,38.78127],[141.415229,38.781303],[141.415254,38.781528],[141.415342,38.78167],[141.415429,38.781778],[141.415604,38.782053],[141.415704,38.782261],[141.415717,38.782436],[141.415704,38.782553],[141.415679,38.782678],[141.415654,38.782845],[141.415629,38.783028],[141.415616,38.783603],[141.415629,38.783703],[141.415654,38.783995],[141.415679,38.784111],[141.415629,38.784328],[141.415516,38.784611],[141.415404,38.784628],[141.415304,38.784586],[141.415204,38.784561],[141.415066,38.784511],[141.414866,38.784453],[141.414692,38.78442],[141.414617,38.784428],[141.414542,38.784445],[141.414479,38.78447],[141.414442,38.78452],[141.414404,38.784561],[141.414367,38.784628],[141.414354,38.784711],[141.414354,38.784761],[141.414342,38.784803],[141.414354,38.784903],[141.414392,38.785003],[141.414404,38.785069],[141.414454,38.785144],[141.414491,38.785186],[141.414566,38.785253],[141.414591,38.785303],[141.414704,38.785403],[141.414729,38.785444],[141.414779,38.785494],[141.414816,38.785561],[141.414904,38.785686],[141.414916,38.785744],[141.414991,38.785886],[141.415041,38.785978],[141.415041,38.786094],[141.414979,38.786186],[141.414891,38.786253],[141.414841,38.786286],[141.414716,38.786328],[141.414566,38.786369],[141.414429,38.786394],[141.414379,38.786403],[141.414316,38.786419],[141.414141,38.786444],[141.413979,38.786469],[141.413779,38.786486],[141.413617,38.786503],[141.413454,38.786511],[141.413192,38.786511],[141.413129,38.786519],[141.412842,38.786503],[141.412754,38.786503],[141.412529,38.786494],[141.412304,38.786469],[141.412029,38.786419],[141.411942,38.786394],[141.411854,38.786361],[141.411729,38.786319],[141.411629,38.786286],[141.411542,38.786244],[141.411454,38.786211],[141.411367,38.786153],[141.411317,38.786119],[141.411179,38.785961],[141.411154,38.785894],[141.411079,38.785803],[141.411029,38.785744],[141.410967,38.785711],[141.410879,38.785686],[141.410817,38.785678],[141.410704,38.785678],[141.410617,38.785694],[141.410554,38.785728],[141.410492,38.785786],[141.410442,38.785853],[141.410392,38.785919],[141.410317,38.786011],[141.410267,38.786119],[141.410254,38.786153],[141.410192,38.786228],[141.410142,38.786278],[141.410079,38.786328],[141.410004,38.786394],[141.409917,38.786436],[141.409842,38.786469],[141.409729,38.786536],[141.409642,38.786569],[141.409504,38.786636],[141.409342,38.786686],[141.409142,38.786744],[141.408942,38.786811],[141.408829,38.786852],[141.408642,38.786886],[141.408492,38.786902],[141.408367,38.786919],[141.408179,38.786927],[141.408017,38.786936],[141.407904,38.786936],[141.407792,38.786927],[141.407655,38.786919],[141.407642,38.787002],[141.407592,38.787144],[141.407542,38.787252],[141.40748,38.787336],[141.40733,38.787494],[141.407167,38.787636],[141.40708,38.787719],[141.40698,38.787802],[141.406842,38.787919],[141.40668,38.788036],[141.406617,38.788069],[141.406467,38.788169],[141.406317,38.788244],[141.40618,38.788311],[141.405992,38.788411],[141.405867,38.788477],[141.405667,38.78856],[141.405467,38.78866],[141.40518,38.788744],[141.40478,38.788869],[141.40438,38.78896],[141.404092,38.789019],[141.403917,38.78906],[141.403542,38.789127],[141.403167,38.789177],[141.402967,38.78921],[141.402642,38.78926],[141.402255,38.78931],[141.402005,38.789352],[141.40178,38.789385],[141.401492,38.789427],[141.401267,38.789477],[141.401092,38.78951],[141.400967,38.789527],[141.400405,38.789594],[141.400105,38.789602],[141.399793,38.789602],[141.39963,38.789602],[141.399268,38.789627],[141.39888,38.789618],[141.398693,38.78961],[141.39853,38.78961],[141.398418,38.789602],[141.39823,38.78961],[141.39808,38.789618],[141.397943,38.789643],[141.397868,38.78966],[141.397768,38.789693],[141.397718,38.78971],[141.397668,38.789735],[141.397555,38.789785],[141.397468,38.789835],[141.397368,38.789893],[141.39723,38.789977],[141.397105,38.790052],[141.397018,38.790102],[141.39688,38.790185],[141.396693,38.79031],[141.396605,38.790377],[141.39658,38.79041],[141.396543,38.790485],[141.396555,38.790552],[141.396555,38.790577],[141.396593,38.79061],[141.39663,38.79066],[141.396755,38.79081],[141.39688,38.790918],[141.396918,38.790977],[141.396968,38.791027],[141.397018,38.791077],[141.397068,38.791127],[141.39718,38.791235],[141.39723,38.79131],[141.39728,38.79136],[141.397368,38.791435],[141.397505,38.791618],[141.397518,38.791652],[141.397605,38.791727],[141.397643,38.791768],[141.397693,38.791827],[141.397805,38.791927],[141.39788,38.791993],[141.397955,38.792077],[141.39808,38.792193],[141.398105,38.792235],[141.39813,38.792293],[141.398143,38.79236],[141.398143,38.792468],[141.398105,38.792601],[141.39808,38.79271],[141.398043,38.79281],[141.39803,38.792918],[141.397993,38.793026],[141.397968,38.793126],[141.39788,38.79346],[141.397843,38.793685],[141.397805,38.793843],[141.397743,38.794043],[141.397705,38.794226],[141.397605,38.794626],[141.397505,38.795076],[141.397468,38.795218],[141.397405,38.795418],[141.397355,38.795543],[141.397318,38.795626],[141.397218,38.795768],[141.397143,38.795876],[141.39708,38.795934],[141.397018,38.796009],[141.396943,38.796076],[141.396855,38.796168],[141.396718,38.796259],[141.396668,38.796301],[141.396518,38.796418],[141.396418,38.796493],[141.396318,38.796568],[141.39623,38.796659],[141.396193,38.796734],[141.396168,38.796784],[141.396155,38.796818],[141.396143,38.796876],[141.396105,38.796984],[141.39608,38.797034],[141.396055,38.797151],[141.395993,38.797343],[141.39598,38.797384],[141.395968,38.797434],[141.39593,38.797534],[141.395893,38.797668],[141.395868,38.797768],[141.39583,38.797834],[141.395818,38.797901],[141.39578,38.797968],[141.395768,38.798043],[141.395743,38.798118],[141.395705,38.798267],[141.39568,38.798351],[141.395643,38.798426],[141.395593,38.798476],[141.395555,38.798517],[141.395443,38.798567],[141.395355,38.798601],[141.395318,38.798617],[141.395268,38.798617],[141.395205,38.798651],[141.395055,38.798692],[141.394968,38.798726],[141.394893,38.798742],[141.394793,38.798776],[141.39468,38.798826],[141.394605,38.798859],[141.394543,38.798901],[141.394493,38.798934],[141.394455,38.798984],[141.394418,38.799034],[141.39438,38.799109],[141.394355,38.799159],[141.394293,38.799251],[141.39423,38.799367],[141.394168,38.799476],[141.394105,38.799592],[141.39403,38.799717],[141.393918,38.799834],[141.39383,38.799917],[141.393655,38.800026],[141.393555,38.800042],[141.39348,38.800051],[141.393418,38.800042],[141.39333,38.800009],[141.393268,38.799984],[141.393218,38.799967],[141.393155,38.799926],[141.393093,38.799901],[141.393018,38.799851],[141.392805,38.799717],[141.39273,38.799659],[141.392643,38.799592],[141.392555,38.799534],[141.392455,38.799484],[141.39238,38.799434],[141.39223,38.799367],[141.39213,38.799351],[141.39203,38.799334],[141.391905,38.799334],[141.391755,38.799342],[141.391668,38.799351],[141.391493,38.799367],[141.391318,38.799401],[141.391255,38.799401],[141.39113,38.7994],[141.391093,38.799392],[141.39103,38.79935],[141.390943,38.799267],[141.390893,38.799201],[141.390818,38.799092],[141.390793,38.799042],[141.390743,38.799001],[141.390693,38.798942],[141.390655,38.798884],[141.39058,38.798817],[141.390518,38.798759],[141.390468,38.798717],[141.390381,38.798651],[141.390318,38.798626],[141.390268,38.798601],[141.390131,38.798551],[141.389993,38.798509],[141.389918,38.798492],[141.389781,38.798476],[141.389656,38.798484],[141.389506,38.798517],[141.389468,38.798517],[141.389356,38.798567],[141.389268,38.7986],[141.389156,38.798667],[141.389093,38.798709],[141.389031,38.798792],[141.388943,38.798917],[141.388843,38.799017],[141.388706,38.799175],[141.388656,38.79925],[141.388581,38.799384],[141.388556,38.799459],[141.388543,38.799567],[141.388531,38.799642],[141.388518,38.799725],[141.388493,38.799842],[141.388431,38.799892],[141.388381,38.79995],[141.388268,38.799975],[141.388143,38.799992],[141.387856,38.800009],[141.387543,38.800042],[141.387281,38.800042],[141.387093,38.800025],[141.386893,38.800009],[141.386818,38.799992],[141.386643,38.799892],[141.386368,38.799684],[141.386168,38.799525],[141.385868,38.7993],[141.385718,38.799192],[141.385456,38.798984],[141.385293,38.798934],[141.385231,38.798917],[141.384631,38.798942],[141.384531,38.798934],[141.384156,38.798909],[141.383856,38.798825],[141.383593,38.798692],[141.383356,38.798567],[141.383056,38.798359],[141.382968,38.798317],[141.382793,38.798234],[141.382319,38.797884],[141.382144,38.797709],[141.382106,38.797642],[141.381981,38.797509],[141.381781,38.797209],[141.381631,38.797017],[141.381219,38.796767],[141.380844,38.796509],[141.380319,38.796167],[141.380006,38.796117],[141.379744,38.796092],[141.379431,38.796092],[141.379306,38.796092],[141.379131,38.796117],[141.379019,38.796142],[141.378894,38.7962],[141.378731,38.7963],[141.378519,38.796484],[141.378406,38.796609],[141.377819,38.797275],[141.377694,38.797483],[141.377606,38.797667],[141.377206,38.798325],[141.377181,38.798425],[141.377031,38.798975],[141.376907,38.799242],[141.376807,38.7994],[141.376632,38.799617],[141.376469,38.799783],[141.376294,38.799991],[141.376069,38.80025],[141.375957,38.800458],[141.375757,38.800666],[141.375644,38.8009],[141.375594,38.801016],[141.375544,38.801141],[141.375457,38.801566],[141.375457,38.801641],[141.375382,38.802091],[141.375232,38.802458],[141.375082,38.802574],[141.374644,38.802808],[141.374294,38.802949],[141.373994,38.803091],[141.373644,38.803299],[141.373544,38.803374],[141.373282,38.803541],[141.373094,38.803674],[141.372944,38.803783],[141.372469,38.804149],[141.372344,38.804232],[141.372244,38.804357],[141.372232,38.804424],[141.372232,38.804491],[141.372319,38.804599],[141.372494,38.804816],[141.372494,38.804857],[141.372507,38.804924],[141.372482,38.805141],[141.372344,38.805332],[141.372219,38.805499],[141.371994,38.805807],[141.371857,38.805991],[141.371682,38.806249],[141.371504,38.806494],[141.371307,38.806832],[141.371332,38.80739],[141.371144,38.807482],[141.369869,38.807732],[141.369182,38.807799],[141.368532,38.807982],[141.368332,38.808207],[141.368232,38.808499],[141.368007,38.808749],[141.367682,38.808907],[141.36682,38.809023],[141.36647,38.809198],[141.36617,38.809407],[141.366032,38.809448],[141.365807,38.809448],[141.36537,38.809248],[141.36507,38.809065],[141.364757,38.808798],[141.364707,38.808682],[141.364407,38.808482],[141.363995,38.80839],[141.363582,38.808482],[141.362895,38.808348],[141.362458,38.808215],[141.362258,38.80819],[141.36182,38.808323],[141.36147,38.808573],[141.361158,38.808865],[141.36072,38.809023],[141.359758,38.809007],[141.359683,38.809048],[141.359708,38.809323],[141.359733,38.810398],[141.35962,38.810698],[141.35902,38.811081],[141.35847,38.811165],[141.357833,38.811098],[141.357095,38.810965],[141.356908,38.81099],[141.356296,38.810965],[141.355833,38.810881],[141.355608,38.810881],[141.354621,38.811198],[141.354408,38.811214],[141.353908,38.811373],[141.353583,38.811648],[141.353383,38.812031],[141.353083,38.812364],[141.352758,38.812523],[141.352421,38.812548],[141.352046,38.812439],[141.351571,38.812189],[141.351246,38.812148],[141.350971,38.812189],[141.350283,38.812481],[141.350059,38.812481],[141.349671,38.812348],[141.349371,38.812031],[141.349296,38.811898],[141.349096,38.811331],[141.348821,38.811106],[141.348734,38.811089],[141.348434,38.810864],[141.348221,38.810389],[141.347971,38.810139],[141.347609,38.809964],[141.346896,38.809806],[141.346346,38.809714],[141.345747,38.809556],[141.345222,38.809331],[141.344559,38.808906],[141.343847,38.808814],[141.343434,38.808906],[141.343234,38.808998],[141.342747,38.809023],[141.342059,38.808973],[141.341484,38.808864],[141.341097,38.808731],[141.340934,38.808456],[141.341009,38.808056],[141.341197,38.807673],[141.341534,38.807373],[141.341584,38.807039],[141.341397,38.806698],[141.34101,38.806523],[141.340372,38.806548],[141.339497,38.806498],[141.338835,38.806323],[141.338372,38.806256],[141.338035,38.806298],[141.33766,38.806589],[141.337347,38.806906],[141.336472,38.807023],[141.335122,38.806998],[141.334935,38.806956],[141.334573,38.806931],[141.333923,38.807222],[141.33356,38.807814],[141.33351,38.808306],[141.33356,38.808422],[141.33356,38.808739],[141.33296,38.809206],[141.332548,38.809439],[141.332323,38.809822],[141.332348,38.810222],[141.33246,38.81088],[141.33241,38.811347],[141.332223,38.811805],[141.331835,38.812189],[141.331148,38.812638],[141.33016,38.813088],[141.328585,38.813722],[141.32851,38.813813],[141.328235,38.814355],[141.327848,38.814438],[141.327185,38.81453],[141.325923,38.81483],[141.325236,38.815071],[141.324386,38.815505],[141.324111,38.815821],[141.324036,38.815979],[141.323898,38.816563],[141.323698,38.817013],[141.323348,38.817304],[141.322298,38.817621],[141.321748,38.817871],[141.320598,38.818462],[141.320261,38.818687],[141.319748,38.819629],[141.319473,38.819945],[141.319111,38.82017],[141.318761,38.820712],[141.318173,38.82112],[141.317761,38.821929],[141.317461,38.822178],[141.317136,38.822628],[141.317161,38.82272],[141.317048,38.823103],[141.316673,38.82322],[141.316011,38.823237],[141.315461,38.823128],[141.314911,38.822945],[141.314686,38.822812],[141.314224,38.822362],[141.313811,38.822137],[141.313311,38.822187],[141.312686,38.822362],[141.312074,38.822453],[141.310099,38.82237],[141.309049,38.822162],[141.308699,38.821962],[141.308637,38.821762],[141.308749,38.821403],[141.309049,38.82097],[141.308887,38.820637],[141.308274,38.82032],[141.307624,38.820028],[141.306799,38.819512],[141.306524,38.819128],[141.306437,38.818604],[141.306524,38.818537],[141.307124,38.817729],[141.307587,38.816829],[141.307649,38.816171],[141.307474,38.815746],[141.307462,38.81567],[141.307424,38.815587],[141.307224,38.815096],[141.307562,38.813962],[141.307499,38.813404],[141.307537,38.812654],[141.307287,38.812279],[141.307175,38.811821],[141.307337,38.811579],[141.307337,38.811329],[141.306925,38.811013],[141.306512,38.810763],[141.306262,38.810455],[141.306262,38.810338],[141.306512,38.809888],[141.306512,38.809638],[141.306837,38.809321],[141.307175,38.809121],[141.307225,38.808921],[141.306925,38.808646],[141.306287,38.808313],[141.305762,38.807721],[141.305525,38.807363],[141.305137,38.807005],[141.304725,38.80633],[141.304112,38.805722],[141.30335,38.80518],[141.302938,38.80478],[141.303013,38.804147],[141.302525,38.80358],[141.302438,38.803247],[141.3026,38.802955],[141.30315,38.80243],[141.303425,38.802114],[141.303488,38.80178],[141.303213,38.801505],[141.303075,38.801422],[141.303075,38.801239],[141.30315,38.800947],[141.302925,38.800697],[141.302575,38.800606],[141.302375,38.800339],[141.302413,38.800181],[141.302575,38.799956],[141.302688,38.799681],[141.302163,38.799056],[141.302138,38.798764],[141.302438,38.798489],[141.302625,38.798422],[141.303013,38.798173],[141.303475,38.797973],[141.304113,38.797539],[141.30425,38.796573],[141.304388,38.796231],[141.304463,38.795898],[141.304413,38.795331],[141.30455,38.794723],[141.304763,38.794273],[141.304763,38.79394],[141.3046,38.79364],[141.304275,38.793348],[141.303775,38.793123],[141.30315,38.79299],[141.301988,38.793081],[141.301363,38.79329],[141.300613,38.793423],[141.300126,38.793465],[141.298476,38.793398],[141.296963,38.793539],[141.296601,38.793606],[141.295751,38.793831],[141.295014,38.794214],[141.293551,38.795114],[141.292489,38.795522],[141.292151,38.796022],[141.291939,38.796472],[141.290701,38.796181],[141.290501,38.796181],[141.290064,38.796247],[141.289426,38.796522],[141.288964,38.796681],[141.288277,38.796722],[141.287339,38.79688],[141.286377,38.797222],[141.285502,38.797489],[141.285089,38.797555],[141.284514,38.797555],[141.284014,38.797355],[141.283602,38.796905],[141.283414,38.796389],[141.283114,38.79603],[141.282389,38.795672],[141.281927,38.795372],[141.281852,38.795222],[141.281765,38.794606],[141.282015,38.794297],[141.282065,38.794047],[141.281877,38.793822],[141.281352,38.793731],[141.281052,38.793464],[141.280852,38.793056],[141.280465,38.792606],[141.280165,38.792514],[141.279777,38.792647],[141.278215,38.793689],[141.277777,38.793847],[141.27684,38.793964],[141.276127,38.79398],[141.275327,38.794072],[141.275027,38.794164],[141.274615,38.794439],[141.274727,38.794889],[141.275002,38.795289],[141.27514,38.79563],[141.27514,38.795764],[141.275002,38.796055],[141.274727,38.796355],[141.274265,38.796505],[141.273927,38.79628],[141.27354,38.796147],[141.273403,38.796197],[141.273328,38.796622],[141.273377,38.796755],[141.273352,38.79698],[141.273377,38.797005],[141.27294,38.797055],[141.27244,38.79698],[141.27189,38.796447],[141.271153,38.79473],[141.27079,38.794255],[141.270628,38.794097],[141.27014,38.793739],[141.269665,38.793539],[141.269065,38.793447],[141.26879,38.793222],[141.268628,38.79273],[141.26859,38.792164],[141.268628,38.792005],[141.268703,38.791914],[141.26904,38.79133],[141.26914,38.790972],[141.269178,38.789481],[141.269065,38.788697],[141.26879,38.788172],[141.268628,38.787972],[141.268078,38.787614],[141.267391,38.787414],[141.267141,38.787414],[141.266478,38.787497],[141.265853,38.787706],[141.265378,38.787772],[141.264966,38.787664],[141.264391,38.787956],[141.264278,38.787981],[141.263841,38.787889],[141.263203,38.787614],[141.262928,38.787389],[141.262828,38.787372],[141.263128,38.786831],[141.263316,38.786306],[141.263316,38.785523],[141.262716,38.782723],[141.262654,38.781781],[141.262716,38.781281],[141.262791,38.780948],[141.263066,38.780498],[141.263129,38.780315],[141.262854,38.780157],[141.262604,38.779957],[141.262279,38.779615],[141.261316,38.778923],[141.261004,38.778198],[141.260654,38.777907],[141.259467,38.777232],[141.259054,38.776957],[141.258454,38.776623],[141.258204,38.776424],[141.258129,38.776307],[141.258017,38.776015],[141.258067,38.775724],[141.258179,38.775407],[141.258229,38.775024],[141.258229,38.774549],[141.258092,38.774007],[141.257742,38.773307],[141.256305,38.771941],[141.25598,38.771466],[141.255842,38.770991],[141.255955,38.770158],[141.256167,38.769208],[141.256142,38.768558],[141.256067,38.768241],[141.256117,38.767674],[141.25603,38.76725],[141.255842,38.766891],[141.255955,38.766508],[141.256255,38.766166],[141.25688,38.764925],[141.25688,38.764725],[141.257055,38.763642],[141.257193,38.762675],[141.257293,38.762467],[141.25763,38.762292],[141.257743,38.762159],[141.25738,38.761617],[141.257105,38.7613],[141.256093,38.760534],[141.255505,38.76015],[141.254743,38.7597],[141.254106,38.759634],[141.253893,38.759659],[141.253556,38.759884],[141.253118,38.760534],[141.252743,38.7609],[141.252493,38.760984],[141.251968,38.760875],[141.251693,38.7609],[141.251556,38.760967],[141.251168,38.760984],[141.250818,38.760942],[141.250043,38.760584],[141.249693,38.76065],[141.249218,38.760609],[141.249081,38.760559],[141.248618,38.760317],[141.248206,38.760017],[141.247794,38.759617],[141.247381,38.759259],[141.246606,38.758942],[141.246518,38.758887],[141.246481,38.758934],[141.246244,38.758867],[141.245831,38.758809],[141.245406,38.758725],[141.245031,38.758584],[141.244319,38.758167],[141.243294,38.757675],[141.242632,38.757092],[141.242144,38.756517],[141.241807,38.756176],[141.241219,38.755667],[141.240594,38.755451],[141.239769,38.755476],[141.238682,38.755617],[141.237582,38.755734],[141.236082,38.755884],[141.235595,38.755909],[141.235145,38.755784],[141.233445,38.755034],[141.232833,38.754817],[141.230895,38.7543],[141.230495,38.753925],[141.230283,38.753626],[141.229733,38.753201],[141.229246,38.752926],[141.229171,38.752876],[141.228983,38.752826],[141.229146,38.752651],[141.229533,38.752376],[141.230358,38.751901],[141.23082,38.751884],[141.231345,38.751901],[141.231708,38.751992],[141.232308,38.751876],[141.23332,38.751243],[141.234945,38.749709],[141.235408,38.749351],[141.235795,38.749101],[141.235995,38.748876],[141.235995,38.748768],[141.234533,38.748135],[141.233895,38.747935],[141.233758,38.747868],[141.233071,38.74771],[141.232471,38.747618],[141.231758,38.747618],[141.230621,38.747735],[141.229146,38.747801],[141.228283,38.747876],[141.226421,38.748076],[141.226171,38.748143],[141.224959,38.748284],[141.221746,38.748559],[141.220897,38.748601],[141.218772,38.748584],[141.218384,38.748626],[141.218172,38.749101],[141.217922,38.749209],[141.217709,38.749259],[141.217259,38.749284],[141.216709,38.749234],[141.216297,38.749126],[141.215885,38.748942],[141.215672,38.748967],[141.215372,38.749084],[141.215147,38.749309],[141.214685,38.750092],[141.21451,38.7505],[141.213772,38.751359],[141.212697,38.75215],[141.212322,38.752533],[141.212047,38.752917],[141.211372,38.753517],[141.21096,38.753783],[141.210272,38.753992],[141.209535,38.754042],[141.209247,38.754108],[141.20906,38.754225],[141.208772,38.754691],[141.208335,38.755583],[141.207723,38.756275],[141.20736,38.756733],[141.20726,38.757091],[141.207198,38.757799],[141.207198,38.758341],[141.207272,38.758724],[141.207422,38.759083],[141.207572,38.759716],[141.207897,38.760282],[141.208222,38.760649],[141.20836,38.760941],[141.20836,38.761166],[141.208235,38.761357],[141.20756,38.761682],[141.207222,38.761949],[141.207185,38.762066],[141.207297,38.763174],[141.207272,38.763965],[141.20746,38.76494],[141.207522,38.765457],[141.207447,38.766265],[141.207485,38.766607],[141.207322,38.767023],[141.206997,38.767565],[141.20636,38.768181],[141.206185,38.768448],[141.206097,38.768965],[141.206085,38.769348],[141.205847,38.769648],[141.205485,38.76984],[141.204985,38.769973],[141.20436,38.769998],[141.20381,38.769939],[141.203373,38.769931],[141.203048,38.769981],[141.202748,38.770139],[141.202423,38.770356],[141.201948,38.770873],[141.20181,38.770956],[141.201423,38.771106],[141.201073,38.771273],[141.200773,38.771498],[141.200385,38.771922],[141.199898,38.772597],[141.199298,38.773089],[141.198885,38.773381],[141.198185,38.773622],[141.19786,38.773839],[141.197635,38.774622],[141.19746,38.775039],[141.19721,38.77548],[141.196948,38.775714],[141.196636,38.775913],[141.196286,38.776047],[141.195761,38.776597],[141.195661,38.776722],[141.195323,38.776955],[141.194586,38.777055],[141.193411,38.777172],[141.192698,38.777163],[141.192048,38.777213],[141.191524,38.777347],[141.191074,38.777555],[141.190474,38.77793],[141.190049,38.778255],[141.189574,38.77853],[141.188711,38.778805],[141.187949,38.779329],[141.187511,38.779488],[141.186674,38.779604],[141.186362,38.779729],[141.185949,38.780213],[141.185599,38.780696],[141.184887,38.781379],[141.182537,38.782879],[141.182024,38.783271],[141.181499,38.783804],[141.180912,38.78452],[141.180762,38.784587],[141.180537,38.784404],[141.180237,38.783937],[141.180162,38.783562],[141.179812,38.782771],[141.179362,38.782354],[141.178862,38.782096],[141.178112,38.781854],[141.176513,38.781212],[141.176013,38.781079],[141.175338,38.781037],[141.17385,38.781121],[141.173525,38.780846],[141.17315,38.780212],[141.173038,38.779921],[141.173038,38.779821],[141.173263,38.779587],[141.17335,38.779204],[141.1733,38.778846],[141.173138,38.778462],[141.172951,38.778321],[141.172426,38.778421],[141.171401,38.778962],[141.171013,38.779087],[141.170701,38.779037],[141.170351,38.778729],[141.169626,38.777829],[141.169126,38.777496],[141.168588,38.777296],[141.168189,38.777237],[141.167889,38.777279],[141.167526,38.777446],[141.167451,38.777546],[141.167376,38.777821],[141.167376,38.778571],[141.167089,38.778929],[141.166651,38.779262],[141.166239,38.779654],[141.165789,38.780204],[141.165626,38.780479],[141.165351,38.78072],[141.164439,38.781004],[141.164289,38.781079],[141.164014,38.78132],[141.163589,38.78197],[141.163464,38.782012],[141.163114,38.782037],[141.162826,38.78192],[141.162151,38.781778],[141.161402,38.781487],[141.160839,38.781412],[141.160577,38.781412],[141.160077,38.781595],[141.159577,38.782128],[141.159302,38.782462],[141.158977,38.782645],[141.158177,38.782662],[141.157539,38.782611],[141.157264,38.782645],[141.156952,38.782878],[141.156202,38.783261],[141.154952,38.783678],[141.154502,38.783778],[141.154402,38.783853],[141.153065,38.784045],[141.152865,38.784211],[141.152702,38.784619],[141.15174,38.785344],[141.151352,38.785603],[141.150665,38.785861],[141.14964,38.785986],[141.148852,38.785994],[141.147928,38.785827],[141.147853,38.785569],[141.147965,38.784311],[141.147778,38.784269],[141.146378,38.784403],[141.146215,38.784453],[141.14619,38.784536],[141.146228,38.784827],[141.146365,38.785136],[141.145515,38.785577],[141.144078,38.786261],[141.143428,38.786652],[141.143328,38.786752],[141.142153,38.787394],[141.141966,38.787552],[141.141303,38.788377],[141.140816,38.788802],[141.139378,38.789735],[141.138816,38.790318],[141.138591,38.79071],[141.138591,38.791102],[141.139066,38.792201],[141.139428,38.793335],[141.13974,38.79471],[141.140515,38.795526],[141.140515,38.796384],[141.140615,38.797276],[141.140828,38.798142],[141.14074,38.799051],[141.14084,38.799534],[141.141015,38.800009],[141.141065,38.800642],[141.141028,38.8013],[141.141265,38.803209],[141.141177,38.803717],[141.14079,38.804458],[141.14079,38.805],[141.14089,38.8059],[141.14089,38.807341],[141.140952,38.808133],[141.141065,38.808683],[141.14124,38.8092],[141.141565,38.809666],[141.142102,38.810858],[141.142314,38.811466],[141.142402,38.812008],[141.141277,38.813016],[141.14084,38.813357],[141.140415,38.813641],[141.139865,38.814257],[141.13964,38.814316],[141.139077,38.814291],[141.138077,38.814091],[141.137365,38.813799],[141.13649,38.813166],[141.13589,38.812832],[141.135453,38.812716],[141.13459,38.812616],[141.13409,38.812591],[141.133203,38.812657],[141.132653,38.81274],[141.13179,38.813007],[141.130953,38.81304],[141.130378,38.81284],[141.130016,38.812782],[141.129941,38.812882],[141.129728,38.813882],[141.129466,38.814482],[141.128641,38.815607],[141.128266,38.81594],[141.128053,38.81599],[141.127291,38.815973],[141.126916,38.816098],[141.126816,38.816223],[141.126378,38.816523],[141.125678,38.816657],[141.125466,38.816673],[141.124666,38.816415],[141.124129,38.816382],[141.123591,38.816565],[141.123479,38.816581],[141.123429,38.816823],[141.123616,38.817065],[141.123679,38.817698],[141.123679,38.818815],[141.123766,38.819398],[141.123966,38.819789],[141.124566,38.820281],[141.125103,38.820656],[141.125591,38.821114],[141.125953,38.821539],[141.125941,38.821914],[141.125741,38.822223],[141.124666,38.823572],[141.124216,38.824389],[141.123816,38.825389],[141.123616,38.825539],[141.122953,38.825589],[141.121929,38.825789],[141.121528,38.825892],[141.121416,38.826172],[141.121166,38.826264],[141.120754,38.826197],[141.120179,38.826014],[141.120116,38.825947],[141.119566,38.82563],[141.119241,38.82548],[141.118441,38.825189],[141.117967,38.824914],[141.117504,38.824489],[141.117092,38.823697],[141.116867,38.823114],[141.116704,38.822822],[141.116292,38.822481],[141.115854,38.822439],[141.115654,38.822464],[141.114642,38.822889],[141.113542,38.823564],[141.113517,38.823547],[141.113155,38.823547],[141.112855,38.823497],[141.112167,38.823505],[141.11178,38.823664],[141.110905,38.824247],[141.110405,38.824472],[141.109917,38.82483],[141.109717,38.82488],[141.10953,38.824855],[141.109342,38.824922],[141.109117,38.825105],[141.10898,38.825147],[141.108568,38.825147],[141.10783,38.825013],[141.10728,38.824855],[141.106755,38.824613],[141.106455,38.824363],[141.106205,38.82398],[141.106068,38.823572],[141.106093,38.823264],[141.105655,38.822922],[141.105243,38.822672],[141.10488,38.82263],[141.104718,38.822855],[141.104468,38.823238],[141.104418,38.823822],[141.10458,38.82443],[141.104368,38.82518],[141.104368,38.825563],[141.104443,38.82583],[141.104468,38.826096],[141.103955,38.82648],[141.10393,38.826596],[141.10403,38.826821],[141.104668,38.827613],[141.104968,38.828063],[141.104943,38.828105],[141.104443,38.82813],[141.10403,38.828196],[141.103568,38.828354],[141.103493,38.828554],[141.10338,38.829163],[141.103218,38.829679],[141.10278,38.830496],[141.102743,38.830696],[141.10308,38.831437],[141.103193,38.831962],[141.10313,38.832546],[141.103168,38.832971],[141.103405,38.833329],[141.104518,38.834729],[141.10468,38.835112],[141.10468,38.835654],[141.104767,38.836245],[141.10483,38.837378],[141.104892,38.837445],[141.105267,38.837603],[141.10613,38.83792],[141.10648,38.837987],[141.106967,38.837895],[141.108005,38.837603],[141.10803,38.837562],[141.10858,38.837337],[141.109104,38.837312],[141.109704,38.837337],[141.110229,38.837379],[141.111029,38.837537],[141.111492,38.837562],[141.111704,38.837629],[141.112304,38.83797],[141.112479,38.838037],[141.112829,38.838104],[141.113204,38.838037],[141.113517,38.837879],[141.113717,38.837629],[141.113867,38.837095],[141.114929,38.836687],[141.115454,38.836529],[141.116166,38.836246],[141.116316,38.836112],[141.116416,38.836071],[141.117029,38.835929],[141.117416,38.835954],[141.117716,38.836087],[141.117879,38.836112],[141.118129,38.836087],[141.118866,38.835862],[141.120241,38.835346],[141.120378,38.835121],[141.120741,38.835112],[141.120991,38.835162],[141.121503,38.835337],[141.121803,38.835487],[141.122153,38.835637],[141.122791,38.835804],[141.123003,38.835837],[141.123028,38.836196],[141.123128,38.836246],[141.124015,38.836537],[141.125053,38.836721],[141.125628,38.837062],[141.126953,38.838054],[141.127803,38.838712],[141.128215,38.838979],[141.12919,38.839412],[141.129527,38.839621],[141.129902,38.839887],[141.130052,38.840071],[141.129965,38.84027],[141.129815,38.840454],[141.12984,38.840679],[141.129815,38.840787],[141.129902,38.841962],[141.130127,38.842095],[141.13044,38.842345],[141.130615,38.842612],[141.13064,38.842995],[141.131452,38.843495],[141.131764,38.843745],[141.132102,38.844262],[141.132302,38.844645],[141.132389,38.844962],[141.132539,38.845212],[141.134152,38.845728],[141.134289,38.845753],[141.134639,38.845887],[141.134952,38.845962],[141.135589,38.846187],[141.135814,38.846295],[141.136851,38.846928],[141.137601,38.847337],[141.137914,38.847545],[141.138176,38.848086],[141.138714,38.848895],[141.139401,38.849753],[141.139626,38.85052],[141.140063,38.850903],[141.140988,38.851561],[141.141413,38.851986],[141.142563,38.852894],[141.144088,38.854294],[141.146038,38.855669],[141.14655,38.856144],[141.146675,38.856369],[141.146587,38.856411],[141.146262,38.857002],[141.145975,38.857361],[141.145712,38.857761],[141.1456,38.858127],[141.145712,38.858369],[141.146375,38.859094],[141.146912,38.859635],[141.146975,38.859835],[141.146975,38.86011],[141.146737,38.861118],[141.146675,38.862477],[141.146587,38.862785],[141.1465,38.862877],[141.145775,38.863193],[141.145662,38.86346],[141.145462,38.864493],[141.145425,38.865535],[141.145512,38.865826],[141.146025,38.866276],[141.145737,38.867493],[141.145675,38.868351],[141.145762,38.868667],[141.146012,38.869067],[141.145874,38.869292],[141.145549,38.869476],[141.1453,38.869567],[141.145062,38.869792],[141.1446,38.869942],[141.144112,38.870034],[141.143737,38.870142],[141.143475,38.870259],[141.143362,38.870775],[141.143187,38.871925],[141.143012,38.87235],[141.142425,38.873117],[141.141675,38.8737],[141.141362,38.8739],[141.141062,38.874258],[141.140925,38.874692],[141.140775,38.875408],[141.1402,38.87685],[141.140025,38.877316],[141.13985,38.877566],[141.139637,38.877566],[141.1391,38.8775],[141.138062,38.877183],[141.136912,38.876933],[141.135525,38.876816],[141.135263,38.876883],[141.1346,38.877399],[141.134275,38.877533],[141.1339,38.877574],[141.133588,38.877666],[141.1331,38.878158],[141.132688,38.878316],[141.131975,38.878474],[141.131513,38.878516],[141.130963,38.878624],[141.130526,38.878782],[141.129801,38.879232],[141.129226,38.879457],[141.128101,38.879591],[141.127176,38.879474],[141.126888,38.879491],[141.126638,38.879782],[141.126401,38.879807],[141.126113,38.879541],[141.126001,38.879466],[141.125626,38.879424],[141.125251,38.879466],[141.124789,38.879716],[141.124639,38.879941],[141.124126,38.880074],[141.123951,38.880407],[141.123751,38.880457],[141.123139,38.880207],[141.122764,38.88009],[141.122564,38.880065],[141.122251,38.88009],[141.121701,38.880249],[141.121526,38.880327],[141.120989,38.880307],[141.119839,38.880074],[141.118939,38.880007],[141.118677,38.88014],[141.118502,38.880349],[141.118364,38.880615],[141.118127,38.880665],[141.117552,38.880549],[141.116514,38.880415],[141.116339,38.880349],[141.116289,38.880032],[141.116339,38.879715],[141.116227,38.87944],[141.116052,38.879215],[141.115964,38.879174],[141.115739,38.879149],[141.114665,38.879282],[141.114315,38.879032],[141.113765,38.878107],[141.111952,38.878082],[141.11164,38.878132],[141.11149,38.878199],[141.111227,38.878399],[141.110915,38.878557],[141.110427,38.878649],[141.10984,38.878649],[141.109328,38.878582],[141.108603,38.878349],[141.10774,38.877674],[141.107303,38.877607],[141.107015,38.877715],[141.106553,38.87824],[141.106203,38.878532],[141.105115,38.878998],[141.104815,38.879207],[141.10444,38.879765],[141.104153,38.87999],[141.103291,38.880215],[141.102716,38.880507],[141.102628,38.880873],[141.102566,38.881706],[141.102516,38.882198],[141.102653,38.882565],[141.102741,38.883173],[141.102915,38.883415],[141.10294,38.883689],[141.102478,38.884139],[141.102428,38.884256],[141.102453,38.884456],[141.10269,38.884681],[141.102715,38.884748],[141.102653,38.884798],[141.102428,38.884798],[141.102103,38.884656],[141.101903,38.884614],[141.101703,38.884656],[141.101503,38.884789],[141.101153,38.884948],[141.100441,38.884923],[141.099678,38.885064],[141.099303,38.885014],[141.098791,38.884748],[141.098641,38.884698],[141.098441,38.885014],[141.097978,38.885264],[141.097428,38.885422],[141.096966,38.885622],[141.096304,38.886006],[141.095754,38.886231],[141.095179,38.886339],[141.094866,38.886522],[141.094491,38.88713],[141.094079,38.88758],[141.093566,38.887805],[141.092954,38.88783],[141.092154,38.887647],[141.091741,38.887439],[141.091479,38.887172],[141.090529,38.885656],[141.090179,38.885297],[141.089717,38.885139],[141.089379,38.884889],[141.089254,38.884597],[141.089317,38.884239],[141.089142,38.883872],[141.088829,38.883647],[141.088342,38.883556],[141.087729,38.883606],[141.086717,38.883539],[141.085967,38.883689],[141.08533,38.883739],[141.08493,38.883672],[141.08403,38.883239],[141.083255,38.882964],[141.082243,38.882739],[141.081868,38.882539],[141.081643,38.881906],[141.08143,38.881639],[141.081055,38.881364],[141.08063,38.881339],[141.080168,38.881364],[141.07953,38.881339],[141.078893,38.881247],[141.077706,38.880756],[141.077193,38.880506],[141.076206,38.880297],[141.075193,38.879731],[141.075056,38.879623],[141.074594,38.879556],[141.074069,38.879664],[141.073519,38.879981],[141.072919,38.880389],[141.072681,38.880681],[141.072544,38.881131],[141.072369,38.881331],[141.071269,38.881989],[141.071069,38.88203],[141.070631,38.881897],[141.070006,38.881597],[141.069506,38.881422],[141.069481,38.881372],[141.069082,38.881305],[141.067807,38.88178],[141.067694,38.881797],[141.067082,38.882114],[141.066619,38.882405],[141.065782,38.882814],[141.065519,38.882697],[141.065269,38.882539],[141.065069,38.882522],[141.064057,38.882905],[141.062695,38.883238],[141.062057,38.883555],[141.061682,38.88378],[141.06122,38.883822],[141.060732,38.883755],[141.06042,38.88353],[141.060332,38.88328],[141.059957,38.883005],[141.058308,38.882288],[141.057758,38.882105],[141.057033,38.882105],[141.056283,38.882213],[141.055945,38.882213],[141.055483,38.882013],[141.054695,38.882147],[141.054345,38.881988],[141.054095,38.881788],[141.053945,38.881738],[141.053595,38.88183],[141.052646,38.882621],[141.052383,38.882796],[141.051958,38.883205],[141.051433,38.88298],[141.051146,38.882796],[141.050708,38.88268],[141.050333,38.882638],[141.050046,38.882521],[141.049496,38.881688],[141.049071,38.881646],[141.048871,38.881463],[141.048721,38.881105],[141.048371,38.881055],[141.047884,38.881171],[141.047359,38.881171],[141.047284,38.881105],[141.046896,38.88058],[141.046609,38.880288],[141.046209,38.880197],[141.045859,38.880197],[141.045546,38.879997],[141.045371,38.879705],[141.045371,38.87943],[141.045859,38.879113],[141.045809,38.878913],[141.045396,38.878597],[141.045234,38.87853],[141.044447,38.87803],[141.044247,38.877805],[141.043697,38.876972],[141.043384,38.876589],[141.043297,38.876564],[141.042972,38.876564],[141.042309,38.876838],[141.041672,38.876947],[141.041184,38.877013],[141.03991,38.877347],[141.039772,38.877347],[141.039422,38.877172],[141.039085,38.87683],[141.03896,38.876763],[141.038622,38.876738],[141.038185,38.876805],[141.03786,38.876805],[141.03726,38.876697],[141.03686,38.876763],[141.036022,38.87728],[141.035522,38.87753],[141.03536,38.877547],[141.03501,38.87748],[141.034635,38.877297],[141.034023,38.877546],[141.033798,38.87768],[141.033385,38.877771],[141.032848,38.877838],[141.032635,38.877971],[141.032673,38.87818],[141.033048,38.878921],[141.032923,38.879938],[141.032873,38.880163],[141.03261,38.880404],[141.032298,38.880454],[141.031748,38.880679],[141.031398,38.880946],[141.031223,38.881304],[141.031085,38.881738],[141.030823,38.882163],[141.030623,38.882612],[141.030385,38.882979],[141.03001,38.883312],[141.02946,38.883471],[141.028823,38.883537],[141.028248,38.883512],[141.02776,38.883421],[141.027385,38.883221],[141.027036,38.882971],[141.026548,38.882746],[141.026136,38.882679],[141.025223,38.882971],[141.024898,38.882837],[141.024498,38.882204],[141.024436,38.881887],[141.024473,38.881637],[141.024386,38.881321],[141.024098,38.881054],[141.023548,38.880846],[141.023136,38.880896],[141.022536,38.881121],[141.022211,38.881321],[141.022074,38.881571],[141.021874,38.882271],[141.021724,38.882604],[141.021461,38.882879],[141.020974,38.88317],[141.020949,38.883212],[141.021149,38.88337],[141.021411,38.883712],[141.021411,38.88427],[141.021349,38.884745],[141.021348,38.88517],[141.021573,38.886187],[141.021523,38.886303],[141.021286,38.886412],[141.020973,38.886462],[141.020511,38.88632],[141.019899,38.885937],[141.019386,38.885537],[141.019011,38.885328],[141.018286,38.885078],[141.017711,38.885012],[141.017136,38.884895],[141.016724,38.884737],[141.016349,38.884354],[141.016212,38.884154],[141.015837,38.88377],[141.014887,38.882937],[141.014124,38.882079],[141.013674,38.881337],[141.013549,38.881062],[141.012999,38.880904],[141.012112,38.880879],[141.011675,38.88072],[141.011387,38.88072],[141.011012,38.880929],[141.010787,38.881129],[141.010487,38.881304],[141.010062,38.88142],[141.009687,38.881462],[141.009275,38.881462],[141.009075,38.88137],[141.0085,38.881012],[141.0081,38.88097],[141.00775,38.880787],[141.007113,38.880129],[141.006888,38.879812],[141.006738,38.879479],[141.006538,38.879204],[141.006188,38.878962],[141.005563,38.878729],[141.005013,38.878662],[141.004175,38.878845],[141.00345,38.87932],[141.003051,38.879679],[141.002701,38.880145],[141.002526,38.880987],[141.002438,38.88107],[141.002151,38.881228],[141.001626,38.881412],[141.000738,38.88152],[141.000613,38.88152],[140.999863,38.881253],[140.999401,38.88087],[140.999063,38.880712],[140.998601,38.88062],[140.997589,38.880728],[140.996951,38.880753],[140.996476,38.880795],[140.996226,38.88077],[140.995839,38.880687],[140.995214,38.880395],[140.994876,38.880062],[140.994651,38.879362],[140.994376,38.87907],[140.994151,38.878779],[140.994026,38.878237],[140.993989,38.87772],[140.993839,38.877229],[140.993677,38.876912],[140.992602,38.876329],[140.992139,38.876112],[140.991802,38.87582],[140.991577,38.875504],[140.991514,38.875212],[140.991389,38.875237],[140.991114,38.875195],[140.990752,38.875062],[140.989915,38.874387],[140.989665,38.874387],[140.989302,38.874595],[140.987815,38.875229],[140.987565,38.875304],[140.98699,38.875345],[140.98619,38.875237],[140.985427,38.875354],[140.985052,38.875537],[140.984415,38.876062],[140.984028,38.876562],[140.983665,38.877303],[140.98349,38.87782],[140.98319,38.878203],[140.982678,38.87857],[140.982465,38.87882],[140.982465,38.87907],[140.982715,38.879336],[140.983328,38.879486],[140.984315,38.87987],[140.98449,38.880045],[140.984102,38.880228],[140.98349,38.880461],[140.982303,38.881053],[140.98169,38.881253],[140.980903,38.881444],[140.980628,38.881686],[140.980603,38.882519],[140.98049,38.882994],[140.980253,38.883427],[140.979665,38.883861],[140.979578,38.883902],[140.978628,38.883911],[140.977828,38.883961],[140.977715,38.884002],[140.977653,38.884202],[140.977753,38.884544],[140.97779,38.885019],[140.977578,38.885444],[140.977453,38.88556],[140.977153,38.885744],[140.977003,38.885785],[140.976753,38.885769],[140.976265,38.885635],[140.97574,38.885835],[140.975228,38.88611],[140.975078,38.88636],[140.974803,38.88701],[140.974466,38.887243],[140.974078,38.887268],[140.973278,38.887177],[140.972728,38.887385],[140.972241,38.887502],[140.971528,38.88746],[140.971041,38.887668],[140.970466,38.888026],[140.971178,38.88841],[140.971328,38.888651],[140.971403,38.889035],[140.971653,38.889601],[140.972016,38.890051],[140.972428,38.890743],[140.972403,38.891126],[140.972103,38.891576],[140.971578,38.891968],[140.971278,38.892368],[140.970978,38.893117],[140.970903,38.894442],[140.970703,38.894942],[140.970241,38.89515],[140.969691,38.895217],[140.969016,38.895675],[140.967653,38.897075],[140.967141,38.897509],[140.966528,38.897783],[140.966228,38.898142],[140.965991,38.8988],[140.966066,38.89945],[140.966378,38.900616],[140.966291,38.90085],[140.966078,38.90105],[140.965653,38.901341],[140.965141,38.90155],[140.964978,38.901641],[140.964503,38.902233],[140.963828,38.902275],[140.962116,38.902216],[140.961741,38.902333],[140.961716,38.90245],[140.961691,38.903616],[140.961554,38.904116],[140.961466,38.904591],[140.961466,38.904974],[140.961329,38.905832],[140.961166,38.905966],[140.960591,38.906082],[140.959854,38.906332],[140.959366,38.906649],[140.958916,38.907032],[140.958891,38.907174],[140.958766,38.907307],[140.958154,38.907491],[140.957854,38.907782],[140.957729,38.908215],[140.957429,38.908215],[140.956941,38.908282],[140.956241,38.908582],[140.954679,38.909424],[140.954354,38.909782],[140.954017,38.90974],[140.953429,38.909565],[140.951867,38.909374],[140.951067,38.909424],[140.950517,38.909624],[140.950004,38.910082],[140.94988,38.91024],[140.949642,38.910732],[140.949617,38.910873],[140.949405,38.911073],[140.949067,38.911032],[140.947992,38.910673],[140.947492,38.910315],[140.94713,38.91014],[140.946942,38.910115],[140.946342,38.911023],[140.94598,38.911432],[140.945705,38.911615],[140.945067,38.911865],[140.94448,38.911998],[140.944355,38.91209],[140.94433,38.912181],[140.944805,38.91304],[140.944805,38.913306],[140.94393,38.914456],[140.943842,38.914665],[140.943355,38.915023],[140.941393,38.915556],[140.941055,38.915531],[140.940443,38.915714],[140.93978,38.916239],[140.939193,38.916239],[140.93858,38.916023],[140.93843,38.915889],[140.938181,38.915548],[140.938056,38.915123],[140.937656,38.914881],[140.937318,38.914831],[140.936456,38.914839],[140.935693,38.914931],[140.934681,38.915189],[140.934231,38.915414],[140.934081,38.915706],[140.934081,38.916248],[140.933743,38.916473],[140.933106,38.916589],[140.932856,38.916506],[140.932306,38.916373],[140.931906,38.916373],[140.931694,38.916506],[140.931581,38.917006],[140.931344,38.917456],[140.930906,38.917664],[140.930481,38.917981],[140.930769,38.918364],[140.931131,38.918764],[140.931169,38.919106],[140.930869,38.919556],[140.930894,38.919564],[140.930994,38.919622],[140.931169,38.919805],[140.931343,38.919972],[140.931393,38.920205],[140.931318,38.92038],[140.930094,38.920605],[140.929694,38.92063],[140.928581,38.92058],[140.928194,38.920705],[140.927044,38.921205],[140.926494,38.921405],[140.926219,38.92143],[140.925881,38.921372],[140.924969,38.921055],[140.924544,38.920847],[140.924369,38.920672],[140.924169,38.92023],[140.924007,38.919964],[140.923557,38.919614],[140.923482,38.919564],[140.923369,38.919439],[140.923207,38.91908],[140.922994,38.918856],[140.922494,38.918631],[140.922307,38.918472],[140.922245,38.918181],[140.922182,38.917322],[140.922232,38.916739],[140.922107,38.916314],[140.922095,38.915164],[140.922145,38.914664],[140.921995,38.914356],[140.921682,38.914464],[140.921357,38.914648],[140.920982,38.914964],[140.920807,38.915306],[140.920845,38.915464],[140.920757,38.915939],[140.920507,38.916122],[140.919995,38.916231],[140.918832,38.916306],[140.91822,38.916314],[140.917295,38.916472],[140.916895,38.916497],[140.916533,38.916322],[140.91622,38.916231],[140.916008,38.916347],[140.915558,38.916864],[140.91522,38.916889],[140.91482,38.916872],[140.914458,38.916964],[140.914308,38.917164],[140.914333,38.917681],[140.914558,38.917997],[140.914783,38.919172],[140.914907,38.91953],[140.914945,38.919564],[140.91502,38.92003],[140.915132,38.920397],[140.914682,38.920439],[140.913683,38.92043],[140.912933,38.920464],[140.912883,38.92053],[140.912895,38.920797],[140.913482,38.922022],[140.91342,38.92233],[140.912332,38.923655],[140.912295,38.924038],[140.912382,38.924296],[140.912582,38.92463],[140.91262,38.924896],[140.912545,38.925046],[140.91232,38.925271],[140.912132,38.925571],[140.912057,38.925888],[140.91182,38.926221],[140.911395,38.926521],[140.911057,38.926696],[140.910745,38.927079],[140.910395,38.927296],[140.909332,38.927229],[140.908595,38.927413],[140.907957,38.927404],[140.907207,38.927346],[140.906533,38.927413],[140.905958,38.927746],[140.905233,38.928537],[140.904758,38.928646],[140.904145,38.928837],[140.903058,38.929029],[140.902495,38.929029],[140.901158,38.928604],[140.900208,38.928737],[140.899771,38.928721],[140.899208,38.928571],[140.898508,38.928046],[140.898008,38.927854],[140.897358,38.927696],[140.895496,38.927371],[140.894709,38.927271],[140.893734,38.927279],[140.893034,38.927371],[140.891759,38.927746],[140.890959,38.927787],[140.890359,38.927937],[140.889809,38.928146],[140.889297,38.92827],[140.888922,38.928329],[140.888434,38.928454],[140.887947,38.928654],[140.887422,38.928795],[140.886984,38.928854],[140.886759,38.928795],[140.886584,38.928612],[140.886347,38.928245],[140.886097,38.928079],[140.885884,38.927987],[140.88571,38.927696],[140.88556,38.927171],[140.88546,38.927096],[140.885235,38.927046],[140.884972,38.927054],[140.884672,38.927121],[140.88426,38.927287],[140.883147,38.927895],[140.88281,38.927912],[140.88201,38.927887],[140.88146,38.927829],[140.881322,38.928029],[140.88116,38.928762],[140.881247,38.929003],[140.881335,38.929512],[140.881285,38.929645],[140.881035,38.929737],[140.879648,38.930053],[140.879223,38.930087],[140.878748,38.929995],[140.878598,38.929937],[140.878323,38.929928],[140.877773,38.930453],[140.877573,38.930553],[140.877085,38.930678],[140.87611,38.930853],[140.87571,38.930953],[140.873923,38.932261],[140.873811,38.932411],[140.873798,38.932486],[140.873848,38.932669],[140.873898,38.933144],[140.873848,38.933428],[140.873423,38.933986],[140.873011,38.934786],[140.872748,38.935027],[140.872073,38.935319],[140.871836,38.93546],[140.871586,38.935644],[140.871549,38.935721],[140.871498,38.935819],[140.870811,38.936544],[140.870073,38.937218],[140.869286,38.938052],[140.868898,38.938393],[140.868236,38.93866],[140.867524,38.93891],[140.866749,38.939226],[140.866236,38.93966],[140.865386,38.940826],[140.864724,38.941301],[140.864036,38.941484],[140.862311,38.941668],[140.861262,38.941867],[140.860599,38.942092],[140.858824,38.942834],[140.857799,38.943134],[140.856862,38.943267],[140.855825,38.943292],[140.855437,38.943334],[140.854775,38.943542],[140.85415,38.943925],[140.851075,38.946016],[140.849338,38.9469],[140.848763,38.947325],[140.846101,38.948183],[140.844976,38.948433],[140.843901,38.948749],[140.843576,38.948891],[140.842801,38.949341],[140.841813,38.950057],[140.840889,38.950441],[140.840639,38.950691],[140.839839,38.952249],[140.839426,38.952899],[140.838826,38.954007],[140.838414,38.954657],[140.838114,38.955223],[140.838001,38.95619],[140.837976,38.956823],[140.837901,38.957181],[140.837601,38.95754],[140.837351,38.957656],[140.836139,38.957931],[140.835151,38.958064],[140.834189,38.958289],[140.833364,38.958631],[140.832489,38.959214],[140.831877,38.959781],[140.831277,38.960256],[140.830452,38.96068],[140.829102,38.961564],[140.82834,38.961964],[140.826665,38.96278],[140.825915,38.963205],[140.824765,38.964021],[140.824515,38.964088],[140.82389,38.964113],[140.82304,38.963863],[140.822078,38.963755],[140.82059,38.96378],[140.819378,38.963688],[140.818203,38.963755],[140.817066,38.963888],[140.816004,38.963979],[140.813466,38.964054],[140.812566,38.964238],[140.811929,38.964413],[140.811767,38.964438],[140.811654,38.964479],[140.811329,38.964529],[140.811079,38.964479],[140.810554,38.964029],[140.810067,38.963538],[140.809267,38.963246],[140.808554,38.963179],[140.80698,38.962979],[140.806792,38.962979],[140.806017,38.963246],[140.805367,38.963362],[140.80503,38.963312],[140.804317,38.963096],[140.803105,38.962571],[140.802343,38.962329],[140.801405,38.962104],[140.80058,38.961946],[140.800218,38.962062],[140.799668,38.962579],[140.799155,38.962896],[140.798931,38.962987],[140.797643,38.963079],[140.796706,38.963254],[140.795718,38.963504],[140.794181,38.964004],[140.793843,38.964004],[140.793656,38.963912],[140.793219,38.963595],[140.792031,38.962587],[140.791431,38.962204],[140.790706,38.961845],[140.788781,38.961054],[140.787819,38.960762],[140.786419,38.960446],[140.785932,38.960179],[140.785019,38.959612],[140.783845,38.959121],[140.783345,38.958854],[140.782745,38.958421],[140.781995,38.958129],[140.781232,38.958112],[140.780133,38.958404],[140.779383,38.958654],[140.77777,38.959012],[140.777133,38.959079],[140.776445,38.959012],[140.776083,38.958879],[140.775296,38.958404],[140.774633,38.958112],[140.774408,38.958095],[140.774271,38.958029],[140.773721,38.958045],[140.773646,38.958095],[140.773808,38.958387],[140.773971,38.958812],[140.773971,38.959195],[140.774196,38.959537],[140.774546,38.959829],[140.774821,38.96012],[140.774908,38.960437],[140.774858,38.960703],[140.774471,38.961295],[140.774083,38.961745],[140.772896,38.962762],[140.772458,38.963253],[140.772133,38.963703],[140.772046,38.964403],[140.772271,38.96472],[140.772358,38.965061],[140.772133,38.966094],[140.772158,38.966636],[140.772321,38.966928],[140.773096,38.967378],[140.77367,38.968078],[140.774495,38.968619],[140.774745,38.969044],[140.774883,38.969944],[140.774795,38.970552],[140.774583,38.971094],[140.773895,38.972244],[140.77357,38.972719],[140.77257,38.97391],[140.771096,38.975135],[140.770546,38.975652],[140.770021,38.976352],[140.769796,38.976985],[140.769658,38.977676],[140.769471,38.97836],[140.769333,38.979076],[140.769283,38.980026],[140.769145,38.980993],[140.768945,38.981651],[140.768508,38.982459],[140.76812,38.982867],[140.76752,38.983201],[140.766746,38.983567],[140.765233,38.984534],[140.764771,38.984967],[140.764521,38.985434],[140.764546,38.986067],[140.764795,38.987242],[140.76477,38.987417],[140.764495,38.987825],[140.763945,38.988417],[140.763808,38.9888],[140.763945,38.989358],[140.764495,38.989967],[140.764583,38.99015],[140.764883,38.990575],[140.765295,38.990867],[140.766807,38.9917],[140.767132,38.992041],[140.76722,38.992375],[140.767107,38.992783],[140.76717,38.993208],[140.767682,38.994066],[140.76782,38.994808],[140.767607,38.995258],[140.767445,38.995416],[140.766945,38.995716],[140.765707,38.995916],[140.76507,38.996141],[140.764657,38.996549],[140.764557,38.997024],[140.764557,38.997132],[140.764657,38.997491],[140.764745,38.998016],[140.76472,38.998216],[140.764745,38.998824],[140.76472,38.999341],[140.76422,38.99984],[140.764082,39.00009],[140.764195,39.000224],[140.764382,39.00029],[140.765382,39.000449],[140.767082,39.000624],[140.767719,39.000716],[140.768182,39.000891],[140.768457,39.001074],[140.768707,39.001615],[140.768819,39.002132],[140.768844,39.002649],[140.768857,39.002899],[140.768707,39.003274],[140.768694,39.003407],[140.768782,39.003515],[140.769769,39.003799],[140.771144,39.004265],[140.772719,39.004674],[140.774094,39.005115],[140.774306,39.005207],[140.774731,39.005532],[140.775168,39.005932],[140.775606,39.00619],[140.776118,39.00644],[140.778143,39.007732],[140.778568,39.008124],[140.778905,39.008524],[140.779043,39.008732],[140.779468,39.009915],[140.779955,39.011698],[140.780368,39.012631],[140.780355,39.013006],[140.780055,39.013915],[140.780018,39.014373],[140.780168,39.014748],[140.78058,39.014848],[140.781742,39.015323],[140.782392,39.01569],[140.783192,39.016256],[140.78373,39.016773],[140.78398,39.017698],[140.784042,39.018156],[140.784417,39.019023],[140.784667,39.019439],[140.784929,39.019789],[140.784992,39.019864],[140.785254,39.020239],[140.785679,39.021306],[140.787829,39.022456],[140.789004,39.023147],[140.789604,39.023347],[140.790278,39.023614],[140.790753,39.024056],[140.791003,39.025164],[140.791316,39.02568],[140.792016,39.026489],[140.792853,39.028063],[140.793253,39.028305],[140.794428,39.028755],[140.79484,39.028955],[140.795053,39.029188],[140.795228,39.02953],[140.795228,39.029888],[140.79509,39.030422],[140.794878,39.030913],[140.794265,39.031255],[140.793565,39.031705],[140.793378,39.032105],[140.79329,39.032571],[140.793303,39.032821],[140.793478,39.033471],[140.79379,39.033721],[140.794727,39.034338],[140.795127,39.034729],[140.795577,39.035271],[140.795927,39.035796],[140.796052,39.036279],[140.795915,39.036729],[140.795527,39.037179],[140.795252,39.037621],[140.79514,39.038095],[140.795065,39.038612],[140.794902,39.039129],[140.79419,39.04007],[140.793927,39.04087],[140.793565,39.041503],[140.793677,39.042012],[140.793915,39.042128],[140.794327,39.04222],[140.794739,39.042387],[140.795064,39.042637],[140.795802,39.042887],[140.796889,39.043095],[140.797239,39.04337],[140.797502,39.04367],[140.797877,39.043895],[140.799076,39.044295],[140.799289,39.044561],[140.799189,39.045653],[140.799326,39.046136],[140.799751,39.046561],[140.800114,39.04687],[140.800464,39.047228],[140.800726,39.047869],[140.800788,39.048894],[140.800776,39.049094],[140.800863,39.049444],[140.801276,39.049769],[140.801913,39.049944],[140.802488,39.050053],[140.803513,39.050353],[140.803688,39.050453],[140.803925,39.050736],[140.804438,39.051536],[140.804988,39.051844],[140.805113,39.052119],[140.804988,39.052444],[140.80475,39.052761],[140.804713,39.052919],[140.804938,39.053177],[140.8057,39.053544],[140.80585,39.053711],[140.806075,39.054294],[140.806312,39.054635],[140.806637,39.05481],[140.806837,39.054844],[140.807762,39.055352],[140.808275,39.055635],[140.808462,39.055852],[140.8087,39.056269],[140.808975,39.056594],[140.809325,39.056844],[140.809712,39.056994],[140.810074,39.057085],[140.810274,39.057277],[140.810199,39.057627],[140.810049,39.057852],[140.809862,39.05796],[140.809537,39.058085],[140.809087,39.05816],[140.807225,39.058343],[140.806537,39.058335],[140.805837,39.058127],[140.80505,39.05796],[140.804525,39.058052],[140.80385,39.058327],[140.803375,39.058618],[140.8023,39.058768],[140.801963,39.058976],[140.801675,39.05931],[140.80125,39.059576],[140.800775,39.059743],[140.800263,39.059985],[140.799925,39.060235],[140.799688,39.060568],[140.799463,39.06106],[140.799463,39.062668],[140.799575,39.063126],[140.800275,39.064251],[140.80065,39.064684],[140.801125,39.065001],[140.801575,39.065209],[140.801775,39.065276],[140.80285,39.066426],[140.803725,39.066984],[140.803812,39.067076],[140.803837,39.067401],[140.803475,39.068359],[140.803362,39.068842],[140.803399,39.069376],[140.803549,39.069876],[140.803762,39.070226],[140.803987,39.070417],[140.804362,39.070617],[140.804349,39.070934],[140.804112,39.071201],[140.803999,39.071642],[140.804074,39.07195],[140.804012,39.072175],[140.803724,39.0725],[140.803287,39.072884],[140.802649,39.07355],[140.802037,39.073925],[140.800825,39.074034],[140.80075,39.074009],[140.801199,39.074775],[140.801687,39.076367],[140.802162,39.077458],[140.802312,39.077942],[140.800299,39.077717],[140.800312,39.077433],[140.800387,39.077017],[140.80035,39.076758],[140.800275,39.076633],[140.79995,39.076583],[140.799225,39.076875],[140.7983,39.077408],[140.797975,39.077542],[140.79675,39.077592],[140.796025,39.077483],[140.795375,39.077183],[140.7949,39.077017],[140.794213,39.077083],[140.793225,39.077308],[140.79235,39.0776],[140.791675,39.077908],[140.790775,39.078191],[140.789713,39.0784],[140.787851,39.078533],[140.786751,39.078791],[140.785951,39.079024],[140.785388,39.079124],[140.785001,39.079108],[140.784576,39.078983],[140.784013,39.078974],[140.783488,39.079066],[140.783264,39.079158],[140.782801,39.079483],[140.782401,39.080158],[140.782351,39.080316],[140.782201,39.081391],[140.781688,39.081649],[140.781301,39.081749],[140.780314,39.081866],[140.778689,39.082124],[140.777926,39.082074],[140.777651,39.081899],[140.777276,39.081599],[140.776839,39.081307],[140.776289,39.081066],[140.775752,39.080682],[140.775389,39.080132],[140.775202,39.079749],[140.774664,39.079382],[140.774164,39.079116],[140.773602,39.078932],[140.772677,39.078782],[140.771965,39.078707],[140.771765,39.078707],[140.770977,39.078891],[140.770477,39.078882],[140.770052,39.078991],[140.769702,39.079207],[140.76939,39.079349],[140.768828,39.079407],[140.76819,39.079541],[140.767853,39.079799],[140.767315,39.080515],[140.76694,39.080815],[140.766565,39.08099],[140.765753,39.081007],[140.765165,39.080907],[140.764503,39.080657],[140.763553,39.080407],[140.763303,39.080532],[140.762941,39.08089],[140.762553,39.081499],[140.762316,39.081807],[140.761991,39.08204],[140.761516,39.08219],[140.761028,39.082632],[140.760466,39.083007],[140.760166,39.083107],[140.759666,39.083073],[140.759053,39.083323],[140.758903,39.08354],[140.758753,39.084173],[140.758853,39.08499],[140.758766,39.085273],[140.758703,39.085307],[140.756941,39.085573],[140.756229,39.085565],[140.755666,39.085481],[140.755016,39.08554],[140.753392,39.08584],[140.752904,39.08599],[140.752629,39.086206],[140.752617,39.086315],[140.752454,39.087515],[140.752541,39.08829],[140.752691,39.088956],[140.752841,39.089798],[140.753053,39.090615],[140.753253,39.090831],[140.754153,39.091306],[140.75529,39.091815],[140.756078,39.092215],[140.75634,39.092556],[140.757115,39.093815],[140.75684,39.094015],[140.756377,39.094623],[140.756152,39.095156],[140.755965,39.095814],[140.75589,39.096681],[140.75614,39.097548],[140.756377,39.097931],[140.756939,39.098706],[140.757964,39.099531],[140.758239,39.100106],[140.758764,39.101772],[140.759164,39.102655],[140.759001,39.103139],[140.759051,39.103239],[140.759726,39.103989],[140.759951,39.10438],[140.760451,39.105705],[140.760839,39.10603],[140.761488,39.10613],[140.762038,39.106272],[140.762113,39.106338],[140.761876,39.106913],[140.762213,39.107472],[140.762863,39.108288],[140.763201,39.108788],[140.763188,39.108863],[140.761913,39.109488],[140.761826,39.109571],[140.761738,39.109755],[140.761663,39.110613],[140.761601,39.11078],[140.760713,39.111046],[140.759976,39.111346],[140.758939,39.11183],[140.757639,39.112221],[140.756739,39.112271],[140.755926,39.112213],[140.755677,39.112246],[140.755577,39.112346],[140.755377,39.112838],[140.755464,39.113396],[140.756201,39.114613],[140.756164,39.115188],[140.755901,39.116996],[140.755814,39.118154],[140.755914,39.118362],[140.756264,39.118421],[140.757426,39.118487],[140.758676,39.118504],[140.759438,39.118412],[140.759876,39.118271],[140.760176,39.118229],[140.760663,39.118287],[140.762213,39.118646],[140.76275,39.118879],[140.7631,39.119229],[140.763725,39.119487],[140.7659,39.119945],[140.76645,39.120187],[140.766537,39.120729],[140.766812,39.120895],[140.767475,39.121454],[140.767912,39.121962],[140.769662,39.123712],[140.769924,39.124087],[140.769799,39.124553],[140.769449,39.12507],[140.769112,39.125403],[140.768512,39.125678],[140.767974,39.125978],[140.767762,39.126336],[140.767225,39.126736],[140.766525,39.126986],[140.764412,39.12767],[140.763812,39.127945],[140.763125,39.128178],[140.761925,39.128903],[140.761625,39.129128],[140.760513,39.129786],[140.759863,39.130686],[140.75915,39.132119],[140.758525,39.132844],[140.75815,39.133361],[140.758026,39.133479],[140.75795,39.133394],[140.757875,39.132919],[140.757775,39.132827],[140.757363,39.132811],[140.756613,39.132836],[140.756001,39.132753],[140.755301,39.132744],[140.754501,39.132927],[140.753138,39.133144],[140.752051,39.132969],[140.751476,39.132911],[140.751139,39.133136],[140.750951,39.133419],[140.750826,39.133836],[140.750551,39.134277],[140.750226,39.134411],[140.750151,39.134627],[140.749951,39.135819],[140.749551,39.137202],[140.748939,39.137994],[140.749164,39.138377],[140.749339,39.138852],[140.749376,39.139327],[140.749564,39.14011],[140.749839,39.14046],[140.750401,39.140818],[140.751163,39.141143],[140.751801,39.141502],[140.752226,39.141918],[140.752738,39.142502],[140.753313,39.142735],[140.754038,39.142901],[140.754688,39.143218],[140.755463,39.143526],[140.756388,39.14366],[140.758013,39.143593],[140.758737,39.143618],[140.759075,39.143651],[140.7591,39.144218],[140.759175,39.144626],[140.7594,39.144909],[140.759562,39.145834],[140.759675,39.146276],[140.759962,39.146568],[140.760375,39.146901],[140.760687,39.147268],[140.761125,39.148051],[140.76155,39.148367],[140.761799,39.148951],[140.762387,39.149251],[140.763324,39.149651],[140.763674,39.149926],[140.763824,39.150276],[140.763937,39.150992],[140.764062,39.15115],[140.764574,39.151625],[140.765486,39.152325],[140.765661,39.152659],[140.765624,39.1532],[140.765649,39.153625],[140.766211,39.154208],[140.766174,39.154308],[140.765711,39.154892],[140.765711,39.155058],[140.766424,39.155667],[140.767136,39.1562],[140.768536,39.157275],[140.769423,39.1582],[140.770561,39.15915],[140.770711,39.159566],[140.770611,39.159924],[140.770661,39.160499],[140.770886,39.161249],[140.771498,39.162741],[140.771673,39.163466],[140.77201,39.164116],[140.77216,39.164332],[140.773123,39.16524],[140.77336,39.165699],[140.773785,39.167457],[140.77391,39.167723],[140.774735,39.167749],[140.775135,39.167832],[140.776347,39.168382],[140.776847,39.168565],[140.77756,39.168615],[140.778234,39.168599],[140.778522,39.168515],[140.778897,39.168224],[140.779259,39.167849],[140.779884,39.166932],[140.780284,39.166607],[140.780747,39.166366],[140.781372,39.166099],[140.781959,39.165916],[140.783046,39.165541],[140.783459,39.165333],[140.783534,39.165324],[140.783871,39.165516],[140.784559,39.166191],[140.784934,39.166316],[140.785346,39.166316],[140.785846,39.166366],[140.785971,39.166399],[140.786196,39.166716],[140.786333,39.167591],[140.786496,39.168149],[140.786596,39.168732],[140.786833,39.169049],[140.787071,39.169491],[140.787158,39.169532],[140.787346,39.169699],[140.788096,39.17209],[140.788395,39.172607],[140.788558,39.172723],[140.789133,39.173015],[140.789995,39.173332],[140.79112,39.173482],[140.791395,39.173548],[140.791782,39.173798],[140.792132,39.173957],[140.792682,39.17414],[140.794357,39.175307],[140.795132,39.175806],[140.795869,39.176365],[140.796144,39.176548],[140.796532,39.176656],[140.796994,39.176631],[140.797569,39.17639],[140.798294,39.175707],[140.798732,39.175373],[140.799144,39.17524],[140.799794,39.175165],[140.800244,39.175323],[140.801506,39.175915],[140.803093,39.176223],[140.805081,39.176965],[140.805768,39.177373],[140.806581,39.178006],[140.807105,39.17814],[140.807743,39.178181],[140.80793,39.178223],[140.807993,39.17834],[140.80788,39.178406],[140.807655,39.178723],[140.807543,39.179131],[140.80758,39.179331],[140.80818,39.179964],[140.808268,39.180206],[140.807655,39.181023],[140.806943,39.182081],[140.806293,39.182939],[140.805743,39.183414],[140.805218,39.183656],[140.804281,39.18418],[140.803218,39.185014],[140.802418,39.185397],[140.801806,39.185963],[140.801181,39.18693],[140.800631,39.18763],[140.800056,39.188121],[140.799456,39.188421],[140.798769,39.188821],[140.798494,39.189188],[140.798156,39.189454],[140.797606,39.189746],[140.797282,39.189996],[140.796957,39.190088],[140.796182,39.190063],[140.795082,39.189796],[140.794619,39.189638],[140.79332,39.189346],[140.79222,39.189304],[140.791095,39.188896],[140.789995,39.188563],[140.789783,39.188513],[140.789095,39.188513],[140.788383,39.188696],[140.78777,39.189054],[140.78722,39.189804],[140.786645,39.190137],[140.786395,39.190254],[140.785708,39.190454],[140.785196,39.190729],[140.784533,39.19102],[140.783158,39.191312],[140.782396,39.191653],[140.781946,39.191945],[140.781021,39.191928],[140.780746,39.192128],[140.779309,39.194153],[140.778959,39.194561],[140.778322,39.194719],[140.777447,39.194653],[140.776484,39.194478],[140.775247,39.194294],[140.77426,39.194253],[140.773272,39.194136],[140.772335,39.193828],[140.771623,39.193444],[140.771098,39.193461],[140.770685,39.193803],[140.77046,39.194161],[140.769785,39.194569],[140.769535,39.194927],[140.76901,39.195469],[140.768485,39.195611],[140.767798,39.195944],[140.767223,39.196352],[140.76546,39.197369],[140.764811,39.197794],[140.764561,39.198135],[140.764773,39.19881],[140.76511,39.198993],[140.765848,39.199193],[140.76591,39.199168],[140.766398,39.200135],[140.766648,39.200885],[140.766698,39.201693],[140.766535,39.20246],[140.766485,39.203026],[140.766698,39.203451],[140.767472,39.204509],[140.767472,39.204893],[140.767335,39.205368],[140.76706,39.205859],[140.76676,39.206242],[140.766573,39.206809],[140.766435,39.20845],[140.76646,39.2085],[140.766348,39.208659],[140.765773,39.208925],[140.76561,39.208975],[140.765498,39.209134],[140.765335,39.209625],[140.765085,39.210192],[140.764748,39.210617],[140.763598,39.211408],[140.763273,39.211725],[140.762935,39.212292],[140.762698,39.212583],[140.76266,39.213191],[140.762885,39.213416],[140.763385,39.213825],[140.76371,39.214291],[140.76426,39.2147],[140.764835,39.215016],[140.765335,39.215441],[140.765747,39.216049],[140.765997,39.216883],[140.766047,39.217449],[140.76591,39.218166],[140.76616,39.218682],[140.766622,39.218932],[140.767335,39.218957],[140.767722,39.218932],[140.768522,39.219041],[140.769022,39.219341],[140.769159,39.219449],[140.769322,39.220824],[140.769372,39.221049],[140.769372,39.221474],[140.769259,39.221724],[140.769259,39.222082],[140.769534,39.222557],[140.769872,39.223257],[140.770059,39.223507],[140.770359,39.223574],[140.771322,39.223549],[140.771909,39.223457],[140.772534,39.223482],[140.774271,39.223299],[140.775421,39.223474],[140.776196,39.223474],[140.777046,39.223566],[140.777433,39.223657],[140.778058,39.223907],[140.778858,39.224057],[140.77982,39.224107],[140.78037,39.224266],[140.78092,39.224641],[140.781033,39.224782],[140.781558,39.224891],[140.782158,39.225116],[140.78287,39.225249],[140.783895,39.225207],[140.784607,39.225249],[140.784857,39.225341],[140.785957,39.226216],[140.786532,39.226466],[140.787544,39.226757],[140.787707,39.226982],[140.787607,39.227774],[140.787357,39.228516],[140.786944,39.229415],[140.786807,39.229532],[140.786419,39.230049],[140.786169,39.230565],[140.786232,39.23124],[140.786232,39.23199],[140.786369,39.233515],[140.786232,39.233832],[140.786119,39.233973],[140.786007,39.234307],[140.786307,39.234557],[140.786557,39.234873],[140.786869,39.23559],[140.787032,39.236156],[140.787357,39.236515],[140.788131,39.237031],[140.788481,39.237681],[140.788706,39.238406],[140.788519,39.238565],[140.788069,39.238656],[140.785794,39.238931],[140.784944,39.239064],[140.784169,39.239289],[140.782107,39.239739],[140.780432,39.240281],[140.779582,39.240714],[140.779057,39.241139],[140.778507,39.241322],[140.777295,39.241439],[140.776833,39.241847],[140.776608,39.242206],[140.77612,39.24383],[140.775783,39.244322],[140.775233,39.244864],[140.774583,39.245405],[140.773033,39.246263],[140.772245,39.246763],[140.77202,39.246988],[140.771583,39.247622],[140.771171,39.248313],[140.770733,39.248697],[140.770346,39.248947],[140.770146,39.249313],[140.769708,39.250388],[140.769496,39.250663],[140.769271,39.251046],[140.769271,39.251696],[140.769083,39.252146],[140.768858,39.252463],[140.768746,39.252488],[140.768558,39.252396],[140.768096,39.252063],[140.767208,39.251521],[140.766796,39.25123],[140.766408,39.251138],[140.766158,39.251163],[140.765696,39.25148],[140.765259,39.252038],[140.765096,39.252313],[140.764984,39.252654],[140.764984,39.252854],[140.764734,39.253221],[140.764409,39.253504],[140.764109,39.253563],[140.763296,39.253479],[140.762821,39.253604],[140.762671,39.253696],[140.761596,39.254604],[140.761371,39.254713],[140.761159,39.254721],[140.760609,39.254554],[140.759747,39.254413],[140.758834,39.254379],[140.757922,39.254537],[140.757159,39.254921],[140.756684,39.255429],[140.756459,39.255904],[140.756259,39.256437],[140.755972,39.256787],[140.755609,39.256962],[140.75471,39.257204],[140.754047,39.257454],[140.753447,39.257804],[140.753185,39.258179],[140.753197,39.258795],[140.752897,39.259337],[140.751522,39.260637],[140.751285,39.260961],[140.75111,39.261336],[140.751122,39.261853],[140.751385,39.26277],[140.751122,39.262811],[140.750822,39.262803],[140.74991,39.262861],[140.748672,39.262603],[140.747523,39.262778],[140.747298,39.262745],[140.746551,39.261966],[140.746423,39.261853],[140.746248,39.261795],[140.746185,39.261811],[140.745798,39.261595],[140.74556,39.261603],[140.744835,39.261911],[140.744623,39.261903],[140.744148,39.26177],[140.743886,39.261769],[140.743523,39.261894],[140.742998,39.262278],[140.742048,39.262611],[140.741061,39.262911],[140.740148,39.263119],[140.739711,39.263436],[140.739248,39.263644],[140.738436,39.264319],[140.738136,39.265077],[140.737849,39.265502],[140.737499,39.265819],[140.736874,39.266236],[140.736374,39.266785],[140.735324,39.266352],[140.734886,39.266319],[140.734311,39.266385],[140.733324,39.266419],[140.732887,39.266585],[140.732687,39.266919],[140.732624,39.26716],[140.732499,39.267235],[140.731987,39.267369],[140.731224,39.267685],[140.730774,39.267985],[140.730049,39.268293],[140.729637,39.268602],[140.729549,39.268702],[140.729387,39.268802],[140.728524,39.269143],[140.727974,39.269402],[140.72785,39.269502],[140.727724,39.26986],[140.727749,39.270268],[140.726975,39.270235],[140.726112,39.270143],[140.72535,39.27016],[140.725075,39.270202],[140.724325,39.270543],[140.723787,39.271251],[140.723125,39.271993],[140.722675,39.272151],[140.722475,39.272135],[140.721425,39.271885],[140.7203,39.271876],[140.71945,39.27201],[140.71795,39.272551],[140.717763,39.272668],[140.7177,39.273034],[140.7179,39.273468],[140.7183,39.274201],[140.718238,39.274501],[140.718113,39.274659],[140.717875,39.275084],[140.717813,39.275534],[140.717938,39.276167],[140.718163,39.276701],[140.717925,39.276959],[140.717313,39.277142],[140.716875,39.277509],[140.716663,39.277726],[140.71675,39.278084],[140.71745,39.279542],[140.717625,39.280117],[140.717688,39.2806],[140.71765,39.280759],[140.717188,39.281384],[140.71695,39.281875],[140.717038,39.282183],[140.71755,39.282983],[140.717663,39.283433],[140.717625,39.283925],[140.717713,39.284858],[140.717613,39.285016],[140.717288,39.285308],[140.717175,39.285641],[140.717175,39.286333],[140.717463,39.286858],[140.717413,39.287033],[140.717063,39.287366],[140.716975,39.287933],[140.7169,39.289274],[140.71625,39.289633],[140.716225,39.289699],[140.7164,39.289908],[140.71675,39.290083],[140.717013,39.290166],[140.717213,39.290491],[140.717413,39.290691],[140.717638,39.290782],[140.718262,39.290941],[140.718362,39.290999],[140.7185,39.291482],[140.718562,39.293241],[140.718737,39.293724],[140.718775,39.294149],[140.7187,39.29489],[140.718425,39.295382],[140.7176,39.29619],[140.717088,39.296465],[140.715975,39.29589],[140.7156,39.295799],[140.715088,39.296382],[140.714588,39.296507],[140.713788,39.29654],[140.712051,39.296548],[140.711751,39.296473],[140.711126,39.29614],[140.710726,39.295848],[140.710488,39.296082],[140.709826,39.296548],[140.709139,39.296681],[140.708626,39.29684],[140.708389,39.297156],[140.708201,39.297931],[140.707951,39.298415],[140.707314,39.298881],[140.705389,39.299956],[140.705002,39.300439],[140.704414,39.301622],[140.704127,39.301814],[140.703927,39.301822],[140.703627,39.301606],[140.70274,39.300706],[140.702302,39.300148],[140.701877,39.299923],[140.70144,39.299873],[140.700465,39.300172],[140.699765,39.299964],[140.699228,39.299756],[140.698628,39.299664],[140.698015,39.299789],[140.697265,39.300139],[140.696678,39.300264],[140.696066,39.300231],[140.694391,39.299772],[140.693628,39.299614],[140.693541,39.299631],[140.693428,39.299881],[140.693328,39.300264],[140.693303,39.300797],[140.693053,39.302105],[140.692916,39.302497],[140.692866,39.302889],[140.693053,39.303847],[140.693366,39.304397],[140.693741,39.304688],[140.693828,39.304997],[140.693816,39.305097],[140.694003,39.305547],[140.694416,39.305788],[140.694903,39.306255],[140.695178,39.306738],[140.695503,39.307088],[140.69589,39.307413],[140.69624,39.30808],[140.696503,39.308855],[140.697028,39.309904],[140.697153,39.310288],[140.696653,39.310996],[140.69649,39.311413],[140.696203,39.311813],[140.69549,39.312579],[140.694915,39.312862],[140.69399,39.313137],[140.693165,39.313312],[140.692715,39.313537],[140.692578,39.313821],[140.692553,39.314096],[140.692678,39.315529],[140.692728,39.315679],[140.693165,39.31627],[140.693953,39.317503],[140.694203,39.31822],[140.69424,39.318537],[140.694203,39.319103],[140.69409,39.319603],[140.694265,39.319745],[140.69539,39.320361],[140.696902,39.32127],[140.697252,39.32152],[140.697477,39.321861],[140.697739,39.322803],[140.698089,39.323603],[140.697914,39.323944],[140.697702,39.324219],[140.697589,39.324711],[140.697764,39.325169],[140.698489,39.326044],[140.698789,39.326777],[140.698877,39.327252],[140.698877,39.327694],[140.698752,39.328119],[140.698627,39.328369],[140.699264,39.328461],[140.700114,39.328736],[140.700989,39.328761],[140.702214,39.328702],[140.703938,39.328627],[140.704501,39.328819],[140.705063,39.329177],[140.705526,39.329527],[140.705951,39.329636],[140.707163,39.329611],[140.708638,39.329794],[140.70935,39.329961],[140.709425,39.330177],[140.708688,39.33236],[140.708288,39.333635],[140.708313,39.334027],[140.708263,39.33431],[140.708,39.334593],[140.707213,39.33466],[140.706888,39.33481],[140.706625,39.33501],[140.7062,39.335585],[140.706038,39.33596],[140.706,39.336151],[140.70605,39.336176],[140.705925,39.336268],[140.705638,39.336835],[140.705613,39.337126],[140.705638,39.337468],[140.706013,39.338093],[140.706038,39.338343],[140.705988,39.338659],[140.705863,39.338926],[140.7054,39.339451],[140.705225,39.339784],[140.705,39.340034],[140.704713,39.340193],[140.70395,39.340234],[140.703513,39.340326],[140.703463,39.340459],[140.703425,39.340817],[140.703638,39.341542],[140.703775,39.341901],[140.703863,39.342284],[140.703888,39.342651],[140.7038,39.34285],[140.703375,39.343367],[140.702988,39.343567],[140.702613,39.343567],[140.70195,39.343842],[140.701401,39.34375],[140.700813,39.343542],[140.700501,39.343525],[140.700038,39.343609],[140.699276,39.343884],[140.698813,39.34415],[140.698126,39.344667],[140.697626,39.344983],[140.697451,39.34505],[140.696414,39.345167],[140.695889,39.3453],[140.695451,39.345317],[140.695076,39.345233],[140.694814,39.345075],[140.694551,39.34485],[140.694201,39.344708],[140.693826,39.344617],[140.692814,39.344508],[140.692464,39.344508],[140.691914,39.344825],[140.691127,39.345383],[140.690752,39.345766],[140.690052,39.34635],[140.689677,39.346783],[140.689414,39.347008],[140.688714,39.347274],[140.688464,39.347458],[140.688252,39.347724],[140.688202,39.347841],[140.688227,39.347841],[140.688202,39.348041],[140.688164,39.348516],[140.688427,39.349257],[140.688452,39.349749],[140.688364,39.350024],[140.688014,39.350474],[140.687814,39.350816],[140.687877,39.351041],[140.688402,39.351582],[140.688689,39.351741],[140.689039,39.351849],[140.689326,39.351941],[140.689414,39.352032],[140.689551,39.35264],[140.689751,39.352957],[140.690076,39.35329],[140.690364,39.353699],[140.690426,39.354532],[140.690514,39.35489],[140.690714,39.355298],[140.691701,39.356473],[140.692038,39.356807],[140.692851,39.358073],[140.692851,39.358273],[140.692738,39.358498],[140.692538,39.358681],[140.692188,39.35879],[140.691726,39.358748],[140.691001,39.358748],[140.690539,39.358815],[140.689814,39.359065],[140.689201,39.359198],[140.688239,39.359356],[140.687114,39.360073],[140.685889,39.360998],[140.685401,39.361489],[140.685164,39.361556],[140.683039,39.361897],[140.682664,39.362006],[140.682464,39.362122],[140.682177,39.362814],[140.681877,39.363805],[140.681677,39.364189],[140.681327,39.364464],[140.679902,39.36493],[140.679414,39.365855],[140.679127,39.366172],[140.678864,39.366288],[140.67834,39.366355],[140.677615,39.366288],[140.677177,39.366647],[140.67674,39.367113],[140.676652,39.36743],[140.676565,39.368105],[140.676365,39.368313],[140.67604,39.36833],[140.675577,39.368313],[140.675515,39.36833],[140.675515,39.368738],[140.675815,39.369704],[140.675927,39.370313],[140.675977,39.370879],[140.676127,39.371263],[140.67639,39.371446],[140.676914,39.371696],[140.677202,39.371896],[140.677427,39.372213],[140.677602,39.372571],[140.677802,39.372887],[140.678127,39.373112],[140.678564,39.373337],[140.678677,39.373562],[140.678152,39.373879],[140.677977,39.374062],[140.677927,39.374329],[140.678002,39.375504],[140.678089,39.375862],[140.678302,39.37622],[140.679014,39.377079],[140.679164,39.377437],[140.679227,39.377804],[140.679189,39.378045],[140.678727,39.378612],[140.678614,39.378862],[140.678702,39.379112],[140.678902,39.379312],[140.679076,39.379578],[140.679014,39.379895],[140.679014,39.380212],[140.679676,39.381178],[140.679889,39.381561],[140.679651,39.381586],[140.679364,39.381678],[140.679101,39.382061],[140.679014,39.382486],[140.679014,39.382895],[140.678926,39.383145],[140.678639,39.383411],[140.677852,39.383611],[140.677389,39.383836],[140.677014,39.384111],[140.675752,39.385527],[140.675352,39.385777],[140.674939,39.385886],[140.674514,39.385886],[140.674189,39.385819],[140.673815,39.385661],[140.672802,39.385302],[140.672302,39.385236],[140.671227,39.385385],[140.670677,39.385385],[140.67024,39.385227],[140.66989,39.384844],[140.669578,39.384261],[140.669228,39.384061],[140.668678,39.383969],[140.666391,39.384077],[140.665716,39.384194],[140.665428,39.384302],[140.665341,39.384935],[140.665191,39.385227],[140.664878,39.385427],[140.662753,39.386102],[140.661704,39.386168],[140.660891,39.386126],[140.660604,39.386168],[140.660229,39.386418],[140.659729,39.386885],[140.659241,39.387268],[140.658891,39.387318],[140.658629,39.387426],[140.658429,39.387585],[140.658079,39.388218],[140.657754,39.388551],[140.657467,39.388776],[140.656854,39.389076],[140.656479,39.389159],[140.656129,39.389143],[140.655317,39.389568],[140.655254,39.389634],[140.653804,39.390559],[140.653429,39.390717],[140.653317,39.390734],[140.65308,39.390876],[140.653055,39.391034],[140.653367,39.391726],[140.653479,39.392109],[140.654067,39.393442],[140.654404,39.394009],[140.654617,39.3941],[140.655454,39.394025],[140.655742,39.3941],[140.655854,39.394275],[140.655917,39.394592],[140.655892,39.394867],[140.656092,39.395175],[140.656379,39.395317],[140.656554,39.39545],[140.656617,39.3957],[140.656929,39.396417],[140.656991,39.396758],[140.656954,39.396867],[140.657016,39.397233],[140.657104,39.397458],[140.657766,39.397883],[140.658116,39.398242],[140.658179,39.3987],[140.658029,39.399008],[140.657791,39.399325],[140.657704,39.39955],[140.658404,39.4003],[140.658779,39.400616],[140.659154,39.400816],[140.660666,39.401516],[140.661416,39.401766],[140.661716,39.401991],[140.661741,39.402083],[140.662028,39.402483],[140.662291,39.402691],[140.662578,39.40285],[140.663365,39.403475],[140.663417,39.403526],[140.663628,39.403725],[140.663503,39.403975],[140.663016,39.404466],[140.662603,39.404808],[140.662253,39.405149],[140.661991,39.405324],[140.661878,39.405574],[140.662053,39.406158],[140.662141,39.406274],[140.662278,39.406632],[140.662628,39.407399],[140.662866,39.407716],[140.662916,39.408099],[140.662778,39.408349],[140.662541,39.408391],[140.662278,39.408349],[140.661553,39.408457],[140.660716,39.408707],[140.659991,39.408932],[140.658741,39.409174],[140.658566,39.40924],[140.658441,39.409382],[140.658391,39.409399],[140.658266,39.411298],[140.658066,39.411673],[140.657454,39.412132],[140.657429,39.41224],[140.657541,39.41244],[140.657691,39.412623],[140.657941,39.41319],[140.658204,39.41389],[140.658316,39.415281],[140.658579,39.415015],[140.658641,39.415015],[140.658816,39.414898],[140.658991,39.414856],[140.659541,39.414131],[140.660041,39.414023],[140.660616,39.414065],[140.661028,39.414181],[140.661166,39.414273],[140.661578,39.414881],[140.662853,39.415106],[140.66419,39.415465],[140.665553,39.415965],[140.666128,39.416306],[140.666453,39.416415],[140.668515,39.416481],[140.66904,39.416665],[140.66924,39.416956],[140.66979,39.41739],[140.670427,39.41764],[140.670664,39.41764],[140.671702,39.41694],[140.671877,39.416873],[140.672289,39.416873],[140.672814,39.416915],[140.674639,39.416965],[140.675051,39.417007],[140.675339,39.417232],[140.675689,39.417707],[140.676064,39.418365],[140.676289,39.418656],[140.676551,39.418906],[140.676639,39.418948],[140.676839,39.418973],[140.677051,39.418906],[140.677626,39.418523],[140.678613,39.418073],[140.678851,39.417915],[140.679051,39.417707],[140.679201,39.41719],[140.679426,39.41699],[140.679551,39.417015],[140.680276,39.41744],[140.680851,39.418073],[140.681138,39.418615],[140.681288,39.419423],[140.681351,39.419498],[140.681438,39.419831],[140.6817,39.420331],[140.68185,39.420831],[140.682138,39.421098],[140.682825,39.421448],[140.683175,39.421806],[140.68335,39.422239],[140.683638,39.422756],[140.684738,39.424139],[140.684825,39.424297],[140.684913,39.424797],[140.684763,39.425181],[140.684413,39.425589],[140.684063,39.425922],[140.68395,39.426489],[140.683938,39.427072],[140.684613,39.427872],[140.684613,39.42798],[140.684725,39.42918],[140.685587,39.430338],[140.68565,39.430838],[140.685612,39.43108],[140.685637,39.431488],[140.686137,39.432488],[140.686337,39.433055],[140.686362,39.433913],[140.6863,39.434404],[140.686062,39.434946],[140.6858,39.435421],[140.685737,39.435804],[140.685737,39.436212],[140.685675,39.436687],[140.685475,39.437362],[140.685237,39.437795],[140.684862,39.438195],[140.684475,39.43847],[140.684475,39.438512],[140.68425,39.438787],[140.684012,39.439254],[140.683137,39.440695],[140.682425,39.441603],[140.682075,39.441936],[140.681288,39.442495],[140.680913,39.442703],[140.680413,39.442786],[140.6801,39.442986],[140.680063,39.443303],[140.680125,39.443619],[140.679888,39.443869],[140.679563,39.444119],[140.67945,39.444411],[140.679163,39.444594],[140.6789,39.444836],[140.678026,39.445086],[140.677438,39.445169],[140.677438,39.445486],[140.677263,39.446052],[140.676763,39.446794],[140.676613,39.447244],[140.676588,39.447785],[140.676726,39.448219],[140.676988,39.44851],[140.677826,39.448944],[140.678088,39.44926],[140.678088,39.449944],[140.678175,39.450302],[140.678488,39.451185],[140.678775,39.451685],[140.679213,39.45216],[140.679875,39.452552],[140.680613,39.45291],[140.68095,39.453185],[140.680988,39.45346],[140.680863,39.454043],[140.680888,39.454585],[140.681038,39.455151],[140.68115,39.455426],[140.681475,39.455876],[140.681725,39.456351],[140.681875,39.456718],[140.681875,39.457051],[140.681963,39.457351],[140.682312,39.457485],[140.6826,39.457418],[140.682862,39.457126],[140.683362,39.457176],[140.683587,39.45731],[140.68455,39.458151],[140.6849,39.458626],[140.685125,39.459151],[140.685437,39.459509],[140.686862,39.459951],[140.687274,39.460176],[140.687562,39.460768],[140.687762,39.461309],[140.688262,39.462459],[140.688637,39.462942],[140.689124,39.463417],[140.689387,39.463917],[140.689499,39.464342],[140.689437,39.464776],[140.689474,39.464909],[140.690137,39.464984],[140.690836,39.465117],[140.691561,39.465367],[140.692111,39.465626],[140.692961,39.465826],[140.695723,39.466159],[140.696486,39.466384],[140.697173,39.4668],[140.697611,39.467225],[140.698136,39.467884],[140.69906,39.468459],[140.69976,39.468817],[140.701098,39.469709],[140.701735,39.470233],[140.702198,39.470483],[140.702873,39.470508],[140.703422,39.470642],[140.703597,39.470758],[140.70401,39.471142],[140.704535,39.471575],[140.705172,39.471942],[140.70566,39.472283],[140.705772,39.472417],[140.705922,39.472758],[140.706035,39.473367],[140.706272,39.473842],[140.70691,39.4743],[140.707135,39.474391],[140.707897,39.474775],[140.708684,39.475233],[140.709434,39.475466],[140.710809,39.475558],[140.711646,39.475725],[140.712234,39.476],[140.712521,39.476633],[140.712896,39.477016],[140.713659,39.477316],[140.714296,39.477316],[140.714821,39.47745],[140.715171,39.477633],[140.715746,39.478208],[140.716246,39.478524],[140.716383,39.478566],[140.717758,39.478758],[140.718771,39.478916],[140.719708,39.478941],[140.720296,39.478791],[140.720958,39.478658],[140.721333,39.478699],[140.72207,39.479066],[140.72262,39.479433],[140.723233,39.479908],[140.723982,39.480316],[140.724307,39.480616],[140.72427,39.480933],[140.724007,39.481158],[140.723133,39.482083],[140.72272,39.482958],[140.722145,39.483274],[140.721558,39.483424],[140.721145,39.483699],[140.720333,39.484416],[140.719808,39.484641],[140.719283,39.484732],[140.718846,39.484907],[140.718846,39.485341],[140.71892,39.485791],[140.718683,39.487074],[140.718421,39.487599],[140.718071,39.48809],[140.717721,39.488449],[140.717083,39.488807],[140.716758,39.489099],[140.716346,39.490549],[140.715971,39.491448],[140.715646,39.491898],[140.715321,39.492482],[140.714821,39.492982],[140.714271,39.493365],[140.713246,39.49419],[140.713159,39.49444],[140.713334,39.494848],[140.713559,39.49519],[140.713771,39.495706],[140.713796,39.496773],[140.713696,39.497565],[140.713696,39.49804],[140.713633,39.498265],[140.713583,39.498831],[140.713633,39.499256],[140.713758,39.499323],[140.714096,39.499648],[140.715346,39.500398],[140.717158,39.501556],[140.717445,39.501848],[140.717995,39.502731],[140.71822,39.502823],[140.719208,39.504114],[140.71977,39.504764],[140.71992,39.504872],[140.720257,39.504897],[140.72062,39.504781],[140.721907,39.504281],[140.72242,39.504114],[140.722969,39.504073],[140.723157,39.504089],[140.723619,39.504223],[140.723919,39.504422],[140.723682,39.504856],[140.723482,39.505414],[140.723519,39.505981],[140.723669,39.506339],[140.723707,39.506839],[140.723682,39.507289],[140.723719,39.507755],[140.723569,39.508439],[140.723457,39.508597],[140.723457,39.509022],[140.723682,39.509563],[140.724057,39.510305],[140.724332,39.510997],[140.724244,39.511363],[140.723332,39.512063],[140.722519,39.512746],[140.722095,39.513221],[140.721182,39.513946],[140.72122,39.514054],[140.722594,39.514163],[140.723119,39.514321],[140.723394,39.514613],[140.723644,39.514971],[140.723869,39.515488],[140.723932,39.516004],[140.724057,39.516429],[140.724157,39.516613],[140.724494,39.517037],[140.724682,39.517462],[140.724657,39.518254],[140.724694,39.518571],[140.724907,39.518862],[140.725706,39.519196],[140.726306,39.520004],[140.727319,39.520087],[140.728081,39.520304],[140.729281,39.52102],[140.730081,39.521329],[140.730418,39.521529],[140.731506,39.522562],[140.732355,39.522245],[140.732868,39.521904],[140.733393,39.521679],[140.734155,39.521562],[140.735018,39.521595],[140.73578,39.521529],[140.736667,39.521571],[140.73713,39.521746],[140.737442,39.522062],[140.737905,39.522754],[140.738005,39.523229],[140.73783,39.524354],[140.73793,39.525253],[140.737842,39.525795],[140.738492,39.52897],[140.738754,39.530386],[140.738617,39.531178],[140.738592,39.531694],[140.739029,39.533294],[140.739467,39.533669],[140.740604,39.534386],[140.740729,39.534611],[140.740979,39.535286],[140.741104,39.535486],[140.741304,39.536161],[140.741279,39.536661],[140.740979,39.537177],[140.740742,39.537694],[140.740679,39.538102],[140.740504,39.538669],[140.739779,39.540268],[140.739704,39.54081],[140.739854,39.54146],[140.739804,39.542118],[140.739442,39.54286],[140.739304,39.543518],[140.739341,39.54401],[140.739954,39.544526],[140.740241,39.54491],[140.740329,39.545385],[140.740179,39.545851],[140.739941,39.546351],[140.739579,39.546893],[140.738979,39.547434],[140.738304,39.547759],[140.737792,39.548076],[140.737392,39.548509],[140.736854,39.548959],[140.735842,39.549526],[140.734967,39.549867],[140.733105,39.550692],[140.732342,39.551142],[140.729267,39.553125],[140.72928,39.553192],[140.729405,39.553392],[140.729492,39.553709],[140.729492,39.554042],[140.729405,39.554317],[140.728255,39.555017],[140.727955,39.555317],[140.727617,39.555767],[140.72738,39.556625],[140.727392,39.557708],[140.727255,39.5584],[140.72723,39.558808],[140.727855,39.560025],[140.728317,39.561166],[140.728792,39.561933],[140.729229,39.563191],[140.729429,39.564183],[140.729467,39.564566],[140.729617,39.564966],[140.730092,39.565574],[140.730329,39.565758],[140.730429,39.565774],[140.730667,39.565841],[140.731316,39.565749],[140.733966,39.565191],[140.735191,39.565074],[140.736666,39.564975],[140.736853,39.565],[140.737853,39.56495],[140.737953,39.564966],[140.738416,39.565166],[140.739391,39.565325],[140.740128,39.565366],[140.740316,39.565433],[140.740803,39.565516],[140.741178,39.5657],[140.741603,39.566008],[140.74259,39.566433],[140.74394,39.5669],[140.744565,39.567166],[140.744903,39.567433],[140.74499,39.567616],[140.745428,39.567991],[140.745915,39.568258],[140.746541,39.568428],[140.746577,39.568524],[140.74689,39.568799],[140.747277,39.568933],[140.748027,39.569058],[140.748515,39.569258],[140.74864,39.569349],[140.750052,39.569824],[140.750652,39.569999],[140.751039,39.570191],[140.751439,39.570308],[140.751702,39.570349],[140.753914,39.570391],[140.754002,39.570333],[140.754314,39.570458],[140.754526,39.570841],[140.754614,39.571341],[140.754601,39.571591],[140.754714,39.571799],[140.754889,39.571858],[140.755226,39.572116],[140.755526,39.572516],[140.756363,39.574741],[140.756401,39.575291],[140.756626,39.575824],[140.756901,39.576266],[140.757963,39.577041],[140.758263,39.577482],[140.7585,39.577865],[140.759413,39.57889],[140.760437,39.580524],[140.760962,39.581274],[140.76125,39.581565],[140.762124,39.582357],[140.762262,39.582532],[140.762537,39.583348],[140.762662,39.583765],[140.762374,39.584532],[140.762462,39.584906],[140.762949,39.58564],[140.763087,39.586106],[140.763149,39.586148],[140.763386,39.58664],[140.763836,39.587356],[140.764236,39.587665],[140.766273,39.588315],[140.766898,39.588348],[140.767523,39.588323],[140.77001,39.588381],[140.77041,39.588473],[140.771423,39.589681],[140.771972,39.590123],[140.772747,39.590323],[140.773235,39.590606],[140.773735,39.590756],[140.774222,39.590823],[140.774822,39.590848],[140.775447,39.590814],[140.776147,39.59069],[140.777359,39.590281],[140.778072,39.590123],[140.778646,39.590056],[140.779121,39.59009],[140.779721,39.590081],[140.780434,39.590006],[140.780609,39.59004],[140.780771,39.59029],[140.780809,39.590765],[140.780696,39.591281],[140.780659,39.591673],[140.780509,39.592123],[140.780109,39.592814],[140.779446,39.593656],[140.779309,39.593948],[140.779234,39.594373],[140.779259,39.594739],[140.779146,39.595197],[140.778759,39.595722],[140.778821,39.596106],[140.778884,39.596222],[140.778921,39.596664],[140.778871,39.596856],[140.778896,39.598047],[140.778821,39.59868],[140.779046,39.599014],[140.779209,39.599505],[140.779509,39.599997],[140.779934,39.600414],[140.781583,39.60168],[140.781858,39.601997],[140.781996,39.602472],[140.782033,39.602988],[140.781946,39.604072],[140.782383,39.60403],[140.782883,39.603988],[140.783158,39.60393],[140.784845,39.60383],[140.785983,39.60363],[140.787045,39.603105],[140.787745,39.603047],[140.789057,39.603197],[140.78982,39.603314],[140.790932,39.603372],[140.791882,39.60333],[140.792595,39.603222],[140.793982,39.602805],[140.794432,39.602789],[140.795007,39.60293],[140.795305,39.602965],[140.795458,39.603014],[140.795707,39.603072],[140.796094,39.60323],[140.796632,39.603605],[140.797232,39.60418],[140.797557,39.60473],[140.797732,39.605264],[140.798032,39.605605],[140.798807,39.60593],[140.799706,39.606247],[140.800094,39.606555],[140.800531,39.607005],[140.801019,39.607605],[140.801144,39.607822],[140.801806,39.608555],[140.803444,39.610188],[140.803531,39.610255],[140.803569,39.610672],[140.803406,39.611147],[140.803494,39.611247],[140.803856,39.611355],[140.804444,39.611605],[140.804619,39.611705],[140.804856,39.612113],[140.804906,39.612288],[140.804956,39.612863],[140.804381,39.614271],[140.804106,39.615446],[140.803956,39.616388],[140.803618,39.617154],[140.802593,39.618638],[140.802768,39.619046],[140.803456,39.619829],[140.803931,39.620304],[140.804143,39.620471],[140.804656,39.621129],[140.805018,39.621879],[140.805643,39.622487],[140.806018,39.623054],[140.80648,39.623487],[140.80683,39.623596],[140.807518,39.623587],[140.808155,39.624079],[140.808255,39.624095],[140.80833,39.62457],[140.808143,39.626037],[140.808293,39.62657],[140.808592,39.627053],[140.80853,39.627628],[140.808455,39.627887],[140.80813,39.628562],[140.807505,39.629503],[140.80723,39.630012],[140.806955,39.631286],[140.80688,39.631461],[140.806992,39.632186],[140.807517,39.632603],[140.808942,39.63342],[140.809792,39.634078],[140.810367,39.634753],[140.811392,39.636269],[140.811679,39.637019],[140.811754,39.637328],[140.812066,39.637869],[140.812304,39.638477],[140.812491,39.639144],[140.813016,39.639786],[140.813404,39.640586],[140.813379,39.641219],[140.813629,39.641819],[140.815141,39.643585],[140.815553,39.644344],[140.815616,39.645143],[140.815353,39.645902],[140.815316,39.646135],[140.816478,39.64641],[140.818165,39.646885],[140.818703,39.647168],[140.818878,39.647318],[140.81934,39.648143],[140.819778,39.648552],[140.82159,39.649418],[140.821802,39.649568],[140.822165,39.64991],[140.822127,39.650343],[140.821577,39.65111],[140.82014,39.652626],[140.820177,39.653259],[140.820515,39.653826],[140.820802,39.654442],[140.820827,39.655392],[140.820877,39.656267],[140.820865,39.656876],[140.820777,39.6577],[140.82079,39.658367],[140.820827,39.65855],[140.821302,39.659125],[140.821515,39.659575],[140.82149,39.660083],[140.821402,39.660733],[140.82144,39.661658],[140.821902,39.662642],[140.821789,39.663183],[140.821814,39.663641],[140.821952,39.664216],[140.822189,39.664716],[140.822664,39.665133],[140.822964,39.665458],[140.822864,39.665775],[140.822777,39.665908],[140.822702,39.666166],[140.822714,39.666325],[140.822602,39.666808],[140.822252,39.667666],[140.822302,39.668091],[140.822464,39.668441],[140.822552,39.668808],[140.822402,39.669466],[140.822439,39.669474],[140.822414,39.669699],[140.821727,39.670366],[140.821702,39.670491],[140.821714,39.671457],[140.821539,39.671874],[140.821589,39.672274],[140.821939,39.672732],[140.821977,39.67289],[140.821889,39.673349],[140.821552,39.673632],[140.821177,39.674007],[140.820377,39.674565],[140.820127,39.67464],[140.819739,39.674898],[140.819577,39.67554],[140.819652,39.676107],[140.820502,39.677323],[140.820277,39.677873],[140.819727,39.678573],[140.819702,39.678923],[140.819627,39.679256],[140.818602,39.679798],[140.818539,39.679881],[140.818552,39.680181],[140.819214,39.681931],[140.819214,39.682797],[140.819076,39.683481],[140.819239,39.684031],[140.819639,39.684489],[140.819714,39.684622],[140.820901,39.685397],[140.821489,39.686047],[140.821988,39.686772],[140.822563,39.687772],[140.822451,39.68808],[140.822126,39.688164],[140.821589,39.688055],[140.821214,39.68813],[140.820664,39.688705],[140.820076,39.689247],[140.818864,39.689688],[140.817439,39.690238],[140.817126,39.690463],[140.816302,39.690754],[140.815852,39.691038],[140.815739,39.691763],[140.815539,39.692413],[140.814652,39.692987],[140.813114,39.693646],[140.812852,39.693845],[140.811989,39.694945],[140.811427,39.69547],[140.811265,39.695778],[140.811314,39.696487],[140.81119,39.697045],[140.810765,39.697753],[140.810615,39.697853],[140.810152,39.698061],[140.810002,39.698161],[140.809977,39.698553],[140.810102,39.698995],[140.81009,39.699644],[140.809927,39.701444],[140.80954,39.701694],[140.809302,39.701736],[140.80899,39.701852],[140.809002,39.702127],[140.80919,39.702719],[140.80919,39.703136],[140.809277,39.703711],[140.80959,39.704319],[140.809939,39.704835],[140.810339,39.705552],[140.810377,39.70611],[140.810352,39.706944],[140.810189,39.707969],[140.809802,39.708327],[140.808777,39.708702],[140.80814,39.709035],[140.807765,39.709468],[140.807652,39.709652],[140.807252,39.709977],[140.80639,39.710493],[140.805602,39.710718],[140.805352,39.710751],[140.80419,39.710735],[140.803028,39.710593],[140.802315,39.710651],[140.802053,39.710643],[140.801565,39.710509],[140.800928,39.710476],[140.800253,39.710726],[140.799953,39.710793],[140.799228,39.710826],[140.798341,39.710709],[140.797203,39.710493],[140.796003,39.710151],[140.795691,39.709976],[140.794741,39.709534],[140.794429,39.709709],[140.794241,39.709968],[140.794066,39.710792],[140.793704,39.711684],[140.793616,39.712067],[140.793591,39.712684],[140.793491,39.713284],[140.792741,39.713667],[140.792254,39.714242],[140.792154,39.715317],[140.791941,39.71565],[140.791704,39.715733],[140.790854,39.71575],[140.790254,39.716017],[140.790079,39.716233],[140.789779,39.717358],[140.789529,39.717716],[140.789554,39.7182],[140.789691,39.718758],[140.789079,39.71935],[140.788317,39.719774],[140.787992,39.721091],[140.787992,39.721308],[140.788092,39.721799],[140.788242,39.722108],[140.788629,39.722466],[140.788754,39.722849],[140.788654,39.723107],[140.788341,39.723332],[140.787117,39.723566],[140.786867,39.723891],[140.786492,39.724157],[140.786167,39.724482],[140.786054,39.724899],[140.785892,39.72509],[140.785567,39.725157],[140.784579,39.725199],[140.783717,39.72534],[140.783392,39.72579],[140.783329,39.725998],[140.783304,39.726865],[140.783479,39.727848],[140.783567,39.728107],[140.784267,39.728948],[140.783642,39.729323],[140.782792,39.730073],[140.782092,39.731248],[140.78133,39.731481],[140.780517,39.731673],[140.779667,39.732148],[140.77903,39.732606],[140.77843,39.732814],[140.777655,39.732889],[140.776355,39.732847],[140.77513,39.732731],[140.774768,39.732956],[140.774768,39.733689],[140.774643,39.734106],[140.774618,39.734456],[140.774768,39.734681],[140.77503,39.734831],[140.776505,39.735506],[140.776717,39.735564],[140.777192,39.735797],[140.778655,39.736347],[140.779905,39.73703],[140.780155,39.737214],[140.780592,39.738039],[140.782554,39.738347],[140.783517,39.738314],[140.785029,39.738055],[140.786129,39.737997],[140.787229,39.738189],[140.793541,39.740064],[140.795066,39.740647],[140.796278,39.741039],[140.797203,39.741222],[140.797428,39.741422],[140.797803,39.741639],[140.798378,39.742014],[140.798753,39.742022],[140.798928,39.742064],[140.799228,39.742222],[140.799778,39.742656],[140.800553,39.743189],[140.80189,39.744022],[140.802965,39.744472],[140.803665,39.744822],[140.804315,39.745397],[140.80579,39.746931],[140.80604,39.747572],[140.80599,39.748147],[140.80599,39.74873],[140.80614,39.749497],[140.806615,39.750822],[140.806853,39.752763],[140.80679,39.753355],[140.806728,39.753563],[140.806015,39.754613],[140.805478,39.755813],[140.805153,39.756171],[140.805115,39.756363],[140.805278,39.756579],[140.806115,39.757354],[140.806553,39.757871],[140.808053,39.759063],[140.80839,39.759363],[140.809103,39.759463],[140.81049,39.759488],[140.811165,39.759638],[140.811652,39.759979],[140.813077,39.761204],[140.813927,39.761629],[140.814564,39.761863],[140.815477,39.762271],[140.816114,39.762946],[140.816589,39.763729],[140.816652,39.764371],[140.816452,39.764937],[140.816202,39.765437],[140.816277,39.765587],[140.817389,39.766787],[140.817839,39.767545],[140.818539,39.76952],[140.818864,39.770212],[140.819026,39.770795],[140.819326,39.771595],[140.819714,39.77217],[140.821001,39.77327],[140.821776,39.774086],[140.822001,39.77437],[140.822426,39.77462],[140.823113,39.774661],[140.824226,39.774586],[140.824851,39.774511],[140.825513,39.774378],[140.825701,39.774486],[140.826338,39.775211],[140.827113,39.775786],[140.82735,39.775911],[140.827913,39.77637],[140.829812,39.778269],[140.830575,39.778828],[140.831412,39.779269],[140.832937,39.780136],[140.834087,39.780586],[140.834524,39.780977],[140.834587,39.781102],[140.834674,39.781677],[140.835049,39.782236],[140.835749,39.782811],[140.836262,39.783119],[140.836737,39.78366],[140.836812,39.783902],[140.836787,39.784219],[140.836924,39.784485],[140.837286,39.784827],[140.837536,39.785302],[140.837886,39.785819],[140.838386,39.786335],[140.839074,39.787585],[140.839436,39.788077],[140.839924,39.788518],[140.843111,39.790935],[140.843748,39.791343],[140.845335,39.791676],[140.845823,39.791943],[140.846098,39.792359],[140.846335,39.792634],[140.84656,39.792668],[140.846948,39.792626],[140.847535,39.792676],[140.847785,39.792751],[140.848235,39.792959],[140.848235,39.793018],[140.847873,39.793701],[140.847473,39.794001],[140.847185,39.794509],[140.847248,39.794934],[140.847423,39.795218],[140.847485,39.795659],[140.84721,39.796401],[140.847197,39.797067],[140.847447,39.797534],[140.847347,39.797984],[140.847072,39.798426],[140.846535,39.799],[140.846272,39.799367],[140.845747,39.799975],[140.845222,39.800325],[140.84426,39.800617],[140.843722,39.801109],[140.843497,39.801758],[140.843197,39.802408],[140.842835,39.802792],[140.842447,39.803442],[140.841672,39.804916],[140.84101,39.805283],[140.840223,39.805508],[140.83946,39.805475],[140.838523,39.804983],[140.837585,39.805266],[140.835648,39.806191],[140.834086,39.806858],[140.832336,39.806974],[140.831511,39.807508],[140.829961,39.808724],[140.829099,39.809374],[140.828799,39.809841],[140.828461,39.810024],[140.828074,39.809824],[140.827111,39.809616],[140.825462,39.809641],[140.824637,39.810074],[140.824312,39.810724],[140.823949,39.811615],[140.823387,39.813415],[140.823199,39.813899],[140.822649,39.814607],[140.821912,39.81509],[140.820999,39.815565],[140.819062,39.816473],[140.817825,39.81654],[140.816112,39.815973],[140.815487,39.816023],[140.81505,39.81639],[140.814513,39.816723],[140.813725,39.817298],[140.813038,39.817864],[140.811763,39.818264],[140.811588,39.818281],[140.810875,39.818248],[140.810063,39.817956],[140.809301,39.817573],[140.808551,39.816723],[140.808426,39.816631],[140.807826,39.816431],[140.806914,39.816223],[140.805864,39.816039],[140.805289,39.815831],[140.804676,39.815248],[140.804526,39.815189],[140.804026,39.815106],[140.803327,39.815381],[140.801802,39.816339],[140.801027,39.816614],[140.79994,39.816681],[140.799302,39.816822],[140.79909,39.816964],[140.798827,39.817455],[140.79879,39.817964],[140.798665,39.818439],[140.798477,39.818855],[140.798077,39.819197],[140.797615,39.81948],[140.79709,39.819597],[140.79649,39.819797],[140.795952,39.820197],[140.795415,39.820672],[140.79484,39.82103],[140.79399,39.821338],[140.793365,39.821521],[140.792653,39.821555],[140.791678,39.82178],[140.790403,39.82238],[140.789815,39.822721],[140.788903,39.823121],[140.78804,39.823271],[140.786716,39.823388],[140.786578,39.823429],[140.786803,39.824546],[140.787065,39.825154],[140.787465,39.825696],[140.788315,39.826421],[140.788303,39.826471],[140.788203,39.826537],[140.786778,39.826879],[140.785166,39.827387],[140.783978,39.827904],[140.783391,39.828345],[140.783166,39.828737],[140.783103,39.830245],[140.783066,39.831112],[140.783091,39.83147],[140.783266,39.831779],[140.78359,39.832037],[140.784228,39.832453],[140.784553,39.832987],[140.78459,39.833112],[140.785003,39.83367],[140.785365,39.834045],[140.785703,39.834278],[140.786065,39.835037],[140.786102,39.835778],[140.785927,39.83612],[140.786102,39.836453],[140.785902,39.83742],[140.785965,39.838011],[140.78619,39.838536],[140.786315,39.839078],[140.786315,39.839336],[140.786165,39.840128],[140.785877,39.840711],[140.785052,39.841803],[140.784952,39.842119],[140.785202,39.842386],[140.786027,39.842944],[140.786477,39.843453],[140.786889,39.844011],[140.787427,39.845444],[140.787689,39.846327],[140.788301,39.847544],[140.789076,39.848902],[140.789126,39.849127],[140.789114,39.849827],[140.788876,39.850518],[140.788639,39.851068],[140.788614,39.852252],[140.788251,39.852593],[140.786914,39.853618],[140.786126,39.854468],[140.785476,39.85496],[140.784601,39.855351],[140.784014,39.855851],[140.783776,39.856234],[140.784314,39.856751],[140.785201,39.857176],[140.787351,39.858443],[140.787751,39.858793],[140.787626,39.859242],[140.787101,39.859492],[140.786326,39.859651],[140.784764,39.860384],[140.784089,39.860401],[140.783451,39.860367],[140.783039,39.860717],[140.783214,39.861617],[140.783289,39.862384],[140.782814,39.863092],[140.782564,39.864192],[140.782676,39.865308],[140.782651,39.866325],[140.782301,39.86705],[140.782151,39.867691],[140.782488,39.868083],[140.783451,39.868683],[140.784113,39.869358],[140.784551,39.871399],[140.7847,39.871641],[140.786063,39.871849],[140.786288,39.872149],[140.786263,39.872991],[140.787987,39.874124],[140.788787,39.874316],[140.789912,39.874391],[140.79095,39.874299],[140.792224,39.874632],[140.793149,39.875332],[140.793474,39.875691],[140.794874,39.876891],[140.795437,39.877232],[140.796211,39.877624],[140.796636,39.878015],[140.796599,39.878224],[140.796949,39.879474],[140.797299,39.88039],[140.797749,39.881074],[140.798261,39.881207],[140.799123,39.881615],[140.799648,39.881815],[140.800336,39.881549],[140.801311,39.881224],[140.804398,39.880266],[140.80606,39.879732],[140.807298,39.879382],[140.80866,39.879257],[140.81011,39.879216],[140.810797,39.879166],[140.812185,39.879141],[140.812604,39.879158],[140.812655,39.879161],[140.812681,39.879476],[140.812334,39.880076],[140.810817,39.881749],[140.808867,39.883159],[140.805591,39.884956],[140.801351,39.886497],[140.796147,39.888679],[140.792035,39.890348],[140.78696,39.893108],[140.782014,39.89696],[140.778095,39.900362],[140.773469,39.903122],[140.768958,39.905535],[140.764485,39.907738],[140.760789,39.909616],[140.756135,39.911563],[140.753503,39.912047],[140.749348,39.911839],[140.744846,39.911701],[140.741314,39.913016],[140.738475,39.913085],[140.734985,39.911869],[140.729444,39.911662],[140.725012,39.912976],[140.720579,39.914914],[140.716908,39.915814],[140.712545,39.916644],[140.708875,39.919066],[140.706589,39.922318],[140.702088,39.928546],[140.697586,39.933598],[140.693777,39.936366],[140.692323,39.936823],[140.688652,39.938],[140.686159,39.939038],[140.684151,39.940353],[140.68332,39.943051],[140.683527,39.945196],[140.684497,39.947411],[140.68796,39.952739],[140.693293,39.958137],[140.696214,39.96212],[140.700162,39.967794],[140.705841,39.973053],[140.713122,39.977662],[140.716931,39.97953],[140.722333,39.980845],[140.727804,39.982022],[140.732445,39.983959],[140.736808,39.987419],[140.740253,39.990787],[140.741172,39.992409],[140.741475,39.99338],[140.740412,39.99425],[140.740087,39.994591],[140.739587,39.995516],[140.739512,39.996125],[140.739262,39.996466],[140.738737,39.996958],[140.738525,39.997116],[140.738137,39.997158],[140.73685,39.996824],[140.736487,39.996891],[140.735112,39.997458],[140.734862,39.997658],[140.73445,39.998449],[140.733712,39.998991],[140.733112,39.999507],[140.732725,39.999599],[140.73195,39.999715],[140.73165,39.999824],[140.731813,39.999915],[140.732263,40.00039],[140.732475,40.000882],[140.732337,40.00129],[140.731875,40.001765],[140.731625,40.001965],[140.7313,40.002757],[140.731263,40.002765],[140.7312,40.002998],[140.731237,40.003857],[140.731512,40.00444],[140.731537,40.005498],[140.731512,40.005948],[140.7316,40.006356],[140.731762,40.006673],[140.731837,40.006756],[140.732087,40.007348],[140.731975,40.007748],[140.732012,40.007798],[140.731987,40.008065],[140.7325,40.008965],[140.732637,40.009415],[140.731875,40.009939],[140.73155,40.010364],[140.731412,40.010473],[140.73075,40.010564],[140.730312,40.010589],[140.72965,40.010706],[140.727837,40.011156],[140.727175,40.011248],[140.725775,40.011722],[140.725112,40.011881],[140.724437,40.012014],[140.723912,40.012264],[140.723687,40.012489],[140.723337,40.013322],[140.723275,40.014289],[140.72315,40.014722],[140.7227,40.015172],[140.7218,40.01578],[140.721475,40.016164],[140.721412,40.016364],[140.7212,40.016814],[140.720787,40.01713],[140.720175,40.01733],[140.719763,40.01763],[140.719625,40.017672],[140.718538,40.01758],[140.71795,40.017472],[140.7165,40.017922],[140.715863,40.018055],[140.715488,40.018213],[140.715013,40.01858],[140.714275,40.019455],[140.714113,40.020038],[140.7134,40.020896],[140.713288,40.021346],[140.713288,40.022255],[140.713313,40.022321],[140.713125,40.022496],[140.712688,40.022588],[140.71225,40.022563],[140.71175,40.022588],[140.711063,40.02288],[140.7106,40.022971],[140.710075,40.023155],[140.709113,40.023946],[140.708563,40.024488],[140.707876,40.024979],[140.706701,40.025321],[140.706776,40.025954],[140.706838,40.026113],[140.706888,40.026538],[140.706863,40.027621],[140.7067,40.028046],[140.706476,40.028179],[140.704938,40.028654],[140.704476,40.028862],[140.703488,40.029471],[140.703326,40.029537],[140.703101,40.02972],[140.702826,40.030104],[140.702638,40.030237],[140.702113,40.030504],[140.701151,40.031254],[140.700576,40.03172],[140.700251,40.032262],[140.700139,40.032737],[140.700276,40.033012],[140.700414,40.033162],[140.700876,40.033887],[140.700913,40.034603],[140.700801,40.035037],[140.700576,40.035578],[140.700201,40.036095],[140.699814,40.036386],[140.699426,40.03677],[140.699351,40.036928],[140.699289,40.037245],[140.699376,40.03817],[140.699214,40.038711],[140.698964,40.038961],[140.698964,40.039319],[140.699238,40.039611],[140.699376,40.039944],[140.699126,40.040328],[140.698776,40.040578],[140.698464,40.040894],[140.698251,40.041503],[140.698226,40.042111],[140.697976,40.042852],[140.697926,40.043261],[140.697951,40.043694],[140.697926,40.044277],[140.698063,40.045402],[140.698088,40.04621],[140.697926,40.046552],[140.697263,40.047319],[140.696938,40.047794],[140.696888,40.047994],[140.696988,40.048269],[140.697126,40.048402],[140.697213,40.048444],[140.697788,40.049052],[140.698701,40.049793],[140.698863,40.050002],[140.699001,40.05031],[140.699026,40.050677],[140.698838,40.050993],[140.698651,40.051218],[140.698401,40.05191],[140.698338,40.052502],[140.698376,40.052902],[140.698538,40.053152],[140.699001,40.05351],[140.6995,40.053826],[140.699825,40.054185],[140.700375,40.054951],[140.700438,40.05516],[140.700763,40.055401],[140.7012,40.05556],[140.7017,40.055943],[140.702138,40.056435],[140.70255,40.056735],[140.703512,40.057226],[140.703825,40.057451],[140.704175,40.057876],[140.704587,40.058193],[140.704925,40.058376],[140.705087,40.05851],[140.705637,40.059343],[140.706025,40.059701],[140.7061,40.060201],[140.706075,40.060943],[140.706099,40.061643],[140.706274,40.062109],[140.706349,40.062901],[140.706462,40.063401],[140.706824,40.063934],[140.707487,40.064409],[140.708199,40.064992],[140.708612,40.065426],[140.709574,40.066142],[140.709961,40.066659],[140.710149,40.067226],[140.710424,40.067784],[140.711174,40.068076],[140.711249,40.068459],[140.711174,40.069292],[140.711199,40.069517],[140.711474,40.070217],[140.711561,40.070309],[140.710874,40.0711],[140.710924,40.071459],[140.711099,40.071792],[140.711398,40.072742],[140.711511,40.07335],[140.711473,40.07355],[140.711761,40.074225],[140.712173,40.074608],[140.712661,40.074925],[140.713186,40.075308],[140.713548,40.07565],[140.714311,40.075867],[140.714511,40.076142],[140.714561,40.076933],[140.714511,40.077316],[140.714923,40.077675],[140.715935,40.07785],[140.71676,40.078075],[140.716898,40.078166],[140.716985,40.07835],[140.716898,40.078366],[140.716873,40.079408],[140.716898,40.079675],[140.717373,40.080191],[140.717423,40.080466],[140.717348,40.080783],[140.717098,40.081233],[140.716873,40.081549],[140.716085,40.082383],[140.71581,40.082941],[140.715448,40.083957],[140.715148,40.084541],[140.715123,40.084882],[140.715148,40.085266],[140.715123,40.085532],[140.714848,40.085916],[140.71471,40.086074],[140.714748,40.08609],[140.71466,40.08629],[140.714748,40.08699],[140.715185,40.08809],[140.715323,40.08899],[140.71601,40.089982],[140.71656,40.091065],[140.71681,40.091515],[140.716872,40.091765],[140.716672,40.092257],[140.716647,40.09269],[140.716735,40.093115],[140.716847,40.093431],[140.71696,40.09399],[140.716922,40.094373],[140.716847,40.094715],[140.716547,40.095056],[140.71586,40.095365],[140.715722,40.095481],[140.715497,40.095864],[140.715472,40.096181],[140.715522,40.096631],[140.715672,40.097239],[140.71581,40.099172],[140.715972,40.100031],[140.716334,40.101222],[140.716059,40.102372],[140.715897,40.102872],[140.715509,40.103505],[140.715459,40.103905],[140.715509,40.104289],[140.715947,40.105055],[140.716122,40.105438],[140.716634,40.105863],[140.716834,40.10623],[140.717047,40.106813],[140.717222,40.107513],[140.716722,40.108321],[140.716472,40.108955],[140.716234,40.109446],[140.716172,40.109813],[140.716484,40.111296],[140.716809,40.111704],[140.717309,40.112063],[140.718021,40.112354],[140.718484,40.112646],[140.719258,40.113321],[140.719758,40.113454],[140.720108,40.113521],[140.720271,40.113654],[140.720221,40.113746],[140.719921,40.114088],[140.719996,40.114721],[140.720271,40.115187],[140.720558,40.115779],[140.720771,40.116454],[140.720746,40.116879],[140.720608,40.117196],[140.720721,40.117421],[140.721108,40.117579],[140.72187,40.117754],[140.722645,40.118137],[140.723145,40.118654],[140.723445,40.118879],[140.723933,40.119062],[140.72397,40.119104],[140.723933,40.119379],[140.72377,40.119562],[140.72342,40.12037],[140.723308,40.120845],[140.723058,40.121337],[140.72292,40.121404],[140.722095,40.122328],[140.722045,40.122695],[140.722408,40.123862],[140.722482,40.124312],[140.722457,40.124511],[140.722045,40.125503],[140.72172,40.126861],[140.72147,40.127336],[140.721532,40.127761],[140.72197,40.128303],[140.722432,40.128819],[140.72252,40.129044],[140.722882,40.129469],[140.723095,40.129561],[140.724694,40.129853],[140.725544,40.129828],[140.726782,40.129669],[140.727419,40.129694],[140.727719,40.129761],[140.728132,40.130094],[140.728619,40.130594],[140.729094,40.130836],[140.730219,40.130861],[140.730469,40.130903],[140.732281,40.131603],[140.733218,40.131761],[140.733493,40.131786],[140.735006,40.132211],[140.735693,40.132452],[140.736106,40.132636],[140.736293,40.132794],[140.736406,40.133019],[140.736605,40.134036],[140.73688,40.135161],[140.737043,40.13631],[140.737093,40.13651],[140.736993,40.13721],[140.736855,40.137685],[140.736905,40.13791],[140.738043,40.138893],[140.739055,40.139685],[140.739192,40.139777],[140.739417,40.140068],[140.73938,40.14036],[140.739217,40.140768],[140.738755,40.141235],[140.73903,40.141801],[140.739642,40.142501],[140.73988,40.14266],[140.740292,40.143018],[140.740605,40.143401],[140.74088,40.144484],[140.741092,40.144793],[140.74118,40.144859],[140.741642,40.145084],[140.742229,40.145309],[140.742804,40.145584],[140.742967,40.145809],[140.743079,40.146326],[140.743604,40.147159],[140.743604,40.147609],[140.743304,40.148334],[140.743304,40.148759],[140.743392,40.149026],[140.743254,40.149342],[140.743167,40.149776],[140.743304,40.150267],[140.743579,40.15065],[140.743829,40.150875],[140.744191,40.15135],[140.743467,40.151392],[140.743004,40.15155],[140.742479,40.151959],[140.742104,40.152117],[140.741604,40.152208],[140.741004,40.15225],[140.740392,40.152433],[140.739517,40.152842],[140.738967,40.15295],[140.738579,40.153158],[140.738254,40.153425],[140.737754,40.153608],[140.737017,40.1537],[140.736405,40.153675],[140.73603,40.153608],[140.735367,40.153425],[140.734655,40.153183],[140.73388,40.153],[140.733005,40.153],[140.732393,40.153141],[140.73193,40.153341],[140.731155,40.153316],[140.72978,40.153116],[140.729118,40.153233],[140.72888,40.15355],[140.728518,40.153458],[140.727693,40.1531],[140.727281,40.153166],[140.726731,40.153591],[140.726043,40.1538],[140.725606,40.154224],[140.725606,40.154274],[140.725356,40.154633],[140.725031,40.154883],[140.724893,40.155491],[140.724981,40.156166],[140.724781,40.156233],[140.724118,40.156049],[140.723906,40.156049],[140.723743,40.156099],[140.723468,40.156457],[140.723293,40.156591],[140.722806,40.156416],[140.722606,40.156299],[140.721918,40.156057],[140.721318,40.155924],[140.720819,40.155624],[140.720406,40.155066],[140.720081,40.154483],[140.719719,40.154591],[140.718919,40.155132],[140.718506,40.155041],[140.718269,40.154957],[140.717631,40.154907],[140.716644,40.155116],[140.716394,40.155141],[140.715732,40.155049],[140.715207,40.154691],[140.713069,40.154957],[140.712907,40.155074],[140.712932,40.155366],[140.712794,40.155724],[140.712494,40.156174],[140.712407,40.15674],[140.712169,40.15719],[140.711694,40.157757],[140.711482,40.158407],[140.711482,40.158857],[140.711732,40.159307],[140.711782,40.15949],[140.711594,40.15969],[140.710819,40.160098],[140.709969,40.161065],[140.709644,40.16134],[140.709144,40.161498],[140.708482,40.16154],[140.70782,40.161298],[140.707357,40.160865],[140.706882,40.160556],[140.706807,40.160573],[140.706257,40.160506],[140.705682,40.160506],[140.704032,40.160873],[140.703757,40.161973],[140.703232,40.163081],[140.70332,40.163956],[140.703482,40.164431],[140.703532,40.164456],[140.704007,40.165289],[140.704082,40.165831],[140.70417,40.166981],[140.704057,40.167522],[140.70382,40.167947],[140.703869,40.168597],[140.703844,40.169097],[140.703794,40.169297],[140.703669,40.169489],[140.703494,40.169789],[140.703419,40.170188],[140.703332,40.170438],[140.702932,40.171088],[140.702082,40.171947],[140.701707,40.17258],[140.701569,40.172938],[140.701432,40.17348],[140.701432,40.173746],[140.701282,40.17413],[140.701282,40.174221],[140.701057,40.174513],[140.700357,40.175104],[140.699894,40.175713],[140.699669,40.176229],[140.699582,40.176904],[140.699132,40.177712],[140.698932,40.178279],[140.698932,40.178529],[140.699232,40.179196],[140.699357,40.180045],[140.699394,40.180362],[140.699482,40.180679],[140.699544,40.181012],[140.699394,40.18117],[140.699344,40.181354],[140.699257,40.181445],[140.699257,40.18207],[140.699357,40.182628],[140.699432,40.183503],[140.699407,40.184087],[140.699282,40.184178],[140.699144,40.184362],[140.699257,40.184653],[140.699681,40.18512],[140.699881,40.185303],[140.700069,40.18552],[140.700006,40.185745],[140.699831,40.18602],[140.699806,40.186495],[140.699906,40.186853],[140.699881,40.187411],[140.699919,40.187861],[140.699894,40.188244],[140.699981,40.188469],[140.700194,40.188686],[140.700431,40.188869],[140.700806,40.189294],[140.700906,40.189603],[140.700869,40.189628],[140.700906,40.189944],[140.700881,40.190144],[140.700769,40.190411],[140.700831,40.191069],[140.700843,40.191786],[140.700968,40.193044],[140.700956,40.193669],[140.701131,40.194144],[140.701456,40.194227],[140.701606,40.194202],[140.702156,40.19436],[140.702343,40.194469],[140.702843,40.194602],[140.703018,40.194552],[140.703018,40.194535],[140.703218,40.194486],[140.703281,40.194444],[140.703543,40.194419],[140.70393,40.194461],[140.704305,40.194436],[140.704743,40.194227],[140.704918,40.194069],[140.70518,40.194002],[140.705943,40.193952],[140.706268,40.193977],[140.706793,40.193994],[140.707318,40.193769],[140.707618,40.193677],[140.707905,40.193627],[140.70823,40.193536],[140.708818,40.193419],[140.709843,40.193303],[140.710142,40.193303],[140.710642,40.193361],[140.710692,40.193344],[140.711167,40.193478],[140.711642,40.193653],[140.712405,40.194053],[140.713267,40.194386],[140.714142,40.194486],[140.714842,40.194486],[140.715579,40.194369],[140.715729,40.194303],[140.715929,40.194144],[140.716517,40.193511],[140.716679,40.193219],[140.716654,40.192769],[140.716742,40.192653],[140.717054,40.19247],[140.717929,40.192086],[140.718454,40.19177],[140.718779,40.191703],[140.719542,40.191695],[140.719842,40.191645],[140.720242,40.191395],[140.720417,40.191328],[140.720892,40.191261],[140.721304,40.191278],[140.721504,40.191211],[140.721966,40.190895],[140.722004,40.190845],[140.722379,40.190512],[140.722879,40.190212],[140.723454,40.189962],[140.724016,40.189828],[140.724341,40.189778],[140.724604,40.189778],[140.724979,40.189728],[140.725416,40.189437],[140.725566,40.18932],[140.725804,40.189295],[140.726004,40.189345],[140.726266,40.189478],[140.726741,40.189678],[140.727003,40.189695],[140.727603,40.189895],[140.728066,40.189978],[140.729216,40.190087],[140.729278,40.190153],[140.729278,40.19027],[140.729228,40.191078],[140.729141,40.191453],[140.729116,40.191862],[140.728891,40.192562],[140.729041,40.19312],[140.729166,40.193795],[140.729116,40.193995],[140.729141,40.194128],[140.729091,40.194378],[140.728828,40.194986],[140.728566,40.19537],[140.728541,40.195478],[140.728191,40.195953],[140.727691,40.197369],[140.727515,40.198186],[140.727615,40.198477],[140.72749,40.198811],[140.727178,40.199086],[140.72694,40.199486],[140.726865,40.199936],[140.726715,40.200319],[140.726428,40.200677],[140.726228,40.201244],[140.72629,40.201694],[140.726128,40.20221],[140.726065,40.202277],[140.725665,40.203044],[140.725515,40.203202],[140.725465,40.203335],[140.725203,40.203585],[140.724878,40.203743],[140.724828,40.203743],[140.724615,40.203927],[140.724565,40.20406],[140.724503,40.20406],[140.724415,40.204468],[140.724128,40.205027],[140.72399,40.205185],[140.723778,40.205252],[140.723491,40.205418],[140.722378,40.205893],[140.722291,40.206026],[140.722203,40.206318],[140.722266,40.206526],[140.722603,40.20686],[140.722865,40.207235],[140.72299,40.207576],[140.722903,40.207934],[140.722203,40.208384],[140.721416,40.208709],[140.720103,40.209368],[140.719866,40.209543],[140.719866,40.209792],[140.720016,40.210192],[140.720028,40.210509],[140.719941,40.210759],[140.719891,40.211142],[140.719716,40.211567],[140.719603,40.211701],[140.719541,40.211726],[140.719453,40.211842],[140.719216,40.211842],[140.718866,40.211909],[140.718278,40.212067],[140.718078,40.212225],[140.718016,40.212367],[140.717941,40.212725],[140.718028,40.213192],[140.718028,40.213467],[140.717978,40.213692],[140.717653,40.213867],[140.717453,40.213942],[140.716803,40.214258],[140.716141,40.214508],[140.715866,40.214558],[140.715378,40.214758],[140.715228,40.214892],[140.715091,40.215192],[140.715028,40.2155],[140.714941,40.215775],[140.714691,40.216267],[140.714541,40.216425],[140.714166,40.216675],[140.713878,40.217058],[140.713903,40.217375],[140.714091,40.218066],[140.714153,40.21845],[140.714403,40.219166],[140.714428,40.219574],[140.714291,40.219574],[140.713428,40.219733],[140.713291,40.219799],[140.712728,40.219966],[140.712291,40.220058],[140.712053,40.220058],[140.711853,40.220099],[140.711653,40.220191],[140.711503,40.220508],[140.711328,40.220599],[140.710916,40.220624],[140.710853,40.220599],[140.710653,40.220691],[140.710603,40.220849],[140.710391,40.221207],[140.710228,40.221507],[140.710253,40.221732],[140.710166,40.222041],[140.710316,40.222316],[140.710241,40.222716],[140.710416,40.22334],[140.710453,40.223749],[140.710253,40.224015],[140.710228,40.22429],[140.710553,40.224782],[140.710528,40.224849],[140.710328,40.225099],[140.710328,40.225182],[140.710378,40.225299],[140.710566,40.225432],[140.710941,40.225499],[140.711066,40.225474],[140.711503,40.225515],[140.711791,40.22549],[140.712203,40.225515],[140.712765,40.22549],[140.713528,40.225415],[140.71444,40.225299],[140.71459,40.225249],[140.716115,40.224974],[140.71684,40.224899],[140.717403,40.224849],[140.718727,40.224849],[140.720452,40.224899],[140.720627,40.224882],[140.721777,40.225007],[140.72284,40.225249],[140.723689,40.225532],[140.724339,40.225799],[140.725202,40.226291],[140.726414,40.227182],[140.726477,40.22729],[140.727039,40.227874],[140.727189,40.22819],[140.727764,40.229265],[140.727826,40.229574],[140.728014,40.230115],[140.727889,40.230207],[140.727214,40.230232],[140.725664,40.230282],[140.725214,40.230332],[140.725039,40.230398],[140.724752,40.230582],[140.724689,40.23069],[140.724664,40.230898],[140.724739,40.231548],[140.724764,40.231906],[140.724827,40.232106],[140.724964,40.233231],[140.725176,40.233765],[140.725139,40.233881],[140.724739,40.234398],[140.724676,40.234581],[140.724714,40.234756],[140.724864,40.234981],[140.725164,40.235339],[140.725276,40.235564],[140.725464,40.236031],[140.725439,40.236239],[140.725326,40.236797],[140.725351,40.236839],[140.725264,40.237181],[140.725314,40.237897],[140.725376,40.238347],[140.725339,40.238572],[140.725051,40.238931],[140.724914,40.238981],[140.724526,40.239205],[140.724501,40.239272],[140.724526,40.239405],[140.724676,40.23963],[140.724889,40.239855],[140.724926,40.240105],[140.725039,40.240464],[140.725376,40.24073],[140.725751,40.241064],[140.725764,40.241314],[140.725414,40.24183],[140.724914,40.242413],[140.724776,40.242505],[140.724601,40.242705],[140.724489,40.243005],[140.724726,40.243697],[140.725026,40.244096],[140.725201,40.24423],[140.725501,40.244613],[140.725563,40.24493],[140.725538,40.245238],[140.725488,40.245446],[140.72549,40.245491],[140.725426,40.245738],[140.725438,40.246205],[140.725651,40.246654],[140.725563,40.247421],[140.725863,40.247846],[140.725951,40.248229],[140.725751,40.248521],[140.725001,40.248929],[140.724588,40.249154],[140.724213,40.249562],[140.724013,40.249896],[140.722864,40.250554],[140.722489,40.250854],[140.722351,40.251229],[140.722176,40.251412],[140.721589,40.251662],[140.721501,40.251662],[140.721301,40.251779],[140.721176,40.251887],[140.721064,40.252112],[140.721101,40.252254],[140.721189,40.252337],[140.721864,40.252537],[140.722626,40.252604],[140.722839,40.252579],[140.723101,40.252595],[140.723513,40.252687],[140.723601,40.252737],[140.724651,40.252912],[140.725301,40.253079],[140.725801,40.253462],[140.726288,40.253962],[140.726563,40.254728],[140.726738,40.254978],[140.726813,40.255137],[140.72679,40.255163],[140.726788,40.255203],[140.726751,40.255837],[140.726626,40.256112],[140.726451,40.25622],[140.726351,40.256245],[140.726301,40.256286],[140.726051,40.256353],[140.725226,40.256436],[140.724538,40.256703],[140.724363,40.256811],[140.724138,40.257036],[140.724063,40.257328],[140.723938,40.257486],[140.723751,40.25767],[140.723676,40.257803],[140.723001,40.258519],[140.722288,40.259053],[140.722263,40.259169],[140.722213,40.259211],[140.722088,40.259478],[140.721876,40.260136],[140.721901,40.260227],[140.721876,40.260361],[140.721951,40.260786],[140.721851,40.261011],[140.721676,40.261194],[140.721613,40.261436],[140.721713,40.261527],[140.721788,40.261711],[140.721988,40.261894],[140.722238,40.26241],[140.722301,40.263652],[140.722401,40.263969],[140.722463,40.265168],[140.722513,40.265343],[140.722863,40.265777],[140.7232,40.266077],[140.72385,40.266577],[140.72465,40.26701],[140.72535,40.26726],[140.725325,40.267443],[140.7252,40.267552],[140.725063,40.267776],[140.724888,40.268501],[140.72465,40.26931],[140.7246,40.269468],[140.724675,40.26956],[140.7251,40.26976],[140.725425,40.270101],[140.72555,40.270401],[140.725588,40.270826],[140.725788,40.271418],[140.725813,40.271434],[140.725613,40.271843],[140.725563,40.272043],[140.7252,40.272609],[140.725,40.272759],[140.72475,40.272851],[140.72475,40.272876],[140.72445,40.272984],[140.724225,40.273092],[140.724163,40.273251],[140.724163,40.273659],[140.724088,40.273884],[140.723913,40.274059],[140.723788,40.274084],[140.723438,40.274259],[140.723325,40.274417],[140.722975,40.274775],[140.722675,40.274884],[140.722475,40.275042],[140.7224,40.275267],[140.722438,40.275609],[140.722363,40.2759],[140.722388,40.276059],[140.722363,40.276309],[140.722388,40.276467],[140.722638,40.276825],[140.722538,40.276942],[140.722125,40.277117],[140.721825,40.277317],[140.7217,40.277517],[140.72165,40.277808],[140.7216,40.278017],[140.721438,40.278192],[140.721238,40.278325],[140.720963,40.278441],[140.720263,40.27875],[140.719913,40.278925],[140.719588,40.279041],[140.719325,40.279175],[140.71895,40.279458],[140.71895,40.279575],[140.718925,40.279575],[140.71915,40.28005],[140.719588,40.280641],[140.719763,40.280933],[140.720213,40.281883],[140.720625,40.282316],[140.720875,40.282883],[140.72095,40.283199],[140.720838,40.283899],[140.720913,40.284324],[140.720988,40.284416],[140.721238,40.284624],[140.721488,40.284891],[140.721538,40.285007],[140.7215,40.285341],[140.72185,40.286024],[140.721975,40.286407],[140.722212,40.286907],[140.722362,40.287382],[140.722812,40.288107],[140.723037,40.288265],[140.723362,40.288424],[140.723587,40.28849],[140.7239,40.288632],[140.724325,40.288907],[140.72465,40.289024],[140.724875,40.288999],[140.724925,40.288932],[140.725337,40.28884],[140.725462,40.28889],[140.72555,40.289182],[140.725524,40.289657],[140.725287,40.290398],[140.724737,40.291432],[140.724475,40.291857],[140.724275,40.29229],[140.724399,40.292556],[140.724587,40.293031],[140.724737,40.293398],[140.724762,40.293556],[140.724812,40.293715],[140.724924,40.294864],[140.724899,40.294881],[140.724899,40.295198],[140.724649,40.295423],[140.723812,40.295714],[140.723437,40.295731],[140.723087,40.295681],[140.722762,40.295731],[140.722437,40.295856],[140.722187,40.296198],[140.721975,40.296672],[140.721925,40.297072],[140.721887,40.298114],[140.721712,40.298356],[140.721487,40.298514],[140.721187,40.298897],[140.72095,40.299439],[140.720625,40.299955],[140.720525,40.300247],[140.720312,40.300539],[140.719662,40.301205],[140.719562,40.30148],[140.71945,40.302105],[140.719375,40.302488],[140.719275,40.302805],[140.719062,40.303072],[140.718962,40.303122],[140.718962,40.303163],[140.718837,40.30323],[140.718812,40.303205],[140.718587,40.303347],[140.718562,40.303413],[140.718637,40.303613],[140.718837,40.303705],[140.719437,40.303913],[140.720062,40.30423],[140.720637,40.304505],[140.720737,40.304663],[140.720649,40.304955],[140.720499,40.305096],[140.720124,40.30538],[140.720099,40.305471],[140.720124,40.305588],[140.720249,40.305746],[140.720224,40.305838],[140.720012,40.30608],[140.719787,40.30653],[140.719687,40.30658],[140.719612,40.306571],[140.719487,40.30653],[140.719387,40.306413],[140.719312,40.306096],[140.719162,40.305963],[140.719037,40.306005],[140.718812,40.306205],[140.718687,40.306255],[140.718262,40.30623],[140.718137,40.306246],[140.717737,40.306446],[140.717662,40.306563],[140.7173,40.306871],[140.7161,40.307454],[140.715212,40.307763],[140.714637,40.307963],[140.714512,40.308029],[140.714337,40.308071],[140.713612,40.308363],[140.7136,40.308446],[140.71355,40.308537],[140.713575,40.308654],[140.713525,40.308812],[140.71355,40.308987],[140.71365,40.309287],[140.713675,40.309554],[140.71375,40.309712],[140.713962,40.310212],[140.714062,40.310396],[140.713762,40.310887],[140.713675,40.311204],[140.713725,40.311562],[140.7139,40.311879],[140.71395,40.312037],[140.713875,40.312154],[140.713287,40.312662],[140.713212,40.312779],[140.712437,40.313287],[140.712387,40.313404],[140.712212,40.313495],[140.712025,40.313579],[140.7121,40.313604],[140.712625,40.314103],[140.71295,40.314553],[140.7132,40.315037],[140.7134,40.315237],[140.713662,40.315937],[140.713612,40.315987],[140.713437,40.316295],[140.713312,40.316387],[140.713062,40.316545],[140.712925,40.316653],[140.7124,40.317528],[140.712225,40.317711],[140.711962,40.31782],[140.711837,40.317936],[140.711787,40.318178],[140.711862,40.318628],[140.711575,40.319353],[140.71115,40.319961],[140.711137,40.320294],[140.711237,40.320586],[140.711437,40.320886],[140.711887,40.321253],[140.712337,40.321453],[140.712562,40.321528],[140.713187,40.321644],[140.713312,40.321711],[140.713712,40.322303],[140.713899,40.322478],[140.714074,40.322553],[140.714399,40.322644],[140.714624,40.322828],[140.714724,40.323002],[140.714799,40.323344],[140.714899,40.323461],[140.715024,40.323502],[140.715474,40.323502],[140.715724,40.323619],[140.715949,40.323802],[140.716249,40.323919],[140.716474,40.323944],[140.717224,40.323653],[140.717574,40.323728],[140.717774,40.323794],[140.718774,40.324344],[140.718899,40.324294],[140.719349,40.324236],[140.719699,40.324527],[140.719974,40.324819],[140.720124,40.325119],[140.720174,40.325544],[140.720036,40.326152],[140.720061,40.326286],[140.720286,40.326427],[140.720611,40.326702],[140.720661,40.326944],[140.720549,40.327377],[140.720474,40.32751],[140.720299,40.328027],[140.720211,40.328544],[140.720236,40.329085],[140.720311,40.329227],[140.720311,40.329402],[140.720436,40.329519],[140.721436,40.32966],[140.721761,40.329752],[140.722161,40.32996],[140.722311,40.330119],[140.722411,40.33041],[140.722373,40.330702],[140.722248,40.33086],[140.721948,40.330993],[140.721723,40.331035],[140.721298,40.331218],[140.721073,40.331418],[140.721011,40.331527],[140.720786,40.331568],[140.720336,40.331527],[140.718936,40.331535],[140.718686,40.331577],[140.718336,40.331577],[140.717161,40.331685],[140.716874,40.331768],[140.715899,40.332301],[140.715524,40.332393],[140.715324,40.332501],[140.715111,40.332776],[140.714836,40.333068],[140.714786,40.333201],[140.714761,40.333535],[140.714911,40.333834],[140.715011,40.333943],[140.715674,40.334376],[140.715973,40.334584],[140.716348,40.334743],[140.716473,40.334876],[140.716748,40.335334],[140.717098,40.335559],[140.717348,40.335859],[140.717448,40.336059],[140.717586,40.336101],[140.718036,40.336459],[140.718111,40.336843],[140.718036,40.337001],[140.717786,40.337159],[140.717673,40.337184],[140.717236,40.337184],[140.716686,40.337342],[140.716136,40.337609],[140.715973,40.337859],[140.715886,40.338667],[140.715673,40.339167],[140.715511,40.339775],[140.715373,40.340042],[140.714848,40.340109],[140.714273,40.340109],[140.713473,40.340025],[140.713198,40.340025],[140.712511,40.340109],[140.712048,40.340359],[140.711686,40.340792],[140.711548,40.341175],[140.711611,40.341667],[140.711723,40.342858],[140.711336,40.344008],[140.711448,40.34525],[140.711336,40.345633],[140.710961,40.345858],[140.710436,40.346241],[140.710186,40.346716],[140.710111,40.347416],[140.710161,40.348199],[140.710111,40.348608],[140.709361,40.349216],[140.708948,40.349466],[140.708323,40.349374],[140.707611,40.349199],[140.706561,40.348991],[140.705848,40.348882],[140.705249,40.348816],[140.704774,40.348924],[140.704361,40.349224],[140.703849,40.349491],[140.703074,40.349607],[140.702524,40.349807],[140.701724,40.350465],[140.701924,40.350707],[140.702311,40.350982],[140.702886,40.351499],[140.703136,40.351949],[140.703098,40.352507],[140.703236,40.352823],[140.703823,40.35339],[140.703873,40.354107],[140.703961,40.354515],[140.704236,40.35449],[140.705298,40.354065],[140.705686,40.353998],[140.706123,40.353973],[140.706236,40.353998],[140.706348,40.354157],[140.706398,40.354423],[140.706348,40.354807],[140.706161,40.35519],[140.705823,40.355598],[140.704461,40.35699],[140.704211,40.357356],[140.703961,40.357915],[140.703748,40.358281],[140.703386,40.358573],[140.703086,40.358681],[140.702923,40.358998],[140.702886,40.359814],[140.702811,40.360373],[140.702698,40.360439],[140.701936,40.360623],[140.701736,40.360781],[140.701386,40.361206],[140.700973,40.361572],[140.700448,40.361731],[140.699848,40.362064],[140.699373,40.362131],[140.698136,40.362747],[140.697898,40.363014],[140.697623,40.363597],[140.697048,40.364364],[140.697286,40.364972],[140.696873,40.365605],[140.696611,40.36588],[140.696386,40.366305],[140.695973,40.366955],[140.695723,40.367188],[140.695586,40.367588],[140.695348,40.367905],[140.694848,40.36813],[140.693886,40.368472],[140.693448,40.368763],[140.693011,40.36933],[140.692736,40.370205],[140.692623,40.370255],[140.692398,40.370271],[140.692161,40.370363],[140.690973,40.370996],[140.690373,40.371113],[140.689898,40.371271],[140.689486,40.371563],[140.688398,40.371563],[140.687436,40.371471],[140.686849,40.371588],[140.686661,40.371654],[140.685311,40.372238],[140.684661,40.372379],[140.683636,40.372604],[140.683174,40.372854],[140.683086,40.372937],[140.682674,40.373687],[140.682599,40.374046],[140.682624,40.374612],[140.682599,40.375062],[140.682299,40.37567],[140.682399,40.375912],[140.682599,40.376162],[140.682811,40.376662],[140.682849,40.377129],[140.682786,40.377629],[140.682648,40.378262],[140.682686,40.378712],[140.682573,40.38002],[140.682848,40.380937],[140.682848,40.381437],[140.682686,40.382245],[140.682523,40.382628],[140.682048,40.383011],[140.681748,40.383353],[140.681536,40.383803],[140.681173,40.384003],[140.680623,40.383961],[140.680098,40.384078],[140.679661,40.384253],[140.678786,40.384978],[140.678486,40.385269],[140.678261,40.385694],[140.677873,40.386036],[140.677548,40.386103],[140.677273,40.386469],[140.677186,40.386894],[140.677361,40.387302],[140.677573,40.387611],[140.677636,40.387836],[140.677461,40.388311],[140.677161,40.389011],[140.677136,40.389419],[140.677223,40.389935],[140.677548,40.390835],[140.677848,40.391085],[140.67766,40.39151],[140.67741,40.391877],[140.677335,40.39246],[140.677198,40.392885],[140.676535,40.393427],[140.67626,40.393927],[140.676235,40.394377],[140.676348,40.39501],[140.67631,40.39541],[140.676398,40.39636],[140.675823,40.397126],[140.67596,40.39816],[140.67571,40.398926],[140.675385,40.399284],[140.67536,40.399443],[140.675385,40.399826],[140.67536,40.400326],[140.675523,40.400776],[140.67591,40.401292],[140.67596,40.401634],[140.675935,40.402376],[140.676047,40.402826],[140.67621,40.403251],[140.676047,40.403659],[140.675747,40.404134],[140.675585,40.404784],[140.676022,40.405775],[140.676072,40.406409],[140.67591,40.40695],[140.675997,40.407283],[140.67646,40.408033],[140.676597,40.408867],[140.676959,40.410533],[140.677234,40.411225],[140.677284,40.411766],[140.677097,40.41215],[140.676709,40.412533],[140.676109,40.412849],[140.675859,40.412916],[140.675747,40.412899],[140.675772,40.413058],[140.675747,40.413391],[140.675884,40.413774],[140.675972,40.413866],[140.677234,40.414674],[140.678497,40.415399],[140.679984,40.415849],[140.680646,40.416091],[140.681771,40.416449],[140.682434,40.416566],[140.683346,40.416649],[140.684446,40.416474],[140.684934,40.416608],[140.685321,40.416858],[140.685983,40.417549],[140.686283,40.417774],[140.687133,40.418274],[140.687333,40.419149],[140.687496,40.419374],[140.687558,40.419382],[140.687621,40.419457],[140.687796,40.419932],[140.687871,40.420549],[140.687921,40.421082],[140.688021,40.421257],[140.688408,40.421665],[140.688083,40.421682],[140.687471,40.421665],[140.686696,40.42194],[140.686533,40.422057],[140.686396,40.42229],[140.686408,40.422607],[140.686596,40.423657],[140.686946,40.424973],[140.687133,40.42594],[140.687446,40.426765],[140.687733,40.427223],[140.688233,40.427515],[140.688683,40.427631],[140.689383,40.42754],[140.690833,40.42704],[140.691533,40.426865],[140.691908,40.426857],[140.69262,40.427123],[140.693183,40.427198],[140.693308,40.42724],[140.693608,40.427607],[140.69407,40.427965],[140.69577,40.428023],[140.69647,40.428265],[140.697483,40.428706],[140.698145,40.429065],[140.69882,40.429306],[140.699157,40.429356],[140.699482,40.429157],[140.699707,40.428423],[140.699895,40.428007],[140.70022,40.427657],[140.700582,40.427482],[140.701745,40.427232],[140.702495,40.42714],[140.703032,40.427165],[140.70322,40.427207],[140.704407,40.427732],[140.705807,40.427957],[140.707369,40.427915],[140.708382,40.427815],[140.708719,40.427824],[140.709132,40.42804],[140.709244,40.42834],[140.709244,40.428907],[140.709344,40.429432],[140.709469,40.429623],[140.710094,40.429582],[140.710544,40.42949],[140.711857,40.429124],[140.712682,40.428824],[140.713319,40.428382],[140.713982,40.428149],[140.714869,40.428007],[140.715756,40.427816],[140.716294,40.427374],[140.716469,40.427016],[140.717419,40.425966],[140.717456,40.425683],[140.717319,40.424899],[140.717256,40.424258],[140.717281,40.42355],[140.717481,40.422241],[140.717382,40.421641],[140.717432,40.421408],[140.717632,40.42115],[140.718006,40.420925],[140.718581,40.420717],[140.719044,40.420517],[140.719331,40.420342],[140.719869,40.419767],[140.720144,40.419633],[140.721381,40.419517],[140.721756,40.419384],[140.722144,40.418709],[140.722369,40.417534],[140.722531,40.417109],[140.722781,40.416726],[140.723294,40.416451],[140.724094,40.416209],[140.724894,40.416092],[140.725606,40.415934],[140.725841,40.415864],[140.725944,40.415842],[140.726431,40.415751],[140.726981,40.415751],[140.727394,40.415976],[140.728243,40.416176],[140.729018,40.416109],[140.729593,40.415859],[140.730343,40.415684],[140.731106,40.415751],[140.732018,40.415951],[140.732593,40.415926],[140.733368,40.415809],[140.733718,40.415926],[140.733806,40.416126],[140.733918,40.417251],[140.73413,40.417817],[140.734793,40.418517],[140.735205,40.418901],[140.735568,40.419367],[140.73538,40.419875],[140.73518,40.4204],[140.735243,40.420842],[140.735518,40.421392],[140.735493,40.421859],[140.735255,40.422184],[140.734155,40.4232],[140.73423,40.423517],[140.734655,40.424067],[140.735743,40.425133],[140.735855,40.425383],[140.735643,40.4263],[140.735668,40.426883],[140.73583,40.427608],[140.735843,40.42785],[140.73558,40.428058],[140.73433,40.428691],[140.733943,40.428916],[140.733343,40.429599],[140.73273,40.430016],[140.73148,40.430649],[140.731193,40.431057],[140.731243,40.431466],[140.73138,40.431666],[140.73178,40.432057],[140.732868,40.432957],[140.73343,40.433257],[140.734505,40.433349],[140.735005,40.433582],[140.735367,40.43384],[140.735567,40.434024],[140.735492,40.434157],[140.735155,40.434249],[140.734805,40.434382],[140.73413,40.434824],[140.733793,40.435257],[140.733393,40.43559],[140.732755,40.435982],[140.732718,40.436082],[140.73303,40.437823],[140.733305,40.438798],[140.73363,40.439231],[140.734167,40.439648],[140.734567,40.439823],[140.735292,40.439915],[140.735892,40.439906],[140.736392,40.439806],[140.736917,40.439598],[140.738092,40.439548],[140.738705,40.439473],[140.739392,40.439098],[140.740467,40.438398],[140.741129,40.438023],[140.741479,40.437915],[140.742142,40.437907],[140.744317,40.438207],[140.745479,40.438282],[140.745792,40.438349],[140.746192,40.438482],[140.746542,40.438532],[140.746954,40.438799],[140.747342,40.439065],[140.747816,40.439207],[140.749479,40.438949],[140.750704,40.438674],[140.751366,40.438624],[140.751841,40.43869],[140.752091,40.438782],[140.752616,40.439232],[140.753591,40.440224],[140.754153,40.44094],[140.754366,40.441165],[140.754953,40.441907],[140.755678,40.44274],[140.756241,40.443307],[140.756353,40.443482],[140.756541,40.444065],[140.756666,40.445148],[140.756941,40.445715],[140.757141,40.445848],[140.757716,40.446098],[140.758553,40.446248],[140.75889,40.446365],[140.760328,40.44719],[140.760915,40.447706],[140.761253,40.448365],[140.761565,40.449514],[140.76184,40.450298],[140.762453,40.451064],[140.76309,40.451398],[140.766015,40.452339],[140.767265,40.452939],[140.768065,40.453373],[140.769539,40.453947],[140.769789,40.453947],[140.770564,40.453589],[140.771089,40.452998],[140.771964,40.45139],[140.772664,40.451415],[140.773139,40.451506],[140.774327,40.451948],[140.775164,40.452131],[140.776101,40.452556],[140.777076,40.453139],[140.779051,40.454123],[140.779776,40.454414],[140.780301,40.454864],[140.781388,40.455356],[140.782251,40.455398],[140.783476,40.455889],[140.784413,40.456156],[140.785001,40.456289],[140.785138,40.456356],[140.785576,40.456739],[140.786088,40.456939],[140.786551,40.457298],[140.786751,40.457364],[140.787363,40.457339],[140.788213,40.457139],[140.788938,40.456998],[140.78955,40.456614],[140.790538,40.455531],[140.791425,40.45424],[140.791475,40.454081],[140.791475,40.453473],[140.791225,40.452707],[140.7913,40.45219],[140.791663,40.451373],[140.7927,40.450449],[140.792875,40.450215],[140.793063,40.449815],[140.793225,40.449565],[140.793788,40.449674],[140.795038,40.449807],[140.795975,40.449532],[140.79675,40.44939],[140.79805,40.44964],[140.800275,40.449407],[140.802237,40.448832],[140.802537,40.448766],[140.803562,40.448716],[140.803674,40.448741],[140.803849,40.449282],[140.804824,40.450041],[140.805074,40.450382],[140.804937,40.450899],[140.805449,40.452774],[140.805399,40.454257],[140.805787,40.45514],[140.806374,40.455948],[140.806824,40.456715],[140.807411,40.458115],[140.807311,40.458856],[140.807286,40.460273],[140.807374,40.46109],[140.807536,40.461831],[140.807874,40.462664],[140.808361,40.463589],[140.808586,40.464423],[140.808561,40.465189],[140.808198,40.466547],[140.808373,40.467489],[140.808411,40.468239],[140.808273,40.469589],[140.808298,40.470114],[140.808698,40.470964],[140.809061,40.471555],[140.809311,40.472339],[140.809323,40.473672],[140.809486,40.474413],[140.809636,40.474663],[140.810548,40.47583],[140.810973,40.476755],[140.811173,40.47743],[140.811285,40.477997],[140.81126,40.478338],[140.81096,40.478921],[140.810348,40.479463],[140.809873,40.48003],[140.809548,40.480529],[140.80936,40.481071],[140.809498,40.481721],[140.80961,40.481996],[140.810085,40.482646],[140.810398,40.483321],[140.810535,40.484112],[140.810572,40.485012],[140.810435,40.486845],[140.810472,40.487137],[140.81081,40.487745],[140.811472,40.48817],[140.812472,40.488328],[140.813947,40.488503],[140.814247,40.48857],[140.814722,40.48902],[140.815672,40.490662],[140.816509,40.491736],[140.817371,40.492145],[140.818121,40.49237],[140.818371,40.492611],[140.818271,40.493111],[140.818546,40.493828],[140.819334,40.494844],[140.820058,40.495678],[140.820946,40.496144],[140.821971,40.496461],[140.822696,40.496394],[140.823471,40.496386],[140.824195,40.496811],[140.824745,40.496811],[140.825308,40.496586],[140.825745,40.496269],[140.82602,40.496128],[140.826495,40.496219],[140.826995,40.496444],[140.82722,40.496694],[140.827383,40.497569],[140.82747,40.497661],[140.82747,40.497703],[140.827858,40.497794],[140.828033,40.497678],[140.82847,40.497769],[140.829495,40.498286],[140.82967,40.498827],[140.829982,40.499161],[140.83037,40.499702],[140.83087,40.500519],[140.83132,40.501036],[140.831819,40.501302],[140.832069,40.501344],[140.832844,40.501319],[140.833569,40.501227],[140.834094,40.501319],[140.834482,40.501544],[140.834844,40.501811],[140.835069,40.502127],[140.835207,40.50246],[140.835275,40.50259],[140.835307,40.50271],[140.835144,40.502977],[140.835094,40.503169],[140.835107,40.503335],[140.835469,40.503777],[140.835769,40.503994],[140.836144,40.504177],[140.836756,40.504277],[140.836931,40.504269],[140.837519,40.50391],[140.837856,40.503819],[140.838244,40.503894],[140.838506,40.504044],[140.838756,40.504135],[140.839943,40.504219],[140.840156,40.504169],[140.840343,40.50401],[140.840781,40.503477],[140.840943,40.503352],[140.841231,40.503327],[140.841956,40.503552],[140.842093,40.503677],[140.842143,40.504127],[140.841781,40.505019],[140.841806,40.505219],[140.841981,40.505444],[140.842506,40.505669],[140.843281,40.505877],[140.843718,40.506119],[140.84448,40.507185],[140.84468,40.507343],[140.84498,40.507368],[140.846143,40.50721],[140.84648,40.50721],[140.846705,40.507319],[140.847343,40.50771],[140.84768,40.50781],[140.847943,40.507835],[140.848118,40.507802],[140.848417,40.507694],[140.84878,40.507369],[140.84943,40.506627],[140.85018,40.506244],[140.850642,40.506077],[140.851455,40.505711],[140.851855,40.505477],[140.852255,40.505352],[140.852567,40.505327],[140.852967,40.505452],[140.853417,40.505711],[140.854092,40.506011],[140.854567,40.506152],[140.856092,40.506327],[140.856704,40.506444],[140.857267,40.506594],[140.857879,40.506869],[140.858429,40.506886],[140.859179,40.506844],[140.859841,40.506744],[140.860666,40.506552],[140.861154,40.506511],[140.861816,40.506577],[140.863091,40.506827],[140.863166,40.506861],[140.863691,40.507386],[140.864166,40.507786],[140.864491,40.507852],[140.865141,40.507894],[140.865966,40.508161],[140.866778,40.508252],[140.867228,40.508202],[140.867903,40.508186],[140.868553,40.508419],[140.869428,40.508911],[140.869828,40.509036],[140.87039,40.509011],[140.870528,40.508977],[140.870828,40.508994],[140.871488,40.509157],[140.871828,40.509269],[140.871915,40.509269],[140.873278,40.509561],[140.873478,40.509836],[140.87434,40.510102],[140.87519,40.510244],[140.87579,40.510602],[140.87629,40.510986],[140.877027,40.511144],[140.877415,40.511144],[140.878365,40.511011],[140.878926,40.510947],[140.879365,40.510986],[140.87934,40.502712],[140.879477,40.499287],[140.87914,40.498204],[140.878078,40.493605],[140.877428,40.491305],[140.876278,40.486205],[140.875741,40.483589],[140.875304,40.480998],[140.874741,40.478831],[140.874304,40.476665],[140.873879,40.473624],[140.873529,40.471657],[140.873417,40.469491],[140.873167,40.467758],[140.873117,40.465341],[140.872917,40.463983],[140.87278,40.462333],[140.872555,40.460825],[140.87268,40.4582],[140.872455,40.456492],[140.872555,40.454317],[140.872543,40.451043],[140.87268,40.449326],[140.872668,40.448243],[140.87283,40.44641],[140.87313,40.444102],[140.873181,40.442819],[140.873406,40.441502],[140.873868,40.440352],[140.874093,40.439444],[140.874356,40.438653],[140.874706,40.437819],[140.875668,40.435978],[140.876256,40.43512],[140.877193,40.433553],[140.877631,40.432895],[140.877981,40.432212],[140.878831,40.43092],[140.879618,40.429987],[140.880393,40.429287],[140.881218,40.428712],[140.881981,40.428029],[140.882806,40.427396],[140.883581,40.426887],[140.884381,40.426279],[140.88603,40.425154],[140.887543,40.424288],[140.889143,40.423713],[140.890118,40.423455],[140.890893,40.423338],[140.89128,40.423246],[140.89193,40.423171],[140.892143,40.423221],[140.892768,40.423305],[140.893992,40.423863],[140.894917,40.424196],[140.89633,40.42493],[140.896917,40.42508],[140.897717,40.42483],[140.898555,40.424796],[140.899504,40.424888],[140.901154,40.425188],[140.901867,40.425255],[140.903079,40.42518],[140.903592,40.425063],[140.904242,40.42503],[140.904992,40.425046],[140.905879,40.425205],[140.906354,40.425221],[140.906779,40.425196],[140.907579,40.424896],[140.908041,40.424596],[140.908579,40.424321],[140.909504,40.42398],[140.910066,40.423822],[140.910441,40.423613],[140.910591,40.423472],[140.910654,40.423338],[140.910829,40.423297],[140.911429,40.42333],[140.912116,40.423438],[140.912804,40.423663],[140.913303,40.423888],[140.913578,40.424113],[140.913816,40.424446],[140.913853,40.424721],[140.914216,40.425005],[140.914903,40.425255],[140.915766,40.425471],[140.916541,40.425713],[140.91819,40.426788],[140.918728,40.426988],[140.919528,40.427188],[140.92004,40.427246],[140.92054,40.427046],[140.920865,40.426455],[140.92104,40.426205],[140.92134,40.42593],[140.922128,40.425313],[140.922628,40.42488],[140.923078,40.424405],[140.923453,40.423838],[140.923865,40.423363],[140.924728,40.42288],[140.925515,40.422064],[140.926577,40.421222],[140.926765,40.42113],[140.927765,40.421122]]]},"type":"Feature"}]}