{"type":"FeatureCollection","features":[{"geometry":{"type":"Polygon","coordinates":[[[140.893676,41.474498],[140.893813,41.47454],[140.894363,41.47454],[140.894413,41.474607],[140.894301,41.474673],[140.893976,41.47474],[140.893926,41.47479],[140.893951,41.474898],[140.894251,41.474923],[140.894251,41.475015],[140.894088,41.475107],[140.893751,41.475215],[140.893726,41.475348],[140.893838,41.47549],[140.894226,41.475757],[140.894551,41.475823],[140.894663,41.475798],[140.895301,41.475348],[140.895951,41.475282],[140.896201,41.475282],[140.896676,41.475398],[140.897138,41.475623],[140.897413,41.47614],[140.897851,41.476473],[140.898051,41.476523],[140.898463,41.476748],[140.898601,41.47704],[140.898513,41.477623],[140.899013,41.478231],[140.899113,41.479131],[140.899175,41.479265],[140.899388,41.47949],[140.89975,41.47974],[140.899888,41.480031],[140.899638,41.480439],[140.8997,41.480798],[140.899847,41.481083],[140.899838,41.481273],[140.899563,41.481498],[140.899225,41.481948],[140.89915,41.482314],[140.8992,41.482448],[140.899863,41.482673],[140.90025,41.482689],[140.900638,41.483072],[140.900663,41.483214],[140.900713,41.483281],[140.90105,41.483414],[140.901325,41.483322],[140.901513,41.483456],[140.9019,41.484181],[140.902063,41.485239],[140.902313,41.485731],[140.902225,41.485981],[140.902388,41.486389],[140.902838,41.486789],[140.9033,41.487939],[140.903525,41.488055],[140.903775,41.488572],[140.90415,41.489047],[140.904237,41.48943],[140.90435,41.489672],[140.9049,41.491563],[140.904737,41.491772],[140.904762,41.49188],[140.9049,41.49193],[140.905337,41.491838],[140.905587,41.492038],[140.905849,41.492151],[140.906,41.492172],[140.906325,41.492446],[140.906275,41.49278],[140.906387,41.492763],[140.906825,41.492422],[140.90735,41.49253],[140.907487,41.492596],[140.9077,41.492805],[140.907725,41.493413],[140.907875,41.493746],[140.908587,41.494446],[140.908974,41.49548],[140.908974,41.495688],[140.908749,41.496271],[140.908499,41.496704],[140.907649,41.497421],[140.9068,41.497713],[140.9063,41.497804],[140.906137,41.497921],[140.906137,41.498146],[140.906325,41.498504],[140.906824,41.499229],[140.907162,41.499787],[140.907262,41.500221],[140.907299,41.500646],[140.907649,41.501387],[140.908087,41.501887],[140.908449,41.502129],[140.908837,41.50247],[140.909137,41.502604],[140.909324,41.502829],[140.909474,41.503095],[140.909462,41.503812],[140.909262,41.50427],[140.909099,41.504812],[140.908837,41.506203],[140.908437,41.506987],[140.908274,41.507645],[140.908224,41.508153],[140.907512,41.509703],[140.907149,41.510019],[140.906699,41.510811],[140.906474,41.512352],[140.906474,41.512702],[140.906761,41.513219],[140.906749,41.513594],[140.906549,41.513869],[140.906049,41.514227],[140.905661,41.514419],[140.905149,41.515244],[140.905036,41.51551],[140.903711,41.517627],[140.903486,41.518143],[140.903336,41.518318],[140.902724,41.51871],[140.901574,41.519118],[140.900787,41.519518],[140.900299,41.519918],[140.900024,41.520326],[140.899512,41.520926],[140.898649,41.521726],[140.898212,41.522884],[140.898286,41.523534],[140.898661,41.523968],[140.898736,41.524009],[140.898624,41.524343],[140.899311,41.524492],[140.900049,41.524426],[140.900611,41.524451],[140.901199,41.524784],[140.901649,41.525376],[140.901899,41.525959],[140.901824,41.526576],[140.901686,41.526901],[140.901899,41.526976],[140.902399,41.526559],[140.902949,41.526692],[140.903399,41.527184],[140.903748,41.52785],[140.903886,41.528392],[140.903998,41.529767],[140.904511,41.529967],[140.905011,41.529142],[140.905223,41.529084],[140.905198,41.529017],[140.905998,41.528759],[140.906511,41.528792],[140.907086,41.528992],[140.907661,41.52935],[140.907986,41.529884],[140.908161,41.530509],[140.908111,41.531175],[140.907923,41.531833],[140.907485,41.532483],[140.905573,41.53265],[140.905623,41.533233],[140.90766,41.533117],[140.907748,41.533541],[140.908048,41.534083],[140.908898,41.534991],[140.908998,41.535208],[140.909098,41.535741],[140.908785,41.536258],[140.90826,41.536841],[140.907985,41.537449],[140.907948,41.538074],[140.908222,41.538908],[140.90926,41.541007],[140.909622,41.541866],[140.909972,41.542107],[140.910234,41.542224],[140.910622,41.542824],[140.910672,41.543366],[140.910659,41.544307],[140.910709,41.544865],[140.910959,41.545357],[140.911409,41.545765],[140.912421,41.546382],[140.913034,41.546557],[140.913934,41.546407],[140.915334,41.545699],[140.915946,41.54544],[140.916484,41.54509],[140.916709,41.544899],[140.917459,41.544066],[140.917784,41.543532],[140.918009,41.543049],[140.918384,41.543249],[140.919821,41.542049],[140.919396,41.541757],[140.919984,41.541341],[140.920171,41.541324],[140.920746,41.541757],[140.920609,41.541866],[140.921259,41.542266],[140.921396,41.541399],[140.920446,41.540824],[140.921634,41.539858],[140.921734,41.539733],[140.922221,41.539249],[140.922809,41.538191],[140.923447,41.536658],[140.923634,41.535483],[140.923972,41.534825],[140.924134,41.534625],[140.924697,41.534175],[140.925084,41.533992],[140.925272,41.534167],[140.925547,41.534133],[140.925609,41.534058],[140.925482,41.533849],[140.926172,41.533325],[140.926384,41.533183],[140.926922,41.533017],[140.928209,41.532842],[140.928784,41.532659],[140.929109,41.532667],[140.929346,41.532784],[140.929909,41.532759],[140.930296,41.532509],[140.930434,41.532092],[140.931671,41.5314],[140.932484,41.531017],[140.934496,41.530209],[140.935659,41.529592],[140.936736,41.529113],[140.936886,41.529056],[140.937621,41.528876],[140.938158,41.528934],[140.939246,41.528901],[140.939419,41.529074],[140.939571,41.529417],[140.939871,41.529584],[140.939896,41.529376],[140.939958,41.529384],[140.940046,41.529484],[140.940258,41.529484],[140.940196,41.529159],[140.940433,41.529142],[140.940483,41.529101],[140.940396,41.528976],[140.939908,41.528917],[140.939821,41.528792],[140.939846,41.528776],[140.940383,41.528859],[140.941196,41.528734],[140.941983,41.528418],[140.942146,41.528293],[140.942383,41.528009],[140.942521,41.527776],[140.942033,41.527684],[140.941783,41.527751],[140.941708,41.527684],[140.941733,41.527218],[140.942196,41.526809],[140.942946,41.526335],[140.943621,41.525676],[140.944146,41.52511],[140.944196,41.524818],[140.944239,41.524639],[140.944372,41.524377],[140.944883,41.52356],[140.945495,41.523343],[140.946158,41.523043],[140.947608,41.522968],[140.950133,41.522785],[140.95112,41.522602],[140.95152,41.522469],[140.952101,41.52221],[140.952582,41.521969],[140.953032,41.521452],[140.953932,41.519986],[140.954432,41.519036],[140.955132,41.518211],[140.955795,41.517503],[140.95642,41.516986],[140.956745,41.516444],[140.95701,41.516105],[140.95757,41.515753],[140.958357,41.51552],[140.958869,41.515522],[140.959182,41.515553],[140.959419,41.516186],[140.959732,41.516464],[140.959907,41.516778],[140.960182,41.516811],[140.960494,41.516603],[140.960669,41.516161],[140.960601,41.515988],[140.960357,41.515836],[140.960103,41.515538],[140.960007,41.515136],[140.960369,41.514736],[140.960582,41.514628],[140.961182,41.514553],[140.961782,41.51462],[140.961882,41.514611],[140.961969,41.514478],[140.962046,41.514388],[140.962207,41.514261],[140.962857,41.513962],[140.963407,41.513362],[140.963494,41.512778],[140.963194,41.511728],[140.963094,41.510904],[140.963257,41.51027],[140.964457,41.508579],[140.964894,41.508187],[140.966081,41.507321],[140.966744,41.506904],[140.967319,41.506646],[140.968169,41.505804],[140.968081,41.504471],[140.968294,41.504096],[140.969906,41.502805],[140.970681,41.501972],[140.971456,41.50123],[140.971919,41.500355],[140.972306,41.499905],[140.972581,41.49983],[140.972744,41.499697],[140.972719,41.49943],[140.972931,41.499155],[140.973456,41.498889],[140.975018,41.49848],[140.976556,41.497714],[140.977281,41.497264],[140.978068,41.496897],[140.978681,41.496581],[140.980018,41.495723],[140.980605,41.495431],[140.981643,41.495181],[140.982468,41.494956],[140.983243,41.494548],[140.983868,41.494481],[140.98533,41.49399],[140.98613,41.493598],[140.98698,41.493373],[140.98788,41.493198],[140.988655,41.49279],[140.99003,41.49229],[140.990417,41.49229],[140.991479,41.492157],[140.991979,41.491932],[140.992554,41.491615],[140.993292,41.49134],[140.993817,41.49109],[140.993954,41.490957],[140.994117,41.49069],[140.994479,41.490191],[140.994829,41.489832],[140.995279,41.489491],[140.995992,41.489091],[140.996267,41.488974],[140.997004,41.488866],[140.999341,41.487999],[140.998916,41.487391],[140.999191,41.487258],[140.999191,41.487233],[140.999429,41.487124],[140.999991,41.486691],[141.000979,41.486266],[141.002091,41.485716],[141.002304,41.48565],[141.002804,41.485583],[141.003079,41.485516],[141.003853,41.485533],[141.004241,41.4856],[141.004778,41.485516],[141.005053,41.485508],[141.005466,41.485575],[141.006103,41.485533],[141.006278,41.485558],[141.007178,41.485483],[141.007416,41.48555],[141.007691,41.485575],[141.009303,41.485483],[141.00939,41.485458],[141.009778,41.485458],[141.01014,41.485566],[141.011128,41.485325],[141.011728,41.485092],[141.012178,41.484983],[141.01254,41.484758],[141.013015,41.484617],[141.013102,41.484617],[141.013227,41.484683],[141.013377,41.484667],[141.013702,41.484508],[141.013977,41.484458],[141.014027,41.484525],[141.014327,41.48455],[141.01439,41.484417],[141.014927,41.484233],[141.01514,41.484325],[141.01529,41.484275],[141.015565,41.484008],[141.015915,41.4838],[141.016665,41.483708],[141.017027,41.48375],[141.017565,41.484158],[141.018377,41.484342],[141.018827,41.4842],[141.019364,41.483975],[141.019414,41.483867],[141.019752,41.4835],[141.020139,41.483275],[141.020764,41.483183],[141.020952,41.48325],[141.021039,41.483367],[141.021214,41.483367],[141.021302,41.48325],[141.021639,41.483133],[141.022327,41.483225],[141.022827,41.483342],[141.023551,41.483425],[141.024214,41.483608],[141.024926,41.483875],[141.025614,41.483825],[141.026151,41.483625],[141.026701,41.483375],[141.027439,41.483284],[141.027926,41.48315],[141.028038,41.48315],[141.028676,41.482992],[141.029388,41.483009],[141.030226,41.482942],[141.031126,41.483009],[141.031876,41.483117],[141.032326,41.483117],[141.032626,41.483167],[141.033188,41.483092],[141.034713,41.482842],[141.035888,41.48295],[141.036038,41.483109],[141.036188,41.483175],[141.036963,41.483225],[141.037987,41.483134],[141.038875,41.483084],[141.039925,41.4829],[141.040675,41.4827],[141.041362,41.482675],[141.042325,41.482784],[141.042625,41.482742],[141.043074,41.482717],[141.043337,41.48285],[141.043849,41.482984],[141.044324,41.483009],[141.045074,41.483142],[141.045887,41.483367],[141.047049,41.483542],[141.048786,41.483159],[141.050224,41.482926],[141.050736,41.482951],[141.051211,41.482884],[141.052348,41.483017],[141.052986,41.483059],[141.053673,41.483034],[141.054423,41.482926],[141.057323,41.483117],[141.05816,41.483092],[141.05936,41.483001],[141.06046,41.483001],[141.060973,41.483067],[141.061397,41.483042],[141.06151,41.483001],[141.061722,41.482976],[141.062472,41.482792],[141.063335,41.482726],[141.06421,41.482542],[141.066147,41.482384],[141.066934,41.482176],[141.067797,41.481859],[141.068697,41.481701],[141.069534,41.481226],[141.069897,41.480909],[141.069922,41.480326],[141.070209,41.479101],[141.070459,41.478718],[141.070897,41.478385],[141.072909,41.477476],[141.073896,41.477093],[141.074734,41.476727],[141.075296,41.476302],[141.075808,41.476118],[141.076908,41.475827],[141.077783,41.47546],[141.078433,41.47526],[141.078796,41.475277],[141.079033,41.475185],[141.079808,41.47451],[141.079933,41.474377],[141.079958,41.47426],[141.080195,41.473994],[141.081545,41.473585],[141.082145,41.473535],[141.082233,41.47356],[141.082595,41.47356],[141.082666,41.473575],[141.082895,41.473535],[141.08292,41.473494],[141.083457,41.473377],[141.083607,41.472902],[141.08382,41.472836],[141.084982,41.472852],[141.08507,41.472811],[141.085282,41.472944],[141.085557,41.472969],[141.085607,41.472902],[141.085907,41.472852],[141.085882,41.473194],[141.086119,41.473419],[141.086269,41.473394],[141.086294,41.472111],[141.086332,41.471927],[141.086532,41.471677],[141.087669,41.471294],[141.088269,41.470619],[141.088332,41.470503],[141.088444,41.470636],[141.088657,41.470594],[141.088682,41.470553],[141.088632,41.470344],[141.088569,41.470278],[141.088632,41.470144],[141.088957,41.470003],[141.089257,41.469669],[141.089644,41.469603],[141.089794,41.469778],[141.090056,41.469803],[141.090206,41.469644],[141.090694,41.469619],[141.091256,41.469819],[141.091919,41.470003],[141.092094,41.469953],[141.092069,41.469844],[141.091944,41.469778],[141.092006,41.469661],[141.092181,41.469644],[141.092331,41.469728],[141.092394,41.469711],[141.092394,41.469394],[141.091556,41.469778],[141.090694,41.469461],[141.090694,41.469394],[141.090894,41.469261],[141.091281,41.469169],[141.091681,41.469303],[141.091856,41.469211],[141.091944,41.469053],[141.091856,41.468919],[141.093193,41.468378],[141.093143,41.468261],[141.094218,41.467853],[141.094131,41.467745],[141.094306,41.46752],[141.094631,41.467295],[141.095168,41.46722],[141.095706,41.467286],[141.096455,41.46747],[141.097355,41.467578],[141.098855,41.467512],[141.09918,41.467462],[141.09963,41.467328],[141.099543,41.466695],[141.099593,41.466628],[141.099843,41.466653],[141.10023,41.466787],[141.10038,41.466787],[141.100768,41.466645],[141.101117,41.466037],[141.101392,41.465878],[141.101423,41.465807],[141.1015,41.465699],[141.101867,41.465387],[141.102292,41.465295],[141.102917,41.465229],[141.103155,41.46522],[141.103367,41.465295],[141.103667,41.46592],[141.103992,41.465987],[141.104267,41.465895],[141.10433,41.465604],[141.104592,41.465512],[141.105067,41.465737],[141.105555,41.466079],[141.105767,41.466145],[141.105855,41.465945],[141.10573,41.465445],[141.105755,41.465287],[141.10603,41.465312],[141.106504,41.465554],[141.107192,41.465762],[141.107292,41.46567],[141.107317,41.465379],[141.106867,41.465237],[141.106629,41.465087],[141.106629,41.465037],[141.106892,41.464995],[141.107379,41.464995],[141.107404,41.46497],[141.107042,41.464695],[141.106804,41.464404],[141.106979,41.464271],[141.107279,41.464137],[141.107367,41.463846],[141.107642,41.463754],[141.107817,41.463887],[141.107967,41.463862],[141.108029,41.463796],[141.108054,41.463571],[141.108354,41.463571],[141.108692,41.463521],[141.108954,41.463704],[141.109142,41.463887],[141.109254,41.463837],[141.109342,41.463571],[141.109317,41.463204],[141.109342,41.463187],[141.109457,41.463324],[141.109533,41.463396],[141.109642,41.463454],[141.109767,41.463479],[141.109667,41.463171],[141.109774,41.463228],[141.110029,41.463321],[141.11025,41.463391],[141.110417,41.463337],[141.110629,41.463246],[141.110695,41.463215],[141.110757,41.463192],[141.110948,41.463161],[141.111167,41.463204],[141.112217,41.463087],[141.112729,41.462996],[141.112841,41.462704],[141.113354,41.462388],[141.113354,41.462121],[141.113104,41.461979],[141.113016,41.461979],[141.112842,41.461804],[141.112779,41.461646],[141.112204,41.461463],[141.111192,41.461104],[141.111167,41.461013],[141.111279,41.460746],[141.111304,41.460338],[141.111479,41.45973],[141.111729,41.459388],[141.112142,41.459096],[141.112529,41.458621],[141.112829,41.457971],[141.113179,41.457671],[141.113629,41.457047],[141.113992,41.456705],[141.114617,41.456338],[141.115182,41.455915],[141.115629,41.455597],[141.116916,41.455214],[141.117329,41.455005],[141.117929,41.454897],[141.117991,41.454847],[141.118016,41.45458],[141.118166,41.454647],[141.118354,41.454872],[141.118654,41.455005],[141.119004,41.455114],[141.119454,41.455522],[141.119754,41.455747],[141.119879,41.455614],[141.119931,41.455242],[141.119966,41.455022],[141.120054,41.454639],[141.119966,41.454305],[141.120079,41.454122],[141.120092,41.453981],[141.120016,41.453789],[141.119991,41.453489],[141.119716,41.453197],[141.119629,41.452956],[141.119991,41.452639],[141.119866,41.452139],[141.119891,41.451172],[141.119979,41.450514],[141.120329,41.449564],[141.121041,41.448464],[141.121404,41.448164],[141.122216,41.447723],[141.123229,41.446731],[141.123666,41.446181],[141.124354,41.445548],[141.124729,41.445073],[141.125304,41.444623],[141.125766,41.444123],[141.126091,41.443665],[141.127216,41.442582],[141.127516,41.442082],[141.127754,41.441965],[141.128116,41.441715],[141.128766,41.44169],[141.129391,41.441307],[141.129904,41.440849],[141.130253,41.440649],[141.130678,41.440599],[141.130703,41.440557],[141.130578,41.440507],[141.130666,41.440241],[141.131503,41.439599],[141.131591,41.439399],[141.131703,41.438791],[141.132266,41.438108],[141.132941,41.437049],[141.133741,41.436208],[141.134428,41.435641],[141.134928,41.43505],[141.135341,41.434783],[141.136628,41.43425],[141.138328,41.4344],[141.139478,41.434367],[141.139766,41.434258],[141.140191,41.434183],[141.141003,41.434333],[141.141565,41.434175],[141.142378,41.433808],[141.143265,41.433217],[141.143853,41.432633],[141.143965,41.432175],[141.144082,41.431968],[141.144353,41.431767],[141.145103,41.431609],[141.145665,41.431267],[141.146678,41.430242],[141.147353,41.429434],[141.14779,41.428417],[141.14844,41.427642],[141.148765,41.426809],[141.148953,41.426334],[141.149266,41.42545],[141.149378,41.425293],[141.149465,41.425184],[141.149515,41.424909],[141.14964,41.424684],[141.150015,41.424168],[141.150465,41.423759],[141.15079,41.423059],[141.152053,41.421601],[141.152503,41.420926],[141.153003,41.420476],[141.153715,41.419901],[141.154215,41.419285],[141.15444,41.419052],[141.154915,41.41876],[141.15519,41.418485],[141.155765,41.418152],[141.156478,41.417385],[141.156778,41.417293],[141.15699,41.417177],[141.157328,41.416818],[141.15804,41.416485],[141.158553,41.416168],[141.159253,41.415669],[141.16024,41.415127],[141.161165,41.414952],[141.162015,41.414935],[141.164202,41.414419],[141.164527,41.414127],[141.164652,41.413561],[141.16504,41.413311],[141.165165,41.413294],[141.166277,41.413519],[141.166452,41.413336],[141.165852,41.412636],[141.166315,41.412252],[141.166365,41.411869],[141.166702,41.411552],[141.167302,41.411694],[141.167452,41.411602],[141.168765,41.412461],[141.169252,41.412127],[141.167752,41.411011],[141.171427,41.408128],[141.172115,41.408678],[141.173852,41.40737],[141.172952,41.406645],[141.173252,41.406445],[141.173315,41.40622],[141.173165,41.406128],[141.172865,41.406036],[141.172865,41.405945],[141.173165,41.405403],[141.173265,41.405195],[141.17329,41.404795],[141.173502,41.404587],[141.174277,41.404253],[141.175215,41.404912],[141.175452,41.404753],[141.17539,41.404637],[141.17669,41.403737],[141.17684,41.403803],[141.17699,41.40372],[141.17674,41.403378],[141.176865,41.403287],[141.177764,41.40392],[141.178364,41.403454],[141.176265,41.40177],[141.176877,41.401254],[141.177077,41.400937],[141.177077,41.400712],[141.177066,41.40053],[141.177327,41.400212],[141.178102,41.399521],[141.180577,41.397154],[141.18094,41.396854],[141.181802,41.396271],[141.182402,41.395688],[141.182977,41.395188],[141.183314,41.394963],[141.18392,41.394376],[141.184514,41.393771],[141.185139,41.392872],[141.185389,41.392738],[141.186164,41.39213],[141.187552,41.390955],[141.188264,41.39048],[141.189014,41.390147],[141.189414,41.389714],[141.190827,41.388639],[141.191577,41.387914],[141.192752,41.387172],[141.192927,41.387064],[141.193864,41.386656],[141.194514,41.386273],[141.195114,41.385756],[141.195727,41.385306],[141.197464,41.38429],[141.198039,41.383681],[141.198639,41.383165],[141.199801,41.382557],[141.201214,41.381798],[141.202176,41.381349],[141.203114,41.380782],[141.204101,41.380265],[141.207401,41.378199],[141.208151,41.377791],[141.209026,41.377408],[141.209476,41.377024],[141.210201,41.376483],[141.212238,41.375383],[141.213413,41.374841],[141.213738,41.374508],[141.214038,41.374375],[141.215001,41.374058],[141.216588,41.373633],[141.218113,41.372917],[141.220188,41.371859],[141.2213,41.371367],[141.222888,41.3708],[141.2249,41.370201],[141.225825,41.369817],[141.22644,41.369492],[141.226937,41.369167],[141.227575,41.368692],[141.228387,41.368401],[141.229637,41.367634],[141.230512,41.367234],[141.23165,41.366876],[141.232612,41.366518],[141.233237,41.366176],[141.234112,41.36586],[141.235675,41.365076],[141.237387,41.364452],[141.239687,41.363527],[141.241824,41.362994],[141.243049,41.362585],[141.244137,41.362252],[141.245299,41.361827],[141.246087,41.361602],[141.247599,41.361186],[141.248649,41.360811],[141.250099,41.360411],[141.255774,41.359136],[141.256986,41.358769],[141.258724,41.358136],[141.259774,41.35767],[141.260936,41.357195],[141.262473,41.356653],[141.263386,41.356395],[141.265461,41.355953],[141.268498,41.355445],[141.269486,41.35512],[141.270948,41.354704],[141.27216,41.354404],[141.27396,41.354012],[141.27561,41.353704],[141.277048,41.353521],[141.278285,41.353312],[141.28066,41.352796],[141.281923,41.352563],[141.282948,41.352421],[141.283897,41.352504],[141.284647,41.352121],[141.285547,41.351888],[141.287647,41.351446],[141.292635,41.35098],[141.297185,41.350705],[141.298672,41.350713],[141.301184,41.350797],[141.302509,41.350905],[141.305234,41.350905],[141.308447,41.350963],[141.309696,41.351047],[141.313359,41.351514],[141.315096,41.351772],[141.316384,41.352055],[141.317533,41.352489],[141.318833,41.352897],[141.320083,41.353239],[141.321246,41.35368],[141.322246,41.354105],[141.322558,41.35413],[141.323733,41.354122],[141.325095,41.35433],[141.32862,41.35463],[141.329695,41.354872],[141.330295,41.355055],[141.334557,41.356205],[141.33587,41.356589],[141.337045,41.357014],[141.337634,41.357249],[141.33827,41.357497],[141.339394,41.35778],[141.341232,41.358364],[141.342632,41.358755],[141.347056,41.360264],[141.352931,41.36238],[141.357256,41.364105],[141.358668,41.36463],[141.360443,41.365438],[141.362293,41.366155],[141.36398,41.366855],[141.367417,41.36818],[141.371355,41.369769],[141.371992,41.36998],[141.374067,41.370805],[141.375354,41.37138],[141.377116,41.372097],[141.379716,41.373005],[141.381528,41.373647],[141.382628,41.373963],[141.386253,41.375163],[141.387603,41.375688],[141.389965,41.37673],[141.392764,41.378021],[141.394514,41.378888],[141.397451,41.380296],[141.399888,41.381713],[141.400638,41.382071],[141.4032,41.383612],[141.403838,41.384112],[141.404188,41.384337],[141.404565,41.384578],[141.4048,41.384821],[141.404938,41.385146],[141.4051,41.385479],[141.405225,41.385704],[141.4054,41.385812],[141.405725,41.385929],[141.406037,41.386029],[141.406162,41.386154],[141.406412,41.386362],[141.406637,41.386512],[141.40685,41.38662],[141.406875,41.386704],[141.407162,41.387104],[141.407425,41.387245],[141.407725,41.387245],[141.407962,41.387562],[141.4083,41.387862],[141.408462,41.387954],[141.408962,41.388404],[141.408787,41.388495],[141.409274,41.388995],[141.409399,41.388945],[141.410012,41.389478],[141.410362,41.390037],[141.410299,41.390303],[141.410387,41.390387],[141.410662,41.390362],[141.410849,41.390495],[141.410999,41.39067],[141.410899,41.390928],[141.410949,41.391037],[141.411361,41.391262],[141.411274,41.391678],[141.412724,41.391845],[141.413349,41.392153],[141.413824,41.392303],[141.414049,41.39242],[141.413924,41.392545],[141.414211,41.39282],[141.414174,41.393036],[141.414298,41.393145],[141.414798,41.393128],[141.414923,41.39322],[141.415211,41.393986],[141.417523,41.394544],[141.418123,41.394994],[141.419673,41.395936],[141.420435,41.396503],[141.42081,41.396953],[141.42121,41.397111],[141.421585,41.397186],[141.42201,41.397511],[141.422272,41.397919],[141.422922,41.398369],[141.423022,41.398827],[141.423297,41.399311],[141.423935,41.399444],[141.424084,41.399586],[141.424234,41.400135],[141.425259,41.400877],[141.425184,41.401227],[141.425197,41.401327],[141.425434,41.401619],[141.425459,41.401752],[141.425797,41.40196],[141.426322,41.402144],[141.426784,41.402427],[141.427134,41.402819],[141.427446,41.403094],[141.427446,41.403169],[141.427559,41.403194],[141.427784,41.40341],[141.427934,41.403419],[141.429234,41.404043],[141.429796,41.40406],[141.430321,41.404227],[141.431508,41.405018],[141.431846,41.405052],[141.432183,41.405193],[141.432721,41.405543],[141.433158,41.405893],[141.433396,41.406343],[141.433758,41.40646],[141.433971,41.406468],[141.434283,41.40681],[141.434771,41.407568],[141.435158,41.407952],[141.433496,41.40926],[141.434058,41.409618],[141.435458,41.40846],[141.436395,41.409126],[141.436658,41.408977],[141.437283,41.40971],[141.437595,41.410251],[141.437858,41.411293],[141.438695,41.412626],[141.439395,41.413001],[141.439882,41.413301],[141.44007,41.413468],[141.440557,41.413884],[141.44102,41.414309],[141.441357,41.414576],[141.441669,41.414809],[141.441932,41.414984],[141.442182,41.415176],[141.442457,41.415368],[141.442744,41.415618],[141.442957,41.415843],[141.443244,41.416084],[141.443457,41.416301],[141.443669,41.416409],[141.443782,41.416468],[141.444044,41.416993],[141.444382,41.417034],[141.444807,41.416926],[141.445169,41.416968],[141.445881,41.417468],[141.446644,41.417918],[141.446706,41.418026],[141.446981,41.418276],[141.447369,41.418818],[141.447858,41.419419],[141.448244,41.419784],[141.448581,41.420201],[141.449106,41.420226],[141.449344,41.420101],[141.449481,41.420117],[141.450231,41.420467],[141.450393,41.420584],[141.450593,41.421192],[141.450868,41.421484],[141.451156,41.421609],[141.451137,41.421759],[141.451118,41.421867],[141.451146,41.422216],[141.451368,41.422392],[141.451756,41.422592],[141.451868,41.422984],[141.452056,41.423409],[141.452443,41.423459],[141.453768,41.423767],[141.454355,41.423934],[141.45473,41.423925],[141.455093,41.424209],[141.455293,41.424667],[141.455505,41.42475],[141.455618,41.424567],[141.455809,41.424628],[141.456003,41.424725],[141.456255,41.42485],[141.456593,41.425117],[141.456993,41.425617],[141.457005,41.426025],[141.457217,41.4265],[141.457517,41.426934],[141.458055,41.427433],[141.458392,41.428],[141.458792,41.428258],[141.459017,41.428517],[141.459105,41.428908],[141.459317,41.429308],[141.459692,41.429542],[141.460004,41.429633],[141.460229,41.429983],[141.460338,41.430247],[141.460517,41.430642],[141.460954,41.431066],[141.461454,41.431158],[141.462217,41.430967],[141.462592,41.430933],[141.462654,41.430875],[141.462804,41.43045],[141.463004,41.430033],[141.463492,41.4296],[141.463854,41.429567],[141.464479,41.429633],[141.464892,41.429642],[141.464992,41.4295],[141.465019,41.429379],[141.465042,41.429217],[141.465039,41.429085],[141.465017,41.428925],[141.464929,41.428859],[141.464154,41.428825],[141.463954,41.428592],[141.464079,41.428225],[141.464079,41.427809],[141.463917,41.427634],[141.463929,41.427334],[141.464142,41.427217],[141.464317,41.426992],[141.464317,41.4269],[141.464154,41.426742],[141.463954,41.426692],[141.463954,41.426267],[141.464042,41.4259],[141.464117,41.425834],[141.464454,41.42585],[141.464767,41.425684],[141.464817,41.425626],[141.464742,41.425409],[141.464292,41.425409],[141.463842,41.425242],[141.463642,41.424834],[141.463567,41.424517],[141.46358,41.424417],[141.463692,41.424242],[141.463792,41.423859],[141.46378,41.423767],[141.463992,41.423392],[141.464267,41.423276],[141.464592,41.422826],[141.46463,41.422701],[141.464917,41.422301],[141.465292,41.422093],[141.46573,41.421359],[141.466242,41.420726],[141.466904,41.420501],[141.467079,41.420285],[141.467017,41.419993],[141.467254,41.41986],[141.467367,41.41986],[141.467829,41.419693],[141.468179,41.419426],[141.468458,41.419213],[141.468629,41.418943],[141.468929,41.41871],[141.468854,41.418426],[141.468392,41.418535],[141.468367,41.41836],[141.468079,41.418118],[141.467617,41.417951],[141.465767,41.417776],[141.464705,41.417843],[141.463855,41.417751],[141.46258,41.417293],[141.46228,41.417093],[141.461718,41.41651],[141.461118,41.415577],[141.46093,41.415043],[141.46098,41.414452],[141.46078,41.413927],[141.460468,41.41336],[141.460018,41.41191],[141.460018,41.411394],[141.460356,41.410852],[141.460368,41.41036],[141.460268,41.409794],[141.460306,41.409161],[141.460493,41.408586],[141.460793,41.407877],[141.460893,41.407244],[141.460893,41.406694],[141.460981,41.406203],[141.461131,41.405969],[141.461356,41.405844],[141.461706,41.405361],[141.461768,41.405044],[141.462043,41.404603],[141.463006,41.403578],[141.463356,41.40307],[141.463568,41.402595],[141.463556,41.402153],[141.463243,41.401811],[141.462019,41.40152],[141.461394,41.401311],[141.460481,41.401286],[141.459844,41.40142],[141.459231,41.401611],[141.458169,41.402353],[141.457806,41.402395],[141.457344,41.402345],[141.456906,41.40222],[141.456544,41.402045],[141.456119,41.401811],[141.455832,41.401578],[141.455519,41.401303],[141.455207,41.400961],[141.454957,41.400703],[141.454782,41.400486],[141.454594,41.400153],[141.454432,41.399753],[141.454357,41.399336],[141.454319,41.398903],[141.454307,41.39837],[141.454269,41.398045],[141.454319,41.397837],[141.454382,41.397653],[141.454507,41.397487],[141.454394,41.397362],[141.453994,41.397028],[141.45372,41.396837],[141.453457,41.396703],[141.45319,41.39651],[141.452895,41.396228],[141.45287,41.395978],[141.452945,41.39562],[141.45302,41.395345],[141.453107,41.395029],[141.45317,41.394779],[141.45322,41.394604],[141.45342,41.394479],[141.453907,41.394212],[141.45437,41.394079],[141.454391,41.39393],[141.45437,41.39372],[141.45547,41.392871],[141.455745,41.392521],[141.45592,41.392421],[141.456257,41.392429],[141.456507,41.392487],[141.456807,41.392379],[141.456832,41.392096],[141.45697,41.391829],[141.457774,41.391498],[141.458057,41.391212],[141.458282,41.390863],[141.458369,41.390521],[141.458669,41.390154],[141.458944,41.389971],[141.459382,41.389963],[141.459544,41.389913],[141.459944,41.389579],[141.460407,41.389363],[141.460669,41.389205],[141.460669,41.388913],[141.460532,41.388696],[141.460757,41.38828],[141.460832,41.387655],[141.460769,41.387305],[141.46047,41.387213],[141.460057,41.387046],[141.459757,41.386788],[141.45957,41.386405],[141.459345,41.386321],[141.45902,41.38613],[141.458757,41.385855],[141.458795,41.385213],[141.45897,41.384922],[141.45957,41.384547],[141.459757,41.38438],[141.459695,41.384188],[141.458682,41.383788],[141.458532,41.38353],[141.458595,41.383439],[141.45877,41.383339],[141.458795,41.383214],[141.458795,41.382039],[141.458845,41.381922],[141.45902,41.38188],[141.459195,41.38153],[141.459507,41.381239],[141.459686,41.38114],[141.459907,41.381056],[141.460332,41.380997],[141.460282,41.380764],[141.459858,41.380422],[141.45952,41.380072],[141.45917,41.379097],[141.458895,41.378931],[141.458783,41.378997],[141.458895,41.379306],[141.458858,41.379356],[141.45882,41.379347],[141.458633,41.379056],[141.458583,41.378589],[141.458358,41.378181],[141.457983,41.377889],[141.457558,41.377639],[141.457108,41.377614],[141.456483,41.377748],[141.455133,41.377631],[141.454933,41.377498],[141.455208,41.377431],[141.455183,41.377264],[141.455021,41.377198],[141.455621,41.376464],[141.456058,41.375723],[141.455896,41.375431],[141.455546,41.375123],[141.455458,41.375106],[141.453825,41.374983],[141.453458,41.374898],[141.453146,41.374798],[141.453026,41.374698],[141.452896,41.374523],[141.452634,41.374431],[141.452546,41.374431],[141.451959,41.374123],[141.451659,41.373998],[141.451421,41.374015],[141.451359,41.373981],[141.451459,41.373765],[141.451309,41.373698],[141.451184,41.37374],[141.450859,41.374115],[141.450684,41.37404],[141.450521,41.373948],[141.450359,41.373731],[141.450234,41.373531],[141.450171,41.37339],[141.450084,41.373231],[141.449871,41.372623],[141.449521,41.372348],[141.449646,41.372257],[141.449584,41.37209],[141.449522,41.372073],[141.449659,41.371632],[141.450221,41.371657],[141.450684,41.370507],[141.450809,41.37019],[141.450747,41.369932],[141.450272,41.370074],[141.450034,41.370124],[141.449484,41.37014],[141.449059,41.37004],[141.449059,41.369932],[141.449217,41.369832],[141.449383,41.369753],[141.449609,41.369615],[141.449671,41.369473],[141.44971,41.369295],[141.449793,41.369122],[141.449859,41.36904],[141.449934,41.368924],[141.449909,41.368815],[141.449797,41.368724],[141.449659,41.368524],[141.449584,41.368399],[141.449447,41.368299],[141.449297,41.368332],[141.449072,41.368491],[141.448922,41.368674],[141.448072,41.368166],[141.447472,41.367757],[141.446872,41.366974],[141.44621,41.365699],[141.445747,41.365208],[141.445585,41.364983],[141.44536,41.364374],[141.445273,41.363899],[141.444923,41.363399],[141.444685,41.362983],[141.444635,41.36235],[141.444473,41.362091],[141.444285,41.361875],[141.444148,41.361083],[141.443898,41.360716],[141.443573,41.360417],[141.443411,41.3602],[141.443061,41.359292],[141.442861,41.358025],[141.442649,41.3577],[141.442299,41.357259],[141.442149,41.356117],[141.441574,41.355292],[141.441424,41.354592],[141.441374,41.354067],[141.441237,41.353459],[141.440837,41.352626],[141.440499,41.352084],[141.440362,41.351018],[141.440225,41.350634],[141.440137,41.350518],[141.43985,41.349951],[141.439725,41.349243],[141.43975,41.348426],[141.439563,41.347918],[141.439225,41.347443],[141.438788,41.345793],[141.438638,41.344644],[141.438401,41.34426],[141.438163,41.343735],[141.438088,41.343427],[141.438038,41.34296],[141.437863,41.342244],[141.437451,41.341477],[141.437238,41.340652],[141.437014,41.340302],[141.436414,41.338827],[141.436289,41.338261],[141.436039,41.337611],[141.435914,41.337086],[141.435639,41.336419],[141.435277,41.335361],[141.435152,41.334919],[141.434964,41.333944],[141.434552,41.331936],[141.433927,41.330945],[141.433677,41.330495],[141.433477,41.329895],[141.433102,41.328003],[141.432578,41.326037],[141.43234,41.325353],[141.432103,41.324212],[141.432015,41.323612],[141.431815,41.32312],[141.431178,41.322104],[141.430891,41.32112],[141.430254,41.318329],[141.429741,41.316812],[141.429466,41.315846],[141.427992,41.312154],[141.427804,41.311412],[141.427517,41.309512],[141.427354,41.308721],[141.427204,41.308404],[141.427104,41.307879],[141.426542,41.306554],[141.426092,41.305612],[141.425517,41.304279],[141.425117,41.302896],[141.424692,41.301312],[141.423579,41.297687],[141.423317,41.297054],[141.422954,41.295221],[141.422779,41.294546],[141.421942,41.292754],[141.421755,41.291837],[141.42158,41.291207],[141.421517,41.290771],[141.421505,41.290354],[141.421342,41.289621],[141.421055,41.289171],[141.42098,41.288538],[141.420755,41.287788],[141.420355,41.286929],[141.420055,41.286413],[141.420005,41.286029],[141.419792,41.285146],[141.419743,41.284763],[141.41913,41.283371],[141.418893,41.282721],[141.41873,41.28248],[141.41843,41.281421],[141.418505,41.280913],[141.418268,41.280097],[141.417893,41.279205],[141.417693,41.278913],[141.417593,41.278597],[141.417505,41.278063],[141.416393,41.27488],[141.416256,41.274339],[141.416068,41.27383],[141.415843,41.273372],[141.414881,41.270306],[141.414743,41.269731],[141.414294,41.268506],[141.414019,41.267422],[141.413456,41.265798],[141.413369,41.265606],[141.413294,41.265023],[141.413031,41.264273],[141.412831,41.263123],[141.412606,41.262556],[141.412306,41.26134],[141.411269,41.258165],[141.410757,41.256557],[141.410607,41.255923],[141.410369,41.255298],[141.410257,41.254857],[141.409619,41.25344],[141.409244,41.252574],[141.409044,41.252115],[141.408507,41.250207],[141.407995,41.248915],[141.407916,41.248686],[141.407807,41.248482],[141.40772,41.247941],[141.407257,41.246682],[141.406832,41.245166],[141.40652,41.244341],[141.406232,41.243158],[141.405457,41.240525],[141.405457,41.240008],[141.404945,41.2375],[141.404633,41.23615],[141.404008,41.232725],[141.40397,41.232217],[141.403683,41.231034],[141.403495,41.229951],[141.403295,41.229609],[141.403133,41.228384],[141.403058,41.227243],[141.403208,41.225435],[141.40312,41.224743],[141.403041,41.224436],[141.402881,41.224003],[141.40277,41.223527],[141.402633,41.223185],[141.40242,41.221769],[141.402295,41.220469],[141.402096,41.219902],[141.401383,41.218686],[141.401171,41.218044],[141.401033,41.21627],[141.400808,41.215178],[141.400708,41.214895],[141.400671,41.214545],[141.400083,41.212987],[141.399646,41.211295],[141.399421,41.210979],[141.399279,41.210677],[141.399133,41.210221],[141.398958,41.209696],[141.398746,41.208529],[141.398671,41.208321],[141.398509,41.207154],[141.398271,41.206554],[141.398271,41.206163],[141.397984,41.20403],[141.397684,41.202597],[141.397609,41.202055],[141.397596,41.201622],[141.397296,41.200247],[141.397184,41.199839],[141.397034,41.199639],[141.396951,41.199506],[141.396859,41.199314],[141.396709,41.19913],[141.396421,41.19888],[141.396359,41.19878],[141.396171,41.198181],[141.396059,41.197306],[141.395921,41.196831],[141.395197,41.195581],[141.394447,41.193898],[141.394097,41.192881],[141.393759,41.19129],[141.393422,41.190573],[141.393322,41.189823],[141.39251,41.186082],[141.392147,41.185015],[141.391923,41.183824],[141.391698,41.182882],[141.391623,41.181791],[141.391435,41.180833],[141.39136,41.180641],[141.39131,41.180174],[141.391298,41.179224],[141.391148,41.178774],[141.390973,41.178541],[141.390811,41.176958],[141.390673,41.1765],[141.390373,41.174767],[141.390261,41.173383],[141.390311,41.172975],[141.390261,41.172475],[141.390143,41.171927],[141.390086,41.171359],[141.389936,41.170492],[141.389947,41.169941],[141.389986,41.169517],[141.389861,41.168909],[141.389699,41.167984],[141.389424,41.167267],[141.389449,41.166542],[141.389499,41.166159],[141.389424,41.165601],[141.389699,41.164559],[141.389699,41.164176],[141.389612,41.163751],[141.389474,41.161043],[141.389312,41.160593],[141.389249,41.160301],[141.389222,41.160109],[141.389199,41.159826],[141.388999,41.15866],[141.388837,41.157352],[141.388812,41.155702],[141.388862,41.155344],[141.388787,41.155185],[141.388862,41.154919],[141.388925,41.154535],[141.388862,41.154194],[141.388862,41.153769],[141.388725,41.152952],[141.388762,41.152461],[141.388862,41.151919],[141.388812,41.151577],[141.388975,41.150702],[141.388925,41.150119],[141.38895,41.149686],[141.389088,41.149486],[141.389063,41.148761],[141.389175,41.148586],[141.389138,41.148244],[141.389088,41.148203],[141.389088,41.147978],[141.389388,41.147003],[141.38955,41.146378],[141.389663,41.146011],[141.38955,41.145628],[141.389575,41.145228],[141.3901,41.144078],[141.390213,41.143986],[141.390263,41.143736],[141.390488,41.143486],[141.390463,41.143328],[141.39035,41.143195],[141.390463,41.143002],[141.390601,41.142811],[141.390763,41.142361],[141.391013,41.141053],[141.391063,41.140828],[141.391526,41.138712],[141.391588,41.137562],[141.391888,41.13677],[141.391976,41.136728],[141.392526,41.136703],[141.392626,41.136678],[141.392276,41.134629],[141.391801,41.133479],[141.391432,41.133374],[141.391636,41.132855],[141.391801,41.132445],[141.392326,41.132604],[141.393814,41.131679],[141.394389,41.131721],[141.394526,41.131812],[141.394576,41.132037],[141.394689,41.132196],[141.395051,41.132462],[141.395401,41.132621],[141.395514,41.132646],[141.395851,41.132621],[141.395989,41.132487],[141.395876,41.132104],[141.395601,41.131854],[141.395464,41.131604],[141.395376,41.131179],[141.395214,41.130904],[141.394889,41.130796],[141.394776,41.130821],[141.394439,41.130821],[141.394251,41.130754],[141.394251,41.130637],[141.394501,41.130546],[141.394914,41.130612],[141.395076,41.130571],[141.395126,41.130387],[141.395239,41.130387],[141.395351,41.130454],[141.395626,41.130546],[141.395789,41.130479],[141.395814,41.130437],[141.395676,41.130162],[141.395376,41.130004],[141.395189,41.130029],[141.394964,41.129987],[141.394576,41.130029],[141.394526,41.129962],[141.394526,41.129829],[141.394576,41.129762],[141.394689,41.129737],[141.394751,41.129762],[141.394939,41.129762],[141.395101,41.129687],[141.395101,41.129554],[141.394939,41.129462],[141.394639,41.129221],[141.394714,41.129129],[141.395326,41.129104],[141.395514,41.129037],[141.395764,41.129062],[141.395951,41.128721],[141.395926,41.128471],[141.395764,41.128363],[141.395601,41.128338],[141.395676,41.128046],[141.395789,41.128004],[141.395839,41.128021],[141.396176,41.127929],[141.396251,41.127729],[141.396289,41.127529],[141.395976,41.127279],[141.395901,41.127254],[141.395926,41.127121],[141.396314,41.127188],[141.396501,41.127254],[141.396614,41.127188],[141.396589,41.126896],[141.396639,41.126829],[141.396639,41.126671],[141.396251,41.126696],[141.396389,41.126421],[141.396364,41.126288],[141.396226,41.126246],[141.396089,41.126263],[141.395951,41.126396],[141.395814,41.126421],[141.395764,41.126246],[141.395839,41.126154],[141.396014,41.126038],[141.396039,41.125971],[141.395839,41.125879],[141.395814,41.125704],[141.395739,41.125563],[141.395539,41.125479],[141.395514,41.125413],[141.395951,41.125204],[141.395976,41.125004],[141.395789,41.124913],[141.395326,41.124821],[141.395376,41.124729],[141.395426,41.124713],[141.395464,41.124621],[141.395289,41.124463],[141.395051,41.124346],[141.394852,41.124121],[141.394664,41.123763],[141.394277,41.123246],[141.394089,41.122771],[141.394302,41.122663],[141.394364,41.122455],[141.394302,41.122346],[141.394052,41.122121],[141.394089,41.122071],[141.394714,41.121846],[141.394739,41.12178],[141.394689,41.121646],[141.394527,41.121513],[141.394502,41.121421],[141.394527,41.121305],[141.394777,41.121238],[141.394852,41.121038],[141.394602,41.120655],[141.394577,41.12023],[141.394139,41.119463],[141.393952,41.118897],[141.393614,41.11883],[141.393502,41.118672],[141.393539,41.117905],[141.393777,41.117613],[141.393752,41.117497],[141.393702,41.11748],[141.393639,41.117297],[141.393839,41.11658],[141.393289,41.115655],[141.393314,41.115222],[141.393502,41.115088],[141.393477,41.11493],[141.393289,41.114838],[141.393202,41.114863],[141.393227,41.114505],[141.393202,41.114372],[141.393014,41.114255],[141.392977,41.114164],[141.393114,41.11378],[141.393152,41.113289],[141.393202,41.113147],[141.393702,41.112947],[141.393914,41.112814],[141.394027,41.11238],[141.394002,41.112155],[141.393777,41.112022],[141.393589,41.11153],[141.393564,41.110805],[141.393639,41.110647],[141.393639,41.110381],[141.393702,41.110156],[141.393702,41.109747],[141.393889,41.109431],[141.393864,41.108889],[141.393914,41.108331],[141.393889,41.107989],[141.393964,41.107631],[141.393889,41.107422],[141.393914,41.107247],[141.393802,41.106814],[141.393864,41.106656],[141.394052,41.106639],[141.394327,41.106656],[141.394189,41.105439],[141.393665,41.105106],[141.394327,41.103731],[141.39304,41.103323],[141.393752,41.101923],[141.394352,41.101906],[141.39479,41.101023],[141.394102,41.10114],[141.394004,41.1012],[141.393827,41.101073],[141.39394,41.10019],[141.394302,41.100123],[141.394165,41.099806],[141.394377,41.09949],[141.39564,41.099106],[141.395477,41.099873],[141.396964,41.100573],[141.396939,41.10064],[141.397239,41.100706],[141.397652,41.100573],[141.397977,41.100548],[141.398277,41.100573],[141.398502,41.100523],[141.398552,41.100456],[141.398614,41.10019],[141.398502,41.100006],[141.398539,41.099653],[141.398752,41.098765],[141.398889,41.098473],[141.398939,41.098223],[141.398889,41.097932],[141.398689,41.097615],[141.398064,41.096873],[141.397427,41.096448],[141.397315,41.096407],[141.397265,41.096315],[141.397315,41.094507],[141.397102,41.09374],[141.397152,41.093315],[141.396765,41.092774],[141.396577,41.092365],[141.39649,41.092074],[141.39674,41.091515],[141.39674,41.091265],[141.396465,41.090882],[141.396277,41.090686],[141.39594,41.090457],[141.395873,41.090328],[141.395965,41.090207],[141.396002,41.089849],[141.395965,41.089441],[141.395865,41.089307],[141.395502,41.089057],[141.394653,41.086941],[141.394403,41.085991],[141.39404,41.085407],[141.39364,41.083758],[141.393503,41.083099],[141.393003,41.081333],[141.392678,41.079383],[141.392503,41.078716],[141.392278,41.0782],[141.392166,41.077583],[141.392116,41.076316],[141.391953,41.075725],[141.391741,41.075233],[141.391428,41.07355],[141.391453,41.073417],[141.391366,41.07255],[141.391328,41.071792],[141.391366,41.070934],[141.391291,41.070192],[141.390966,41.06895],[141.390978,41.068642],[141.390816,41.067209],[141.390604,41.065709],[141.390591,41.064426],[141.390329,41.063309],[141.390354,41.062684],[141.390291,41.061834],[141.390154,41.060893],[141.389916,41.060209],[141.389729,41.058726],[141.389716,41.057851],[141.389566,41.056684],[141.389241,41.054935],[141.389129,41.053168],[141.389104,41.051951],[141.388779,41.050835],[141.388728,41.050071],[141.388717,41.049718],[141.388699,41.049441],[141.388629,41.049177],[141.388467,41.04801],[141.388229,41.047168],[141.388004,41.046602],[141.388029,41.046093],[141.388229,41.045577],[141.388379,41.045394],[141.38833,41.045162],[141.388217,41.044935],[141.388129,41.04451],[141.388117,41.043902],[141.387842,41.04231],[141.387854,41.040761],[141.387542,41.039627],[141.387379,41.038661],[141.387342,41.037552],[141.387379,41.036977],[141.387242,41.035928],[141.387192,41.034361],[141.386979,41.032836],[141.386817,41.031728],[141.386729,41.030228],[141.386717,41.029553],[141.38643,41.026845],[141.386417,41.026145],[141.386255,41.025403],[141.386155,41.024512],[141.38618,41.022245],[141.386217,41.021512],[141.386055,41.020629],[141.385967,41.018895],[141.385842,41.017821],[141.385792,41.016762],[141.385817,41.016137],[141.385605,41.015271],[141.38558,41.014379],[141.385592,41.012488],[141.38558,41.010479],[141.385492,41.00958],[141.385458,41.009388],[141.385442,41.009088],[141.38553,41.008213],[141.385467,41.007746],[141.385422,41.00754],[141.385367,41.007263],[141.385405,41.006455],[141.38538,41.006022],[141.385442,41.00523],[141.385417,41.004447],[141.385505,41.003972],[141.385442,41.002947],[141.385392,41.00248],[141.385405,41.002172],[141.385467,41.001747],[141.385492,41.001555],[141.385517,41.001314],[141.38553,41.000964],[141.385542,41.000672],[141.385555,41.000372],[141.385542,41.000047],[141.38548,40.999756],[141.385442,40.999572],[141.38543,40.999397],[141.38538,40.999197],[141.38538,40.998906],[141.385367,40.998681],[141.385355,40.998389],[141.38533,40.998056],[141.385342,40.997856],[141.385367,40.997623],[141.385355,40.997148],[141.385305,40.996814],[141.385305,40.996364],[141.38533,40.996189],[141.385367,40.996031],[141.385405,40.995756],[141.385405,40.995515],[141.385367,40.995265],[141.385355,40.994956],[141.385367,40.994731],[141.385342,40.994423],[141.38538,40.994248],[141.385392,40.993956],[141.385392,40.993682],[141.385405,40.993465],[141.38543,40.993132],[141.385455,40.992882],[141.38548,40.99254],[141.38543,40.992148],[141.385405,40.991998],[141.385367,40.991699],[141.385355,40.99134],[141.385317,40.99114],[141.385292,40.990765],[141.38533,40.99049],[141.385392,40.990182],[141.385417,40.989915],[141.38548,40.989657],[141.385517,40.989432],[141.38553,40.989241],[141.38553,40.989074],[141.385417,40.988699],[141.38538,40.988457],[141.38538,40.988157],[141.385387,40.987929],[141.385378,40.987791],[141.385355,40.987607],[141.385367,40.987507],[141.385367,40.987449],[141.385355,40.987383],[141.385316,40.987313],[141.38528,40.987241],[141.385267,40.987158],[141.38523,40.987049],[141.385205,40.986899],[141.385168,40.986791],[141.38518,40.986599],[141.385155,40.986391],[141.385155,40.986166],[141.385168,40.985908],[141.38518,40.985683],[141.385168,40.985508],[141.38518,40.985399],[141.385168,40.985208],[141.38518,40.985116],[141.38518,40.984925],[141.385205,40.984725],[141.385205,40.984533],[141.385218,40.984366],[141.385205,40.984191],[141.385168,40.983958],[141.385193,40.983725],[141.385218,40.983516],[141.385193,40.98335],[141.38518,40.983158],[141.385193,40.9829],[141.385218,40.982717],[141.385268,40.982517],[141.385243,40.9824],[141.385168,40.982292],[141.385093,40.982167],[141.385068,40.981975],[141.385143,40.981792],[141.38508,40.9816],[141.384955,40.9815],[141.38493,40.981383],[141.384943,40.981283],[141.384868,40.981125],[141.384843,40.981008],[141.38488,40.980867],[141.384968,40.980642],[141.38503,40.980459],[141.385105,40.980175],[141.385168,40.979909],[141.38518,40.9797],[141.38513,40.979517],[141.385068,40.979409],[141.385055,40.979325],[141.38508,40.979217],[141.385143,40.979059],[141.385155,40.978834],[141.385155,40.978659],[141.38513,40.978576],[141.38508,40.978434],[141.385068,40.978326],[141.385093,40.978159],[141.385093,40.978101],[141.385118,40.977717],[141.385143,40.977467],[141.38513,40.977226],[141.38508,40.976992],[141.385043,40.976734],[141.384968,40.976426],[141.38493,40.976218],[141.384893,40.975976],[141.384893,40.975784],[141.384905,40.975584],[141.384943,40.975393],[141.384968,40.975126],[141.385005,40.974859],[141.38508,40.974509],[141.385193,40.974343],[141.385368,40.974151],[141.385443,40.973885],[141.385405,40.973718],[141.385418,40.973526],[141.38548,40.973326],[141.385568,40.973135],[141.385668,40.972951],[141.385793,40.972726],[141.38583,40.972593],[141.385743,40.972535],[141.385593,40.972443],[141.38548,40.972335],[141.38543,40.97221],[141.38538,40.972035],[141.385343,40.971901],[141.385293,40.971835],[141.385243,40.971668],[141.385255,40.971535],[141.385305,40.97146],[141.38543,40.971343],[141.38543,40.971177],[141.38533,40.971043],[141.38533,40.970927],[141.385393,40.97081],[141.385455,40.970718],[141.385555,40.97056],[141.38563,40.970443],[141.385705,40.970277],[141.38578,40.97016],[141.385818,40.970027],[141.385843,40.969918],[141.389518,40.969794],[141.389643,40.968285],[141.39118,40.966211],[141.390918,40.966102],[141.389343,40.968194],[141.389355,40.96911],[141.385893,40.96911],[141.385931,40.967119],[141.386033,40.966959],[141.386181,40.966783],[141.386431,40.966461],[141.386568,40.966502],[141.386731,40.966461],[141.386881,40.966327],[141.386943,40.966186],[141.386931,40.966027],[141.386993,40.965919],[141.387018,40.965811],[141.386968,40.965636],[141.386968,40.965544],[141.386981,40.965327],[141.387043,40.965186],[141.387156,40.964978],[141.387243,40.964853],[141.387331,40.964694],[141.387406,40.964544],[141.387518,40.964394],[141.387643,40.964253],[141.387693,40.964153],[141.387706,40.964069],[141.387593,40.964003],[141.387343,40.963894],[141.387193,40.963853],[141.387106,40.963761],[141.387131,40.963678],[141.387193,40.963586],[141.387193,40.963469],[141.387181,40.963411],[141.387156,40.963303],[141.387106,40.963211],[141.387043,40.963103],[141.386956,40.962953],[141.386906,40.962703],[141.386893,40.962545],[141.386868,40.96237],[141.386831,40.962195],[141.386793,40.96202],[141.386768,40.961836],[141.386731,40.961628],[141.386756,40.961453],[141.386768,40.961311],[141.386768,40.961095],[141.386768,40.960961],[141.386731,40.96087],[141.386756,40.960795],[141.386756,40.960628],[141.386743,40.96042],[141.386668,40.960178],[141.386556,40.959878],[141.386531,40.959653],[141.386568,40.95942],[141.386631,40.95922],[141.386668,40.959053],[141.386731,40.958795],[141.386718,40.958612],[141.386656,40.958412],[141.386556,40.958162],[141.386506,40.957878],[141.386481,40.957687],[141.386456,40.957445],[141.386443,40.957179],[141.386468,40.957012],[141.386506,40.956937],[141.386568,40.956745],[141.386656,40.956462],[141.386706,40.956195],[141.386681,40.955837],[141.386643,40.955595],[141.386581,40.955379],[141.386543,40.955212],[141.386556,40.955004],[141.386568,40.954946],[141.386656,40.954871],[141.386706,40.954746],[141.386618,40.954529],[141.386431,40.954404],[141.386281,40.954221],[141.386293,40.954104],[141.386381,40.953787],[141.386394,40.953579],[141.386444,40.953421],[141.386481,40.953138],[141.386456,40.952854],[141.386456,40.952646],[141.386519,40.952413],[141.386569,40.952163],[141.386556,40.951779],[141.386544,40.951696],[141.386569,40.951513],[141.386569,40.951129],[141.386594,40.950821],[141.386581,40.95058],[141.386556,40.950455],[141.386519,40.95033],[141.386481,40.950155],[141.386506,40.950063],[141.386569,40.949913],[141.386594,40.949721],[141.386606,40.949513],[141.386631,40.949396],[141.386694,40.949055],[141.386731,40.948896],[141.386781,40.948572],[141.386756,40.948205],[141.386731,40.947855],[141.386706,40.947772],[141.386756,40.947447],[141.386794,40.94713],[141.386856,40.94693],[141.386944,40.946705],[141.387006,40.946555],[141.387094,40.946389],[141.387219,40.946422],[141.387271,40.946348],[141.387306,40.946189],[141.387281,40.946097],[141.387281,40.94593],[141.387269,40.945822],[141.387219,40.94558],[141.387181,40.94548],[141.387156,40.945264],[141.387131,40.944905],[141.387119,40.944714],[141.387119,40.944589],[141.387106,40.944431],[141.387094,40.944256],[141.387069,40.943897],[141.387044,40.943647],[141.387044,40.943439],[141.387031,40.943314],[141.386981,40.943131],[141.386956,40.942781],[141.386956,40.942472],[141.387019,40.941989],[141.387019,40.941739],[141.387019,40.941598],[141.387019,40.941223],[141.387006,40.941048],[141.386969,40.940781],[141.386931,40.940298],[141.386931,40.940015],[141.386931,40.93979],[141.386906,40.939456],[141.386919,40.939215],[141.386944,40.939031],[141.386944,40.938765],[141.386944,40.938623],[141.386994,40.938407],[141.387044,40.938132],[141.387106,40.937782],[141.387169,40.937382],[141.387206,40.937248],[141.387244,40.937057],[141.387269,40.936815],[141.387319,40.936557],[141.387331,40.936424],[141.387419,40.936249],[141.387519,40.93599],[141.387644,40.935582],[141.387744,40.935324],[141.387819,40.935124],[141.387919,40.93484],[141.388081,40.934432],[141.388256,40.934074],[141.388419,40.933774],[141.388519,40.933582],[141.388669,40.933257],[141.388819,40.932932],[141.388894,40.932758],[141.388981,40.932533],[141.389119,40.932233],[141.389294,40.931866],[141.389419,40.931591],[141.389506,40.931424],[141.389544,40.931366],[141.389656,40.931158],[141.389731,40.930983],[141.389894,40.930758],[141.390056,40.930583],[141.390131,40.930491],[141.390294,40.930291],[141.390369,40.930175],[141.390403,40.930039],[141.390444,40.929866],[141.390469,40.929775],[141.390519,40.929533],[141.390569,40.929341],[141.390594,40.92925],[141.390644,40.929058],[141.390706,40.929],[141.390781,40.928917],[141.390869,40.92885],[141.390931,40.928783],[141.391169,40.928558],[141.391281,40.928467],[141.391394,40.928408],[141.391606,40.928325],[141.388657,40.928275],[141.387007,40.9299],[141.386869,40.930016],[141.386682,40.930141],[141.386219,40.9302],[141.385869,40.930191],[141.385719,40.9302],[141.385494,40.930183],[141.385232,40.930133],[141.385207,40.930016],[141.386544,40.928741],[141.385482,40.928691],[141.385532,40.928308],[141.386644,40.928325],[141.386915,40.928372],[141.387144,40.928192],[141.387069,40.924309],[141.390494,40.924259],[141.390569,40.923759],[141.391244,40.923792],[141.391256,40.923701],[141.391206,40.923476],[141.391181,40.923359],[141.391169,40.923276],[141.391094,40.922984],[141.391069,40.922818],[141.391044,40.922668],[141.391006,40.922459],[141.390944,40.922268],[141.390757,40.922051],[141.390669,40.922001],[141.390569,40.921884],[141.390519,40.921718],[141.390469,40.921493],[141.390369,40.921193],[141.390357,40.920959],[141.390344,40.920785],[141.390407,40.920651],[141.390469,40.920535],[141.390569,40.920351],[141.390582,40.920093],[141.390557,40.91991],[141.390507,40.919701],[141.390507,40.919518],[141.390507,40.919376],[141.390407,40.919343],[141.389532,40.919026],[141.389569,40.918393],[141.389982,40.914585],[141.390057,40.914427],[141.390257,40.913727],[141.390444,40.912535],[141.390582,40.910011],[141.390832,40.906903],[141.390832,40.906069],[141.391044,40.90447],[141.391107,40.904353],[141.391106,40.904153],[141.391269,40.902911],[141.391456,40.902011],[141.391569,40.90122],[141.391706,40.899595],[141.391731,40.898428],[141.391894,40.897637],[141.392194,40.89662],[141.392419,40.892454],[141.393019,40.887896],[141.393244,40.886705],[141.393431,40.884997],[141.393681,40.883663],[141.393931,40.88258],[141.394119,40.880689],[141.394144,40.879314],[141.394306,40.877506],[141.394644,40.875523],[141.394669,40.874623],[141.394781,40.873656],[141.395081,40.872281],[141.395019,40.871715],[141.395381,40.870007],[141.395406,40.869398],[141.395906,40.86599],[141.395931,40.865315],[141.395906,40.864616],[141.396044,40.863849],[141.396069,40.863107],[141.396256,40.862407],[141.396443,40.861063],[141.396506,40.860474],[141.396444,40.859883],[141.396756,40.858375],[141.396756,40.8577],[141.397269,40.8536],[141.397381,40.853142],[141.397494,40.852942],[141.397569,40.852042],[141.397544,40.8513],[141.397494,40.850959],[141.397656,40.849492],[141.397731,40.849176],[141.397794,40.848409],[141.397906,40.847734],[141.397981,40.847559],[141.398231,40.846184],[141.398719,40.845193],[141.399106,40.844376],[141.399194,40.843901],[141.399219,40.84341],[141.399169,40.84291],[141.399269,40.841785],[141.399681,40.840252],[141.399794,40.839535],[141.399706,40.838719],[141.400231,40.836561],[141.400344,40.836019],[141.400356,40.834994],[141.400469,40.833586],[141.400719,40.832178],[141.400769,40.83102],[141.401144,40.829195],[141.401419,40.827112],[141.401644,40.82577],[141.401869,40.823946],[141.402069,40.822829],[141.402557,40.820929],[141.402744,40.819779],[141.403069,40.816738],[141.403182,40.816188],[141.403307,40.81593],[141.403469,40.815105],[141.403819,40.812464],[141.404144,40.810797],[141.404269,40.809848],[141.404532,40.809014],[141.404819,40.807073],[141.405019,40.80599],[141.405307,40.803324],[141.405707,40.801249],[141.406232,40.798708],[141.406457,40.796966],[141.40677,40.795533],[141.40692,40.794516],[141.406945,40.794491],[141.407045,40.793792],[141.40782,40.789984],[141.408232,40.788042],[141.408282,40.787776],[141.40837,40.787559],[141.408633,40.786318],[141.408733,40.785501],[141.409008,40.784226],[141.409408,40.78226],[141.409608,40.781477],[141.410133,40.778227],[141.410495,40.776686],[141.410808,40.774519],[141.411495,40.770886],[141.411783,40.769953],[141.412045,40.769262],[141.41232,40.767778],[141.412558,40.76597],[141.412758,40.765162],[141.413008,40.764462],[141.413158,40.763629],[141.413171,40.763404],[141.413321,40.762604],[141.413433,40.761687],[141.414021,40.759871],[141.415033,40.755255],[141.415433,40.752697],[141.415958,40.751247],[141.416046,40.750689],[141.416158,40.750322],[141.416296,40.749764],[141.416421,40.749089],[141.416633,40.748356],[141.416702,40.748095],[141.416746,40.747764],[141.416794,40.747434],[141.416821,40.747097],[141.416833,40.746764],[141.416934,40.746448],[141.416934,40.746098],[141.416921,40.745798],[141.417196,40.744864],[141.417296,40.744281],[141.417459,40.743831],[141.417534,40.743356],[141.417621,40.743006],[141.417884,40.74214],[141.418034,40.741598],[141.418096,40.740848],[141.418171,40.740507],[141.418271,40.740048],[141.418359,40.739715],[141.418409,40.739248],[141.418446,40.738832],[141.418546,40.738515],[141.418571,40.738215],[141.418709,40.737707],[141.418771,40.737315],[141.418909,40.736974],[141.418971,40.736565],[141.418996,40.736465],[141.419046,40.736124],[141.419196,40.735415],[141.419284,40.735107],[141.419334,40.734765],[141.419346,40.734507],[141.419534,40.733924],[141.419559,40.733582],[141.419759,40.732774],[141.419834,40.732324],[141.419972,40.731932],[141.420047,40.731549],[141.420309,40.730874],[141.420422,40.730491],[141.420497,40.730158],[141.420497,40.729991],[141.420559,40.729783],[141.420759,40.729124],[141.420884,40.728491],[141.420959,40.727925],[141.421034,40.727458],[141.421072,40.727066],[141.421259,40.726258],[141.421397,40.725766],[141.421422,40.725483],[141.421484,40.725283],[141.421597,40.724991],[141.421597,40.724692],[141.421759,40.724325],[141.421747,40.724033],[141.421759,40.723733],[141.421959,40.723067],[141.421997,40.722692],[141.422034,40.722308],[141.422147,40.721858],[141.422184,40.721642],[141.422222,40.721267],[141.422297,40.7211],[141.422447,40.7208],[141.422509,40.720409],[141.422509,40.720125],[141.422672,40.719775],[141.422922,40.719259],[141.422959,40.719034],[141.422922,40.718601],[141.423009,40.718134],[141.423059,40.717609],[141.423359,40.716776],[141.423522,40.716009],[141.423722,40.715268],[141.42386,40.714718],[141.423897,40.714601],[141.42396,40.714301],[141.423972,40.713918],[141.42406,40.713484],[141.424235,40.712743],[141.424435,40.712101],[141.42451,40.711818],[141.424522,40.711551],[141.424597,40.711151],[141.424635,40.710976],[141.424797,40.710543],[141.42491,40.710168],[141.424985,40.70991],[141.42501,40.709693],[141.425035,40.709418],[141.425072,40.709226],[141.425122,40.708926],[141.425122,40.708677],[141.425147,40.708402],[141.425372,40.70776],[141.425672,40.706877],[141.425647,40.70671],[141.425572,40.706443],[141.425597,40.706235],[141.425735,40.705777],[141.42586,40.705419],[141.425897,40.704919],[141.425997,40.704552],[141.426035,40.704219],[141.426122,40.703752],[141.426147,40.703594],[141.426172,40.703385],[141.426272,40.703127],[141.426397,40.702835],[141.426322,40.702585],[141.42621,40.70226],[141.426353,40.701609],[141.426823,40.700227],[141.42711,40.699027],[141.427923,40.695403],[141.428048,40.695278],[141.42821,40.695161],[141.428335,40.694753],[141.428485,40.69457],[141.428623,40.694161],[141.42891,40.693061],[141.429135,40.692345],[141.429348,40.69172],[141.429785,40.690145],[141.430423,40.687828],[141.43071,40.687003],[141.430848,40.686387],[141.430935,40.685929],[141.430973,40.685587],[141.431348,40.684254],[141.431511,40.684012],[141.431736,40.683829],[141.431886,40.683662],[141.432235,40.683296],[141.432598,40.683121],[141.433167,40.683115],[141.433385,40.682879],[141.433373,40.682421],[141.43341,40.682062],[141.433585,40.681687],[141.43386,40.681387],[141.434823,40.680763],[141.43526,40.680404],[141.435398,40.680113],[141.435499,40.679975],[141.435623,40.679863],[141.436173,40.678021],[141.436735,40.678105],[141.436835,40.677921],[141.438635,40.678246],[141.438785,40.677771],[141.439073,40.67783],[141.439148,40.677621],[141.43711,40.677255],[141.437223,40.675696],[141.43731,40.675172],[141.437498,40.674013],[141.437648,40.673188],[141.437698,40.672563],[141.437786,40.672305],[141.438023,40.671522],[141.438298,40.670389],[141.438359,40.670123],[141.438411,40.66983],[141.438698,40.66928],[141.438836,40.668997],[141.438973,40.668697],[141.439173,40.668364],[141.439248,40.668031],[141.439398,40.667464],[141.439473,40.667131],[141.439561,40.666814],[141.439748,40.666189],[141.439811,40.665473],[141.439923,40.664831],[141.440048,40.664331],[141.440223,40.663806],[141.440411,40.66329],[141.440648,40.662681],[141.440823,40.66224],[141.441011,40.661706],[141.441273,40.661173],[141.441548,40.66049],[141.441773,40.659765],[141.441936,40.659298],[141.442073,40.658898],[141.442286,40.658207],[141.442473,40.657449],[141.442573,40.656915],[141.442711,40.656449],[141.442886,40.655824],[141.442986,40.655532],[141.443061,40.655182],[141.443173,40.654774],[141.443423,40.654082],[141.443598,40.653491],[141.443711,40.653066],[141.443873,40.652524],[141.444036,40.652066],[141.444136,40.651641],[141.444298,40.651049],[141.444498,40.650316],[141.444698,40.649691],[141.444836,40.649358],[141.444961,40.649091],[141.445061,40.648758],[141.445173,40.648308],[141.445323,40.647733],[141.445498,40.647175],[141.445661,40.646592],[141.445798,40.64605],[141.445986,40.645492],[141.446186,40.644933],[141.446348,40.644483],[141.446548,40.644025],[141.446748,40.643617],[141.446936,40.643234],[141.447136,40.64285],[141.447336,40.642309],[141.447523,40.641709],[141.447523,40.641609],[141.447811,40.640909],[141.448011,40.640342],[141.448098,40.640017],[141.448286,40.639451],[141.448648,40.638634],[141.448748,40.638184],[141.448798,40.637834],[141.448936,40.637434],[141.449136,40.636943],[141.449299,40.636459],[141.449474,40.636068],[141.449699,40.635593],[141.449849,40.635193],[141.449986,40.63481],[141.450174,40.634393],[141.450311,40.634068],[141.450461,40.633768],[141.450586,40.633418],[141.450761,40.632993],[141.450899,40.632618],[141.451111,40.63201],[141.451349,40.631268],[141.451536,40.630777],[141.451686,40.63041],[141.451849,40.630035],[141.452011,40.629702],[141.452199,40.629244],[141.452399,40.62876],[141.452574,40.628369],[141.452936,40.627652],[141.452961,40.627494],[141.452961,40.627369],[141.453086,40.62701],[141.453274,40.626644],[141.453436,40.626419],[141.453524,40.626269],[141.453599,40.625977],[141.453661,40.625644],[141.453736,40.625402],[141.453836,40.625202],[141.454049,40.624735],[141.454224,40.624285],[141.454387,40.623977],[141.454512,40.62366],[141.454587,40.623519],[141.454812,40.623094],[141.455074,40.622552],[141.455274,40.622094],[141.455537,40.621586],[141.455787,40.621061],[141.455974,40.620652],[141.456124,40.620261],[141.456374,40.619727],[141.456574,40.619386],[141.456824,40.618952],[141.457074,40.618544],[141.457274,40.618161],[141.457562,40.617578],[141.457824,40.616919],[141.457912,40.616769],[141.458162,40.616219],[141.458337,40.615919],[141.458662,40.615411],[141.458924,40.615019],[141.459112,40.614778],[141.459274,40.614495],[141.459524,40.613928],[141.459674,40.613586],[141.459849,40.61327],[141.459899,40.61317],[141.459937,40.613095],[141.459962,40.612936],[141.460287,40.61232],[141.460437,40.612045],[141.460512,40.61182],[141.460699,40.611462],[141.461049,40.610895],[141.461287,40.610478],[141.461437,40.610212],[141.461674,40.60982],[141.461812,40.609512],[141.461987,40.609087],[141.462124,40.608787],[141.462237,40.608537],[141.462399,40.608195],[141.462462,40.608011],[141.462499,40.607862],[141.462549,40.60767],[141.462562,40.607437],[141.462587,40.607254],[141.462637,40.606979],[141.462762,40.606646],[141.462912,40.606412],[141.463112,40.606254],[141.463324,40.606012],[141.463399,40.605854],[141.463462,40.605787],[141.463912,40.606054],[141.463599,40.605571],[141.463574,40.605287],[141.463624,40.604996],[141.463574,40.604646],[141.463624,40.604146],[141.463662,40.603763],[141.463774,40.603479],[141.463987,40.603104],[141.464149,40.602504],[141.464312,40.602146],[141.464499,40.60173],[141.464811,40.601271],[141.465136,40.600955],[141.465274,40.600855],[141.465486,40.600713],[141.465586,40.600538],[141.465699,40.600297],[141.465911,40.600088],[141.465924,40.59993],[141.466049,40.599572],[141.466274,40.599372],[141.466386,40.599205],[141.466374,40.59903],[141.466424,40.598722],[141.466711,40.598514],[141.466861,40.598297],[141.466986,40.597989],[141.467136,40.59763],[141.467336,40.597172],[141.467499,40.596772],[141.467711,40.596256],[141.467973,40.595647],[141.468286,40.594814],[141.468448,40.594381],[141.470773,40.588815],[141.472548,40.586465],[141.473973,40.586849],[141.474385,40.586049],[141.474723,40.585499],[141.475373,40.585691],[141.475585,40.585374],[141.472961,40.584432],[141.474573,40.581383],[141.475548,40.581658],[141.482073,40.569626],[141.48216,40.569543],[141.482448,40.568901],[141.488909,40.571218],[141.491922,40.56626],[141.491409,40.566018],[141.492209,40.564727],[141.483648,40.561385],[141.484098,40.560594],[141.48516,40.561036],[141.486497,40.559152],[141.485897,40.558944],[141.48736,40.556803],[141.492834,40.558953],[141.493309,40.558228],[141.496433,40.55759],[141.500108,40.55692],[141.501271,40.555328],[141.496859,40.55342],[141.498334,40.551429],[141.498109,40.551312],[141.500084,40.548571],[141.500359,40.548712],[141.500921,40.547904],[141.500546,40.547738],[141.501434,40.546554],[141.505796,40.548413],[141.505846,40.548363],[141.505746,40.548271],[141.505846,40.548188],[141.507545,40.549212],[141.510008,40.545913],[141.502546,40.54288],[141.502496,40.542388],[141.502521,40.542138],[141.502758,40.541622],[141.502871,40.54058],[141.502971,40.540355],[141.503171,40.540155],[141.503496,40.53993],[141.503996,40.539847],[141.504071,40.539805],[141.510495,40.542355],[141.516123,40.537848],[141.518395,40.536156],[141.523769,40.532157],[141.523244,40.531748],[141.524707,40.530724],[141.523857,40.530107],[141.524494,40.52964],[141.526481,40.530782],[141.526581,40.53069],[141.528106,40.53149],[141.534368,40.531515],[141.534405,40.530882],[141.532893,40.530849],[141.531318,40.53129],[141.528206,40.531224],[141.527869,40.530315],[141.530831,40.52964],[141.530756,40.529499],[141.527794,40.530182],[141.527231,40.528865],[141.534531,40.527182],[141.535755,40.53039],[141.536505,40.530465],[141.536943,40.527266],[141.539143,40.527416],[141.539168,40.527374],[141.541242,40.527499],[141.541292,40.527341],[141.541655,40.527341],[141.541592,40.527549],[141.543679,40.527699],[141.543592,40.528399],[141.543392,40.528399],[141.543092,40.531032],[141.545267,40.531207],[141.545442,40.529607],[141.548991,40.529924],[141.549041,40.529882],[141.549316,40.529907],[141.550479,40.53354],[141.551841,40.53364],[141.550466,40.529457],[141.551878,40.528999],[141.553591,40.530816],[141.556028,40.535998],[141.557403,40.535648],[141.558465,40.536873],[141.55844,40.537048],[141.558315,40.537182],[141.558115,40.537323],[141.55779,40.537457],[141.55764,40.537498],[141.557427,40.537428],[141.557215,40.537423],[141.556865,40.537357],[141.556215,40.537123],[141.555865,40.536873],[141.555515,40.536532],[141.55539,40.536623],[141.55564,40.536873],[141.555778,40.536972],[141.555865,40.537098],[141.556234,40.537407],[141.55619,40.537507],[141.556228,40.537731],[141.55674,40.537765],[141.556778,40.538373],[141.556678,40.538573],[141.556703,40.538798],[141.556803,40.539023],[141.55704,40.539323],[141.557215,40.539365],[141.557365,40.539323],[141.557415,40.53939],[141.557342,40.539432],[141.55739,40.539506],[141.55794,40.539798],[141.55809,40.540006],[141.55824,40.540098],[141.55834,40.540098],[141.558415,40.53994],[141.55859,40.539823],[141.558565,40.539598],[141.558353,40.539423],[141.558253,40.53924],[141.558328,40.53899],[141.558353,40.53854],[141.558303,40.538356],[141.558428,40.538248],[141.558765,40.53814],[141.55959,40.538007],[141.55974,40.538007],[141.560115,40.538032],[141.560165,40.53824],[141.560265,40.538348],[141.56069,40.53849],[141.560915,40.53869],[141.562177,40.539515],[141.562002,40.540031],[141.562002,40.54019],[141.562102,40.54039],[141.56244,40.54064],[141.56274,40.541073],[141.562815,40.541098],[141.562965,40.541098],[141.56314,40.540781],[141.563177,40.540606],[141.563452,40.540515],[141.563577,40.540606],[141.563627,40.540606],[141.563802,40.540473],[141.564052,40.540431],[141.564152,40.540431],[141.564352,40.540631],[141.564602,40.540706],[141.564727,40.540706],[141.564877,40.54084],[141.565152,40.541115],[141.565789,40.541415],[141.565127,40.542606],[141.564414,40.542348],[141.564216,40.542335],[141.563989,40.542298],[141.563977,40.542414],[141.564302,40.542464],[141.565077,40.542756],[141.565152,40.542714],[141.565652,40.542831],[141.565852,40.543039],[141.566152,40.543148],[141.566714,40.542906],[141.566989,40.542814],[141.567789,40.542956],[141.567989,40.542964],[141.568139,40.542898],[141.568139,40.542714],[141.568264,40.542648],[141.568539,40.542581],[141.568614,40.542606],[141.568914,40.542856],[141.569239,40.542881],[141.569389,40.542814],[141.569614,40.542564],[141.570039,40.542498],[141.570064,40.542523],[141.569939,40.542706],[141.569714,40.542906],[141.569989,40.542973],[141.570389,40.542839],[141.570739,40.542689],[141.571676,40.542448],[141.571801,40.542331],[141.571851,40.54209],[141.572026,40.542198],[141.572326,40.54229],[141.572476,40.542206],[141.572501,40.54209],[141.572776,40.541823],[141.572901,40.541915],[141.573076,40.542115],[141.573576,40.542523],[141.573951,40.54269],[141.574551,40.542873],[141.574726,40.542623],[141.574976,40.542623],[141.575076,40.542806],[141.575126,40.542831],[141.575476,40.542923],[141.575876,40.542948],[141.576001,40.543106],[141.576076,40.543131],[141.576226,40.54309],[141.576401,40.542706],[141.576488,40.542681],[141.576638,40.542506],[141.576588,40.542098],[141.576663,40.541848],[141.576413,40.541806],[141.576363,40.541665],[141.576463,40.541598],[141.576738,40.541556],[141.576751,40.54129],[141.576976,40.541081],[141.577201,40.540931],[141.577301,40.540998],[141.577301,40.541065],[141.577376,40.541248],[141.577576,40.541315],[141.577651,40.54129],[141.577751,40.54109],[141.578076,40.541023],[141.57835,40.540848],[141.5784,40.540482],[141.578525,40.540465],[141.578804,40.540356],[141.579013,40.540132],[141.579388,40.539865],[141.579763,40.539707],[141.580063,40.539757],[141.580488,40.539665],[141.580725,40.53962],[141.58085,40.539582],[141.581425,40.539473],[141.581675,40.53949],[141.58185,40.539407],[141.58185,40.53909],[141.581625,40.538973],[141.581175,40.53884],[141.580975,40.538749],[141.580975,40.538632],[141.581863,40.538507],[141.581963,40.538507],[141.582238,40.53839],[141.582263,40.538299],[141.581588,40.538099],[141.581463,40.538074],[141.581338,40.537957],[141.581363,40.53789],[141.581513,40.537799],[141.582313,40.537874],[141.582463,40.537874],[141.582488,40.537807],[141.582413,40.537649],[141.582288,40.537607],[141.581899,40.537499],[141.581638,40.537399],[141.581388,40.537324],[141.581013,40.537299],[141.580663,40.53714],[141.580413,40.536957],[141.5802,40.53644],[141.5802,40.536032],[141.5803,40.535716],[141.580351,40.535606],[141.58045,40.535416],[141.580522,40.535285],[141.580563,40.535132],[141.580638,40.534799],[141.580813,40.534416],[141.581063,40.534141],[141.581225,40.534057],[141.581475,40.534057],[141.581875,40.534124],[141.582275,40.534132],[141.583025,40.534049],[141.583325,40.534074],[141.583425,40.533916],[141.583025,40.533616],[141.5825,40.533458],[141.58235,40.533316],[141.58235,40.533183],[141.582925,40.533391],[141.58315,40.533549],[141.58385,40.533574],[141.583894,40.533499],[141.583863,40.533283],[141.583688,40.533099],[141.583363,40.533074],[141.583088,40.533141],[141.582813,40.533116],[141.582463,40.533008],[141.582338,40.532866],[141.582413,40.532391],[141.582313,40.532124],[141.582288,40.531899],[141.582638,40.531833],[141.582675,40.531716],[141.58255,40.531474],[141.5823,40.531399],[141.582475,40.530816],[141.582863,40.5301],[141.583775,40.528283],[141.583813,40.528167],[141.583838,40.528092],[141.584038,40.527658],[141.584225,40.527192],[141.584388,40.526725],[141.584538,40.526325],[141.584588,40.526233],[141.584713,40.526117],[141.585,40.525825],[141.585325,40.525325],[141.585563,40.524917],[141.585838,40.524434],[141.586038,40.52405],[141.58625,40.523717],[141.586425,40.523367],[141.586638,40.523001],[141.586825,40.522676],[141.587025,40.522484],[141.587313,40.522301],[141.5876,40.522092],[141.587763,40.521992],[141.588125,40.521784],[141.588437,40.521584],[141.588625,40.521459],[141.588937,40.521209],[141.589237,40.520943],[141.58945,40.520776],[141.589525,40.520726],[141.5898,40.520551],[141.5901,40.520268],[141.590312,40.520093],[141.590725,40.519826],[141.591137,40.519551],[141.591375,40.519401],[141.591662,40.51921],[141.591937,40.51901],[141.592062,40.518951],[141.592212,40.518901],[141.592525,40.51881],[141.59265,40.518793],[141.5929,40.518768],[141.593187,40.518776],[141.593437,40.518851],[141.593625,40.51896],[141.5938,40.519118],[141.5939,40.519335],[141.594674,40.519468],[141.594599,40.519626],[141.594599,40.51976],[141.594749,40.519826],[141.595274,40.51981],[141.595624,40.51961],[141.596124,40.519635],[141.596524,40.519801],[141.597024,40.520159],[141.597324,40.520326],[141.597649,40.520434],[141.597849,40.520443],[141.597974,40.520301],[141.597849,40.520101],[141.597237,40.519668],[141.597212,40.519535],[141.597512,40.51951],[141.597712,40.519401],[141.597912,40.519535],[141.598287,40.519835],[141.598912,40.520176],[141.599162,40.520226],[141.599287,40.520085],[141.599312,40.519818],[141.599112,40.519726],[141.598837,40.519501],[141.598537,40.519451],[141.598312,40.519318],[141.598312,40.519243],[141.598362,40.519226],[141.598637,40.519293],[141.598812,40.519385],[141.599012,40.51941],[141.598937,40.519293],[141.598912,40.519068],[141.599274,40.518868],[141.599524,40.518918],[141.599824,40.519076],[141.600024,40.519035],[141.600049,40.51901],[141.600049,40.518876],[141.599849,40.51881],[141.599699,40.518693],[141.599624,40.518626],[141.599849,40.518601],[141.600074,40.518743],[141.600324,40.518785],[141.600424,40.518743],[141.600049,40.518335],[141.599874,40.518268],[141.599674,40.51831],[141.599499,40.518443],[141.599424,40.518401],[141.599399,40.518218],[141.599499,40.518126],[141.599424,40.517968],[141.599349,40.517943],[141.599224,40.517968],[141.599049,40.51761],[141.599062,40.517468],[141.599137,40.51731],[141.599337,40.51736],[141.599537,40.517385],[141.600162,40.517227],[141.600686,40.517035],[141.600961,40.517035],[141.601461,40.517485],[141.601711,40.517627],[141.601961,40.517785],[141.602161,40.517852],[141.602636,40.517793],[141.602436,40.517518],[141.602111,40.517443],[141.601636,40.517193],[141.601161,40.516785],[141.601186,40.516743],[141.601424,40.51661],[141.601799,40.516227],[141.602049,40.51621],[141.602249,40.516385],[141.602299,40.516385],[141.602549,40.516327],[141.602799,40.516193],[141.602874,40.51621],[141.603024,40.516193],[141.603149,40.516127],[141.603524,40.516152],[141.603874,40.515993],[141.604224,40.516018],[141.604511,40.51591],[141.604711,40.515752],[141.605011,40.515618],[141.605511,40.515444],[141.606039,40.515297],[141.606286,40.515202],[141.606749,40.514977],[141.607073,40.514685],[141.607348,40.514369],[141.607523,40.514285],[141.607748,40.514377],[141.608536,40.513977],[141.608486,40.513794],[141.608336,40.513594],[141.608386,40.513544],[141.609061,40.513327],[141.609798,40.512877],[141.609948,40.512877],[141.610148,40.512952],[141.610348,40.512861],[141.610148,40.512727],[141.609998,40.512569],[141.609898,40.512361],[141.610064,40.512374],[141.610173,40.512386],[141.610298,40.512319],[141.610073,40.512111],[141.610148,40.511936],[141.610673,40.511852],[141.610848,40.511869],[141.611198,40.511986],[141.611523,40.512036],[141.611961,40.511877],[141.611736,40.511769],[141.611461,40.511652],[141.611236,40.511536],[141.611236,40.511511],[141.611411,40.511427],[141.611261,40.511311],[141.611061,40.511244],[141.610961,40.511152],[141.611061,40.511036],[141.611336,40.511152],[141.611436,40.511044],[141.611386,40.510702],[141.611223,40.510319],[141.610923,40.509869],[141.610748,40.509753],[141.610573,40.509686],[141.610548,40.509594],[141.610748,40.508919],[141.610961,40.508894],[141.611061,40.508828],[141.610936,40.508736],[141.610786,40.508553],[141.610936,40.508536],[141.611136,40.508669],[141.611561,40.508536],[141.611436,40.508061],[141.611561,40.507928],[141.611711,40.507819],[141.611686,40.507778],[141.611536,40.507686],[141.611336,40.507661],[141.611098,40.507411],[141.610823,40.507228],[141.610873,40.507003],[141.610973,40.506753],[141.611198,40.506686],[141.611448,40.50667],[141.611523,40.50662],[141.611398,40.506461],[141.611473,40.506261],[141.611811,40.505861],[141.612111,40.505586],[141.612434,40.505415],[141.612561,40.50532],[141.612711,40.505161],[141.612836,40.505145],[141.613148,40.505145],[141.613248,40.505195],[141.613548,40.50522],[141.613748,40.505153],[141.613857,40.505088],[141.613948,40.50502],[141.614173,40.504903],[141.614323,40.504612],[141.614623,40.504437],[141.615323,40.504303],[141.616136,40.504245],[141.616636,40.504378],[141.617011,40.504545],[141.616773,40.504903],[141.617173,40.505086],[141.617298,40.505128],[141.616748,40.505986],[141.61691,40.506078],[141.617298,40.505336],[141.617623,40.505203],[141.617673,40.505153],[141.618073,40.50507],[141.618273,40.504953],[141.618313,40.50483],[141.61831,40.504712],[141.618331,40.504639],[141.618485,40.504528],[141.61856,40.504553],[141.61886,40.504445],[141.619085,40.504695],[141.61881,40.504845],[141.61875,40.504946],[141.618735,40.505028],[141.619048,40.505395],[141.619273,40.505553],[141.619373,40.505503],[141.619248,40.505236],[141.619248,40.505186],[141.61941,40.50517],[141.619848,40.505736],[141.620148,40.505853],[141.620348,40.505786],[141.620223,40.505695],[141.620248,40.505578],[141.620523,40.50567],[141.620723,40.505628],[141.620998,40.505745],[141.62115,40.505719],[141.621198,40.505678],[141.621285,40.505561],[141.621422,40.505567],[141.621635,40.505645],[141.621773,40.505603],[141.621773,40.505511],[141.621635,40.505378],[141.621422,40.505375],[141.621235,40.50527],[141.62086,40.505136],[141.62121,40.505095],[141.621235,40.50502],[141.620935,40.504978],[141.62061,40.504928],[141.62016,40.50472],[141.619885,40.504678],[141.61981,40.504587],[141.619735,40.504362],[141.619735,40.503978],[141.619973,40.503778],[141.620298,40.503487],[141.620573,40.50292],[141.620748,40.502945],[141.621123,40.503062],[141.621123,40.502928],[141.620948,40.502837],[141.620823,40.502728],[141.620873,40.502678],[141.62126,40.50252],[141.621385,40.502428],[141.62136,40.502253],[141.621235,40.502178],[141.62121,40.502095],[141.621385,40.501937],[141.62126,40.50187],[141.621385,40.501779],[141.621335,40.501687],[141.62126,40.50162],[141.621385,40.501529],[141.621285,40.501345],[141.621373,40.500895],[141.621198,40.500604],[141.621123,40.500512],[141.621073,40.500379],[141.620998,40.500262],[141.621023,40.50022],[141.621123,40.500195],[141.621073,40.500154],[141.621123,40.500104],[141.621048,40.500037],[141.621098,40.499862],[141.621258,40.49974],[141.621368,40.499636],[141.621413,40.499531],[141.621485,40.49922],[141.621523,40.498837],[141.621823,40.498479],[141.622298,40.498346],[141.622448,40.498387],[141.622798,40.498304],[141.623635,40.497879],[141.623748,40.497787],[141.624223,40.497546],[141.624585,40.497271],[141.624935,40.496937],[141.62509,40.496819],[141.625237,40.496704],[141.62536,40.496596],[141.62566,40.496379],[141.625798,40.496396],[141.626248,40.496221],[141.62666,40.495929],[141.627223,40.495846],[141.627462,40.495722],[141.627798,40.495504],[141.628322,40.495196],[141.628772,40.495288],[141.629147,40.495421],[141.629297,40.495404],[141.629597,40.495271],[141.629722,40.495063],[141.63001,40.494863],[141.630722,40.494663],[141.63106,40.494346],[141.631322,40.493946],[141.631585,40.493896],[141.631922,40.493496],[141.631947,40.493246],[141.63166,40.492971],[141.63151,40.49293],[141.631122,40.493013],[141.63086,40.492905],[141.63071,40.492446],[141.630447,40.491971],[141.63051,40.491863],[141.630872,40.491521],[141.630635,40.491363],[141.630373,40.491363],[141.630473,40.49003],[141.630585,40.489872],[141.630998,40.489488],[141.631185,40.489397],[141.63181,40.48918],[141.632272,40.489113],[141.632985,40.488713],[141.633497,40.48853],[141.633674,40.488341],[141.63376,40.488238],[141.633847,40.488172],[141.633917,40.48789],[141.633868,40.48743],[141.633772,40.487105],[141.633897,40.486839],[141.633635,40.486472],[141.633597,40.48623],[141.633835,40.485955],[141.633848,40.485164],[141.634035,40.484372],[141.634148,40.484131],[141.634723,40.483472],[141.635247,40.483097],[141.63591,40.482531],[141.636885,40.481973],[141.636985,40.481431],[141.637247,40.480731],[141.637372,40.480639],[141.637847,40.480623],[141.638285,40.480373],[141.63856,40.480156],[141.63886,40.479998],[141.639156,40.479949],[141.639322,40.479906],[141.639685,40.479798],[141.640185,40.479465],[141.640372,40.47944],[141.640785,40.479531],[141.641135,40.479514],[141.641635,40.479398],[141.642322,40.47904],[141.64226,40.478906],[141.642672,40.478798],[141.642559,40.478573],[141.643184,40.478481],[141.643359,40.478123],[141.643359,40.477965],[141.643659,40.477831],[141.643922,40.47799],[141.643984,40.47774],[141.643809,40.477356],[141.643309,40.476965],[141.643547,40.476698],[141.643959,40.476773],[141.644322,40.477065],[141.644847,40.476998],[141.645234,40.476682],[141.645272,40.476615],[141.645097,40.47639],[141.645334,40.476215],[141.646034,40.476332],[141.646184,40.475873],[141.646159,40.475448],[141.646097,40.475084],[141.646172,40.47479],[141.64644,40.474663],[141.647209,40.474349],[141.647709,40.474465],[141.647859,40.474324],[141.648059,40.474374],[141.648072,40.474124],[141.647684,40.473899],[141.647597,40.473174],[141.647247,40.472449],[141.647584,40.472041],[141.648172,40.471574],[141.648584,40.471441],[141.649421,40.471399],[141.649534,40.471283],[141.649181,40.471287],[141.648472,40.471208],[141.648447,40.470649],[141.649222,40.470333],[141.649309,40.470174],[141.649609,40.470108],[141.650171,40.470133],[141.650221,40.470208],[141.650284,40.470541],[141.650371,40.470566],[141.650784,40.470499],[141.651109,40.470208],[141.651109,40.469941],[141.651734,40.4696],[141.652146,40.469491],[141.652621,40.469541],[141.652746,40.469791],[141.653334,40.469633],[141.654021,40.468983],[141.654321,40.468442],[141.654733,40.468283],[141.654796,40.467992],[141.655233,40.467992],[141.655471,40.468083],[141.656208,40.468067],[141.656421,40.468158],[141.656683,40.467867],[141.656633,40.4678],[141.655746,40.4673],[141.655983,40.467],[141.656283,40.466734],[141.656933,40.46705],[141.656996,40.466784],[141.656633,40.4664],[141.657083,40.466042],[141.657708,40.465992],[141.658595,40.466184],[141.65972,40.465734],[141.659983,40.465734],[141.660458,40.465834],[141.660758,40.465676],[141.660995,40.465359],[141.660883,40.464992],[141.66082,40.464634],[141.661095,40.464159],[141.660683,40.463501],[141.661033,40.463034],[141.661695,40.462784],[141.662045,40.462901],[141.662607,40.463334],[141.662695,40.463359],[141.662845,40.463243],[141.662632,40.463018],[141.662345,40.462518],[141.662345,40.46236],[141.662945,40.461751],[141.663445,40.461351],[141.66392,40.461218],[141.66442,40.461193],[141.664632,40.461035],[141.665132,40.460543],[141.66582,40.460093],[141.666182,40.459785],[141.666032,40.459327],[141.666095,40.458944],[141.666457,40.45836],[141.666845,40.458252],[141.667219,40.458319],[141.667607,40.458002],[141.668057,40.457827],[141.668294,40.457552],[141.668832,40.457177],[141.668744,40.456927],[141.668569,40.456719],[141.668569,40.456544],[141.669182,40.456636],[141.669682,40.456769],[141.670019,40.456619],[141.670394,40.456552],[141.670844,40.456419],[141.671231,40.456577],[141.672056,40.455953],[141.672319,40.455811],[141.672531,40.455519],[141.672531,40.455361],[141.672394,40.454936],[141.672544,40.454844],[141.672719,40.454886],[141.673044,40.45467],[141.673019,40.454328],[141.673256,40.454286],[141.673281,40.454145],[141.673256,40.453695],[141.673344,40.453536],[141.673819,40.453561],[141.673931,40.453853],[141.675531,40.453845],[141.675618,40.454028],[141.675618,40.454428],[141.675381,40.454478],[141.675318,40.454561],[141.675343,40.454636],[141.676031,40.454661],[141.676093,40.454545],[141.676156,40.453911],[141.676443,40.453736],[141.677218,40.453561],[141.677843,40.453536],[141.677993,40.45347],[141.678231,40.453178],[141.678431,40.452795],[141.678856,40.452778],[141.679081,40.452912],[141.679643,40.453095],[141.680268,40.452962],[141.681005,40.452762],[141.681243,40.452628],[141.68213,40.452587],[141.682405,40.45252],[141.682993,40.452162],[141.683231,40.451816],[141.68323,40.451287],[141.682655,40.450404],[141.682468,40.450354],[141.682058,40.45017],[141.681705,40.450054],[141.68103,40.449762],[141.679793,40.449612],[141.679281,40.449587],[141.678868,40.449387],[141.678256,40.449337],[141.677756,40.449512],[141.677106,40.449287],[141.675719,40.448462],[141.675869,40.448146],[141.676019,40.447604],[141.675906,40.447429],[141.675406,40.447012],[141.674756,40.446987],[141.674106,40.446513],[141.674019,40.446171],[141.673844,40.445854],[141.673844,40.445354],[141.674007,40.444679],[141.674632,40.443555],[141.673719,40.442821],[141.673044,40.442463],[141.672569,40.442255],[141.672419,40.441888],[141.672457,40.44153],[141.672132,40.44103],[141.672044,40.440713],[141.671632,40.440188],[141.670932,40.439963],[141.670382,40.43878],[141.670207,40.438489],[141.670182,40.437922],[141.67012,40.437631],[141.669832,40.437289],[141.669357,40.437064],[141.668683,40.436606],[141.667645,40.435989],[141.666883,40.435847],[141.666233,40.435639],[141.665608,40.435481],[141.663283,40.434747],[141.662458,40.434422],[141.662196,40.434264],[141.661046,40.434006],[141.660834,40.433848],[141.661021,40.432948],[141.660871,40.432498],[141.660496,40.431948],[141.659709,40.431223],[141.659322,40.431156],[141.658522,40.430765],[141.658109,40.43074],[141.657647,40.430356],[141.657347,40.430056],[141.656347,40.429756],[141.655785,40.429706],[141.655347,40.42939],[141.655047,40.428732],[141.65426,40.42844],[141.653347,40.427982],[141.652697,40.427748],[141.65181,40.427923],[141.650985,40.42799],[141.650298,40.427915],[141.649685,40.428115],[141.648935,40.42809],[141.647286,40.42829],[141.646936,40.42824],[141.646373,40.427831],[141.645848,40.427532],[141.644898,40.426823],[141.644311,40.426307],[141.643549,40.425873],[141.642199,40.425273],[141.641936,40.424574],[141.640812,40.42389],[141.639787,40.423115],[141.639049,40.42284],[141.637399,40.422632],[141.635925,40.422124],[141.634512,40.421374],[141.633562,40.421249],[141.6325,40.421065],[141.632325,40.420999],[141.6315,40.420407],[141.631213,40.420266],[141.630738,40.420307],[141.629963,40.420757],[141.629463,40.420799],[141.628488,40.420482],[141.627688,40.420524],[141.626563,40.420674],[141.625326,40.42064],[141.624176,40.420657],[141.622963,40.420607],[141.621426,40.420619],[141.621351,40.420707],[141.621151,40.420773],[141.621001,40.420773],[141.620689,40.420865],[141.620489,40.420865],[141.620214,40.420932],[141.619814,40.421015],[141.619664,40.42099],[141.619289,40.420873],[141.619139,40.420857],[141.618714,40.420715],[141.618639,40.420715],[141.618189,40.420573],[141.617564,40.420482],[141.617089,40.420457],[141.616689,40.420515],[141.616464,40.420498],[141.616164,40.420382],[141.615589,40.419882],[141.615289,40.41979],[141.615139,40.419715],[141.614739,40.419648],[141.614389,40.419407],[141.614264,40.419273],[141.614089,40.418573],[141.613764,40.41819],[141.613027,40.417582],[141.612939,40.417357],[141.613414,40.416724],[141.613327,40.416299],[141.613064,40.415957],[141.612652,40.41569],[141.612115,40.415457],[141.611527,40.415324],[141.61094,40.415257],[141.60979,40.41539],[141.60949,40.41539],[141.608727,40.415182],[141.60814,40.41489],[141.607403,40.414682],[141.606865,40.414565],[141.606428,40.414299],[141.605953,40.41409],[141.605753,40.414049],[141.604778,40.414499],[141.60409,40.41454],[141.603065,40.414449],[141.601966,40.414332],[141.601203,40.414149],[141.599991,40.413765],[141.599903,40.413657],[141.599616,40.413474],[141.599291,40.413357],[141.598966,40.41329],[141.598603,40.413265],[141.598053,40.41329],[141.597691,40.413199],[141.597279,40.41304],[141.596991,40.412674],[141.596491,40.412499],[141.595604,40.412265],[141.595366,40.412249],[141.594804,40.41209],[141.594691,40.411974],[141.594516,40.41159],[141.593479,40.410599],[141.593154,40.409966],[141.593042,40.409399],[141.592217,40.409266],[141.591542,40.408991],[141.591417,40.408874],[141.591005,40.408041],[141.590592,40.407474],[141.590155,40.407024],[141.589767,40.406799],[141.588892,40.406749],[141.588155,40.406749],[141.58658,40.406974],[141.58623,40.406316],[141.585443,40.405008],[141.585355,40.404583],[141.58568,40.402958],[141.58553,40.402075],[141.585243,40.401533],[141.584181,40.400383],[141.583893,40.399933],[141.583393,40.399592],[141.582706,40.399317],[141.582181,40.399025],[141.581643,40.398617],[141.581556,40.398234],[141.581719,40.396567],[141.581394,40.395392],[141.581331,40.394892],[141.581419,40.394492],[141.581631,40.393876],[141.581569,40.393476],[141.581281,40.392434],[141.581219,40.392076],[141.581456,40.391918],[141.581756,40.391826],[141.583031,40.391585],[141.583381,40.391293],[141.583856,40.390701],[141.584268,40.390301],[141.584656,40.389826],[141.584706,40.389643],[141.584743,40.389168],[141.584481,40.388268],[141.584244,40.387635],[141.583306,40.385852],[141.582956,40.385285],[141.582781,40.384835],[141.582831,40.38436],[141.583131,40.383685],[141.583544,40.383011],[141.584406,40.382152],[141.584994,40.381752],[141.585856,40.381278],[141.586656,40.380894],[141.586768,40.380561],[141.586244,40.379319],[141.585944,40.378778],[141.585594,40.378345],[141.585031,40.378003],[141.583056,40.377145],[141.581944,40.376628],[141.581294,40.37617],[141.581094,40.375695],[141.581207,40.375003],[141.581482,40.374003],[141.579469,40.372812],[141.577445,40.371312],[141.576857,40.370887],[141.576057,40.370545],[141.57517,40.370295],[141.57417,40.370087],[141.572845,40.369745],[141.572108,40.36907],[141.57197,40.368579],[141.572233,40.367604],[141.572145,40.367021],[141.571945,40.366187],[141.57177,40.365887],[141.570558,40.365754],[141.569671,40.365437],[141.568996,40.364846],[141.568083,40.363988],[141.567471,40.363604],[141.566671,40.363238],[141.564909,40.362288],[141.564196,40.361704],[141.563959,40.361563],[141.563134,40.361296],[141.562309,40.361063],[141.561334,40.360746],[141.559534,40.360629],[141.558572,40.360654],[141.556647,40.361238],[141.556059,40.361213],[141.555472,40.360938],[141.55491,40.360446],[141.554035,40.359179],[141.553825,40.358892],[141.55376,40.358813],[141.553385,40.358205],[141.553035,40.35778],[141.55256,40.357555],[141.552347,40.35753],[141.55161,40.357346],[141.55056,40.35698],[141.549785,40.356438],[141.549285,40.355788],[141.548848,40.355555],[141.548085,40.355221],[141.547873,40.35508],[141.547611,40.35463],[141.547498,40.354297],[141.547236,40.353838],[141.547086,40.353663],[141.545473,40.351264],[141.545323,40.351172],[141.544886,40.350997],[141.544673,40.350947],[141.544236,40.350922],[141.543786,40.351105],[141.543374,40.35133],[141.543136,40.351147],[141.542961,40.351105],[141.542999,40.35083],[141.543436,40.35043],[141.543411,40.350364],[141.543174,40.35013],[141.542524,40.349839],[141.541824,40.34943],[141.540724,40.348955],[141.540112,40.348547],[141.539262,40.348072],[141.537937,40.347572],[141.537049,40.347372],[141.536812,40.347372],[141.536137,40.347297],[141.535637,40.347389],[141.535662,40.347705],[141.5361,40.348497],[141.536012,40.348672],[141.535275,40.348805],[141.534687,40.348947],[141.534037,40.349347],[141.5338,40.34978],[141.533612,40.350497],[141.533525,40.35068],[141.532962,40.350972],[141.53205,40.351305],[141.53155,40.351397],[141.53075,40.350963],[141.530613,40.350805],[141.530163,40.350513],[141.529988,40.350447],[141.529313,40.350288],[141.5284,40.350147],[141.527725,40.349988],[141.526988,40.349922],[141.526276,40.349963],[141.525476,40.350188],[141.524538,40.350821],[141.524476,40.35093],[141.523976,40.35138],[141.522613,40.351513],[141.521314,40.351555],[141.518426,40.351796],[141.517989,40.351913],[141.517626,40.352088],[141.516477,40.352988],[141.516214,40.353079],[141.515239,40.353504],[141.514914,40.353754],[141.514027,40.354721],[141.513577,40.355037],[141.512989,40.355712],[141.512664,40.356204],[141.511589,40.357445],[141.511214,40.358304],[141.511027,40.358462],[141.50994,40.35902],[141.509527,40.359337],[141.509165,40.359762],[141.508815,40.360462],[141.50854,40.360803],[141.508127,40.36112],[141.507865,40.361428],[141.507827,40.362086],[141.507915,40.362536],[141.50759,40.36292],[141.507265,40.363028],[141.507177,40.362986],[141.506827,40.362919],[141.50639,40.362894],[141.50609,40.362803],[141.505702,40.362911],[141.505327,40.363119],[141.504577,40.363636],[141.504027,40.363861],[141.50349,40.363811],[141.50334,40.363769],[141.502878,40.363519],[141.500928,40.362769],[141.49999,40.362453],[141.49954,40.362228],[141.499166,40.362136],[141.498841,40.362336],[141.498278,40.362878],[141.498003,40.363303],[141.497678,40.363553],[141.497091,40.363711],[141.496828,40.364202],[141.496791,40.364344],[141.496903,40.365336],[141.497141,40.366011],[141.496816,40.367044],[141.496666,40.367277],[141.496438,40.367473],[141.496191,40.367644],[141.495278,40.368077],[141.494803,40.36846],[141.492703,40.369335],[141.492478,40.369468],[141.491766,40.37001],[141.491178,40.370635],[141.490341,40.371201],[141.489554,40.371426],[141.488729,40.371785],[141.487991,40.372368],[141.487454,40.372326],[141.486129,40.371893],[141.485829,40.371935],[141.485129,40.372451],[141.484916,40.373059],[141.484629,40.373626],[141.484204,40.374009],[141.483792,40.374551],[141.483029,40.375134],[141.482879,40.375176],[141.482142,40.374909],[141.481167,40.374792],[141.480667,40.374992],[141.480554,40.375284],[141.480492,40.376034],[141.480192,40.376301],[141.478867,40.376434],[141.478304,40.376367],[141.478104,40.376251],[141.477067,40.375892],[141.476805,40.375959],[141.47533,40.376584],[141.474205,40.376834],[141.472967,40.377009],[141.47253,40.376717],[141.471943,40.376584],[141.47118,40.376284],[141.470018,40.3766],[141.468993,40.376775],[141.468368,40.376959],[141.467518,40.377042],[141.466605,40.377333],[141.465831,40.377108],[141.464868,40.376633],[141.464131,40.376025],[141.463481,40.375325],[141.462806,40.374875],[141.461506,40.374784],[141.460419,40.375],[141.460181,40.375025],[141.459056,40.375025],[141.457294,40.374792],[141.456382,40.374634],[141.456057,40.374434],[141.455882,40.374275],[141.455207,40.373484],[141.454844,40.373234],[141.454344,40.373009],[141.453757,40.373009],[141.451782,40.373342],[141.450395,40.373542],[141.44922,40.373567],[141.44827,40.37345],[141.447483,40.373692],[141.44692,40.373992],[141.446208,40.373967],[141.445383,40.374417],[141.445083,40.37475],[141.444058,40.3754],[141.442995,40.375783],[141.441958,40.3759],[141.441808,40.375875],[141.441308,40.375716],[141.440283,40.374991],[141.439571,40.374292],[141.439221,40.374067],[141.438109,40.373592],[141.437896,40.373542],[141.436484,40.373833],[141.435334,40.373992],[141.434384,40.373875],[141.434159,40.373808],[141.434071,40.373583],[141.434246,40.372842],[141.433984,40.371842],[141.433309,40.370534],[141.432697,40.369817],[141.432109,40.368526],[141.431572,40.368051],[141.431434,40.367959],[141.430522,40.367734],[141.429635,40.367734],[141.429485,40.367709],[141.429422,40.367551],[141.429372,40.366942],[141.42911,40.366334],[141.42846,40.365859],[141.42831,40.365792],[141.428197,40.365659],[141.428197,40.365701],[141.427435,40.365068],[141.427135,40.364343],[141.426997,40.363151],[141.42726,40.36241],[141.427297,40.361951],[141.42641,40.361618],[141.425085,40.360935],[141.423973,40.360735],[141.42326,40.36141],[141.422835,40.362826],[141.42281,40.363209],[141.421898,40.363551],[141.42101,40.363768],[141.419448,40.363518],[141.418885,40.363343],[141.416686,40.362251],[141.415711,40.361709],[141.414536,40.360826],[141.413298,40.360151],[141.412236,40.359809],[141.411686,40.359559],[141.411274,40.359285],[141.410299,40.358793],[141.408411,40.357618],[141.407974,40.35741],[141.407174,40.357135],[141.406974,40.357226],[141.406299,40.357993],[141.405587,40.358984],[141.405286,40.360018],[141.405424,40.360992],[141.405186,40.361101],[141.404399,40.361259],[141.404099,40.362701],[141.403324,40.364192],[141.402786,40.364825],[141.401899,40.365767],[141.401049,40.366558],[141.400724,40.366733],[141.399486,40.366892],[141.398949,40.367025],[141.397862,40.367383],[141.397212,40.367225],[141.397124,40.367067],[141.396237,40.36625],[141.395687,40.365442],[141.395424,40.365167],[141.394537,40.364492],[141.393975,40.36395],[141.393775,40.363117],[141.3931,40.361984],[141.392962,40.361784],[141.393137,40.360809],[141.3929,40.360409],[141.391012,40.360309],[141.389225,40.359026],[141.388938,40.358484],[141.388813,40.357401],[141.389525,40.356634],[141.389625,40.355801],[141.389863,40.354584],[141.389888,40.354085],[141.389638,40.352818],[141.388901,40.35151],[141.388576,40.351193],[141.387726,40.350518],[141.386876,40.34961],[141.385764,40.348843],[141.384851,40.348343],[141.384176,40.347668],[141.383376,40.346768],[141.382939,40.345977],[141.382739,40.345452],[141.382502,40.345252],[141.381914,40.344369],[141.381777,40.343427],[141.381802,40.343085],[141.381627,40.342319],[141.381427,40.342136],[141.380364,40.341461],[141.38004,40.341302],[141.378902,40.340527],[141.37769,40.339602],[141.376752,40.338836],[141.376552,40.339086],[141.376802,40.340686],[141.376365,40.341519],[141.375152,40.342394],[141.374227,40.343002],[141.373265,40.343119],[141.372465,40.342185],[141.372003,40.341402],[141.371378,40.34061],[141.370715,40.339569],[141.370603,40.339369],[141.370453,40.338986],[141.370091,40.338469],[141.369653,40.338219],[141.368291,40.337977],[141.366641,40.337219],[141.365929,40.337061],[141.365791,40.336969],[141.364016,40.336344],[141.363454,40.336077],[141.362804,40.335636],[141.362217,40.335411],[141.361642,40.335294],[141.361117,40.335136],[141.360792,40.334977],[141.360354,40.334686],[141.359804,40.334419],[141.358942,40.334152],[141.358292,40.334036],[141.35763,40.334061],[141.357242,40.333994],[141.356805,40.333677],[141.356142,40.333119],[141.354743,40.332486],[141.354193,40.332036],[141.353143,40.331044],[141.352318,40.331028],[141.350993,40.331053],[141.350993,40.330978],[141.350368,40.330103],[141.350193,40.329769],[141.350193,40.329311],[141.350631,40.328395],[141.351681,40.327061],[141.352531,40.326253],[141.353406,40.325478],[141.353406,40.32512],[141.353218,40.324403],[141.353243,40.323812],[141.353293,40.323637],[141.354343,40.322104],[141.354618,40.321221],[141.353918,40.320212],[141.353893,40.319854],[141.354418,40.319579],[141.354743,40.319329],[141.354993,40.318721],[141.355543,40.318004],[141.356068,40.317463],[141.356231,40.317188],[141.356306,40.316938],[141.356206,40.316605],[141.355618,40.315905],[141.354993,40.31548],[141.354743,40.31528],[141.354718,40.315005],[141.354793,40.314897],[141.355406,40.314622],[141.355918,40.314488],[141.355843,40.314305],[141.355843,40.313763],[141.355706,40.313363],[141.355618,40.313222],[141.355506,40.312888],[141.355156,40.312572],[141.354906,40.312097],[141.354844,40.311672],[141.354681,40.311514],[141.354131,40.311355],[141.353744,40.310972],[141.353856,40.310414],[141.353931,40.310206],[141.353931,40.309806],[141.353744,40.309597],[141.353606,40.309356],[141.353831,40.308922],[141.354206,40.308656],[141.354019,40.308181],[141.353681,40.307839],[141.353519,40.307239],[141.353569,40.306473],[141.353981,40.305973],[141.354231,40.30579],[141.354119,40.305523],[141.353981,40.30489],[141.354069,40.304331],[141.354944,40.302957],[141.355031,40.302573],[141.355219,40.302032],[141.355356,40.301399],[141.355381,40.301107],[141.355294,40.300182],[141.355456,40.299599],[141.355931,40.299124],[141.356119,40.298991],[141.356556,40.298849],[141.357581,40.299599],[141.358794,40.29984],[141.359144,40.300065],[141.360193,40.300449],[141.360956,40.300474],[141.362606,40.300765],[141.362643,40.300674],[141.363081,40.300041],[141.363568,40.299591],[141.363818,40.299157],[141.363756,40.298466],[141.363406,40.297858],[141.363431,40.297291],[141.363593,40.296591],[141.363893,40.296099],[141.364531,40.295716],[141.364943,40.295058],[141.364693,40.29405],[141.364931,40.293642],[141.365068,40.293167],[141.365456,40.292833],[141.366093,40.292358],[141.366231,40.292042],[141.365943,40.291525],[141.365781,40.29105],[141.366281,40.289717],[141.366743,40.289292],[141.367431,40.288842],[141.367681,40.288409],[141.367506,40.287784],[141.367593,40.287201],[141.367593,40.286251],[141.367643,40.284626],[141.367718,40.284018],[141.368468,40.283435],[141.368956,40.282735],[141.369068,40.282085],[141.369368,40.281427],[141.369643,40.281093],[141.370081,40.28066],[141.370106,40.280118],[141.369856,40.278977],[141.369943,40.278635],[141.370381,40.278027],[141.370681,40.277735],[141.370906,40.277369],[141.370981,40.276786],[141.370956,40.276361],[141.370981,40.275636],[141.371031,40.275394],[141.371143,40.275186],[141.371455,40.274881],[141.372268,40.274161],[141.372506,40.273844],[141.372531,40.273553],[141.372431,40.272878],[141.372431,40.27247],[141.372731,40.271795],[141.373281,40.271028],[141.373443,40.270828],[141.373556,40.270761],[141.373805,40.270511],[141.374455,40.269653],[141.374518,40.269378],[141.374493,40.26907],[141.374593,40.267778],[141.374768,40.26717],[141.37498,40.266654],[141.375368,40.26537],[141.375618,40.265029],[141.37608,40.264712],[141.37638,40.264287],[141.376355,40.263787],[141.376218,40.263046],[141.376268,40.262437],[141.376468,40.261962],[141.376768,40.261762],[141.377293,40.261629],[141.379518,40.261129],[141.379843,40.261088],[141.379905,40.260813],[141.379868,40.260271],[141.37998,40.259663],[141.38018,40.259121],[141.380418,40.25858],[141.380755,40.258105],[141.38113,40.257796],[141.381992,40.257363],[141.38213,40.257338],[141.382367,40.257163],[141.38243,40.256013],[141.382405,40.255513],[141.38243,40.254997],[141.382668,40.253938],[141.382668,40.25358],[141.38248,40.252755],[141.382305,40.252697],[141.382443,40.252247],[141.383068,40.251614],[141.38323,40.251339],[141.38323,40.251205],[141.382855,40.250305],[141.38288,40.250014],[141.383043,40.249564],[141.382955,40.248681],[141.383018,40.247897],[141.383205,40.247197],[141.383343,40.246248],[141.383505,40.245614],[141.383918,40.245031],[141.38398,40.244448],[141.383955,40.243906],[141.384118,40.243456],[141.384143,40.242865],[141.384055,40.242231],[141.383868,40.241423],[141.383868,40.240932],[141.38408,40.240365],[141.384305,40.239507],[141.384355,40.239415],[141.384768,40.239148],[141.385655,40.238765],[141.385455,40.238315],[141.38508,40.237682],[141.38508,40.237232],[141.385218,40.236782],[141.385293,40.236332],[141.385293,40.236107],[141.38543,40.235449],[141.385593,40.235157],[141.385518,40.234774],[141.385493,40.234549],[141.385518,40.234032],[141.385793,40.233241],[141.38623,40.232433],[141.386118,40.231958],[141.385843,40.231458],[141.38593,40.230741],[141.386368,40.229116],[141.386143,40.228708],[141.386168,40.228283],[141.386418,40.227875],[141.386481,40.226933],[141.386556,40.226817],[141.387106,40.2263],[141.386618,40.226025],[141.386368,40.225667],[141.385893,40.225242],[141.385893,40.225042],[141.386781,40.223959],[141.387581,40.223617],[141.387743,40.223434],[141.387631,40.223142],[141.387718,40.222759],[141.387818,40.222509],[141.387718,40.2222],[141.387743,40.221817],[141.388643,40.221384],[141.389006,40.220892],[141.389743,40.220326],[141.390431,40.220051],[141.391181,40.219801],[141.391643,40.219601],[141.391893,40.219401],[141.391893,40.219242],[141.391731,40.219151],[141.391693,40.218743],[141.391918,40.218093],[141.391781,40.217709],[141.391318,40.217301],[141.390818,40.216968],[141.390706,40.216759],[141.391068,40.216376],[141.391118,40.215951],[141.390981,40.215385],[141.390906,40.214893],[141.391206,40.21451],[141.391693,40.214168],[141.391781,40.214035],[141.391756,40.213693],[141.391093,40.21246],[141.391006,40.212027],[141.391068,40.211602],[141.390868,40.21111],[141.390731,40.210543],[141.390756,40.210069],[141.390731,40.209052],[141.390656,40.208669],[141.389931,40.208219],[141.389494,40.207702],[141.389219,40.207569],[141.388756,40.20746],[141.388256,40.20721],[141.387769,40.206694],[141.387406,40.206511],[141.386719,40.206469],[141.386506,40.206377],[141.386831,40.205877],[141.387381,40.204869],[141.387594,40.204211],[141.387706,40.203694],[141.387631,40.203219],[141.387319,40.202953],[141.387181,40.202611],[141.387432,40.201711],[141.387157,40.201369],[141.386944,40.201286],[141.386494,40.201036],[141.386194,40.200769],[141.385594,40.199703],[141.385482,40.199345],[141.385532,40.198895],[141.385432,40.19867],[141.384657,40.198311],[141.384169,40.198128],[141.383532,40.19752],[141.38307,40.196753],[141.38307,40.196353],[141.38317,40.196128],[141.38337,40.195878],[141.383532,40.195495],[141.383582,40.194795],[141.383582,40.194054],[141.383832,40.19367],[141.384295,40.193354],[141.384845,40.192787],[141.384907,40.192429],[141.38512,40.19202],[141.385295,40.191546],[141.385395,40.190921],[141.38537,40.190579],[141.385257,40.190154],[141.385182,40.190037],[141.385157,40.189929],[141.385095,40.189837],[141.385457,40.189654],[141.38587,40.189387],[141.386007,40.189096],[141.385807,40.188238],[141.386032,40.187721],[141.38642,40.187404],[141.386745,40.187221],[141.386995,40.186838],[141.387045,40.18553],[141.387245,40.185038],[141.387707,40.184513],[141.387957,40.184196],[141.387982,40.183838],[141.38757,40.183138],[141.387457,40.182555],[141.38757,40.182013],[141.387957,40.181605],[141.388369,40.180705],[141.388919,40.180213],[141.389269,40.179805],[141.389244,40.17953],[141.389107,40.17908],[141.389107,40.178564],[141.389044,40.17793],[141.388994,40.17773],[141.389044,40.177414],[141.389357,40.177147],[141.389569,40.176872],[141.389432,40.176422],[141.389382,40.176014],[141.389519,40.175547],[141.389794,40.175139],[141.390182,40.174847],[141.390869,40.174664],[141.392707,40.174572],[141.393394,40.174706],[141.393632,40.174597],[141.393369,40.174306],[141.393007,40.173672],[141.392894,40.173239],[141.392844,40.172548],[141.393032,40.172206],[141.394219,40.171531],[141.394406,40.171239],[141.394456,40.170923],[141.394656,40.170514],[141.395256,40.169706],[141.395344,40.169481],[141.395306,40.169431],[141.395256,40.169398],[141.395669,40.16884],[141.396056,40.168748],[141.396606,40.168698],[141.396931,40.168565],[141.397756,40.168048],[141.397844,40.167706],[141.397619,40.167123],[141.397806,40.166715],[141.398419,40.16649],[141.399568,40.16629],[141.399868,40.166198],[141.399906,40.166132],[141.399731,40.165815],[141.399431,40.165457],[141.399181,40.164932],[141.399131,40.164507],[141.399681,40.163715],[141.399731,40.163357],[141.399793,40.163249],[141.400281,40.162949],[141.400968,40.162749],[141.401143,40.162474],[141.401143,40.162274],[141.401306,40.161799],[141.401381,40.161707],[141.401356,40.161282],[141.401443,40.160857],[141.401881,40.160607],[141.402018,40.160491],[141.401856,40.160266],[141.400918,40.159974],[141.400581,40.159707],[141.400506,40.159591],[141.400668,40.158782],[141.400306,40.158466],[141.400118,40.157949],[141.400006,40.157291],[141.399818,40.156708],[141.400006,40.156216],[141.400256,40.155741],[141.400093,40.155358],[141.398519,40.153983],[141.398356,40.153375],[141.398106,40.152791],[141.397781,40.152475],[141.397344,40.151983],[141.397256,40.151575],[141.397281,40.151191],[141.396981,40.151458],[141.396381,40.151841],[141.395794,40.152075],[141.394294,40.152341],[141.393194,40.152908],[141.392394,40.153108],[141.391482,40.153024],[141.390519,40.152733],[141.389857,40.152774],[141.388982,40.152641],[141.387995,40.152233],[141.387657,40.152324],[141.386945,40.153049],[141.38607,40.153474],[141.38527,40.153591],[141.384745,40.153499],[141.384582,40.153408],[141.384145,40.152874],[141.383845,40.152349],[141.383432,40.152308],[141.381945,40.152358],[141.381283,40.152466],[141.380983,40.152291],[141.380733,40.151949],[141.380645,40.151566],[141.380408,40.151433],[141.38027,40.151408],[141.379795,40.151408],[141.378895,40.151683],[141.37817,40.151774],[141.377708,40.151416],[141.377245,40.151166],[141.376558,40.150966],[141.374658,40.151483],[141.374271,40.151483],[141.374058,40.151283],[141.374058,40.150991],[141.373883,40.150583],[141.373746,40.150466],[141.373308,40.150383],[141.372958,40.150399],[141.371771,40.150649],[141.371458,40.150629],[141.371321,40.150566],[141.370409,40.150599],[141.369909,40.150758],[141.368234,40.151449],[141.366084,40.151857],[141.365484,40.151807],[141.364497,40.151599],[141.364034,40.151432],[141.362872,40.150583],[141.362347,40.149841],[141.361072,40.148774],[141.360684,40.148191],[141.36056,40.147233],[141.360122,40.146608],[141.359522,40.14625],[141.358397,40.145766],[141.35796,40.145608],[141.357072,40.144825],[141.35656,40.144308],[141.355785,40.143667],[141.355685,40.143392],[141.354748,40.143717],[141.353885,40.14395],[141.352685,40.143942],[141.351585,40.143858],[141.348873,40.144167],[141.348148,40.144367],[141.347686,40.144817],[141.346898,40.145342],[141.346448,40.1455],[141.345611,40.1459],[141.345373,40.145941],[141.345086,40.145841],[141.344323,40.145358],[141.343736,40.145117],[141.343148,40.145075],[141.341649,40.144675],[141.341074,40.144242],[141.340474,40.143858],[141.339286,40.143558],[141.338561,40.143283],[141.338011,40.14255],[141.337849,40.1422],[141.337312,40.141417],[141.336787,40.141009],[141.336187,40.140792],[141.335549,40.140709],[141.335349,40.140325],[141.335274,40.1391],[141.334887,40.138917],[141.333212,40.139259],[141.332462,40.139009],[141.331837,40.138984],[141.3315,40.138609],[141.331312,40.137684],[141.33075,40.137167],[141.330225,40.136809],[141.329737,40.135967],[141.329162,40.135226],[141.3287,40.134793],[141.3289,40.133909],[141.329088,40.133809],[141.329662,40.133634],[141.3302,40.133351],[141.330612,40.132801],[141.330975,40.132576],[141.330925,40.131643],[141.3313,40.131176],[141.331537,40.130793],[141.332412,40.130385],[141.333025,40.12996],[141.333,40.129818],[141.332087,40.129302],[141.331925,40.129252],[141.331775,40.12886],[141.331812,40.128327],[141.331937,40.128227],[141.332525,40.128202],[141.333525,40.12801],[141.334212,40.127635],[141.334975,40.127452],[141.335112,40.127485],[141.3359,40.128152],[141.33715,40.12931],[141.337774,40.12976],[141.338437,40.130102],[141.339999,40.130435],[141.340762,40.130852],[141.340924,40.130893],[141.342524,40.13096],[141.343961,40.130452],[141.345299,40.129494],[141.345724,40.12931],[141.345361,40.129002],[141.344499,40.12836],[141.344012,40.127894],[141.343824,40.127419],[141.343987,40.126427],[141.343587,40.125961],[141.343287,40.125811],[141.342562,40.125702],[141.341749,40.125427],[141.341087,40.124861],[141.340712,40.123869],[141.341162,40.123003],[141.341624,40.122478],[141.341474,40.122128],[141.341312,40.121961],[141.341124,40.121628],[141.340912,40.120928],[141.339725,40.119353],[141.339125,40.118745],[141.338737,40.118086],[141.338462,40.117411],[141.338487,40.116786],[141.338387,40.115703],[141.338162,40.114953],[141.33775,40.11447],[141.337312,40.113878],[141.337025,40.11312],[141.336512,40.112554],[141.336162,40.112012],[141.336225,40.111587],[141.3363,40.111379],[141.336637,40.110895],[141.337,40.110529],[141.337012,40.110029],[141.336962,40.109454],[141.336975,40.108929],[141.33725,40.107887],[141.337912,40.107087],[141.338362,40.106687],[141.338725,40.105979],[141.339037,40.105196],[141.339537,40.104738],[141.339862,40.104563],[141.340562,40.103921],[141.34065,40.103488],[141.3403,40.10263],[141.340362,40.101946],[141.340287,40.100705],[141.340462,40.099888],[141.3405,40.099372],[141.340212,40.098813],[141.339975,40.098138],[141.340112,40.09778],[141.340825,40.096972],[141.340812,40.09673],[141.340625,40.096372],[141.3406,40.09613],[141.340812,40.09588],[141.340825,40.095605],[141.34065,40.095322],[141.340237,40.094864],[141.340137,40.094697],[141.340125,40.094322],[141.340262,40.093805],[141.3405,40.093364],[141.340812,40.093089],[141.34085,40.092947],[141.34065,40.092581],[141.341125,40.091831],[141.341462,40.091522],[141.341762,40.091439],[141.342012,40.091531],[141.342462,40.091514],[141.34285,40.091422],[141.343125,40.091214],[141.343487,40.090798],[141.344175,40.090356],[141.344375,40.090273],[141.34475,40.090281],[141.34555,40.090389],[141.345712,40.090389],[141.345887,40.090014],[141.346012,40.089189],[141.346637,40.088781],[141.347075,40.088265],[141.347774,40.087598],[141.348174,40.08699],[141.348237,40.086698],[141.347849,40.086381],[141.347699,40.086132],[141.347649,40.086107],[141.347712,40.086065],[141.347549,40.085815],[141.347537,40.085382],[141.347674,40.08514],[141.347849,40.085048],[141.348537,40.08484],[141.349274,40.084123],[141.349412,40.083899],[141.351137,40.08209],[141.351987,40.081482],[141.352399,40.080966],[141.352374,40.080849],[141.352462,40.080174],[141.352737,40.079841],[141.352737,40.079408],[141.352949,40.078983],[141.353012,40.078799],[141.352974,40.078508],[141.352624,40.077791],[141.352399,40.077158],[141.352787,40.076958],[141.353999,40.076725],[141.355561,40.075891],[141.356161,40.075216],[141.357011,40.074183],[141.357286,40.074158],[141.357899,40.074292],[141.358911,40.074158],[141.360586,40.073209],[141.361361,40.072892],[141.362811,40.072059],[141.363886,40.071534],[141.364873,40.070992],[141.365173,40.070451],[141.365198,40.070209],[141.364948,40.069126],[141.364598,40.068109],[141.364186,40.067709],[141.363023,40.067051],[141.362361,40.066451],[141.361649,40.066109],[141.360849,40.065818],[141.360324,40.065709],[141.359399,40.065709],[141.358649,40.065618],[141.357849,40.065276],[141.357549,40.064984],[141.356562,40.064334],[141.355462,40.063909],[141.354525,40.063643],[141.353612,40.063276],[141.35235,40.062293],[141.351587,40.061909],[141.350588,40.061618],[141.349575,40.061026],[141.348413,40.060626],[141.347563,40.060826],[141.346713,40.061418],[141.345888,40.061526],[141.345126,40.061759],[141.344513,40.062051],[141.343776,40.061893],[141.342538,40.061084],[141.342376,40.060718],[141.343088,40.059868],[141.343188,40.059776],[141.343138,40.05926],[141.342751,40.058043],[141.342426,40.057593],[141.341901,40.05716],[141.340901,40.055968],[141.340389,40.055677],[141.339839,40.055652],[141.339639,40.055727],[141.338876,40.055885],[141.337776,40.05586],[141.337114,40.056151],[141.336976,40.056268],[141.336339,40.056085],[141.335652,40.055702],[141.334227,40.05566],[141.333452,40.055751],[141.333239,40.055951],[141.332989,40.056901],[141.333052,40.057551],[141.332189,40.057893],[141.332002,40.057918],[141.331514,40.058184],[141.331039,40.059401],[141.330902,40.059584],[141.330577,40.059401],[141.330214,40.059109],[141.329802,40.058951],[141.329414,40.058526],[141.328627,40.057876],[141.327577,40.057359],[141.32614,40.05641],[141.32549,40.056051],[141.32419,40.056076],[141.32364,40.05596],[141.323265,40.056168],[141.322378,40.056884],[141.321828,40.057118],[141.320703,40.056059],[141.31969,40.055335],[141.318728,40.055018],[141.317153,40.054951],[141.316691,40.054843],[141.316028,40.054351],[141.315178,40.053968],[141.314328,40.053518],[141.312566,40.052185],[141.312429,40.052235],[141.310441,40.05341],[141.309591,40.054193],[141.309216,40.054401],[141.307316,40.054668],[141.306929,40.054901],[141.305717,40.055959],[141.305529,40.056067],[141.304379,40.055709],[141.303279,40.055418],[141.302417,40.055643],[141.301904,40.055917],[141.29948,40.056684],[141.29868,40.057109],[141.298817,40.058325],[141.298542,40.058734],[141.297917,40.05925],[141.297505,40.059934],[141.29723,40.06],[141.297067,40.059975],[141.295492,40.060092],[141.293018,40.060475],[141.292143,40.060342],[141.291155,40.060275],[141.290305,40.060025],[141.289668,40.059733],[141.289531,40.059442],[141.289556,40.058042],[141.289781,40.056692],[141.290081,40.056284],[141.289968,40.055834],[141.290106,40.055292],[141.289718,40.055067],[141.289056,40.054826],[141.288781,40.054617],[141.288681,40.054284],[141.289281,40.053651],[141.289006,40.052659],[141.289118,40.052051],[141.288956,40.051668],[141.289169,40.051335],[141.289231,40.051018],[141.289194,40.050901],[141.289444,40.050293],[141.289056,40.049551],[141.289256,40.049168],[141.289531,40.048735],[141.289581,40.048285],[141.289944,40.048018],[141.290381,40.047993],[141.290843,40.048177],[141.291068,40.048127],[141.291118,40.04781],[141.291581,40.047269],[141.292243,40.04691],[141.292606,40.046552],[141.292606,40.046102],[141.293131,40.045269],[141.293893,40.044452],[141.294943,40.043936],[141.296506,40.043486],[141.297055,40.043236],[141.297718,40.042536],[141.298368,40.041586],[141.298918,40.040911],[141.29898,40.040728],[141.298843,40.04012],[141.297931,40.039178],[141.295981,40.035554],[141.295894,40.035462],[141.295844,40.035487],[141.295669,40.035237],[141.295294,40.034812],[141.294581,40.034404],[141.293556,40.033929],[141.291607,40.032937],[141.289594,40.032087],[141.288032,40.031521],[141.287345,40.031212],[141.287207,40.031304],[141.286545,40.031887],[141.285857,40.032695],[141.284495,40.034437],[141.28237,40.036778],[141.281545,40.037453],[141.281195,40.037611],[141.28037,40.03822],[141.279683,40.038903],[141.27902,40.039803],[141.277645,40.041536],[141.276858,40.041811],[141.274183,40.042394],[141.272571,40.042419],[141.270534,40.042494],[141.268721,40.04231],[141.267872,40.042535],[141.267347,40.04261],[141.265697,40.042902],[141.264022,40.043577],[141.262585,40.043918],[141.26111,40.043694],[141.259785,40.04331],[141.258435,40.043019],[141.255585,40.042235],[141.253848,40.041894],[141.253348,40.041852],[141.253211,40.041985],[141.252061,40.041877],[141.251211,40.042235],[141.251023,40.042352],[141.250386,40.043502],[141.250248,40.04366],[141.249698,40.044068],[141.248186,40.044926],[141.246974,40.045468],[141.246761,40.045576],[141.246561,40.04601],[141.246598,40.046768],[141.246761,40.047518],[141.247011,40.048126],[141.247386,40.049226],[141.247223,40.049501],[141.247148,40.049568],[141.246473,40.049655],[141.245723,40.049776],[141.245298,40.049917],[141.244974,40.050101],[141.244786,40.050642],[141.244761,40.051376],[141.244586,40.052001],[141.244423,40.052217],[141.243698,40.053592],[141.243211,40.054084],[141.242586,40.054242],[141.241636,40.054225],[141.240861,40.054433],[141.240161,40.0544],[141.238912,40.053975],[141.238074,40.053817],[141.237049,40.053842],[141.236024,40.054008],[141.235637,40.054175],[141.235274,40.054508],[141.23235,40.056766],[141.231062,40.057783],[141.229412,40.058999],[141.228725,40.059241],[141.226863,40.059433],[141.226288,40.059383],[141.225338,40.059399],[141.224438,40.058841],[141.223726,40.058149],[141.223201,40.058024],[141.222501,40.058208],[141.221363,40.058241],[141.220438,40.057924],[141.219351,40.057758],[141.218514,40.058099],[141.217551,40.058541],[141.217001,40.058741],[141.216101,40.058641],[141.215139,40.058691],[141.214114,40.058849],[141.212052,40.058807],[141.211689,40.058924],[141.210427,40.059174],[141.209102,40.059207],[141.207902,40.059107],[141.20714,40.059207],[141.206028,40.059274],[141.202515,40.058574],[141.201253,40.058624],[141.200153,40.058907],[141.199066,40.058974],[141.197841,40.059107],[141.193654,40.059965],[141.193066,40.06004],[141.192091,40.059948],[141.191654,40.059823],[141.191454,40.060248],[141.190692,40.060473],[141.189867,40.060581],[141.189454,40.060656],[141.188892,40.060923],[141.188217,40.061298],[141.187142,40.061598],[141.185992,40.062464],[141.185767,40.062589],[141.185504,40.062873],[141.185417,40.063273],[141.185229,40.063581],[141.184555,40.064331],[141.183567,40.065506],[141.18353,40.065622],[141.182855,40.066097],[141.182642,40.066156],[141.18183,40.066222],[141.181717,40.066214],[141.18168,40.066181],[141.180905,40.066147],[141.180405,40.066322],[141.179905,40.066639],[141.179392,40.067055],[141.178855,40.067564],[141.17858,40.06803],[141.178605,40.068439],[141.178418,40.068789],[141.178118,40.069247],[141.176943,40.070447],[141.175093,40.07193],[141.174368,40.07268],[141.17378,40.073455],[141.173156,40.074029],[141.172556,40.074346],[141.171731,40.075213],[141.170968,40.075713],[141.170268,40.075963],[141.169581,40.076404],[141.168168,40.077446],[141.167306,40.077971],[141.165769,40.078737],[141.165269,40.078929],[141.164069,40.079279],[141.163056,40.079387],[141.162557,40.079395],[141.162107,40.07957],[141.160107,40.080437],[141.159082,40.080787],[141.158894,40.08082],[141.159094,40.08137],[141.159294,40.081603],[141.159919,40.082278],[141.160382,40.08282],[141.160482,40.08327],[141.160582,40.083478],[141.160882,40.083595],[141.161669,40.083761],[141.161882,40.083978],[141.161832,40.084453],[141.161519,40.085269],[141.161319,40.085461],[141.161007,40.085594],[141.160619,40.085653],[141.160157,40.085769],[141.159832,40.085928],[141.159682,40.086078],[141.159532,40.086103],[141.159419,40.086194],[141.159144,40.086486],[141.158932,40.086752],[141.158744,40.087244],[141.158557,40.087644],[141.158219,40.088202],[141.157857,40.088769],[141.157757,40.088969],[141.157557,40.089094],[141.157119,40.089185],[141.156407,40.089277],[141.155832,40.089335],[141.155445,40.08941],[141.154907,40.089052],[141.15467,40.088894],[141.15432,40.088819],[141.153995,40.088794],[141.153732,40.088869],[141.15342,40.088969],[141.153132,40.088935],[141.152895,40.088894],[141.152445,40.088677],[141.152207,40.088469],[141.151832,40.088135],[141.151682,40.087927],[141.15172,40.08761],[141.151757,40.087369],[141.151732,40.087194],[141.151595,40.087069],[141.15142,40.086936],[141.151033,40.086827],[141.150758,40.086786],[141.15042,40.086752],[141.150145,40.086786],[141.149945,40.086786],[141.149708,40.086669],[141.149258,40.086419],[141.148795,40.086102],[141.148445,40.085919],[141.14787,40.085469],[141.147333,40.085086],[141.145795,40.084102],[141.142621,40.081836],[141.141933,40.081378],[141.141333,40.081061],[141.140758,40.080853],[141.139946,40.080611],[141.139221,40.080236],[141.138859,40.079969],[141.124898,40.071645],[141.124698,40.071395],[141.124585,40.070962],[141.124523,40.070562],[141.123948,40.06937],[141.123535,40.06897],[141.123198,40.068787],[141.121673,40.068154],[141.121486,40.0681],[141.121336,40.06812],[141.121073,40.068037],[141.120923,40.068037],[141.120198,40.067854],[141.119986,40.067812],[141.119661,40.067812],[141.118986,40.067904],[141.118436,40.068045],[141.117761,40.068062],[141.117523,40.068087],[141.116886,40.06802],[141.116824,40.068045],[141.116261,40.067954],[141.115774,40.067962],[141.115736,40.067979],[141.114486,40.068054],[141.113861,40.068029],[141.113574,40.068054],[141.112986,40.068012],[141.112836,40.068329],[141.112549,40.068729],[141.112436,40.06882],[141.112049,40.068979],[141.111612,40.069229],[141.110249,40.070262],[141.109924,40.070445],[141.109599,40.070603],[141.109462,40.07072],[141.108874,40.070895],[141.108487,40.070945],[141.108137,40.070903],[141.107762,40.070678],[141.107162,40.070295],[141.106812,40.07007],[141.106575,40.069895],[141.10585,40.06947],[141.1054,40.069262],[141.104987,40.068887],[141.104437,40.068187],[141.104162,40.067762],[141.103837,40.06747],[141.103662,40.067245],[141.102962,40.06662],[141.101575,40.065404],[141.101162,40.065137],[141.100638,40.064737],[141.1004,40.064487],[141.099725,40.064062],[141.09925,40.063721],[141.0981,40.062937],[141.097988,40.062896],[141.097725,40.062671],[141.097275,40.062429],[141.096925,40.062179],[141.096425,40.061912],[141.096138,40.061687],[141.0959,40.061554],[141.095313,40.061104],[141.093813,40.060137],[141.093551,40.060004],[141.092751,40.059487],[141.092313,40.059154],[141.091376,40.058529],[141.091138,40.058388],[141.090464,40.057879],[141.089839,40.057521],[141.088289,40.056529],[141.087664,40.056104],[141.087139,40.055704],[141.086614,40.055296],[141.086051,40.054988],[141.085489,40.054604],[141.084252,40.053913],[141.083752,40.053571],[141.082227,40.052655],[141.080852,40.05178],[141.079727,40.051155],[141.079377,40.050955],[141.07824,40.050305],[141.078177,40.050238],[141.076153,40.04903],[141.074828,40.048263],[141.074178,40.047863],[141.073266,40.047372],[141.072028,40.046613],[141.071478,40.046255],[141.069891,40.04533],[141.069329,40.044972],[141.068866,40.04473],[141.068566,40.044505],[141.068154,40.044305],[141.067217,40.043722],[141.066429,40.043272],[141.066017,40.043072],[141.065654,40.042806],[141.065279,40.042606],[141.064717,40.042247],[141.064605,40.042197],[141.064455,40.042089],[141.064305,40.042022],[141.064367,40.042039],[141.064105,40.041889],[141.063217,40.041256],[141.061993,40.040589],[141.061493,40.040297],[141.061255,40.040097],[141.060193,40.039464],[141.057606,40.037881],[141.057293,40.037723],[141.056319,40.037139],[141.055469,40.036606],[141.055231,40.03649],[141.054906,40.036223],[141.054082,40.035815],[141.053907,40.035681],[141.053232,40.035373],[141.052944,40.035123],[141.052182,40.034748],[141.051232,40.034323],[141.05062,40.033981],[141.049795,40.033673],[141.04957,40.033556],[141.049032,40.033156],[141.048945,40.032973],[141.048508,40.032457],[141.048358,40.03224],[141.047945,40.031498],[141.047945,40.031432],[141.047683,40.031048],[141.047558,40.030998],[141.047533,40.030957],[141.047183,40.030848],[141.04712,40.030798],[141.046158,40.03049],[141.045921,40.030398],[141.045621,40.030198],[141.045533,40.030065],[141.045533,40.029998],[141.045358,40.029682],[141.045333,40.029499],[141.044683,40.028399],[141.044033,40.02739],[141.043946,40.02719],[141.042121,40.026882],[141.041571,40.026765],[141.041184,40.026615],[141.040921,40.026549],[141.040859,40.026549],[141.040859,40.026524],[141.040596,40.026407],[141.040271,40.026323],[141.039721,40.026123],[141.039546,40.02599],[141.039071,40.025782],[141.038459,40.025698],[141.037522,40.025748],[141.037547,40.025723],[141.037459,40.025607],[141.037109,40.024757],[141.036959,40.024282],[141.036809,40.024215],[141.036484,40.024173],[141.035522,40.023932],[141.034584,40.023773],[141.034522,40.023748],[141.033647,40.024273],[141.032922,40.02459],[141.032597,40.024631],[141.032122,40.024656],[141.030597,40.024506],[141.030372,40.024456],[141.030022,40.02444],[141.029435,40.024481],[141.029397,40.024465],[141.028735,40.024648],[141.028523,40.024731],[141.028085,40.024848],[141.027735,40.025006],[141.02756,40.025048],[141.027298,40.025073],[141.02671,40.025031],[141.026035,40.024898],[141.02571,40.024873],[141.025398,40.024948],[141.02531,40.02504],[141.024785,40.025306],[141.024723,40.025373],[141.024223,40.025556],[141.023636,40.025673],[141.023461,40.025848],[141.023323,40.025964],[141.023236,40.026056],[141.023198,40.026139],[141.022361,40.027114],[141.021136,40.027989],[141.021048,40.028039],[141.020786,40.028064],[141.020511,40.027922],[141.020223,40.027589],[141.020223,40.027547],[141.019986,40.027298],[141.019786,40.027206],[141.018786,40.027098],[141.017936,40.027031],[141.017674,40.027056],[141.017111,40.027147],[141.016911,40.027147],[141.016149,40.027239],[141.015736,40.027264],[141.015061,40.027514],[141.014686,40.027581],[141.013487,40.027631],[141.013099,40.027656],[141.012962,40.027589],[141.012787,40.027272],[141.012724,40.027139],[141.012662,40.027114],[141.012399,40.026756],[141.011487,40.025856],[141.011162,40.025881],[141.010262,40.026114],[141.009937,40.026222],[141.00865,40.026497],[141.008262,40.026522],[141.007887,40.026497],[141.007775,40.026522],[141.007625,40.026772],[141.007512,40.026839],[141.007337,40.026864],[141.007125,40.026706],[141.007062,40.026522],[141.006975,40.026347],[141.006925,40.026097],[141.0066,40.025647],[141.006562,40.025489],[141.006275,40.025314],[141.006062,40.025331],[141.005775,40.025447],[141.005625,40.025539],[141.005337,40.025514],[141.0051,40.025339],[141.004925,40.025064],[141.0048,40.024797],[141.0046,40.024572],[141.003837,40.024081],[141.003425,40.023906],[141.002863,40.023522],[141.0026,40.023206],[141.002338,40.023006],[141.002013,40.022831],[141.001863,40.022647],[141.001663,40.022064],[141.001538,40.021456],[141.001475,40.021298],[141.001388,40.021123],[141.0003,40.020339],[140.999925,40.020156],[140.99895,40.019873],[140.99825,40.019806],[140.997313,40.019831],[140.996813,40.019872],[140.996498,40.019959],[140.996163,40.019989],[140.994926,40.019864],[140.994751,40.019822],[140.994288,40.019456],[140.994138,40.019231],[140.993976,40.018572],[140.993826,40.017823],[140.993476,40.017506],[140.991726,40.016564],[140.990451,40.015564],[140.990189,40.015448],[140.989539,40.015289],[140.989426,40.015039],[140.989551,40.014539],[140.989489,40.014423],[140.988964,40.013923],[140.988114,40.013289],[140.986601,40.012239],[140.985751,40.011781],[140.984726,40.011364],[140.982739,40.010764],[140.982302,40.010606],[140.981452,40.010189],[140.980052,40.009073],[140.979064,40.008531],[140.978652,40.008165],[140.97784,40.007706],[140.97769,40.007456],[140.97629,40.006723],[140.97579,40.006565],[140.975065,40.006648],[140.974477,40.006348],[140.974215,40.005923],[140.973953,40.00569],[140.973453,40.00544],[140.97299,40.004915],[140.972553,40.004282],[140.972128,40.003265],[140.972003,40.002748],[140.965304,39.989883],[140.966154,39.986317],[140.96013,39.978609],[140.95918,39.977867],[140.958993,39.977792],[140.958655,39.977717],[140.958105,39.977701],[140.956243,39.977742],[140.953693,39.977734],[140.952343,39.977675],[140.948856,39.977475],[140.946594,39.977117],[140.945569,39.977059],[140.942982,39.976934],[140.941682,39.977084],[140.940382,39.977425],[140.940444,39.977234],[140.940607,39.976159],[140.940519,39.975392],[140.940432,39.975175],[140.940107,39.974834],[140.937595,39.973442],[140.936645,39.972834],[140.935907,39.972284],[140.935345,39.971492],[140.934845,39.971267],[140.934158,39.971276],[140.933258,39.971442],[140.933183,39.971492],[140.932858,39.971234],[140.93167,39.969917],[140.929896,39.968484],[140.929021,39.967692],[140.926221,39.965001],[140.925296,39.964259],[140.924446,39.964059],[140.921972,39.963768],[140.920984,39.963609],[140.919797,39.963209],[140.918135,39.962409],[140.917097,39.961793],[140.915822,39.960743],[140.914972,39.959968],[140.914547,39.959635],[140.914173,39.959576],[140.913385,39.95956],[140.912173,39.959585],[140.910835,39.959518],[140.90951,39.959509],[140.908211,39.959676],[140.907648,39.959651],[140.906648,39.959668],[140.905373,39.960018],[140.905161,39.960001],[140.904573,39.959743],[140.900799,39.957601],[140.900386,39.957035],[140.899812,39.955635],[140.899087,39.953901],[140.898599,39.953143],[140.898362,39.952952],[140.898262,39.95296],[140.8981,39.953035],[140.897687,39.953293],[140.897325,39.953601],[140.895962,39.954535],[140.894937,39.955126],[140.894,39.955601],[140.893037,39.956035],[140.890287,39.957143],[140.88585,39.959334],[140.884788,39.959759],[140.882888,39.960309],[140.881975,39.960534],[140.881038,39.960651],[140.879913,39.960634],[140.878601,39.960426],[140.877251,39.960092],[140.876463,39.959751],[140.875776,39.959159],[140.875338,39.958618],[140.875189,39.958234],[140.874601,39.957101],[140.874214,39.956201],[140.873964,39.955918],[140.873801,39.955935],[140.873551,39.956009],[140.873039,39.956476],[140.872764,39.956909],[140.872551,39.957351],[140.872139,39.958026],[140.871539,39.958084],[140.871513,39.958062],[140.871226,39.957851],[140.870889,39.957334],[140.870539,39.956909],[140.870077,39.956509],[140.868939,39.955926],[140.868077,39.955143],[140.867489,39.954943],[140.867089,39.954993],[140.866665,39.954968],[140.866165,39.954543],[140.865827,39.95376],[140.865452,39.95351],[140.865052,39.95336],[140.863902,39.953793],[140.863465,39.953885],[140.863127,39.953885],[140.862727,39.95371],[140.862428,39.953435],[140.86189,39.952785],[140.861553,39.952493],[140.861153,39.952501],[140.859628,39.952893],[140.858778,39.952985],[140.858378,39.952893],[140.857828,39.952718],[140.857365,39.952635],[140.857328,39.95281],[140.856588,39.953576],[140.856516,39.953651],[140.854903,39.954809],[140.854728,39.955751],[140.854278,39.956592],[140.853066,39.957384],[140.851991,39.957392],[140.851203,39.95755],[140.850016,39.958167],[140.848579,39.958267],[140.848241,39.958333],[140.847941,39.958742],[140.847916,39.9591],[140.848004,39.959325],[140.848166,39.959642],[140.848354,39.960092],[140.848829,39.96115],[140.848891,39.961842],[140.848803,39.962566],[140.848328,39.963583],[140.847728,39.964549],[140.847391,39.964958],[140.847166,39.965999],[140.847203,39.967216],[140.847303,39.967666],[140.847366,39.968316],[140.847591,39.96879],[140.847753,39.969399],[140.847753,39.96964],[140.847028,39.970507],[140.846753,39.970982],[140.846428,39.971723],[140.846041,39.972132],[140.846378,39.973031],[140.846353,39.973615],[140.846153,39.974065],[140.845628,39.974473],[140.845328,39.974973],[140.845603,39.975156],[140.846441,39.975598],[140.846653,39.975823],[140.846878,39.976156],[140.84714,39.977822],[140.847903,39.980589],[140.847865,39.98298],[140.84804,39.984397],[140.84839,39.985838],[140.848365,39.986513],[140.84829,39.987171],[140.848265,39.987755],[140.848327,39.98823],[140.848915,39.988655],[140.849165,39.988788],[140.849565,39.989388],[140.849727,39.989796],[140.849815,39.990246],[140.850302,39.991821],[140.850615,39.992671],[140.850739,39.993146],[140.850777,39.993979],[140.850727,39.994721],[140.850714,39.996254],[140.850964,39.99927],[140.850939,39.999795],[140.850514,40.00047],[140.850152,40.000945],[140.849889,40.001778],[140.849439,40.002545],[140.849127,40.00277],[140.848877,40.002845],[140.848852,40.002936],[140.84874,40.003069],[140.848415,40.003636],[140.848377,40.003861],[140.849052,40.005303],[140.849089,40.006003],[140.848877,40.007336],[140.849014,40.008052],[140.849489,40.009111],[140.849827,40.009627],[140.850414,40.010169],[140.850827,40.010752],[140.851226,40.011435],[140.851726,40.011927],[140.852139,40.012102],[140.853664,40.012552],[140.853951,40.01336],[140.854476,40.013544],[140.855001,40.013677],[140.855426,40.014035],[140.855563,40.014619],[140.855813,40.015385],[140.855651,40.015819],[140.854988,40.016227],[140.854213,40.016927],[140.853613,40.017585],[140.853338,40.01801],[140.853126,40.018801],[140.853376,40.019251],[140.853288,40.019751],[140.853151,40.020068],[140.853213,40.020268],[140.853576,40.020626],[140.854013,40.020985],[140.854713,40.02126],[140.855326,40.021685],[140.855463,40.022251],[140.855001,40.023351],[140.854563,40.024259],[140.852826,40.024876],[140.851851,40.025484],[140.851913,40.025959],[140.852276,40.026342],[140.852326,40.026542],[140.851951,40.027084],[140.851338,40.027675],[140.851063,40.028034],[140.850763,40.028534],[140.850988,40.028825],[140.851626,40.029209],[140.851651,40.029567],[140.851026,40.030725],[140.850388,40.031375],[140.850388,40.031833],[140.850588,40.0323],[140.851088,40.032933],[140.851838,40.033383],[140.852201,40.033808],[140.852263,40.034533],[140.854075,40.035833],[140.854713,40.036466],[140.854963,40.036824],[140.855212,40.037366],[140.855337,40.038108],[140.855225,40.038716],[140.854837,40.039507],[140.854675,40.039982],[140.854625,40.040499],[140.854662,40.04154],[140.854487,40.04199],[140.854412,40.04249],[140.854862,40.043415],[140.855525,40.044065],[140.855537,40.044223],[140.8554,40.045148],[140.855375,40.04564],[140.8554,40.045981],[140.855375,40.046498],[140.8548,40.047656],[140.854362,40.048264],[140.854,40.048923],[140.853587,40.049798],[140.853212,40.050164],[140.852737,40.050522],[140.852462,40.050864],[140.85235,40.051364],[140.852325,40.051839],[140.852362,40.052305],[140.851612,40.052872],[140.85125,40.053189],[140.851062,40.053847],[140.8511,40.054455],[140.851012,40.055063],[140.851212,40.055897],[140.851275,40.056713],[140.85025,40.057863],[140.850262,40.058588],[140.850562,40.059221],[140.850649,40.059713],[140.850649,40.060305],[140.850874,40.060821],[140.850987,40.061246],[140.850749,40.061696],[140.850299,40.062088],[140.849312,40.062746],[140.848725,40.063171],[140.847575,40.064737],[140.847187,40.065437],[140.847162,40.065821],[140.84705,40.066454],[140.846974,40.066721],[140.846525,40.067196],[140.846287,40.067629],[140.846237,40.068304],[140.846237,40.06887],[140.846012,40.069454],[140.845549,40.07002],[140.845299,40.070537],[140.845274,40.071103],[140.845112,40.071695],[140.844862,40.07232],[140.844424,40.073253],[140.844512,40.073812],[140.844512,40.074603],[140.844874,40.074945],[140.845387,40.075236],[140.845887,40.075478],[140.846487,40.075478],[140.846936,40.07552],[140.847824,40.076261],[140.849361,40.077253],[140.850949,40.077811],[140.851474,40.07812],[140.851561,40.07932],[140.851811,40.079811],[140.851648,40.08047],[140.851461,40.080945],[140.851511,40.081211],[140.851761,40.081303],[140.852936,40.081528],[140.853961,40.081928],[140.854211,40.082403],[140.854186,40.083078],[140.854086,40.083644],[140.854086,40.084161],[140.854223,40.084611],[140.854536,40.084928],[140.854973,40.085194],[140.855623,40.085486],[140.856561,40.085844],[140.85691,40.086094],[140.858048,40.086286],[140.85851,40.086269],[140.85891,40.086094],[140.859173,40.085994],[140.859423,40.085836],[140.859948,40.085628],[140.861185,40.084886],[140.861773,40.084703],[140.862223,40.084678],[140.86266,40.08472],[140.863048,40.084878],[140.863747,40.085353],[140.86411,40.085661],[140.86431,40.085911],[140.864735,40.086094],[140.865872,40.086786],[140.866685,40.087503],[140.867534,40.089036],[140.867997,40.089486],[140.868322,40.089736],[140.868784,40.090003],[140.869422,40.090294],[140.870384,40.090611],[140.871506,40.090757],[140.871784,40.090936],[140.872046,40.091186],[140.872259,40.091527],[140.872921,40.092377],[140.873334,40.093261],[140.873571,40.093594],[140.874058,40.094002],[140.874408,40.094227],[140.875308,40.094602],[140.875346,40.094694],[140.875308,40.094919],[140.875408,40.09556],[140.875758,40.09651],[140.876021,40.096819],[140.876395,40.097185],[140.87672,40.097677],[140.877145,40.097968],[140.87732,40.09816],[140.877358,40.098327],[140.877045,40.099402],[140.877108,40.099935],[140.877308,40.100285],[140.877395,40.100768],[140.877258,40.101351],[140.877083,40.101851],[140.876932,40.102485],[140.877032,40.103043],[140.877207,40.103568],[140.877445,40.104609],[140.87747,40.105409],[140.877657,40.105401],[140.877845,40.105359],[140.87822,40.105343],[140.878807,40.105426],[140.879107,40.105526],[140.879257,40.105601],[140.87937,40.105743],[140.879532,40.106017],[140.87962,40.106267],[140.879657,40.106551],[140.879657,40.106992],[140.879544,40.107634],[140.879369,40.108334],[140.879332,40.108559],[140.879307,40.109917],[140.879244,40.110742],[140.879219,40.111008],[140.879269,40.111125],[140.879357,40.11125],[140.879444,40.111358],[140.880269,40.11205],[140.880544,40.1123],[140.880744,40.1126],[140.880894,40.112933],[140.880982,40.113367],[140.881032,40.1138],[140.880994,40.1139],[140.880907,40.113991],[140.879432,40.114758],[140.879019,40.114916],[140.878707,40.115008],[140.878094,40.115266],[140.877544,40.115366],[140.876844,40.115416],[140.876157,40.115416],[140.875257,40.115383],[140.871505,40.115837],[140.871395,40.115841],[140.871195,40.115999],[140.871082,40.116274],[140.870932,40.116999],[140.87082,40.117332],[140.87082,40.117649],[140.870945,40.117991],[140.871382,40.118624],[140.871505,40.118912],[140.872257,40.11979],[140.873482,40.121549],[140.873682,40.121948],[140.873982,40.122348],[140.874094,40.122465],[140.873544,40.123015],[140.873394,40.12324],[140.873282,40.123565],[140.873019,40.124073],[140.872444,40.124665],[140.872157,40.12489],[140.871607,40.125431],[140.871504,40.125478],[140.87082,40.126364],[140.869857,40.127248],[140.869407,40.127789],[140.869057,40.128264],[140.868882,40.128764],[140.86857,40.129306],[140.867645,40.130006],[140.867332,40.130372],[140.867132,40.130847],[140.867045,40.131997],[140.867082,40.13238],[140.867369,40.132764],[140.868269,40.133505],[140.868969,40.134363],[140.869232,40.134922],[140.869444,40.135238],[140.869507,40.135422],[140.869707,40.13578],[140.870144,40.136188],[140.870781,40.137088],[140.871081,40.137405],[140.871504,40.137668],[140.872994,40.138463],[140.873381,40.138738],[140.874456,40.139388],[140.874593,40.139563],[140.874556,40.13963],[140.874343,40.139813],[140.874168,40.140096],[140.874231,40.140471],[140.874281,40.141713],[140.874531,40.142996],[140.874793,40.143354],[140.875264,40.143697],[140.875893,40.144229],[140.876481,40.144587],[140.876793,40.145079],[140.877005,40.145946],[140.878143,40.147354],[140.878518,40.14772],[140.878893,40.147987],[140.87913,40.148387],[140.87948,40.148887],[140.879918,40.14927],[140.880905,40.149779],[140.881692,40.150504],[140.882192,40.150903],[140.882367,40.151253],[140.883067,40.153412],[140.883042,40.153795],[140.882905,40.154353],[140.882792,40.155195],[140.88238,40.155845],[140.882205,40.156053],[140.882592,40.156611],[140.883029,40.157036],[140.883592,40.157378],[140.883467,40.157644],[140.882892,40.158494],[140.882542,40.158894],[140.881067,40.159994],[140.880779,40.160061],[140.88028,40.159936],[140.879592,40.159886],[140.878867,40.159994],[140.877205,40.160319],[140.875767,40.160827],[140.875005,40.160794],[140.874343,40.160569],[140.872768,40.160152],[140.87218,40.160094],[140.87173,40.16006],[140.871503,40.159998],[140.87053,40.159802],[140.869281,40.15951],[140.868856,40.159535],[140.868393,40.159785],[140.867668,40.160668],[140.867031,40.162002],[140.866693,40.162385],[140.866281,40.16261],[140.865568,40.163126],[140.864981,40.163376],[140.863793,40.163768],[140.863456,40.163993],[140.862731,40.164809],[140.862068,40.165243],[140.861693,40.165693],[140.861456,40.166526],[140.861381,40.167609],[140.860568,40.168267],[140.859793,40.168717],[140.859731,40.169259],[140.859806,40.169417],[140.859831,40.1695],[140.859868,40.169792],[140.859781,40.169909],[140.859718,40.170134],[140.859718,40.170359],[140.859206,40.1709],[140.859118,40.171234],[140.859143,40.171484],[140.859593,40.172017],[140.859656,40.172134],[140.859718,40.172425],[140.859943,40.172583],[140.860068,40.172717],[140.860131,40.17285],[140.860131,40.173167],[140.860193,40.173325],[140.860606,40.173592],[140.861431,40.173992],[140.862368,40.174392],[140.86273,40.174617],[140.863168,40.1748],[140.863643,40.175042],[140.863793,40.175158],[140.86558,40.176183],[140.86623,40.176608],[140.86653,40.176875],[140.867442,40.177417],[140.86798,40.177658],[140.868855,40.17795],[140.869892,40.1781],[140.870004,40.17815],[140.871029,40.178192],[140.871067,40.178208],[140.871417,40.178233],[140.871502,40.178179],[140.872042,40.178167],[140.872392,40.178208],[140.872717,40.178433],[140.873042,40.178792],[140.873542,40.179108],[140.874154,40.179175],[140.874716,40.179283],[140.875504,40.179575],[140.875804,40.179917],[140.875954,40.180275],[140.876304,40.180633],[140.876716,40.180767],[140.877479,40.1809],[140.877804,40.181175],[140.878453,40.182383],[140.878866,40.182766],[140.879516,40.182991],[140.880066,40.183241],[140.881241,40.184158],[140.882928,40.1854],[140.88984,40.190474],[140.890314,40.190766],[140.890664,40.191083],[140.892252,40.192224],[140.892527,40.192382],[140.892664,40.192516],[140.892402,40.192674],[140.891964,40.192857],[140.891877,40.193216],[140.892027,40.193799],[140.891939,40.194249],[140.891614,40.194815],[140.891439,40.195424],[140.891327,40.196657],[140.891239,40.197065],[140.891002,40.197315],[140.890477,40.197715],[140.889977,40.198232],[140.889689,40.198757],[140.889402,40.199382],[140.889402,40.200123],[140.889577,40.200623],[140.889902,40.200865],[140.890339,40.200981],[140.890727,40.201273],[140.890927,40.20154],[140.891277,40.201831],[140.891689,40.20199],[140.892101,40.202281],[140.893026,40.203523],[140.893339,40.20379],[140.893701,40.204173],[140.894814,40.205023],[140.895351,40.205339],[140.895814,40.205764],[140.896089,40.206148],[140.896051,40.206598],[140.896151,40.206798],[140.896501,40.207181],[140.897114,40.207539],[140.898063,40.207973],[140.898676,40.208106],[140.898701,40.208148],[140.898563,40.208264],[140.898326,40.208623],[140.898301,40.209297],[140.898476,40.209814],[140.898538,40.210397],[140.898713,40.210981],[140.898951,40.211522],[140.899101,40.211997],[140.899076,40.212422],[140.898626,40.212647],[140.898126,40.212714],[140.896951,40.21308],[140.895926,40.213547],[140.895814,40.213755],[140.896638,40.214564],[140.897963,40.215463],[140.898901,40.215863],[140.899751,40.216063],[140.900701,40.216247],[140.901438,40.21633],[140.902075,40.216488],[140.90255,40.216872],[140.9032,40.21748],[140.903763,40.217838],[140.904288,40.218422],[140.904375,40.218855],[140.904413,40.219322],[140.904975,40.22173],[140.905175,40.222021],[140.906125,40.222496],[140.907325,40.222871],[140.908737,40.223463],[140.909187,40.223571],[140.90965,40.223438],[140.910275,40.223163],[140.910862,40.223138],[140.913762,40.223563],[140.914624,40.223721],[140.915887,40.223813],[140.917499,40.223496],[140.918237,40.223496],[140.918974,40.223696],[140.919624,40.223946],[140.920174,40.224346],[140.921736,40.225113],[140.922586,40.22538],[140.923361,40.225671],[140.925449,40.226146],[140.925736,40.226163],[140.927673,40.226138],[140.929561,40.226363],[140.930361,40.226496],[140.931998,40.226363],[140.93376,40.226138],[140.934198,40.226113],[140.934673,40.226271],[140.935173,40.226563],[140.936148,40.227055],[140.936935,40.227238],[140.93771,40.227305],[140.938497,40.227305],[140.939647,40.227163],[140.940297,40.227005],[140.94091,40.226896],[140.941822,40.227721],[140.941997,40.228088],[140.942147,40.228555],[140.942209,40.22903],[140.942247,40.230063],[140.941797,40.230829],[140.941072,40.231796],[140.940834,40.232246],[140.940809,40.232762],[140.941109,40.234204],[140.941347,40.235687],[140.941347,40.236137],[140.941297,40.236587],[140.941147,40.23722],[140.940622,40.238528],[140.940334,40.239362],[140.940072,40.240261],[140.940334,40.240711],[140.941247,40.241336],[140.941659,40.241853],[140.942072,40.242261],[140.942809,40.242819],[140.943196,40.243178],[140.943371,40.243544],[140.943459,40.243919],[140.943434,40.244369],[140.943559,40.245094],[140.943846,40.245586],[140.944384,40.246011],[140.946346,40.246711],[140.946909,40.246819],[140.947533,40.246869],[140.948408,40.246886],[140.949321,40.246861],[140.950533,40.246886],[140.951433,40.246977],[140.953758,40.247402],[140.95497,40.247711],[140.95477,40.248569],[140.95427,40.250035],[140.954245,40.250369],[140.954133,40.25066],[140.953808,40.250819],[140.95307,40.251094],[140.952545,40.25136],[140.95222,40.25161],[140.951745,40.252127],[140.951633,40.252218],[140.950545,40.252377],[140.949983,40.252535],[140.949683,40.252743],[140.949208,40.253185],[140.949008,40.25346],[140.948971,40.253552],[140.948958,40.254893],[140.948896,40.255026],[140.948546,40.255251],[140.948071,40.255476],[140.947871,40.255635],[140.947108,40.256576],[140.946433,40.257343],[140.945783,40.257859],[140.945733,40.258018],[140.945733,40.258259],[140.945996,40.258509],[140.946346,40.259051],[140.946471,40.259542],[140.946796,40.260884],[140.94722,40.261717],[140.94722,40.2623],[140.947158,40.2627],[140.947308,40.2634],[140.947233,40.264475],[140.94802,40.265458],[140.948295,40.266042],[140.94877,40.2666],[140.949383,40.267208],[140.949707,40.267967],[140.949745,40.268217],[140.949682,40.268908],[140.94992,40.269333],[140.950607,40.2699],[140.951407,40.270366],[140.95172,40.2705],[140.95237,40.270833],[140.95237,40.270883],[140.952582,40.271016],[140.952795,40.271375],[140.952819,40.272491],[140.952944,40.273033],[140.952707,40.273441],[140.952657,40.274066],[140.952682,40.274741],[140.952657,40.275099],[140.952744,40.275749],[140.953344,40.276332],[140.953457,40.276641],[140.953757,40.278124],[140.953944,40.278865],[140.954144,40.27949],[140.954506,40.279982],[140.955069,40.280182],[140.956031,40.280674],[140.956719,40.281307],[140.957131,40.281749],[140.957519,40.281973],[140.957606,40.282198],[140.957256,40.283007],[140.956694,40.28379],[140.956644,40.284173],[140.956794,40.284581],[140.956844,40.284623],[140.956494,40.284873],[140.954344,40.284765],[140.953844,40.285231],[140.953319,40.286023],[140.952644,40.287164],[140.952444,40.287431],[140.951032,40.287364],[140.950082,40.287164],[140.949644,40.287123],[140.948794,40.287106],[140.947082,40.287414],[140.946207,40.287422],[140.944945,40.287981],[140.944707,40.288031],[140.944557,40.288272],[140.94462,40.288922],[140.94427,40.28998],[140.944269,40.290405],[140.944507,40.291255],[140.944394,40.29173],[140.944244,40.29193],[140.944157,40.292355],[140.944519,40.293097],[140.945019,40.293947],[140.945169,40.29458],[140.944732,40.295138],[140.944444,40.295388],[140.944032,40.295921],[140.943969,40.296346],[140.944444,40.297113],[140.944657,40.297696],[140.945094,40.298229],[140.945931,40.298946],[140.946544,40.299196],[140.946931,40.299196],[140.948106,40.299346],[140.948781,40.299638],[140.949019,40.299771],[140.949844,40.300154],[140.950618,40.300288],[140.951406,40.300463],[140.952531,40.300804],[140.953418,40.301088],[140.953656,40.301204],[140.954543,40.302371],[140.954955,40.302746],[140.95593,40.303421],[140.956343,40.303979],[140.956843,40.304879],[140.957318,40.305979],[140.957593,40.306487],[140.95748,40.307429],[140.95698,40.309187],[140.956867,40.309987],[140.95693,40.310461],[140.957255,40.311403],[140.957292,40.311895],[140.957167,40.312678],[140.956992,40.313261],[140.95703,40.313986],[140.95733,40.315436],[140.957929,40.317461],[140.958279,40.318194],[140.958904,40.319052],[140.958904,40.31961],[140.958729,40.32026],[140.958892,40.32131],[140.958767,40.321894],[140.958542,40.322102],[140.957867,40.322327],[140.957479,40.322727],[140.957304,40.323852],[140.957279,40.32441],[140.957304,40.324543],[140.957779,40.324793],[140.958017,40.324818],[140.958254,40.324502],[140.958429,40.324435],[140.958729,40.324585],[140.959054,40.325085],[140.959079,40.325485],[140.959442,40.325685],[140.959879,40.325618],[140.960166,40.324943],[140.960254,40.324318],[140.960429,40.324027],[140.960729,40.323893],[140.961104,40.323602],[140.961491,40.323577],[140.961191,40.322968],[140.961516,40.322968],[140.962104,40.323085],[140.962279,40.323193],[140.962429,40.32351],[140.962466,40.323935],[140.962841,40.324452],[140.962966,40.324718],[140.962904,40.325102],[140.962679,40.325751],[140.962616,40.32631],[140.962741,40.32716],[140.962416,40.327568],[140.962279,40.327993],[140.962416,40.328285],[140.962979,40.328618],[140.964278,40.329626],[140.964641,40.329959],[140.965203,40.330701],[140.965316,40.330768],[140.965378,40.330884],[140.965678,40.332184],[140.967278,40.333484],[140.967366,40.333659],[140.967128,40.334001],[140.967103,40.334267],[140.967016,40.334584],[140.967016,40.334959],[140.967166,40.335384],[140.967515,40.336067],[140.968353,40.33715],[140.968528,40.337467],[140.96849,40.337784],[140.96819,40.338209],[140.968153,40.33875],[140.967878,40.339242],[140.966915,40.340183],[140.966378,40.340983],[140.966278,40.34175],[140.966153,40.341975],[140.965578,40.342416],[140.964828,40.343649],[140.96449,40.344324],[140.963153,40.346341],[140.96204,40.347182],[140.963015,40.347916],[140.963865,40.348641],[140.965227,40.350207],[140.965502,40.35034],[140.96624,40.35044],[140.967302,40.350832],[140.96824,40.350974],[140.96834,40.350949],[140.968102,40.350724],[140.967752,40.350565],[140.967627,40.350407],[140.967865,40.350182],[140.968052,40.350157],[140.96859,40.350007],[140.968715,40.349649],[140.968977,40.349224],[140.969665,40.349274],[140.969602,40.349074],[140.969465,40.348932],[140.969027,40.348366],[140.969265,40.347966],[140.96964,40.346999],[140.970152,40.346416],[140.970415,40.346216],[140.971315,40.345824],[140.97194,40.345599],[140.971977,40.345108],[140.971715,40.344516],[140.971552,40.343975],[140.971902,40.343641],[140.972052,40.3436],[140.972915,40.343675],[140.973127,40.343766],[140.973865,40.343975],[140.974302,40.343975],[140.974614,40.343441],[140.974764,40.343241],[140.975027,40.343266],[140.975289,40.343358],[140.975614,40.34325],[140.975802,40.343291],[140.975802,40.343341],[140.976027,40.343675],[140.976414,40.343566],[140.976989,40.343217],[140.977189,40.34315],[140.977602,40.343308],[140.977889,40.3439],[140.978102,40.343766],[140.978402,40.3435],[140.979289,40.343367],[140.980214,40.343333],[140.980776,40.343267],[140.981251,40.343367],[140.982076,40.343958],[140.981889,40.344108],[140.981689,40.344175],[140.981201,40.344508],[140.981889,40.3447],[140.981976,40.3447],[140.981814,40.345058],[140.982289,40.345241],[140.983114,40.34545],[140.983289,40.345566],[140.983414,40.345858],[140.983614,40.3459],[140.983851,40.346266],[140.984526,40.346291],[140.985001,40.346525],[140.985463,40.346933],[140.986288,40.347325],[140.987151,40.347641],[140.987701,40.348125],[140.988051,40.348774],[140.988513,40.349233],[140.989425,40.349733],[140.990425,40.350441],[140.991225,40.350333],[140.992088,40.350158],[140.992675,40.350549],[140.993237,40.350624],[140.993625,40.350808],[140.993625,40.351008],[140.993412,40.351524],[140.992875,40.351724],[140.992812,40.351991],[140.993125,40.352424],[140.994575,40.352708],[140.99425,40.353199],[140.994712,40.353249],[140.99525,40.353207],[140.995187,40.353449],[140.994775,40.353649],[140.994475,40.354057],[140.994287,40.354682],[140.99445,40.355132],[140.99505,40.355316],[140.995162,40.355524],[140.99495,40.35579],[140.993875,40.356365],[140.993662,40.35679],[140.993212,40.357124],[140.993062,40.357465],[140.993025,40.35764],[140.993087,40.359582],[140.992924,40.36059],[140.992062,40.36099],[140.991437,40.36094],[140.991112,40.361073],[140.991362,40.36179],[140.991862,40.362315],[140.992212,40.362765],[140.992087,40.363239],[140.991662,40.363798],[140.991599,40.364339],[140.991349,40.364856],[140.991287,40.365281],[140.991512,40.365797],[140.991324,40.366656],[140.990699,40.366739],[140.990762,40.367006],[140.990812,40.367097],[140.991524,40.367356],[140.991937,40.367314],[140.992187,40.367114],[140.992474,40.367089],[140.992887,40.367164],[140.993399,40.367389],[140.993799,40.367781],[140.994011,40.367822],[140.994099,40.367939],[140.994449,40.368122],[140.994511,40.368214],[140.993911,40.368722],[140.993999,40.369039],[140.994486,40.369539],[140.995136,40.369972],[140.995124,40.37083],[140.995324,40.37128],[140.995436,40.371838],[140.995286,40.372338],[140.995211,40.372897],[140.994999,40.373255],[140.994886,40.373321],[140.994249,40.373971],[140.994124,40.374355],[140.994249,40.37453],[140.994024,40.375005],[140.993961,40.37523],[140.993636,40.37518],[140.993549,40.375338],[140.993574,40.375746],[140.994186,40.376288],[140.994186,40.376421],[140.993799,40.377004],[140.993074,40.377288],[140.992361,40.377462],[140.991674,40.377929],[140.990686,40.378237],[140.990536,40.378354],[140.989849,40.379246],[140.989849,40.379404],[140.989511,40.379937],[140.988849,40.380587],[140.988511,40.381079],[140.988336,40.381504],[140.987911,40.38202],[140.987749,40.382562],[140.987424,40.382962],[140.987324,40.38332],[140.986999,40.383653],[140.986874,40.384011],[140.986874,40.384145],[140.986599,40.38442],[140.986236,40.384686],[140.986349,40.385003],[140.986099,40.38592],[140.985611,40.386994],[140.985636,40.387244],[140.985574,40.387561],[140.985099,40.387961],[140.985061,40.388094],[140.984674,40.388453],[140.984636,40.389036],[140.984749,40.389377],[140.984986,40.389561],[140.984824,40.389961],[140.985086,40.390569],[140.985524,40.391136],[140.985524,40.391269],[140.985849,40.39141],[140.985761,40.393435],[140.985986,40.393935],[140.986486,40.394277],[140.986898,40.394435],[140.987286,40.394843],[140.987398,40.395027],[140.987336,40.395202],[140.987486,40.395518],[140.987811,40.39566],[140.987861,40.39566],[140.987886,40.395818],[140.987561,40.396152],[140.987473,40.396468],[140.987461,40.396602],[140.987723,40.396985],[140.987961,40.397168],[140.987698,40.397343],[140.987598,40.397368],[140.987623,40.397618],[140.987536,40.398268],[140.987411,40.39851],[140.987236,40.398535],[140.986898,40.398776],[140.986536,40.398976],[140.986298,40.399318],[140.986648,40.399859],[140.986848,40.400109],[140.986548,40.400259],[140.986523,40.400393],[140.986248,40.400668],[140.985586,40.401151],[140.985586,40.401268],[140.985736,40.401826],[140.985311,40.402117],[140.985273,40.402392],[140.985686,40.402817],[140.985886,40.403092],[140.985736,40.403492],[140.985561,40.403626],[140.985348,40.403942],[140.985098,40.404142],[140.984261,40.404517],[140.983798,40.404492],[140.983548,40.4046],[140.983373,40.4046],[140.982723,40.404709],[140.982336,40.404842],[140.981998,40.405042],[140.981523,40.405417],[140.981423,40.405775],[140.981486,40.406292],[140.981711,40.406975],[140.982086,40.407833],[140.982198,40.408217],[140.982248,40.408983],[140.982023,40.409542],[140.981986,40.410083],[140.982048,40.410558],[140.981886,40.410958],[140.981948,40.411383],[140.982148,40.411725],[140.982298,40.41175],[140.982435,40.412025],[140.982698,40.412699],[140.98281,40.413308],[140.98256,40.413824],[140.982073,40.414474],[140.981798,40.414983],[140.981535,40.415366],[140.981148,40.415541],[140.980935,40.415582],[140.979985,40.415466],[140.979273,40.415232],[140.979186,40.415257],[140.978798,40.415724],[140.978723,40.416132],[140.978873,40.416607],[140.979073,40.416991],[140.97936,40.417374],[140.98001,40.417874],[140.982573,40.418999],[140.982835,40.419224],[140.98296,40.41939],[140.983522,40.420015],[140.984547,40.42069],[140.984722,40.420757],[140.985235,40.42109],[140.98581,40.421673],[140.985647,40.422757],[140.98556,40.42294],[140.985535,40.42344],[140.985422,40.424206],[140.985347,40.425356],[140.985372,40.425556],[140.985397,40.426914],[140.985072,40.427056],[140.984985,40.427256],[140.98496,40.427456],[140.984747,40.427756],[140.984422,40.427981],[140.983947,40.428148],[140.983122,40.428331],[140.981572,40.428431],[140.980472,40.428464],[140.979822,40.428581],[140.979222,40.428872],[140.978747,40.428989],[140.97756,40.429072],[140.976223,40.429464],[140.975398,40.429922],[140.974473,40.430172],[140.973585,40.430289],[140.972998,40.430655],[140.97261,40.430747],[140.971985,40.430622],[140.970486,40.429997],[140.969173,40.429556],[140.967861,40.429222],[140.967023,40.428939],[140.965024,40.428589],[140.964599,40.428231],[140.964299,40.427422],[140.963999,40.427081],[140.963311,40.426956],[140.962211,40.426889],[140.961224,40.427039],[140.960399,40.427089],[140.959562,40.426914],[140.958837,40.426647],[140.958249,40.426489],[140.957412,40.426589],[140.956674,40.426572],[140.955712,40.426372],[140.955,40.426447],[140.953812,40.427039],[140.953462,40.427064],[140.953012,40.426864],[140.952625,40.426622],[140.952137,40.426397],[140.95155,40.426314],[140.951075,40.42643],[140.950013,40.426905],[140.949563,40.427205],[140.949325,40.427522],[140.948938,40.427639],[140.9471,40.42783],[140.94615,40.427997],[140.945738,40.428763],[140.9453,40.429105],[140.943063,40.429122],[140.942626,40.429397],[140.942301,40.429963],[140.942001,40.430055],[140.941826,40.430038],[140.939463,40.428922],[140.938151,40.428138],[140.937364,40.427513],[140.937651,40.427013],[140.937626,40.426588],[140.937439,40.425822],[140.937076,40.425147],[140.936464,40.42443],[140.936014,40.423614],[140.935951,40.423372],[140.935714,40.423097],[140.935052,40.422697],[140.933727,40.421822],[140.933102,40.421489],[140.93069,40.421281],[140.92914,40.421314],[140.928515,40.421255],[140.927765,40.421122],[140.926765,40.42113],[140.926577,40.421222],[140.925515,40.422064],[140.924728,40.42288],[140.923865,40.423363],[140.923453,40.423838],[140.923078,40.424405],[140.922628,40.42488],[140.922128,40.425313],[140.92134,40.42593],[140.92104,40.426205],[140.920865,40.426455],[140.92054,40.427046],[140.92004,40.427246],[140.919528,40.427188],[140.918728,40.426988],[140.91819,40.426788],[140.916541,40.425713],[140.915766,40.425471],[140.914903,40.425255],[140.914216,40.425005],[140.913853,40.424721],[140.913816,40.424446],[140.913578,40.424113],[140.913303,40.423888],[140.912804,40.423663],[140.912116,40.423438],[140.911429,40.42333],[140.910829,40.423297],[140.910654,40.423338],[140.910591,40.423472],[140.910441,40.423613],[140.910066,40.423822],[140.909504,40.42398],[140.908579,40.424321],[140.908041,40.424596],[140.907579,40.424896],[140.906779,40.425196],[140.906354,40.425221],[140.905879,40.425205],[140.904992,40.425046],[140.904242,40.42503],[140.903592,40.425063],[140.903079,40.42518],[140.901867,40.425255],[140.901154,40.425188],[140.899504,40.424888],[140.898555,40.424796],[140.897717,40.42483],[140.896917,40.42508],[140.89633,40.42493],[140.894917,40.424196],[140.893992,40.423863],[140.892768,40.423305],[140.892143,40.423221],[140.89193,40.423171],[140.89128,40.423246],[140.890893,40.423338],[140.890118,40.423455],[140.889143,40.423713],[140.887543,40.424288],[140.88603,40.425154],[140.884381,40.426279],[140.883581,40.426887],[140.882806,40.427396],[140.881981,40.428029],[140.881218,40.428712],[140.880393,40.429287],[140.879618,40.429987],[140.878831,40.43092],[140.877981,40.432212],[140.877631,40.432895],[140.877193,40.433553],[140.876256,40.43512],[140.875668,40.435978],[140.874706,40.437819],[140.874356,40.438653],[140.874093,40.439444],[140.873868,40.440352],[140.873406,40.441502],[140.873181,40.442819],[140.87313,40.444102],[140.87283,40.44641],[140.872668,40.448243],[140.87268,40.449326],[140.872543,40.451043],[140.872555,40.454317],[140.872455,40.456492],[140.87268,40.4582],[140.872555,40.460825],[140.87278,40.462333],[140.872917,40.463983],[140.873117,40.465341],[140.873167,40.467758],[140.873417,40.469491],[140.873529,40.471657],[140.873879,40.473624],[140.874304,40.476665],[140.874741,40.478831],[140.875304,40.480998],[140.875741,40.483589],[140.876278,40.486205],[140.877428,40.491305],[140.878078,40.493605],[140.87914,40.498204],[140.879477,40.499287],[140.87934,40.502712],[140.879365,40.510986],[140.878926,40.510947],[140.878365,40.511011],[140.877415,40.511144],[140.877027,40.511144],[140.87629,40.510986],[140.87579,40.510602],[140.87519,40.510244],[140.87434,40.510102],[140.873478,40.509836],[140.873278,40.509561],[140.871915,40.509269],[140.871828,40.509269],[140.871488,40.509157],[140.870828,40.508994],[140.870528,40.508977],[140.87039,40.509011],[140.869828,40.509036],[140.869428,40.508911],[140.868553,40.508419],[140.867903,40.508186],[140.867228,40.508202],[140.866778,40.508252],[140.865966,40.508161],[140.865141,40.507894],[140.864491,40.507852],[140.864166,40.507786],[140.863691,40.507386],[140.863166,40.506861],[140.863091,40.506827],[140.861816,40.506577],[140.861154,40.506511],[140.860666,40.506552],[140.859841,40.506744],[140.859179,40.506844],[140.858429,40.506886],[140.857879,40.506869],[140.857267,40.506594],[140.856704,40.506444],[140.856092,40.506327],[140.854567,40.506152],[140.854092,40.506011],[140.853417,40.505711],[140.852967,40.505452],[140.852567,40.505327],[140.852255,40.505352],[140.851855,40.505477],[140.851455,40.505711],[140.850642,40.506077],[140.85018,40.506244],[140.84943,40.506627],[140.84878,40.507369],[140.848417,40.507694],[140.848118,40.507802],[140.847943,40.507835],[140.84768,40.50781],[140.847343,40.50771],[140.846705,40.507319],[140.84648,40.50721],[140.846143,40.50721],[140.84498,40.507368],[140.84468,40.507343],[140.84448,40.507185],[140.843718,40.506119],[140.843281,40.505877],[140.842506,40.505669],[140.841981,40.505444],[140.841806,40.505219],[140.841781,40.505019],[140.842143,40.504127],[140.842093,40.503677],[140.841956,40.503552],[140.841231,40.503327],[140.840943,40.503352],[140.840781,40.503477],[140.840343,40.50401],[140.840156,40.504169],[140.839943,40.504219],[140.838756,40.504135],[140.838506,40.504044],[140.838244,40.503894],[140.837856,40.503819],[140.837519,40.50391],[140.836931,40.504269],[140.836756,40.504277],[140.836144,40.504177],[140.835769,40.503994],[140.835469,40.503777],[140.835107,40.503335],[140.835094,40.503169],[140.835144,40.502977],[140.835307,40.50271],[140.835275,40.50259],[140.835207,40.50246],[140.835069,40.502127],[140.834844,40.501811],[140.834482,40.501544],[140.834094,40.501319],[140.833569,40.501227],[140.832844,40.501319],[140.832069,40.501344],[140.831819,40.501302],[140.83132,40.501036],[140.83087,40.500519],[140.83037,40.499702],[140.829982,40.499161],[140.82967,40.498827],[140.829495,40.498286],[140.82847,40.497769],[140.828033,40.497678],[140.827858,40.497794],[140.82747,40.497703],[140.82747,40.497661],[140.827383,40.497569],[140.82722,40.496694],[140.826995,40.496444],[140.826495,40.496219],[140.82602,40.496128],[140.825745,40.496269],[140.825308,40.496586],[140.824745,40.496811],[140.824195,40.496811],[140.823471,40.496386],[140.822696,40.496394],[140.821971,40.496461],[140.820946,40.496144],[140.820058,40.495678],[140.819334,40.494844],[140.818546,40.493828],[140.818271,40.493111],[140.818371,40.492611],[140.818121,40.49237],[140.817371,40.492145],[140.816509,40.491736],[140.815672,40.490662],[140.814722,40.48902],[140.814247,40.48857],[140.813947,40.488503],[140.812472,40.488328],[140.811472,40.48817],[140.81081,40.487745],[140.810472,40.487137],[140.810435,40.486845],[140.810572,40.485012],[140.810535,40.484112],[140.810398,40.483321],[140.810085,40.482646],[140.80961,40.481996],[140.809498,40.481721],[140.80936,40.481071],[140.809548,40.480529],[140.809873,40.48003],[140.810348,40.479463],[140.81096,40.478921],[140.81126,40.478338],[140.811285,40.477997],[140.811173,40.47743],[140.810973,40.476755],[140.810548,40.47583],[140.809636,40.474663],[140.809486,40.474413],[140.809323,40.473672],[140.809311,40.472339],[140.809061,40.471555],[140.808698,40.470964],[140.808298,40.470114],[140.808273,40.469589],[140.808411,40.468239],[140.808373,40.467489],[140.808198,40.466547],[140.808561,40.465189],[140.808586,40.464423],[140.808361,40.463589],[140.807874,40.462664],[140.807536,40.461831],[140.807374,40.46109],[140.807286,40.460273],[140.807311,40.458856],[140.807411,40.458115],[140.806824,40.456715],[140.806374,40.455948],[140.805787,40.45514],[140.805399,40.454257],[140.805449,40.452774],[140.804937,40.450899],[140.805074,40.450382],[140.804824,40.450041],[140.803849,40.449282],[140.803674,40.448741],[140.803562,40.448716],[140.802537,40.448766],[140.802237,40.448832],[140.800275,40.449407],[140.79805,40.44964],[140.79675,40.44939],[140.795975,40.449532],[140.795038,40.449807],[140.793788,40.449674],[140.793225,40.449565],[140.793063,40.449815],[140.792875,40.450215],[140.7927,40.450449],[140.791663,40.451373],[140.7913,40.45219],[140.791225,40.452707],[140.791475,40.453473],[140.791475,40.454081],[140.791425,40.45424],[140.790538,40.455531],[140.78955,40.456614],[140.788938,40.456998],[140.788213,40.457139],[140.787363,40.457339],[140.786751,40.457364],[140.786551,40.457298],[140.786088,40.456939],[140.785576,40.456739],[140.785138,40.456356],[140.785001,40.456289],[140.784413,40.456156],[140.783476,40.455889],[140.782251,40.455398],[140.781388,40.455356],[140.780301,40.454864],[140.779776,40.454414],[140.779051,40.454123],[140.777076,40.453139],[140.776101,40.452556],[140.775164,40.452131],[140.774327,40.451948],[140.773139,40.451506],[140.772664,40.451415],[140.771964,40.45139],[140.771089,40.452998],[140.770564,40.453589],[140.769789,40.453947],[140.769539,40.453947],[140.768065,40.453373],[140.767265,40.452939],[140.766015,40.452339],[140.76309,40.451398],[140.762453,40.451064],[140.76184,40.450298],[140.761565,40.449514],[140.761253,40.448365],[140.760915,40.447706],[140.760328,40.44719],[140.75889,40.446365],[140.758553,40.446248],[140.757716,40.446098],[140.757141,40.445848],[140.756941,40.445715],[140.756666,40.445148],[140.756541,40.444065],[140.756353,40.443482],[140.756241,40.443307],[140.755678,40.44274],[140.754953,40.441907],[140.754366,40.441165],[140.754153,40.44094],[140.753591,40.440224],[140.752616,40.439232],[140.752091,40.438782],[140.751841,40.43869],[140.751366,40.438624],[140.750704,40.438674],[140.749479,40.438949],[140.747816,40.439207],[140.747342,40.439065],[140.746954,40.438799],[140.746542,40.438532],[140.746192,40.438482],[140.745792,40.438349],[140.745479,40.438282],[140.744317,40.438207],[140.742142,40.437907],[140.741479,40.437915],[140.741129,40.438023],[140.740467,40.438398],[140.739392,40.439098],[140.738705,40.439473],[140.738092,40.439548],[140.736917,40.439598],[140.736392,40.439806],[140.735892,40.439906],[140.735292,40.439915],[140.734567,40.439823],[140.734167,40.439648],[140.73363,40.439231],[140.733305,40.438798],[140.73303,40.437823],[140.732718,40.436082],[140.732755,40.435982],[140.733393,40.43559],[140.733793,40.435257],[140.73413,40.434824],[140.734805,40.434382],[140.735155,40.434249],[140.735492,40.434157],[140.735567,40.434024],[140.735367,40.43384],[140.735005,40.433582],[140.734505,40.433349],[140.73343,40.433257],[140.732868,40.432957],[140.73178,40.432057],[140.73138,40.431666],[140.731243,40.431466],[140.731193,40.431057],[140.73148,40.430649],[140.73273,40.430016],[140.733343,40.429599],[140.733943,40.428916],[140.73433,40.428691],[140.73558,40.428058],[140.735843,40.42785],[140.73583,40.427608],[140.735668,40.426883],[140.735643,40.4263],[140.735855,40.425383],[140.735743,40.425133],[140.734655,40.424067],[140.73423,40.423517],[140.734155,40.4232],[140.735255,40.422184],[140.735493,40.421859],[140.735518,40.421392],[140.735243,40.420842],[140.73518,40.4204],[140.73538,40.419875],[140.735568,40.419367],[140.735205,40.418901],[140.734793,40.418517],[140.73413,40.417817],[140.733918,40.417251],[140.733806,40.416126],[140.733718,40.415926],[140.733368,40.415809],[140.732593,40.415926],[140.732018,40.415951],[140.731106,40.415751],[140.730343,40.415684],[140.729593,40.415859],[140.729018,40.416109],[140.728243,40.416176],[140.727394,40.415976],[140.726981,40.415751],[140.726431,40.415751],[140.725944,40.415842],[140.725841,40.415864],[140.725606,40.415934],[140.724894,40.416092],[140.724094,40.416209],[140.723294,40.416451],[140.722781,40.416726],[140.722531,40.417109],[140.722369,40.417534],[140.722144,40.418709],[140.721756,40.419384],[140.721381,40.419517],[140.720144,40.419633],[140.719869,40.419767],[140.719331,40.420342],[140.719044,40.420517],[140.718581,40.420717],[140.718006,40.420925],[140.717632,40.42115],[140.717432,40.421408],[140.717382,40.421641],[140.717481,40.422241],[140.717281,40.42355],[140.717256,40.424258],[140.717319,40.424899],[140.717456,40.425683],[140.717419,40.425966],[140.716469,40.427016],[140.716294,40.427374],[140.715756,40.427816],[140.714869,40.428007],[140.713982,40.428149],[140.713319,40.428382],[140.712682,40.428824],[140.711857,40.429124],[140.710544,40.42949],[140.710094,40.429582],[140.709469,40.429623],[140.709344,40.429432],[140.709244,40.428907],[140.709244,40.42834],[140.709132,40.42804],[140.708719,40.427824],[140.708382,40.427815],[140.707369,40.427915],[140.705807,40.427957],[140.704407,40.427732],[140.70322,40.427207],[140.703032,40.427165],[140.702495,40.42714],[140.701745,40.427232],[140.700582,40.427482],[140.70022,40.427657],[140.699895,40.428007],[140.699707,40.428423],[140.699482,40.429157],[140.699157,40.429356],[140.69882,40.429306],[140.698145,40.429065],[140.697483,40.428706],[140.69647,40.428265],[140.69577,40.428023],[140.69407,40.427965],[140.693608,40.427607],[140.693308,40.42724],[140.693183,40.427198],[140.69262,40.427123],[140.691908,40.426857],[140.691533,40.426865],[140.690833,40.42704],[140.689383,40.42754],[140.688683,40.427631],[140.688233,40.427515],[140.687733,40.427223],[140.687446,40.426765],[140.687133,40.42594],[140.686946,40.424973],[140.686596,40.423657],[140.686408,40.422607],[140.686396,40.42229],[140.686533,40.422057],[140.686696,40.42194],[140.687471,40.421665],[140.688083,40.421682],[140.688408,40.421665],[140.688021,40.421257],[140.687921,40.421082],[140.687871,40.420549],[140.687796,40.419932],[140.687621,40.419457],[140.687558,40.419382],[140.687496,40.419374],[140.687333,40.419149],[140.687133,40.418274],[140.686283,40.417774],[140.685983,40.417549],[140.685321,40.416858],[140.684934,40.416608],[140.684446,40.416474],[140.683346,40.416649],[140.682434,40.416566],[140.681771,40.416449],[140.680646,40.416091],[140.679984,40.415849],[140.678497,40.415399],[140.677234,40.414674],[140.675972,40.413866],[140.675884,40.413774],[140.675747,40.413391],[140.675772,40.413058],[140.675747,40.412899],[140.675634,40.412425],[140.675422,40.4122],[140.675359,40.412108],[140.674484,40.412091],[140.673822,40.41195],[140.673247,40.41155],[140.672972,40.411416],[140.671985,40.411591],[140.67116,40.411824],[140.670547,40.411866],[140.670335,40.411774],[140.66986,40.411666],[140.668597,40.411641],[140.667423,40.411558],[140.666485,40.411558],[140.666073,40.411599],[140.665935,40.411533],[140.665985,40.410949],[140.666173,40.409666],[140.665898,40.40935],[140.665735,40.409233],[140.665298,40.408808],[140.66486,40.408291],[140.664386,40.407475],[140.664198,40.407025],[140.663811,40.406691],[140.663598,40.406558],[140.663036,40.406083],[140.662873,40.4059],[140.662486,40.405317],[140.662111,40.404983],[140.661611,40.404617],[140.661311,40.404483],[140.661199,40.404458],[140.660874,40.404642],[140.660261,40.405117],[140.659824,40.40525],[140.658911,40.404958],[140.657186,40.4046],[140.656199,40.404508],[140.655399,40.404783],[140.654849,40.404716],[140.654737,40.404583],[140.654487,40.404133],[140.654099,40.403858],[140.653224,40.40355],[140.652449,40.403483],[140.651737,40.403616],[140.651187,40.403866],[140.650912,40.403866],[140.6502,40.40375],[140.649512,40.403775],[140.649025,40.403933],[140.648887,40.404025],[140.648712,40.40405],[140.6477,40.403641],[140.646787,40.403391],[140.64575,40.403191],[140.6449,40.403125],[140.644813,40.40315],[140.643525,40.403716],[140.642838,40.404099],[140.64225,40.404366],[140.641463,40.404958],[140.641075,40.405158],[140.640051,40.404641],[140.639401,40.404374],[140.638438,40.403941],[140.637526,40.403699],[140.636564,40.403516],[140.635739,40.403224],[140.635139,40.402891],[140.634276,40.402324],[140.634176,40.402324],[140.633864,40.402508],[140.633514,40.402824],[140.633076,40.403316],[140.632464,40.403857],[140.632489,40.404132],[140.632689,40.404516],[140.633214,40.405349],[140.633564,40.405774],[140.633976,40.405999],[140.634551,40.406132],[140.635001,40.406332],[140.635326,40.406741],[140.635513,40.407191],[140.635851,40.408474],[140.636013,40.40884],[140.636313,40.409332],[140.636263,40.409515],[140.635688,40.409624],[140.634976,40.409832],[140.634251,40.410307],[140.633901,40.410848],[140.633813,40.41154],[140.633676,40.414565],[140.6337,40.415123],[140.633675,40.415465],[140.6336,40.41574],[140.6334,40.416048],[140.633125,40.416389],[140.632938,40.416731],[140.63305,40.417423],[140.632825,40.417764],[140.632463,40.417856],[140.631888,40.418056],[140.631538,40.418281],[140.6306,40.419206],[140.630363,40.419381],[140.629888,40.419556],[140.628951,40.419831],[140.626526,40.421039],[140.626401,40.421114],[140.625513,40.421414],[140.625351,40.421572],[140.625888,40.422314],[140.625988,40.422572],[140.626063,40.422939],[140.626038,40.423397],[140.625926,40.423739],[140.625676,40.423997],[140.625426,40.424088],[140.625051,40.42408],[140.624738,40.424138],[140.624488,40.424247],[140.624126,40.424488],[140.623876,40.424588],[140.623701,40.42458],[140.623376,40.424438],[140.622826,40.424163],[140.622413,40.424047],[140.622026,40.424038],[140.621526,40.424088],[140.620926,40.423972],[140.620514,40.423813],[140.619464,40.423497],[140.618951,40.42348],[140.617764,40.423347],[140.617351,40.423455],[140.616776,40.42368],[140.615701,40.423772],[140.615189,40.424022],[140.614801,40.424138],[140.614302,40.424072],[140.613789,40.423913],[140.612764,40.423797],[140.611364,40.423822],[140.610764,40.424047],[140.610214,40.424405],[140.609827,40.424788],[140.609527,40.424905],[140.609064,40.42493],[140.608702,40.425038],[140.608477,40.425355],[140.608152,40.42558],[140.607602,40.425671],[140.607002,40.425721],[140.606202,40.425855],[140.605715,40.426171],[140.605465,40.426488],[140.604752,40.427096],[140.603902,40.427454],[140.60379,40.427746],[140.60379,40.428221],[140.603627,40.429846],[140.60344,40.430271],[140.603127,40.430537],[140.602915,40.430837],[140.602415,40.431129],[140.601902,40.431237],[140.601103,40.431604],[140.600603,40.43192],[140.599678,40.432729],[140.598928,40.433137],[140.597253,40.433703],[140.59674,40.433903],[140.596328,40.434237],[140.595778,40.43462],[140.594316,40.435187],[140.593528,40.435395],[140.591878,40.435686],[140.591053,40.435886],[140.589629,40.436186],[140.589566,40.436003],[140.589841,40.434428],[140.589791,40.433887],[140.589404,40.431904],[140.588954,40.430662],[140.588404,40.430104],[140.588104,40.42992],[140.586817,40.42927],[140.585767,40.429087],[140.585054,40.429137],[140.584042,40.42947],[140.583542,40.429745],[140.582605,40.429945],[140.58173,40.429812],[140.58083,40.429612],[140.58028,40.429545],[140.579692,40.429387],[140.579318,40.429162],[140.578843,40.428962],[140.578293,40.428937],[140.577805,40.428987],[140.577368,40.429162],[140.57728,40.429279],[140.576843,40.429412],[140.57568,40.429054],[140.575355,40.428712],[140.575193,40.428246],[140.574668,40.427046],[140.574143,40.426237],[140.573931,40.426146],[140.573318,40.426129],[140.571619,40.426237],[140.570819,40.426129],[140.569781,40.426129],[140.568344,40.426196],[140.567582,40.426171],[140.566919,40.426104],[140.566282,40.425996],[140.565269,40.425771],[140.564145,40.425796],[140.563407,40.425929],[140.562907,40.426179],[140.56197,40.427054],[140.561182,40.426246],[140.560432,40.425979],[140.559608,40.425846],[140.558458,40.425754],[140.557858,40.425796],[140.557633,40.425662],[140.557383,40.425212],[140.55697,40.424629],[140.556233,40.423704],[140.555021,40.422604],[140.554833,40.422129],[140.554858,40.421854],[140.554746,40.421588],[140.554558,40.421388],[140.553871,40.421021],[140.553534,40.420796],[140.553284,40.420396],[140.553321,40.419896],[140.553671,40.41963],[140.554334,40.41938],[140.554834,40.419021],[140.554946,40.418971],[140.555058,40.418663],[140.555109,40.418346],[140.555246,40.417963],[140.555521,40.41758],[140.556258,40.41688],[140.556433,40.416497],[140.556183,40.415597],[140.556121,40.41523],[140.556234,40.414914],[140.556571,40.41458],[140.556846,40.414397],[140.557558,40.414147],[140.558071,40.41388],[140.558621,40.413314],[140.558983,40.411939],[140.559233,40.411447],[140.560196,40.410698],[140.560821,40.410248],[140.561371,40.410114],[140.562283,40.410048],[140.562633,40.409798],[140.56332,40.408823],[140.563658,40.408515],[140.56407,40.408398],[140.56442,40.40824],[140.56492,40.40774],[140.56582,40.40659],[140.566045,40.40549],[140.566095,40.40499],[140.56607,40.404832],[140.565745,40.404048],[140.565683,40.403532],[140.56577,40.403324],[140.566295,40.403149],[140.566758,40.402832],[140.567058,40.402449],[140.567383,40.401932],[140.56772,40.401549],[140.568045,40.401274],[140.568482,40.401049],[140.569282,40.400732],[140.568458,40.400016],[140.56752,40.399041],[140.567058,40.398682],[140.56662,40.398507],[140.566095,40.398349],[140.565758,40.398099],[140.565321,40.398007],[140.564971,40.398149],[140.564658,40.398216],[140.563596,40.398257],[140.562683,40.397966],[140.562133,40.397649],[140.561534,40.397607],[140.560946,40.397632],[140.560896,40.397657],[140.560734,40.397632],[140.559271,40.397116],[140.558946,40.397049],[140.558696,40.397091],[140.558421,40.397249],[140.557959,40.397699],[140.557234,40.398515],[140.556859,40.398899],[140.556584,40.39899],[140.556034,40.399257],[140.555372,40.399465],[140.554434,40.400048],[140.554047,40.400157],[140.553309,40.400232],[140.55306,40.400273],[140.552597,40.400523],[140.552097,40.400723],[140.55136,40.400798],[140.550585,40.400907],[140.550397,40.401132],[140.550097,40.402056],[140.549822,40.402281],[140.549272,40.402415],[140.54856,40.402756],[140.548385,40.40289],[140.54806,40.403365],[140.547985,40.403548],[140.547673,40.403931],[140.547373,40.403956],[140.545335,40.402915],[140.54471,40.40269],[140.544186,40.402715],[140.542861,40.403239],[140.542148,40.402989],[140.541211,40.402723],[140.540723,40.402698],[140.540361,40.402814],[140.540036,40.403123],[140.539323,40.404006],[140.538936,40.404256],[140.538324,40.404548],[140.537974,40.404772],[140.537586,40.405339],[140.537449,40.405814],[140.537424,40.406714],[140.537123,40.407839],[140.536986,40.40813],[140.536136,40.40858],[140.535999,40.408922],[140.535886,40.409347],[140.535724,40.409555],[140.535336,40.409622],[140.534761,40.409805],[140.534211,40.410072],[140.532561,40.411022],[140.532174,40.411205],[140.531811,40.411272],[140.531074,40.411297],[140.530611,40.411363],[140.530062,40.411297],[140.528824,40.410863],[140.527224,40.410647],[140.526587,40.410488],[140.525962,40.410372],[140.524562,40.410263],[140.52395,40.41013],[140.5237,40.410222],[140.523562,40.410463],[140.523562,40.410713],[140.52365,40.410872],[140.524112,40.411346],[140.524312,40.411596],[140.524937,40.41308],[140.524999,40.41333],[140.524974,40.413755],[140.524887,40.414163],[140.524612,40.415129],[140.524562,40.415446],[140.524199,40.416054],[140.524012,40.416463],[140.523974,40.416796],[140.524062,40.417337],[140.524224,40.418104],[140.524287,40.418512],[140.524224,40.419229],[140.524362,40.419379],[140.524312,40.419512],[140.524362,40.41967],[140.524499,40.419645],[140.525136,40.419554],[140.525736,40.419554],[140.526286,40.419604],[140.527061,40.419712],[140.529011,40.420054],[140.529886,40.420279],[140.529586,40.421379],[140.529336,40.422662],[140.529311,40.423387],[140.529911,40.424512],[140.530623,40.426378],[140.53066,40.426945],[140.530523,40.427286],[140.530548,40.427328],[140.530635,40.427753],[140.530298,40.428136],[140.530023,40.428344],[140.529885,40.428503],[140.52986,40.428636],[140.52981,40.430052],[140.529673,40.430344],[140.529535,40.430461],[140.52851,40.431002],[140.52791,40.431252],[140.527548,40.431227],[140.526623,40.430894],[140.524698,40.430761],[140.523761,40.430869],[140.522886,40.430669],[140.522248,40.430444],[140.521536,40.430377],[140.520849,40.430419],[140.519911,40.430577],[140.519174,40.430652],[140.518486,40.430602],[140.517799,40.430402],[140.517249,40.430202],[140.516237,40.429686],[140.515549,40.429461],[140.515049,40.428961],[140.514662,40.428869],[140.514174,40.428694],[140.513737,40.428627],[140.513599,40.428644],[140.512574,40.429186],[140.512437,40.429236],[140.511974,40.429236],[140.51145,40.429119],[140.510962,40.428969],[140.510625,40.428736],[140.5103,40.428627],[140.50975,40.428536],[140.508762,40.428519],[140.508375,40.428561],[140.507962,40.428877],[140.507575,40.42926],[140.505213,40.43016],[140.504288,40.430635],[140.503675,40.43091],[140.50225,40.431702],[140.5022,40.431968],[140.502,40.432418],[140.501838,40.432601],[140.5017,40.432918],[140.50145,40.434018],[140.501313,40.434293],[140.501013,40.434493],[140.499775,40.435059],[140.49945,40.435376],[140.499038,40.435643],[140.498425,40.435959],[140.49815,40.436184],[140.4981,40.436276],[140.4978,40.436476],[140.497138,40.436526],[140.496613,40.436501],[140.496524,40.436563],[140.496101,40.436626],[140.495001,40.436967],[140.494451,40.437217],[140.493763,40.437576],[140.492801,40.437984],[140.492276,40.438025],[140.491563,40.437917],[140.490738,40.438167],[140.489151,40.438775],[140.488264,40.4392],[140.485964,40.440442],[140.484914,40.440892],[140.484151,40.441166],[140.483026,40.441483],[140.481601,40.441708],[140.481189,40.441841],[140.481189,40.441891],[140.481626,40.442091],[140.482289,40.442275],[140.482751,40.44245],[140.483326,40.442791],[140.483714,40.443416],[140.483801,40.444074],[140.484213,40.446482],[140.484051,40.446932],[140.483526,40.447632],[140.481801,40.449324],[140.481414,40.449957],[140.481063,40.450807],[140.481063,40.451465],[140.480901,40.451665],[140.480126,40.452007],[140.479114,40.452273],[140.478751,40.452348],[140.478339,40.452481],[140.477739,40.452956],[140.477326,40.452998],[140.476476,40.452973],[140.474939,40.453473],[140.474801,40.453539],[140.472677,40.453473],[140.471827,40.453698],[140.470977,40.453523],[140.470152,40.453456],[140.469739,40.453456],[140.468502,40.453614],[140.466915,40.453931],[140.466002,40.454064],[140.46584,40.454064],[140.46579,40.454964],[140.465452,40.455422],[140.464527,40.456272],[140.464277,40.456389],[140.464165,40.456364],[140.463252,40.455964],[140.462902,40.455914],[140.46164,40.456005],[140.46119,40.456005],[140.460178,40.456189],[140.459465,40.456397],[140.459028,40.456255],[140.458415,40.455764],[140.45784,40.455447],[140.456803,40.455064],[140.455153,40.454755],[140.453803,40.454389],[140.453528,40.454347],[140.452866,40.453789],[140.452616,40.453489],[140.452341,40.453447],[140.451654,40.453539],[140.450916,40.453764],[140.450229,40.454014],[140.448579,40.453989],[140.448167,40.453472],[140.447842,40.45293],[140.446704,40.452572],[140.445854,40.452439],[140.445092,40.45208],[140.444205,40.450889],[140.444042,40.450747],[140.44278,40.450122],[140.441755,40.449872],[140.440355,40.449989],[140.439943,40.450097],[140.43973,40.450214],[140.43973,40.450572],[140.439843,40.451022],[140.440255,40.452422],[140.439367,40.452897],[140.43893,40.453613],[140.43833,40.454405],[140.43778,40.454971],[140.437455,40.45558],[140.437418,40.455846],[140.437505,40.45648],[140.437755,40.457288],[140.437805,40.457988],[140.437755,40.458754],[140.43753,40.459096],[140.43718,40.459296],[140.436717,40.459588],[140.436717,40.459721],[140.436955,40.461096],[140.43718,40.461912],[140.437342,40.462879],[140.43738,40.463462],[140.437242,40.464387],[140.436967,40.465495],[140.436767,40.465762],[140.436142,40.466262],[140.433505,40.467678],[140.433343,40.468153],[140.433393,40.46867],[140.433393,40.469369],[140.433255,40.470069],[140.433317,40.470878],[140.433455,40.471352],[140.43318,40.471786],[140.433592,40.472386],[140.43383,40.472636],[140.434792,40.473336],[140.435155,40.473694],[140.435242,40.474644],[140.435379,40.474977],[140.435842,40.475744],[140.436667,40.477477],[140.437217,40.47831],[140.437004,40.478743],[140.436917,40.478785],[140.436204,40.479618],[140.435604,40.480026],[140.434754,40.480385],[140.433892,40.480543],[140.432467,40.480476],[140.432304,40.480526],[140.431867,40.481068],[140.431317,40.481584],[140.431117,40.481676],[140.429667,40.481634],[140.428817,40.481809],[140.42848,40.481968],[140.427267,40.482651],[140.426642,40.482584],[140.425517,40.482218],[140.425018,40.482018],[140.423643,40.481634],[140.422218,40.481484],[140.421393,40.481459],[140.421305,40.481434],[140.420918,40.481009],[140.420568,40.480809],[140.419468,40.480451],[140.417543,40.479951],[140.416793,40.479551],[140.416194,40.478984],[140.414619,40.477976],[140.413244,40.477251],[140.412231,40.476643],[140.411544,40.476576],[140.410719,40.476285],[140.409732,40.475543],[140.408519,40.474935],[140.406957,40.474576],[140.406457,40.47456],[140.40552,40.474943],[140.40407,40.475235],[140.403682,40.475076],[140.40252,40.474901],[140.402057,40.475209],[140.401945,40.475618],[140.40187,40.476501],[140.401707,40.477126],[140.40157,40.477426],[140.40137,40.477509],[140.400745,40.477584],[140.399258,40.477676],[140.398133,40.477809],[140.396995,40.478101],[140.39662,40.478284],[140.396595,40.478642],[140.397008,40.479592],[140.396733,40.479992],[140.395933,40.48085],[140.395708,40.481442],[140.395658,40.481933],[140.395458,40.482067],[140.394633,40.482408],[140.39412,40.482725],[140.394033,40.4832],[140.394033,40.484641],[140.39392,40.485158],[140.39332,40.485183],[140.392658,40.484933],[140.392245,40.484733],[140.39172,40.48485],[140.391483,40.484958],[140.391095,40.485274],[140.390321,40.485408],[140.389746,40.485591],[140.389446,40.485949],[140.389008,40.486358],[140.388558,40.486674],[140.388458,40.486833],[140.388071,40.487099],[140.387271,40.487107],[140.386721,40.487057],[140.386496,40.486807],[140.386146,40.486499],[140.385458,40.486066],[140.383834,40.485258],[140.383559,40.484899],[140.383471,40.484358],[140.383334,40.483908],[140.382209,40.482108],[140.381884,40.481275],[140.381634,40.480283],[140.381084,40.479242],[140.380897,40.479042],[140.380209,40.478708],[140.379272,40.478408],[140.378472,40.477892],[140.37831,40.477625],[140.377835,40.476609],[140.37726,40.476475],[140.37586,40.476384],[140.374647,40.476408],[140.37226,40.4763],[140.371533,40.476429],[140.371448,40.476475],[140.37101,40.4765],[140.37071,40.476475],[140.370298,40.4765],[140.37016,40.476475],[140.369548,40.476925],[140.369473,40.477042],[140.368998,40.477267],[140.368423,40.477242],[140.36796,40.477133],[140.367436,40.477067],[140.367298,40.477083],[140.366861,40.477241],[140.366286,40.477608],[140.366036,40.4779],[140.365598,40.478033],[140.365186,40.478283],[140.364936,40.478483],[140.364661,40.478533],[140.364023,40.478416],[140.362686,40.478483],[140.362161,40.478483],[140.361386,40.478375],[140.360749,40.478016],[140.360286,40.477675],[140.359986,40.477366],[140.359899,40.476958],[140.359961,40.47635],[140.359874,40.475966],[140.359024,40.475383],[140.358361,40.474975],[140.358086,40.474867],[140.357424,40.474733],[140.356962,40.474708],[140.356137,40.4741],[140.355524,40.473758],[140.353924,40.472433],[140.353787,40.471958],[140.353762,40.471575],[140.353575,40.471059],[140.353325,40.47],[140.353187,40.469734],[140.3525,40.468942],[140.352162,40.468717],[140.349663,40.46845],[140.349088,40.468317],[140.34845,40.467934],[140.347925,40.467525],[140.348125,40.466626],[140.348038,40.466109],[140.348038,40.465659],[140.348363,40.464784],[140.3482,40.464193],[140.347925,40.462643],[140.347675,40.462368],[140.347351,40.462126],[140.346963,40.461559],[140.345938,40.461651],[140.345313,40.461784],[140.344713,40.461851],[140.344326,40.461784],[140.343851,40.461743],[140.343388,40.461743],[140.343363,40.461718],[140.342888,40.460726],[140.342863,40.460434],[140.343326,40.458951],[140.343526,40.458068],[140.343576,40.457643],[140.343464,40.457218],[140.343826,40.456627],[140.343789,40.456202],[140.343514,40.455927],[140.342826,40.454918],[140.342751,40.454493],[140.343651,40.453135],[140.343926,40.452502],[140.343876,40.45221],[140.343514,40.451944],[140.342851,40.451519],[140.342189,40.450752],[140.341664,40.450527],[140.341227,40.450211],[140.341114,40.449644],[140.341364,40.449127],[140.341389,40.448477],[140.341502,40.447911],[140.341689,40.447236],[140.341689,40.447011],[140.341527,40.446603],[140.340702,40.446111],[140.340677,40.445794],[140.340752,40.445386],[140.340477,40.444936],[140.340014,40.444553],[140.339852,40.444286],[140.339852,40.444195],[140.340589,40.443478],[140.340677,40.443095],[140.340314,40.442711],[140.339352,40.442236],[140.339215,40.44127],[140.33899,40.440978],[140.337927,40.440912],[140.337677,40.440845],[140.336965,40.440528],[140.336027,40.439945],[140.335365,40.43942],[140.335115,40.439353],[140.33404,40.439828],[140.333553,40.439961],[140.332865,40.440036],[140.332178,40.440036],[140.332065,40.439986],[140.331215,40.439361],[140.330666,40.43927],[140.328391,40.439203],[140.327116,40.439045],[140.326466,40.439203],[140.326191,40.439203],[140.324016,40.439345],[140.323079,40.43932],[140.322141,40.439211],[140.321954,40.438936],[140.321454,40.43867],[140.321016,40.438511],[140.320229,40.438553],[140.319404,40.438803],[140.319154,40.438919],[140.318417,40.439369],[140.317829,40.439619],[140.317754,40.439594],[140.317204,40.439211],[140.316817,40.438653],[140.315804,40.437703],[140.31533,40.437386],[140.314367,40.437319],[140.313567,40.437344],[140.313242,40.437303],[140.312505,40.436986],[140.311455,40.436336],[140.310993,40.436194],[140.310243,40.436311],[140.309668,40.436469],[140.308743,40.437261],[140.30813,40.437644],[140.307968,40.437869],[140.308355,40.439152],[140.308493,40.439852],[140.308268,40.440252],[140.308055,40.440777],[140.307918,40.44136],[140.307718,40.441702],[140.30723,40.44206],[140.30588,40.442693],[140.30498,40.44276],[140.303443,40.442827],[140.302481,40.442718],[140.302281,40.442785],[140.301493,40.443327],[140.300743,40.444001],[140.300331,40.444585],[140.300056,40.445351],[140.299568,40.445718],[140.298768,40.446209],[140.298581,40.446259],[140.296043,40.446418],[140.295144,40.446393],[140.294731,40.446351],[140.293031,40.445901],[140.292069,40.446309],[140.291381,40.446509],[140.291106,40.446534],[140.290494,40.446401],[140.289757,40.445951],[140.289457,40.445609],[140.289232,40.445276],[140.288744,40.444959],[140.288132,40.444893],[140.287607,40.445143],[140.286757,40.445834],[140.286294,40.445909],[140.285632,40.445859],[140.285057,40.445726],[140.284732,40.445409],[140.284557,40.445343],[140.283795,40.445393],[140.283045,40.445726],[140.282395,40.445909],[140.281207,40.445867],[140.279445,40.445959],[140.278895,40.445867],[140.278207,40.445526],[140.277395,40.444784],[140.27662,40.444359],[140.275133,40.443326],[140.27437,40.442893],[140.273733,40.442693],[140.273158,40.442443],[140.272446,40.442334],[140.271596,40.442243],[140.269971,40.441976],[140.269633,40.441859],[140.268921,40.441459],[140.268233,40.441209],[140.267658,40.440943],[140.267083,40.440718],[140.265934,40.440668],[140.263046,40.440768],[140.261721,40.441009],[140.261234,40.441376],[140.261121,40.441509],[140.260709,40.441801],[140.260571,40.441826],[140.260109,40.441734],[140.259422,40.441467],[140.258622,40.441334],[140.257334,40.441426],[140.256234,40.441442],[140.255272,40.441517],[140.25431,40.441492],[140.253347,40.441517],[140.252822,40.441692],[140.252572,40.441742],[140.251835,40.441767],[140.25136,40.441992],[140.250485,40.442709],[140.250185,40.442917],[140.24996,40.442984],[140.249585,40.442625],[140.249223,40.442017],[140.248035,40.440817],[140.247598,40.440509],[140.246835,40.440075],[140.246546,40.439829],[140.246135,40.43965],[140.245885,40.439467],[140.245748,40.439275],[140.245698,40.438417],[140.245373,40.438176],[140.243973,40.437676],[140.243198,40.437351],[140.242573,40.437276],[140.241436,40.437576],[140.239274,40.437451],[140.238199,40.437259],[140.235187,40.436326],[140.234199,40.435701],[140.233374,40.435042],[140.232537,40.434592],[140.231775,40.434326],[140.230537,40.434109],[140.229162,40.433942],[140.227875,40.433684],[140.22655,40.433142],[140.22515,40.432634],[140.224475,40.432284],[140.223888,40.431792],[140.223063,40.431517],[140.222313,40.431534],[140.221376,40.431309],[140.220226,40.431167],[140.219301,40.431342],[140.218414,40.431667],[140.218039,40.432184],[140.217664,40.432817],[140.217151,40.433234],[140.216851,40.433417],[140.214251,40.434283],[140.212814,40.435133],[140.211627,40.435942],[140.211427,40.436191],[140.211102,40.437016],[140.210677,40.437691],[140.210202,40.438241],[140.210152,40.438366],[140.209377,40.438574],[140.208427,40.438266],[140.206452,40.437066],[140.205702,40.436575],[140.205065,40.4365],[140.204427,40.436533],[140.203415,40.436424],[140.20019,40.435608],[140.198366,40.435058],[140.196616,40.434641],[140.195953,40.434574],[140.194153,40.434791],[140.193891,40.434891],[140.193254,40.435533],[140.192166,40.436516],[140.191316,40.437091],[140.190579,40.437641],[140.190129,40.438099],[140.189454,40.438465],[140.189116,40.438599],[140.187404,40.43954],[140.185941,40.441748],[140.185629,40.442457],[140.185578,40.443123],[140.185603,40.443281],[140.184966,40.443223],[140.183891,40.44284],[140.182866,40.442515],[140.182004,40.442157],[140.180841,40.441415],[140.180004,40.440973],[140.178942,40.440582],[140.177242,40.440265],[140.175742,40.440273],[140.174754,40.440381],[140.173867,40.440156],[140.172867,40.439498],[140.171392,40.438282],[140.17098,40.438123],[140.170455,40.438648],[140.169705,40.439223],[140.16898,40.43969],[140.168242,40.439881],[140.167105,40.43989],[140.16548,40.439698],[140.163168,40.439481],[140.162168,40.439298],[140.159918,40.438481],[140.158831,40.437906],[140.157706,40.437481],[140.156656,40.436856],[140.155756,40.43624],[140.155331,40.436056],[140.153356,40.435448],[140.152919,40.435223],[140.151956,40.434923],[140.151331,40.435081],[140.149519,40.435723],[140.148194,40.436764],[140.147707,40.437298],[140.147344,40.437931],[140.147119,40.438106],[140.146819,40.438114],[140.146219,40.438047],[140.145994,40.437981],[140.145169,40.437897],[140.144357,40.437922],[140.143095,40.437847],[140.142145,40.437756],[140.141782,40.437906],[140.14137,40.438397],[140.139982,40.439297],[140.139257,40.439472],[140.13727,40.439572],[140.136507,40.439514],[140.135845,40.439347],[140.135245,40.439005],[140.13462,40.438472],[140.133958,40.438106],[140.13317,40.437947],[140.13192,40.438155],[140.131208,40.438189],[140.130596,40.437955],[140.129783,40.437447],[140.129046,40.437155],[140.128796,40.437097],[140.127396,40.437172],[140.126359,40.437164],[140.125859,40.437089],[140.125471,40.43693],[140.124696,40.436747],[140.123634,40.436639],[140.122622,40.436614],[140.121934,40.436547],[140.121559,40.436447],[140.121558,40.436467],[140.121372,40.436397],[140.120697,40.436289],[140.120184,40.43608],[140.119784,40.435797],[140.119384,40.43558],[140.118847,40.435464],[140.117872,40.434914],[140.117172,40.43518],[140.115422,40.43603],[140.114522,40.436205],[140.113247,40.435972],[140.112323,40.435597],[140.111485,40.435488],[140.109448,40.435847],[140.107648,40.435897],[140.107298,40.436438],[140.106848,40.437463],[140.105498,40.440196],[140.104835,40.440946],[140.104423,40.441221],[140.10316,40.441771],[140.102523,40.442271],[140.101823,40.442912],[140.100648,40.443329],[140.099898,40.44382],[140.099198,40.444004],[140.099311,40.444387],[140.099848,40.445329],[140.099548,40.446037],[140.098973,40.446937],[140.09836,40.448037],[140.097448,40.449161],[140.097485,40.449803],[140.097898,40.450653],[140.098348,40.45102],[140.098985,40.451828],[140.099585,40.453053],[140.099185,40.453428],[140.098873,40.453911],[140.098123,40.454603],[140.097348,40.455169],[140.09656,40.455877],[140.095573,40.456636],[140.09471,40.457485],[140.093873,40.458394],[140.09296,40.459094],[140.09141,40.459468],[140.090473,40.459943],[140.089898,40.46056],[140.089048,40.460877],[140.088261,40.461576],[140.087198,40.46226],[140.085898,40.46251],[140.083574,40.462284],[140.083524,40.462601],[140.083324,40.463334],[140.083199,40.463626],[140.082374,40.464534],[140.081161,40.465309],[140.080286,40.465817],[140.079099,40.466734],[140.078299,40.466651],[140.077461,40.465992],[140.076561,40.465351],[140.075349,40.464859],[140.074212,40.464709],[140.073787,40.464767],[140.072162,40.46535],[140.071312,40.466117],[140.071062,40.466442],[140.070724,40.46765],[140.070224,40.468417],[140.068724,40.468833],[140.068224,40.468825],[140.068199,40.4688],[140.067662,40.4685],[140.067562,40.468408],[140.06675,40.468358],[140.06635,40.468367],[140.065362,40.468325],[140.064275,40.468092],[140.062837,40.46755],[140.060775,40.467775],[140.059613,40.467317],[140.058563,40.467083],[140.0566,40.467375],[140.055363,40.467375],[140.054326,40.4676],[140.053701,40.467616],[140.052726,40.466775],[140.052426,40.466166],[140.052938,40.465458],[140.053851,40.464883],[140.053913,40.464258],[140.053638,40.464],[140.052938,40.463458],[140.052026,40.463183],[140.051064,40.4627],[140.050164,40.462117],[140.049426,40.461384],[140.048876,40.460359],[140.048614,40.460159],[140.048026,40.460492],[140.047139,40.460742],[140.045727,40.460808],[140.044427,40.460592],[140.043239,40.460508],[140.042202,40.460633],[140.041102,40.461108],[140.040602,40.461083],[140.038465,40.460858],[140.03779,40.461291],[140.036515,40.461533],[140.036127,40.461316],[140.03604,40.460758],[140.035802,40.459825],[140.035453,40.458908],[140.034503,40.458383],[140.03444,40.45805],[140.034115,40.457867],[140.033353,40.458025],[140.03229,40.458083],[140.031303,40.457642],[140.030441,40.456884],[140.030403,40.45625],[140.030153,40.455309],[140.029691,40.455175],[140.029478,40.455175],[140.028628,40.45475],[140.028154,40.453984],[140.028141,40.453901],[140.028041,40.453817],[140.027254,40.453551],[140.026379,40.453601],[140.025416,40.453392],[140.024916,40.453126],[140.022879,40.451426],[140.022604,40.451126],[140.022067,40.450192],[140.02083,40.449093],[140.020655,40.448893],[140.02068,40.448584],[140.020205,40.447818],[140.020017,40.446976],[140.020155,40.446626],[140.021005,40.445701],[140.021718,40.444968],[140.022068,40.444385],[140.02208,40.443685],[140.022618,40.44296],[140.022843,40.442593],[140.023468,40.441802],[140.02423,40.440985],[140.024893,40.440102],[140.02583,40.439344],[140.02598,40.438902],[140.02558,40.437811],[140.025505,40.437044],[140.025205,40.436511],[140.024118,40.436003],[140.022818,40.435511],[140.022543,40.435019],[140.022569,40.433578],[140.022444,40.433136],[140.022456,40.43262],[140.022281,40.432411],[140.022144,40.431828],[140.022244,40.430395],[140.021944,40.429728],[140.021207,40.42932],[140.020132,40.429037],[140.019169,40.428645],[140.018832,40.428428],[140.018245,40.427612],[140.017582,40.427254],[140.017432,40.427079],[140.01737,40.42652],[140.01762,40.425812],[140.018182,40.42542],[140.018457,40.424771],[140.018857,40.424046],[140.019282,40.423087],[140.01877,40.422213],[140.01877,40.421971],[140.019183,40.421313],[140.019558,40.420813],[140.01947,40.419955],[140.01942,40.419888],[140.018758,40.420063],[140.018145,40.420471],[140.01742,40.421063],[140.01652,40.421263],[140.01542,40.421804],[140.01472,40.422037],[140.014233,40.422396],[140.014283,40.422762],[140.014195,40.423362],[140.013758,40.423962],[140.01282,40.424654],[140.012083,40.424604],[140.011845,40.424887],[140.012058,40.42547],[140.01202,40.425779],[140.01147,40.425954],[140.009158,40.425595],[140.008108,40.426478],[140.007171,40.426903],[140.006421,40.42742],[140.005796,40.428486],[140.005083,40.429303],[140.003858,40.431011],[140.003221,40.431786],[140.002508,40.432236],[140.001708,40.432619],[140.001021,40.432794],[140.000921,40.432786],[140.000321,40.432544],[139.999733,40.432486],[139.998696,40.432736],[139.997696,40.432744],[139.997484,40.432786],[139.996934,40.433386],[139.996884,40.43361],[139.996539,40.434296],[139.996396,40.434335],[139.995634,40.434694],[139.995071,40.435035],[139.994809,40.434944],[139.994684,40.434694],[139.994309,40.434269],[139.993896,40.43366],[139.993809,40.433052],[139.993834,40.432719],[139.993722,40.432561],[139.991359,40.431977],[139.99051,40.431277],[139.989685,40.430786],[139.989297,40.430627],[139.988447,40.429969],[139.986823,40.428827],[139.985585,40.428219],[139.984536,40.428061],[139.983648,40.428194],[139.982911,40.427811],[139.982261,40.427694],[139.981586,40.427519],[139.980524,40.427536],[139.978761,40.428094],[139.978399,40.428119],[139.977461,40.427827],[139.976749,40.427777],[139.976137,40.427377],[139.975199,40.427286],[139.973962,40.426769],[139.972812,40.426677],[139.9719,40.426902],[139.971012,40.427277],[139.970212,40.427394],[139.969387,40.427927],[139.968712,40.42876],[139.966912,40.429252],[139.964238,40.430285],[139.964112,40.43136],[139.963375,40.432726],[139.962725,40.433284],[139.96105,40.434209],[139.959575,40.434676],[139.959225,40.434634],[139.957013,40.434134],[139.955776,40.432742],[139.954651,40.432109],[139.951564,40.431051],[139.950476,40.431009],[139.949676,40.431184],[139.949326,40.431142],[139.948151,40.431159],[139.947389,40.430892],[139.946827,40.430459],[139.945702,40.429926],[139.944177,40.429742],[139.943377,40.429717],[139.942314,40.429984],[139.942077,40.429984],[139.941527,40.429601],[139.94114,40.429401],[139.940702,40.429217],[139.939427,40.429042],[139.938615,40.428751],[139.93714,40.428634],[139.93619,40.428159],[139.936225,40.428458],[139.93649,40.428834],[139.936571,40.428937],[139.936815,40.429084],[139.937176,40.429252],[139.937602,40.429484],[139.937735,40.429589],[139.937865,40.429709],[139.938165,40.429934],[139.938365,40.429984],[139.938552,40.430184],[139.938927,40.430117],[139.93929,40.429851],[139.939315,40.429892],[139.939315,40.430367],[139.939902,40.430384],[139.93999,40.430634],[139.939465,40.430726],[139.93964,40.430884],[139.93984,40.43095],[139.939839,40.431017],[139.939402,40.431059],[139.939277,40.431017],[139.939689,40.431509],[139.939602,40.431534],[139.939102,40.431309],[139.938791,40.431773],[139.93869,40.431959],[139.938927,40.432767],[139.939252,40.432809],[139.939277,40.4329],[139.939386,40.433008],[139.939527,40.433155],[139.939577,40.433325],[139.939554,40.433434],[139.939577,40.43355],[139.939839,40.433867],[139.940039,40.4347],[139.940039,40.435167],[139.939864,40.435325],[139.939389,40.435483],[139.939452,40.4358],[139.940014,40.4362],[139.940064,40.4369],[139.939977,40.437233],[139.939914,40.437283],[139.939914,40.4378],[139.940126,40.438199],[139.940276,40.438041],[139.940326,40.438091],[139.940501,40.438558],[139.939976,40.439008],[139.939912,40.439041],[139.939801,40.439099],[139.939764,40.439141],[139.939801,40.439683],[139.939714,40.439974],[139.939939,40.440016],[139.939826,40.440716],[139.939801,40.440691],[139.939676,40.440899],[139.939676,40.441232],[139.939739,40.441416],[139.939701,40.441499],[139.939739,40.441907],[139.939651,40.442132],[139.939639,40.442582],[139.939764,40.442649],[139.939614,40.44289],[139.939376,40.443165],[139.939376,40.443232],[139.939826,40.443365],[139.939826,40.44339],[139.939701,40.443407],[139.939501,40.443907],[139.939313,40.444665],[139.939313,40.445182],[139.939182,40.445395],[139.938938,40.445657],[139.938551,40.44599],[139.938576,40.446032],[139.938622,40.446011],[139.938813,40.446123],[139.938876,40.446865],[139.939051,40.44689],[139.939076,40.446932],[139.938876,40.447115],[139.938638,40.447207],[139.938776,40.447406],[139.939313,40.447498],[139.939838,40.447432],[139.939838,40.447565],[139.939971,40.447923],[139.940313,40.448306],[139.940751,40.448531],[139.94113,40.448805],[139.941575,40.449023],[139.941963,40.449115],[139.942025,40.449181],[139.942163,40.449765],[139.94214,40.450076],[139.9421,40.450265],[139.942138,40.450798],[139.941963,40.451114],[139.941725,40.451364],[139.9414,40.451564],[139.941275,40.451564],[139.941138,40.451514],[139.940925,40.451831],[139.940688,40.452098],[139.940867,40.452267],[139.941013,40.452373],[139.941338,40.452348],[139.941513,40.452506],[139.941725,40.452597],[139.942188,40.453222],[139.94225,40.453564],[139.942175,40.453839],[139.9421,40.454122],[139.942037,40.454614],[139.942067,40.454945],[139.942212,40.455289],[139.942512,40.455805],[139.94245,40.456189],[139.942337,40.456439],[139.9421,40.456389],[139.941975,40.456597],[139.942125,40.456839],[139.942125,40.457222],[139.942029,40.45757],[139.942062,40.45783],[139.942412,40.457938],[139.942562,40.458055],[139.943212,40.459038],[139.943387,40.459872],[139.943324,40.460096],[139.943449,40.460588],[139.943562,40.460771],[139.943624,40.460796],[139.943824,40.462255],[139.944087,40.462679],[139.944174,40.462729],[139.944349,40.463038],[139.944736,40.463513],[139.944974,40.464054],[139.944761,40.465462],[139.944436,40.466162],[139.943936,40.466496],[139.943674,40.466812],[139.943611,40.467037],[139.943753,40.467468],[139.943811,40.467729],[139.943761,40.468004],[139.944111,40.468404],[139.944436,40.46847],[139.944674,40.468629],[139.945286,40.468945],[139.94548,40.469091],[139.945911,40.469754],[139.946023,40.470253],[139.945898,40.470878],[139.946048,40.471528],[139.946073,40.472336],[139.945961,40.472986],[139.945748,40.473036],[139.945748,40.473195],[139.945811,40.473339],[139.945827,40.473477],[139.945835,40.473596],[139.945835,40.473728],[139.945865,40.473908],[139.945923,40.47402],[139.946098,40.474536],[139.946598,40.474919],[139.94666,40.475119],[139.94666,40.475686],[139.946723,40.476111],[139.94686,40.476694],[139.947072,40.478311],[139.947185,40.478827],[139.94716,40.479835],[139.94701,40.480152],[139.946772,40.480444],[139.946597,40.480985],[139.94656,40.48161],[139.946647,40.48231],[139.946535,40.482802],[139.945997,40.483093],[139.94591,40.483452],[139.946184,40.483587],[139.94636,40.483743],[139.946622,40.484101],[139.946997,40.484468],[139.946997,40.484893],[139.946884,40.485451],[139.946172,40.486301],[139.946022,40.486576],[139.946109,40.487026],[139.946347,40.487384],[139.946872,40.487834],[139.947472,40.488259],[139.948109,40.488576],[139.948521,40.488976],[139.948521,40.489276],[139.948609,40.489676],[139.948646,40.490217],[139.947934,40.491426],[139.947871,40.491476],[139.948134,40.491784],[139.948671,40.492192],[139.949046,40.492667],[139.949284,40.493092],[139.949633,40.494525],[139.949871,40.4963],[139.949871,40.497133],[139.949783,40.497917],[139.949546,40.498658],[139.949546,40.499083],[139.94937,40.499625],[139.94927,40.500183],[139.949395,40.5012],[139.949308,40.50185],[139.949095,40.502408],[139.94882,40.502683],[139.94837,40.503091],[139.94812,40.503449],[139.948095,40.503541],[139.94827,40.504083],[139.948508,40.504691],[139.948895,40.506066],[139.948932,40.507124],[139.948857,40.507549],[139.948882,40.508207],[139.948732,40.50929],[139.948545,40.510007],[139.948407,40.510149],[139.948195,40.510549],[139.947632,40.511049],[139.947207,40.51134],[139.94707,40.51139],[139.94667,40.511682],[139.946695,40.512065],[139.947407,40.512848],[139.947507,40.513232],[139.947007,40.514498],[139.946844,40.514657],[139.946495,40.514815],[139.946257,40.514815],[139.945982,40.514906],[139.94572,40.515223],[139.945745,40.515273],[139.946045,40.515265],[139.946282,40.515223],[139.946444,40.515065],[139.94672,40.515035],[139.947069,40.515107],[139.947419,40.515356],[139.947582,40.515648],[139.947857,40.516865],[139.947919,40.517423],[139.947757,40.518706],[139.947744,40.519389],[139.947632,40.519656],[139.947582,40.520289],[139.947569,40.521664],[139.947494,40.522497],[139.947519,40.523514],[139.947319,40.524997],[139.947131,40.52563],[139.946819,40.527297],[139.946656,40.527972],[139.946294,40.529238],[139.945581,40.531988],[139.945293,40.53253],[139.945206,40.533096],[139.945368,40.533521],[139.945493,40.534329],[139.945306,40.535054],[139.945143,40.535479],[139.944995,40.53608],[139.944931,40.536629],[139.944993,40.537087],[139.944918,40.537921],[139.944156,40.54042],[139.943943,40.541054],[139.943193,40.542387],[139.943031,40.542612],[139.942868,40.54322],[139.942956,40.543962],[139.942943,40.544953],[139.942705,40.546011],[139.942143,40.547211],[139.94198,40.547478],[139.941693,40.548136],[139.94143,40.548928],[139.941293,40.549711],[139.941318,40.549711],[139.94103,40.550569],[139.940705,40.551094],[139.94058,40.551253],[139.940043,40.551611],[139.939993,40.551677],[139.94018,40.552561],[139.94018,40.552761],[139.939868,40.553302],[139.939193,40.553711],[139.938918,40.554202],[139.938842,40.554415],[139.938743,40.55461],[139.938555,40.555044],[139.938255,40.555402],[139.937043,40.55626],[139.93643,40.55656],[139.935805,40.55676],[139.93508,40.556877],[139.93438,40.556635],[139.933406,40.55621],[139.933031,40.55596],[139.932593,40.555552],[139.932381,40.555219],[139.932106,40.55526],[139.931893,40.555443],[139.930906,40.556077],[139.930581,40.556193],[139.930093,40.55651],[139.929443,40.556868],[139.929393,40.556943],[139.929368,40.557102],[139.929439,40.55727],[139.929531,40.557393],[139.930131,40.557302],[139.930527,40.557363],[139.930906,40.557435],[139.931531,40.557477],[139.931981,40.557452],[139.932093,40.557768],[139.932018,40.55806],[139.931043,40.558443],[139.930618,40.558651],[139.930106,40.559076],[139.930081,40.559368],[139.930518,40.559576],[139.930818,40.559751],[139.930981,40.560201],[139.931281,40.560318],[139.931443,40.560226],[139.93168,40.560493],[139.93168,40.560651],[139.931605,40.560901],[139.931555,40.560943],[139.931518,40.561143],[139.93123,40.561151],[139.931205,40.561193],[139.931493,40.561301],[139.932005,40.561368],[139.93288,40.561859],[139.933068,40.562018],[139.933318,40.562493],[139.93348,40.563143],[139.93353,40.563776],[139.933518,40.564768],[139.933405,40.565534],[139.932855,40.566842],[139.931868,40.56885],[139.93133,40.569759],[139.930155,40.571967],[139.929255,40.5735],[139.92703,40.576891],[139.925643,40.578741],[139.923955,40.580749],[139.923318,40.581449],[139.92278,40.581924],[139.922105,40.582807],[139.921568,40.583307],[139.920793,40.584182],[139.920368,40.584615],[139.919668,40.585115],[139.918943,40.585474],[139.918405,40.58579],[139.91813,40.585907],[139.917093,40.586115],[139.916431,40.586348],[139.916243,40.586457],[139.915856,40.586665],[139.914306,40.58689],[139.913568,40.586915],[139.913193,40.586873],[139.912981,40.586107],[139.912843,40.58609],[139.912193,40.586157],[139.912006,40.586132],[139.911868,40.586007],[139.911856,40.585923],[139.911606,40.585923],[139.911568,40.586007],[139.911543,40.58614],[139.911468,40.586273],[139.911331,40.586315],[139.911006,40.58634],[139.910906,40.586315],[139.910843,40.586007],[139.910881,40.58539],[139.911168,40.585382],[139.911168,40.585115],[139.911031,40.585115],[139.910864,40.585159],[139.910581,40.585273],[139.910494,40.585273],[139.910394,40.585365],[139.910469,40.585432],[139.910581,40.585432],[139.910556,40.586007],[139.910444,40.586098],[139.910044,40.586232],[139.909281,40.586323],[139.908469,40.586148],[139.908094,40.58619],[139.907269,40.586423],[139.907105,40.586369],[139.906994,40.58624],[139.906856,40.586198],[139.906456,40.586198],[139.906319,40.586156],[139.906244,40.586173],[139.905881,40.58604],[139.905319,40.585698],[139.905294,40.58549],[139.905081,40.585423],[139.904832,40.585515],[139.904382,40.585406],[139.902594,40.584307],[139.901944,40.583973],[139.899995,40.58319],[139.899695,40.58299],[139.899345,40.582673],[139.89897,40.58249],[139.89837,40.582407],[139.89807,40.582207],[139.897695,40.58214],[139.897532,40.58214],[139.89737,40.582073],[139.897232,40.582073],[139.896345,40.581915],[139.89607,40.582048],[139.89597,40.582073],[139.89497,40.582573],[139.893783,40.583006],[139.893545,40.583123],[139.89282,40.583323],[139.891445,40.583398],[139.890658,40.58349],[139.888908,40.58349],[139.888746,40.583515],[139.888158,40.583673],[139.888133,40.583606],[139.887933,40.58359],[139.887458,40.583723],[139.887346,40.583814],[139.887108,40.583906],[139.886621,40.583973],[139.886033,40.584131],[139.885783,40.584248],[139.885683,40.584198],[139.885246,40.584289],[139.885171,40.584473],[139.884458,40.584406],[139.884058,40.584298],[139.883658,40.584006],[139.883271,40.583848],[139.882896,40.583981],[139.882221,40.584123],[139.880709,40.583881],[139.880709,40.583764],[139.880334,40.583656],[139.880171,40.583764],[139.879521,40.583164],[139.879808,40.582891],[139.879471,40.582731],[139.879146,40.582806],[139.878247,40.582648],[139.877609,40.582448],[139.877147,40.582198],[139.876922,40.581889],[139.876522,40.581681],[139.875822,40.581623],[139.875222,40.581664],[139.873022,40.582239],[139.872397,40.582506],[139.871533,40.582758],[139.871035,40.582922],[139.869735,40.583672],[139.868547,40.584464],[139.868085,40.584872],[139.867772,40.585455],[139.867572,40.585722],[139.867485,40.585947],[139.867422,40.586005],[139.867247,40.586355],[139.86716,40.586714],[139.866835,40.587138],[139.866535,40.587405],[139.866447,40.587509],[139.866273,40.587747],[139.866123,40.588147],[139.866048,40.588263],[139.865798,40.588913],[139.865665,40.589174],[139.86556,40.58943],[139.865433,40.589757],[139.865195,40.590162],[139.865022,40.590555],[139.864797,40.591546],[139.864778,40.591695],[139.86476,40.591905],[139.864785,40.592313],[139.865372,40.593513],[139.865172,40.593913],[139.864535,40.594654],[139.864435,40.594696],[139.86416,40.594679],[139.86401,40.594588],[139.863849,40.594594],[139.86366,40.594604],[139.863428,40.594624],[139.86321,40.594646],[139.86271,40.594729],[139.86242,40.594828],[139.862285,40.594862],[139.86181,40.594996],[139.86171,40.595179],[139.861523,40.595246],[139.861448,40.595512],[139.861348,40.595671],[139.861323,40.595829],[139.861285,40.595977],[139.861223,40.596146],[139.861273,40.596237],[139.861548,40.596329],[139.861947,40.596354],[139.862154,40.596371],[139.862422,40.596396],[139.862609,40.596391],[139.862872,40.596312],[139.863007,40.596283],[139.863097,40.596271],[139.863372,40.596179],[139.863702,40.596066],[139.863922,40.595962],[139.864022,40.595937],[139.86441,40.595762],[139.86466,40.595854],[139.864872,40.595987],[139.865197,40.596304],[139.865297,40.596554],[139.865322,40.596987],[139.865197,40.597229],[139.86486,40.597454],[139.864735,40.597587],[139.864535,40.597746],[139.864135,40.59797],[139.86416,40.598037],[139.86396,40.598195],[139.86396,40.598354],[139.86381,40.598487],[139.86381,40.598554],[139.863622,40.59857],[139.863647,40.599045],[139.863622,40.599112],[139.863797,40.599229],[139.864022,40.599295],[139.864022,40.599429],[139.864097,40.599479],[139.864122,40.599454],[139.864172,40.599704],[139.863897,40.599745],[139.863622,40.599629],[139.863222,40.599587],[139.862922,40.59967],[139.862985,40.59997],[139.86281,40.600079],[139.862835,40.60017],[139.862935,40.600237],[139.86291,40.60062],[139.86286,40.600728],[139.862435,40.600953],[139.862322,40.601245],[139.862122,40.601403],[139.862122,40.60147],[139.862247,40.601587],[139.862247,40.601787],[139.861972,40.601987],[139.86106,40.602545],[139.860835,40.602612],[139.860585,40.602545],[139.860535,40.602562],[139.860535,40.602612],[139.86036,40.602745],[139.860325,40.60281],[139.86026,40.602853],[139.85986,40.602761],[139.859635,40.602853],[139.859985,40.603103],[139.860109,40.603183],[139.860185,40.603261],[139.860415,40.603386],[139.86066,40.603445],[139.86071,40.603495],[139.86106,40.603561],[139.861085,40.603536],[139.86136,40.603561],[139.86171,40.603745],[139.861972,40.604111],[139.861897,40.60442],[139.861747,40.604628],[139.861522,40.60467],[139.861222,40.604803],[139.860797,40.604778],[139.860797,40.604845],[139.860985,40.605095],[139.86126,40.605211],[139.861735,40.605486],[139.861735,40.605686],[139.861635,40.605795],[139.861385,40.605861],[139.861337,40.605958],[139.861293,40.606097],[139.861243,40.606285],[139.861147,40.606536],[139.861097,40.606694],[139.861052,40.606817],[139.861097,40.606986],[139.861122,40.607144],[139.861072,40.607261],[139.860897,40.607303],[139.860747,40.607486],[139.860697,40.607594],[139.86041,40.607819],[139.86046,40.607844],[139.860685,40.607844],[139.860717,40.607857],[139.860735,40.607869],[139.86066,40.608111],[139.860685,40.608253],[139.86086,40.608453],[139.861035,40.608569],[139.861135,40.608703],[139.861135,40.608836],[139.86106,40.609019],[139.861085,40.609111],[139.86121,40.609111],[139.86131,40.608977],[139.86136,40.608569],[139.861331,40.60837],[139.861515,40.608154],[139.861747,40.608011],[139.862061,40.608237],[139.862509,40.608536],[139.862834,40.608761],[139.862934,40.609011],[139.862984,40.609369],[139.862734,40.609569],[139.862697,40.609777],[139.862497,40.609819],[139.862247,40.609952],[139.862247,40.610061],[139.862522,40.610152],[139.862522,40.610294],[139.862447,40.610427],[139.862297,40.610494],[139.862206,40.610602],[139.862147,40.610669],[139.861722,40.610711],[139.861672,40.610761],[139.86173,40.61094],[139.861784,40.611052],[139.861734,40.611077],[139.861459,40.611227],[139.861159,40.611319],[139.860709,40.611294],[139.860659,40.611252],[139.860435,40.611202],[139.859985,40.611535],[139.859772,40.611894],[139.859797,40.612169],[139.859872,40.612394],[139.860022,40.612485],[139.860092,40.612511],[139.860172,40.61251],[139.860772,40.612377],[139.860972,40.612444],[139.861047,40.612494],[139.861122,40.612744],[139.861197,40.612852],[139.861122,40.613077],[139.860997,40.61326],[139.860872,40.61326],[139.860747,40.613344],[139.860472,40.613369],[139.860334,40.613452],[139.860084,40.614019],[139.860184,40.614244],[139.860459,40.614244],[139.860809,40.614427],[139.860959,40.614585],[139.861009,40.614727],[139.860947,40.615493],[139.860747,40.615643],[139.860747,40.61576],[139.860897,40.61596],[139.861397,40.61601],[139.861572,40.616127],[139.861797,40.616243],[139.862072,40.61631],[139.862297,40.616468],[139.862547,40.61636],[139.862972,40.616043],[139.863272,40.615893],[139.863497,40.615935],[139.863597,40.616068],[139.863597,40.616143],[139.863372,40.616318],[139.863447,40.616452],[139.863622,40.616568],[139.864096,40.616643],[139.864496,40.616443],[139.864921,40.616627],[139.865221,40.616785],[139.866409,40.617852],[139.866959,40.618218],[139.867184,40.61831],[139.867684,40.618652],[139.867909,40.618918],[139.868258,40.619243],[139.869133,40.619877],[139.869483,40.619968],[139.870458,40.620135],[139.870758,40.620318],[139.871531,40.62057],[139.871796,40.620693],[139.872108,40.620842],[139.872396,40.620935],[139.872721,40.620985],[139.873095,40.621293],[139.873258,40.621768],[139.873258,40.621876],[139.873583,40.622285],[139.873958,40.622535],[139.874183,40.62271],[139.874645,40.622893],[139.874833,40.623026],[139.874995,40.623293],[139.875042,40.62336],[139.875133,40.623426],[139.875345,40.623451],[139.875483,40.62336],[139.875533,40.62336],[139.875808,40.623493],[139.875995,40.62376],[139.876183,40.623918],[139.876395,40.624035],[139.876695,40.624301],[139.876783,40.62466],[139.87702,40.624793],[139.877208,40.62466],[139.877272,40.624706],[139.87737,40.624776],[139.87762,40.624926],[139.87772,40.624951],[139.878107,40.625151],[139.878457,40.625401],[139.87872,40.625535],[139.879132,40.625735],[139.880295,40.626093],[139.880557,40.626268],[139.880807,40.626676],[139.880857,40.626701],[139.88097,40.626651],[139.88127,40.626701],[139.881432,40.62681],[139.881507,40.626835],[139.881807,40.626743],[139.882107,40.626851],[139.882644,40.627276],[139.883269,40.627635],[139.883857,40.62806],[139.884057,40.628335],[139.884057,40.628743],[139.884132,40.628851],[139.884382,40.628959],[139.884594,40.629009],[139.884844,40.629026],[139.885032,40.629143],[139.885357,40.629159],[139.885669,40.629093],[139.885994,40.629134],[139.886244,40.629251],[139.886194,40.629809],[139.886457,40.629901],[139.886519,40.629609],[139.886644,40.629426],[139.886782,40.629451],[139.886944,40.629559],[139.886994,40.629701],[139.887132,40.629834],[139.887244,40.629784],[139.887432,40.629768],[139.887382,40.630059],[139.887594,40.630168],[139.887732,40.630076],[139.888156,40.630234],[139.888518,40.630703],[139.888706,40.630884],[139.88887,40.630822],[139.889056,40.630618],[139.889219,40.630634],[139.889319,40.630543],[139.889294,40.630409],[139.889569,40.630368],[139.889994,40.630451],[139.890181,40.630901],[139.890232,40.630997],[139.890294,40.631084],[139.890619,40.631284],[139.890731,40.631284],[139.891056,40.631193],[139.891269,40.631259],[139.891594,40.631509],[139.891594,40.631618],[139.891294,40.631826],[139.891244,40.632051],[139.891081,40.632159],[139.890981,40.632543],[139.891031,40.632684],[139.891331,40.633018],[139.891424,40.63312],[139.891544,40.633218],[139.891981,40.633126],[139.892219,40.633034],[139.891944,40.632676],[139.891844,40.632476],[139.891869,40.632434],[139.892269,40.632226],[139.892356,40.632226],[139.892644,40.632318],[139.893331,40.632693],[139.893656,40.632968],[139.893756,40.633234],[139.893656,40.633418],[139.893444,40.633601],[139.893144,40.633759],[139.892792,40.63382],[139.892494,40.633868],[139.892169,40.633984],[139.892119,40.634051],[139.891881,40.634501],[139.891994,40.634751],[139.892044,40.635042],[139.892181,40.635359],[139.892206,40.635542],[139.892369,40.635692],[139.892756,40.635984],[139.893131,40.636367],[139.893293,40.636434],[139.893644,40.636753],[139.893831,40.637001],[139.893918,40.637309],[139.894243,40.637559],[139.894431,40.637626],[139.894568,40.637626],[139.894756,40.637559],[139.894893,40.637667],[139.894968,40.637809],[139.895006,40.637984],[139.895131,40.638075],[139.895237,40.638178],[139.895381,40.638234],[139.895593,40.638184],[139.895756,40.6383],[139.895781,40.638434],[139.895981,40.6387],[139.896108,40.638835],[139.896243,40.639059],[139.896331,40.63915],[139.896493,40.639217],[139.896843,40.639192],[139.897056,40.639267],[139.897218,40.639284],[139.897388,40.639319],[139.897593,40.639375],[139.897655,40.639484],[139.897468,40.639709],[139.897405,40.640025],[139.897518,40.640342],[139.89768,40.640609],[139.897772,40.640761],[139.897818,40.640925],[139.897905,40.641292],[139.89823,40.641692],[139.898768,40.642567],[139.898905,40.6427],[139.898993,40.642883],[139.89923,40.643042],[139.899318,40.643067],[139.899505,40.643267],[139.899586,40.643374],[139.899693,40.643492],[139.900018,40.643717],[139.900505,40.64425],[139.900967,40.644475],[139.901242,40.644792],[139.901542,40.64495],[139.901647,40.645068],[139.901705,40.645175],[139.901705,40.64535],[139.901892,40.6456],[139.90208,40.645733],[139.902217,40.645783],[139.902755,40.645866],[139.903105,40.646025],[139.90348,40.645891],[139.903642,40.645908],[139.903967,40.646225],[139.90433,40.646425],[139.904567,40.646491],[139.904842,40.646516],[139.905342,40.646291],[139.905617,40.646108],[139.90578,40.646041],[139.905717,40.645525],[139.90578,40.645367],[139.905767,40.645117],[139.906017,40.645158],[139.906092,40.645317],[139.906042,40.645475],[139.90613,40.6455],[139.906367,40.645408],[139.906555,40.64525],[139.906505,40.645092],[139.906317,40.644975],[139.90623,40.644775],[139.906333,40.644726],[139.906515,40.644658],[139.906649,40.644634],[139.906742,40.644883],[139.907142,40.644867],[139.907392,40.64475],[139.907442,40.644658],[139.907742,40.644458],[139.908004,40.644342],[139.908217,40.644208],[139.908322,40.64415],[139.908514,40.64407],[139.90877,40.644006],[139.908892,40.643959],[139.909192,40.643842],[139.909274,40.64373],[139.909354,40.643659],[139.909474,40.643579],[139.909592,40.6435],[139.909829,40.643417],[139.909942,40.643325],[139.910017,40.6433],[139.910454,40.642867],[139.910879,40.642709],[139.911092,40.642509],[139.911317,40.642459],[139.911529,40.642192],[139.911904,40.642076],[139.912279,40.642117],[139.912717,40.642209],[139.913279,40.642434],[139.913417,40.642884],[139.913579,40.642975],[139.913667,40.642975],[139.913854,40.642859],[139.913954,40.642592],[139.914517,40.642609],[139.914716,40.6427],[139.914654,40.64295],[139.914604,40.643309],[139.914554,40.6436],[139.914579,40.643667],[139.914766,40.643692],[139.914879,40.643484],[139.915016,40.643509],[139.915091,40.643642],[139.915204,40.643642],[139.915304,40.64315],[139.915441,40.643059],[139.915654,40.642992],[139.915866,40.643059],[139.915929,40.643125],[139.915954,40.643259],[139.916083,40.643433],[139.916229,40.643525],[139.916229,40.643775],[139.916116,40.643867],[139.916229,40.644117],[139.916366,40.644267],[139.916479,40.644342],[139.916608,40.644434],[139.916716,40.64445],[139.916904,40.644267],[139.917041,40.644359],[139.917204,40.644767],[139.917204,40.644942],[139.917341,40.645034],[139.917391,40.644942],[139.917416,40.644742],[139.917341,40.644517],[139.917304,40.644242],[139.917441,40.644267],[139.917579,40.644517],[139.917579,40.644625],[139.917691,40.64485],[139.917804,40.6449],[139.917904,40.64491],[139.917991,40.644917],[139.918254,40.645034],[139.918529,40.645075],[139.918579,40.644959],[139.918529,40.644809],[139.918437,40.644718],[139.918391,40.644625],[139.918366,40.644442],[139.918579,40.644334],[139.918791,40.644059],[139.918929,40.643742],[139.918954,40.643767],[139.919216,40.643792],[139.920266,40.643692],[139.920466,40.643717],[139.920591,40.6439],[139.921403,40.644142],[139.921753,40.644184],[139.921953,40.644342],[139.921953,40.644567],[139.922028,40.644617],[139.922241,40.644659],[139.922516,40.644434],[139.922541,40.644342],[139.922703,40.644292],[139.923328,40.644275],[139.923566,40.644184],[139.923753,40.644042],[139.924316,40.644225],[139.924703,40.644492],[139.924728,40.644384],[139.924641,40.644309],[139.924591,40.643976],[139.923591,40.643642],[139.923428,40.643642],[139.923478,40.643351],[139.923803,40.642626],[139.923903,40.642492],[139.924328,40.642151],[139.924278,40.641992],[139.924328,40.641926],[139.924416,40.641901],[139.924791,40.642059],[139.925491,40.642126],[139.925603,40.642326],[139.925766,40.642392],[139.926066,40.642392],[139.92749,40.642342],[139.92784,40.642367],[139.92824,40.642476],[139.928278,40.642542],[139.929165,40.643151],[139.92949,40.643442],[139.92974,40.643734],[139.929953,40.644592],[139.929928,40.644884],[139.929878,40.644992],[139.92974,40.645059],[139.929715,40.645309],[139.929615,40.645492],[139.929315,40.645625],[139.929128,40.645559],[139.92869,40.645609],[139.928478,40.645559],[139.92834,40.645475],[139.928428,40.645317],[139.92794,40.644975],[139.927753,40.645092],[139.927315,40.645275],[139.927028,40.645525],[139.926678,40.646042],[139.926253,40.647075],[139.92639,40.647325],[139.927278,40.6482],[139.92744,40.648425],[139.927365,40.6489],[139.927425,40.64906],[139.927503,40.649192],[139.927827,40.649733],[139.928015,40.649908],[139.928377,40.650541],[139.92859,40.650741],[139.92884,40.650766],[139.929002,40.651083],[139.929115,40.65155],[139.92939,40.652658],[139.92939,40.652816],[139.929115,40.652974],[139.928852,40.653066],[139.92864,40.653241],[139.928482,40.653389],[139.92829,40.653449],[139.92794,40.653424],[139.927802,40.653566],[139.927665,40.653583],[139.92734,40.653858],[139.927377,40.653899],[139.927419,40.653981],[139.927427,40.654057],[139.92729,40.654307],[139.927452,40.654491],[139.927777,40.654374],[139.928365,40.654008],[139.92869,40.653741],[139.928905,40.653677],[139.929065,40.653691],[139.929152,40.653716],[139.929577,40.653558],[139.92974,40.653358],[139.929952,40.653124],[139.93009,40.653058],[139.930302,40.653124],[139.93069,40.653124],[139.931439,40.653099],[139.932139,40.653166],[139.934739,40.654308],[139.935439,40.654258],[139.935814,40.654349],[139.936189,40.654616],[139.936876,40.655224],[139.937089,40.655566],[139.937139,40.655766],[139.937064,40.656016],[139.936739,40.656399],[139.936714,40.656574],[139.936776,40.657341],[139.936589,40.657524],[139.936264,40.657565],[139.936205,40.657716],[139.936326,40.658832],[139.936539,40.659007],[139.936864,40.659165],[139.937164,40.659415],[139.937364,40.659732],[139.937464,40.659999],[139.937464,40.660157],[139.937414,40.66029],[139.937089,40.660515],[139.936964,40.66054],[139.936526,40.660432],[139.936379,40.660535],[139.936264,40.660615],[139.936131,40.660714],[139.936014,40.66079],[139.935776,40.660932],[139.935776,40.66104],[139.935851,40.66109],[139.935939,40.661223],[139.936101,40.661223],[139.936339,40.66129],[139.936639,40.661215],[139.936876,40.661332],[139.937014,40.661582],[139.936639,40.661965],[139.936701,40.662098],[139.936651,40.662207],[139.936726,40.662415],[139.936589,40.662523],[139.936376,40.662548],[139.936264,40.662598],[139.936114,40.662615],[139.936051,40.662731],[139.936276,40.663206],[139.936464,40.66334],[139.936351,40.663498],[139.936139,40.663381],[139.936089,40.663406],[139.936139,40.663565],[139.935951,40.663498],[139.935876,40.663498],[139.935489,40.663206],[139.935439,40.663231],[139.935576,40.663406],[139.936114,40.66444],[139.936276,40.664398],[139.936339,40.664215],[139.936414,40.664173],[139.936414,40.664215],[139.936526,40.664281],[139.936551,40.66424],[139.936689,40.664256],[139.937013,40.66424],[139.937138,40.664306],[139.937363,40.664215],[139.937513,40.664006],[139.937713,40.664098],[139.937688,40.664281],[139.937788,40.664415],[139.937951,40.664348],[139.938276,40.66439],[139.938413,40.664523],[139.938413,40.664681],[139.938363,40.664773],[139.938363,40.664906],[139.938713,40.665065],[139.938688,40.665264],[139.938653,40.665447],[139.938576,40.665606],[139.938338,40.665631],[139.938226,40.665606],[139.938176,40.665764],[139.938526,40.666239],[139.938501,40.666464],[139.938563,40.666598],[139.938826,40.666639],[139.938826,40.666689],[139.939051,40.667114],[139.939151,40.667139],[139.939288,40.667298],[139.939288,40.667456],[139.939213,40.667656],[139.939163,40.667697],[139.939076,40.667922],[139.938888,40.668131],[139.938651,40.668239],[139.938358,40.668355],[139.938063,40.668406],[139.937651,40.668581],[139.937434,40.668581],[139.937326,40.668672],[139.937176,40.668722],[139.937113,40.668989],[139.936963,40.669239],[139.937226,40.669331],[139.937063,40.669389],[139.936863,40.669389],[139.936788,40.669405],[139.936676,40.669364],[139.936426,40.669364],[139.936126,40.669547],[139.935988,40.669705],[139.935876,40.669997],[139.935988,40.670105],[139.936263,40.670264],[139.936613,40.670289],[139.936726,40.670405],[139.936726,40.670605],[139.936788,40.670747],[139.936613,40.671014],[139.936613,40.671172],[139.936726,40.671305],[139.936676,40.671397],[139.936501,40.671514],[139.936563,40.671714],[139.936813,40.671805],[139.937088,40.671714],[139.937251,40.67138],[139.937851,40.671422],[139.938051,40.671489],[139.938488,40.671447],[139.93865,40.67133],[139.938788,40.671155],[139.938825,40.671039],[139.939038,40.670789],[139.9392,40.67043],[139.939488,40.670247],[139.939925,40.669864],[139.940063,40.669689],[139.940363,40.669456],[139.94045,40.669331],[139.940625,40.669072],[139.940925,40.669006],[139.941,40.668889],[139.94095,40.668847],[139.941,40.668797],[139.941325,40.668164],[139.941375,40.667831],[139.9418,40.667714],[139.942613,40.667714],[139.943013,40.667798],[139.94345,40.667823],[139.943825,40.668048],[139.943963,40.668298],[139.944263,40.668339],[139.94445,40.668064],[139.944663,40.668089],[139.945363,40.668356],[139.94605,40.668831],[139.9468,40.668848],[139.947425,40.669031],[139.947775,40.669206],[139.948462,40.669567],[139.949537,40.669989],[139.950112,40.670131],[139.950575,40.670306],[139.951024,40.670556],[139.951924,40.671489],[139.952474,40.672189],[139.952562,40.672481],[139.952812,40.672931],[139.953637,40.673256],[139.954012,40.673456],[139.954399,40.673614],[139.954736,40.673822],[139.954986,40.674022],[139.955174,40.674272],[139.955336,40.674564],[139.955749,40.675022],[139.956636,40.675739],[139.957261,40.676539],[139.957561,40.676764],[139.957924,40.677255],[139.958223,40.67798],[139.958448,40.67873],[139.95856,40.678893],[139.958798,40.67893],[139.959073,40.67893],[139.959798,40.679322],[139.961498,40.680472],[139.962598,40.681422],[139.963098,40.681763],[139.96351,40.68213],[139.963698,40.682238],[139.964085,40.682647],[139.964935,40.683805],[139.965323,40.684547],[139.965597,40.68498],[139.965847,40.685563],[139.96601,40.68613],[139.96606,40.686696],[139.966035,40.687038],[139.965897,40.687671],[139.96601,40.687938],[139.966197,40.688688],[139.966635,40.688888],[139.966747,40.689071],[139.96691,40.689796],[139.966797,40.690063],[139.96666,40.690679],[139.966697,40.691038],[139.96711,40.691404],[139.967684,40.692013],[139.967984,40.692421],[139.968347,40.693054],[139.968559,40.693596],[139.968834,40.694862],[139.968834,40.695971],[139.968997,40.696645],[139.968922,40.697054],[139.968359,40.69762],[139.968034,40.697729],[139.967922,40.697845],[139.967922,40.698162],[139.967759,40.698295],[139.967647,40.698295],[139.967347,40.698004],[139.967184,40.698004],[139.967122,40.698045],[139.966797,40.69802],[139.966772,40.698112],[139.966709,40.698362],[139.966772,40.698428],[139.966934,40.698412],[139.967009,40.69852],[139.966934,40.698703],[139.966959,40.698812],[139.966934,40.69897],[139.967072,40.699112],[139.967596,40.699312],[139.967734,40.699445],[139.967784,40.699678],[139.968034,40.69972],[139.968034,40.699678],[139.968334,40.699653],[139.968859,40.699678],[139.968971,40.699653],[139.969021,40.699612],[139.969184,40.699628],[139.969321,40.699903],[139.969459,40.69997],[139.969771,40.699903],[139.970159,40.699679],[139.970534,40.699953],[139.970921,40.700445],[139.971221,40.700587],[139.972296,40.70072],[139.972746,40.700878],[139.972908,40.701103],[139.972883,40.701287],[139.973071,40.70172],[139.973346,40.702053],[139.973571,40.70217],[139.973871,40.70217],[139.974421,40.702237],[139.974583,40.702303],[139.974583,40.702328],[139.974533,40.702328],[139.974371,40.702445],[139.974283,40.702578],[139.974371,40.702778],[139.974558,40.702845],[139.974721,40.70287],[139.974808,40.702987],[139.975028,40.702977],[139.975196,40.702853],[139.975404,40.702804],[139.975546,40.702803],[139.975758,40.702789],[139.976021,40.702578],[139.976371,40.702287],[139.976733,40.70217],[139.977095,40.70217],[139.977783,40.702354],[139.978083,40.702512],[139.978245,40.702562],[139.978583,40.702762],[139.979295,40.703262],[139.97957,40.703554],[139.979658,40.703554],[139.979708,40.703604],[139.979658,40.703645],[139.98012,40.704029],[139.981607,40.705503],[139.981832,40.70607],[139.98202,40.706362],[139.982482,40.707153],[139.982795,40.707945],[139.983037,40.708621],[139.983419,40.709145],[139.983869,40.709503],[139.984169,40.70987],[139.984444,40.710095],[139.984694,40.710136],[139.984832,40.710228],[139.984857,40.71032],[139.986369,40.712519],[139.986969,40.713486],[139.987331,40.714503],[139.987694,40.715952],[139.987694,40.716244],[139.987519,40.716586],[139.987331,40.716769],[139.986994,40.717177],[139.986919,40.717469],[139.986606,40.718169],[139.986081,40.71896],[139.985806,40.719227],[139.985669,40.719477],[139.985256,40.719835],[139.985094,40.71991],[139.984794,40.720152],[139.984656,40.72031],[139.984406,40.720768],[139.984392,40.720952],[139.984431,40.721085],[139.984619,40.721168],[139.985044,40.72106],[139.985206,40.720968],[139.985281,40.72081],[139.985426,40.72069],[139.985456,40.720702],[139.985456,40.720835],[139.985369,40.720927],[139.985344,40.721035],[139.985481,40.721193],[139.985644,40.721285],[139.985831,40.721443],[139.986081,40.72156],[139.986281,40.721743],[139.986468,40.72181],[139.986531,40.721918],[139.986631,40.721985],[139.986968,40.72201],[139.987131,40.721918],[139.987156,40.72151],[139.986993,40.721335],[139.986768,40.721177],[139.986144,40.72081],[139.986119,40.720743],[139.986169,40.720677],[139.986306,40.720652],[139.986493,40.720719],[139.986718,40.72086],[139.987268,40.721044],[139.987793,40.721335],[139.988093,40.721427],[139.988268,40.72156],[139.988568,40.721943],[139.988818,40.722168],[139.989531,40.722893],[139.989643,40.723143],[139.98983,40.723802],[139.99033,40.724793],[139.990543,40.725318],[139.991068,40.725951],[139.991268,40.726243],[139.99173,40.72731],[139.992143,40.728659],[139.992305,40.728893],[139.99283,40.729343],[139.99308,40.729634],[139.993305,40.729976],[139.99338,40.730634],[139.99333,40.731176],[139.99313,40.731851],[139.993217,40.731984],[139.993542,40.732167],[139.993705,40.732217],[139.993905,40.732376],[139.994155,40.732642],[139.994267,40.733142],[139.99423,40.733209],[139.99393,40.733459],[139.993705,40.733551],[139.993655,40.733684],[139.993742,40.734001],[139.993842,40.734226],[139.994042,40.734476],[139.994042,40.734567],[139.993929,40.734725],[139.993979,40.734859],[139.994042,40.734909],[139.994429,40.734925],[139.994729,40.734909],[139.995117,40.734926],[139.996513,40.735368],[139.997804,40.735601],[139.998404,40.735917],[139.998629,40.736126],[139.999904,40.737459],[140.000129,40.738],[140.000166,40.7382],[140.000429,40.738792],[140.000754,40.739267],[140.000591,40.739917],[139.999579,40.741292],[139.998504,40.741783],[139.997854,40.742141],[139.997404,40.742483],[139.997491,40.742775],[139.998204,40.743225],[139.998704,40.743458],[139.999328,40.743866],[139.999441,40.744116],[139.999353,40.744658],[139.999728,40.745266],[140.000116,40.745358],[140.000503,40.745091],[140.000566,40.744858],[140.001453,40.744525],[140.001877,40.744447],[140.002432,40.744242],[140.002791,40.743966],[140.004341,40.743475],[140.00499,40.743408],[140.005765,40.74375],[140.006828,40.744658],[140.007003,40.744775],[140.00884,40.745433],[140.010702,40.74605],[140.01164,40.7466],[140.01259,40.746692],[140.013014,40.746758],[140.013577,40.746967],[140.014077,40.747325],[140.014689,40.747717],[140.015439,40.747967],[140.015764,40.748033],[140.016589,40.748108],[140.016739,40.748175],[140.018926,40.749941],[140.019601,40.750325],[140.020614,40.750533],[140.021326,40.7504],[140.022476,40.749975],[140.023426,40.749917],[140.024851,40.750008],[140.025975,40.750325],[140.0266,40.750733],[140.027013,40.751233],[140.0271,40.7518],[140.027363,40.752458],[140.027638,40.752991],[140.028025,40.753741],[140.028375,40.754283],[140.028937,40.754641],[140.0293,40.754775],[140.0301,40.755183],[140.030687,40.75555],[140.031225,40.756116],[140.031937,40.757533],[140.032112,40.758124],[140.032149,40.758391],[140.031912,40.758366],[140.031637,40.758666],[140.031637,40.759182],[140.031724,40.759407],[140.031962,40.759407],[140.032562,40.759049],[140.033424,40.759882],[140.033962,40.760474],[140.034524,40.760766],[140.035236,40.760966],[140.036161,40.761332],[140.036661,40.761674],[140.037549,40.762849],[140.038061,40.762957],[140.039186,40.763141],[140.040136,40.763232],[140.040198,40.763482],[140.040311,40.763549],[140.040348,40.763482],[140.040548,40.763482],[140.043823,40.763824],[140.04456,40.764008],[140.044585,40.764141],[140.044948,40.764299],[140.044973,40.764258],[140.04506,40.764258],[140.045573,40.764757],[140.04596,40.765024],[140.047235,40.765232],[140.047362,40.765265],[140.047514,40.765267],[140.047797,40.765141],[140.048185,40.765049],[140.048335,40.765208],[140.048447,40.765574],[140.048722,40.765891],[140.04926,40.766049],[140.049372,40.766224],[140.049697,40.766207],[140.049872,40.766366],[140.050172,40.766299],[140.050235,40.766249],[140.05041,40.766341],[140.050772,40.766724],[140.051034,40.766932],[140.051272,40.767249],[140.051072,40.767741],[140.050972,40.767857],[140.050947,40.768022],[140.050972,40.768032],[140.051247,40.767966],[140.051288,40.767987],[140.051272,40.768216],[140.051397,40.768282],[140.051722,40.768191],[140.051751,40.768206],[140.051684,40.768466],[140.051959,40.768582],[140.051897,40.768732],[140.052134,40.768782],[140.052222,40.768824],[140.052409,40.769007],[140.052584,40.768824],[140.052697,40.768849],[140.052909,40.769166],[140.053472,40.769074],[140.05379,40.768966],[140.054159,40.768766],[140.054896,40.768382],[140.055196,40.768424],[140.055784,40.768857],[140.056271,40.768966],[140.057246,40.768883],[140.057546,40.768766],[140.057721,40.768499],[140.058321,40.768366],[140.059708,40.768141],[140.060096,40.768208],[140.060546,40.768166],[140.061283,40.767916],[140.062033,40.767733],[140.062558,40.767466],[140.062813,40.767382],[140.063246,40.767241],[140.063546,40.767041],[140.063696,40.766725],[140.064083,40.766658],[140.064471,40.767133],[140.064883,40.767016],[140.065445,40.766816],[140.066183,40.766142],[140.066308,40.765933],[140.067552,40.765495],[140.067908,40.765508],[140.068105,40.765479],[140.068295,40.7654],[140.068558,40.765283],[140.068913,40.765045],[140.069458,40.764542],[140.06972,40.764317],[140.070558,40.763417],[140.071208,40.762809],[140.071945,40.762201],[140.073845,40.760867],[140.074745,40.760284],[140.075545,40.759859],[140.076407,40.759584],[140.076707,40.759543],[140.077357,40.759384],[140.07792,40.759184],[140.079232,40.758826],[140.080445,40.758535],[140.081219,40.758493],[140.082194,40.758535],[140.084194,40.758518],[140.084332,40.75861],[140.084694,40.75861],[140.085019,40.758426],[140.085319,40.757935],[140.086232,40.757302],[140.087219,40.756877],[140.088231,40.756602],[140.088669,40.756668],[140.088969,40.75676],[140.089094,40.756743],[140.089056,40.756377],[140.089806,40.756335],[140.090544,40.756385],[140.090569,40.75586],[140.090544,40.755477],[140.090431,40.755452],[140.090369,40.755477],[140.090244,40.756177],[140.089569,40.756152],[140.089381,40.75611],[140.089269,40.755885],[140.088969,40.755819],[140.088881,40.755677],[140.088994,40.755202],[140.089094,40.755094],[140.089144,40.755094],[140.089269,40.754819],[140.089231,40.754352],[140.089094,40.75421],[140.088644,40.752661],[140.088507,40.752394],[140.089219,40.752286],[140.090082,40.752219],[140.090132,40.752202],[140.089907,40.751569],[140.089932,40.750977],[140.090532,40.750486],[140.092044,40.749494],[140.092619,40.749294],[140.092757,40.749211],[140.093269,40.748669],[140.093631,40.748378],[140.094794,40.747545],[140.095894,40.746828],[140.096806,40.746495],[140.097844,40.746203],[140.100106,40.745462],[140.100756,40.745245],[140.100856,40.745312],[140.101144,40.745178],[140.101144,40.745112],[140.101568,40.744953],[140.101831,40.744953],[140.102043,40.744862],[140.102093,40.74477],[140.102806,40.744478],[140.104981,40.743904],[140.106318,40.743687],[140.106856,40.743462],[140.107568,40.743279],[140.108068,40.743212],[140.108805,40.742995],[140.109602,40.742676],[140.110687,40.742171],[140.111818,40.741646],[140.11238,40.741512],[140.113355,40.741471],[140.115142,40.741146],[140.115967,40.741104],[140.116617,40.741304],[140.11733,40.741329],[140.118155,40.741471],[140.118954,40.741838],[140.121004,40.742179],[140.121129,40.742179],[140.121541,40.742074],[140.123441,40.742796],[140.124966,40.743546],[140.125728,40.743896],[140.126741,40.744146],[140.127541,40.744404],[140.128241,40.744746],[140.130015,40.745238],[140.130878,40.745538],[140.131228,40.745696],[140.133377,40.746413],[140.134265,40.746821],[140.135002,40.747121],[140.135686,40.747375],[140.136302,40.747588],[140.137364,40.748021],[140.138833,40.748836],[140.140476,40.749671],[140.141426,40.750038],[140.142276,40.750513],[140.143202,40.751087],[140.143873,40.751534],[140.144388,40.751954],[140.144688,40.752246],[140.144843,40.75235],[140.145151,40.752563],[140.1454,40.752663],[140.147288,40.754154],[140.148,40.754521],[140.149062,40.754746],[140.149925,40.755162],[140.1511,40.756046],[140.15175,40.756662],[140.152201,40.756972],[140.152599,40.757346],[140.153249,40.757937],[140.154037,40.758596],[140.155187,40.759437],[140.155487,40.759546],[140.156224,40.759646],[140.156699,40.759779],[140.157086,40.759987],[140.157474,40.760121],[140.157586,40.760212],[140.157949,40.760304],[140.158624,40.760671],[140.160299,40.761971],[140.160773,40.762471],[140.161386,40.762904],[140.162273,40.763404],[140.164361,40.765245],[140.165048,40.765812],[140.165835,40.766879],[140.166598,40.767237],[140.167135,40.767654],[140.167398,40.768079],[140.167485,40.768553],[140.167898,40.769012],[140.168535,40.769603],[140.171672,40.771178],[140.172147,40.771353],[140.173147,40.771903],[140.175222,40.772887],[140.176309,40.773303],[140.177384,40.773595],[140.178597,40.773895],[140.181672,40.774595],[140.183184,40.775078],[140.184659,40.775878],[140.185309,40.776487],[140.185959,40.777012],[140.186546,40.777603],[140.187046,40.77837],[140.187471,40.779412],[140.188158,40.780253],[140.188921,40.78107],[140.189446,40.78157],[140.190246,40.782136],[140.191608,40.782728],[140.192646,40.783011],[140.193646,40.78322],[140.194383,40.783561],[140.195295,40.784261],[140.195395,40.784286],[140.195958,40.784245],[140.196783,40.783936],[140.197708,40.783537],[140.198658,40.783287],[140.199558,40.783295],[140.200358,40.783503],[140.201033,40.783937],[140.201795,40.784478],[140.202482,40.785028],[140.203245,40.785503],[140.20402,40.785737],[140.204757,40.785762],[140.205357,40.785537],[140.205745,40.785087],[140.20607,40.784503],[140.205245,40.784228],[140.207107,40.781012],[140.207795,40.780679],[140.208032,40.780854],[140.20877,40.781587],[140.209182,40.782037],[140.20927,40.782087],[140.21037,40.781504],[140.211057,40.781104],[140.210557,40.780171],[140.210982,40.779971],[140.213157,40.779196],[140.214019,40.778879],[140.215469,40.778954],[140.217044,40.778988],[140.217907,40.778971],[140.219144,40.779204],[140.219769,40.779071],[140.220173,40.779016],[140.22082,40.77914],[140.221169,40.779263],[140.221794,40.779288],[140.222119,40.779354],[140.224894,40.780496],[140.226931,40.781479],[140.228031,40.781938],[140.228144,40.781963],[140.228968,40.782421],[140.229956,40.782896],[140.230743,40.783421],[140.231718,40.783971],[140.232781,40.784538],[140.233618,40.784954],[140.234531,40.785471],[140.23618,40.786812],[140.237505,40.787729],[140.23778,40.787837],[140.238193,40.788204],[140.23863,40.788746],[140.239455,40.789454],[140.239893,40.789929],[140.23993,40.790045],[140.240393,40.790454],[140.241105,40.790979],[140.24178,40.791654],[140.243105,40.793204],[140.243667,40.793654],[140.24423,40.79422],[140.24488,40.79477],[140.245667,40.795853],[140.246467,40.796537],[140.246487,40.796477],[140.246705,40.796612],[140.246755,40.796728],[140.24703,40.796978],[140.247567,40.797578],[140.248167,40.798586],[140.248367,40.798861],[140.248667,40.798995],[140.248967,40.799261],[140.249629,40.800161],[140.249867,40.800495],[140.250067,40.800836],[140.250367,40.801195],[140.250754,40.801486],[140.251592,40.802469],[140.251824,40.802808],[140.252104,40.803144],[140.253142,40.804394],[140.253354,40.804736],[140.253416,40.805053],[140.253504,40.805136],[140.253891,40.805386],[140.254466,40.805911],[140.254754,40.806661],[140.256004,40.808036],[140.256191,40.808461],[140.256454,40.808861],[140.256666,40.809269],[140.256841,40.809427],[140.257116,40.809827],[140.258079,40.81171],[140.258166,40.811827],[140.258341,40.81216],[140.258903,40.812702],[140.259653,40.813685],[140.259978,40.814268],[140.260191,40.814877],[140.260253,40.81521],[140.260441,40.815568],[140.260916,40.816018],[140.261328,40.816627],[140.261716,40.817118],[140.262016,40.817685],[140.262828,40.818826],[140.26309,40.819276],[140.26384,40.820351],[140.264315,40.821651],[140.264415,40.821809],[140.265065,40.822509],[140.265753,40.823692],[140.26599,40.824259],[140.266203,40.824859],[140.266678,40.825467],[140.267253,40.826392],[140.26764,40.827425],[140.26809,40.828159],[140.268215,40.82825],[140.268502,40.828634],[140.268865,40.829017],[140.26904,40.829375],[140.269252,40.830292],[140.269527,40.830767],[140.269827,40.831708],[140.27019,40.832292],[140.270515,40.833258],[140.270727,40.833683],[140.271352,40.8344],[140.27139,40.834675],[140.271502,40.8351],[140.271777,40.835616],[140.271883,40.835779],[140.272015,40.835908],[140.272227,40.835991],[140.272577,40.836508],[140.272802,40.836916],[140.272989,40.837408],[140.273127,40.837908],[140.273789,40.839441],[140.274064,40.839799],[140.274502,40.841216],[140.274839,40.841982],[140.276314,40.844799],[140.276814,40.845815],[140.277064,40.84649],[140.277276,40.847282],[140.277451,40.847682],[140.278326,40.84944],[140.279564,40.852281],[140.279926,40.852756],[140.280063,40.853023],[140.280276,40.853631],[140.280551,40.854081],[140.280888,40.855164],[140.281188,40.855789],[140.281601,40.856514],[140.281713,40.857122],[140.281926,40.85773],[140.282313,40.858205],[140.282613,40.858763],[140.283138,40.860138],[140.283388,40.861022],[140.283713,40.861805],[140.284438,40.863455],[140.284788,40.864738],[140.285225,40.865479],[140.285888,40.866812],[140.2868,40.86962],[140.2873,40.870479],[140.287375,40.871045],[140.287762,40.872753],[140.288037,40.87332],[140.288787,40.875145],[140.289137,40.876469],[140.289524,40.877286],[140.289937,40.878636],[140.290024,40.879219],[140.290462,40.880052],[140.290649,40.880661],[140.290624,40.880711],[140.292136,40.884219],[140.292499,40.885777],[140.292636,40.886043],[140.292911,40.886427],[140.293274,40.888185],[140.293436,40.888368],[140.293511,40.888793],[140.293711,40.889243],[140.293849,40.88981],[140.293786,40.889985],[140.294011,40.890618],[140.294423,40.891501],[140.294648,40.892334],[140.294898,40.893076],[140.295523,40.894359],[140.295798,40.895617],[140.296073,40.896367],[140.296348,40.897875],[140.296548,40.898367],[140.29676,40.89875],[140.296985,40.899425],[140.297185,40.900217],[140.297423,40.9017],[140.29801,40.903283],[140.29826,40.904341],[140.298535,40.9049],[140.298947,40.906316],[140.299572,40.908908],[140.299847,40.909474],[140.30016,40.910241],[140.300685,40.912624],[140.300822,40.913466],[140.301059,40.914157],[140.301372,40.914815],[140.301647,40.915757],[140.301859,40.91684],[140.302247,40.918757],[140.302497,40.91959],[140.302709,40.920215],[140.302959,40.921473],[140.303259,40.92254],[140.303371,40.923181],[140.303884,40.925248],[140.304346,40.927448],[140.304708,40.928806],[140.305121,40.929922],[140.305221,40.930506],[140.305571,40.93193],[140.306046,40.933522],[140.306058,40.93428],[140.306245,40.935097],[140.306958,40.937422],[140.306983,40.938097],[140.307133,40.93888],[140.30737,40.939713],[140.30757,40.940221],[140.308007,40.941763],[140.308057,40.942163],[140.308457,40.943921],[140.308532,40.944904],[140.308857,40.946137],[140.308982,40.946896],[140.309582,40.948737],[140.309669,40.949262],[140.309919,40.950137],[140.310057,40.951078],[140.310157,40.95252],[140.310219,40.95272],[140.310269,40.953311],[140.310594,40.954786],[140.310669,40.955511],[140.310906,40.956203],[140.311044,40.956778],[140.311244,40.957986],[140.311206,40.958561],[140.311431,40.960019],[140.311769,40.961302],[140.312368,40.963277],[140.312468,40.964035],[140.312681,40.964727],[140.312843,40.965519],[140.312943,40.966435],[140.313331,40.968385],[140.313393,40.969335],[140.31363,40.97011],[140.31398,40.972543],[140.314593,40.975301],[140.314842,40.977626],[140.315205,40.979526],[140.315267,40.980775],[140.315692,40.983092],[140.315917,40.983992],[140.315942,40.984575],[140.316079,40.985217],[140.316192,40.985467],[140.316392,40.986333],[140.316567,40.987933],[140.316679,40.98865],[140.316767,40.990175],[140.316892,40.990883],[140.316929,40.9915],[140.316991,40.991724],[140.317141,40.993641],[140.317254,40.994558],[140.317441,40.995233],[140.317766,40.996616],[140.317854,40.997224],[140.317991,40.997732],[140.318106,40.998327],[140.318178,40.998841],[140.318285,40.999371],[140.318391,40.999824],[140.318441,41.000149],[140.318391,41.000807],[140.318466,41.001524],[140.318603,41.00219],[140.318616,41.00264],[140.318591,41.003057],[140.318666,41.003532],[140.318866,41.004182],[140.319116,41.005782],[140.319253,41.008081],[140.319278,41.008873],[140.319503,41.010581],[140.31964,41.011306],[140.31971,41.011794],[140.319853,41.012406],[140.320003,41.013648],[140.320102,41.014256],[140.320102,41.014639],[140.320327,41.015647],[140.320302,41.016281],[140.32044,41.016981],[140.32049,41.017047],[140.320715,41.019255],[140.321015,41.020922],[140.32099,41.021555],[140.321327,41.02493],[140.321602,41.026396],[140.321664,41.027888],[140.321764,41.028354],[140.321714,41.030496],[140.321801,41.033696],[140.321889,41.03442],[140.321826,41.034912],[140.321551,41.03557],[140.321139,41.035795],[140.321451,41.037278],[140.322351,41.037753],[140.322439,41.038245],[140.322551,41.040836],[140.322638,41.04192],[140.323026,41.044194],[140.323163,41.045236],[140.323101,41.046111],[140.323051,41.046403],[140.323051,41.047603],[140.323275,41.048611],[140.323438,41.049919],[140.3235,41.050819],[140.323463,41.052469],[140.323363,41.053435],[140.323338,41.054452],[140.323363,41.055369],[140.323663,41.057602],[140.323663,41.05846],[140.323588,41.059518],[140.323725,41.060777],[140.323587,41.063143],[140.32345,41.064451],[140.323424,41.069543],[140.323212,41.072476],[140.323099,41.073709],[140.323049,41.074617],[140.322912,41.075875],[140.322399,41.079575],[140.322286,41.08065],[140.321961,41.082658],[140.321936,41.08385],[140.321574,41.085908],[140.321424,41.086516],[140.321036,41.087941],[140.320648,41.089291],[140.319898,41.091007],[140.319336,41.091732],[140.319223,41.092141],[140.319136,41.092974],[140.318836,41.09329],[140.317786,41.093815],[140.317586,41.094149],[140.317398,41.094674],[140.316811,41.095099],[140.315761,41.095465],[140.315099,41.09499],[140.314686,41.095098],[140.314324,41.095257],[140.314232,41.095329],[140.314089,41.095472],[140.313999,41.095557],[140.313911,41.095732],[140.313374,41.095915],[140.313249,41.095982],[140.312961,41.096257],[140.312774,41.096348],[140.312686,41.096707],[140.312336,41.097206],[140.312149,41.09729],[140.311911,41.097523],[140.311761,41.098223],[140.311649,41.098515],[140.311324,41.098923],[140.310724,41.099123],[140.310486,41.099031],[140.310336,41.098873],[140.310099,41.09894],[140.309999,41.099098],[140.310036,41.099256],[140.310124,41.099281],[140.310399,41.099256],[140.310406,41.099338],[140.310361,41.099373],[140.310099,41.099623],[140.309974,41.099848],[140.309913,41.099948],[140.309886,41.100098],[140.310061,41.100481],[140.309886,41.100839],[140.309436,41.101114],[140.309261,41.101456],[140.308961,41.101723],[140.308724,41.101839],[140.308661,41.101948],[140.307111,41.103806],[140.306849,41.104481],[140.306549,41.10538],[140.306224,41.106064],[140.306036,41.106289],[140.305749,41.106539],[140.305361,41.106922],[140.304486,41.107263],[140.304161,41.10728],[140.303986,41.107013],[140.303561,41.107055],[140.303211,41.107147],[140.303149,41.107422],[140.302974,41.107438],[140.302636,41.107347],[140.302074,41.10753],[140.301812,41.107641],[140.301799,41.107688],[140.301899,41.107738],[140.302486,41.107847],[140.302336,41.108772],[140.302161,41.108913],[140.301861,41.10898],[140.301624,41.109521],[140.301536,41.109563],[140.301274,41.109588],[140.301086,41.109338],[140.301024,41.109313],[140.300286,41.10963],[140.300249,41.109788],[140.300636,41.110155],[140.300736,41.110488],[140.300674,41.110721],[140.300311,41.111013],[140.299686,41.111421],[140.299124,41.111913],[140.299061,41.111871],[140.298674,41.112296],[140.298799,41.112388],[140.298674,41.112479],[140.298549,41.113046],[140.298136,41.113679],[140.297624,41.114287],[140.297099,41.114804],[140.296224,41.115212],[140.295337,41.115354],[140.293124,41.115037],[140.292799,41.115054],[140.291812,41.115354],[140.291575,41.115754],[140.29145,41.116054],[140.291387,41.116845],[140.291212,41.117454],[140.29095,41.117745],[140.290887,41.11777],[140.290437,41.117678],[140.289425,41.117878],[140.28865,41.117637],[140.288325,41.117703],[140.288225,41.117787],[140.288412,41.11802],[140.288862,41.118312],[140.288975,41.118353],[140.289125,41.118562],[140.2888,41.118878],[140.288562,41.119195],[140.288262,41.119487],[140.288087,41.119512],[140.287637,41.119645],[140.2873,41.119911],[140.286587,41.12032],[140.2857,41.120886],[140.285162,41.121428],[140.284587,41.122086],[140.284112,41.122286],[140.283638,41.122194],[140.282738,41.121653],[140.282413,41.121703],[140.282325,41.121744],[140.28205,41.122061],[140.281638,41.122178],[140.280913,41.122128],[140.279275,41.122194],[140.278763,41.122403],[140.278438,41.122353],[140.278088,41.122019],[140.276913,41.121336],[140.276376,41.120861],[140.275751,41.120636],[140.275276,41.120778],[140.275126,41.121044],[140.275038,41.121069],[140.274263,41.121044],[140.274113,41.120978],[140.274138,41.120861],[140.272714,41.120911],[140.272589,41.120686],[140.271514,41.120844],[140.271576,41.121044],[140.271576,41.121294],[140.270051,41.121177],[140.269989,41.120952],[140.268764,41.120869],[140.268676,41.120794],[140.268052,41.120686],[140.267639,41.120752],[140.267489,41.120727],[140.267302,41.120569],[140.266827,41.120844],[140.266952,41.121111],[140.266952,41.121294],[140.266714,41.121544],[140.266114,41.121677],[140.265539,41.121769],[140.264564,41.121677],[140.263364,41.121952],[140.262852,41.122127],[140.262677,41.122127],[140.262027,41.121994],[140.259815,41.121635],[140.258165,41.121319],[140.258077,41.121069],[140.257753,41.121044],[140.257665,41.121252],[140.256803,41.121185],[140.255965,41.121319],[140.25539,41.121544],[140.25504,41.12186],[140.253728,41.122427],[140.25324,41.12281],[140.252553,41.122968],[140.252403,41.122918],[140.252165,41.122693],[140.251965,41.12261],[140.251866,41.122627],[140.251815,41.12281],[140.251865,41.123035],[140.251728,41.123235],[140.251428,41.123218],[140.250916,41.123077],[140.250853,41.123102],[140.250828,41.123285],[140.250616,41.123551],[140.250266,41.12376],[140.249691,41.12371],[140.249366,41.123601],[140.249153,41.123668],[140.248916,41.124026],[140.248503,41.124185],[140.248078,41.124168],[140.247991,41.124276],[140.248203,41.124485],[140.248703,41.124618],[140.248916,41.124801],[140.248741,41.125026],[140.248741,41.125201],[140.249091,41.125476],[140.249041,41.125793],[140.249453,41.126293],[140.249428,41.127484],[140.249778,41.128009],[140.250015,41.128551],[140.249453,41.129159],[140.24909,41.129201],[140.248703,41.129201],[140.248653,41.129317],[140.248853,41.129676],[140.249515,41.129817],[140.249778,41.129992],[140.250503,41.130109],[140.25059,41.130334],[140.250503,41.130876],[140.249903,41.132092],[140.249815,41.132167],[140.249515,41.132251],[140.249297,41.132297],[140.24904,41.132325],[140.24874,41.132325],[140.248553,41.13225],[140.248403,41.132392],[140.248978,41.132884],[140.248553,41.133292],[140.248653,41.133342],[140.248853,41.133359],[140.24879,41.133475],[140.24874,41.133809],[140.24904,41.134017],[140.249628,41.133967],[140.250203,41.133584],[140.250528,41.133409],[140.251578,41.1342],[140.252202,41.134742],[140.252677,41.135325],[140.252802,41.135775],[140.25334,41.135509],[140.25354,41.135575],[140.253602,41.135934],[140.253752,41.136342],[140.254177,41.136725],[140.254052,41.136792],[140.253927,41.137017],[140.254377,41.1372],[140.254502,41.137425],[140.25459,41.137858],[140.254502,41.138017],[140.254415,41.138033],[140.254265,41.137925],[140.254027,41.137608],[140.253902,41.13765],[140.253877,41.137792],[140.253727,41.138017],[140.253602,41.138058],[140.253515,41.138242],[140.25354,41.138267],[140.253927,41.138308],[140.254027,41.138492],[140.254265,41.138583],[140.254377,41.13835],[140.254852,41.138192],[140.25549,41.138442],[140.25569,41.13865],[140.256027,41.139283],[140.256027,41.139775],[140.256527,41.139708],[140.257364,41.139667],[140.257727,41.139758],[140.257737,41.139818],[140.257452,41.139983],[140.257064,41.14005],[140.257002,41.140092],[140.256864,41.140383],[140.256977,41.140683],[140.257064,41.140725],[140.257364,41.14075],[140.257602,41.140433],[140.257989,41.140317],[140.258977,41.139892],[140.259127,41.139458],[140.259064,41.139142],[140.259752,41.138983],[140.259877,41.138742],[140.259727,41.13835],[140.260114,41.138084],[140.261602,41.137384],[140.262326,41.1372],[140.262564,41.137042],[140.263064,41.136592],[140.264051,41.135892],[140.264776,41.135576],[140.265314,41.135617],[140.265601,41.136184],[140.265576,41.136684],[140.265814,41.136859],[140.266414,41.137067],[140.266539,41.137134],[140.266743,41.137411],[140.266992,41.13768],[140.267101,41.137809],[140.267338,41.138375],[140.267638,41.1384],[140.268176,41.138242],[140.268476,41.138034],[140.268438,41.1379],[140.268201,41.137517],[140.268326,41.137476],[140.268748,41.1374],[140.269076,41.137359],[140.269463,41.137267],[140.269613,41.137292],[140.269613,41.137517],[140.269251,41.13815],[140.269426,41.138334],[140.269513,41.138334],[140.269788,41.138217],[140.269938,41.137992],[140.270201,41.137901],[140.270476,41.137559],[140.270563,41.137517],[140.270888,41.137109],[140.271013,41.137067],[140.271251,41.137067],[140.271543,41.137086],[140.271938,41.137176],[140.27265,41.137317],[140.273075,41.137542],[140.27355,41.137992],[140.274713,41.138559],[140.275913,41.138892],[140.27675,41.138917],[140.277375,41.139209],[140.27755,41.139526],[140.277912,41.139909],[140.278062,41.139867],[140.278325,41.139209],[140.278412,41.139209],[140.278775,41.139117],[140.2792,41.138892],[140.27925,41.138917],[140.279462,41.138851],[140.279637,41.138692],[140.27987,41.138517],[140.28015,41.138351],[140.280512,41.138059],[140.28095,41.137876],[140.2814,41.137901],[140.281637,41.137809],[140.281825,41.137876],[140.282087,41.138243],[140.2823,41.138193],[140.2823,41.137401],[140.28245,41.136859],[140.2829,41.136276],[140.284299,41.13596],[140.285287,41.136093],[140.285937,41.136385],[140.286062,41.136568],[140.285912,41.137109],[140.285612,41.137518],[140.285674,41.137626],[140.285699,41.137859],[140.285287,41.137901],[140.284987,41.138401],[140.285049,41.138668],[140.285112,41.138693],[140.285462,41.138693],[140.285587,41.138918],[140.285787,41.138918],[140.285887,41.138784],[140.285737,41.138443],[140.285974,41.138243],[140.286249,41.138211],[140.286474,41.138168],[140.286924,41.138193],[140.287224,41.138126],[140.287349,41.137993],[140.287999,41.137859],[140.288087,41.137743],[140.288087,41.137451],[140.286962,41.136926],[140.287049,41.136526],[140.287162,41.136385],[140.287612,41.136318],[140.288124,41.136451],[140.289161,41.136368],[140.289349,41.136068],[140.289249,41.135685],[140.289286,41.135593],[140.289611,41.135351],[140.289824,41.134985],[140.289885,41.134753],[140.289974,41.134443],[140.290624,41.13386],[140.29068,41.133661],[140.290661,41.133402],[140.292711,41.132319],[140.293249,41.13286],[140.294299,41.132252],[140.293824,41.131869],[140.294124,41.13166],[140.294424,41.131844],[140.295674,41.131144],[140.296386,41.131777],[140.296511,41.131777],[140.296236,41.131027],[140.297523,41.130786],[140.297911,41.131552],[140.297436,41.131736],[140.297611,41.132227],[140.298686,41.131936],[140.298511,41.131502],[140.299886,41.131119],[140.300298,41.130444],[140.301698,41.130669],[140.302773,41.130944],[140.30328,41.131184],[140.303735,41.131394],[140.304273,41.131661],[140.30481,41.132069],[140.305348,41.132319],[140.30591,41.132502],[140.306273,41.132861],[140.30711,41.133136],[140.30741,41.133561],[140.307972,41.133786],[140.308247,41.133852],[140.308697,41.134077],[140.308897,41.134536],[140.30941,41.134852],[140.310035,41.135486],[140.31096,41.135977],[140.311147,41.136319],[140.311684,41.136861],[140.312334,41.137744],[140.312309,41.138352],[140.312009,41.138852],[140.311834,41.139527],[140.311797,41.139819],[140.311897,41.140818],[140.312159,41.141627],[140.312097,41.142218],[140.312109,41.142893],[140.311984,41.14341],[140.311572,41.143935],[140.310934,41.14441],[140.310522,41.144635],[140.310372,41.14466],[140.310222,41.145018],[140.310522,41.145201],[140.311034,41.145718],[140.311534,41.14576],[140.312497,41.145626],[140.313297,41.145451],[140.313384,41.145401],[140.315834,41.144926],[140.317634,41.14486],[140.319721,41.146235],[140.320408,41.14676],[140.321033,41.147343],[140.321758,41.14811],[140.321721,41.149309],[140.321871,41.149993],[140.322146,41.150484],[140.322508,41.150893],[140.323008,41.151368],[140.323883,41.151818],[140.32462,41.152384],[140.325433,41.154076],[140.32612,41.155409],[140.326208,41.156],[140.326358,41.156425],[140.326895,41.157442],[140.327083,41.158125],[140.327345,41.1588],[140.327645,41.1593],[140.327945,41.159975],[140.327832,41.160567],[140.327595,41.161308],[140.32807,41.162033],[140.328107,41.162708],[140.32792,41.16325],[140.327832,41.163341],[140.327357,41.163591],[140.326999,41.163602],[140.326283,41.163591],[140.326264,41.163695],[140.326297,41.163891],[140.326395,41.164],[140.326345,41.164133],[140.326545,41.164183],[140.32681,41.164153],[140.326945,41.1642],[140.32697,41.164408],[140.327295,41.164383],[140.327532,41.164408],[140.327957,41.164291],[140.32817,41.164358],[140.328732,41.164791],[140.329057,41.165449],[140.32912,41.165741],[140.328857,41.166758],[140.328732,41.167658],[140.32892,41.168041],[140.328857,41.168291],[140.328432,41.168357],[140.328495,41.168449],[140.328732,41.168582],[140.32907,41.168566],[140.32927,41.168449],[140.329632,41.168474],[140.33052,41.169291],[140.330869,41.169666],[140.331119,41.170274],[140.331169,41.170524],[140.331194,41.171174],[140.331082,41.171515],[140.331269,41.172215],[140.331469,41.172599],[140.331719,41.172874],[140.332082,41.173599],[140.332344,41.173982],[140.33234,41.174103],[140.332332,41.174207],[140.332332,41.174432],[140.332327,41.174614],[140.332307,41.174723],[140.332194,41.174907],[140.331932,41.175107],[140.331869,41.175357],[140.331782,41.175532],[140.331469,41.175532],[140.331244,41.175598],[140.331182,41.175732],[140.331244,41.175782],[140.331469,41.175807],[140.331644,41.17589],[140.33164,41.175917],[140.331207,41.176007],[140.331094,41.175982],[140.330982,41.176073],[140.331032,41.17634],[140.331294,41.176457],[140.331832,41.177273],[140.331657,41.177498],[140.331707,41.177656],[140.331944,41.177698],[140.331994,41.177615],[140.332057,41.177656],[140.332332,41.178356],[140.332332,41.178448],[140.332444,41.178673],[140.332494,41.178898],[140.332557,41.178965],[140.332807,41.179081],[140.332982,41.179081],[140.332932,41.178673],[140.333019,41.178631],[140.333182,41.178748],[140.333357,41.179173],[140.333182,41.179306],[140.333157,41.179398],[140.333182,41.17969],[140.333369,41.179898],[140.333544,41.17999],[140.333807,41.17999],[140.333882,41.180281],[140.333857,41.180665],[140.333769,41.181139],[140.333794,41.181456],[140.333619,41.181481],[140.333557,41.181364],[140.333594,41.181181],[140.333569,41.181139],[140.333307,41.181164],[140.333162,41.181213],[140.333019,41.181298],[140.332794,41.181606],[140.332932,41.182014],[140.333069,41.182131],[140.333419,41.182198],[140.333694,41.182223],[140.333756,41.182289],[140.333781,41.182498],[140.333744,41.182831],[140.333606,41.182989],[140.333257,41.183239],[140.333284,41.183334],[140.333317,41.183444],[140.333344,41.183556],[140.333544,41.183756],[140.333544,41.184047],[140.333594,41.184164],[140.333544,41.184164],[140.333256,41.183889],[140.333007,41.183706],[140.332894,41.183506],[140.332744,41.183073],[140.332632,41.182939],[140.332407,41.182981],[140.332519,41.183456],[140.332519,41.183664],[140.332432,41.183731],[140.332407,41.183931],[140.332632,41.184114],[140.332682,41.184156],[140.332857,41.184564],[140.332962,41.184727],[140.333106,41.184906],[140.333306,41.185131],[140.334356,41.185247],[140.334556,41.185364],[140.334606,41.185747],[140.334544,41.186197],[140.334561,41.186373],[140.334631,41.186514],[140.334969,41.186789],[140.335031,41.186989],[140.334969,41.187172],[140.334769,41.187147],[140.334519,41.186947],[140.334431,41.187055],[140.334344,41.187305],[140.334369,41.187464],[140.334619,41.187622],[140.334769,41.187647],[140.335081,41.18783],[140.335284,41.187867],[140.335419,41.187872],[140.335531,41.187964],[140.335694,41.188464],[140.335669,41.188622],[140.335581,41.188689],[140.335294,41.188797],[140.335244,41.189022],[140.335469,41.189072],[140.335669,41.189164],[140.335631,41.189363],[140.335269,41.189497],[140.335144,41.18963],[140.335081,41.190263],[140.335744,41.190563],[140.335731,41.190855],[140.335544,41.190763],[140.335256,41.190805],[140.335256,41.19108],[140.335444,41.191172],[140.335731,41.191422],[140.335869,41.191463],[140.336069,41.192071],[140.335806,41.19228],[140.335606,41.192971],[140.335456,41.193271],[140.335456,41.193355],[140.335344,41.193496],[140.335119,41.193513],[140.334856,41.193763],[140.334881,41.193921],[140.334544,41.194071],[140.334281,41.194254],[140.334081,41.194454],[140.333819,41.194654],[140.333994,41.194813],[140.333644,41.195196],[140.333481,41.195154],[140.333306,41.195154],[140.333219,41.195304],[140.333244,41.195354],[140.333531,41.195538],[140.333131,41.195896],[140.332756,41.196029],[140.332531,41.195937],[140.332481,41.195712],[140.332306,41.195596],[140.331906,41.195462],[140.331506,41.195454],[140.331531,41.195637],[140.331956,41.195846],[140.332194,41.196021],[140.332131,41.196296],[140.332156,41.196362],[140.332356,41.196337],[140.332644,41.196429],[140.332319,41.196679],[140.332001,41.196808],[140.331644,41.196904],[140.331356,41.196879],[140.331294,41.196896],[140.331431,41.197104],[140.331519,41.197354],[140.331344,41.19742],[140.331206,41.197579],[140.331119,41.197779],[140.331256,41.197845],[140.331519,41.197845],[140.331544,41.198004],[140.331344,41.198187],[140.331299,41.198457],[140.331256,41.198704],[140.331219,41.198954],[140.331274,41.199128],[140.331331,41.199295],[140.331469,41.19997],[140.331381,41.200037],[140.331156,41.19992],[140.330994,41.19967],[140.330681,41.199628],[140.330594,41.199712],[140.330644,41.200237],[140.330806,41.200462],[140.331181,41.200737],[140.331119,41.200828],[140.331119,41.20107],[140.331319,41.201212],[140.331344,41.201278],[140.331206,41.201611],[140.331394,41.201953],[140.331594,41.202203],[140.331744,41.202161],[140.331831,41.201795],[140.332019,41.202111],[140.331906,41.202453],[140.331794,41.202795],[140.331819,41.202861],[140.332019,41.20302],[140.332203,41.203244],[140.332331,41.203428],[140.332519,41.203678],[140.332756,41.203628],[140.333094,41.203611],[140.333431,41.203886],[140.333181,41.204153],[140.333231,41.204194],[140.333431,41.204219],[140.333981,41.204136],[140.334119,41.204294],[140.334256,41.204586],[140.334481,41.204953],[140.334506,41.205128],[140.334019,41.205419],[140.333706,41.205669],[140.333506,41.205761],[140.333169,41.205803],[140.332881,41.205794],[140.332794,41.205819],[140.332756,41.205952],[140.333042,41.206071],[140.333194,41.206119],[140.333219,41.206161],[140.332619,41.206177],[140.332444,41.206336],[140.332444,41.206402],[140.332581,41.206477],[140.332694,41.206611],[140.332956,41.206544],[140.333244,41.206361],[140.333844,41.206094],[140.334106,41.206102],[140.334156,41.206302],[140.334043,41.206619],[140.334068,41.206819],[140.334156,41.206819],[140.334468,41.206711],[140.334668,41.206711],[140.334806,41.206894],[140.334868,41.207252],[140.334856,41.207544],[140.334768,41.207702],[140.334718,41.207727],[140.334393,41.208061],[140.334631,41.208244],[140.334418,41.208694],[140.334281,41.208944],[140.333906,41.209144],[140.333593,41.209252],[140.333393,41.209227],[140.333243,41.209252],[140.333356,41.209685],[140.333418,41.209752],[140.333443,41.210002],[140.333418,41.210068],[140.333243,41.210135],[140.333181,41.20991],[140.332869,41.20966],[140.332731,41.209519],[140.332531,41.209585],[140.332419,41.209794],[140.332419,41.209943],[140.332756,41.21031],[140.332733,41.210353],[140.332668,41.210418],[140.332494,41.210668],[140.332493,41.210985],[140.332781,41.211052],[140.332883,41.211096],[140.332943,41.211168],[140.332918,41.211552],[140.332913,41.211692],[140.332881,41.211868],[140.332656,41.212043],[140.332368,41.212201],[140.332031,41.212293],[140.331794,41.212401],[140.331619,41.212535],[140.331569,41.212626],[140.331569,41.213101],[140.331868,41.213393],[140.331903,41.21361],[140.331893,41.213776],[140.331631,41.214501],[140.331581,41.214818],[140.331656,41.214884],[140.331943,41.214951],[140.331918,41.215268],[140.331806,41.215318],[140.331631,41.215493],[140.331631,41.215784],[140.331568,41.215968],[140.331393,41.216143],[140.331134,41.216534],[140.331043,41.217051],[140.331018,41.217359],[140.330868,41.217567],[140.330493,41.217859],[140.330294,41.218084],[140.329806,41.218167],[140.329669,41.218442],[140.329606,41.218734],[140.330031,41.21885],[140.330206,41.218984],[140.330368,41.21905],[140.330455,41.219201],[140.330456,41.219234],[140.330206,41.219142],[140.329894,41.219092],[140.329206,41.219109],[140.328856,41.219267],[140.328769,41.219492],[140.328706,41.220442],[140.328644,41.220625],[140.328756,41.220825],[140.328994,41.220784],[140.329219,41.220692],[140.329618,41.220292],[140.329843,41.220292],[140.330035,41.220361],[140.330243,41.220492],[140.330306,41.220567],[140.330306,41.220809],[140.330068,41.221167],[140.329956,41.221467],[140.330006,41.221983],[140.329631,41.222475],[140.329281,41.222833],[140.329231,41.222883],[140.329431,41.222975],[140.329906,41.223108],[140.330256,41.223042],[140.330543,41.222908],[140.330706,41.222983],[140.330731,41.224016],[140.330781,41.224266],[140.330418,41.22465],[140.330181,41.224983],[140.330093,41.22555],[140.329968,41.225841],[140.330031,41.226116],[140.330231,41.226183],[140.330456,41.226141],[140.330743,41.225958],[140.330943,41.225916],[140.331031,41.225941],[140.330543,41.226316],[140.330456,41.2265],[140.330256,41.226658],[140.330106,41.226833],[140.330043,41.227241],[140.330081,41.227266],[140.330418,41.227174],[140.330643,41.227224],[140.330643,41.227291],[140.330356,41.227991],[140.330156,41.228141],[140.330156,41.228208],[140.330356,41.228416],[140.330556,41.228483],[140.330843,41.228416],[140.331156,41.228241],[140.331268,41.228283],[140.331293,41.228349],[140.330956,41.228599],[140.330806,41.228783],[140.330693,41.228799],[140.330468,41.228933],[140.330256,41.229116],[140.330143,41.229316],[140.329993,41.229857],[140.330168,41.230149],[140.330168,41.230216],[140.330393,41.230466],[140.330656,41.230474],[140.330856,41.230357],[140.330931,41.230516],[140.330843,41.230924],[140.330931,41.231149],[140.331156,41.231216],[140.331268,41.231307],[140.331468,41.231307],[140.33178,41.231382],[140.33198,41.231291],[140.331905,41.231091],[140.332043,41.230949],[140.332268,41.231041],[140.33233,41.231274],[140.332555,41.231566],[140.332718,41.231657],[140.332805,41.232066],[140.332693,41.232149],[140.332268,41.232057],[140.332093,41.232241],[140.332343,41.232466],[140.332318,41.232824],[140.332143,41.233432],[140.332193,41.233524],[140.332105,41.233707],[140.33213,41.234199],[140.332418,41.234182],[140.332968,41.233799],[140.333155,41.23394],[140.333355,41.23419],[140.333243,41.234932],[140.33303,41.235174],[140.332755,41.235357],[140.332493,41.235582],[140.332405,41.235715],[140.332518,41.235807],[140.332543,41.235874],[140.332368,41.235965],[140.332168,41.235982],[140.33208,41.236165],[140.33208,41.236507],[140.332168,41.236732],[140.332168,41.236865],[140.332255,41.237065],[140.332305,41.237365],[140.33248,41.237473],[140.33258,41.237998],[140.333005,41.238473],[140.333155,41.238498],[140.333493,41.238273],[140.33373,41.238232],[140.333693,41.238365],[140.333468,41.238498],[140.333518,41.238657],[140.333867,41.238698],[140.334292,41.238707],[140.334555,41.23864],[140.334692,41.238573],[140.334842,41.238007],[140.334755,41.237965],[140.334667,41.237807],[140.334867,41.237673],[140.33498,41.237648],[140.335355,41.237648],[140.335667,41.237765],[140.33573,41.237807],[140.335605,41.237898],[140.335892,41.238215],[140.33598,41.23824],[140.33618,41.237882],[140.336355,41.237815],[140.33658,41.237882],[140.337005,41.238498],[140.336742,41.23854],[140.336467,41.238423],[140.336405,41.238382],[140.336205,41.238373],[140.33618,41.23849],[140.336255,41.238648],[140.33623,41.238782],[140.336605,41.238965],[140.336942,41.239082],[140.337255,41.239132],[140.33723,41.238948],[140.337405,41.238723],[140.337917,41.238473],[140.338292,41.238432],[140.338167,41.238723],[140.338092,41.238748],[140.337917,41.238973],[140.337942,41.239132],[140.33808,41.239157],[140.33843,41.239115],[140.338517,41.238998],[140.338567,41.238798],[140.338805,41.238732],[140.339055,41.238773],[140.339392,41.23889],[140.339455,41.239007],[140.339167,41.239365],[140.339105,41.239657],[140.339305,41.239682],[140.33953,41.239573],[140.339705,41.239323],[140.339905,41.239123],[140.340367,41.239307],[140.340567,41.23944],[140.340567,41.239623],[140.340442,41.239665],[140.34008,41.239682],[140.339767,41.23984],[140.339555,41.240115],[140.339267,41.240332],[140.339242,41.240423],[140.339292,41.240673],[140.339467,41.240698],[140.339817,41.24059],[140.340042,41.240565],[140.340017,41.240723],[140.339754,41.240857],[140.339554,41.241082],[140.339642,41.241215],[140.339892,41.24099],[140.340004,41.241065],[140.339917,41.241357],[140.340004,41.241465],[140.340435,41.241447],[140.340517,41.241515],[140.340629,41.241632],[140.340779,41.241673],[140.340829,41.241657],[140.341317,41.24184],[140.341279,41.242015],[140.341142,41.242148],[140.340854,41.242282],[140.340479,41.242257],[140.340117,41.242165],[140.339767,41.242165],[140.339629,41.242257],[140.340129,41.243165],[140.340192,41.243181],[140.340679,41.243098],[140.340729,41.243165],[140.340679,41.243431],[140.340792,41.24359],[140.341067,41.243615],[140.341617,41.243573],[140.341904,41.243806],[140.342042,41.244165],[140.341917,41.244348],[140.341892,41.244656],[140.341942,41.244906],[140.341892,41.245156],[140.342367,41.245856],[140.342591,41.246106],[140.342704,41.246515],[140.342702,41.246662],[140.342704,41.246831],[140.342729,41.247015],[140.342841,41.247306],[140.342804,41.247623],[140.342771,41.247714],[140.342716,41.247848],[140.341941,41.248448],[140.341963,41.248731],[140.342029,41.248906],[140.342116,41.249081],[140.342231,41.24917],[140.342504,41.249331],[140.342679,41.249381],[140.343079,41.249356],[140.343141,41.249431],[140.343141,41.249631],[140.342729,41.250623],[140.342641,41.251164],[140.342266,41.251839],[140.341855,41.252243],[140.341366,41.252581],[140.341179,41.252747],[140.341004,41.253047],[140.340841,41.253181],[140.340566,41.253452],[140.340341,41.253831],[140.339941,41.254389],[140.339716,41.254614],[140.339479,41.254747],[140.33904,41.255016],[140.338741,41.255289],[140.338654,41.25538],[140.338516,41.255147],[140.338566,41.255014],[140.338454,41.254989],[140.337941,41.255239],[140.337879,41.25533],[140.338029,41.255464],[140.338079,41.255464],[140.338304,41.255622],[140.338366,41.255805],[140.338683,41.256137],[140.338825,41.256366],[140.339001,41.256391],[140.339154,41.256305],[140.339304,41.256264],[140.339416,41.256505],[140.339441,41.257164],[140.339228,41.257655],[140.339153,41.257614],[140.339153,41.257414],[140.339003,41.257414],[140.338828,41.257564],[140.338803,41.257772],[140.338628,41.258538],[140.338653,41.259322],[140.338866,41.260097],[140.338953,41.26023],[140.339153,41.260205],[140.339191,41.259847],[140.339241,41.25978],[140.339416,41.259897],[140.339466,41.259805],[140.339441,41.259447],[140.339566,41.259305],[140.339903,41.259288],[140.340303,41.259338],[140.340666,41.259655],[140.340978,41.259838],[140.341241,41.26013],[140.341603,41.260738],[140.341778,41.260897],[140.342515,41.261088],[140.343003,41.260997],[140.34338,41.261012],[140.343828,41.261097],[140.344228,41.261005],[140.344878,41.260805],[140.345078,41.260538],[140.345134,41.260169],[140.345203,41.25963],[140.3454,41.259262],[140.345803,41.25898],[140.346465,41.258605],[140.346953,41.258405],[140.34744,41.258314],[140.34804,41.258255],[140.34864,41.258255],[140.34909,41.258847],[140.349228,41.258847],[140.34969,41.258305],[140.349715,41.258147],[140.349606,41.25806],[140.349553,41.257964],[140.34969,41.25758],[140.349753,41.257564],[140.34989,41.257655],[140.35004,41.257655],[140.350178,41.257522],[140.350215,41.257339],[140.350178,41.257114],[140.35024,41.257022],[140.350415,41.257089],[140.350503,41.257164],[140.350665,41.257072],[140.350615,41.256847],[140.351653,41.255947],[140.351653,41.255697],[140.351565,41.255497],[140.35159,41.255381],[140.35179,41.255047],[140.352053,41.254981],[140.352228,41.255072],[140.352903,41.254964],[140.353028,41.254872],[140.35314,41.254714],[140.35339,41.254606],[140.353515,41.254581],[140.353915,41.254606],[140.35419,41.254722],[140.354565,41.254747],[140.35514,41.254614],[140.355252,41.254506],[140.355302,41.254364],[140.355677,41.254231],[140.356252,41.254106],[140.35659,41.253973],[140.356852,41.253814],[140.356965,41.253789],[140.357252,41.253631],[140.357452,41.253589],[140.357627,41.253614],[140.35774,41.253589],[140.357877,41.253323],[140.35799,41.253364],[140.35814,41.253598],[140.35834,41.253481],[140.358402,41.253006],[140.358652,41.253123],[140.358751,41.253213],[140.358877,41.253398],[140.35899,41.253414],[140.35974,41.252814],[140.359765,41.252614],[140.359815,41.252523],[140.359665,41.252389],[140.359577,41.252456],[140.359265,41.252498],[140.35924,41.252064],[140.359365,41.251573],[140.359615,41.251531],[140.359902,41.251281],[140.360006,41.25129],[140.360102,41.251331],[140.360252,41.251306],[140.360652,41.251173],[140.360652,41.251131],[140.36079,41.251039],[140.360965,41.250973],[140.361277,41.250723],[140.361277,41.25064],[140.361102,41.250748],[140.36054,41.250923],[140.360427,41.250814],[140.360565,41.250673],[140.361077,41.25034],[140.361142,41.250273],[140.361227,41.250165],[140.361565,41.250006],[140.361852,41.24994],[140.362314,41.249898],[140.362689,41.249898],[140.363027,41.249948],[140.363077,41.250015],[140.363077,41.250281],[140.363106,41.250537],[140.363139,41.25074],[140.363302,41.250873],[140.363589,41.250831],[140.363764,41.25074],[140.363814,41.250581],[140.364052,41.250515],[140.364077,41.250673],[140.364014,41.250806],[140.364102,41.250948],[140.364452,41.250881],[140.364601,41.250827],[140.364677,41.25079],[140.364927,41.250681],[140.365139,41.250456],[140.365452,41.250006],[140.365364,41.249848],[140.365301,41.249768],[140.365252,41.24969],[140.365339,41.249481],[140.365739,41.249265],[140.366289,41.249173],[140.366427,41.249173],[140.366827,41.24909],[140.367114,41.248931],[140.367227,41.248773],[140.367427,41.248731],[140.367714,41.248798],[140.368364,41.24914],[140.368714,41.24914],[140.369001,41.249073],[140.369714,41.248765],[140.370089,41.248698],[140.370226,41.248723],[140.370576,41.248656],[140.370801,41.248432],[140.370826,41.248323],[140.371089,41.247873],[140.371491,41.247591],[140.371926,41.247382],[140.373195,41.247363],[140.374051,41.247365],[140.374563,41.247457],[140.374976,41.24734],[140.375701,41.246082],[140.376126,41.245565],[140.376451,41.245024],[140.377201,41.244349],[140.377776,41.244174],[140.37855,41.244107],[140.3787,41.24404],[140.379429,41.243408],[140.379775,41.243049],[140.380375,41.242874],[140.380588,41.242916],[140.380975,41.243391],[140.38115,41.243216],[140.381188,41.242741],[140.381363,41.242474],[140.381513,41.242674],[140.381513,41.243057],[140.381788,41.243057],[140.381875,41.242541],[140.382238,41.241957],[140.382625,41.241641],[140.3828,41.241799],[140.383187,41.242024],[140.383337,41.241666],[140.383462,41.241124],[140.383412,41.240766],[140.383975,41.240449],[140.384187,41.240716],[140.384487,41.240724],[140.38468,41.240565],[140.384337,41.240341],[140.384275,41.240224],[140.384912,41.239574],[140.385102,41.23938],[140.3855,41.239216],[140.3864,41.23915],[140.386762,41.239333],[140.38715,41.239941],[140.387241,41.240062],[140.38735,41.240141],[140.387649,41.240075],[140.387862,41.239966],[140.388287,41.239608],[140.388349,41.239516],[140.388312,41.2394],[140.388287,41.239324],[140.388287,41.239241],[140.389899,41.238441],[140.390387,41.238125],[140.390349,41.237991],[140.391249,41.237583],[140.391724,41.237883],[140.392561,41.237392],[140.393111,41.237025],[140.393325,41.236838],[140.393286,41.236642],[140.393199,41.235858],[140.394161,41.23505],[140.395274,41.234442],[140.395749,41.234334],[140.396111,41.2344],[140.396199,41.234467],[140.396261,41.234784],[140.396461,41.235192],[140.396786,41.235325],[140.396973,41.235009],[140.39704,41.234789],[140.397098,41.234625],[140.397298,41.234334],[140.397161,41.233659],[140.397047,41.233608],[140.396924,41.233525],[140.396986,41.232776],[140.397311,41.232601],[140.397311,41.232192],[140.397911,41.231809],[140.398021,41.231752],[140.398148,41.231651],[140.398548,41.231184],[140.399148,41.230593],[140.399536,41.230443],[140.399798,41.230843],[140.399986,41.230759],[140.399748,41.230193],[140.399836,41.229876],[140.400248,41.229676],[140.400348,41.229676],[140.400398,41.230034],[140.400523,41.230243],[140.400586,41.230218],[140.400611,41.229334],[140.400823,41.22911],[140.401036,41.22911],[140.400861,41.228776],[140.400886,41.22871],[140.401161,41.228843],[140.401186,41.228818],[140.400861,41.228435],[140.400773,41.228235],[140.401186,41.228026],[140.401373,41.228118],[140.401723,41.228035],[140.401611,41.22781],[140.401823,41.227718],[140.401636,41.227285],[140.401373,41.227035],[140.401436,41.226677],[140.401673,41.226635],[140.401911,41.226118],[140.401736,41.226068],[140.402223,41.224877],[140.402673,41.22411],[140.402654,41.223965],[140.402586,41.223794],[140.402303,41.2232],[140.402386,41.222486],[140.402586,41.222277],[140.402649,41.222352],[140.402861,41.222236],[140.403136,41.221969],[140.403036,41.221827],[140.403074,41.221744],[140.403699,41.221177],[140.404749,41.220486],[140.404961,41.220053],[140.405324,41.219719],[140.405536,41.219786],[140.406273,41.219453],[140.406636,41.219178],[140.407623,41.218803],[140.409636,41.218086],[140.411423,41.217237],[140.413286,41.216587],[140.413798,41.216545],[140.413998,41.216495],[140.415286,41.215912],[140.415436,41.21567],[140.415473,41.215195],[140.415386,41.214904],[140.415261,41.214854],[140.415236,41.214671],[140.415811,41.214137],[140.416411,41.213729],[140.416711,41.213637],[140.417448,41.213263],[140.419198,41.211954],[140.419648,41.211505],[140.419948,41.211121],[140.420273,41.210988],[140.421473,41.210696],[140.421736,41.2106],[140.421885,41.210521],[140.422223,41.210255],[140.422373,41.21003],[140.42246,41.209911],[140.42276,41.209755],[140.423573,41.209172],[140.424048,41.208722],[140.42431,41.208788],[140.424735,41.208497],[140.42486,41.208297],[140.424798,41.208164],[140.425122,41.207787],[140.425737,41.207339],[140.426276,41.206583],[140.426527,41.205898],[140.42666,41.205639],[140.42696,41.204872],[140.427773,41.203323],[140.428073,41.203048],[140.42831,41.203048],[140.428673,41.202873],[140.429098,41.202598],[140.429848,41.201431],[140.430173,41.201473],[140.431135,41.19949],[140.43141,41.199023],[140.431323,41.198998],[140.43066,41.199065],[140.430485,41.199015],[140.429948,41.198065],[140.430348,41.197415],[140.430735,41.196915],[140.431598,41.196357],[140.431598,41.196174],[140.431998,41.195949],[140.432735,41.19559],[140.43286,41.19564],[140.43346,41.195374],[140.43421,41.195149],[140.434648,41.195624],[140.434835,41.195732],[140.435997,41.19524],[140.43696,41.194882],[140.43851,41.194216],[140.43891,41.193516],[140.43926,41.192999],[140.442172,41.192016],[140.44291,41.191633],[140.443185,41.191408],[140.443847,41.190958],[140.443759,41.190866],[140.443722,41.190591],[140.443847,41.190416],[140.444422,41.1899],[140.444959,41.190058],[140.445672,41.189475],[140.447022,41.188983],[140.447434,41.188892],[140.448759,41.188783],[140.450578,41.188706],[140.453146,41.188592],[140.454096,41.1886],[140.455271,41.188667],[140.456371,41.188425],[140.457959,41.188134],[140.459033,41.1878],[140.459508,41.18755],[140.460083,41.186317],[140.460358,41.185859],[140.460871,41.185409],[140.460921,41.185259],[140.460721,41.184576],[140.460961,41.184163],[140.461321,41.183609],[140.461446,41.183409],[140.461686,41.183185],[140.462071,41.182884],[140.462433,41.182734],[140.463446,41.182418],[140.464671,41.182151],[140.466196,41.181951],[140.467483,41.181843],[140.469395,41.181851],[140.472583,41.182243],[140.472858,41.18236],[140.474432,41.182701],[140.475032,41.182701],[140.475482,41.182793],[140.476295,41.183026],[140.477182,41.183118],[140.477332,41.183301],[140.478445,41.183193],[140.478795,41.18321],[140.478832,41.183076],[140.479607,41.183193],[140.479719,41.183351],[140.480857,41.183443],[140.480982,41.183035],[140.482707,41.18341],[140.485244,41.184043],[140.486144,41.184385],[140.487156,41.18466],[140.488469,41.18516],[140.488531,41.18516],[140.490381,41.185801],[140.491356,41.186235],[140.493531,41.187326],[140.49458,41.187801],[140.495418,41.188234],[140.49643,41.188843],[140.497255,41.189243],[140.498405,41.189859],[140.499755,41.190726],[140.500086,41.190983],[140.500342,41.191226],[140.500967,41.191726],[140.501642,41.192184],[140.502517,41.192592],[140.505404,41.194401],[140.507292,41.195584],[140.507766,41.195951],[140.508391,41.196634],[140.509129,41.197159],[140.510079,41.19775],[140.511029,41.198384],[140.511766,41.198984],[140.512666,41.199775],[140.513391,41.200275],[140.513884,41.200696],[140.514278,41.201075],[140.515678,41.202208],[140.517315,41.203625],[140.518878,41.20485],[140.519478,41.205467],[140.521065,41.207525],[140.521577,41.2083],[140.521802,41.208975],[140.521802,41.209158],[140.521015,41.210099],[140.520577,41.210499],[140.520402,41.210974],[140.520313,41.211294],[140.520265,41.211649],[140.52039,41.212282],[140.52064,41.212849],[140.520802,41.213057],[140.520896,41.213168],[140.521102,41.213374],[140.521302,41.213416],[140.521652,41.213557],[140.522002,41.213582],[140.522702,41.213974],[140.522477,41.214124],[140.522227,41.214216],[140.521977,41.214391],[140.522264,41.214732],[140.522464,41.214874],[140.522564,41.214874],[140.522814,41.215141],[140.522814,41.215282],[140.522689,41.215616],[140.522289,41.215232],[140.521814,41.215116],[140.521289,41.215091],[140.520939,41.215382],[140.520852,41.215674],[140.520927,41.21569],[140.521114,41.215649],[140.521539,41.215632],[140.521552,41.215924],[140.521227,41.215965],[140.521527,41.216215],[140.522127,41.216332],[140.523027,41.216382],[140.523352,41.216299],[140.524427,41.216557],[140.524552,41.216715],[140.524027,41.216865],[140.523927,41.216932],[140.524102,41.217157],[140.524351,41.21734],[140.524376,41.217499],[140.523477,41.217407],[140.523302,41.217424],[140.523739,41.217832],[140.523989,41.217949],[140.524001,41.218023],[140.523989,41.218107],[140.523689,41.218107],[140.523589,41.218174],[140.523814,41.218449],[140.524064,41.21849],[140.524289,41.218649],[140.524456,41.218684],[140.524714,41.218632],[140.525014,41.218907],[140.525089,41.219332],[140.525564,41.21934],[140.525839,41.219515],[140.525676,41.219832],[140.525751,41.219898],[140.526151,41.219907],[140.526451,41.219782],[140.526551,41.219724],[140.526601,41.219815],[140.526351,41.220332],[140.526901,41.220723],[140.526776,41.22104],[140.527064,41.221223],[140.527564,41.221448],[140.528026,41.22134],[140.528401,41.22109],[140.528726,41.220757],[140.528676,41.221073],[140.528326,41.221457],[140.528163,41.221723],[140.528263,41.221907],[140.528738,41.221707],[140.528851,41.221523],[140.529026,41.221365],[140.529376,41.221165],[140.529401,41.221123],[140.530101,41.221215],[140.530851,41.22109],[140.531276,41.221157],[140.531751,41.221115],[140.532363,41.22114],[140.532918,41.221153],[140.533563,41.22129],[140.534113,41.221424],[140.534513,41.221607],[140.534788,41.221565],[140.535013,41.22134],[140.535288,41.221432],[140.535588,41.22139],[140.535663,41.221257],[140.535563,41.221074],[140.535888,41.22099],[140.536238,41.221107],[140.536538,41.22129],[140.536838,41.221174],[140.536575,41.22054],[140.536475,41.21989],[140.5367,41.21984],[140.536725,41.219666],[140.536613,41.219441],[140.536638,41.219124],[140.536613,41.218716],[140.536631,41.218529],[140.536713,41.218332],[140.537075,41.218107],[140.538875,41.217916],[140.539625,41.217966],[140.540775,41.219149],[140.540963,41.219399],[140.541063,41.219716],[140.541163,41.219874],[140.541588,41.219832],[140.542288,41.220132],[140.543263,41.220566],[140.543662,41.221066],[140.544362,41.221407],[140.544537,41.221566],[140.545125,41.222449],[140.54565,41.222907],[140.546062,41.223449],[140.546262,41.224015],[140.546187,41.224715],[140.54615,41.224898],[140.546375,41.225032],[140.546525,41.225057],[140.546725,41.22519],[140.5464,41.225665],[140.546475,41.225823],[140.546999,41.225965],[140.547324,41.225873],[140.547649,41.226257],[140.547437,41.226548],[140.547462,41.226732],[140.547637,41.226757],[140.547887,41.226557],[140.548199,41.226465],[140.548724,41.226515],[140.548762,41.22694],[140.548487,41.227507],[140.547987,41.227657],[140.547474,41.227973],[140.547699,41.228315],[140.548174,41.228498],[140.548299,41.228565],[140.548699,41.228681],[140.549124,41.228906],[140.549299,41.229115],[140.549349,41.229565],[140.549574,41.22959],[140.550199,41.229573],[140.550249,41.229365],[140.549849,41.228981],[140.549499,41.228548],[140.549562,41.228073],[140.549712,41.227648],[140.550112,41.227423],[140.550674,41.227182],[140.551149,41.226807],[140.551624,41.226673],[140.552174,41.22674],[140.552384,41.226868],[140.552524,41.226973],[140.552824,41.226857],[140.553311,41.226457],[140.553311,41.226115],[140.553561,41.225782],[140.553824,41.225332],[140.553924,41.224999],[140.554174,41.224932],[140.554299,41.224949],[140.554724,41.224665],[140.554852,41.22448],[140.554874,41.224415],[140.554949,41.22439],[140.555836,41.22444],[140.556011,41.22449],[140.557336,41.224615],[140.557811,41.224815],[140.557936,41.224999],[140.558286,41.224982],[140.558361,41.224824],[140.559586,41.224857],[140.560086,41.224724],[140.560086,41.224432],[140.560586,41.224474],[140.561498,41.224507],[140.561748,41.224416],[140.561773,41.224282],[140.562073,41.224216],[140.562148,41.224082],[140.562498,41.224224],[140.562514,41.22436],[140.562523,41.224557],[140.562973,41.225015],[140.563161,41.225374],[140.563161,41.225665],[140.563098,41.225892],[140.563011,41.226115],[140.563261,41.226432],[140.563473,41.226615],[140.563811,41.226549],[140.564286,41.22624],[140.564414,41.226029],[140.564611,41.22584],[140.564786,41.225682],[140.564848,41.225457],[140.564998,41.225324],[140.565073,41.22514],[140.565748,41.224941],[140.566198,41.224724],[140.566635,41.224274],[140.56678,41.223982],[140.566895,41.223778],[140.567069,41.223689],[140.56721,41.223666],[140.567585,41.223807],[140.56791,41.223766],[140.568121,41.223761],[140.56886,41.224332],[140.568948,41.224364],[140.569035,41.224357],[140.569185,41.224316],[140.56946,41.224474],[140.569667,41.22444],[140.569835,41.224366],[140.569623,41.223707],[140.569773,41.223616],[140.570198,41.223166],[140.570273,41.223166],[140.570448,41.223241],[140.570498,41.223216],[140.570723,41.223199],[140.57096,41.223016],[140.571385,41.223041],[140.57146,41.223091],[140.57196,41.223207],[140.572285,41.223074],[140.572535,41.223299],[140.572373,41.223616],[140.57247,41.223676],[140.572622,41.223682],[140.572847,41.223591],[140.572885,41.223366],[140.573085,41.223191],[140.57336,41.223258],[140.573585,41.223349],[140.573735,41.223258],[140.573785,41.223216],[140.57386,41.223041],[140.57391,41.223016],[140.57426,41.223291],[140.574535,41.223333],[140.57461,41.223291],[140.574885,41.223041],[140.575205,41.223157],[140.57561,41.223249],[140.576097,41.222966],[140.576472,41.222966],[140.576585,41.223349],[140.57666,41.223416],[140.57686,41.223399],[140.577134,41.223204],[140.577222,41.223058],[140.577222,41.222766],[140.577047,41.222499],[140.577347,41.222208],[140.577672,41.222049],[140.57806,41.221983],[140.578485,41.222058],[140.578835,41.222149],[140.579285,41.221966],[140.579809,41.221816],[140.580134,41.221591],[140.580302,41.221515],[140.580784,41.221683],[140.580934,41.221666],[140.580947,41.221441],[140.581297,41.221441],[140.581422,41.221041],[140.581772,41.221066],[140.582347,41.221025],[140.582522,41.220958],[140.582622,41.22075],[140.582859,41.220483],[140.582884,41.219916],[140.582834,41.219691],[140.582959,41.219675],[140.583334,41.219675],[140.583384,41.219833],[140.583334,41.22015],[140.583459,41.220308],[140.583659,41.2202],[140.583834,41.219991],[140.584359,41.220091],[140.584609,41.219817],[140.584572,41.219417],[140.584722,41.219208],[140.585322,41.218742],[140.585934,41.218225],[140.586184,41.218117],[140.586259,41.218158],[140.586409,41.218342],[140.586709,41.218275],[140.586809,41.218525],[140.586984,41.218458],[140.587209,41.218142],[140.587509,41.218033],[140.58766,41.217961],[140.587747,41.217359],[140.587922,41.217092],[140.588722,41.217342],[140.589146,41.217192],[140.589297,41.216742],[140.589509,41.216717],[140.589884,41.216809],[140.59044,41.216713],[140.590859,41.216484],[140.591034,41.216459],[140.591684,41.2166],[140.592359,41.216667],[140.593896,41.216392],[140.594546,41.216192],[140.594996,41.215992],[140.595166,41.215754],[140.595259,41.215409],[140.595359,41.215384],[140.595696,41.215609],[140.595946,41.215792],[140.596571,41.216001],[140.596883,41.215842],[140.597258,41.215917],[140.597608,41.215942],[140.597783,41.215626],[140.597858,41.215601],[140.598158,41.215701],[140.598408,41.215584],[140.598458,41.215342],[140.598558,41.215292],[140.599058,41.215367],[140.599583,41.215367],[140.600121,41.215009],[140.600446,41.214926],[140.600671,41.214951],[140.601346,41.214726],[140.602371,41.214959],[140.60267,41.214893],[140.603383,41.214626],[140.603758,41.214359],[140.603833,41.21433],[140.603908,41.214318],[140.604283,41.214209],[140.604408,41.213984],[140.604583,41.213826],[140.60457,41.213468],[140.60507,41.212676],[140.605933,41.211943],[140.606508,41.211518],[140.60712,41.210976],[140.60767,41.210351],[140.608183,41.209543],[140.60872,41.208918],[140.608945,41.208693],[140.609958,41.207485],[140.610395,41.206602],[140.611083,41.204802],[140.61197,41.203119],[140.61342,41.201353],[140.613595,41.201103],[140.614108,41.200519],[140.614783,41.200003],[140.615745,41.19902],[140.616495,41.19837],[140.616808,41.19822],[140.617008,41.19822],[140.617183,41.19802],[140.617383,41.197653],[140.617408,41.197495],[140.617333,41.197428],[140.617308,41.197295],[140.617695,41.196962],[140.618245,41.196562],[140.61872,41.196362],[140.619145,41.196678],[140.61932,41.196678],[140.619695,41.196587],[140.620195,41.196395],[140.620307,41.19632],[140.620232,41.19612],[140.620907,41.195762],[140.621432,41.195716],[140.62227,41.195387],[140.622757,41.194954],[140.623595,41.194462],[140.62432,41.19407],[140.625395,41.193687],[140.625907,41.193121],[140.626432,41.192854],[140.627069,41.192604],[140.628719,41.192212],[140.629569,41.192004],[140.630669,41.191887],[140.631544,41.191754],[140.632232,41.191521],[140.632844,41.190954],[140.633419,41.190213],[140.633794,41.189579],[140.634082,41.188905],[140.634507,41.188188],[140.635119,41.187638],[140.635694,41.187188],[140.636206,41.186247],[140.636669,41.18563],[140.636981,41.185297],[140.637156,41.18518],[140.637456,41.18518],[140.638056,41.18453],[140.637881,41.184347],[140.637881,41.184238],[140.639181,41.182855],[140.639931,41.18193],[140.641019,41.180306],[140.641344,41.179764],[140.641794,41.178614],[140.642306,41.176998],[140.642444,41.176414],[140.642619,41.176231],[140.642856,41.175689],[140.642969,41.175148],[140.643044,41.174315],[140.643007,41.172023],[140.642799,41.170592],[140.642432,41.168774],[140.642219,41.167782],[140.641657,41.166007],[140.641632,41.165716],[140.641095,41.164449],[140.640907,41.163891],[140.640882,41.163666],[140.640195,41.161408],[140.639908,41.160508],[140.63987,41.160216],[140.639894,41.160044],[140.639958,41.159874],[140.639908,41.159716],[140.63987,41.159449],[140.639758,41.159158],[140.639695,41.158841],[140.63957,41.15855],[140.63967,41.158508],[140.639695,41.158366],[140.63982,41.158283],[140.640223,41.158177],[140.640595,41.1581],[140.640445,41.157916],[140.639783,41.157983],[140.639437,41.157994],[140.63924,41.158001],[140.639095,41.157333],[140.63877,41.156591],[140.63832,41.155192],[140.638271,41.1547],[140.638296,41.153658],[140.638358,41.153275],[140.638596,41.152667],[140.639133,41.151859],[140.639583,41.151409],[140.639696,41.151159],[140.639733,41.150442],[140.639583,41.149742],[140.639433,41.149517],[140.639471,41.149176],[140.639558,41.148501],[140.639471,41.148209],[140.638933,41.147351],[140.638808,41.147267],[140.638596,41.146767],[140.638421,41.146118],[140.638271,41.145843],[140.638059,41.145618],[140.637621,41.144518],[140.637684,41.144359],[140.637646,41.144201],[140.637796,41.143951],[140.637646,41.143551],[140.637409,41.143568],[140.637171,41.14276],[140.637196,41.142576],[140.637259,41.14256],[140.637259,41.142376],[140.637146,41.142218],[140.636871,41.142193],[140.636759,41.141701],[140.636671,41.14141],[140.636871,41.141251],[140.636784,41.140935],[140.636671,41.140776],[140.636521,41.140751],[140.636371,41.14066],[140.636309,41.140276],[140.636522,41.14026],[140.636572,41.140143],[140.636397,41.139718],[140.636222,41.139743],[140.636009,41.139202],[140.635684,41.138143],[140.635209,41.137085],[140.634759,41.135777],[140.634672,41.135619],[140.634397,41.134652],[140.633772,41.132777],[140.633485,41.131694],[140.633422,41.131336],[140.63276,41.129802],[140.632522,41.128319],[140.632535,41.127553],[140.632585,41.127286],[140.632735,41.127011],[140.633335,41.126295],[140.633547,41.125911],[140.633785,41.125053],[140.633785,41.124736],[140.63391,41.124261],[140.633873,41.123953],[140.633698,41.123345],[140.63365,41.123164],[140.63376,41.123137],[140.633823,41.123028],[140.63376,41.122737],[140.633635,41.122687],[140.633485,41.122687],[140.63286,41.120145],[140.63266,41.11922],[140.632473,41.118679],[140.632385,41.118204],[140.632235,41.11787],[140.632061,41.117595],[140.63206,41.11709],[140.632061,41.116854],[140.632098,41.116521],[140.632211,41.116362],[140.632098,41.115304],[140.632248,41.115229],[140.632298,41.115162],[140.632336,41.114937],[140.632186,41.114762],[140.632123,41.114737],[140.632098,41.114262],[140.632186,41.113929],[140.632186,41.113587],[140.632123,41.113413],[140.631968,41.113315],[140.631923,41.113204],[140.632273,41.112688],[140.632374,41.112616],[140.632636,41.112396],[140.632661,41.111404],[140.632911,41.110771],[140.632786,41.11023],[140.632548,41.109471],[140.632398,41.108046],[140.632286,41.105955],[140.632224,41.105188],[140.632111,41.104605],[140.631924,41.104038],[140.631924,41.10388],[140.632111,41.103814],[140.632161,41.103522],[140.632136,41.103072],[140.631836,41.10298],[140.631574,41.10113],[140.631486,41.100414],[140.631449,41.098497],[140.631574,41.097756],[140.631652,41.097324],[140.631749,41.096948],[140.631899,41.096698],[140.632236,41.095148],[140.632299,41.094964],[140.632561,41.094764],[140.632711,41.094606],[140.632836,41.094515],[140.633161,41.094398],[140.633224,41.094106],[140.633074,41.093565],[140.633037,41.093206],[140.632987,41.093098],[140.632799,41.092915],[140.632712,41.092731],[140.632687,41.09244],[140.632899,41.091815],[140.633099,41.09084],[140.633374,41.089807],[140.633762,41.088998],[140.633699,41.088907],[140.633549,41.088907],[140.633524,41.088882],[140.633524,41.088707],[140.633699,41.088615],[140.633799,41.087782],[140.633974,41.087582],[140.634037,41.086924],[140.633849,41.086882],[140.633887,41.086515],[140.634124,41.08634],[140.634149,41.086182],[140.634212,41.085915],[140.634224,41.085582],[140.634137,41.085441],[140.633774,41.085415],[140.633812,41.085191],[140.634024,41.084924],[140.634212,41.084224],[140.634212,41.083841],[140.634124,41.083099],[140.633799,41.082932],[140.633774,41.082757],[140.633928,41.082179],[140.634168,41.081486],[140.634424,41.080908],[140.634487,41.080233],[140.634395,41.079422],[140.6344,41.077658],[140.634825,41.076641],[140.63525,41.076125],[140.636124,41.07525],[140.636949,41.073067],[140.637212,41.07145],[140.637687,41.071384],[140.6383,41.067684],[140.638212,41.067551],[140.638237,41.067118],[140.638362,41.066484],[140.638337,41.066443],[140.638587,41.065068],[140.638325,41.064884],[140.638337,41.063843],[140.638425,41.063826],[140.638425,41.063618],[140.638687,41.062318],[140.63965,41.060835],[140.640012,41.060385],[140.640687,41.059235],[140.641075,41.059035],[140.641437,41.058519],[140.6415,41.05836],[140.641437,41.058335],[140.641375,41.058385],[140.641475,41.058085],[140.641687,41.05786],[140.641862,41.057935],[140.642162,41.057577],[140.642412,41.057144],[140.64235,41.057052],[140.6429,41.055727],[140.643062,41.055144],[140.643,41.054536],[140.643037,41.053811],[140.6432,41.053228],[140.643587,41.053253],[140.643612,41.053028],[140.6432,41.052928],[140.643262,41.052794],[140.6438,41.052844],[140.643925,41.052436],[140.64415,41.050428],[140.643937,41.050361],[140.643912,41.050003],[140.644075,41.049278],[140.64445,41.048036],[140.645975,41.04787],[140.646325,41.04787],[140.646362,41.047695],[140.646275,41.047445],[140.645612,41.047462],[140.645312,41.047503],[140.645087,41.046353],[140.646725,41.046176],[140.646613,41.045818],[140.646112,41.04582],[140.645425,41.045903],[140.645225,41.04527],[140.644987,41.044728],[140.644875,41.043954],[140.645075,41.042287],[140.645288,41.038704],[140.64555,41.037371],[140.645825,41.036354],[140.645943,41.035678],[140.645988,41.034938],[140.646022,41.034006],[140.646138,41.032521],[140.646475,41.031305],[140.646651,41.030285],[140.646675,41.029388],[140.646738,41.028822],[140.646825,41.026455],[140.646926,41.025306],[140.647088,41.024197],[140.647401,41.022889],[140.647863,41.021423],[140.648113,41.020298],[140.648526,41.01784],[140.649263,41.015432],[140.649338,41.014523],[140.650126,41.009999],[140.650438,41.008982],[140.650688,41.007874],[140.650851,41.006707],[140.650838,41.005691],[140.651226,41.002758],[140.651292,41.002286],[140.651601,41.000758],[140.651714,41.000075],[140.651626,40.999583],[140.651651,40.999333],[140.651976,40.99813],[140.652126,40.997392],[140.652239,40.996492],[140.652414,40.9959],[140.652714,40.995425],[140.652889,40.994642],[140.652801,40.994575],[140.652826,40.994209],[140.652951,40.993625],[140.653001,40.993175],[140.653214,40.992725],[140.653414,40.991792],[140.653651,40.991476],[140.653714,40.990892],[140.653914,40.990509],[140.653951,40.990101],[140.654089,40.989834],[140.653939,40.989426],[140.653939,40.989226],[140.654089,40.988818],[140.654064,40.988459],[140.654264,40.988184],[140.654501,40.987059],[140.654526,40.986693],[140.654851,40.985001],[140.655114,40.984526],[140.655414,40.983693],[140.655439,40.982885],[140.655376,40.98236],[140.655551,40.981352],[140.655789,40.980627],[140.655901,40.979518],[140.655839,40.978752],[140.655902,40.978169],[140.656252,40.976769],[140.656552,40.975752],[140.656664,40.975077],[140.656689,40.974327],[140.656839,40.973652],[140.656902,40.973044],[140.657039,40.972478],[140.657164,40.971711],[140.657164,40.971511],[140.657256,40.970878],[140.657339,40.970203],[140.657327,40.969636],[140.656877,40.968511],[140.656852,40.967903],[140.656964,40.96732],[140.657264,40.966753],[140.657264,40.965803],[140.657402,40.965287],[140.657464,40.964812],[140.657577,40.964362],[140.657639,40.963412],[140.657727,40.962829],[140.657927,40.962237],[140.657964,40.961879],[140.658139,40.961312],[140.658289,40.960437],[140.658515,40.958362],[140.65889,40.956104],[140.659252,40.954413],[140.659515,40.953438],[140.659915,40.951405],[140.660024,40.950934],[140.660152,40.950213],[140.660265,40.949221],[140.660329,40.948906],[140.660477,40.948388],[140.660637,40.947476],[140.660802,40.946622],[140.661127,40.945447],[140.661477,40.943514],[140.661581,40.942957],[140.66174,40.942472],[140.661977,40.941839],[140.662115,40.941256],[140.663065,40.938589],[140.663065,40.938431],[140.663502,40.936715],[140.664627,40.933623],[140.665177,40.932382],[140.665502,40.931882],[140.665802,40.931024],[140.66604,40.930665],[140.666215,40.930165],[140.666215,40.930007],[140.666427,40.929582],[140.667252,40.928724],[140.667665,40.928107],[140.667965,40.927207],[140.66864,40.925491],[140.668727,40.925149],[140.66894,40.925133],[140.669052,40.925149],[140.669165,40.924674],[140.668965,40.924608],[140.669227,40.923666],[140.669077,40.923574],[140.669053,40.923349],[140.669553,40.921883],[140.66984,40.921358],[140.669878,40.9212],[140.669815,40.920616],[140.669865,40.920208],[140.669895,40.919802],[140.669953,40.919325],[140.67004,40.918983],[140.670242,40.918137],[140.670465,40.917358],[140.670828,40.915867],[140.671078,40.915075],[140.671353,40.91395],[140.671715,40.912709],[140.672053,40.911809],[140.67254,40.910384],[140.672865,40.909618],[140.67399,40.906576],[140.67414,40.905876],[140.67424,40.905176],[140.67464,40.90326],[140.675291,40.899919],[140.675441,40.898502],[140.675628,40.897727],[140.6757,40.897587],[140.675816,40.897369],[140.675941,40.896694],[140.675816,40.896627],[140.675816,40.896061],[140.676041,40.894394],[140.676616,40.893353],[140.676728,40.893244],[140.676977,40.892788],[140.677091,40.892544],[140.677278,40.892203],[140.677453,40.89157],[140.677491,40.891278],[140.676654,40.891053],[140.676904,40.889811],[140.677179,40.889045],[140.677454,40.888453],[140.677841,40.887803],[140.677841,40.887737],[140.677717,40.887627],[140.677604,40.887462],[140.677604,40.887303],[140.677709,40.886619],[140.677829,40.885995],[140.678616,40.884104],[140.678808,40.883606],[140.678979,40.883021],[140.679579,40.881779],[140.679694,40.881531],[140.679879,40.881104],[140.680004,40.880843],[140.680283,40.880336],[140.680429,40.880071],[140.681366,40.877996],[140.682354,40.875896],[140.682654,40.875355],[140.683891,40.873355],[140.684191,40.872738],[140.684341,40.872697],[140.684529,40.87238],[140.684641,40.872089],[140.684441,40.87193],[140.684616,40.87173],[140.684979,40.871139],[140.685104,40.870847],[140.685516,40.870147],[140.686391,40.868506],[140.687954,40.866181],[140.688404,40.865439],[140.688704,40.865039],[140.689254,40.864181],[140.690454,40.862398],[140.691441,40.86114],[140.693566,40.858774],[140.694316,40.858082],[140.695091,40.857449],[140.696016,40.856841],[140.696562,40.856346],[140.697016,40.855867],[140.697391,40.855608],[140.698316,40.855991],[140.698903,40.856308],[140.69974,40.855708],[140.699153,40.855366],[140.698503,40.854816],[140.699215,40.854125],[140.699103,40.854033],[140.699428,40.853758],[140.699603,40.853742],[140.700378,40.853017],[140.700503,40.852858],[140.700641,40.852694],[140.700778,40.8525],[140.700953,40.85224],[140.701103,40.8521],[140.701515,40.851734],[140.701815,40.851584],[140.703928,40.850867],[140.704115,40.850709],[140.703903,40.850117],[140.704302,40.849892],[140.707215,40.848434],[140.70809,40.847918],[140.709665,40.847134],[140.709815,40.847093],[140.71014,40.847318],[140.710765,40.847934],[140.711202,40.848426],[140.711527,40.848701],[140.714089,40.847293],[140.714064,40.847151],[140.713264,40.846243],[140.712764,40.84586],[140.712527,40.84561],[140.712739,40.845476],[140.713239,40.845226],[140.713689,40.84496],[140.714464,40.844627],[140.715089,40.845143],[140.715177,40.845285],[140.715764,40.845918],[140.716064,40.845601],[140.717027,40.844677],[140.718164,40.843352],[140.718427,40.843127],[140.718681,40.843046],[140.718852,40.843035],[140.720477,40.843335],[140.722276,40.841827],[140.722276,40.841652],[140.722151,40.841602],[140.721764,40.84196],[140.721314,40.842277],[140.720902,40.842027],[140.721177,40.84171],[140.721914,40.84106],[140.721889,40.840969],[140.721239,40.840585],[140.720652,40.84011],[140.721727,40.838752],[140.722389,40.838236],[140.723064,40.837786],[140.723964,40.837294],[140.724526,40.837094],[140.724785,40.837009],[140.725389,40.836778],[140.725538,40.836845],[140.725689,40.836944],[140.725864,40.837078],[140.726014,40.836944],[140.726826,40.836403],[140.727501,40.836928],[140.728101,40.836586],[140.728551,40.836386],[140.729476,40.836003],[140.730101,40.835636],[140.731864,40.834703],[140.732726,40.834261],[140.733576,40.833745],[140.734089,40.83352],[140.734064,40.833386],[140.733639,40.833003],[140.733364,40.832953],[140.732489,40.832945],[140.731989,40.832878],[140.732601,40.83112],[140.732839,40.830362],[140.732939,40.830337],[140.733189,40.830387],[140.733239,40.830545],[140.733201,40.830745],[140.733326,40.83187],[140.733426,40.832012],[140.733601,40.832103],[140.734176,40.832128],[140.734251,40.832153],[140.734064,40.832512],[140.734089,40.832603],[140.734464,40.832736],[140.735464,40.833061],[140.735739,40.833178],[140.736014,40.833245],[140.736963,40.833586],[140.737463,40.833753],[140.738088,40.834028],[140.738588,40.834228],[140.739238,40.834145],[140.739208,40.834096],[140.739188,40.834053],[140.738501,40.83367],[140.738017,40.833448],[140.737801,40.833345],[140.737801,40.833186],[140.737951,40.833186],[140.738076,40.833236],[140.738126,40.833186],[140.737926,40.832987],[140.737601,40.832778],[140.736701,40.832053],[140.736526,40.831895],[140.735939,40.831462],[140.735914,40.831328],[140.735939,40.831303],[140.736023,40.831348],[140.736064,40.83137],[140.736214,40.831328],[140.736296,40.831274],[140.736414,40.83117],[140.735689,40.830512],[140.735589,40.830287],[140.736126,40.830112],[140.736901,40.829937],[140.737101,40.829979],[140.737201,40.829979],[140.737701,40.830095],[140.737826,40.830095],[140.738501,40.830262],[140.739151,40.83047],[140.739826,40.83072],[140.740101,40.830812],[140.740351,40.830953],[140.740701,40.831087],[140.741476,40.830912],[140.742101,40.830737],[140.743163,40.83052],[140.743738,40.830479],[140.743763,40.830387],[140.743713,40.830229],[140.743788,40.830095],[140.744288,40.830012],[140.744538,40.830029],[140.744788,40.830012],[140.745734,40.830106],[140.746478,40.830178],[140.746976,40.830262],[140.749163,40.830537],[140.749219,40.830475],[140.74925,40.830395],[140.749338,40.83022],[140.749338,40.830129],[140.749138,40.829879],[140.749138,40.829837],[140.74925,40.829795],[140.749425,40.829795],[140.74955,40.829837],[140.750525,40.829904],[140.751088,40.829995],[140.7516,40.830037],[140.752788,40.830195],[140.752875,40.830312],[140.753525,40.831654],[140.753613,40.831704],[140.753738,40.831729],[140.754087,40.831812],[140.754475,40.831879],[140.754625,40.831904],[140.755212,40.831879],[140.755337,40.831862],[140.755387,40.831679],[140.755362,40.831279],[140.755387,40.831004],[140.7553,40.83042],[140.75655,40.830462],[140.756637,40.830487],[140.75675,40.83062],[140.756875,40.830845],[140.757137,40.831137],[140.757887,40.832487],[140.758175,40.832895],[140.75875,40.833862],[140.759337,40.834712],[140.759549,40.834712],[140.760374,40.834287],[140.760437,40.83442],[140.760874,40.834962],[140.761349,40.835412],[140.761474,40.835387],[140.761862,40.835003],[140.762062,40.83492],[140.762537,40.834937],[140.763524,40.834895],[140.764261,40.834712],[140.764349,40.834312],[140.764324,40.833704],[140.765299,40.833729],[140.770011,40.833637],[140.770511,40.833637],[140.770511,40.83327],[140.771023,40.83327],[140.771048,40.833071],[140.771111,40.833004],[140.771523,40.833029],[140.774848,40.833029],[140.775286,40.833071],[140.775373,40.832871],[140.775198,40.832821],[140.775111,40.832062],[140.775136,40.831837],[140.775223,40.831679],[140.775998,40.831679],[140.776123,40.831496],[140.776323,40.831454],[140.777835,40.831538],[140.779885,40.831763],[140.780898,40.831854],[140.781835,40.831988],[140.782347,40.832129],[140.782372,40.832238],[140.78231,40.832396],[140.782522,40.832488],[140.783122,40.832571],[140.783297,40.832463],[140.783385,40.832463],[140.783385,40.832596],[140.783647,40.832663],[140.783797,40.832688],[140.783922,40.832646],[140.783947,40.832596],[140.78406,40.832596],[140.785347,40.832888],[140.785872,40.833046],[140.786347,40.833163],[140.787234,40.833429],[140.788034,40.833629],[140.788809,40.833854],[140.788847,40.834213],[140.788809,40.834779],[140.788759,40.834887],[140.790084,40.835362],[140.791359,40.835946],[140.793171,40.836554],[140.793559,40.836004],[140.794534,40.835587],[140.794958,40.836012],[140.795308,40.836187],[140.796021,40.836462],[140.797296,40.837046],[140.79927,40.837987],[140.800345,40.838579],[140.804857,40.84132],[140.80402,40.842612],[140.804707,40.843179],[140.805932,40.84232],[140.807882,40.843854],[140.808357,40.843937],[140.809444,40.84447],[140.809907,40.84497],[140.811394,40.846612],[140.812131,40.84722],[140.812494,40.847553],[140.812906,40.84877],[140.813069,40.849178],[140.813256,40.849245],[140.813344,40.849245],[140.813594,40.84907],[140.814306,40.849536],[140.814419,40.84972],[140.814394,40.849911],[140.815293,40.850203],[140.814893,40.85142],[140.815481,40.851786],[140.816531,40.85097],[140.818218,40.852245],[140.81973,40.853311],[140.819655,40.853553],[140.820693,40.854444],[140.821255,40.855169],[140.821705,40.855911],[140.821843,40.856269],[140.821704,40.856555],[140.821568,40.856719],[140.821293,40.856719],[140.821268,40.856769],[140.821618,40.857377],[140.821505,40.857736],[140.82148,40.858252],[140.82193,40.859111],[140.82183,40.859969],[140.821917,40.860244],[140.82203,40.860552],[140.822192,40.86086],[140.822467,40.861152],[140.82273,40.861344],[140.82303,40.861469],[140.823355,40.861552],[140.82338,40.861785],[140.824017,40.861835],[140.824042,40.86176],[140.824105,40.861585],[140.824242,40.861427],[140.824542,40.861244],[140.824917,40.861177],[140.825442,40.861094],[140.826017,40.861061],[140.826229,40.861086],[140.826842,40.861219],[140.827392,40.861519],[140.827585,40.861795],[140.827642,40.862036],[140.827592,40.862419],[140.827754,40.862711],[140.828854,40.863785],[140.828879,40.863877],[140.829679,40.864694],[140.829929,40.864894],[140.830504,40.865277],[140.830804,40.865569],[140.830916,40.865502],[140.831741,40.86541],[140.831766,40.865435],[140.831716,40.865477],[140.831279,40.86561],[140.831104,40.865769],[140.831104,40.865819],[140.831929,40.866177],[140.832429,40.865519],[140.832891,40.865427],[140.833778,40.865544],[140.834291,40.865769],[140.834766,40.866194],[140.834741,40.866669],[140.834491,40.867185],[140.834216,40.867477],[140.833891,40.86861],[140.833916,40.87016],[140.834191,40.870927],[140.834528,40.87156],[140.834903,40.872101],[140.835516,40.872118],[140.835841,40.872301],[140.836415,40.87241],[140.836915,40.872593],[140.837278,40.872568],[140.837715,40.87246],[140.838753,40.87241],[140.840465,40.87271],[140.84074,40.873393],[140.841527,40.873993],[140.841852,40.873776],[140.84104,40.873068],[140.841028,40.872985],[140.841153,40.872752],[140.841365,40.872418],[140.841478,40.872285],[140.841578,40.872168],[140.842433,40.872047],[140.843202,40.872068],[140.84389,40.872335],[140.845277,40.873152],[140.845627,40.873443],[140.84599,40.87396],[140.846677,40.87441],[140.847202,40.87481],[140.847252,40.87481],[140.847502,40.875243],[140.849177,40.87711],[140.849402,40.877601],[140.849627,40.878351],[140.850064,40.880576],[140.850364,40.882426],[140.850314,40.882609],[140.850014,40.882809],[140.849926,40.883167],[140.849951,40.883301],[140.850151,40.883484],[140.850339,40.883526],[140.850176,40.883734],[140.850426,40.883867],[140.850701,40.883826],[140.850951,40.883892],[140.851576,40.884567],[140.852326,40.885084],[140.853064,40.885442],[140.853976,40.885534],[140.854576,40.885484],[140.855701,40.885684],[140.856588,40.886026],[140.857713,40.886634],[140.858676,40.887217],[140.859663,40.888025],[140.860138,40.888567],[140.860388,40.88895],[140.859638,40.889517],[140.8594,40.88965],[140.859125,40.89035],[140.859088,40.890525],[140.859175,40.891767],[140.860138,40.891742],[140.8602,40.8924],[140.860963,40.892417],[140.860863,40.893233],[140.860588,40.894108],[140.860313,40.894833],[140.860063,40.895641],[140.859849,40.896047],[140.859713,40.896316],[140.8596,40.896924],[140.859437,40.897191],[140.859025,40.897308],[140.858913,40.897583],[140.85905,40.897874],[140.8591,40.897916],[140.858887,40.898458],[140.858799,40.898738],[140.858687,40.898883],[140.858506,40.899254],[140.858425,40.899582],[140.85845,40.900032],[140.858175,40.900691],[140.857675,40.900916],[140.856875,40.901007],[140.8565,40.900982],[140.8563,40.901366],[140.856138,40.901974],[140.855813,40.902474],[140.855313,40.902807],[140.855213,40.902857],[140.854938,40.902765],[140.854713,40.90299],[140.8546,40.90324],[140.855013,40.903482],[140.855625,40.903615],[140.855787,40.903732],[140.856078,40.903851],[140.856825,40.903907],[140.857462,40.903732],[140.85755,40.903524],[140.85845,40.90364],[140.858725,40.903749],[140.858808,40.903853],[140.858862,40.903957],[140.858862,40.904224],[140.859025,40.904449],[140.859437,40.904582],[140.859887,40.90449],[140.860262,40.904182],[140.860712,40.903749],[140.861312,40.903565],[140.862462,40.90359],[140.864012,40.903907],[140.864474,40.903907],[140.865187,40.903832],[140.865249,40.904041],[140.865874,40.904399],[140.866949,40.905249],[140.867111,40.905165],[140.867449,40.905524],[140.867886,40.906149],[140.868136,40.90674],[140.867836,40.906807],[140.867836,40.906915],[140.868161,40.907707],[140.868274,40.90789],[140.868461,40.90789],[140.869324,40.909532],[140.869324,40.909623],[140.869124,40.909732],[140.869386,40.911515],[140.869573,40.911515],[140.869711,40.912365],[140.869636,40.91334],[140.869711,40.914256],[140.869773,40.914506],[140.869748,40.916081],[140.869523,40.916689],[140.869473,40.916964],[140.868923,40.918314],[140.868623,40.918656],[140.868286,40.918881],[140.86817,40.918911],[140.868073,40.918922],[140.867823,40.918989],[140.867323,40.919331],[140.867036,40.919514],[140.866611,40.919722],[140.866336,40.919764],[140.865711,40.919931],[140.865023,40.919997],[140.864723,40.920172],[140.864723,40.920364],[140.865298,40.92068],[140.865511,40.920872],[140.865698,40.921347],[140.865861,40.921597],[140.866148,40.92158],[140.866373,40.921805],[140.866173,40.922272],[140.866086,40.922597],[140.866273,40.92288],[140.866236,40.923147],[140.866673,40.92348],[140.867136,40.923539],[140.867898,40.923364],[140.86836,40.923414],[140.86836,40.92353],[140.868435,40.923789],[140.868498,40.924005],[140.868548,40.924263],[140.868523,40.92533],[140.868404,40.926221],[140.868223,40.927196],[140.867923,40.927913],[140.867273,40.928771],[140.866985,40.929288],[140.866823,40.929913],[140.866633,40.930318],[140.866535,40.930579],[140.866385,40.930988],[140.866287,40.931103],[140.866226,40.931193],[140.866198,40.931304],[140.866173,40.931604],[140.86596,40.932088],[140.866048,40.932496],[140.866473,40.932937],[140.86671,40.933354],[140.86691,40.934412],[140.867172,40.936254],[140.86721,40.936979],[140.867235,40.938828],[140.867035,40.939295],[140.866747,40.93977],[140.866722,40.940478],[140.866797,40.940837],[140.867335,40.941187],[140.867635,40.941437],[140.867934,40.941645],[140.868147,40.941878],[140.868422,40.94212],[140.868672,40.942303],[140.868859,40.94242],[140.868947,40.942445],[140.869472,40.942453],[140.869709,40.942462],[140.870109,40.942428],[140.870659,40.942353],[140.871147,40.942337],[140.871259,40.942437],[140.871423,40.94242],[140.871484,40.94242],[140.871486,40.942487],[140.871496,40.942606],[140.871772,40.943711],[140.872221,40.943811],[140.871834,40.944553],[140.871423,40.944495],[140.870497,40.944403],[140.870447,40.944695],[140.871359,40.944786],[140.871221,40.94522],[140.870921,40.945386],[140.870222,40.945894],[140.869897,40.945886],[140.868472,40.945478],[140.86812,40.945563],[140.867484,40.945511],[140.866359,40.945328],[140.866122,40.945361],[140.865447,40.945586],[140.864872,40.946019],[140.864247,40.946536],[140.86346,40.947011],[140.862235,40.947394],[140.86181,40.947402],[140.861472,40.947086],[140.860997,40.946502],[140.860335,40.945827],[140.859672,40.945327],[140.858798,40.944952],[140.85871,40.944727],[140.858373,40.944619],[140.858248,40.944436],[140.857435,40.944002],[140.857223,40.943677],[140.856973,40.943619],[140.856923,40.943644],[140.856848,40.943969],[140.856398,40.944527],[140.85571,40.944694],[140.85526,40.945086],[140.854898,40.945269],[140.85456,40.945519],[140.85386,40.945452],[140.853135,40.94561],[140.852748,40.945727],[140.852298,40.945644],[140.852111,40.945169],[140.851848,40.945102],[140.851761,40.945135],[140.851448,40.945869],[140.851511,40.946002],[140.851448,40.94626],[140.850986,40.946443],[140.850661,40.946518],[140.850498,40.946935],[140.850173,40.947418],[140.849611,40.947735],[140.849111,40.947818],[140.848848,40.948168],[140.848761,40.948201],[140.848548,40.948151],[140.848211,40.94836],[140.848061,40.948518],[140.847598,40.948643],[140.846348,40.948401],[140.846098,40.948451],[140.845186,40.948718],[140.845124,40.948843],[140.844836,40.949076],[140.844686,40.949393],[140.844674,40.949826],[140.844861,40.950243],[140.844798,40.950634],[140.844261,40.950909],[140.843449,40.950434],[140.842674,40.950084],[140.842374,40.949859],[140.842049,40.949868],[140.841511,40.950093],[140.841261,40.950159],[140.840811,40.950634],[140.839636,40.950992],[140.838686,40.951117],[140.838361,40.951251],[140.838474,40.951459],[140.838824,40.951592],[140.838886,40.951884],[140.839461,40.952134],[140.839474,40.952192],[140.839161,40.952509],[140.838349,40.952934],[140.837974,40.953334],[140.838024,40.953384],[140.838549,40.953376],[140.838699,40.953459],[140.838986,40.953442],[140.839249,40.953151],[140.840186,40.953084],[140.841499,40.952817],[140.841786,40.953042],[140.842011,40.953476],[140.842099,40.953476],[140.842261,40.953234],[140.842461,40.953017],[140.842661,40.953176],[140.842748,40.953359],[140.843323,40.953217],[140.843636,40.953176],[140.844373,40.953201],[140.844623,40.953459],[140.845823,40.954101],[140.846373,40.954126],[140.846623,40.954226],[140.846948,40.954434],[140.847036,40.954434],[140.847336,40.954351],[140.84811,40.953976],[140.848298,40.953651],[140.848635,40.953592],[140.849473,40.953834],[140.849935,40.954176],[140.85031,40.954817],[140.850335,40.954926],[140.850485,40.955067],[140.85111,40.955042],[140.851198,40.954984],[140.851248,40.954892],[140.851273,40.954759],[140.851298,40.954626],[140.851498,40.954468],[140.851723,40.954434],[140.851773,40.954443],[140.852198,40.954351],[140.852972,40.954668],[140.85336,40.955168],[140.853697,40.955959],[140.854372,40.956559],[140.855047,40.956851],[140.856372,40.956768],[140.857384,40.956793],[140.858159,40.956626],[140.858434,40.956318],[140.858772,40.956109],[140.859322,40.956051],[140.859697,40.956276],[140.859684,40.956743],[140.859797,40.956876],[140.860509,40.956934],[140.861022,40.957009],[140.861709,40.957026],[140.861959,40.957093],[140.862421,40.957451],[140.862484,40.957959],[140.862046,40.958301],[140.861721,40.958626],[140.862609,40.959534],[140.862721,40.959684],[140.863021,40.959843],[140.863346,40.959843],[140.863596,40.959893],[140.863746,40.960018],[140.863796,40.960243],[140.863759,40.960626],[140.863771,40.961051],[140.863784,40.961359],[140.863871,40.961734],[140.863909,40.962242],[140.863909,40.962434],[140.863909,40.962626],[140.863483,40.963242],[140.861021,40.963209],[140.859559,40.963042],[140.859521,40.962992],[140.859471,40.9629],[140.859434,40.962792],[140.859459,40.962709],[140.859496,40.962517],[140.859584,40.962101],[140.859659,40.961767],[140.859696,40.961576],[140.859684,40.961467],[140.859546,40.961434],[140.859459,40.961276],[140.859409,40.961342],[140.859384,40.961492],[140.859334,40.961809],[140.859309,40.962225],[140.859171,40.962759],[140.859196,40.962867],[140.859296,40.963025],[140.859146,40.963109],[140.859146,40.963409],[140.859184,40.963625],[140.859309,40.96375],[140.859409,40.963825],[140.859484,40.963984],[140.859546,40.964284],[140.859534,40.964525],[140.859521,40.964767],[140.859421,40.965067],[140.859296,40.965325],[140.859171,40.965508],[140.858723,40.965876],[140.858673,40.966001],[140.858711,40.966176],[140.858959,40.966358],[140.859146,40.966442],[140.859296,40.9665],[140.859746,40.967108],[140.860008,40.967742],[140.860308,40.968883],[140.860271,40.968925],[140.860196,40.969033],[140.860121,40.969133],[140.860096,40.96945],[140.860146,40.969666],[140.860208,40.9698],[140.860296,40.969891],[140.860333,40.96995],[140.860296,40.970116],[140.860308,40.970416],[140.860296,40.970775],[140.860271,40.971158],[140.860108,40.971383],[140.860046,40.971566],[140.860033,40.971825],[140.860146,40.972099],[140.860358,40.972374],[140.860608,40.972641],[140.860921,40.972858],[140.861321,40.973008],[140.861658,40.973091],[140.862045,40.973149],[140.862483,40.973291],[140.86272,40.973441],[140.863145,40.973399],[140.863333,40.973333],[140.864008,40.973858],[140.863995,40.973933],[140.863933,40.974058],[140.863983,40.974191],[140.864408,40.974208],[140.86497,40.974224],[140.864983,40.974341],[140.86502,40.974433],[140.865183,40.974349],[140.865583,40.974158],[140.865945,40.974016],[140.866045,40.97395],[140.866283,40.973966],[140.866433,40.974033],[140.866583,40.974108],[140.866732,40.974216],[140.866845,40.974325],[140.866895,40.97445],[140.866882,40.974608],[140.866845,40.974891],[140.866845,40.975199],[140.866932,40.975549],[140.866932,40.975883],[140.86682,40.976041],[140.866857,40.976158],[140.866957,40.976299],[140.867282,40.976508],[140.86757,40.976591],[140.867845,40.976741],[140.868032,40.976899],[140.868032,40.977033],[140.867945,40.977158],[140.867882,40.977291],[140.867932,40.977358],[140.868195,40.977333],[140.86852,40.977358],[140.868682,40.977349],[140.869095,40.977433],[140.869432,40.977533],[140.869669,40.977566],[140.869832,40.977533],[140.870044,40.977491],[140.870119,40.977491],[140.870619,40.978258],[140.870582,40.978991],[140.870882,40.979058],[140.870844,40.978224],[140.870394,40.977333],[140.871357,40.977074],[140.871421,40.977166],[140.871682,40.977083],[140.871794,40.977249],[140.872007,40.977125],[140.872869,40.979116],[140.872932,40.979216],[140.873024,40.979376],[140.873032,40.979541],[140.872882,40.979833],[140.872782,40.979999],[140.872644,40.980383],[140.872569,40.980624],[140.872557,40.980882],[140.872556,40.981107],[140.872581,40.981282],[140.872594,40.981407],[140.872544,40.981632],[140.872506,40.981799],[140.872481,40.981924],[140.871994,40.982566],[140.871719,40.982524],[140.871669,40.982632],[140.871831,40.982757],[140.871706,40.982874],[140.871519,40.982757],[140.871421,40.982991],[140.869282,40.983665],[140.869119,40.98364],[140.868794,40.983582],[140.868569,40.983474],[140.868369,40.98339],[140.868132,40.983282],[140.867807,40.983282],[140.867344,40.983315],[140.866982,40.983165],[140.866857,40.983124],[140.866744,40.983115],[140.866494,40.983165],[140.866207,40.983299],[140.866082,40.983307],[140.865907,40.983365],[140.865869,40.98349],[140.865857,40.983549],[140.865469,40.983532],[140.865357,40.983532],[140.865157,40.983774],[140.864969,40.983815],[140.864769,40.983657],[140.864494,40.983524],[140.864257,40.98354],[140.86412,40.983715],[140.864044,40.98409],[140.864107,40.98419],[140.864257,40.984298],[140.864294,40.984415],[140.864119,40.984448],[140.863894,40.984382],[140.863682,40.984407],[140.863607,40.984473],[140.86362,40.984565],[140.863732,40.984665],[140.863994,40.984707],[140.864119,40.984748],[140.864132,40.984823],[140.863807,40.984865],[140.863694,40.984873],[140.863607,40.98489],[140.863432,40.98494],[140.863432,40.985007],[140.863482,40.985065],[140.863594,40.985123],[140.863794,40.985148],[140.864007,40.985165],[140.864069,40.985257],[140.864157,40.985265],[140.864394,40.98519],[140.864582,40.985098],[140.864719,40.985107],[140.864869,40.985215],[140.864982,40.985415],[140.864907,40.985465],[140.864744,40.985532],[140.864707,40.985615],[140.864757,40.98569],[140.864882,40.985673],[140.865007,40.985682],[140.865032,40.985765],[140.864994,40.985832],[140.864932,40.985957],[140.865044,40.98604],[140.865244,40.985982],[140.865444,40.985823],[140.865544,40.985807],[140.865632,40.985873],[140.865632,40.986015],[140.865594,40.98609],[140.865632,40.986182],[140.865794,40.986215],[140.866244,40.986148],[140.866469,40.986123],[140.866557,40.986157],[140.866619,40.986248],[140.866494,40.986348],[140.866294,40.98644],[140.866294,40.98654],[140.866544,40.986557],[140.866657,40.986607],[140.867032,40.986448],[140.867307,40.986373],[140.867432,40.986448],[140.867631,40.98649],[140.867606,40.986582],[140.867606,40.986673],[140.867619,40.986748],[140.867806,40.986665],[140.867956,40.986598],[140.868056,40.986632],[140.868106,40.986773],[140.868144,40.986915],[140.868306,40.98694],[140.868406,40.987007],[140.868319,40.98734],[140.868469,40.987448],[140.868544,40.987448],[140.868681,40.987298],[140.868794,40.987148],[140.868969,40.987073],[140.869769,40.987215],[140.869869,40.987232],[140.870131,40.987207],[140.870356,40.98704],[140.870481,40.986932],[140.870731,40.986965],[140.870931,40.987007],[140.871181,40.987056],[140.871421,40.987082],[140.872206,40.987548],[140.873281,40.988707],[140.873731,40.98919],[140.873781,40.989465],[140.873818,40.989582],[140.873906,40.989873],[140.874006,40.99014],[140.874081,40.990432],[140.874168,40.990657],[140.874468,40.990957],[140.874743,40.991207],[140.875156,40.991582],[140.875443,40.991856],[140.875718,40.992156],[140.875956,40.992448],[140.876156,40.992681],[140.876343,40.992956],[140.876468,40.99319],[140.876506,40.993565],[140.876556,40.99394],[140.876606,40.994323],[140.876681,40.994615],[140.876843,40.99499],[140.876993,40.995273],[140.87723,40.995681],[140.877368,40.99594],[140.877568,40.996273],[140.877805,40.996706],[140.877993,40.997123],[140.878143,40.997539],[140.87833,40.998048],[140.87843,40.998523],[140.87848,40.998873],[140.878693,40.999248],[140.87893,40.999689],[140.87923,41.000206],[140.879493,41.000681],[140.87968,41.001039],[140.879818,41.001297],[140.87988,41.001547],[140.87998,41.001839],[140.880068,41.002147],[140.880118,41.002406],[140.88018,41.002656],[140.880617,41.003856],[140.88083,41.005297],[140.88083,41.005747],[140.88073,41.006414],[140.880742,41.006822],[140.880805,41.007114],[140.88063,41.007697],[140.880467,41.008022],[140.880105,41.00848],[140.880017,41.008922],[140.879805,41.00918],[140.879155,41.00958],[140.87908,41.009696],[140.879242,41.009722],[140.880042,41.009405],[140.880592,41.008947],[140.880867,41.008838],[140.881542,41.008713],[140.882592,41.008772],[140.883904,41.009063],[140.884429,41.009197],[140.884942,41.009397],[140.885642,41.009705],[140.886879,41.010055],[140.887504,41.010213],[140.888792,41.010647],[140.888917,41.010688],[140.889504,41.01073],[140.890791,41.010539],[140.891316,41.010547],[140.891804,41.010405],[140.892554,41.010014],[140.892829,41.009789],[140.893154,41.009614],[140.894516,41.009247],[140.896379,41.008889],[140.896591,41.008997],[140.897216,41.009181],[140.898166,41.009122],[140.899278,41.008939],[140.900003,41.008889],[140.900528,41.008806],[140.902166,41.008314],[140.902816,41.008131],[140.903316,41.007889],[140.904141,41.007148],[140.905028,41.00654],[140.906691,41.005365],[140.907278,41.004998],[140.907378,41.004806],[140.907428,41.004207],[140.907653,41.003657],[140.909129,41.002656],[140.909416,41.002498],[140.909616,41.002265],[140.909816,41.00209],[140.910016,41.001982],[140.910391,41.001965],[140.910703,41.002057],[140.910865,41.002182],[140.910878,41.00229],[140.910815,41.002365],[140.91069,41.002432],[140.910653,41.002498],[140.910703,41.002615],[140.910729,41.002656],[140.910742,41.002681],[140.910804,41.002681],[140.910905,41.002658],[140.91099,41.002632],[140.911078,41.002582],[140.911178,41.002457],[140.911165,41.002365],[140.911678,41.002232],[140.913165,41.000749],[140.912965,41.000549],[140.911528,41.002074],[140.911103,41.00214],[140.910916,41.00179],[140.912028,41.00074],[140.911853,41.000665],[140.911953,41.000532],[140.912141,41.000307],[140.912241,41.000157],[140.912353,40.999999],[140.912541,40.999765],[140.912703,40.999682],[140.912878,40.999641],[140.913028,40.999607],[140.91334,40.999416],[140.913465,40.999349],[140.913765,40.999149],[140.914028,40.998907],[140.914415,40.998582],[140.914815,40.998207],[140.915003,40.998049],[140.915153,40.997907],[140.915278,40.997924],[140.915453,40.997949],[140.916528,40.997433],[140.916978,40.997141],[140.916865,40.996999],[140.91549,40.997799],[140.915015,40.997732],[140.915153,40.997324],[140.914915,40.997157],[140.915503,40.996174],[140.915665,40.996266],[140.915878,40.996241],[140.915591,40.995916],[140.916265,40.995366],[140.917415,40.996091],[140.91849,40.995299],[140.919578,40.99485],[140.91984,40.994841],[140.919778,40.994691],[140.919578,40.994625],[140.918378,40.995108],[140.91754,40.995649],[140.91674,40.995116],[140.91769,40.99435],[140.917828,40.9945],[140.918615,40.994008],[140.919928,40.993608],[140.919728,40.9933],[140.920615,40.9931],[140.920628,40.993266],[140.92099,40.993241],[140.92104,40.993391],[140.92149,40.993375],[140.921503,40.993216],[140.921928,40.993275],[140.922178,40.993333],[140.92234,40.993391],[140.922715,40.993375],[140.923128,40.993208],[140.923165,40.993141],[140.923228,40.993033],[140.92339,40.992901],[140.923566,40.992865],[140.923745,40.992876],[140.92394,40.9929],[140.924315,40.9929],[140.92459,40.992933],[140.92494,40.992958],[140.925452,40.992992],[140.925815,40.993008],[140.926115,40.993067],[140.926565,40.993142],[140.926952,40.993192],[140.927415,40.993192],[140.927927,40.993133],[140.928202,40.993117],[140.92854,40.993125],[140.928902,40.99315],[140.929127,40.993183],[140.929515,40.993192],[140.929902,40.993208],[140.930402,40.993208],[140.930614,40.993225],[140.930864,40.993242],[140.931127,40.993208],[140.931364,40.99315],[140.931577,40.9931],[140.931752,40.9931],[140.932189,40.993092],[140.932652,40.993108],[140.933164,40.993183],[140.933852,40.9932],[140.934264,40.9933],[140.934764,40.993408],[140.935177,40.9935],[140.935414,40.993575],[140.935801,40.993675],[140.936201,40.993783],[140.936576,40.993908],[140.937214,40.994125],[140.937714,40.994308],[140.938076,40.994558],[140.938401,40.994817],[140.938739,40.995042],[140.939376,40.995175],[140.939989,40.995192],[140.940363,40.995192],[140.940701,40.995192],[140.940926,40.995092],[140.941151,40.994967],[140.941426,40.994767],[140.941826,40.9945],[140.942301,40.9943],[140.942513,40.994209],[140.942601,40.994092],[140.942838,40.9938],[140.943051,40.993475],[140.943201,40.993142],[140.943526,40.992925],[140.944051,40.992742],[140.944776,40.992467],[140.945276,40.9924],[140.945551,40.992434],[140.945963,40.992492],[140.946588,40.992642],[140.947113,40.9928],[140.947663,40.992725],[140.948025,40.992659],[140.948675,40.992459],[140.948888,40.992301],[140.949125,40.992009],[140.949288,40.991651],[140.949388,40.991342],[140.949375,40.991276],[140.949363,40.991184],[140.949388,40.990859],[140.949413,40.990417],[140.949425,40.989659],[140.949475,40.988926],[140.949576,40.988401],[140.949626,40.987993],[140.949726,40.987343],[140.949913,40.986818],[140.950038,40.98616],[140.950238,40.985635],[140.950463,40.98541],[140.950963,40.984793],[140.951338,40.984385],[140.951513,40.984226],[140.950963,40.983976],[140.951126,40.983801],[140.951488,40.983393],[140.951826,40.982968],[140.951938,40.982943],[140.952351,40.982693],[140.952763,40.98226],[140.953176,40.981852],[140.9538,40.981418],[140.95425,40.981185],[140.954725,40.980894],[140.95525,40.980477],[140.955763,40.980069],[140.956238,40.979735],[140.956738,40.979419],[140.957163,40.978936],[140.957463,40.978436],[140.9578,40.978119],[140.958138,40.977961],[140.958463,40.977786],[140.95885,40.977494],[140.959088,40.977061],[140.95925,40.976544],[140.959363,40.976094],[140.959663,40.975753],[140.95995,40.975594],[140.960238,40.975203],[140.960538,40.974653],[140.960788,40.974111],[140.961225,40.973545],[140.961638,40.973078],[140.961988,40.972736],[140.962413,40.972386],[140.962813,40.972095],[140.963125,40.971903],[140.96355,40.971703],[140.964088,40.971487],[140.9647,40.97122],[140.965087,40.97112],[140.965275,40.97102],[140.965512,40.970862],[140.965725,40.970745],[140.966237,40.970478],[140.966637,40.970245],[140.967012,40.969954],[140.967275,40.969754],[140.967637,40.969562],[140.9681,40.969304],[140.968537,40.968979],[140.968612,40.968912],[140.968912,40.96897],[140.96925,40.96892],[140.969762,40.96877],[140.970275,40.968554],[140.970812,40.968262],[140.970937,40.968087],[140.9711,40.967904],[140.971262,40.967821],[140.971499,40.967671],[140.971724,40.967412],[140.971899,40.967246],[140.972249,40.967096],[140.972437,40.966996],[140.972612,40.966787],[140.972674,40.966721],[140.973137,40.966421],[140.973562,40.966196],[140.973862,40.966004],[140.974187,40.965704],[140.974499,40.965304],[140.974612,40.965038],[140.974649,40.964854],[140.976587,40.96348],[140.976699,40.963563],[140.976937,40.963463],[140.977624,40.962988],[140.978062,40.96263],[140.978274,40.96243],[140.978499,40.962288],[140.978799,40.96213],[140.979274,40.96198],[140.979662,40.961921],[140.980349,40.961797],[140.980774,40.961672],[140.981161,40.96158],[140.981261,40.961622],[140.981386,40.961722],[140.981486,40.961713],[140.981874,40.96158],[140.982186,40.961413],[140.982186,40.961305],[140.982124,40.961113],[140.983449,40.960738],[140.983436,40.960313],[140.983336,40.960305],[140.982024,40.96028],[140.981836,40.959322],[140.982549,40.959214],[140.982499,40.957855],[140.981549,40.957705],[140.981549,40.957464],[140.981699,40.956897],[140.981874,40.956439],[140.982049,40.955856],[140.982162,40.955364],[140.982137,40.955289],[140.981962,40.954939],[140.981699,40.954497],[140.981224,40.953806],[140.981062,40.953531],[140.980912,40.953431],[140.979787,40.951964],[140.979724,40.951873],[140.979337,40.951606],[140.978462,40.949798],[140.978262,40.949831],[140.978187,40.949764],[140.977787,40.949523],[140.978175,40.949481],[140.978187,40.949406],[140.978125,40.949315],[140.978037,40.949131],[140.978,40.948848],[140.978162,40.948415],[140.978325,40.947915],[140.9785,40.947673],[140.978725,40.94749],[140.9788,40.947423],[140.978837,40.947298],[140.978487,40.947156],[140.978675,40.947006],[140.97915,40.947315],[140.97955,40.946573],[140.97955,40.946473],[140.97955,40.946223],[140.979562,40.945882],[140.97955,40.945423],[140.97965,40.945015],[140.97965,40.944732],[140.97975,40.944457],[140.979862,40.944282],[140.979925,40.944215],[140.9814,40.944749],[140.981587,40.944507],[140.980225,40.944074],[140.980312,40.94394],[140.979837,40.943774],[140.980712,40.942165],[140.981662,40.941549],[140.981562,40.941407],[140.980437,40.942007],[140.979637,40.943457],[140.97865,40.94324],[140.978312,40.94284],[140.978412,40.942707],[140.977088,40.941415],[140.978325,40.940574],[140.978025,40.940199],[140.975275,40.941757],[140.972763,40.940807],[140.972513,40.940507],[140.972338,40.940182],[140.972151,40.939824],[140.972001,40.939341],[140.971913,40.939132],[140.971713,40.938657],[140.971701,40.938249],[140.971726,40.938074],[140.971826,40.937682],[140.971751,40.937499],[140.971588,40.937441],[140.971563,40.937466],[140.970326,40.936632],[140.970701,40.935791],[140.970988,40.935299],[140.971413,40.934883],[140.971926,40.934483],[140.972551,40.9341],[140.973551,40.933691],[140.974226,40.933458],[140.977001,40.933166],[140.977826,40.9331],[140.978138,40.933217],[140.9786,40.9337],[140.979075,40.934033],[140.97935,40.934066],[140.981688,40.933925],[140.982838,40.933875],[140.98505,40.93395],[140.985387,40.933967],[140.985662,40.934067],[140.9862,40.934242],[140.986487,40.93435],[140.986887,40.934383],[140.987425,40.934358],[140.987887,40.934217],[140.988,40.934208],[140.988087,40.934175],[140.988037,40.934392],[140.989649,40.934425],[140.990712,40.934525],[140.990712,40.934392],[140.991712,40.934708],[140.992387,40.9348],[140.992437,40.934917],[140.992999,40.934942],[140.993037,40.934833],[140.993987,40.934992],[140.994624,40.935292],[140.996436,40.935883],[140.997811,40.936358],[140.998111,40.936392],[140.998749,40.936367],[141.001486,40.935759],[141.001786,40.935592],[141.002323,40.9349],[141.002661,40.934601],[141.003398,40.934142],[141.004061,40.933659],[141.006086,40.932484],[141.007036,40.932068],[141.008835,40.931676],[141.009673,40.931435],[141.01241,40.931043],[141.013098,40.931001],[141.013798,40.931018],[141.014285,40.930968],[141.015023,40.93071],[141.01561,40.930627],[141.01636,40.930602],[141.017722,40.930618],[141.018535,40.930185],[141.019322,40.930052],[141.02041,40.930018],[141.02076,40.929893],[141.021572,40.929227],[141.02186,40.928894],[141.02196,40.928494],[141.021997,40.927769],[141.02216,40.927119],[141.022347,40.927161],[141.023147,40.926327],[141.022372,40.925761],[141.022897,40.924819],[141.02391,40.924028],[141.025547,40.922886],[141.025697,40.922986],[141.027635,40.921861],[141.027835,40.921978],[141.02811,40.921795],[141.027947,40.921645],[141.028722,40.921186],[141.02901,40.921078],[141.02981,40.920878],[141.030397,40.920787],[141.03076,40.920612],[141.031397,40.919645],[141.031597,40.919337],[141.033572,40.918029],[141.03431,40.917645],[141.035985,40.917079],[141.03671,40.916921],[141.038222,40.916696],[141.03896,40.916221],[141.03956,40.915663],[141.039897,40.915479],[141.040722,40.915188],[141.041522,40.914954],[141.042197,40.914846],[141.042859,40.914821],[141.043722,40.914888],[141.045397,40.914863],[141.046222,40.914954],[141.048859,40.91533],[141.049272,40.915538],[141.050922,40.915871],[141.051747,40.916138],[141.052484,40.916455],[141.053209,40.916904],[141.053921,40.91693],[141.054359,40.917021],[141.055046,40.91693],[141.055371,40.916746],[141.055734,40.916246],[141.055984,40.91598],[141.056509,40.915821],[141.057296,40.915688],[141.058234,40.915571],[141.059034,40.91553],[141.059909,40.915188],[141.060221,40.914713],[141.060496,40.914422],[141.060959,40.914238],[141.061534,40.914105],[141.062334,40.913738],[141.063921,40.913563],[141.064509,40.91338],[141.064859,40.913088],[141.065359,40.912339],[141.065684,40.91128],[141.066184,40.910947],[141.066509,40.91058],[141.066784,40.91013],[141.066809,40.909589],[141.066871,40.909297],[141.067334,40.907972],[141.067546,40.907431],[141.067821,40.907089],[141.068546,40.906389],[141.069009,40.905581],[141.069446,40.905081],[141.069947,40.904381],[141.070359,40.904023],[141.070497,40.903639],[141.071447,40.902673],[141.072747,40.901498],[141.073397,40.900865],[141.074772,40.899757],[141.075546,40.899307],[141.076621,40.898565],[141.077409,40.897865],[141.078534,40.896715],[141.078984,40.896215],[141.079696,40.894615],[141.080459,40.893449],[141.080684,40.892907],[141.081446,40.891391],[141.081696,40.890766],[141.081859,40.890199],[141.081859,40.889724],[141.081996,40.889008],[141.082871,40.887408],[141.083234,40.886933],[141.084045,40.886117],[141.085046,40.885175],[141.085459,40.884791],[141.085946,40.884425],[141.086359,40.883933],[141.086884,40.883642],[141.087621,40.883367],[141.088196,40.883033],[141.088646,40.882692],[141.088809,40.88235],[141.088771,40.882242],[141.088996,40.881792],[141.090146,40.881134],[141.090484,40.880867],[141.091034,40.879917],[141.091334,40.879534],[141.091634,40.879334],[141.093308,40.878567],[141.093583,40.878317],[141.094383,40.877276],[141.094483,40.877009],[141.094896,40.876759],[141.095371,40.876601],[141.095471,40.876601],[141.096133,40.876217],[141.096433,40.876017],[141.096471,40.875659],[141.097208,40.875026],[141.097703,40.874729],[141.098471,40.874301],[141.099433,40.873851],[141.099596,40.873734],[141.100858,40.873193],[141.102283,40.872743],[141.103908,40.872401],[141.10492,40.872318],[141.107508,40.87236],[141.10952,40.872601],[141.109683,40.873526],[141.11097,40.87346],[141.110833,40.872735],[141.110853,40.872591],[141.110858,40.872418],[141.112507,40.87116],[141.112595,40.870593],[141.113057,40.870485],[141.11402,40.871585],[141.11342,40.871835],[141.11257,40.872576],[141.112232,40.873701],[141.115207,40.87251],[141.115507,40.871943],[141.115282,40.87156],[141.115807,40.87136],[141.117095,40.871218],[141.117185,40.871221],[141.11737,40.871218],[141.118195,40.871268],[141.118195,40.87111],[141.118745,40.871202],[141.119457,40.871268],[141.120507,40.871418],[141.121057,40.871468],[141.121452,40.871523],[141.12182,40.871627],[141.122344,40.871785],[141.124744,40.87276],[141.125219,40.874377],[141.125669,40.874318],[141.125444,40.87321],[141.126272,40.872877],[141.126681,40.872626],[141.126956,40.872385],[141.128369,40.871769],[141.129944,40.872052],[141.129944,40.872452],[141.130856,40.87261],[141.131019,40.872294],[141.132231,40.872594],[141.132006,40.872944],[141.132381,40.873019],[141.132681,40.873135],[141.132869,40.87331],[141.133156,40.873352],[141.133475,40.873464],[141.133651,40.873603],[141.134174,40.873838],[141.134793,40.87406],[141.135318,40.874218],[141.135768,40.874385],[141.136181,40.874568],[141.136456,40.874702],[141.136706,40.874843],[141.137093,40.875018],[141.137443,40.875177],[141.137743,40.875335],[141.138043,40.875485],[141.138355,40.875677],[141.13863,40.875843],[141.13888,40.876043],[141.138955,40.876085],[141.139718,40.876268],[141.14098,40.876618],[141.143042,40.877027],[141.144805,40.877527],[141.145492,40.87781],[141.147292,40.878635],[141.148229,40.878976],[141.148941,40.879335],[141.150266,40.88016],[141.150866,40.880485],[141.152828,40.881859],[141.155203,40.883676],[141.15644,40.884684],[141.15794,40.885767],[141.159777,40.887334],[141.160765,40.888101],[141.162039,40.889234],[141.162689,40.889725],[141.163539,40.890534],[141.164039,40.891084],[141.165926,40.892767],[141.167651,40.894383],[141.168776,40.895458],[141.169688,40.896283],[141.171163,40.897675],[141.17335,40.899708],[141.174413,40.900949],[141.175063,40.901591],[141.176238,40.902641],[141.177912,40.904382],[141.1785,40.905049],[141.17865,40.905266],[141.1803,40.907099],[141.182149,40.909274],[141.183062,40.910115],[141.184649,40.912132],[141.186736,40.914556],[141.188949,40.917473],[141.189424,40.918039],[141.190386,40.919298],[141.190705,40.919609],[141.191098,40.920031],[141.191373,40.920506],[141.191761,40.920956],[141.192673,40.922255],[141.193185,40.922889],[141.193548,40.923405],[141.195335,40.925905],[141.195748,40.926672],[141.19721,40.928563],[141.19861,40.930496],[141.19971,40.932321],[141.200235,40.933087],[141.201059,40.934487],[141.201997,40.93577],[141.203559,40.938362],[141.203971,40.938945],[141.204496,40.93982],[141.205221,40.941286],[141.205934,40.942386],[141.206784,40.943744],[141.207583,40.945335],[141.209183,40.947977],[141.209458,40.948585],[141.209896,40.949393],[141.210283,40.950385],[141.21037,40.950926],[141.210608,40.951151],[141.211195,40.951485],[141.211383,40.951693],[141.211683,40.952251],[141.211983,40.952685],[141.212133,40.95306],[141.212208,40.953809],[141.212295,40.953968],[141.212545,40.953984],[141.212744,40.953966],[141.212797,40.954045],[141.21287,40.954393],[141.213058,40.954818],[141.213195,40.954934],[141.21342,40.955293],[141.213757,40.956009],[141.21447,40.957909],[141.214795,40.958626],[141.215207,40.959342],[141.21552,40.960042],[141.21612,40.961242],[141.217807,40.964142],[141.218132,40.964883],[141.219157,40.967],[141.219507,40.967975],[141.220969,40.971324],[141.221656,40.973016],[141.222131,40.974116],[141.222656,40.975449],[141.222981,40.97619],[141.223481,40.977432],[141.224556,40.979723],[141.225106,40.981281],[141.225281,40.981956],[141.225606,40.982923],[141.226218,40.984073],[141.226843,40.985898],[141.227155,40.986598],[141.22748,40.987514],[141.227818,40.988664],[141.228968,40.99148],[141.230017,40.99463],[141.230767,40.996863],[141.231042,40.998013],[141.231155,40.99833],[141.232004,41.000988],[141.232392,41.002604],[141.232702,41.003353],[141.232892,41.003737],[141.233016,41.00462],[141.232979,41.005104],[141.233529,41.00727],[141.234291,41.009761],[141.234678,41.011278],[141.235103,41.012944],[141.235516,41.014294],[141.235803,41.015661],[141.235978,41.016969],[141.236328,41.01826],[141.236565,41.018744],[141.237278,41.021602],[141.238152,41.026484],[141.238327,41.027826],[141.239002,41.030234],[141.239164,41.031675],[141.239202,41.03295],[141.239477,41.034692],[141.239452,41.0347],[141.239652,41.0354],[141.240039,41.03735],[141.240001,41.037783],[141.240251,41.038608],[141.240339,41.039725],[141.240739,41.041249],[141.240901,41.042883],[141.241139,41.044274],[141.241363,41.046607],[141.241588,41.048382],[141.241925,41.05204],[141.242125,41.052365],[141.242125,41.05309],[141.2424,41.055082],[141.242638,41.058431],[141.242725,41.060406],[141.2427,41.063573],[141.242875,41.065589],[141.242799,41.068156],[141.242612,41.069014],[141.242549,41.069097],[141.242287,41.069897],[141.242362,41.070939],[141.242649,41.072922],[141.242536,41.074722],[141.242236,41.075947],[141.242199,41.076863],[141.242361,41.077963],[141.242336,41.078372],[141.242174,41.078838],[141.241786,41.079571],[141.241749,41.080021],[141.241861,41.080488],[141.241949,41.081196],[141.241974,41.082071],[141.242099,41.082663],[141.242311,41.08288],[141.242761,41.083096],[141.242799,41.08343],[141.242861,41.083488],[141.243374,41.083688],[141.243824,41.083946],[141.243811,41.084105],[141.244049,41.084238],[141.244273,41.084171],[141.244373,41.084188],[141.244811,41.084655],[141.245548,41.085988],[141.246048,41.086688],[141.246382,41.08744],[141.246861,41.088263],[141.247073,41.088754],[141.247161,41.089204],[141.247136,41.090563],[141.247161,41.091054],[141.247348,41.092337],[141.247486,41.092946],[141.247548,41.093446],[141.247548,41.093871],[141.247373,41.094912],[141.247236,41.096354],[141.247161,41.09712],[141.247048,41.09782],[141.246886,41.099754],[141.246748,41.100587],[141.246498,41.10147],[141.246381,41.101563],[141.246136,41.102037],[141.246136,41.102245],[141.246248,41.10237],[141.246248,41.102453],[141.245998,41.102853],[141.245886,41.103137],[141.245896,41.103641],[141.245948,41.103912],[141.246211,41.10467],[141.246586,41.105186],[141.246773,41.105478],[141.246936,41.105861],[141.247211,41.106378],[141.247373,41.106903],[141.247486,41.107528],[141.247786,41.108345],[141.248198,41.110144],[141.248286,41.110569],[141.248448,41.110953],[141.248698,41.111336],[141.249498,41.112036],[141.250023,41.112736],[141.25081,41.113228],[141.251473,41.113703],[141.251523,41.113661],[141.252048,41.113569],[141.252823,41.113586],[141.253098,41.113728],[141.253448,41.114111],[141.25411,41.115594],[141.25406,41.116336],[141.25431,41.117219],[141.254335,41.117669],[141.254223,41.118527],[141.254085,41.118952],[141.254085,41.119244],[141.25436,41.11976],[141.254547,41.120435],[141.25486,41.120777],[141.25516,41.121002],[141.255572,41.121477],[141.255872,41.121569],[141.256235,41.12161],[141.256535,41.122152],[141.256747,41.122177],[141.25711,41.122102],[141.25766,41.12226],[141.258097,41.122669],[141.258322,41.123002],[141.258735,41.123835],[141.258835,41.124218],[141.258785,41.124852],[141.258897,41.12526],[141.259222,41.12596],[141.25956,41.126252],[141.259747,41.126343],[141.260572,41.12596],[141.262172,41.125777],[141.262722,41.125752],[141.263484,41.125818],[141.263872,41.125952],[141.264309,41.126202],[141.264584,41.126427],[141.265434,41.127302],[141.265772,41.12751],[141.266147,41.127893],[141.266459,41.128451],[141.266509,41.128768],[141.266647,41.129193],[141.266921,41.129693],[141.266971,41.13001],[141.266834,41.130526],[141.266971,41.130726],[141.267334,41.13086],[141.268021,41.130951],[141.268684,41.131151],[141.269121,41.131426],[141.269921,41.132351],[141.270609,41.133743],[141.270859,41.134126],[141.271371,41.134468],[141.271784,41.134693],[141.271871,41.134761],[141.271984,41.134934],[141.272471,41.135726],[141.272671,41.136151],[141.273108,41.137892],[141.273271,41.138342],[141.273433,41.138584],[141.273471,41.138951],[141.273446,41.139309],[141.273496,41.140642],[141.274183,41.141809],[141.274321,41.141967],[141.274483,41.142259],[141.274621,41.142933],[141.274846,41.143433],[141.275058,41.143767],[141.275196,41.14415],[141.275196,41.144808],[141.275371,41.1458],[141.275833,41.146633],[141.276295,41.14735],[141.276245,41.148166],[141.275995,41.150349],[141.275945,41.150616],[141.27597,41.150866],[141.27622,41.151516],[141.276495,41.152016],[141.277045,41.152583],[141.277433,41.152758],[141.277595,41.152891],[141.277845,41.153208],[141.278057,41.153907],[141.27812,41.154541],[141.27812,41.155507],[141.278232,41.155932],[141.27862,41.156699],[141.278757,41.157515],[141.27872,41.158774],[141.278582,41.159449],[141.278532,41.15999],[141.278182,41.16139],[141.27812,41.161865],[141.277795,41.162856],[141.27727,41.164473],[141.277132,41.16529],[141.276719,41.166598],[141.276307,41.167631],[141.276007,41.168831],[141.275844,41.169281],[141.274957,41.172497],[141.274569,41.173847],[141.274094,41.175063],[141.273869,41.17578],[141.273601,41.176368],[141.273294,41.177138],[141.272932,41.177738],[141.271532,41.181163],[141.271394,41.181679],[141.270956,41.182679],[141.269844,41.185595],[141.269244,41.186895],[141.268994,41.187537],[141.268019,41.189262],[141.267381,41.190661],[141.266919,41.19187],[141.266519,41.192736],[141.266256,41.193419],[141.265731,41.194477],[141.265506,41.195036],[141.264244,41.197627],[141.264194,41.197869],[141.264281,41.198035],[141.264256,41.198194],[141.263794,41.19861],[141.263119,41.199452],[141.262969,41.199743],[141.262806,41.199702],[141.262556,41.200218],[141.262544,41.200785],[141.261494,41.202585],[141.261294,41.202718],[141.261344,41.203068],[141.261169,41.203385],[141.260481,41.204343],[141.259181,41.206501],[141.258781,41.207042],[141.257769,41.208775],[141.257169,41.209884],[141.256806,41.210433],[141.256431,41.211083],[141.255731,41.212125],[141.254931,41.213458],[141.252144,41.217816],[141.250231,41.220765],[141.249381,41.22194],[141.248794,41.222632],[141.248031,41.22364],[141.247569,41.224323],[141.246596,41.225665],[141.245706,41.226756],[141.245094,41.227481],[141.244769,41.227731],[141.243531,41.229181],[141.243356,41.229498],[141.242656,41.230339],[141.242131,41.231156],[141.241744,41.231564],[141.240894,41.232764],[141.240394,41.233397],[141.240019,41.233789],[141.239306,41.234714],[141.237981,41.236305],[141.236844,41.23753],[141.236107,41.238363],[141.235482,41.239163],[141.234544,41.240221],[141.234107,41.240904],[141.232869,41.242313],[141.232132,41.242988],[141.229982,41.245371],[141.228419,41.246779],[141.227182,41.248054],[141.226419,41.248887],[141.223619,41.251661],[141.222557,41.252545],[141.221507,41.253453],[141.221544,41.253561],[141.221482,41.25372],[141.220857,41.25422],[141.220232,41.254803],[141.218469,41.256361],[141.216682,41.257752],[141.215432,41.258819],[141.214444,41.259744],[141.213344,41.260552],[141.213019,41.260669],[141.212607,41.260869],[141.212007,41.26136],[141.211857,41.26166],[141.210844,41.262468],[141.209707,41.263327],[141.208732,41.263977],[141.207857,41.26461],[141.20482,41.26696],[141.204645,41.267043],[141.204195,41.267185],[141.203782,41.267426],[141.203245,41.267901],[141.202345,41.268509],[141.20122,41.269409],[141.199332,41.270742],[141.198795,41.271034],[141.198257,41.271242],[141.197782,41.271376],[141.19772,41.271601],[141.197757,41.271851],[141.197907,41.272092],[141.197545,41.272409],[141.19627,41.273017],[141.195495,41.273475],[141.193845,41.2741],[141.193495,41.274309],[141.191795,41.275142],[141.19077,41.275542],[141.188333,41.276583],[141.187495,41.277033],[141.186833,41.276608],[141.18672,41.27665],[141.18672,41.276742],[141.18687,41.276875],[141.187408,41.277233],[141.187733,41.277416],[141.187858,41.277441],[141.188145,41.277416],[141.18872,41.2778],[141.188783,41.2778],[141.18902,41.278091],[141.189083,41.278383],[141.188895,41.278791],[141.188358,41.279216],[141.187883,41.279425],[141.187495,41.279216],[141.18597,41.278225],[141.185945,41.278025],[141.186295,41.277708],[141.186033,41.277375],[141.185283,41.276808],[141.18517,41.276833],[141.184683,41.27715],[141.183558,41.277841],[141.18337,41.277775],[141.182596,41.277258],[141.182483,41.277233],[141.182033,41.277508],[141.181408,41.277033],[141.180833,41.276675],[141.180596,41.276608],[141.180158,41.276691],[141.178033,41.277216],[141.174784,41.278116],[141.173171,41.278449],[141.172396,41.278541],[141.172009,41.278833],[141.170759,41.279982],[141.170309,41.280099],[141.170096,41.279782],[141.169346,41.279782],[141.169046,41.279649],[141.169171,41.277933],[141.168546,41.277799],[141.167834,41.277799],[141.167734,41.278316],[141.167621,41.278699],[141.167434,41.278766],[141.167296,41.279132],[141.166222,41.278991],[141.165584,41.278974],[141.165534,41.279016],[141.165472,41.279199],[141.165234,41.279424],[141.165109,41.279424],[141.165084,41.279399],[141.164809,41.279374],[141.164309,41.279532],[141.163984,41.279599],[141.162959,41.279516],[141.162872,41.279557],[141.162572,41.279557],[141.162547,41.278607],[141.162522,41.278566],[141.162009,41.278499],[141.161084,41.278449],[141.159985,41.278249],[141.159647,41.277932],[141.159085,41.277616],[141.157772,41.276608],[141.157322,41.276224],[141.15691,41.276158],[141.156573,41.274733],[141.156335,41.274083],[141.156335,41.273966],[141.156073,41.273066],[141.155535,41.271175],[141.15551,41.270542],[141.155535,41.270225],[141.15526,41.269442],[141.154873,41.268808],[141.152911,41.266417],[141.151748,41.264392],[141.150886,41.263059],[141.150286,41.262384],[141.150111,41.262426],[141.149874,41.262292],[141.149149,41.261459],[141.147449,41.259659],[141.146824,41.259184],[141.146087,41.257993],[141.145574,41.257518],[141.145362,41.257068],[141.145337,41.256635],[141.144974,41.256276],[141.1426,41.254476],[141.14125,41.253643],[141.141012,41.253368],[141.141012,41.252985],[141.141088,41.252093],[141.140688,41.250877],[141.140513,41.250602],[141.140413,41.250244],[141.140225,41.249769],[141.140163,41.249369],[141.140013,41.248852],[141.139455,41.247976],[141.138763,41.247169],[141.138188,41.246602],[141.137863,41.246627],[141.133564,41.244311],[141.133326,41.244127],[141.133501,41.241719],[141.133614,41.241419],[141.133707,41.241179],[141.133764,41.240903],[141.133926,41.240136],[141.134026,41.240086],[141.134439,41.24002],[141.136563,41.240145],[141.139038,41.24022],[141.140201,41.240278],[141.142088,41.240428],[141.142351,41.240495],[141.142388,41.240561],[141.1425,41.240578],[141.142625,41.24047],[141.142888,41.240553],[141.143195,41.240619],[141.143463,41.240645],[141.1437,41.240645],[141.144125,41.24082],[141.144513,41.24127],[141.14525,41.242569],[141.145525,41.243136],[141.145925,41.244303],[141.146225,41.244803],[141.146587,41.245178],[141.14725,41.245744],[141.147737,41.246027],[141.148187,41.246211],[141.14825,41.246161],[141.148097,41.246028],[141.14795,41.245919],[141.147312,41.245561],[141.1474,41.245511],[141.148125,41.245803],[141.148335,41.246017],[141.1487,41.246386],[141.149237,41.246969],[141.149787,41.247394],[141.150449,41.247702],[141.151262,41.248286],[141.152137,41.249002],[141.152887,41.249452],[141.153637,41.249827],[141.154149,41.250144],[141.154299,41.25046],[141.154399,41.251152],[141.154761,41.251244],[141.155324,41.251244],[141.155799,41.251327],[141.156224,41.251552],[141.156674,41.252002],[141.156986,41.252402],[141.157061,41.252635],[141.157174,41.252944],[141.157449,41.253277],[141.157661,41.25341],[141.157986,41.254718],[141.158136,41.255868],[141.158373,41.256477],[141.158548,41.256568],[141.158723,41.256843],[141.158786,41.25731],[141.158698,41.258101],[141.158398,41.259276],[141.158161,41.259993],[141.157798,41.260851],[141.157511,41.261276],[141.157473,41.261418],[141.156548,41.262134],[141.156161,41.262343],[141.156048,41.262584],[141.156073,41.262726],[141.156161,41.262768],[141.156586,41.262676],[141.156973,41.262543],[141.157561,41.262384],[141.157835,41.262201],[141.157985,41.262159],[141.158398,41.261618],[141.158723,41.260876],[141.159235,41.26006],[141.159361,41.259593],[141.159323,41.259051],[141.159386,41.258418],[141.15925,41.257258],[141.159086,41.25646],[141.158973,41.255777],[141.158486,41.25456],[141.158548,41.254018],[141.158936,41.253169],[141.158823,41.252894],[141.158636,41.252635],[141.158349,41.252219],[141.157986,41.251585],[141.157649,41.250777],[141.157424,41.250102],[141.157061,41.249244],[141.156574,41.248619],[141.155962,41.247452],[141.155662,41.246636],[141.155524,41.246078],[141.155287,41.245419],[141.154912,41.244769],[141.154212,41.24372],[141.153974,41.243286],[141.153912,41.243111],[141.153558,41.242502],[141.15285,41.241786],[141.152,41.240861],[141.151525,41.24062],[141.14915,41.239053],[141.147525,41.23807],[141.14545,41.237028],[141.14515,41.236712],[141.144835,41.236396],[141.144326,41.235928],[141.143663,41.235095],[141.143638,41.234987],[141.143813,41.23462],[141.144027,41.234531],[141.144207,41.234445],[141.144126,41.23417],[141.144313,41.23412],[141.144188,41.233854],[141.143238,41.23397],[141.142576,41.23382],[141.141976,41.233554],[141.140651,41.233104],[141.140501,41.233104],[141.140089,41.232979],[141.139601,41.232545],[141.139001,41.232079],[141.137801,41.231296],[141.136989,41.230871],[141.136289,41.230379],[141.134877,41.229154],[141.132852,41.227471],[141.13189,41.226554],[141.131575,41.226143],[141.131072,41.225581],[141.12989,41.224396],[141.129227,41.223904],[141.12899,41.223688],[141.12854,41.223371],[141.128303,41.22328],[141.128003,41.22308],[141.12739,41.222455],[141.126878,41.222096],[141.12649,41.221738],[141.125503,41.221113],[141.124653,41.220596],[141.123778,41.219813],[141.123153,41.219371],[141.122753,41.219147],[141.122339,41.218985],[141.121864,41.218769],[141.121437,41.218559],[141.119878,41.21763],[141.118454,41.216888],[141.117729,41.216455],[141.115608,41.215083],[141.115306,41.214706],[141.114979,41.214305],[141.114591,41.214014],[141.114092,41.213722],[141.113317,41.213405],[141.110117,41.213897],[141.108467,41.213988],[141.106167,41.213913],[141.104767,41.21373],[141.104055,41.213755],[141.102105,41.213705],[141.100917,41.213505],[141.100443,41.213388],[141.099155,41.213005],[141.098255,41.212638],[141.098043,41.21253],[141.097905,41.212397],[141.097543,41.212188],[141.096943,41.212072],[141.095955,41.211672],[141.091543,41.209472],[141.089568,41.208663],[141.089181,41.208372],[141.088644,41.207897],[141.088381,41.20733],[141.087981,41.207014],[141.087394,41.20643],[141.086731,41.205864],[141.085981,41.205547],[141.083594,41.205005],[141.080707,41.204047],[141.079745,41.203647],[141.079057,41.203172],[141.078282,41.202789],[141.077395,41.202289],[141.076607,41.201722],[141.075745,41.20138],[141.074908,41.200822],[141.074495,41.200455],[141.073677,41.199882],[141.073095,41.199489],[141.07266,41.199163],[141.07237,41.198881],[141.071958,41.198606],[141.071008,41.197614],[141.070496,41.197206],[141.070046,41.196797],[141.068108,41.194856],[141.067546,41.194381],[141.066496,41.192989],[141.065634,41.192039],[141.064646,41.191381],[141.063722,41.190864],[141.062709,41.190206],[141.061422,41.189015],[141.061009,41.188381],[141.060647,41.187706],[141.06041,41.187006],[141.060122,41.186307],[141.059972,41.185715],[141.059735,41.185423],[141.05916,41.184907],[141.058122,41.18339],[141.057048,41.183165],[141.056335,41.18299],[141.055973,41.182807],[141.05541,41.182623],[141.055087,41.182598],[141.054748,41.182598],[141.054423,41.182623],[141.05388,41.182657],[141.053135,41.182623],[141.052298,41.182598],[141.051885,41.18269],[141.050323,41.183182],[141.049913,41.183254],[141.049495,41.183321],[141.04901,41.183365],[141.048489,41.183436],[141.048086,41.183498],[141.047373,41.183723],[141.046561,41.183923],[141.045848,41.184056],[141.045186,41.184281],[141.044986,41.18439],[141.043811,41.184756],[141.043186,41.185065],[141.042436,41.185223],[141.041636,41.185248],[141.040711,41.185131],[141.040411,41.185064],[141.039398,41.184723],[141.038586,41.184681],[141.038286,41.184698],[141.037511,41.184681],[141.036774,41.184764],[141.034386,41.184989],[141.033836,41.185189],[141.032111,41.185756],[141.031836,41.185914],[141.031424,41.186272],[141.030849,41.186656],[141.029874,41.186964],[141.029324,41.187331],[141.028587,41.187939],[141.027087,41.188789],[141.024399,41.190188],[141.023437,41.190772],[141.022487,41.191238],[141.021824,41.191622],[141.021612,41.191805],[141.018512,41.193605],[141.01675,41.194754],[141.015425,41.195538],[141.014687,41.195921],[141.01385,41.196254],[141.013062,41.196621],[141.012262,41.196846],[141.009188,41.197579],[141.008113,41.197695],[141.006138,41.197829],[141.0044,41.197845],[141.003476,41.19782],[141.002613,41.197754],[141.001088,41.19757],[141.000401,41.197437],[140.997363,41.19642],[140.996851,41.196195],[140.996076,41.195679],[140.994564,41.195845],[140.992926,41.196229],[140.992101,41.19657],[140.991267,41.196703],[140.990839,41.196495],[140.990451,41.196709],[140.989889,41.196962],[140.988702,41.197345],[140.987977,41.197612],[140.987689,41.197803],[140.987614,41.197895],[140.987227,41.198162],[140.986502,41.19847],[140.985327,41.198853],[140.984377,41.199053],[140.983539,41.199136],[140.981352,41.199203],[140.980352,41.199136],[140.97914,41.198895],[140.97784,41.198553],[140.976915,41.198028],[140.976827,41.197886],[140.97664,41.197187],[140.976515,41.197103],[140.976127,41.197037],[140.975527,41.196995],[140.974503,41.196337],[140.973553,41.195978],[140.971203,41.195362],[140.97024,41.19492],[140.968915,41.194162],[140.968478,41.193837],[140.968175,41.193625],[140.967753,41.193428],[140.967241,41.193153],[140.966066,41.192412],[140.964916,41.191778],[140.964091,41.191295],[140.963391,41.190529],[140.963053,41.189787],[140.962541,41.189354],[140.958554,41.186829],[140.957716,41.186212],[140.957229,41.185754],[140.956829,41.185004],[140.956804,41.184512],[140.956913,41.184167],[140.956891,41.183821],[140.956423,41.183044],[140.955916,41.182354],[140.954829,41.181413],[140.954454,41.181179],[140.954379,41.181063],[140.954129,41.180871],[140.953617,41.180663],[140.952979,41.180279],[140.952317,41.179754],[140.951804,41.179138],[140.951567,41.178613],[140.951129,41.178079],[140.950467,41.177646],[140.950304,41.177504],[140.950017,41.17718],[140.949105,41.17623],[140.948505,41.175546],[140.94783,41.174896],[140.945917,41.17403],[140.94528,41.173888],[140.945017,41.173896],[140.944093,41.174038],[140.943168,41.174255],[140.941893,41.17488],[140.940805,41.175246],[140.939131,41.175646],[140.937718,41.175754],[140.935843,41.175588],[140.934969,41.175438],[140.934094,41.175163],[140.933631,41.174754],[140.933157,41.174589],[140.932294,41.174363],[140.931294,41.174154],[140.930531,41.173721],[140.929906,41.173271],[140.929694,41.173263],[140.929044,41.173354],[140.928457,41.173621],[140.928382,41.173763],[140.927744,41.174096],[140.926932,41.174413],[140.926607,41.174638],[140.924607,41.175254],[140.923457,41.175496],[140.921432,41.175696],[140.91992,41.175771],[140.91797,41.175996],[140.916557,41.176004],[140.915857,41.175937],[140.914445,41.175695],[140.913008,41.17542],[140.911033,41.174787],[140.909845,41.174279],[140.908746,41.173687],[140.906683,41.172246],[140.905946,41.171671],[140.905084,41.170804],[140.904821,41.170221],[140.904084,41.168504],[140.903846,41.168029],[140.903621,41.167929],[140.901671,41.167671],[140.900434,41.167421],[140.899434,41.167121],[140.898822,41.166746],[140.898734,41.166563],[140.898584,41.166471],[140.898259,41.166379],[140.898134,41.166379],[140.897934,41.166446],[140.896984,41.166146],[140.896659,41.165946],[140.895485,41.165571],[140.894397,41.165079],[140.893535,41.164571],[140.892372,41.163638],[140.891905,41.163504],[140.890985,41.163505],[140.890247,41.163429],[140.889747,41.163446],[140.889322,41.163663],[140.888935,41.164038],[140.887722,41.164446],[140.88731,41.164713],[140.886747,41.164929],[140.886035,41.165112],[140.88486,41.165546],[140.883085,41.165704],[140.882585,41.165696],[140.88191,41.165904],[140.881548,41.166087],[140.880873,41.166362],[140.879023,41.166562],[140.877923,41.166712],[140.876873,41.16682],[140.876361,41.166812],[140.874919,41.166572],[140.874473,41.166495],[140.874061,41.16637],[140.873523,41.166262],[140.873211,41.166029],[140.872886,41.165929],[140.871874,41.165779],[140.871399,41.165829],[140.871061,41.165887],[140.870049,41.165754],[140.869449,41.165529],[140.868524,41.164987],[140.867724,41.164612],[140.866799,41.16457],[140.866412,41.16452],[140.865599,41.16422],[140.865024,41.163845],[140.864787,41.163554],[140.864321,41.163283],[140.863962,41.163229],[140.8635,41.163054],[140.8623,41.162262],[140.860487,41.161721],[140.85975,41.161529],[140.85855,41.161412],[140.858075,41.161646],[140.85785,41.161679],[140.856788,41.16167],[140.856425,41.161554],[140.8558,41.161454],[140.855138,41.161537],[140.854425,41.161387],[140.853376,41.160879],[140.853013,41.160362],[140.852576,41.159962],[140.851951,41.159787],[140.851326,41.159687],[140.850126,41.159146],[140.848501,41.158587],[140.847814,41.158079],[140.847014,41.157404],[140.846201,41.156704],[140.846039,41.156179],[140.846414,41.155996],[140.846989,41.155896],[140.847089,41.155571],[140.846376,41.155513],[140.846201,41.155546],[140.845826,41.155446],[140.845751,41.155088],[140.845289,41.154521],[140.845164,41.154521],[140.844639,41.154421],[140.844089,41.154188],[140.842876,41.153754],[140.842601,41.153579],[140.842176,41.153229],[140.841564,41.152871],[140.840752,41.152688],[140.840139,41.152046],[140.839252,41.151829],[140.839014,41.151588],[140.838577,41.151288],[140.837527,41.151088],[140.836789,41.151013],[140.836502,41.150846],[140.835915,41.150571],[140.834302,41.150205],[140.833302,41.149896],[140.832477,41.149605],[140.832177,41.149446],[140.831865,41.148988],[140.830928,41.148121],[140.830665,41.147738],[140.830265,41.147488],[140.829553,41.14738],[140.829103,41.147096],[140.828605,41.146651],[140.82819,41.146263],[140.827675,41.145785],[140.827228,41.145788],[140.826741,41.145855],[140.826003,41.145855],[140.825103,41.145755],[140.824866,41.145688],[140.824466,41.145163],[140.823479,41.143647],[140.823307,41.143345],[140.822966,41.142489],[140.822904,41.14158],[140.823679,41.141464],[140.824129,41.141489],[140.824116,41.141072],[140.823241,41.141114],[140.823154,41.140606],[140.823054,41.140514],[140.822654,41.139797],[140.822366,41.139614],[140.822059,41.139396],[140.821729,41.139256],[140.821504,41.139231],[140.821197,41.139624],[140.821029,41.139806],[140.820279,41.139706],[140.819492,41.139406],[140.818592,41.138697],[140.817979,41.137939],[140.817842,41.137381],[140.817917,41.137156],[140.817629,41.136856],[140.817155,41.135639],[140.81718,41.135506],[140.817929,41.134989],[140.817855,41.134706],[140.816855,41.134406],[140.81598,41.134256],[140.815342,41.133956],[140.814842,41.133556],[140.814955,41.133523],[140.814917,41.133256],[140.814692,41.133281],[140.81468,41.132556],[140.814942,41.132206],[140.815092,41.13169],[140.81458,41.131056],[140.814405,41.130565],[140.814143,41.130248],[140.813355,41.129773],[140.81288,41.129673],[140.812555,41.12949],[140.812143,41.128657],[140.811955,41.127998],[140.811168,41.12754],[140.810506,41.127682],[140.809677,41.128074],[140.809068,41.128332],[140.808468,41.128732],[140.808076,41.129],[140.807668,41.129285],[140.80735,41.12957],[140.807156,41.129673],[140.805931,41.129731],[140.804893,41.12969],[140.804502,41.129408],[140.804319,41.129007],[140.804169,41.128698],[140.803894,41.12844],[140.803381,41.128557],[140.802831,41.128732],[140.801381,41.128731],[140.799731,41.128698],[140.798719,41.128915],[140.797244,41.129606],[140.796619,41.130206],[140.796394,41.130573],[140.795544,41.131248],[140.795082,41.131756],[140.794494,41.132223],[140.793144,41.132897],[140.792044,41.133247],[140.791245,41.133364],[140.790659,41.133288],[140.790345,41.133156],[140.790232,41.133114],[140.78972,41.132672],[140.78932,41.132472],[140.78867,41.132064],[140.78847,41.131889],[140.78772,41.131581],[140.786745,41.131314],[140.785608,41.131347],[140.784658,41.131256],[140.783283,41.131297],[140.782558,41.131564],[140.782095,41.132006],[140.781466,41.13239],[140.780645,41.13293],[140.780046,41.133355],[140.778408,41.134489],[140.777471,41.135463],[140.777258,41.135955],[140.777546,41.136455],[140.777708,41.136855],[140.778183,41.137113],[140.778633,41.137497],[140.779308,41.137821],[140.77942,41.137913],[140.779333,41.138355],[140.77912,41.138555],[140.778883,41.138563],[140.778583,41.138705],[140.778383,41.138663],[140.777445,41.139038],[140.777158,41.138971],[140.776708,41.138971],[140.776421,41.138655],[140.775596,41.138771],[140.775096,41.138996],[140.773933,41.140229],[140.773883,41.140729],[140.773921,41.140938],[140.773661,41.141298],[140.773733,41.141588],[140.774033,41.141654],[140.774083,41.141971],[140.773671,41.142279],[140.773571,41.142321],[140.773208,41.142329],[140.773046,41.142287],[140.772746,41.142087],[140.772433,41.141588],[140.771758,41.141346],[140.770858,41.141254],[140.769546,41.140646],[140.769396,41.140679],[140.768934,41.140971],[140.768846,41.141704],[140.768884,41.142254],[140.768534,41.142796],[140.768146,41.143512],[140.767971,41.14422],[140.767421,41.144745],[140.767084,41.14547],[140.766959,41.145512],[140.766621,41.145437],[140.766396,41.145204],[140.766459,41.144612],[140.766234,41.144536],[140.766093,41.144465],[140.765996,41.144295],[140.765921,41.144225],[140.765696,41.144187],[140.765284,41.144412],[140.764896,41.144829],[140.764759,41.145087],[140.764359,41.14557],[140.764171,41.146228],[140.764246,41.147512],[140.764671,41.148445],[140.764759,41.148537],[140.765159,41.148753],[140.765309,41.149278],[140.765521,41.149595],[140.765958,41.149853],[140.766208,41.150178],[140.766333,41.150402],[140.766396,41.150611],[140.766746,41.151003],[140.766921,41.151095],[140.767071,41.151453],[140.766821,41.151778],[140.766796,41.153119],[140.766721,41.153469],[140.766533,41.153519],[140.766196,41.153369],[140.766071,41.153378],[140.765583,41.153961],[140.765808,41.154319],[140.766358,41.154444],[140.766721,41.154478],[140.766571,41.154736],[140.766283,41.154911],[140.766408,41.155543],[140.766483,41.155852],[140.766596,41.156444],[140.767096,41.156811],[140.767583,41.156961],[140.767633,41.157181],[140.767794,41.15734],[140.768108,41.157561],[140.768183,41.158635],[140.767908,41.159102],[140.767783,41.15961],[140.767395,41.159852],[140.767195,41.159894],[140.766883,41.160302],[140.766795,41.160627],[140.766795,41.160793],[140.766933,41.161493],[140.76722,41.161735],[140.767483,41.161835],[140.767708,41.162027],[140.76787,41.162418],[140.767858,41.162643],[140.768145,41.163218],[140.76842,41.163976],[140.768708,41.164493],[140.76862,41.16551],[140.768357,41.166118],[140.767533,41.166676],[140.767408,41.166918],[140.76762,41.167151],[140.767595,41.167234],[140.767183,41.167176],[140.767083,41.167426],[140.766895,41.167393],[140.766845,41.167726],[140.766895,41.168034],[140.76687,41.168234],[140.766945,41.168259],[140.767757,41.168309],[140.76797,41.168234],[140.768057,41.168268],[140.768082,41.168484],[140.768532,41.168626],[140.76877,41.168793],[140.768732,41.168901],[140.768407,41.169101],[140.767857,41.169284],[140.767632,41.169301],[140.767607,41.169393],[140.767657,41.169801],[140.76777,41.169959],[140.768132,41.170134],[140.768707,41.170068],[140.768732,41.170051],[140.768895,41.170451],[140.76892,41.170726],[140.768895,41.170901],[140.768732,41.170926],[140.768595,41.170992],[140.76857,41.171109],[140.76862,41.171242],[140.768982,41.171534],[140.769057,41.171667],[140.769007,41.171892],[140.768982,41.172234],[140.768895,41.172434],[140.768782,41.172567],[140.768767,41.172725],[140.76882,41.172801],[140.76887,41.172842],[140.768895,41.172934],[140.768757,41.173067],[140.768707,41.173201],[140.768895,41.173517],[140.76882,41.173651],[140.768382,41.173859],[140.76832,41.173967],[140.768457,41.1741],[140.768682,41.174217],[140.768707,41.17435],[140.76862,41.174467],[140.768407,41.1746],[140.768245,41.174484],[140.768182,41.1744],[140.768002,41.174438],[140.767882,41.174559],[140.768107,41.174825],[140.768382,41.175009],[140.768432,41.175092],[140.768319,41.175909],[140.768182,41.176625],[140.767994,41.176809],[140.767907,41.176834],[140.767607,41.177033],[140.767494,41.177258],[140.767444,41.17755],[140.767307,41.17785],[140.767282,41.17805],[140.767332,41.178225],[140.767307,41.179133],[140.767469,41.1799],[140.767394,41.180233],[140.766982,41.181183],[140.766732,41.181883],[140.766619,41.182533],[140.766669,41.182875],[140.766619,41.182983],[140.766432,41.183116],[140.766319,41.183258],[140.766294,41.183499],[140.766457,41.183574],[140.766707,41.183574],[140.766782,41.183591],[140.766894,41.183816],[140.766869,41.184066],[140.766619,41.184383],[140.766044,41.184808],[140.765607,41.185124],[140.765407,41.185399],[140.764994,41.186366],[140.764894,41.186882],[140.764944,41.187699],[140.764894,41.188082],[140.764832,41.188216],[140.764782,41.188641],[140.764557,41.18934],[140.764482,41.189457],[140.764394,41.190015],[140.764394,41.19074],[140.764372,41.191066],[140.764419,41.191257],[140.764507,41.191282],[140.764503,41.191364],[140.764482,41.19144],[140.764483,41.191588],[140.764669,41.191732],[140.764732,41.191799],[140.764619,41.192023],[140.764532,41.192048],[140.764457,41.191998],[140.764344,41.19209],[140.764282,41.192207],[140.764282,41.192315],[140.764394,41.192498],[140.764531,41.192607],[140.764644,41.19279],[140.764256,41.192948],[140.764094,41.193265],[140.764419,41.193582],[140.764506,41.193873],[140.764456,41.194165],[140.764044,41.194507],[140.764006,41.194665],[140.764119,41.19504],[140.764345,41.195364],[140.764894,41.196056],[140.765419,41.196481],[140.765444,41.196573],[140.765381,41.197181],[140.765494,41.197431],[140.765969,41.197906],[140.766269,41.198156],[140.766756,41.198448],[140.766981,41.198781],[140.767506,41.199123],[140.767618,41.199164],[140.767943,41.199414],[140.768081,41.200314],[140.768356,41.200423],[140.768493,41.200564],[140.768406,41.200723],[140.768443,41.200964],[140.768581,41.201106],[140.768681,41.201123],[140.768818,41.201256],[140.768938,41.201378],[140.769068,41.201439],[140.769343,41.201506],[140.769731,41.201823],[140.770305,41.202364],[140.770718,41.202589],[140.771018,41.202947],[140.771218,41.203239],[140.771518,41.203464],[140.77223,41.203689],[140.77248,41.203689],[140.773055,41.203622],[140.773305,41.203806],[140.773555,41.204097],[140.773743,41.204231],[140.774068,41.204272],[140.774119,41.204471],[140.774105,41.204639],[140.77418,41.204881],[140.774318,41.204972],[140.77448,41.205022],[140.774542,41.205106],[140.774405,41.205131],[140.774243,41.205197],[140.774318,41.205422],[140.774617,41.205539],[140.774817,41.205739],[140.77498,41.205764],[140.775237,41.205831],[140.775555,41.206097],[140.776217,41.20623],[140.776767,41.206455],[140.778167,41.20713],[140.77883,41.207497],[140.779154,41.20828],[140.779454,41.209022],[140.779404,41.209588],[140.779282,41.209713],[140.779079,41.209788],[140.778642,41.209905],[140.778417,41.209997],[140.778254,41.210197],[140.778667,41.21058],[140.779129,41.210805],[140.779354,41.210963],[140.779379,41.21103],[140.779192,41.211122],[140.778967,41.211163],[140.778779,41.211255],[140.778742,41.211388],[140.778854,41.21148],[140.779104,41.211547],[140.779154,41.211597],[140.779267,41.211822],[140.779079,41.21193],[140.778992,41.212047],[140.779242,41.212588],[140.779217,41.21333],[140.779192,41.213713],[140.779242,41.214096],[140.779329,41.21423],[140.779542,41.21428],[140.779517,41.214546],[140.779379,41.214746],[140.779492,41.215579],[140.779492,41.215721],[140.779428,41.215988],[140.779379,41.216238],[140.779355,41.216409],[140.779354,41.216529],[140.779442,41.216713],[140.779654,41.216954],[140.779654,41.217163],[140.779742,41.217321],[140.779929,41.217429],[140.780154,41.217654],[140.780754,41.218038],[140.780841,41.218196],[140.780816,41.218238],[140.780454,41.218396],[140.780429,41.218621],[140.780429,41.219187],[140.780541,41.219371],[140.780891,41.219571],[140.781391,41.220179],[140.781666,41.220721],[140.781691,41.220854],[140.781854,41.221104],[140.782354,41.221554],[140.782516,41.221779],[140.782604,41.222362],[140.782604,41.222654],[140.782379,41.223154],[140.782266,41.223287],[140.782266,41.223579],[140.782354,41.22387],[140.782716,41.22437],[140.782766,41.224504],[140.782872,41.224678],[140.783016,41.224862],[140.783428,41.225337],[140.783453,41.225537],[140.783316,41.225695],[140.783203,41.225995],[140.783266,41.226195],[140.783428,41.226487],[140.783428,41.226753],[140.783266,41.227278],[140.783228,41.227637],[140.783316,41.227887],[140.783753,41.228445],[140.784003,41.228945],[140.784003,41.229053],[140.783891,41.229278],[140.783953,41.229411],[140.784166,41.22962],[140.784778,41.23002],[140.784941,41.230228],[140.785053,41.230428],[140.785061,41.230579],[140.785078,41.230703],[140.785128,41.230945],[140.784966,41.231236],[140.784778,41.23147],[140.784682,41.231592],[140.784503,41.231853],[140.784503,41.232119],[140.784615,41.232319],[140.78489,41.232478],[140.78524,41.232569],[140.785328,41.232661],[140.78544,41.233044],[140.785353,41.233719],[140.78524,41.233878],[140.785078,41.233944],[140.784803,41.233878],[140.78464,41.233761],[140.784553,41.233786],[140.784503,41.233944],[140.784553,41.234128],[140.785328,41.234278],[140.785415,41.234486],[140.78544,41.235094],[140.785278,41.235586],[140.785103,41.235886],[140.784615,41.236377],[140.784537,41.236616],[140.784503,41.236961],[140.784415,41.237102],[140.784203,41.237236],[140.783978,41.237277],[140.78384,41.237369],[140.783865,41.237461],[140.784003,41.237644],[140.78404,41.237727],[140.783978,41.237802],[140.783703,41.237977],[140.783628,41.238002],[140.783378,41.23796],[140.783353,41.238002],[140.783403,41.238227],[140.783628,41.238344],[140.784115,41.238319],[140.78434,41.238335],[140.784503,41.23856],[140.78459,41.238835],[140.784615,41.239577],[140.784528,41.23996],[140.78439,41.240344],[140.78404,41.240885],[140.78374,41.241227],[140.783378,41.241543],[140.78294,41.241835],[140.78214,41.242218],[140.781915,41.242377],[140.781865,41.242643],[140.782074,41.243207],[140.78209,41.243751],[140.781928,41.244043],[140.781703,41.244293],[140.781565,41.24461],[140.78154,41.24501],[140.78159,41.245685],[140.781565,41.246518],[140.781403,41.246751],[140.780878,41.247134],[140.78079,41.247334],[140.780765,41.247693],[140.780714,41.247826],[140.780603,41.247901],[140.78044,41.247876],[140.780328,41.247901],[140.78022,41.248141],[140.780191,41.248721],[140.779865,41.249451],[140.779753,41.249742],[140.779703,41.250176],[140.779778,41.251167],[140.779865,41.251392],[140.77994,41.251951],[140.77994,41.252359],[140.779865,41.252567],[140.779803,41.252625],[140.779653,41.252775],[140.77964,41.252875],[140.779678,41.253025],[140.779965,41.253517],[140.780077,41.253584],[140.780627,41.253709],[140.781465,41.25365],[140.781827,41.2537],[140.782127,41.253592],[140.78269,41.253734],[140.783015,41.253934],[140.783377,41.2541],[140.78409,41.2546],[140.784315,41.254809],[140.784527,41.2552],[140.78454,41.255484],[140.784577,41.255575],[140.785077,41.25575],[140.785252,41.255992],[140.785314,41.256183],[140.785264,41.25635],[140.785139,41.256517],[140.785177,41.256642],[140.785327,41.256775],[140.785227,41.257367],[140.785277,41.257642],[140.785227,41.257983],[140.785339,41.258667],[140.785314,41.259016],[140.785677,41.259566],[140.785752,41.259908],[140.785752,41.260316],[140.785652,41.26095],[140.785564,41.261233],[140.785652,41.261508],[140.786114,41.261883],[140.786814,41.262274],[140.787157,41.262463],[140.787464,41.262691],[140.787739,41.263174],[140.787964,41.263474],[140.787976,41.264141],[140.788151,41.264441],[140.788826,41.264949],[140.788976,41.265157],[140.788989,41.265349],[140.788901,41.265407],[140.788701,41.265349],[140.788464,41.265324],[140.788389,41.265374],[140.788439,41.265574],[140.788626,41.265766],[140.789101,41.265991],[140.789339,41.266166],[140.789563,41.266874],[140.789813,41.267807],[140.789826,41.26799],[140.789776,41.26809],[140.789326,41.268107],[140.789026,41.268157],[140.789001,41.268315],[140.789088,41.268415],[140.789651,41.26844],[140.789876,41.268474],[140.789951,41.268515],[140.790326,41.268907],[140.790338,41.269057],[140.790201,41.269174],[140.789813,41.26924],[140.789651,41.269349],[140.789676,41.269557],[140.789863,41.269932],[140.790101,41.270207],[140.790413,41.270432],[140.790525,41.270482],[140.790838,41.270523],[140.791075,41.270623],[140.791375,41.27094],[140.791463,41.271207],[140.791425,41.271457],[140.790988,41.272107],[140.790813,41.272423],[140.790425,41.27299],[140.790125,41.273781],[140.79005,41.273765],[140.789838,41.273348],[140.789738,41.273431],[140.7897,41.27354],[140.789738,41.27369],[140.789938,41.273998],[140.7899,41.27409],[140.789713,41.27414],[140.789525,41.274123],[140.7894,41.27419],[140.789438,41.274356],[140.789825,41.274665],[140.789896,41.274821],[140.789863,41.274915],[140.789538,41.27479],[140.789375,41.274773],[140.78935,41.274831],[140.789513,41.275048],[140.789763,41.275098],[140.790063,41.275081],[140.790375,41.274956],[140.790663,41.274898],[140.791337,41.275181],[140.791437,41.27529],[140.791387,41.275448],[140.791512,41.275606],[140.7917,41.275664],[140.791775,41.275731],[140.791687,41.275864],[140.79145,41.275948],[140.7914,41.276014],[140.791612,41.276131],[140.791937,41.276156],[140.79255,41.276314],[140.79285,41.276531],[140.794562,41.278206],[140.794662,41.278272],[140.794899,41.278314],[140.795724,41.279056],[140.795724,41.279389],[140.795199,41.279831],[140.795087,41.280064],[140.795099,41.280706],[140.795174,41.281031],[140.795324,41.281281],[140.795293,41.281628],[140.795036,41.281947],[140.794836,41.282205],[140.794849,41.282489],[140.794999,41.282805],[140.795461,41.283372],[140.795499,41.283547],[140.795424,41.283705],[140.795399,41.283922],[140.795499,41.284097],[140.795686,41.284139],[140.795861,41.284239],[140.796061,41.284464],[140.796299,41.284547],[140.796536,41.28443],[140.796699,41.284422],[140.797148,41.284822],[140.797273,41.285047],[140.797273,41.285472],[140.797336,41.285788],[140.797611,41.286247],[140.797861,41.286555],[140.797773,41.286763],[140.797361,41.287238],[140.796836,41.287638],[140.796823,41.287697],[140.796873,41.287863],[140.797073,41.288072],[140.797323,41.288205],[140.797635,41.288521],[140.797836,41.288946],[140.797948,41.289446],[140.797898,41.289955],[140.798023,41.290413],[140.79796,41.291421],[140.798035,41.291738],[140.798323,41.29218],[140.798648,41.292405],[140.798798,41.292471],[140.799085,41.292538],[140.799212,41.292416],[140.799223,41.292163],[140.800098,41.29203],[140.800723,41.291921],[140.800893,41.29184],[140.801181,41.291848],[140.801635,41.292055],[140.801835,41.292221],[140.801973,41.292413],[140.802022,41.292663],[140.80196,41.292829],[140.801722,41.293113],[140.801447,41.293354],[140.80121,41.293513],[140.800685,41.293696],[140.800648,41.293738],[140.800648,41.293904],[140.800722,41.294063],[140.800885,41.294188],[140.800897,41.294288],[140.800572,41.294138],[140.800335,41.294121],[140.800073,41.294313],[140.799773,41.294871],[140.799385,41.295846],[140.799072,41.296335],[140.79876,41.296904],[140.798472,41.297171],[140.79836,41.297371],[140.798372,41.297788],[140.798272,41.297979],[140.798247,41.298171],[140.79831,41.298479],[140.798371,41.298804],[140.798372,41.298946],[140.798372,41.299087],[140.798572,41.299204],[140.798872,41.299287],[140.798997,41.299279],[140.799747,41.299054],[140.799897,41.299029],[140.799997,41.299112],[140.80001,41.299246],[140.799772,41.299396],[140.79911,41.299512],[140.79891,41.299646],[140.798772,41.300046],[140.79876,41.300471],[140.79891,41.301021],[140.798847,41.301312],[140.798922,41.301546],[140.799122,41.301762],[140.799497,41.301954],[140.799629,41.302071],[140.799722,41.302312],[140.800034,41.302521],[140.800334,41.302646],[140.800672,41.302712],[140.800947,41.302696],[140.801109,41.302629],[140.801284,41.302596],[140.801584,41.302812],[140.801997,41.302837],[140.802122,41.302904],[140.802247,41.303112],[140.802272,41.303279],[140.802109,41.303471],[140.801709,41.303471],[140.801347,41.303512],[140.800309,41.303745],[140.799947,41.303687],[140.799884,41.303812],[140.799934,41.304045],[140.800547,41.304979],[140.800897,41.305404],[140.801184,41.305645],[140.801334,41.30587],[140.801497,41.306529],[140.801596,41.306804],[140.801921,41.307162],[140.802546,41.30802],[140.802959,41.308529],[140.803471,41.309429],[140.803546,41.310087],[140.803484,41.310178],[140.803443,41.310288],[140.803396,41.310403],[140.803784,41.310637],[140.803834,41.310695],[140.803809,41.31072],[140.803621,41.310695],[140.803459,41.310553],[140.803346,41.310512],[140.803271,41.310728],[140.803321,41.310845],[140.803409,41.31092],[140.803384,41.31102],[140.803471,41.311187],[140.803546,41.31122],[140.803821,41.31117],[140.804071,41.311187],[140.804183,41.311403],[140.804121,41.311528],[140.803996,41.311612],[140.803821,41.311603],[140.803446,41.311512],[140.803359,41.311603],[140.803446,41.311803],[140.803721,41.311928],[140.804046,41.311945],[140.804771,41.311753],[140.805058,41.311853],[140.805321,41.31212],[140.805608,41.312528],[140.805908,41.313178],[140.806008,41.313753],[140.806158,41.314145],[140.806096,41.31427],[140.805621,41.314603],[140.805258,41.314903],[140.805158,41.315162],[140.805046,41.316378],[140.804921,41.316745],[140.804508,41.31717],[140.803833,41.317695],[140.803058,41.318045],[140.802733,41.318303],[140.802533,41.318653],[140.802446,41.319178],[140.802183,41.319378],[140.801921,41.319436],[140.801721,41.31922],[140.801558,41.319203],[140.801521,41.319286],[140.801571,41.319595],[140.801521,41.319595],[140.801033,41.319186],[140.800533,41.319478],[140.800371,41.319636],[140.800371,41.319736],[140.800658,41.319886],[140.800671,41.319903],[140.800346,41.319895],[140.800021,41.31997],[140.799671,41.320136],[140.799533,41.32032],[140.799196,41.320569],[140.799033,41.320753],[140.798808,41.320878],[140.798696,41.321236],[140.798696,41.321444],[140.798883,41.321644],[140.799146,41.321703],[140.79922,41.321843],[140.799244,41.322],[140.799221,41.322094],[140.799146,41.322228],[140.799208,41.322369],[140.799483,41.322511],[140.800246,41.322653],[140.800458,41.322669],[140.800821,41.322386],[140.800958,41.322378],[140.801071,41.322644],[140.801221,41.322744],[140.801458,41.322711],[140.801596,41.322861],[140.801596,41.323044],[140.801696,41.323161],[140.801895,41.323194],[140.80237,41.323553],[140.80252,41.323611],[140.802858,41.323928],[140.802983,41.324153],[140.80337,41.324303],[140.803645,41.324644],[140.803845,41.325003],[140.80447,41.325911],[140.804695,41.326011],[140.804983,41.326011],[140.805261,41.326089],[140.805595,41.326336],[140.80602,41.326586],[140.806795,41.326861],[140.807057,41.327103],[140.807107,41.327219],[140.807057,41.327744],[140.806807,41.328069],[140.806395,41.328328],[140.805845,41.328519],[140.804895,41.328569],[140.80442,41.328494],[140.80372,41.328219],[140.803645,41.328152],[140.802645,41.328177],[140.801995,41.327802],[140.801858,41.327861],[140.801958,41.328052],[140.802108,41.328186],[140.802095,41.328252],[140.801895,41.328252],[140.801808,41.328186],[140.80172,41.328019],[140.801458,41.327761],[140.80122,41.327669],[140.801033,41.327727],[140.80092,41.327902],[140.800995,41.328111],[140.801158,41.328286],[140.801633,41.328544],[140.801658,41.328786],[140.802233,41.329044],[140.802733,41.329202],[140.80292,41.329202],[140.803208,41.329336],[140.803395,41.329561],[140.803558,41.329886],[140.803745,41.330144],[140.80402,41.330344],[140.80412,41.330494],[140.803983,41.330577],[140.80397,41.330644],[140.804183,41.330802],[140.804732,41.331011],[140.805107,41.331177],[140.80517,41.331436],[140.805095,41.331636],[140.804795,41.331811],[140.80467,41.331961],[140.804757,41.332186],[140.804957,41.332311],[140.805182,41.332319],[140.805607,41.332444],[140.806032,41.332927],[140.806282,41.333027],[140.806607,41.332994],[140.806882,41.333044],[140.807032,41.333144],[140.807107,41.333386],[140.80732,41.333569],[140.807532,41.333611],[140.807732,41.333502],[140.80792,41.333486],[140.808345,41.333602],[140.809095,41.333752],[140.810332,41.333952],[140.810869,41.334077],[140.811557,41.334286],[140.812607,41.334827],[140.813282,41.335211],[140.814307,41.335952],[140.814519,41.336219],[140.814694,41.336619],[140.814919,41.336902],[140.815232,41.337119],[140.815507,41.337369],[140.816082,41.338085],[140.816632,41.339019],[140.816756,41.339544],[140.816794,41.341644],[140.817069,41.342119],[140.817594,41.342519],[140.818831,41.343335],[140.819144,41.343752],[140.819356,41.344327],[140.819719,41.34511],[140.820106,41.345802],[140.820306,41.34626],[140.820543,41.34821],[140.820518,41.34856],[140.820631,41.34886],[140.820818,41.349818],[140.820868,41.351335],[140.820693,41.351685],[140.820881,41.351968],[140.821168,41.352193],[140.822018,41.353426],[140.822356,41.354093],[140.822681,41.354843],[140.823168,41.356526],[140.823293,41.357817],[140.823418,41.358659],[140.823643,41.3591],[140.823643,41.359984],[140.82368,41.360684],[140.82388,41.361275],[140.82418,41.361875],[140.824443,41.362958],[140.824505,41.363817],[140.824668,41.364425],[140.82463,41.365033],[140.824443,41.365458],[140.824543,41.365558],[140.824805,41.36565],[140.824868,41.365866],[140.82463,41.366725],[140.824843,41.367374],[140.824943,41.367841],[140.824818,41.368383],[140.824705,41.368541],[140.824468,41.368716],[140.824243,41.368749],[140.824143,41.368916],[140.824255,41.369216],[140.824518,41.369449],[140.824818,41.369449],[140.824905,41.369416],[140.825105,41.369433],[140.825355,41.369616],[140.825555,41.369708],[140.825643,41.369916],[140.825743,41.370032],[140.82588,41.370007],[140.825918,41.369849],[140.825905,41.369741],[140.826118,41.369683],[140.826568,41.369741],[140.82703,41.369933],[140.82733,41.370116],[140.827405,41.370199],[140.827518,41.370499],[140.827543,41.370932],[140.82748,41.371166],[140.827368,41.372791],[140.82728,41.373015],[140.826955,41.373524],[140.826993,41.374074],[140.827892,41.375623],[140.827967,41.375882],[140.827905,41.376582],[140.82803,41.378307],[140.827842,41.378856],[140.827717,41.37959],[140.827642,41.380606],[140.82763,41.381273],[140.82743,41.382114],[140.827255,41.382456],[140.826842,41.382531],[140.826817,41.382748],[140.826917,41.383081],[140.827317,41.383514],[140.827205,41.384164],[140.82733,41.384323],[140.827605,41.384339],[140.827605,41.384406],[140.827355,41.384798],[140.827292,41.385497],[140.827105,41.386547],[140.827142,41.386747],[140.82738,41.387339],[140.827492,41.388047],[140.827442,41.388189],[140.827467,41.388839],[140.82763,41.389514],[140.828105,41.390597],[140.828492,41.390997],[140.82878,41.391505],[140.828992,41.392789],[140.82918,41.39348],[140.829142,41.393963],[140.829342,41.39428],[140.830492,41.395113],[140.830817,41.395388],[140.830779,41.395488],[140.830254,41.395913],[140.830229,41.396005],[140.830442,41.396005],[140.831004,41.395872],[140.831054,41.395888],[140.831379,41.396438],[140.831442,41.39673],[140.831292,41.397555],[140.831079,41.397813],[140.830554,41.397855],[140.830379,41.398013],[140.830454,41.39818],[140.830704,41.398346],[140.830917,41.398238],[140.831229,41.39833],[140.831417,41.398321],[140.831842,41.398463],[140.832254,41.398746],[140.832579,41.399038],[140.832942,41.399488],[140.833167,41.399963],[140.833304,41.400955],[140.833179,41.401263],[140.833229,41.401563],[140.833104,41.402704],[140.832792,41.403146],[140.832717,41.403338],[140.832992,41.403429],[140.833479,41.404354],[140.833329,41.404846],[140.833079,41.405038],[140.832967,41.405071],[140.832604,41.405321],[140.832867,41.405388],[140.833404,41.405454],[140.835579,41.405996],[140.836029,41.406254],[140.836266,41.406721],[140.836191,41.406921],[140.836066,41.407079],[140.836016,41.407212],[140.836241,41.408154],[140.836179,41.408487],[140.836016,41.408796],[140.835929,41.408854],[140.835829,41.409246],[140.835841,41.409546],[140.836429,41.409871],[140.836566,41.409996],[140.836416,41.410321],[140.836329,41.410395],[140.835791,41.410462],[140.835504,41.410437],[140.835504,41.410687],[140.835666,41.410954],[140.835854,41.410945],[140.836066,41.410979],[140.836129,41.410945],[140.836379,41.410912],[140.836616,41.411029],[140.836679,41.411162],[140.837366,41.41147],[140.837557,41.41159],[140.837704,41.411745],[140.837841,41.411945],[140.838679,41.412754],[140.838791,41.412954],[140.838929,41.413629],[140.838829,41.413879],[140.838441,41.413954],[140.838166,41.414104],[140.837379,41.414129],[140.837284,41.414128],[140.837129,41.414179],[140.836979,41.414387],[140.837004,41.414528],[140.837129,41.414662],[140.837204,41.414878],[140.837541,41.415162],[140.837491,41.415237],[140.836991,41.415495],[140.836854,41.415453],[140.836666,41.415462],[140.836291,41.41527],[140.835979,41.415178],[140.835826,41.4152],[140.835709,41.415259],[140.835541,41.415362],[140.835366,41.415545],[140.835307,41.41559],[140.835266,41.41567],[140.835179,41.415887],[140.835629,41.41637],[140.835641,41.416637],[140.835766,41.416845],[140.836029,41.416837],[140.836129,41.417012],[140.836816,41.41707],[140.837154,41.41702],[140.837291,41.417203],[140.837504,41.417237],[140.837616,41.417187],[140.837641,41.417145],[140.837991,41.417295],[140.838229,41.417328],[140.838341,41.417453],[140.838391,41.41772],[140.838391,41.41812],[140.838029,41.418678],[140.837716,41.418911],[140.837229,41.418961],[140.837129,41.419078],[140.837154,41.419153],[140.837704,41.419278],[140.837816,41.419603],[140.837716,41.41997],[140.837554,41.420128],[140.837554,41.420228],[140.837691,41.420345],[140.837866,41.42037],[140.838091,41.420286],[140.838366,41.420095],[140.838679,41.419928],[140.839491,41.419803],[140.839704,41.419845],[140.840116,41.419678],[140.840129,41.41962],[140.840241,41.419536],[140.840666,41.41947],[140.841878,41.419428],[140.843028,41.419528],[140.843878,41.419803],[140.844691,41.420345],[140.846016,41.420653],[140.847216,41.420695],[140.847441,41.420911],[140.848015,41.421728],[140.848253,41.42177],[140.84849,41.42172],[140.848778,41.421911],[140.849103,41.422236],[140.84949,41.422861],[140.849678,41.423528],[140.84955,41.423642],[140.849403,41.423736],[140.84924,41.423778],[140.84909,41.423928],[140.84934,41.424145],[140.849728,41.42412],[140.849878,41.424195],[140.849978,41.42437],[140.849803,41.42447],[140.84949,41.424553],[140.849078,41.424786],[140.849478,41.425553],[140.849753,41.425778],[140.84994,41.425669],[140.850378,41.425628],[140.850565,41.425669],[140.85109,41.426086],[140.851353,41.426478],[140.85164,41.427378],[140.85209,41.428161],[140.852115,41.428519],[140.852228,41.428903],[140.85259,41.429819],[140.852903,41.430177],[140.85349,41.431086],[140.85389,41.431369],[140.85439,41.431494],[140.854952,41.431769],[140.85469,41.432169],[140.85414,41.433069],[140.854253,41.433111],[140.854774,41.433232],[140.85554,41.433561],[140.856133,41.433848],[140.856865,41.433952],[140.856927,41.433702],[140.856815,41.433661],[140.855702,41.433452],[140.854852,41.432986],[140.854602,41.432894],[140.854577,41.432594],[140.85484,41.432236],[140.85529,41.431944],[140.85704,41.432586],[140.857626,41.432618],[140.85794,41.432527],[140.858165,41.432477],[140.85864,41.432486],[140.859102,41.432711],[140.859802,41.433061],[140.86064,41.433077],[140.860977,41.432869],[140.861565,41.432811],[140.862115,41.432894],[140.861965,41.433219],[140.862065,41.433277],[140.86229,41.432927],[140.862565,41.432894],[140.862939,41.433044],[140.863077,41.433144],[140.863514,41.433352],[140.863914,41.433452],[140.864027,41.433561],[140.864264,41.433994],[140.864752,41.434644],[140.864977,41.435377],[140.864977,41.435711],[140.865202,41.435986],[140.865452,41.436019],[140.865864,41.435677],[140.865977,41.435661],[140.866389,41.435869],[140.866614,41.436361],[140.866677,41.437111],[140.866439,41.437835],[140.866414,41.43831],[140.865964,41.439369],[140.866139,41.439777],[140.866577,41.440252],[140.866827,41.440869],[140.866814,41.44176],[140.867364,41.442685],[140.867214,41.443027],[140.866939,41.443218],[140.866777,41.443477],[140.866527,41.444118],[140.866239,41.445376],[140.866007,41.445402],[140.865816,41.445367],[140.865623,41.445382],[140.865613,41.445588],[140.865564,41.445643],[140.865377,41.445593],[140.865252,41.44561],[140.865214,41.445893],[140.865302,41.44601],[140.866114,41.446076],[140.866114,41.446376],[140.866239,41.446726],[140.866664,41.447035],[140.866927,41.447351],[140.867589,41.44826],[140.867902,41.448551],[140.868414,41.448751],[140.868914,41.448901],[140.869364,41.449076],[140.869627,41.449234],[140.870727,41.450209],[140.871252,41.450526],[140.871396,41.450618],[140.871739,41.450518],[140.871989,41.450359],[140.872207,41.450214],[140.872639,41.450126],[140.873164,41.450176],[140.873939,41.450443],[140.874564,41.450784],[140.875252,41.451368],[140.875527,41.451634],[140.875452,41.451684],[140.875314,41.451859],[140.875339,41.451951],[140.875502,41.451976],[140.875752,41.451859],[140.876189,41.451926],[140.876739,41.452084],[140.877539,41.452268],[140.877751,41.452376],[140.878464,41.452901],[140.878914,41.453167],[140.879076,41.453301],[140.879351,41.453734],[140.879564,41.454384],[140.879601,41.454767],[140.879564,41.455309],[140.879326,41.456075],[140.879151,41.45625],[140.878989,41.456325],[140.878526,41.456434],[140.878114,41.456459],[140.877477,41.456592],[140.877589,41.456934],[140.878089,41.457517],[140.878601,41.458392],[140.878801,41.458642],[140.878876,41.459817],[140.879101,41.460242],[140.879539,41.460625],[140.879676,41.460692],[140.879976,41.460917],[140.880314,41.46155],[140.880526,41.461841],[140.880701,41.461933],[140.881601,41.462675],[140.881626,41.462966],[140.881739,41.463083],[140.881939,41.463308],[140.882126,41.4634],[140.882489,41.463708],[140.883089,41.464433],[140.883451,41.464816],[140.883501,41.465133],[140.883652,41.465366],[140.883889,41.465624],[140.884164,41.465824],[140.884348,41.466076],[140.884414,41.466208],[140.884576,41.466549],[140.885014,41.467183],[140.884989,41.467499],[140.884789,41.467791],[140.884301,41.467924],[140.882789,41.467857],[140.882239,41.468016],[140.882101,41.468132],[140.882151,41.468199],[140.882539,41.468266],[140.882676,41.468332],[140.882701,41.468399],[140.882539,41.468399],[140.882126,41.468307],[140.882101,41.468424],[140.883114,41.468824],[140.884076,41.469274],[140.884439,41.469341],[140.885176,41.469391],[140.885789,41.469566],[140.886015,41.469635],[140.886301,41.469749],[140.886446,41.469825],[140.886639,41.469949],[140.887514,41.470016],[140.888176,41.470016],[140.888776,41.470057],[140.888914,41.469974],[140.889001,41.469766],[140.889389,41.469699],[140.889876,41.469791],[140.890076,41.469924],[140.890289,41.470282],[140.890314,41.470807],[140.890101,41.471207],[140.890076,41.471707],[140.890176,41.47184],[140.890514,41.471932],[140.891001,41.471932],[140.891176,41.472174],[140.891551,41.472582],[140.892326,41.473232],[140.893288,41.47384],[140.893788,41.473957],[140.894163,41.473998],[140.894251,41.47429],[140.894088,41.474315],[140.893751,41.474432],[140.893676,41.474498]]]},"properties":{"id":"K31","pref":"岩手県,青森県","id_url":"K31.html","yomi":"むつ","number":9,"name":"陸奥"},"type":"Feature"}]}