{"type":"FeatureCollection","features":[{"type":"Feature","properties":{"yomi":"えちご","id_url":"K39.html","name":"越後","number":15,"pref":"新潟県","id":"K39"},"geometry":{"coordinates":[[[139.548065,38.553094],[139.548403,38.553294],[139.54889,38.553519],[139.549328,38.553586],[139.549828,38.553386],[139.550078,38.553252],[139.550728,38.552644],[139.55134,38.552011],[139.55139,38.551828],[139.55139,38.551219],[139.551503,38.550836],[139.551778,38.550544],[139.551915,38.550228],[139.55169,38.550044],[139.55169,38.549936],[139.55194,38.549686],[139.552465,38.549436],[139.552628,38.549303],[139.55249,38.548878],[139.552165,38.548378],[139.552128,38.548061],[139.552165,38.547911],[139.552378,38.547728],[139.55274,38.547661],[139.55364,38.547745],[139.554303,38.547678],[139.554628,38.54752],[139.555765,38.548061],[139.556527,38.54822],[139.556615,38.54797],[139.556778,38.547137],[139.556778,38.546145],[139.556553,38.545354],[139.556853,38.545245],[139.557852,38.545379],[139.558452,38.545404],[139.55939,38.545129],[139.559527,38.544812],[139.55939,38.543779],[139.559465,38.543645],[139.560377,38.543212],[139.560565,38.543054],[139.56164,38.542871],[139.562627,38.542762],[139.562852,38.542804],[139.56359,38.543254],[139.564227,38.543437],[139.564827,38.543054],[139.565264,38.542512],[139.566727,38.541587],[139.567514,38.540929],[139.568314,38.540571],[139.569302,38.539713],[139.569527,38.539288],[139.569902,38.538946],[139.570789,38.538654],[139.571527,38.538496],[139.572414,38.538721],[139.573176,38.539079],[139.573789,38.539013],[139.574551,38.538963],[139.575351,38.538854],[139.577076,38.539546],[139.577714,38.539188],[139.578039,38.538579],[139.578564,38.538063],[139.579063,38.53768],[139.579001,38.536955],[139.579738,38.536755],[139.580076,38.536621],[139.580788,38.536163],[139.581226,38.535488],[139.581451,38.53488],[139.581451,38.534138],[139.581388,38.533438],[139.581526,38.533105],[139.581988,38.532788],[139.582676,38.532488],[139.583401,38.53258],[139.584213,38.532538],[139.584413,38.532472],[139.585076,38.53278],[139.585726,38.532913],[139.586276,38.532605],[139.586501,38.532513],[139.587188,38.532305],[139.588063,38.531605],[139.588013,38.530889],[139.588038,38.53053],[139.590125,38.529422],[139.590725,38.529014],[139.591225,38.528789],[139.592075,38.528697],[139.592763,38.528522],[139.593288,38.528155],[139.593888,38.527822],[139.594625,38.527456],[139.595313,38.527006],[139.595538,38.526489],[139.595588,38.525789],[139.5957,38.525456],[139.596275,38.525181],[139.597038,38.524931],[139.5974,38.524481],[139.597588,38.523989],[139.598275,38.523514],[139.598663,38.523081],[139.599563,38.52209],[139.59995,38.521931],[139.600525,38.522298],[139.601462,38.522406],[139.602237,38.522765],[139.602925,38.522948],[139.6035,38.523281],[139.604437,38.523506],[139.605312,38.523481],[139.605725,38.523773],[139.606712,38.524315],[139.607699,38.524723],[139.608224,38.524831],[139.608662,38.524723],[139.609299,38.524156],[139.609712,38.523931],[139.610312,38.523998],[139.611024,38.523931],[139.611712,38.524131],[139.612512,38.524806],[139.613424,38.525756],[139.613949,38.526223],[139.614637,38.525981],[139.615487,38.525798],[139.616499,38.52584],[139.617411,38.526065],[139.618061,38.526023],[139.618724,38.525865],[139.620049,38.525615],[139.621111,38.525473],[139.621611,38.52534],[139.621655,38.525393],[139.621936,38.524373],[139.622086,38.52409],[139.622611,38.523823],[139.623424,38.52329],[139.623586,38.523257],[139.624686,38.523157],[139.625086,38.523082],[139.626299,38.522357],[139.627049,38.522182],[139.628011,38.522307],[139.628986,38.52239],[139.630311,38.522315],[139.631023,38.52214],[139.631461,38.521824],[139.632173,38.519966],[139.632323,38.519324],[139.632336,38.519066],[139.632623,38.518707],[139.633998,38.518141],[139.634486,38.517707],[139.635561,38.516924],[139.636048,38.516424],[139.636648,38.515974],[139.636848,38.515708],[139.636686,38.515099],[139.636273,38.514224],[139.636111,38.513583],[139.636148,38.513183],[139.637161,38.512575],[139.637636,38.511941],[139.637748,38.51155],[139.638423,38.5114],[139.639223,38.511133],[139.640148,38.510917],[139.641498,38.510767],[139.642473,38.510625],[139.644685,38.510408],[139.645985,38.510433],[139.646872,38.510533],[139.647622,38.510392],[139.648985,38.509317],[139.64946,38.508592],[139.649672,38.508334],[139.65006,38.508009],[139.651697,38.507567],[139.652859,38.507125],[139.653809,38.507159],[139.655209,38.50775],[139.655497,38.507809],[139.655734,38.508159],[139.656234,38.508125],[139.657084,38.507801],[139.658096,38.507726],[139.659234,38.507334],[139.659796,38.507684],[139.660734,38.508076],[139.662084,38.508501],[139.662521,38.508451],[139.663346,38.508451],[139.664071,38.508576],[139.664846,38.508192],[139.665796,38.507243],[139.666146,38.507001],[139.667046,38.506651],[139.667883,38.506784],[139.668671,38.506826],[139.669346,38.506601],[139.670508,38.506693],[139.671783,38.506676],[139.674483,38.506551],[139.675183,38.506218],[139.675545,38.505951],[139.676545,38.505401],[139.677707,38.505293],[139.678807,38.505285],[139.67882,38.505268],[139.680382,38.505027],[139.681545,38.505218],[139.682507,38.505135],[139.683107,38.504968],[139.684107,38.505552],[139.685219,38.505727],[139.685682,38.505743],[139.686507,38.506002],[139.687344,38.506068],[139.688219,38.506218],[139.689731,38.506402],[139.690644,38.506619],[139.692319,38.506744],[139.693119,38.506769],[139.694343,38.505577],[139.694918,38.505144],[139.695468,38.504444],[139.696031,38.503944],[139.696331,38.503794],[139.698106,38.503177],[139.698943,38.503169],[139.699718,38.503452],[139.700206,38.503502],[139.700531,38.503327],[139.700756,38.503053],[139.700781,38.502969],[139.700868,38.502911],[139.700831,38.502728],[139.701031,38.502328],[139.701593,38.501586],[139.701693,38.501311],[139.701906,38.500619],[139.702106,38.500186],[139.702131,38.499986],[139.702318,38.499603],[139.702243,38.499561],[139.702293,38.499403],[139.702418,38.49927],[139.702493,38.499245],[139.702768,38.499245],[139.703368,38.499386],[139.704018,38.499211],[139.704093,38.499236],[139.704418,38.499211],[139.704493,38.499236],[139.704793,38.499236],[139.705093,38.499328],[139.705368,38.499486],[139.705718,38.499736],[139.706018,38.499878],[139.706343,38.499853],[139.70743,38.499728],[139.70878,38.499561],[139.70923,38.499586],[139.70988,38.499545],[139.710455,38.499453],[139.712642,38.498795],[139.713305,38.498528],[139.713955,38.498328],[139.714355,38.498178],[139.71498,38.498087],[139.715405,38.498162],[139.715717,38.498162],[139.715967,38.498212],[139.717117,38.498287],[139.717292,38.498262],[139.717442,38.498103],[139.717542,38.497812],[139.717692,38.49752],[139.717842,38.497387],[139.718255,38.497187],[139.71933,38.496945],[139.719655,38.496812],[139.720992,38.49637],[139.721392,38.496354],[139.721517,38.496304],[139.721767,38.496287],[139.721742,38.496195],[139.721617,38.496062],[139.721317,38.495854],[139.721192,38.495695],[139.72108,38.495404],[139.72093,38.49522],[139.720805,38.494904],[139.720805,38.494795],[139.720355,38.493979],[139.720267,38.493662],[139.720342,38.493346],[139.720592,38.492896],[139.72068,38.492537],[139.720705,38.492379],[139.72098,38.492246],[139.72183,38.491954],[139.72243,38.491687],[139.722642,38.491646],[139.723342,38.491271],[139.723792,38.490954],[139.724105,38.490596],[139.72448,38.490421],[139.724655,38.490221],[139.724705,38.489996],[139.724755,38.489654],[139.725267,38.489138],[139.725317,38.488871],[139.725217,38.488646],[139.724917,38.488254],[139.724942,38.488146],[139.725105,38.488013],[139.725205,38.487721],[139.725255,38.487605],[139.725205,38.487563],[139.725305,38.487355],[139.725555,38.487088],[139.725667,38.486821],[139.725617,38.486571],[139.725492,38.486321],[139.725267,38.486005],[139.72503,38.485305],[139.72463,38.484738],[139.72438,38.48453],[139.72308,38.483963],[139.722705,38.483863],[139.722055,38.483813],[139.721655,38.483772],[139.721305,38.483655],[139.72113,38.483513],[139.720855,38.482863],[139.720568,38.482655],[139.720043,38.482513],[139.719655,38.482447],[139.719418,38.482313],[139.719243,38.482105],[139.719143,38.482038],[139.718718,38.48163],[139.718468,38.481422],[139.718293,38.481222],[139.718093,38.48108],[139.717768,38.480605],[139.717605,38.48038],[139.717405,38.480197],[139.717355,38.480088],[139.71678,38.479747],[139.71633,38.479247],[139.715855,38.479013],[139.715156,38.478855],[139.715031,38.478855],[139.714706,38.478963],[139.713568,38.479655],[139.713243,38.479738],[139.712943,38.479763],[139.712568,38.479555],[139.712393,38.479397],[139.712181,38.478113],[139.711931,38.477613],[139.711418,38.477022],[139.711468,38.476839],[139.711618,38.476614],[139.711943,38.47628],[139.712156,38.476055],[139.712231,38.475722],[139.712181,38.475264],[139.712181,38.474955],[139.712343,38.473822],[139.712231,38.472739],[139.712018,38.471839],[139.712593,38.471547],[139.712943,38.471347],[139.713168,38.471081],[139.713156,38.470473],[139.713231,38.469998],[139.713306,38.469814],[139.713593,38.469573],[139.714043,38.469464],[139.714243,38.469348],[139.714343,38.469081],[139.714393,38.468739],[139.714756,38.468181],[139.715556,38.467506],[139.715681,38.46744],[139.715943,38.467381],[139.716168,38.467265],[139.717168,38.466957],[139.718018,38.466715],[139.718118,38.466673],[139.718606,38.46654],[139.718681,38.466498],[139.718881,38.466448],[139.719081,38.46634],[139.719006,38.466248],[139.718431,38.465882],[139.717856,38.465657],[139.717131,38.465223],[139.716781,38.465057],[139.715669,38.464332],[139.715169,38.463715],[139.715069,38.463449],[139.715094,38.463065],[139.715406,38.46239],[139.715431,38.462165],[139.715244,38.461374],[139.715219,38.460949],[139.715294,38.460541],[139.715306,38.460024],[139.715131,38.459657],[139.715181,38.459274],[139.715331,38.458916],[139.715444,38.458441],[139.715569,38.458266],[139.715794,38.458108],[139.716469,38.457841],[139.716731,38.457666],[139.716956,38.457574],[139.717081,38.457391],[139.717231,38.457191],[139.717519,38.456425],[139.717594,38.456133],[139.717644,38.455575],[139.717607,38.455075],[139.717457,38.454533],[139.717457,38.454308],[139.717632,38.454017],[139.717994,38.453608],[139.718344,38.452892],[139.718557,38.452558],[139.719082,38.452084],[139.719207,38.452042],[139.719819,38.451484],[139.719994,38.4511],[139.720019,38.450759],[139.720044,38.450742],[139.719944,38.4506],[139.719444,38.450284],[139.719319,38.450167],[139.719107,38.449717],[139.719032,38.449401],[139.718307,38.448634],[139.717994,38.448151],[139.717744,38.447609],[139.717744,38.446909],[139.717882,38.446526],[139.717907,38.446284],[139.718057,38.445926],[139.718345,38.445409],[139.71837,38.445001],[139.718045,38.444235],[139.717882,38.443101],[139.71792,38.442335],[139.718057,38.440985],[139.718057,38.44071],[139.717907,38.440235],[139.71782,38.43956],[139.71787,38.439177],[139.718045,38.438752],[139.718432,38.438235],[139.718232,38.437602],[139.718108,38.43726],[139.718045,38.436994],[139.71782,38.436519],[139.716945,38.435769],[139.71682,38.435452],[139.716808,38.435269],[139.717008,38.434911],[139.717008,38.434727],[139.716833,38.434594],[139.716508,38.434202],[139.716483,38.434044],[139.71662,38.433827],[139.716745,38.433711],[139.716845,38.433511],[139.71687,38.433286],[139.71677,38.432853],[139.716645,38.432694],[139.716583,38.432336],[139.71697,38.431094],[139.717145,38.430803],[139.717345,38.430603],[139.717795,38.430428],[139.718208,38.43002],[139.718408,38.429686],[139.718458,38.429395],[139.718558,38.429036],[139.718595,38.42867],[139.718445,38.428445],[139.718246,38.428286],[139.718146,38.428103],[139.718246,38.427795],[139.718283,38.427112],[139.718008,38.426595],[139.717833,38.42637],[139.717733,38.426095],[139.717846,38.425737],[139.717971,38.425537],[139.717946,38.425153],[139.717733,38.424312],[139.717208,38.423637],[139.717033,38.423454],[139.716958,38.423404],[139.716783,38.423179],[139.716708,38.423045],[139.716946,38.422479],[139.717121,38.42217],[139.717221,38.421787],[139.717133,38.421287],[139.716983,38.421037],[139.716484,38.420945],[139.716409,38.420945],[139.715659,38.420737],[139.715309,38.42042],[139.715134,38.42012],[139.714984,38.419762],[139.714934,38.419587],[139.714996,38.419437],[139.715196,38.419171],[139.715396,38.418987],[139.715346,38.418629],[139.715121,38.418446],[139.714684,38.418337],[139.714509,38.418021],[139.714309,38.417462],[139.713934,38.416962],[139.713596,38.416871],[139.713134,38.415821],[139.712909,38.415438],[139.712509,38.415163],[139.712397,38.414763],[139.712359,38.414404],[139.711934,38.413904],[139.711847,38.413213],[139.712047,38.412829],[139.711897,38.412446],[139.711072,38.411863],[139.710472,38.411346],[139.709235,38.409863],[139.708485,38.409138],[139.70766,38.408621],[139.706397,38.40788],[139.705972,38.407588],[139.705485,38.407188],[139.705047,38.406472],[139.704735,38.405613],[139.704223,38.40438],[139.704048,38.403164],[139.70401,38.402372],[139.704135,38.401655],[139.70401,38.401164],[139.703635,38.400556],[139.703385,38.399789],[139.703698,38.398056],[139.704035,38.397156],[139.704498,38.396848],[139.704835,38.396531],[139.704898,38.396056],[139.704698,38.395723],[139.704373,38.395314],[139.704323,38.395023],[139.704686,38.394465],[139.704773,38.393698],[139.705036,38.392998],[139.705523,38.392531],[139.705998,38.391606],[139.709548,38.38744],[139.709773,38.386882],[139.710173,38.386632],[139.710598,38.38654],[139.711423,38.386632],[139.71226,38.386815],[139.713123,38.38764],[139.713748,38.38794],[139.714298,38.388432],[139.714748,38.389015],[139.715473,38.389624],[139.71641,38.390232],[139.717047,38.391107],[139.717647,38.39144],[139.718847,38.391957],[139.719222,38.392432],[139.719822,38.39279],[139.720709,38.393415],[139.721109,38.393848],[139.721372,38.394007],[139.722372,38.393982],[139.722859,38.39369],[139.723372,38.393173],[139.723709,38.392565],[139.724109,38.39209],[139.725197,38.391732],[139.725484,38.391707],[139.725659,38.391665],[139.725772,38.391524],[139.725684,38.39119],[139.725934,38.390715],[139.725972,38.390315],[139.725759,38.389616],[139.725509,38.389124],[139.725647,38.388624],[139.726197,38.387724],[139.726734,38.386624],[139.728272,38.384866],[139.729272,38.384641],[139.729509,38.384374],[139.729297,38.383725],[139.729334,38.383208],[139.730334,38.382175],[139.730672,38.381925],[139.731097,38.381425],[139.729297,38.379025],[139.729409,38.378525],[139.729347,38.378217],[139.729172,38.3779],[139.728922,38.377609],[139.728834,38.377134],[139.729284,38.376484],[139.729747,38.376075],[139.730122,38.375559],[139.730397,38.374776],[139.730572,38.374184],[139.730834,38.374009],[139.731459,38.373334],[139.732059,38.372076],[139.732197,38.371826],[139.732459,38.371601],[139.732934,38.371376],[139.734022,38.371243],[139.734397,38.371151],[139.734684,38.371018],[139.734772,38.370651],[139.735084,38.369868],[139.735484,38.369509],[139.736622,38.368785],[139.737222,38.368293],[139.737972,38.367843],[139.738772,38.36746],[139.739596,38.366918],[139.739821,38.366627],[139.740396,38.365502],[139.740734,38.365002],[139.741246,38.364827],[139.742109,38.364619],[139.742909,38.364669],[139.743484,38.364669],[139.743996,38.36446],[139.744396,38.364077],[139.744646,38.363702],[139.744934,38.36311],[139.745159,38.362935],[139.745959,38.362036],[139.746359,38.361744],[139.746667,38.361682],[139.746709,38.361644],[139.747159,38.361511],[139.748021,38.361136],[139.748496,38.360869],[139.748921,38.360511],[139.749308,38.360061],[139.749758,38.359728],[139.750408,38.359411],[139.751096,38.359169],[139.752271,38.358928],[139.752546,38.358911],[139.752946,38.359453],[139.753121,38.359611],[139.753746,38.359911],[139.754495,38.359778],[139.75562,38.359811],[139.756395,38.359928],[139.75722,38.360161],[139.759045,38.360719],[139.76097,38.361111],[139.76162,38.361028],[139.76212,38.360761],[139.763157,38.359911],[139.76442,38.359036],[139.76502,38.358753],[139.765607,38.35817],[139.765957,38.357695],[139.766295,38.35707],[139.76642,38.356437],[139.766707,38.356037],[139.767632,38.355453],[139.76847,38.355004],[139.76922,38.354562],[139.769457,38.354312],[139.769807,38.353754],[139.77032,38.353212],[139.770795,38.35302],[139.771244,38.353087],[139.771694,38.353245],[139.773244,38.353687],[139.774044,38.353987],[139.774844,38.354062],[139.775469,38.35382],[139.776069,38.353462],[139.776832,38.353287],[139.777231,38.353446],[139.777706,38.353562],[139.778144,38.353812],[139.778469,38.353796],[139.778856,38.353504],[139.779306,38.353212],[139.780031,38.353037],[139.780944,38.352929],[139.782219,38.352712],[139.783369,38.352946],[139.784318,38.352954],[139.785193,38.352779],[139.785418,38.352763],[139.785556,38.352404],[139.785831,38.352088],[139.788043,38.351379],[139.788743,38.351071],[139.789018,38.350913],[139.789256,38.350305],[139.789568,38.349113],[139.789668,38.348771],[139.789768,38.348821],[139.790943,38.348872],[139.791043,38.348897],[139.791693,38.349463],[139.792918,38.349721],[139.793446,38.350115],[139.793493,38.35015],[139.794205,38.35068],[139.795205,38.351046],[139.796405,38.351396],[139.798305,38.35168],[139.79888,38.35198],[139.800105,38.352913],[139.80063,38.353363],[139.801092,38.353596],[139.801567,38.353755],[139.802017,38.354163],[139.802842,38.354713],[139.803717,38.355146],[139.804567,38.355021],[139.805417,38.354688],[139.806067,38.35483],[139.806704,38.354855],[139.807879,38.354996],[139.808704,38.355321],[139.809716,38.355596],[139.810829,38.355713],[139.812203,38.355571],[139.812953,38.355413],[139.813878,38.355446],[139.814678,38.355655],[139.815403,38.355705],[139.816178,38.35603],[139.816628,38.355963],[139.816866,38.35558],[139.817316,38.355155],[139.817778,38.354613],[139.818128,38.354097],[139.818328,38.353605],[139.818616,38.353113],[139.81909,38.352572],[139.819528,38.352172],[139.820453,38.351747],[139.821478,38.351489],[139.822265,38.35138],[139.82304,38.351072],[139.823778,38.350556],[139.824453,38.350406],[139.825053,38.350364],[139.825702,38.350414],[139.825877,38.350456],[139.825977,38.350281],[139.825627,38.349914],[139.82559,38.349572],[139.825665,38.349031],[139.826252,38.348048],[139.826303,38.347506],[139.826815,38.346039],[139.826953,38.345273],[139.827503,38.344873],[139.828415,38.344523],[139.829115,38.344348],[139.829915,38.344215],[139.830415,38.344265],[139.83144,38.344273],[139.832802,38.34419],[139.834077,38.344065],[139.836502,38.34399],[139.837039,38.343881],[139.838039,38.343123],[139.838439,38.343015],[139.839477,38.343023],[139.840502,38.343207],[139.843151,38.343315],[139.844326,38.343323],[139.845326,38.343423],[139.846076,38.343315],[139.847614,38.34299],[139.848488,38.342948],[139.848888,38.342973],[139.848788,38.342707],[139.848526,38.342165],[139.848051,38.341507],[139.847851,38.34114],[139.847939,38.34049],[139.848089,38.339924],[139.848039,38.339565],[139.847651,38.338682],[139.847201,38.338299],[139.847176,38.337891],[139.847414,38.337399],[139.847539,38.336807],[139.847739,38.336607],[139.848001,38.336449],[139.848176,38.336366],[139.848289,38.336266],[139.848314,38.336174],[139.849001,38.335658],[139.849764,38.335199],[139.850239,38.334966],[139.850651,38.334716],[139.851513,38.333941],[139.852126,38.333641],[139.852388,38.33315],[139.852663,38.33285],[139.853138,38.332891],[139.853501,38.333],[139.854363,38.333083],[139.855276,38.3329],[139.855938,38.332741],[139.856088,38.33265],[139.856588,38.332442],[139.856913,38.332167],[139.857088,38.331717],[139.857401,38.331258],[139.858001,38.330825],[139.858413,38.330458],[139.858913,38.3301],[139.860126,38.3295],[139.860863,38.3292],[139.861875,38.328584],[139.862425,38.32745],[139.862725,38.327201],[139.86305,38.327042],[139.863913,38.326926],[139.864263,38.326759],[139.864675,38.326351],[139.865025,38.326076],[139.8653,38.325692],[139.865438,38.325309],[139.865638,38.324992],[139.865775,38.323951],[139.86575,38.323526],[139.865775,38.323251],[139.866013,38.323093],[139.8663,38.322976],[139.866425,38.322818],[139.8665,38.322184],[139.866713,38.321776],[139.867,38.321485],[139.867738,38.320893],[139.868713,38.320435],[139.869225,38.320243],[139.869963,38.319901],[139.870113,38.319651],[139.8702,38.319335],[139.870338,38.319068],[139.870988,38.31861],[139.871613,38.318127],[139.871913,38.31791],[139.872738,38.31751],[139.873225,38.317327],[139.873838,38.317152],[139.874663,38.31686],[139.874888,38.316794],[139.875063,38.316702],[139.874975,38.316319],[139.875038,38.315535],[139.875338,38.314719],[139.875775,38.313802],[139.876163,38.313327],[139.87645,38.313077],[139.876663,38.312786],[139.876638,38.311886],[139.876725,38.311303],[139.876675,38.310469],[139.876788,38.309928],[139.87705,38.309528],[139.87755,38.309095],[139.877788,38.30847],[139.878438,38.307411],[139.878575,38.307236],[139.878876,38.306645],[139.879138,38.305612],[139.879238,38.30422],[139.879438,38.303454],[139.879888,38.303045],[139.880576,38.302779],[139.882588,38.302245],[139.883413,38.302204],[139.884713,38.302071],[139.885063,38.301979],[139.88585,38.301537],[139.886813,38.301196],[139.887575,38.301087],[139.888275,38.300862],[139.888513,38.300712],[139.888975,38.300054],[139.889188,38.299654],[139.889475,38.299313],[139.890288,38.298821],[139.891137,38.298488],[139.8924,38.297771],[139.894962,38.295705],[139.8957,38.295305],[139.897212,38.294246],[139.898412,38.293488],[139.898825,38.29313],[139.89865,38.29223],[139.898625,38.291505],[139.89865,38.291172],[139.8988,38.290605],[139.899037,38.29013],[139.898987,38.289664],[139.898987,38.289005],[139.899188,38.288397],[139.899512,38.287931],[139.899688,38.287547],[139.8996,38.287047],[139.899225,38.286531],[139.898888,38.285897],[139.8988,38.285156],[139.898888,38.284414],[139.898838,38.283806],[139.898288,38.282681],[139.898201,38.282073],[139.898176,38.281015],[139.898126,38.280406],[139.897951,38.279865],[139.897926,38.27939],[139.897963,38.278848],[139.897876,38.278373],[139.897938,38.277723],[139.898113,38.277565],[139.898876,38.276623],[139.899538,38.27604],[139.899926,38.27579],[139.899426,38.27554],[139.898676,38.274932],[139.897776,38.274415],[139.897251,38.273915],[139.896676,38.273574],[139.896039,38.273074],[139.895339,38.272265],[139.894414,38.272015],[139.893601,38.271857],[139.893451,38.271857],[139.891889,38.271107],[139.890439,38.270107],[139.889502,38.269724],[139.888689,38.269449],[139.888227,38.269066],[139.888114,38.268799],[139.887939,38.268549],[139.886927,38.267941],[139.88629,38.267241],[139.885277,38.265774],[139.884002,38.264983],[139.883127,38.264883],[139.88229,38.264658],[139.879965,38.263525],[139.879415,38.263183],[139.87904,38.262783],[139.878428,38.262441],[139.877765,38.262191],[139.876666,38.261825],[139.876491,38.261716],[139.876316,38.261283],[139.876378,38.260791],[139.876416,38.259933],[139.876378,38.2593],[139.876416,38.258692],[139.876241,38.257775],[139.875928,38.257208],[139.875728,38.256709],[139.875678,38.256059],[139.875566,38.255542],[139.875216,38.255025],[139.875103,38.254725],[139.875191,38.254259],[139.875778,38.253151],[139.875841,38.252942],[139.875903,38.252926],[139.875941,38.252859],[139.875841,38.252451],[139.875691,38.252242],[139.875216,38.251742],[139.874416,38.251309],[139.873904,38.250926],[139.873204,38.250626],[139.872679,38.250284],[139.872154,38.249651],[139.871829,38.249351],[139.871658,38.249334],[139.871591,38.249284],[139.871079,38.249176],[139.870204,38.248793],[139.869642,38.248676],[139.869417,38.248676],[139.869204,38.248643],[139.868567,38.247984],[139.868542,38.247743],[139.868592,38.247401],[139.868567,38.246843],[139.868429,38.246459],[139.868117,38.246159],[139.867517,38.245801],[139.867154,38.24551],[139.866879,38.245193],[139.866567,38.244685],[139.866092,38.24376],[139.865905,38.243268],[139.865767,38.242476],[139.86578,38.242026],[139.865742,38.241777],[139.86558,38.241543],[139.865305,38.241293],[139.864792,38.240935],[139.864455,38.240527],[139.864117,38.23976],[139.863955,38.239285],[139.863905,38.238877],[139.863967,38.238835],[139.86418,38.238393],[139.864318,38.237635],[139.86453,38.236969],[139.864505,38.236352],[139.86393,38.234994],[139.86313,38.234261],[139.861468,38.232886],[139.861143,38.232561],[139.860593,38.231619],[139.860381,38.231394],[139.859831,38.231044],[139.858856,38.230594],[139.857881,38.229828],[139.857106,38.229344],[139.855406,38.228361],[139.854581,38.227986],[139.852981,38.227386],[139.852381,38.22722],[139.851631,38.22707],[139.851381,38.22697],[139.849982,38.226153],[139.849207,38.225853],[139.848394,38.225661],[139.847644,38.225178],[139.847107,38.224711],[139.846744,38.22457],[139.846007,38.224528],[139.845282,38.22437],[139.84457,38.224028],[139.843807,38.223803],[139.843332,38.22377],[139.842482,38.22392],[139.841932,38.223978],[139.841295,38.224178],[139.840845,38.224161],[139.840332,38.224036],[139.83977,38.223803],[139.83907,38.22362],[139.83907,38.223645],[139.83902,38.223653],[139.838608,38.223586],[139.838383,38.223436],[139.83737,38.222653],[139.837283,38.222336],[139.83702,38.22182],[139.836695,38.221403],[139.836095,38.221112],[139.835383,38.221003],[139.834821,38.220812],[139.834246,38.220403],[139.833533,38.220278],[139.833033,38.220237],[139.832771,38.220162],[139.831908,38.22007],[139.830721,38.219845],[139.829871,38.219312],[139.828871,38.21887],[139.828434,38.218595],[139.826609,38.217637],[139.826356,38.217569],[139.826046,38.217478],[139.825609,38.217162],[139.825084,38.216637],[139.824647,38.21642],[139.824034,38.216195],[139.823509,38.215878],[139.822897,38.215304],[139.822747,38.215237],[139.821409,38.214845],[139.820659,38.214595],[139.820572,38.214595],[139.820247,38.214495],[139.819672,38.214012],[139.819472,38.21372],[139.819235,38.212812],[139.817285,38.212562],[139.817122,38.212587],[139.816385,38.212829],[139.81571,38.212679],[139.814923,38.212387],[139.814385,38.212295],[139.813073,38.21187],[139.812385,38.211712],[139.811298,38.211529],[139.810898,38.211412],[139.810211,38.210895],[139.809948,38.210545],[139.809686,38.21007],[139.809248,38.20917],[139.807911,38.208154],[139.807174,38.207421],[139.806911,38.207054],[139.806536,38.206887],[139.805974,38.206796],[139.805274,38.206812],[139.804574,38.206779],[139.804449,38.206721],[139.803936,38.206629],[139.803574,38.206596],[139.802449,38.206579],[139.802174,38.206479],[139.802049,38.205979],[139.801387,38.205079],[139.801187,38.204604],[139.801137,38.204212],[139.801174,38.203821],[139.801162,38.203446],[139.801124,38.203304],[139.800862,38.202896],[139.800437,38.202613],[139.799937,38.202404],[139.799399,38.202263],[139.798812,38.202129],[139.798462,38.201929],[139.79785,38.201771],[139.796837,38.201588],[139.796462,38.201396],[139.79605,38.201113],[139.795787,38.200738],[139.795487,38.200388],[139.794825,38.199963],[139.79445,38.199621],[139.794275,38.199263],[139.79415,38.198696],[139.794088,38.198638],[139.793738,38.198513],[139.79235,38.198546],[139.791725,38.198379],[139.790513,38.198004],[139.790225,38.197846],[139.789851,38.197413],[139.789388,38.197079],[139.789163,38.196638],[139.788938,38.19603],[139.788688,38.195663],[139.788276,38.195355],[139.787463,38.194946],[139.786851,38.19453],[139.786576,38.194121],[139.786526,38.19368],[139.786514,38.192588],[139.786426,38.192288],[139.786139,38.192288],[139.785626,38.192388],[139.785239,38.192621],[139.784989,38.192855],[139.784514,38.192996],[139.783851,38.193113],[139.783251,38.193405],[139.782839,38.193555],[139.782189,38.193555],[139.781551,38.193505],[139.781426,38.193655],[139.781426,38.193946],[139.781364,38.194138],[139.781101,38.194396],[139.780626,38.194721],[139.779551,38.195588],[139.778789,38.196013],[139.778264,38.196529],[139.776851,38.197512],[139.776314,38.198104],[139.775589,38.198296],[139.774727,38.198337],[139.774377,38.198496],[139.774189,38.198496],[139.773214,38.198279],[139.772514,38.198062],[139.772114,38.198037],[139.771827,38.197887],[139.771264,38.197696],[139.770477,38.197312],[139.770177,38.197229],[139.769939,38.197221],[139.769527,38.197479],[139.769289,38.197679],[139.768552,38.198129],[139.768402,38.198146],[139.766852,38.198079],[139.76614,38.198154],[139.76549,38.198362],[139.765027,38.198562],[139.764802,38.198695],[139.76419,38.198979],[139.763752,38.198945],[139.762765,38.19877],[139.76229,38.198612],[139.762265,38.198204],[139.762165,38.197779],[139.76169,38.197237],[139.761415,38.196804],[139.761315,38.196179],[139.761115,38.195662],[139.760828,38.195187],[139.76049,38.194879],[139.76009,38.194454],[139.759703,38.193854],[139.75909,38.193537],[139.758141,38.192987],[139.757016,38.192954],[139.756203,38.192729],[139.755791,38.192896],[139.755603,38.193054],[139.755116,38.193037],[139.754791,38.193062],[139.754378,38.193229],[139.753404,38.193504],[139.752879,38.194112],[139.752491,38.194321],[139.751854,38.194412],[139.751316,38.19462],[139.750991,38.194712],[139.750566,38.194912],[139.750329,38.195187],[139.749991,38.19572],[139.749866,38.195837],[139.749666,38.195912],[139.749066,38.196054],[139.747379,38.196154],[139.746879,38.196254],[139.746677,38.196358],[139.746617,38.196354],[139.746317,38.196595],[139.745904,38.197387],[139.745054,38.198245],[139.744867,38.198378],[139.743992,38.198853],[139.743554,38.199012],[139.743379,38.199345],[139.743304,38.19962],[139.743329,38.199661],[139.743254,38.199936],[139.743142,38.200111],[139.742429,38.199845],[139.742092,38.199778],[139.741704,38.199886],[139.741292,38.199645],[139.741267,38.199753],[139.740742,38.20007],[139.740005,38.200678],[139.739542,38.201128],[139.739567,38.201178],[139.738967,38.201736],[139.73853,38.201986],[139.73773,38.202128],[139.737205,38.202103],[139.736492,38.201919],[139.736105,38.201903],[139.73498,38.202036],[139.734455,38.201928],[139.734343,38.201853],[139.733693,38.201769],[139.733055,38.201719],[139.732393,38.201136],[139.732043,38.200869],[139.731793,38.200844],[139.731081,38.200869],[139.731018,38.200844],[139.730281,38.201053],[139.729756,38.201344],[139.728993,38.201636],[139.728468,38.201902],[139.727868,38.202427],[139.726818,38.202494],[139.726131,38.202677],[139.726019,38.202744],[139.725331,38.202969],[139.724731,38.202902],[139.724544,38.202969],[139.724344,38.203169],[139.723719,38.204069],[139.723631,38.204594],[139.723631,38.20486],[139.723356,38.205202],[139.723381,38.205294],[139.722644,38.205402],[139.721794,38.205744],[139.721469,38.205677],[139.721356,38.205519],[139.720419,38.204527],[139.720032,38.20446],[139.719069,38.204435],[139.718519,38.204502],[139.717832,38.204819],[139.717369,38.20516],[139.716907,38.205343],[139.716794,38.205343],[139.716269,38.205502],[139.715632,38.205968],[139.715144,38.206177],[139.714095,38.206377],[139.71372,38.206518],[139.71322,38.206627],[139.712895,38.206535],[139.712532,38.206335],[139.71182,38.205702],[139.710795,38.20546],[139.710332,38.205235],[139.70912,38.204493],[139.70877,38.20431],[139.70742,38.204293],[139.705271,38.20416],[139.703758,38.203643],[139.702933,38.203502],[139.702622,38.203404],[139.701417,38.203144],[139.701234,38.203127],[139.700521,38.203235],[139.699771,38.203235],[139.698596,38.203076],[139.698596,38.202876],[139.698846,38.20256],[139.699084,38.202402],[139.699221,38.202177],[139.699196,38.202002],[139.699396,38.201685],[139.699696,38.201527],[139.700384,38.201252],[139.700521,38.20116],[139.701421,38.200327],[139.702409,38.199652],[139.702571,38.199385],[139.702571,38.199177],[139.702384,38.198702],[139.702084,38.198235],[139.701609,38.197735],[139.701171,38.197402],[139.700372,38.196227],[139.700047,38.195986],[139.699609,38.195527],[139.699197,38.195261],[139.698784,38.195219],[139.698447,38.195036],[139.698334,38.194861],[139.698334,38.194002],[139.698259,38.193486],[139.698234,38.192894],[139.698309,38.192736],[139.698472,38.192036],[139.698259,38.191319],[139.697572,38.190528],[139.696222,38.189228],[139.695997,38.188778],[139.69616,38.187786],[139.69616,38.187286],[139.69636,38.186728],[139.696272,38.186253],[139.696297,38.186095],[139.696272,38.185528],[139.696022,38.185212],[139.695472,38.18497],[139.69476,38.184837],[139.694285,38.184587],[139.694023,38.184678],[139.69371,38.18472],[139.693548,38.184453],[139.693435,38.183887],[139.693048,38.183395],[139.692773,38.182828],[139.692585,38.182578],[139.691898,38.182378],[139.691573,38.182337],[139.690935,38.182045],[139.690523,38.181928],[139.689836,38.181887],[139.689286,38.181978],[139.688798,38.182153],[139.688048,38.182337],[139.687836,38.182295],[139.687723,38.182203],[139.687586,38.181845],[139.687636,38.181187],[139.687636,38.180803],[139.687361,38.179653],[139.687498,38.178729],[139.687473,38.17817],[139.687086,38.177654],[139.686836,38.177062],[139.686699,38.17657],[139.685961,38.175262],[139.685024,38.174404],[139.684886,38.173979],[139.684724,38.173687],[139.684224,38.173146],[139.684012,38.172854],[139.683699,38.172587],[139.683124,38.172271],[139.682387,38.171979],[139.682274,38.171862],[139.682187,38.171479],[139.682362,38.170379],[139.682412,38.169629],[139.682412,38.169387],[139.682637,38.168979],[139.683674,38.168129],[139.683962,38.167788],[139.684187,38.167379],[139.684712,38.166796],[139.685199,38.166596],[139.685362,38.166546],[139.685424,38.166305],[139.685462,38.165671],[139.685399,38.164155],[139.6853,38.163138],[139.6853,38.16178],[139.685387,38.161188],[139.685362,38.16103],[139.685025,38.159897],[139.684825,38.159564],[139.684675,38.159472],[139.68485,38.15918],[139.6852,38.158772],[139.686112,38.158297],[139.686662,38.157664],[139.687062,38.157331],[139.687687,38.157081],[139.6882,38.157039],[139.688321,38.157044],[139.6888,38.157064],[139.689349,38.156772],[139.689574,38.156139],[139.690012,38.155781],[139.690524,38.155439],[139.690612,38.155014],[139.690562,38.154381],[139.690675,38.153931],[139.690737,38.153381],[139.690512,38.152048],[139.690425,38.151781],[139.690625,38.15054],[139.6906,38.150065],[139.691,38.149632],[139.691612,38.14914],[139.69235,38.148598],[139.692412,38.14794],[139.691762,38.145699],[139.691587,38.145274],[139.690937,38.144615],[139.690937,38.144324],[139.690825,38.144116],[139.69045,38.143732],[139.68985,38.143182],[139.689825,38.142416],[139.689888,38.142032],[139.69,38.141766],[139.6904,38.141291],[139.690638,38.140883],[139.690413,38.139908],[139.690463,38.139708],[139.690275,38.139141],[139.690038,38.138774],[139.689925,38.138258],[139.689988,38.137333],[139.6899,38.136791],[139.689713,38.136383],[139.68945,38.136175],[139.689226,38.135925],[139.689076,38.135608],[139.688713,38.135],[139.688426,38.134683],[139.688338,38.134317],[139.688576,38.132783],[139.688726,38.132242],[139.688876,38.13045],[139.689276,38.128084],[139.689401,38.127176],[139.689801,38.125051],[139.689926,38.124101],[139.690739,38.118951],[139.690914,38.118368],[139.691226,38.11816],[139.691551,38.117827],[139.691914,38.117577],[139.692714,38.117352],[139.693526,38.116793],[139.693639,38.116677],[139.693951,38.116185],[139.693976,38.115869],[139.693751,38.115619],[139.693214,38.115227],[139.693014,38.114819],[139.692789,38.114027],[139.692564,38.11351],[139.692139,38.112985],[139.691102,38.11231],[139.690364,38.111969],[139.688852,38.111327],[139.688339,38.111144],[139.686677,38.111002],[139.686427,38.110936],[139.68614,38.110661],[139.686052,38.110277],[139.684777,38.109486],[139.68449,38.109027],[139.684472,38.108974],[139.684352,38.108619],[139.68309,38.108119],[139.682753,38.108053],[139.674817,38.091546],[139.674817,38.091271],[139.674642,38.090913],[139.674392,38.090688],[139.673017,38.08993],[139.672505,38.089071],[139.67248,38.088646],[139.672317,38.08803],[139.67228,38.087763],[139.672517,38.087422],[139.672917,38.087247],[139.67323,38.086788],[139.67323,38.086655],[139.67303,38.086288],[139.672917,38.086197],[139.672942,38.08613],[139.673242,38.085897],[139.673292,38.085697],[139.67323,38.085355],[139.672892,38.084839],[139.672505,38.083964],[139.67253,38.083597],[139.672642,38.083397],[139.672817,38.083189],[139.672817,38.083014],[139.672542,38.082514],[139.672517,38.082381],[139.67263,38.082197],[139.673017,38.082064],[139.673367,38.081789],[139.673692,38.081381],[139.673842,38.080856],[139.67368,38.080472],[139.67338,38.080231],[139.67318,38.080189],[139.673118,38.079914],[139.673143,38.079506],[139.672768,38.078764],[139.67268,38.078406],[139.672493,38.078131],[139.671693,38.077889],[139.671655,38.077823],[139.67228,38.077523],[139.67228,38.077364],[139.671768,38.077148],[139.671505,38.077081],[139.671443,38.076965],[139.671468,38.076831],[139.67213,38.076831],[139.673105,38.07689],[139.67373,38.07684],[139.674355,38.076631],[139.675343,38.076515],[139.676292,38.076615],[139.677155,38.076548],[139.677805,38.076448],[139.67853,38.076515],[139.679117,38.07664],[139.679567,38.076506],[139.680605,38.07584],[139.681255,38.075548],[139.68203,38.075515],[139.682629,38.075806],[139.683192,38.075915],[139.683879,38.075956],[139.684454,38.076106],[139.685592,38.076665],[139.686154,38.07689],[139.686517,38.076881],[139.686717,38.07639],[139.686854,38.075773],[139.687567,38.074915],[139.688241,38.074707],[139.688991,38.074607],[139.689704,38.074607],[139.690329,38.074665],[139.690929,38.074773],[139.691441,38.075023],[139.691641,38.07509],[139.691829,38.075015],[139.691279,38.074365],[139.690941,38.073715],[139.691054,38.073307],[139.691316,38.07274],[139.691429,38.072224],[139.691454,38.071524],[139.691979,38.070724],[139.691654,38.070391],[139.690941,38.070241],[139.689892,38.069907],[139.689492,38.069407],[139.689279,38.068941],[139.688892,38.068266],[139.687679,38.067124],[139.686842,38.066449],[139.686205,38.065483],[139.686117,38.065166],[139.68623,38.0646],[139.686642,38.064166],[139.687442,38.063666],[139.687967,38.063283],[139.688592,38.062758],[139.689329,38.06225],[139.689917,38.061775],[139.690479,38.061158],[139.691142,38.059825],[139.691642,38.0593],[139.691917,38.058917],[139.692229,38.057809],[139.692404,38.057492],[139.692604,38.057284],[139.692754,38.057034],[139.692667,38.056926],[139.692179,38.056659],[139.691617,38.056392],[139.691192,38.055984],[139.690855,38.055351],[139.69073,38.054676],[139.69063,38.053818],[139.69038,38.052559],[139.690055,38.052451],[139.689105,38.052609],[139.687955,38.051693],[139.687948,38.051691],[139.687629,38.051627],[139.68688,38.051476],[139.68638,38.05116],[139.685455,38.051035],[139.68488,38.050701],[139.684131,38.050118],[139.683618,38.049668],[139.683231,38.049601],[139.682368,38.049635],[139.682156,38.049585],[139.681831,38.049185],[139.681706,38.048527],[139.681456,38.047852],[139.681331,38.047293],[139.681293,38.04666],[139.681431,38.045977],[139.681169,38.045552],[139.680656,38.04506],[139.680256,38.044427],[139.680131,38.043327],[139.679319,38.042994],[139.678031,38.04271],[139.676419,38.041452],[139.675069,38.040719],[139.674294,38.040586],[139.673582,38.040569],[139.672807,38.040486],[139.67167,38.040244],[139.670532,38.040094],[139.668008,38.040294],[139.66702,38.040094],[139.66627,38.039852],[139.665358,38.039877],[139.662583,38.040077],[139.662046,38.03981],[139.660996,38.039369],[139.659746,38.038994],[139.659234,38.038661],[139.658396,38.038194],[139.657759,38.037519],[139.657246,38.036344],[139.657059,38.035736],[139.656584,38.035469],[139.656046,38.035494],[139.655209,38.035686],[139.654822,38.035502],[139.654609,38.034961],[139.654822,38.034603],[139.655409,38.034119],[139.655884,38.033853],[139.656384,38.033328],[139.656522,38.032869],[139.656459,38.032286],[139.656184,38.031428],[139.656259,38.030753],[139.656559,38.030095],[139.656722,38.02942],[139.656772,38.028603],[139.656409,38.028178],[139.655722,38.027795],[139.655097,38.027328],[139.65476,38.026812],[139.654422,38.026137],[139.654222,38.025979],[139.653522,38.025329],[139.65316,38.024787],[139.653122,38.024312],[139.652822,38.023662],[139.652822,38.023254],[139.652872,38.022737],[139.652597,38.021854],[139.652235,38.021271],[139.65246,38.020254],[139.652697,38.019938],[139.653547,38.019071],[139.653422,38.017896],[139.653473,38.017488],[139.653798,38.016946],[139.65396,38.015796],[139.65431,38.01518],[139.65436,38.01453],[139.654123,38.013805],[139.653748,38.013013],[139.653623,38.012297],[139.653735,38.011639],[139.65391,38.011097],[139.653935,38.010872],[139.653335,38.010197],[139.653123,38.00943],[139.652986,38.008372],[139.653036,38.007514],[139.653273,38.006806],[139.653386,38.006314],[139.653311,38.005681],[139.652486,38.003315],[139.652573,38.002965],[139.653048,38.002515],[139.654023,38.001806],[139.655023,38.001123],[139.655286,38.000898],[139.655023,38.000423],[139.654748,38.000223],[139.654623,37.999907],[139.654698,37.99839],[139.654636,37.997807],[139.654474,37.997015],[139.654049,37.996232],[139.653836,37.996049],[139.653574,37.996207],[139.652536,37.99649],[139.650774,37.996365],[139.650324,37.99639],[139.649462,37.996082],[139.648687,37.995882],[139.647724,37.995732],[139.646362,37.995698],[139.64535,37.995457],[139.644512,37.99539],[139.643825,37.995415],[139.643612,37.99524],[139.643462,37.994857],[139.64355,37.99454],[139.644287,37.993924],[139.644575,37.993515],[139.64495,37.992474],[139.64495,37.992024],[139.644675,37.991441],[139.643987,37.990832],[139.642962,37.989441],[139.642438,37.988449],[139.641875,37.987908],[139.641063,37.987575],[139.640313,37.987333],[139.639925,37.986933],[139.639675,37.9863],[139.63925,37.985583],[139.639275,37.984633],[139.63945,37.984267],[139.64025,37.9837],[139.6408,37.983017],[139.64125,37.982567],[139.641625,37.982109],[139.6421,37.981859],[139.6429,37.98135],[139.643288,37.980992],[139.64425,37.979784],[139.644125,37.979226],[139.643763,37.978634],[139.6435,37.978367],[139.642838,37.977876],[139.642388,37.977292],[139.642051,37.976484],[139.642013,37.976076],[139.641776,37.975668],[139.641263,37.975359],[139.640776,37.974776],[139.640501,37.973918],[139.640338,37.973151],[139.639801,37.97216],[139.639164,37.971443],[139.638201,37.970702],[139.638051,37.970185],[139.638139,37.969685],[139.638689,37.968627],[139.639639,37.96801],[139.640314,37.967594],[139.640814,37.967344],[139.641001,37.967294],[139.641651,37.967269],[139.642488,37.967194],[139.642963,37.967127],[139.643426,37.966669],[139.643776,37.965836],[139.644101,37.965444],[139.644576,37.964969],[139.644326,37.964311],[139.644501,37.963677],[139.645126,37.963019],[139.645351,37.962569],[139.645076,37.962253],[139.644276,37.961494],[139.643639,37.960978],[139.643014,37.960369],[139.642339,37.95902],[139.642476,37.95852],[139.642476,37.957961],[139.642201,37.957145],[139.642126,37.956337],[139.642189,37.955795],[139.642064,37.955095],[139.641427,37.954528],[139.640739,37.954287],[139.640614,37.953612],[139.640214,37.952912],[139.640089,37.95237],[139.640302,37.951895],[139.640739,37.951579],[139.641602,37.95112],[139.641927,37.950595],[139.641914,37.950145],[139.642152,37.949421],[139.642527,37.948496],[139.642877,37.947454],[139.642927,37.946862],[139.642352,37.946104],[139.641952,37.945446],[139.641352,37.944979],[139.64094,37.944596],[139.640902,37.943829],[139.641277,37.943238],[139.641065,37.942771],[139.64029,37.942188],[139.63974,37.941555],[139.639615,37.940905],[139.640327,37.940405],[139.640378,37.93993],[139.640053,37.939255],[139.639865,37.938688],[139.639915,37.938013],[139.640053,37.937263],[139.640053,37.936763],[139.63954,37.936088],[139.639378,37.934714],[139.63859,37.934114],[139.637841,37.933464],[139.637091,37.932989],[139.635891,37.93203],[139.634279,37.931272],[139.634004,37.931255],[139.632841,37.930964],[139.632254,37.93068],[139.631791,37.930205],[139.631766,37.929756],[139.631517,37.929097],[139.631129,37.928422],[139.630817,37.927772],[139.630754,37.927322],[139.630142,37.925906],[139.629729,37.925456],[139.62883,37.925297],[139.62748,37.924856],[139.627217,37.924481],[139.626992,37.923823],[139.626892,37.922581],[139.626742,37.922156],[139.626143,37.921548],[139.625693,37.921189],[139.62548,37.920939],[139.62533,37.920381],[139.62558,37.919639],[139.625643,37.919539],[139.625543,37.919364],[139.62493,37.918665],[139.624818,37.918415],[139.624818,37.918098],[139.625043,37.917648],[139.62543,37.917331],[139.626005,37.917015],[139.626668,37.916723],[139.627018,37.916448],[139.62708,37.91634],[139.62708,37.915823],[139.626993,37.915256],[139.627405,37.914381],[139.62743,37.913773],[139.627405,37.913365],[139.627793,37.913023],[139.62823,37.912757],[139.628368,37.912615],[139.62843,37.91219],[139.628155,37.91149],[139.627956,37.911223],[139.627468,37.91034],[139.626443,37.90924],[139.626443,37.908857],[139.626581,37.908657],[139.627293,37.907282],[139.627956,37.906216],[139.628068,37.905499],[139.628368,37.905024],[139.628693,37.904733],[139.629006,37.904166],[139.629306,37.903449],[139.629831,37.902908],[139.631168,37.901908],[139.631443,37.901549],[139.631668,37.900983],[139.631893,37.899383],[139.631893,37.899208],[139.631806,37.898866],[139.631394,37.898458],[139.631006,37.89815],[139.630181,37.897133],[139.629856,37.896658],[139.629419,37.895284],[139.629281,37.894134],[139.629282,37.893751],[139.629631,37.893526],[139.630106,37.893126],[139.630344,37.892467],[139.630819,37.891976],[139.631206,37.891342],[139.631419,37.890526],[139.631719,37.889676],[139.631969,37.889134],[139.632382,37.888767],[139.633731,37.887826],[139.634744,37.886809],[139.635319,37.886359],[139.636144,37.885134],[139.636506,37.884801],[139.636969,37.884668],[139.637581,37.884259],[139.637994,37.883718],[139.638044,37.882518],[139.637994,37.882051],[139.638156,37.881685],[139.638131,37.881285],[139.638206,37.880743],[139.638544,37.879926],[139.638644,37.87991],[139.640331,37.87916],[139.641144,37.878893],[139.642931,37.877968],[139.643706,37.877877],[139.644644,37.878035],[139.645269,37.878077],[139.645881,37.87776],[139.646781,37.87751],[139.647806,37.877352],[139.648518,37.877152],[139.648906,37.876719],[139.649531,37.876402],[139.650131,37.876202],[139.650468,37.875702],[139.651206,37.874936],[139.651818,37.873677],[139.652218,37.873269],[139.653406,37.872978],[139.654206,37.872703],[139.656456,37.871844],[139.656981,37.871436],[139.657231,37.870853],[139.657231,37.870203],[139.657468,37.869611],[139.657556,37.869003],[139.657331,37.868445],[139.656894,37.867837],[139.656506,37.867112],[139.656319,37.86657],[139.656456,37.865195],[139.656594,37.864504],[139.656919,37.863871],[139.657331,37.863462],[139.657831,37.863146],[139.658294,37.862629],[139.658819,37.862287],[139.659394,37.861863],[139.660106,37.861571],[139.660981,37.861163],[139.661756,37.860913],[139.662469,37.860555],[139.663869,37.859488],[139.664444,37.859355],[139.665569,37.858772],[139.666344,37.858522],[139.667081,37.858522],[139.667719,37.85823],[139.668156,37.857547],[139.668706,37.85703],[139.669169,37.856697],[139.669781,37.856489],[139.671531,37.855472],[139.672444,37.855114],[139.674256,37.854522],[139.675218,37.854123],[139.675818,37.853714],[139.676293,37.853289],[139.677168,37.852814],[139.678206,37.852065],[139.678756,37.851773],[139.679006,37.85159],[139.679056,37.851481],[139.678956,37.851006],[139.678543,37.850265],[139.678506,37.849998],[139.678544,37.84984],[139.679056,37.849407],[139.679494,37.848732],[139.679669,37.848123],[139.679944,37.847515],[139.680156,37.847265],[139.680406,37.847132],[139.680794,37.846999],[139.681006,37.846999],[139.681506,37.846882],[139.682031,37.84684],[139.682268,37.846907],[139.683893,37.84704],[139.684143,37.84699],[139.684718,37.84699],[139.684906,37.847015],[139.685681,37.847015],[139.686756,37.84679],[139.687218,37.846649],[139.687906,37.846699],[139.689055,37.846874],[139.690405,37.84744],[139.69063,37.84784],[139.69073,37.848299],[139.691005,37.848499],[139.691593,37.848499],[139.693267,37.848407],[139.69398,37.848274],[139.69483,37.848199],[139.69598,37.848065],[139.69678,37.848065],[139.697005,37.847974],[139.697467,37.847907],[139.697655,37.84784],[139.697967,37.84784],[139.698155,37.84809],[139.698179,37.848699],[139.698242,37.848782],[139.698679,37.84919],[139.699504,37.849574],[139.700404,37.849799],[139.700992,37.849974],[139.701267,37.849932],[139.701754,37.849907],[139.702004,37.849974],[139.702492,37.850265],[139.702941,37.850674],[139.704829,37.851757],[139.705491,37.85189],[139.705791,37.851982],[139.706429,37.852224],[139.707091,37.852449],[139.707616,37.853149],[139.708053,37.853557],[139.708678,37.85389],[139.709341,37.854074],[139.709953,37.854274],[139.710691,37.854382],[139.711316,37.854315],[139.711903,37.854157],[139.712365,37.853957],[139.71319,37.853757],[139.71349,37.853616],[139.713678,37.853574],[139.714181,37.853358],[139.714203,37.853349],[139.714815,37.853007],[139.71514,37.852691],[139.71539,37.852132],[139.715415,37.851907],[139.715553,37.851432],[139.715553,37.851049],[139.715378,37.850708],[139.715328,37.850391],[139.715078,37.849766],[139.715278,37.849174],[139.71524,37.848949],[139.715303,37.848566],[139.71549,37.848074],[139.71549,37.847308],[139.716015,37.846583],[139.716253,37.846408],[139.71684,37.846158],[139.717328,37.845866],[139.71779,37.845366],[139.718265,37.844983],[139.718403,37.844916],[139.718615,37.84465],[139.71889,37.843883],[139.719003,37.84325],[139.719003,37.8426],[139.718803,37.84185],[139.719515,37.841242],[139.719653,37.840792],[139.720428,37.839709],[139.720815,37.83935],[139.722128,37.838242],[139.722453,37.837859],[139.723165,37.837434],[139.723528,37.837142],[139.723715,37.836851],[139.724358,37.836438],[139.724465,37.836317],[139.724853,37.836168],[139.725903,37.835584],[139.726215,37.835318],[139.726978,37.835018],[139.72714,37.834726],[139.727315,37.833668],[139.72769,37.833176],[139.728215,37.832651],[139.728465,37.832185],[139.728553,37.832093],[139.728765,37.831752],[139.729078,37.831127],[139.72954,37.830668],[139.73009,37.83036],[139.730428,37.830269],[139.730828,37.830444],[139.731415,37.830627],[139.73204,37.830602],[139.732553,37.830402],[139.733827,37.829569],[139.734502,37.828919],[139.735115,37.828511],[139.73564,37.828086],[139.735977,37.827861],[139.736127,37.827544],[139.736502,37.827203],[139.736752,37.826661],[139.737115,37.826011],[139.737452,37.825719],[139.738165,37.824903],[139.738377,37.824319],[139.738315,37.823711],[139.738165,37.823353],[139.738127,37.823011],[139.738652,37.822653],[139.73909,37.822061],[139.739514,37.821611],[139.740039,37.821369],[139.740227,37.821211],[139.740564,37.820669],[139.740877,37.820261],[139.740902,37.820103],[139.740814,37.819986],[139.740627,37.819586],[139.740814,37.819178],[139.741052,37.818861],[139.741327,37.818344],[139.741489,37.817894],[139.741389,37.817694],[139.740589,37.817169],[139.738827,37.815661],[139.73874,37.815636],[139.737627,37.815727],[139.73674,37.815569],[139.73544,37.815094],[139.734765,37.81471],[139.73344,37.814218],[139.732666,37.814152],[139.731653,37.814102],[139.730753,37.813943],[139.730203,37.813743],[139.729953,37.813743],[139.729428,37.813652],[139.729191,37.813468],[139.728816,37.812952],[139.728728,37.812752],[139.728291,37.812385],[139.727704,37.811868],[139.727004,37.81171],[139.726654,37.81171],[139.725679,37.811643],[139.724779,37.811443],[139.723267,37.810427],[139.722842,37.809685],[139.722154,37.809527],[139.721604,37.809343],[139.721292,37.808918],[139.720892,37.808168],[139.720342,37.807477],[139.719754,37.806819],[139.718955,37.805352],[139.718392,37.804769],[139.718305,37.804702],[139.716767,37.803119],[139.716117,37.802336],[139.715742,37.801677],[139.715505,37.800961],[139.715168,37.800511],[139.714418,37.800169],[139.713843,37.799744],[139.713405,37.798953],[139.71273,37.798769],[139.711893,37.798678],[139.709493,37.797486],[139.708293,37.797194],[139.707031,37.796919],[139.705794,37.796428],[139.705094,37.795978],[139.704506,37.795253],[139.703982,37.793336],[139.703394,37.792461],[139.702507,37.791711],[139.700282,37.790095],[139.699295,37.789145],[139.698895,37.788695],[139.698157,37.787612],[139.697758,37.786645],[139.697083,37.785695],[139.696095,37.784912],[139.69487,37.784228],[139.694221,37.783987],[139.692921,37.78322],[139.691883,37.782454],[139.690921,37.781979],[139.689634,37.781412],[139.688396,37.780537],[139.688034,37.780104],[139.687471,37.77932],[139.686584,37.778937],[139.685659,37.778687],[139.684834,37.777987],[139.683747,37.777537],[139.68341,37.777287],[139.68231,37.776612],[139.68076,37.775846],[139.680272,37.775396],[139.68036,37.774921],[139.680647,37.774296],[139.680647,37.774087],[139.68031,37.773437],[139.679748,37.772804],[139.679473,37.772604],[139.67871,37.772313],[139.67821,37.771904],[139.677573,37.769988],[139.676948,37.769471],[139.676211,37.769021],[139.675323,37.768596],[139.674249,37.768229],[139.673511,37.767896],[139.673286,37.767713],[139.673286,37.766813],[139.673011,37.766455],[139.672649,37.766246],[139.671599,37.765821],[139.670424,37.765146],[139.669574,37.764446],[139.669224,37.76413],[139.668737,37.76348],[139.668674,37.76278],[139.668399,37.762147],[139.667787,37.760955],[139.6676,37.760055],[139.667662,37.758697],[139.667475,37.758072],[139.667362,37.757863],[139.666862,37.757347],[139.66665,37.757188],[139.665825,37.756714],[139.664737,37.756314],[139.664225,37.756314],[139.661325,37.755589],[139.660313,37.755389],[139.659425,37.755347],[139.658713,37.755347],[139.658251,37.75523],[139.657976,37.754939],[139.657826,37.754489],[139.657726,37.753855],[139.657763,37.753139],[139.657809,37.7528],[139.657776,37.752355],[139.657801,37.751922],[139.658276,37.751322],[139.659113,37.75053],[139.659126,37.749972],[139.658976,37.749431],[139.659026,37.748864],[139.658726,37.747106],[139.658726,37.746497],[139.658676,37.746339],[139.658601,37.746289],[139.658601,37.745931],[139.658813,37.745389],[139.658688,37.744731],[139.658201,37.743714],[139.657701,37.743189],[139.657539,37.742898],[139.657539,37.742448],[139.657676,37.741523],[139.657351,37.741073],[139.656876,37.740731],[139.656126,37.740156],[139.655576,37.739839],[139.654889,37.739448],[139.654089,37.738856],[139.653914,37.738673],[139.653364,37.738381],[139.652289,37.737939],[139.652114,37.737647],[139.652076,37.736923],[139.652164,37.735981],[139.652014,37.735706],[139.651539,37.735256],[139.651439,37.735114],[139.651289,37.734623],[139.651101,37.734148],[139.650776,37.733914],[139.650451,37.733573],[139.650126,37.733164],[139.650189,37.732856],[139.650614,37.732223],[139.650539,37.731798],[139.650226,37.731139],[139.649752,37.730481],[139.649614,37.729914],[139.649614,37.729148],[139.649589,37.729106],[139.648914,37.729073],[139.648164,37.728914],[139.647714,37.728681],[139.647264,37.728389],[139.646664,37.728222],[139.645914,37.728156],[139.644364,37.728031],[139.642965,37.727656],[139.642865,37.727564],[139.64274,37.727248],[139.642602,37.726415],[139.642427,37.725915],[139.642427,37.725781],[139.64209,37.725415],[139.641515,37.725348],[139.64089,37.725165],[139.640515,37.724757],[139.64044,37.724548],[139.640503,37.723215],[139.640453,37.723082],[139.640128,37.722857],[139.639953,37.72279],[139.63909,37.72219],[139.638166,37.721174],[139.637691,37.721099],[139.636891,37.721099],[139.636216,37.720732],[139.635866,37.720324],[139.635816,37.720207],[139.635378,37.719866],[139.635228,37.719824],[139.634654,37.719774],[139.634166,37.719674],[139.633729,37.719474],[139.633366,37.719491],[139.632841,37.719733],[139.632291,37.719958],[139.631791,37.719841],[139.631541,37.719591],[139.631491,37.719433],[139.631491,37.719099],[139.631804,37.718308],[139.631904,37.717883],[139.632091,37.717566],[139.632516,37.717008],[139.632754,37.716575],[139.632754,37.716508],[139.632329,37.716075],[139.631104,37.715033],[139.629192,37.713259],[139.627755,37.712142],[139.627105,37.711709],[139.62648,37.711342],[139.625843,37.711067],[139.625593,37.710934],[139.625018,37.710767],[139.624418,37.710451],[139.624068,37.710226],[139.624243,37.709618],[139.62448,37.708326],[139.624193,37.707335],[139.624043,37.707085],[139.623718,37.706876],[139.623668,37.706743],[139.623856,37.70596],[139.623818,37.705343],[139.623643,37.704918],[139.623568,37.704577],[139.623743,37.704152],[139.623531,37.703494],[139.623456,37.703019],[139.623493,37.702477],[139.623418,37.702385],[139.623043,37.702135],[139.622568,37.701952],[139.62172,37.70156],[139.621481,37.701177],[139.621444,37.700586],[139.621481,37.700094],[139.621531,37.699977],[139.62172,37.699852],[139.622019,37.699694],[139.623331,37.698661],[139.623531,37.698369],[139.623631,37.697944],[139.623643,37.697244],[139.624318,37.696486],[139.624356,37.696211],[139.624206,37.695736],[139.624281,37.695195],[139.624693,37.694836],[139.624943,37.694461],[139.625318,37.694078],[139.625581,37.693695],[139.625631,37.693537],[139.625881,37.693112],[139.626406,37.693003],[139.627068,37.693028],[139.627568,37.692945],[139.628043,37.692653],[139.628218,37.692495],[139.628331,37.69202],[139.628231,37.69157],[139.627618,37.690529],[139.627668,37.690279],[139.627968,37.689762],[139.628056,37.689204],[139.627956,37.689087],[139.627481,37.688812],[139.627306,37.688404],[139.627231,37.688296],[139.627031,37.688204],[139.626431,37.688329],[139.626331,37.688396],[139.625831,37.688504],[139.625131,37.688454],[139.624944,37.688704],[139.624619,37.68897],[139.624244,37.689195],[139.624069,37.689262],[139.623694,37.689304],[139.623294,37.689237],[139.622494,37.689179],[139.622144,37.688954],[139.62172,37.688969],[139.621531,37.689079],[139.621156,37.689145],[139.620869,37.68912],[139.619794,37.688645],[139.619369,37.688604],[139.618982,37.688645],[139.618094,37.688804],[139.617669,37.688804],[139.616569,37.688329],[139.615295,37.687946],[139.614782,37.687671],[139.61487,37.687312],[139.61507,37.687062],[139.61507,37.686837],[139.614757,37.686679],[139.61427,37.686521],[139.613957,37.686279],[139.613657,37.685896],[139.613345,37.685738],[139.612807,37.685688],[139.61257,37.685713],[139.611782,37.685663],[139.611383,37.685396],[139.610595,37.684671],[139.609908,37.684421],[139.609483,37.684354],[139.60937,37.684313],[139.609258,37.683613],[139.609008,37.683296],[139.608608,37.683138],[139.608158,37.683005],[139.607508,37.682171],[139.607146,37.681446],[139.606833,37.680996],[139.606546,37.680746],[139.606146,37.680522],[139.605808,37.680388],[139.605671,37.679963],[139.605446,37.679713],[139.604446,37.679397],[139.604421,37.679188],[139.604596,37.678922],[139.604996,37.67843],[139.605333,37.678138],[139.605671,37.677914],[139.605871,37.67773],[139.605896,37.677664],[139.605733,37.677189],[139.605358,37.676897],[139.605246,37.676689],[139.605333,37.675389],[139.605283,37.674797],[139.605196,37.674414],[139.605058,37.674189],[139.604721,37.673789],[139.604346,37.673497],[139.604034,37.673339],[139.603046,37.673089],[139.602684,37.672948],[139.601609,37.671823],[139.600946,37.671306],[139.600809,37.670964],[139.600846,37.669906],[139.600896,37.669665],[139.600921,37.669606],[139.600859,37.669356],[139.600834,37.668906],[139.600572,37.668731],[139.599984,37.668623],[139.599472,37.668423],[139.599034,37.668173],[139.598497,37.667457],[139.598234,37.667032],[139.597834,37.666765],[139.596447,37.66594],[139.595397,37.665473],[139.594647,37.665248],[139.593548,37.665232],[139.59281,37.665373],[139.59216,37.665573],[139.591648,37.665915],[139.59146,37.666273],[139.591273,37.667598],[139.59036,37.667557],[139.58951,37.667423],[139.588461,37.667207],[139.588461,37.66709],[139.588223,37.66649],[139.587886,37.66604],[139.587373,37.665507],[139.587086,37.664874],[139.586998,37.664449],[139.586336,37.66389],[139.585799,37.66349],[139.585336,37.662999],[139.584936,37.662457],[139.583911,37.662107],[139.582412,37.661349],[139.580024,37.660907],[139.579562,37.660549],[139.578675,37.659566],[139.57805,37.659074],[139.576662,37.658541],[139.576063,37.658224],[139.575663,37.657891],[139.574888,37.657041],[139.574063,37.656483],[139.573413,37.656191],[139.572788,37.655991],[139.571251,37.655891],[139.570938,37.6556],[139.570451,37.654975],[139.570088,37.654408],[139.569651,37.6539],[139.569139,37.653492],[139.568626,37.653183],[139.568464,37.653117],[139.568201,37.65325],[139.567501,37.653542],[139.566851,37.653725],[139.565777,37.653958],[139.565002,37.654],[139.563727,37.653941],[139.562964,37.653808],[139.562227,37.653633],[139.561265,37.653142],[139.560827,37.652758],[139.560465,37.652333],[139.560065,37.652042],[139.55944,37.651708],[139.55889,37.651508],[139.558353,37.651467],[139.558015,37.651467],[139.557028,37.651383],[139.556178,37.651209],[139.55549,37.651009],[139.554891,37.650609],[139.554491,37.650117],[139.553703,37.650092],[139.553016,37.650117],[139.552203,37.650192],[139.551341,37.650059],[139.550866,37.649809],[139.549729,37.6493],[139.549241,37.649034],[139.549291,37.648625],[139.549854,37.647859],[139.550729,37.646942],[139.551004,37.646376],[139.551029,37.645818],[139.551166,37.645076],[139.551479,37.644418],[139.551441,37.644243],[139.551529,37.643884],[139.552116,37.643143],[139.552678,37.64251],[139.553503,37.642143],[139.554016,37.641985],[139.554603,37.641668],[139.555116,37.641351],[139.555366,37.641085],[139.555278,37.640835],[139.555016,37.640502],[139.554616,37.640277],[139.553941,37.639993],[139.553478,37.639635],[139.553141,37.639227],[139.552791,37.638668],[139.552404,37.638377],[139.552004,37.637977],[139.551879,37.637435],[139.551879,37.637277],[139.551766,37.636969],[139.551591,37.636835],[139.551216,37.636427],[139.550454,37.635869],[139.550054,37.635827],[139.549429,37.635627],[139.547829,37.634127],[139.547467,37.633677],[139.547429,37.633119],[139.547454,37.632494],[139.547254,37.632086],[139.546917,37.631794],[139.546829,37.631594],[139.546929,37.630519],[139.546729,37.630178],[139.54633,37.629686],[139.546042,37.629103],[139.546005,37.628411],[139.546067,37.628095],[139.546567,37.62787],[139.54668,37.627736],[139.54668,37.626861],[139.546567,37.626611],[139.546592,37.625895],[139.546805,37.625195],[139.54743,37.624203],[139.547592,37.622995],[139.547717,37.622162],[139.547892,37.621762],[139.548567,37.621195],[139.549104,37.620945],[139.549379,37.620562],[139.549717,37.619937],[139.550117,37.619412],[139.550754,37.619054],[139.551529,37.618962],[139.552067,37.618829],[139.552142,37.618754],[139.552117,37.618312],[139.551792,37.617254],[139.551654,37.616512],[139.551417,37.616062],[139.551242,37.615929],[139.550767,37.615712],[139.549967,37.615487],[139.548717,37.615021],[139.54843,37.614079],[139.548142,37.613763],[139.548092,37.613629],[139.548192,37.613271],[139.548617,37.612529],[139.54898,37.612013],[139.549042,37.611579],[139.548717,37.611155],[139.548492,37.610213],[139.548567,37.60963],[139.548792,37.609071],[139.549242,37.608571],[139.54978,37.608121],[139.55068,37.606838],[139.55143,37.605738],[139.552242,37.604855],[139.55258,37.604297],[139.552892,37.603688],[139.55323,37.60358],[139.553955,37.602722],[139.554529,37.60238],[139.555317,37.602197],[139.556104,37.602172],[139.556479,37.602239],[139.557154,37.60253],[139.557929,37.602464],[139.559054,37.602005],[139.559929,37.601555],[139.560741,37.601039],[139.562266,37.600222],[139.562441,37.599664],[139.562829,37.599097],[139.563029,37.598939],[139.563216,37.598647],[139.563579,37.597881],[139.564179,37.597564],[139.564691,37.597498],[139.564966,37.597406],[139.564091,37.596648],[139.564054,37.596331],[139.564304,37.595881],[139.565179,37.594873],[139.565254,37.594398],[139.565204,37.594156],[139.565279,37.593565],[139.565641,37.592981],[139.565704,37.592756],[139.565529,37.592173],[139.565466,37.59159],[139.565716,37.590557],[139.565629,37.589932],[139.565341,37.589457],[139.564829,37.589057],[139.564679,37.58899],[139.564142,37.588857],[139.564142,37.588698],[139.564279,37.588273],[139.564504,37.58789],[139.564754,37.587665],[139.565179,37.587374],[139.565404,37.587124],[139.565516,37.58634],[139.565616,37.586132],[139.565954,37.585632],[139.566429,37.585091],[139.566654,37.584957],[139.567054,37.584866],[139.567329,37.584749],[139.567416,37.584682],[139.567504,37.584416],[139.567466,37.584349],[139.567216,37.584174],[139.566366,37.583882],[139.566167,37.583749],[139.566129,37.583457],[139.566017,37.583191],[139.566217,37.582824],[139.566779,37.582066],[139.567254,37.581608],[139.567479,37.581299],[139.567816,37.580916],[139.567979,37.580599],[139.568029,37.580058],[139.568204,37.579858],[139.568429,37.579858],[139.568766,37.579924],[139.569641,37.579824],[139.570066,37.579691],[139.570379,37.579441],[139.570516,37.57895],[139.570529,37.577716],[139.570729,37.5774],[139.571066,37.577108],[139.571166,37.576766],[139.571141,37.576275],[139.571079,37.575875],[139.571166,37.575467],[139.571329,37.574992],[139.571579,37.574525],[139.571491,37.574075],[139.571291,37.573758],[139.570979,37.573467],[139.570541,37.573158],[139.570317,37.572933],[139.571054,37.572217],[139.572054,37.57075],[139.572254,37.57055],[139.572216,37.570259],[139.571842,37.569134],[139.571842,37.568734],[139.571642,37.56815],[139.571292,37.567967],[139.570867,37.567434],[139.569692,37.565101],[139.568892,37.564209],[139.568654,37.563692],[139.568317,37.563476],[139.56783,37.563226],[139.56758,37.563051],[139.567542,37.562984],[139.56763,37.562534],[139.567717,37.562418],[139.56788,37.562018],[139.567817,37.561568],[139.567767,37.561434],[139.56773,37.560893],[139.567755,37.560418],[139.567917,37.560126],[139.56823,37.559768],[139.568505,37.559184],[139.56878,37.558243],[139.56878,37.557835],[139.568605,37.557076],[139.568592,37.556576],[139.56873,37.555251],[139.568517,37.553777],[139.568855,37.553368],[139.569355,37.55301],[139.569692,37.55251],[139.569892,37.552043],[139.569992,37.551343],[139.570192,37.550918],[139.570242,37.550668],[139.570105,37.550443],[139.569905,37.550335],[139.56933,37.549885],[139.568742,37.549485],[139.568617,37.549444],[139.56748,37.548635],[139.566918,37.548127],[139.56648,37.54761],[139.565768,37.546377],[139.565655,37.546135],[139.56568,37.546069],[139.566043,37.545885],[139.56678,37.545661],[139.567768,37.544961],[139.56833,37.544777],[139.56878,37.544702],[139.569118,37.544527],[139.569518,37.544211],[139.569993,37.544052],[139.570555,37.543977],[139.570692,37.543911],[139.570892,37.543752],[139.571255,37.543011],[139.571417,37.542228],[139.57128,37.541803],[139.571018,37.541261],[139.570355,37.540303],[139.57013,37.539828],[139.570118,37.539361],[139.570293,37.539003],[139.571043,37.538461],[139.572205,37.53742],[139.572905,37.537145],[139.573942,37.536495],[139.57428,37.536245],[139.57473,37.535837],[139.575942,37.535003],[139.576442,37.534687],[139.57653,37.534662],[139.576892,37.533495],[139.577367,37.532554],[139.577805,37.531404],[139.578367,37.530371],[139.578705,37.530054],[139.579092,37.529896],[139.580504,37.529621],[139.581867,37.529438],[139.582317,37.529296],[139.582929,37.528513],[139.583267,37.528171],[139.583692,37.527946],[139.584679,37.527896],[139.585504,37.527979],[139.586204,37.528246],[139.586241,37.528296],[139.586516,37.528429],[139.586604,37.528404],[139.587566,37.528604],[139.588504,37.528663],[139.589041,37.528638],[139.589429,37.528505],[139.589579,37.528413],[139.590079,37.528188],[139.590478,37.528071],[139.590528,37.52778],[139.590466,37.527288],[139.590629,37.526546],[139.591079,37.525447],[139.590966,37.525247],[139.590791,37.52513],[139.589229,37.524555],[139.588291,37.523638],[139.588029,37.523105],[139.587916,37.522297],[139.587954,37.520922],[139.587642,37.520522],[139.587104,37.520372],[139.586729,37.520214],[139.586592,37.519805],[139.586754,37.519472],[139.586804,37.518281],[139.586742,37.517722],[139.586504,37.516981],[139.584717,37.515689],[139.584517,37.515439],[139.584317,37.515064],[139.58428,37.514522],[139.584417,37.514048],[139.58498,37.513198],[139.585092,37.512906],[139.584742,37.512748],[139.583717,37.512056],[139.58338,37.511764],[139.58273,37.511548],[139.581743,37.511439],[139.581343,37.511239],[139.581118,37.510964],[139.580768,37.510898],[139.579718,37.510323],[139.578105,37.509631],[139.576856,37.508698],[139.576456,37.508273],[139.576343,37.508206],[139.575743,37.507581],[139.575231,37.507198],[139.574493,37.507198],[139.573556,37.50689],[139.573019,37.506515],[139.572419,37.50604],[139.571956,37.505548],[139.571869,37.505415],[139.571394,37.504907],[139.570881,37.50459],[139.568694,37.503632],[139.568157,37.503298],[139.567919,37.503015],[139.567932,37.50294],[139.567882,37.502782],[139.567707,37.502623],[139.567282,37.502448],[139.567144,37.502332],[139.566432,37.502198],[139.565695,37.501974],[139.565307,37.501907],[139.565157,37.501774],[139.564932,37.50164],[139.564657,37.501682],[139.564482,37.501799],[139.564257,37.502107],[139.563807,37.502382],[139.563695,37.502398],[139.56347,37.502515],[139.56322,37.502673],[139.562845,37.502832],[139.562582,37.503015],[139.562157,37.503373],[139.561932,37.503732],[139.561657,37.503982],[139.560558,37.503982],[139.56007,37.504073],[139.559333,37.504298],[139.558745,37.50424],[139.558208,37.504107],[139.557533,37.504107],[139.557245,37.504157],[139.556483,37.504115],[139.556033,37.504181],[139.555945,37.504315],[139.555858,37.504723],[139.555833,37.505123],[139.55547,37.505773],[139.555083,37.506156],[139.554695,37.506456],[139.553896,37.50684],[139.552521,37.507339],[139.551933,37.507723],[139.551483,37.507814],[139.550996,37.507789],[139.550546,37.507814],[139.549671,37.508539],[139.549108,37.508989],[139.548521,37.509148],[139.547646,37.509156],[139.546621,37.509248],[139.545159,37.509481],[139.545071,37.509548],[139.544871,37.509906],[139.544509,37.510422],[139.544209,37.510781],[139.543471,37.511306],[139.543421,37.511506],[139.543396,37.511889],[139.543284,37.512047],[139.542971,37.512064],[139.541784,37.511531],[139.541159,37.511331],[139.539909,37.511272],[139.539147,37.511206],[139.538522,37.511347],[139.537847,37.511614],[139.537009,37.511914],[139.536547,37.51198],[139.535447,37.511922],[139.534822,37.511964],[139.534597,37.512014],[139.533647,37.512397],[139.532422,37.512672],[139.532285,37.512739],[139.531547,37.51283],[139.53141,37.51288],[139.531185,37.512855],[139.530272,37.512522],[139.529372,37.512372],[139.528097,37.512422],[139.527647,37.512755],[139.527372,37.513055],[139.52641,37.51373],[139.525847,37.514047],[139.52526,37.514163],[139.524298,37.51423],[139.523785,37.514547],[139.523223,37.514597],[139.521498,37.514247],[139.521098,37.514197],[139.520135,37.513955],[139.51996,37.513888],[139.519398,37.513488],[139.518598,37.512663],[139.517998,37.511813],[139.517736,37.511363],[139.517286,37.510688],[139.516686,37.509997],[139.516536,37.509914],[139.516036,37.509755],[139.514749,37.509289],[139.514161,37.50898],[139.514074,37.508889],[139.513649,37.508664],[139.513249,37.508847],[139.512912,37.509297],[139.512299,37.509705],[139.511537,37.509863],[139.510574,37.509955],[139.509812,37.510113],[139.508712,37.510705],[139.508349,37.510822],[139.508237,37.510797],[139.507662,37.510555],[139.507075,37.510147],[139.5065,37.50988],[139.505787,37.509613],[139.505712,37.509613],[139.505312,37.509755],[139.504687,37.509872],[139.504325,37.510047],[139.504125,37.510072],[139.503625,37.51023],[139.503425,37.510588],[139.503287,37.511038],[139.502925,37.51158],[139.502587,37.511763],[139.502137,37.51183],[139.50165,37.511788],[139.501175,37.511705],[139.500575,37.512038],[139.49945,37.512246],[139.497613,37.512438],[139.496737,37.512593],[139.49622,37.512509],[139.49475,37.51233],[139.494363,37.512205],[139.492351,37.511921],[139.491226,37.51173],[139.489476,37.510955],[139.489076,37.51083],[139.488339,37.510163],[139.487926,37.510163],[139.486876,37.510288],[139.486052,37.510338],[139.485302,37.51008],[139.484689,37.509497],[139.484314,37.508772],[139.484139,37.50793],[139.483839,37.507172],[139.483202,37.506547],[139.48074,37.504697],[139.479727,37.504197],[139.47924,37.504122],[139.478265,37.503464],[139.477915,37.503014],[139.477773,37.502962],[139.477603,37.502872],[139.47739,37.502764],[139.476065,37.502581],[139.475653,37.502672],[139.475353,37.502922],[139.47529,37.503014],[139.474953,37.503697],[139.47299,37.505105],[139.47234,37.505614],[139.471928,37.506214],[139.471366,37.506514],[139.470266,37.506622],[139.468816,37.506839],[139.468278,37.507355],[139.467966,37.507597],[139.466453,37.508222],[139.466003,37.508605],[139.465803,37.509205],[139.465303,37.509822],[139.465079,37.510163],[139.464928,37.510855],[139.464629,37.51148],[139.463904,37.51233],[139.463491,37.513013],[139.462041,37.513854],[139.460529,37.514171],[139.459866,37.514554],[139.459067,37.515171],[139.458217,37.515637],[139.457954,37.515987],[139.458054,37.516595],[139.457942,37.517037],[139.457454,37.51757],[139.457154,37.517979],[139.456692,37.517954],[139.454354,37.517429],[139.45248,37.517279],[139.451017,37.517345],[139.449955,37.51717],[139.44943,37.517012],[139.448118,37.516504],[139.44693,37.515987],[139.445518,37.515612],[139.444855,37.515545],[139.443618,37.514995],[139.443093,37.51457],[139.442568,37.514504],[139.441893,37.514287],[139.440956,37.514037],[139.440106,37.513529],[139.438919,37.513287],[139.437606,37.51367],[139.435944,37.513987],[139.433844,37.514662],[139.433082,37.514503],[139.431682,37.514353],[139.431095,37.514437],[139.42997,37.514753],[139.42887,37.514653],[139.428407,37.514195],[139.428345,37.513937],[139.428357,37.51332],[139.427957,37.512554],[139.42802,37.511654],[139.427958,37.511379],[139.427458,37.511187],[139.427258,37.511145],[139.426233,37.511079],[139.425083,37.511104],[139.42417,37.51127],[139.42382,37.511395],[139.423146,37.511462],[139.422283,37.510737],[139.422033,37.510595],[139.418646,37.510079],[139.417359,37.510095],[139.416721,37.510145],[139.414384,37.510178],[139.414246,37.509954],[139.414246,37.509345],[139.414384,37.508854],[139.414396,37.508662],[139.414271,37.508179],[139.413871,37.507679],[139.412984,37.506812],[139.411297,37.505321],[139.410947,37.504579],[139.410759,37.502946],[139.410722,37.502021],[139.410859,37.501546],[139.412297,37.499655],[139.412459,37.499063],[139.412872,37.498438],[139.413634,37.497938],[139.413809,37.497713],[139.414047,37.497063],[139.413859,37.496655],[139.413634,37.496522],[139.41001,37.494722],[139.408385,37.493097],[139.407972,37.49258],[139.40786,37.49193],[139.408472,37.490172],[139.408572,37.489339],[139.408272,37.488389],[139.40701,37.486789],[139.406923,37.486473],[139.40736,37.486248],[139.40786,37.485931],[139.408498,37.485373],[139.40981,37.483881],[139.409722,37.483273],[139.408798,37.481382],[139.408298,37.480232],[139.408023,37.479357],[139.406873,37.47859],[139.406048,37.477799],[139.405435,37.47699],[139.40521,37.476107],[139.404698,37.475141],[139.404523,37.474057],[139.404636,37.473116],[139.404773,37.472666],[139.405461,37.470858],[139.405436,37.470566],[139.404936,37.470091],[139.404411,37.468608],[139.404686,37.468],[139.406098,37.467166],[139.406236,37.466958],[139.406336,37.466333],[139.406148,37.465833],[139.404798,37.464933],[139.403723,37.46435],[139.402736,37.463717],[139.400536,37.462192],[139.399686,37.461558],[139.398562,37.460634],[139.397487,37.459892],[139.395812,37.460117],[139.394762,37.460342],[139.393725,37.460433],[139.392512,37.460458],[139.390887,37.461208],[139.390087,37.461792],[139.388225,37.462516],[139.386825,37.462966],[139.386,37.46335],[139.385225,37.463641],[139.384163,37.463783],[139.383113,37.463733],[139.382263,37.46385],[139.382013,37.463916],[139.381463,37.46385],[139.380551,37.463441],[139.379651,37.46315],[139.378738,37.463108],[139.377176,37.463199],[139.376238,37.463316],[139.375389,37.463633],[139.374426,37.463833],[139.374039,37.463883],[139.373351,37.464108],[139.372364,37.464691],[139.371751,37.464938],[139.371701,37.465033],[139.370876,37.465499],[139.370189,37.465641],[139.369164,37.465366],[139.368489,37.465524],[139.368177,37.466091],[139.367689,37.466741],[139.367089,37.467441],[139.366639,37.468165],[139.366177,37.468657],[139.365377,37.468957],[139.36379,37.46929],[139.362577,37.46999],[139.362252,37.469882],[139.361702,37.46954],[139.360815,37.46914],[139.359852,37.468849],[139.359365,37.468982],[139.358015,37.46804],[139.355928,37.467382],[139.355378,37.467249],[139.353178,37.467365],[139.351853,37.467999],[139.351553,37.46809],[139.351416,37.467774],[139.351391,37.466899],[139.351191,37.465816],[139.350866,37.465366],[139.350041,37.464849],[139.349104,37.463924],[139.347342,37.461716],[139.346429,37.460683],[139.345767,37.460274],[139.343442,37.460124],[139.342117,37.460124],[139.341105,37.459808],[139.340105,37.459383],[139.339805,37.459291],[139.33898,37.458841],[139.338793,37.458683],[139.338155,37.458841],[139.33678,37.458483],[139.33568,37.4579],[139.334781,37.4579],[139.332968,37.458191],[139.330843,37.458491],[139.330156,37.45885],[139.329531,37.459366],[139.327606,37.460024],[139.327081,37.460674],[139.326481,37.461149],[139.326394,37.461957],[139.326481,37.462432],[139.326044,37.462341],[139.323919,37.461582],[139.322057,37.460857],[139.320932,37.460724],[139.320594,37.460749],[139.319719,37.460341],[139.318807,37.460099],[139.318282,37.459982],[139.31672,37.459757],[139.315595,37.459382],[139.31502,37.458616],[139.314382,37.457666],[139.313945,37.457174],[139.313195,37.456541],[139.31227,37.456091],[139.31072,37.455733],[139.309908,37.456008],[139.308945,37.456724],[139.30737,37.458532],[139.30652,37.458866],[139.305308,37.458849],[139.304221,37.458599],[139.302571,37.457816],[139.301958,37.457816],[139.301058,37.457766],[139.300121,37.457316],[139.299621,37.456824],[139.298996,37.456399],[139.298609,37.455808],[139.297646,37.455608],[139.296546,37.455183],[139.295609,37.454733],[139.294322,37.454599],[139.293822,37.454508],[139.293134,37.453966],[139.292122,37.453341],[139.29006,37.452599],[139.28896,37.452416],[139.287585,37.452374],[139.287123,37.452399],[139.286185,37.452016],[139.28516,37.450866],[139.284311,37.450008],[139.283323,37.449783],[139.282061,37.4499],[139.281286,37.450166],[139.280661,37.450799],[139.279911,37.451724],[139.279498,37.452133],[139.278761,37.453166],[139.278686,37.453241],[139.277911,37.452924],[139.277199,37.452808],[139.275899,37.452224],[139.275299,37.451891],[139.273099,37.450358],[139.272162,37.450224],[139.270299,37.450333],[139.268587,37.449841],[139.267962,37.449524],[139.266837,37.449233],[139.265675,37.448624],[139.264413,37.448608],[139.263125,37.448266],[139.261338,37.447891],[139.260351,37.447616],[139.259063,37.447033],[139.258151,37.446941],[139.258013,37.447033],[139.257688,37.447666],[139.257876,37.448183],[139.258063,37.448524],[139.258063,37.448608],[139.257713,37.448791],[139.257276,37.449607],[139.256638,37.450616],[139.256388,37.450891],[139.255651,37.451382],[139.254639,37.451907],[139.253014,37.452174],[139.252351,37.452332],[139.251801,37.452424],[139.251551,37.452407],[139.251089,37.452249],[139.250426,37.451974],[139.249902,37.45184],[139.249189,37.45094],[139.248389,37.450757],[139.247877,37.450424],[139.246964,37.449141],[139.246763,37.449046],[139.246277,37.448799],[139.244965,37.448649],[139.24449,37.448524],[139.24394,37.448299],[139.243315,37.447966],[139.242165,37.447457],[139.24114,37.446899],[139.239865,37.445949],[139.238678,37.445941],[139.237378,37.445083],[139.236641,37.444916],[139.235766,37.444799],[139.234803,37.444824],[139.233091,37.445316],[139.232316,37.445499],[139.231691,37.445816],[139.231541,37.446007],[139.231241,37.446532],[139.230941,37.446957],[139.230491,37.447107],[139.230141,37.447165],[139.229029,37.447257],[139.228441,37.447349],[139.228016,37.447607],[139.227779,37.44769],[139.227566,37.447565],[139.227216,37.447249],[139.226979,37.44719],[139.226879,37.447249],[139.225929,37.448165],[139.225554,37.448199],[139.224942,37.448065],[139.224829,37.44809],[139.224092,37.448715],[139.223654,37.44914],[139.223454,37.449165],[139.223067,37.448782],[139.222817,37.448232],[139.222667,37.447749],[139.222392,37.44724],[139.222304,37.446749],[139.222317,37.44634],[139.222079,37.446007],[139.221942,37.445915],[139.221267,37.445799],[139.220392,37.445857],[139.22018,37.445765],[139.21988,37.445532],[139.218555,37.445282],[139.218067,37.44489],[139.216018,37.442832],[139.21533,37.442199],[139.214968,37.441641],[139.21483,37.440957],[139.215018,37.440083],[139.214755,37.439741],[139.21433,37.439358],[139.213156,37.439008],[139.213118,37.438883],[139.213081,37.438283],[139.213343,37.437591],[139.213518,37.436966],[139.213568,37.436575],[139.213293,37.436133],[139.212193,37.434816],[139.211418,37.4338],[139.211068,37.433108],[139.210831,37.432425],[139.210456,37.432033],[139.209906,37.431833],[139.209494,37.431625],[139.209444,37.431525],[139.209406,37.431042],[139.209206,37.430692],[139.207781,37.429292],[139.207656,37.429067],[139.207469,37.428434],[139.207382,37.427626],[139.206769,37.424559],[139.206769,37.424009],[139.206969,37.422768],[139.207007,37.421818],[139.207044,37.420651],[139.207132,37.420168],[139.207282,37.41971],[139.207308,37.419645],[139.207419,37.419185],[139.207832,37.418143],[139.208432,37.416927],[139.208357,37.416752],[139.208269,37.416702],[139.206707,37.416544],[139.205682,37.416344],[139.204782,37.41601],[139.204032,37.415427],[139.20337,37.414769],[139.203095,37.414569],[139.202307,37.414369],[139.201282,37.414252],[139.200408,37.413944],[139.198783,37.413177],[139.198395,37.412727],[139.198008,37.412052],[139.197483,37.411286],[139.197231,37.410919],[139.197133,37.410769],[139.197494,37.410694],[139.197845,37.410611],[139.198695,37.410269],[139.199633,37.409778],[139.201858,37.408711],[139.202383,37.408194],[139.20342,37.406703],[139.203857,37.406411],[139.204707,37.406095],[139.204707,37.40517],[139.205532,37.403478],[139.205757,37.402803],[139.20617,37.402262],[139.206957,37.401679],[139.207457,37.401112],[139.207595,37.400345],[139.207532,37.398971],[139.207457,37.398296],[139.207457,37.397621],[139.207532,37.396988],[139.207645,37.396496],[139.207945,37.396088],[139.20852,37.395679],[139.209232,37.395121],[139.209782,37.394396],[139.210607,37.393471],[139.211894,37.392455],[139.212444,37.392072],[139.213032,37.391897],[139.213932,37.391713],[139.215032,37.391422],[139.215807,37.391438],[139.218106,37.391705],[139.219269,37.391955],[139.220369,37.392297],[139.221219,37.393038],[139.221881,37.393347],[139.222656,37.393263],[139.223531,37.392805],[139.224156,37.392288],[139.224931,37.391864],[139.225731,37.391297],[139.226106,37.391097],[139.227593,37.390847],[139.227981,37.390889],[139.227818,37.390322],[139.227043,37.388956],[139.227593,37.388614],[139.228768,37.388547],[139.229318,37.388564],[139.230318,37.388522],[139.23103,37.388272],[139.23158,37.387797],[139.231655,37.387572],[139.231518,37.386989],[139.231055,37.386131],[139.230805,37.385389],[139.23083,37.384739],[139.230918,37.384556],[139.231355,37.384039],[139.231655,37.383631],[139.231593,37.383589],[139.230968,37.383365],[139.230606,37.383156],[139.230631,37.382773],[139.231218,37.38239],[139.231618,37.382031],[139.231318,37.380656],[139.231406,37.380498],[139.231918,37.379982],[139.233605,37.379573],[139.234505,37.379165],[139.234943,37.378673],[139.235193,37.37784],[139.236593,37.37644],[139.236943,37.374999],[139.23758,37.374299],[139.237855,37.373557],[139.238018,37.372791],[139.237793,37.371058],[139.237405,37.370291],[139.236993,37.369749],[139.236943,37.369616],[139.23713,37.369258],[139.237568,37.368733],[139.237543,37.368241],[139.237018,37.367791],[139.236493,37.367133],[139.236193,37.366125],[139.236193,37.364816],[139.235943,37.363916],[139.235443,37.363042],[139.235056,37.362],[139.234869,37.360875],[139.234694,37.360158],[139.234144,37.359342],[139.233656,37.358467],[139.233481,37.357567],[139.233706,37.356392],[139.234444,37.354117],[139.234656,37.353151],[139.234744,37.351592],[139.234707,37.350692],[139.234544,37.349926],[139.234219,37.348759],[139.233632,37.346951],[139.233407,37.345401],[139.233407,37.344276],[139.23352,37.343668],[139.232832,37.343218],[139.23187,37.342852],[139.23152,37.34286],[139.230495,37.342926],[139.228933,37.343101],[139.228433,37.343243],[139.228108,37.343376],[139.227858,37.343443],[139.227608,37.342743],[139.22737,37.342293],[139.226958,37.34191],[139.226646,37.341418],[139.226133,37.340968],[139.225083,37.340768],[139.224946,37.340718],[139.224783,37.340427],[139.224621,37.339952],[139.224283,37.339644],[139.224121,37.33926],[139.223984,37.338719],[139.223371,37.338044],[139.222959,37.337819],[139.222109,37.337477],[139.221672,37.337211],[139.221447,37.336986],[139.221422,37.336761],[139.221309,37.336394],[139.221484,37.336361],[139.221647,37.336119],[139.221759,37.335969],[139.221784,37.335786],[139.221659,37.335669],[139.221397,37.335611],[139.220859,37.335419],[139.220722,37.335319],[139.220284,37.335136],[139.219484,37.335003],[139.219022,37.334844],[139.218459,37.334703],[139.218097,37.334461],[139.217835,37.334245],[139.217785,37.334086],[139.218297,37.333145],[139.218885,37.332345],[139.21936,37.331962],[139.220135,37.331703],[139.220222,37.331645],[139.220297,37.331462],[139.220172,37.330937],[139.21971,37.330154],[139.219672,37.329995],[139.219672,37.329604],[139.220122,37.328862],[139.220185,37.328204],[139.220435,37.327537],[139.220435,37.327171],[139.220585,37.326788],[139.220797,37.326438],[139.22081,37.326288],[139.22051,37.325329],[139.220622,37.324788],[139.221135,37.323646],[139.221385,37.323396],[139.221772,37.323188],[139.222472,37.322555],[139.223034,37.322238],[139.223359,37.322096],[139.223972,37.321646],[139.224209,37.321305],[139.224222,37.319996],[139.224134,37.319496],[139.223684,37.31898],[139.222959,37.318338],[139.222822,37.317797],[139.222709,37.317005],[139.222197,37.31538],[139.221959,37.31493],[139.220647,37.313614],[139.218335,37.311497],[139.217497,37.310606],[139.216772,37.309922],[139.215897,37.309322],[139.215648,37.308964],[139.21561,37.308672],[139.215685,37.308256],[139.21626,37.307448],[139.216485,37.307239],[139.217197,37.306906],[139.217297,37.306831],[139.217447,37.306498],[139.21761,37.305698],[139.21771,37.305514],[139.217697,37.305256],[139.217535,37.304898],[139.216835,37.303473],[139.216173,37.301748],[139.215998,37.301382],[139.215273,37.30024],[139.214985,37.299473],[139.21446,37.297299],[139.214485,37.296757],[139.21461,37.29609],[139.214348,37.294474],[139.214161,37.293657],[139.214136,37.293199],[139.214311,37.292724],[139.214561,37.292299],[139.214561,37.291933],[139.214386,37.291499],[139.213711,37.289108],[139.213399,37.288216],[139.212861,37.2872],[139.212486,37.286591],[139.211811,37.285841],[139.210824,37.285225],[139.210349,37.285],[139.209949,37.284908],[139.209449,37.284858],[139.209324,37.284825],[139.208199,37.284758],[139.207512,37.284683],[139.206712,37.284442],[139.206237,37.28425],[139.2058,37.283975],[139.205237,37.283475],[139.204825,37.283],[139.204037,37.281792],[139.203312,37.281067],[139.20295,37.280609],[139.202712,37.280201],[139.201363,37.278634],[139.200525,37.277976],[139.199925,37.277668],[139.199525,37.277618],[139.199213,37.277493],[139.198838,37.277026],[139.198463,37.276476],[139.197738,37.275601],[139.197351,37.275276],[139.196851,37.27496],[139.196189,37.274676],[139.195564,37.274576],[139.195076,37.27456],[139.194601,37.274401],[139.193239,37.273551],[139.193051,37.273393],[139.192889,37.273135],[139.192664,37.272443],[139.192227,37.270694],[139.191902,37.269585],[139.191639,37.269352],[139.190727,37.269102],[139.189602,37.268877],[139.189265,37.268694],[139.188977,37.268369],[139.187952,37.266744],[139.187602,37.266469],[139.187115,37.266227],[139.186628,37.265919],[139.186053,37.265377],[139.185665,37.264969],[139.18529,37.264678],[139.183628,37.263811],[139.183328,37.263478],[139.183091,37.263144],[139.182891,37.262636],[139.182878,37.262219],[139.182816,37.261978],[139.182591,37.261778],[139.182178,37.261611],[139.181766,37.261503],[139.181341,37.261245],[139.180466,37.260578],[139.179416,37.259961],[139.178966,37.259545],[139.178679,37.259161],[139.178441,37.258695],[139.178004,37.257295],[139.177892,37.256812],[139.177679,37.25667],[139.177129,37.256603],[139.176667,37.256587],[139.175754,37.256678],[139.175217,37.256762],[139.175117,37.256753],[139.174892,37.256653],[139.174617,37.256345],[139.17428,37.255045],[139.173955,37.254337],[139.173792,37.253679],[139.173392,37.253037],[139.173336,37.252913],[139.173167,37.252487],[139.17208,37.251796],[139.17163,37.251546],[139.171105,37.251121],[139.170405,37.250513],[139.170293,37.250446],[139.17023,37.250171],[139.170318,37.249496],[139.170255,37.249138],[139.169918,37.248121],[139.169555,37.247221],[139.169193,37.246655],[139.168968,37.246271],[139.168743,37.24573],[139.167943,37.24458],[139.16738,37.243997],[139.167068,37.243505],[139.166768,37.24253],[139.166431,37.241563],[139.166118,37.24098],[139.165443,37.240214],[139.164918,37.239605],[139.164856,37.239197],[139.164893,37.238972],[139.164856,37.238364],[139.164781,37.237822],[139.164881,37.236106],[139.165019,37.235614],[139.165306,37.235047],[139.165381,37.234348],[139.165494,37.233806],[139.165744,37.233131],[139.165906,37.232256],[139.166181,37.232048],[139.166494,37.231939],[139.167219,37.231823],[139.167768,37.231781],[139.169556,37.229948],[139.170031,37.229156],[139.170393,37.228865],[139.170806,37.228665],[139.171106,37.22839],[139.171531,37.227465],[139.171718,37.227198],[139.172006,37.226907],[139.172168,37.226632],[139.172306,37.226182],[139.172356,37.225707],[139.172468,37.225299],[139.172856,37.224757],[139.173218,37.224424],[139.173781,37.22374],[139.174781,37.223024],[139.175468,37.222482],[139.175868,37.222049],[139.176193,37.221782],[139.176806,37.221441],[139.177168,37.221124],[139.17778,37.220716],[139.178205,37.220316],[139.178505,37.220091],[139.178868,37.219974],[139.179205,37.219791],[139.180318,37.218958],[139.181905,37.217966],[139.182905,37.217466],[139.183343,37.217175],[139.184043,37.216475],[139.184567,37.216108],[139.184705,37.21595],[139.184705,37.215525],[139.18463,37.215208],[139.18468,37.214758],[139.18488,37.214441],[139.18568,37.213383],[139.186205,37.212908],[139.186567,37.212075],[139.186767,37.211467],[139.186817,37.210492],[139.18698,37.210067],[139.187092,37.209909],[139.18748,37.20955],[139.188205,37.209234],[139.188905,37.209092],[139.18943,37.208959],[139.18988,37.208709],[139.190354,37.208284],[139.190542,37.207826],[139.190654,37.207442],[139.191354,37.206792],[139.191967,37.206476],[139.192767,37.206226],[139.193242,37.205842],[139.193579,37.205409],[139.194042,37.205051],[139.194379,37.204709],[139.194717,37.204193],[139.194854,37.203651],[139.194817,37.203001],[139.194742,37.202484],[139.194817,37.202168],[139.195267,37.201784],[139.195879,37.201393],[139.196104,37.201059],[139.196292,37.200626],[139.196404,37.200493],[139.196604,37.200068],[139.196704,37.199543],[139.196704,37.199093],[139.196792,37.198618],[139.197042,37.19801],[139.197154,37.197627],[139.197179,37.197202],[139.197042,37.196702],[139.196667,37.196185],[139.196554,37.19576],[139.196564,37.195159],[139.196569,37.194714],[139.196529,37.194069],[139.196754,37.194019],[139.198229,37.194044],[139.198929,37.194085],[139.199391,37.194085],[139.199929,37.194044],[139.202904,37.19401],[139.203941,37.194127],[139.204516,37.194102],[139.205078,37.194144],[139.205753,37.194435],[139.205966,37.194619],[139.206391,37.195044],[139.207028,37.195335],[139.207815,37.195494],[139.208515,37.19586],[139.208928,37.196377],[139.209265,37.197185],[139.20954,37.197593],[139.20999,37.197927],[139.210303,37.19806],[139.211027,37.198468],[139.211752,37.198827],[139.213027,37.199643],[139.213315,37.199868],[139.213702,37.200943],[139.213815,37.201577],[139.21384,37.202168],[139.213927,37.202701],[139.214214,37.203451],[139.214352,37.203718],[139.215052,37.204376],[139.215277,37.20471],[139.215464,37.205143],[139.215977,37.206493],[139.216527,37.207418],[139.216952,37.208026],[139.217489,37.209084],[139.217651,37.209443],[139.217901,37.209493],[139.219739,37.209309],[139.220889,37.209101],[139.220989,37.209076],[139.221139,37.208993],[139.221189,37.208851],[139.221126,37.207843],[139.221101,37.207385],[139.221126,37.206918],[139.221076,37.206285],[139.221101,37.205376],[139.221239,37.205018],[139.221426,37.204701],[139.221901,37.204435],[139.222464,37.204293],[139.223438,37.204118],[139.223601,37.204118],[139.225438,37.203727],[139.225826,37.203593],[139.226138,37.203527],[139.226351,37.203393],[139.226488,37.203118],[139.226551,37.20271],[139.226438,37.20231],[139.225963,37.201585],[139.225313,37.20071],[139.225126,37.20001],[139.225063,37.199694],[139.225151,37.199335],[139.225613,37.198294],[139.225976,37.197911],[139.226313,37.197686],[139.227201,37.197386],[139.228201,37.197119],[139.228676,37.196936],[139.229238,37.196553],[139.229626,37.196169],[139.230125,37.195578],[139.23045,37.195128],[139.230813,37.194545],[139.231063,37.193978],[139.2312,37.193528],[139.231363,37.19317],[139.231763,37.192736],[139.23265,37.192012],[139.233125,37.191678],[139.234013,37.19077],[139.234588,37.189979],[139.234813,37.18962],[139.234838,37.189512],[139.2355,37.188695],[139.235725,37.188495],[139.236287,37.188179],[139.237512,37.187862],[139.237875,37.187837],[139.238312,37.187771],[139.238537,37.187787],[139.238675,37.187771],[139.239037,37.187787],[139.23965,37.187762],[139.240375,37.187512],[139.240787,37.187287],[139.241099,37.187062],[139.241262,37.186812],[139.241287,37.186362],[139.241262,37.186004],[139.241175,37.185713],[139.240787,37.185079],[139.240725,37.184788],[139.240812,37.184313],[139.241062,37.183929],[139.241287,37.18368],[139.241612,37.18343],[139.243812,37.182188],[139.244087,37.181963],[139.244374,37.181605],[139.244449,37.181372],[139.244449,37.181105],[139.244249,37.180455],[139.243999,37.179055],[139.243712,37.177947],[139.243574,37.177589],[139.243549,37.17738],[139.243599,37.177297],[139.243799,37.177247],[139.244274,37.177222],[139.244724,37.177272],[139.245137,37.177247],[139.245274,37.17718],[139.245274,37.17713],[139.245187,37.175822],[139.245049,37.174722],[139.244874,37.174498],[139.244712,37.174448],[139.244487,37.174448],[139.243899,37.174406],[139.243562,37.174231],[139.243375,37.173981],[139.242837,37.173164],[139.242675,37.172698],[139.242675,37.172356],[139.242975,37.170823],[139.243137,37.17039],[139.243337,37.170231],[139.2437,37.170031],[139.244,37.16994],[139.244312,37.169898],[139.244774,37.169873],[139.245387,37.169965],[139.246037,37.17014],[139.246224,37.170098],[139.246546,37.169989],[139.246774,37.169887],[139.246926,37.169848],[139.247137,37.169798],[139.247262,37.169715],[139.247359,37.169462],[139.247324,37.168707],[139.247287,37.168165],[139.247137,37.167823],[139.246912,37.167665],[139.246687,37.167573],[139.246487,37.167515],[139.246237,37.167323],[139.246062,37.167057],[139.246024,37.166699],[139.246174,37.166382],[139.246362,37.166249],[139.246724,37.166165],[139.246954,37.166159],[139.247287,37.166132],[139.247987,37.166165],[139.248862,37.166207],[139.249512,37.166157],[139.251312,37.165874],[139.252549,37.16559],[139.253424,37.165324],[139.253811,37.165124],[139.253836,37.164882],[139.253636,37.164724],[139.253361,37.164632],[139.252974,37.164574],[139.251512,37.164424],[139.250849,37.164257],[139.250487,37.164016],[139.250349,37.163799],[139.250324,37.163607],[139.250487,37.163332],[139.251049,37.162899],[139.251962,37.162374],[139.252462,37.162174],[139.252624,37.162016],[139.252949,37.161433],[139.252787,37.160708],[139.252687,37.160158],[139.252749,37.159608],[139.253024,37.1588],[139.252999,37.158416],[139.252812,37.158208],[139.252262,37.157975],[139.250949,37.157467],[139.250512,37.157208],[139.250162,37.156883],[139.249937,37.156575],[139.249874,37.155958],[139.250175,37.153984],[139.250212,37.153284],[139.250075,37.152525],[139.249812,37.151576],[139.249337,37.150676],[139.248362,37.148876],[139.247475,37.147534],[139.246775,37.146839],[139.246338,37.14666],[139.246125,37.146435],[139.245825,37.145468],[139.245188,37.142218],[139.2451,37.14131],[139.245063,37.140377],[139.244613,37.138036],[139.244063,37.135744],[139.243738,37.132361],[139.243776,37.130287],[139.243951,37.129195],[139.243976,37.128795],[139.243926,37.128354],[139.243789,37.127962],[139.243589,37.127637],[139.241776,37.125454],[139.240402,37.123954],[139.239202,37.122429],[139.238177,37.120938],[139.237589,37.119805],[139.236577,37.117455],[139.236065,37.116047],[139.235277,37.11348],[139.23509,37.112356],[139.235102,37.111647],[139.235165,37.111206],[139.235277,37.109698],[139.235227,37.109006],[139.23529,37.107373],[139.235527,37.105298],[139.235652,37.104498],[139.23579,37.102465],[139.235915,37.101815],[139.236103,37.101182],[139.236752,37.099765],[139.23769,37.098141],[139.239052,37.096274],[139.240065,37.094874],[139.24074,37.093875],[139.240865,37.093583],[139.240865,37.093316],[139.240677,37.092916],[139.24039,37.092458],[139.239665,37.09165],[139.238877,37.090883],[139.23874,37.090658],[139.238727,37.090242],[139.238915,37.089658],[139.239227,37.089258],[139.239452,37.089117],[139.239902,37.088758],[139.24044,37.088159],[139.241665,37.086425],[139.241927,37.085684],[139.242452,37.084976],[139.24319,37.084301],[139.24389,37.083743],[139.245402,37.082759],[139.246189,37.082384],[139.246514,37.082268],[139.246777,37.082159],[139.246939,37.082159],[139.247352,37.082076],[139.248002,37.081843],[139.248552,37.081526],[139.248789,37.081301],[139.249064,37.08081],[139.249102,37.080535],[139.249114,37.079827],[139.249002,37.079468],[139.248327,37.078285],[139.247564,37.076644],[139.246952,37.074569],[139.246778,37.07434],[139.246577,37.073977],[139.246465,37.073302],[139.246465,37.072877],[139.246778,37.07189],[139.24684,37.071669],[139.24699,37.070928],[139.247127,37.070653],[139.247552,37.070169],[139.248689,37.06862],[139.248789,37.068461],[139.249289,37.067936],[139.249789,37.067086],[139.249827,37.06627],[139.249989,37.066053],[139.250114,37.065978],[139.250789,37.065653],[139.250977,37.065603],[139.251127,37.06537],[139.251314,37.064912],[139.251564,37.064529],[139.252239,37.063837],[139.252677,37.06322],[139.253089,37.062995],[139.253464,37.06287],[139.253877,37.062787],[139.254239,37.062737],[139.254402,37.062579],[139.254577,37.062062],[139.254627,37.061612],[139.254577,37.061512],[139.254489,37.060554],[139.254339,37.060062],[139.254377,37.059613],[139.254464,37.059254],[139.254639,37.058954],[139.254727,37.058304],[139.254802,37.057988],[139.255014,37.057496],[139.255202,37.057363],[139.255589,37.057188],[139.256352,37.056988],[139.257001,37.056796],[139.257214,37.056621],[139.257314,37.056405],[139.257364,37.056046],[139.257151,37.054988],[139.256702,37.05368],[139.256652,37.052655],[139.256864,37.051305],[139.257264,37.049897],[139.257839,37.048514],[139.257902,37.048464],[139.258439,37.048339],[139.259114,37.048322],[139.259676,37.048206],[139.260039,37.048048],[139.260226,37.047773],[139.260289,37.047514],[139.260051,37.046998],[139.259626,37.046248],[139.259514,37.045964],[139.259839,37.045456],[139.260201,37.044973],[139.260239,37.044781],[139.260176,37.044398],[139.259727,37.043498],[139.259514,37.043231],[139.259139,37.042923],[139.258752,37.042698],[139.257714,37.042398],[139.257402,37.042215],[139.257102,37.04189],[139.256452,37.041257],[139.255427,37.04059],[139.254977,37.040323],[139.25469,37.040265],[139.253577,37.040298],[139.253327,37.040257],[139.253015,37.040098],[139.252852,37.039873],[139.252865,37.039623],[139.25299,37.039282],[139.253315,37.038782],[139.253752,37.038207],[139.25409,37.037657],[139.254177,37.037157],[139.254127,37.036865],[139.253927,37.036607],[139.253477,37.036324],[139.253365,37.03619],[139.253327,37.035932],[139.253352,37.034824],[139.253303,37.034341],[139.25319,37.034082],[139.25244,37.033216],[139.251603,37.032441],[139.250953,37.031924],[139.250478,37.031649],[139.24944,37.031349],[139.248865,37.031158],[139.248703,37.031033],[139.248628,37.030866],[139.248616,37.030574],[139.248803,37.029483],[139.248928,37.02915],[139.249416,37.028041],[139.249491,37.027658],[139.249378,37.027525],[139.249166,37.027441],[139.248778,37.027383],[139.248441,37.027383],[139.248128,37.02735],[139.247978,37.027291],[139.247853,37.027175],[139.247791,37.026983],[139.247816,37.026983],[139.247928,37.026575],[139.248078,37.026292],[139.248441,37.02545],[139.248528,37.024683],[139.248566,37.024075],[139.248428,37.023742],[139.247828,37.022784],[139.247653,37.022217],[139.247428,37.021592],[139.247078,37.021175],[139.246779,37.02093],[139.245904,37.020092],[139.245454,37.019542],[139.244766,37.018701],[139.244616,37.018426],[139.244604,37.018176],[139.244729,37.017351],[139.244816,37.017076],[139.244841,37.016759],[139.244741,37.016593],[139.244566,37.016443],[139.243904,37.016093],[139.243654,37.015918],[139.243416,37.015459],[139.243342,37.015068],[139.243504,37.014901],[139.243941,37.014693],[139.244229,37.014493],[139.244416,37.014176],[139.244479,37.013826],[139.244466,37.013476],[139.244554,37.01311],[139.244816,37.012685],[139.245416,37.012093],[139.246104,37.011235],[139.246241,37.011085],[139.246516,37.010502],[139.246541,37.009452],[139.246666,37.009177],[139.246779,37.009049],[139.247241,37.008785],[139.247479,37.00866],[139.248029,37.008186],[139.249379,37.007211],[139.249541,37.006952],[139.249729,37.006386],[139.249904,37.006069],[139.250391,37.005461],[139.250628,37.005253],[139.250991,37.004719],[139.251053,37.004519],[139.250941,37.003836],[139.251054,37.00337],[139.251179,37.003136],[139.251278,37.00307],[139.251666,37.002111],[139.251703,37.001645],[139.251616,37.000812],[139.251753,37.000228],[139.251788,36.999748],[139.251791,36.999278],[139.251791,36.998754],[139.251916,36.997962],[139.252316,36.997145],[139.253178,36.996029],[139.253278,36.995604],[139.253166,36.995129],[139.252628,36.994412],[139.252603,36.994079],[139.252628,36.993929],[139.252841,36.993571],[139.253428,36.993213],[139.253653,36.992879],[139.253703,36.99068],[139.253841,36.98998],[139.254216,36.989588],[139.255091,36.989371],[139.255441,36.989205],[139.255616,36.988847],[139.255216,36.987405],[139.254903,36.986788],[139.254541,36.986197],[139.253991,36.985547],[139.253854,36.985422],[139.253541,36.984972],[139.253291,36.984255],[139.253141,36.983639],[139.251816,36.98343],[139.251091,36.983247],[139.250616,36.983047],[139.250054,36.982514],[139.249829,36.982406],[139.249304,36.982364],[139.248742,36.982381],[139.248154,36.982264],[139.247879,36.981897],[139.247329,36.980856],[139.247242,36.980264],[139.247329,36.980048],[139.247667,36.979689],[139.248779,36.979089],[139.249242,36.978614],[139.249342,36.978198],[139.249704,36.977598],[139.250292,36.977365],[139.250629,36.977315],[139.251116,36.977173],[139.251566,36.976948],[139.251966,36.976706],[139.252241,36.976406],[139.252054,36.97594],[139.252004,36.97534],[139.252329,36.974915],[139.252679,36.973765],[139.252554,36.973365],[139.251879,36.97284],[139.250917,36.972357],[139.249992,36.971965],[139.24863,36.97154],[139.248017,36.971307],[139.247867,36.971182],[139.247742,36.970715],[139.248055,36.97034],[139.248617,36.96994],[139.248905,36.969674],[139.248692,36.968899],[139.248905,36.968324],[139.24923,36.967815],[139.249317,36.967499],[139.24928,36.967424],[139.248705,36.967091],[139.248268,36.966624],[139.247968,36.966224],[139.24808,36.965832],[139.248368,36.965457],[139.24883,36.965257],[139.24938,36.965299],[139.249867,36.965399],[139.250455,36.965307],[139.250855,36.965057],[139.251192,36.964624],[139.25133,36.964058],[139.25133,36.963283],[139.251218,36.962341],[139.25103,36.962016],[139.250905,36.961891],[139.250455,36.961858],[139.249905,36.961949],[139.24948,36.961924],[139.24878,36.961558],[139.248655,36.961174],[139.248905,36.960724],[139.249505,36.960316],[139.250018,36.959866],[139.25018,36.959275],[139.250156,36.958558],[139.249843,36.957158],[139.249993,36.955933],[139.249743,36.955733],[139.249606,36.955692],[139.248868,36.955817],[139.247894,36.956267],[139.247506,36.956308],[139.247069,36.956175],[139.246869,36.956067],[139.246781,36.956038],[139.246331,36.9556],[139.246081,36.954458],[139.245881,36.954117],[139.245444,36.953625],[139.245257,36.953125],[139.245144,36.952633],[139.244844,36.9522],[139.244319,36.951842],[139.243794,36.9516],[139.243157,36.951192],[139.241945,36.950042],[139.241707,36.949567],[139.241782,36.949167],[139.242307,36.94885],[139.24307,36.9486],[139.24327,36.948625],[139.24387,36.948534],[139.244095,36.948217],[139.244057,36.947651],[139.243707,36.946976],[139.243432,36.946167],[139.243258,36.945467],[139.243345,36.944684],[139.243208,36.944143],[139.242795,36.943759],[139.242133,36.943626],[139.24087,36.943534],[139.240758,36.943468],[139.240758,36.943109],[139.241083,36.942768],[139.24177,36.942268],[139.241883,36.941976],[139.241745,36.941684],[139.241246,36.941459],[139.240946,36.941368],[139.240096,36.941301],[139.238583,36.941551],[139.237158,36.941934],[139.236384,36.942184],[139.235759,36.942317],[139.235096,36.942251],[139.234571,36.941917],[139.233946,36.941351],[139.232846,36.940676],[139.232397,36.940501],[139.231934,36.940501],[139.232022,36.940568],[139.232571,36.941042],[139.233284,36.941601],[139.233809,36.942234],[139.234684,36.943067],[139.236171,36.944867],[139.236883,36.945567],[139.237521,36.9461],[139.237883,36.946467],[139.237908,36.946575],[139.237821,36.946709],[139.237221,36.947025],[139.236721,36.947459],[139.236508,36.947709],[139.236096,36.948542],[139.235771,36.949483],[139.23557,36.950408],[139.235333,36.951308],[139.235033,36.95185],[139.234533,36.952391],[139.233683,36.952908],[139.232883,36.95345],[139.231683,36.955233],[139.231245,36.955974],[139.231201,36.956396],[139.230072,36.955095],[139.228483,36.953246],[139.225123,36.949108],[139.222966,36.945189],[139.22326,36.94274],[139.222966,36.940192],[139.222574,36.935],[139.224437,36.931276],[139.226594,36.926867],[139.229928,36.923732],[139.231693,36.922165],[139.232674,36.920107],[139.232674,36.917266],[139.233949,36.914718],[139.236339,36.912381],[139.238984,36.910178],[139.242777,36.909033],[139.246128,36.908328],[139.249214,36.906566],[139.250625,36.905332],[139.250625,36.904539],[139.249303,36.903746],[139.245775,36.902512],[139.240043,36.900133],[139.232635,36.897754],[139.224874,36.895816],[139.2202,36.893172],[139.215438,36.890088],[139.210764,36.889383],[139.207501,36.889559],[139.202066,36.891688],[139.194747,36.89583],[139.182841,36.90235],[139.17658,36.906227],[139.171024,36.907461],[139.166879,36.907461],[139.161323,36.905875],[139.158374,36.904546],[139.150613,36.903224],[139.143999,36.903312],[139.133151,36.904987],[139.123098,36.908599],[139.114757,36.912654],[139.110436,36.914504],[139.105144,36.915826],[139.101176,36.915649],[139.098177,36.914328],[139.093944,36.911684],[139.090416,36.909481],[139.085742,36.908072],[139.082303,36.907014],[139.079393,36.904283],[139.074983,36.902344],[139.070309,36.901992],[139.066341,36.902256],[139.063643,36.902422],[139.058264,36.901629],[139.054031,36.900131],[139.045829,36.897487],[139.03798,36.895461],[139.029338,36.893346],[139.023121,36.892817],[139.01977,36.892024],[139.017301,36.892729],[139.011921,36.893786],[139.005572,36.894579],[138.99819,36.894322],[138.993856,36.894541],[138.990048,36.89406],[138.985408,36.892398],[138.979035,36.890919],[138.978215,36.890679],[138.97786,36.89056],[138.977235,36.890435],[138.976798,36.890435],[138.976335,36.890352],[138.975298,36.889935],[138.974723,36.889511],[138.974298,36.889036],[138.973148,36.887986],[138.972286,36.887477],[138.971661,36.887186],[138.971536,36.887252],[138.970211,36.888069],[138.969186,36.888836],[138.967999,36.88981],[138.967649,36.890235],[138.967311,36.89086],[138.967211,36.890969],[138.966899,36.891177],[138.966449,36.891369],[138.965849,36.891544],[138.965336,36.891652],[138.962974,36.891919],[138.962499,36.892118],[138.961974,36.892427],[138.961399,36.89261],[138.960799,36.892652],[138.960324,36.892727],[138.959899,36.892902],[138.958649,36.893293],[138.958412,36.893443],[138.958312,36.893977],[138.958212,36.894268],[138.958074,36.89446],[138.957712,36.89456],[138.956662,36.894676],[138.956075,36.894801],[138.955062,36.895093],[138.954812,36.89531],[138.954587,36.895426],[138.954062,36.895368],[138.953587,36.895185],[138.953188,36.894951],[138.952938,36.89471],[138.9526,36.894293],[138.952325,36.894068],[138.951925,36.893843],[138.95105,36.893751],[138.950113,36.89346],[138.949563,36.893218],[138.9495,36.893243],[138.948813,36.893893],[138.948426,36.894168],[138.947938,36.894326],[138.947538,36.894393],[138.946838,36.894376],[138.946076,36.89461],[138.945613,36.894668],[138.944214,36.894768],[138.942626,36.894984],[138.942039,36.895151],[138.941526,36.895243],[138.941026,36.895259],[138.940214,36.895176],[138.939652,36.894976],[138.938564,36.894526],[138.937414,36.894143],[138.936839,36.893859],[138.936327,36.893676],[138.935777,36.893618],[138.935215,36.893676],[138.934502,36.893909],[138.934052,36.894084],[138.933577,36.894084],[138.932915,36.893893],[138.932178,36.893559],[138.932092,36.893403],[138.931615,36.892326],[138.931365,36.892026],[138.931078,36.891785],[138.931028,36.891676],[138.93119,36.891335],[138.93129,36.890993],[138.931303,36.889835],[138.931428,36.888935],[138.931365,36.888577],[138.93119,36.888318],[138.931128,36.888127],[138.930828,36.887802],[138.930428,36.887152],[138.930328,36.88706],[138.929965,36.886894],[138.929453,36.886519],[138.928628,36.886319],[138.928228,36.886185],[138.927741,36.885744],[138.927591,36.885652],[138.926978,36.885419],[138.926116,36.885277],[138.925016,36.885094],[138.924591,36.884902],[138.924316,36.884619],[138.924116,36.884535],[138.923379,36.883844],[138.923004,36.883352],[138.922579,36.882352],[138.921791,36.880744],[138.921629,36.880286],[138.921691,36.879844],[138.921916,36.879019],[138.921904,36.878678],[138.921679,36.878403],[138.920792,36.877678],[138.920479,36.877186],[138.919917,36.876636],[138.919604,36.876211],[138.919042,36.875178],[138.918429,36.874428],[138.918154,36.873962],[138.918042,36.873678],[138.917992,36.873345],[138.91808,36.87267],[138.918167,36.87227],[138.91803,36.871962],[138.917642,36.871604],[138.917292,36.871354],[138.917092,36.871079],[138.917117,36.870904],[138.917255,36.870495],[138.917642,36.869662],[138.918192,36.868654],[138.918505,36.868204],[138.919017,36.867646],[138.919305,36.867471],[138.919705,36.867021],[138.921117,36.865879],[138.921267,36.865863],[138.921717,36.865563],[138.922079,36.864588],[138.922292,36.864213],[138.922467,36.863555],[138.922379,36.862688],[138.922267,36.862163],[138.922092,36.861872],[138.922092,36.861522],[138.922192,36.861255],[138.92218,36.861022],[138.92203,36.86068],[138.921492,36.859997],[138.92053,36.859005],[138.919517,36.858097],[138.918968,36.857697],[138.91848,36.857264],[138.918105,36.856764],[138.917755,36.856206],[138.917418,36.855489],[138.917293,36.854847],[138.91728,36.854106],[138.917293,36.853648],[138.917155,36.852998],[138.91693,36.852756],[138.916568,36.852514],[138.91633,36.852298],[138.916243,36.851056],[138.916205,36.850906],[138.916343,36.850415],[138.91668,36.849531],[138.916918,36.84914],[138.917093,36.849056],[138.91778,36.848973],[138.917968,36.848973],[138.918555,36.848873],[138.91868,36.848815],[138.919293,36.848682],[138.919818,36.848498],[138.920405,36.848223],[138.92063,36.84809],[138.92138,36.847907],[138.923317,36.84754],[138.924105,36.847348],[138.924467,36.847198],[138.924892,36.846815],[138.925142,36.846282],[138.92523,36.845282],[138.925517,36.844865],[138.92633,36.843849],[138.926567,36.843299],[138.926567,36.843141],[138.92673,36.842582],[138.926955,36.842074],[138.92708,36.841682],[138.927142,36.841124],[138.92733,36.840607],[138.927655,36.840016],[138.92783,36.839499],[138.928155,36.839299],[138.928567,36.839108],[138.929055,36.838699],[138.929405,36.838358],[138.92983,36.837691],[138.930017,36.837316],[138.93008,36.837083],[138.930005,36.836791],[138.92988,36.836416],[138.92988,36.8352],[138.929792,36.835158],[138.92968,36.834933],[138.930017,36.834283],[138.929942,36.833766],[138.92983,36.833383],[138.929692,36.833158],[138.929442,36.833042],[138.929192,36.832525],[138.929055,36.832483],[138.928405,36.832458],[138.927743,36.832392],[138.927205,36.832275],[138.92673,36.832092],[138.926318,36.831892],[138.924843,36.831442],[138.923193,36.8311],[138.922018,36.831117],[138.919956,36.830642],[138.918368,36.830084],[138.917756,36.8299],[138.916619,36.829692],[138.915494,36.829692],[138.913381,36.829309],[138.912481,36.829192],[138.911982,36.828584],[138.911594,36.828292],[138.911294,36.828184],[138.910669,36.828025],[138.908969,36.827792],[138.908644,36.827725],[138.90657,36.827525],[138.904895,36.827542],[138.90362,36.827409],[138.903007,36.827159],[138.902507,36.827],[138.902307,36.826975],[138.90172,36.827025],[138.900945,36.827159],[138.900208,36.827242],[138.899708,36.827242],[138.898283,36.826975],[138.897058,36.826992],[138.896758,36.826767],[138.896108,36.826542],[138.895533,36.826425],[138.895058,36.826384],[138.894408,36.826425],[138.893183,36.826542],[138.892483,36.826517],[138.891146,36.826359],[138.890509,36.826309],[138.889921,36.8264],[138.889721,36.826375],[138.889134,36.826217],[138.888471,36.825992],[138.886959,36.825409],[138.886347,36.825359],[138.885847,36.825492],[138.884847,36.8261],[138.884597,36.826125],[138.883922,36.826075],[138.883284,36.825983],[138.881834,36.82565],[138.88066,36.825192],[138.879797,36.825017],[138.879597,36.824942],[138.879347,36.824567],[138.879235,36.824042],[138.879247,36.823509],[138.87916,36.823142],[138.87896,36.822809],[138.877348,36.8215],[138.877073,36.821092],[138.876273,36.819492],[138.876135,36.819067],[138.875823,36.818751],[138.875235,36.818684],[138.873923,36.818751],[138.873373,36.818751],[138.872811,36.818617],[138.872223,36.818392],[138.871821,36.818246],[138.871798,36.818267],[138.869686,36.817476],[138.869086,36.817417],[138.868473,36.817401],[138.867836,36.817334],[138.866461,36.816992],[138.865999,36.816759],[138.865461,36.816559],[138.864449,36.816426],[138.864099,36.816259],[138.863649,36.815942],[138.862486,36.815342],[138.862124,36.815042],[138.859974,36.813826],[138.859599,36.813526],[138.859374,36.813409],[138.858962,36.813384],[138.858524,36.813451],[138.858299,36.813384],[138.858099,36.813234],[138.857487,36.812476],[138.856725,36.811901],[138.856087,36.811784],[138.855475,36.811718],[138.854925,36.811818],[138.85415,36.812201],[138.853637,36.812309],[138.8522,36.812159],[138.851537,36.812159],[138.85085,36.812259],[138.850125,36.812651],[138.848688,36.813659],[138.846975,36.814367],[138.846238,36.814709],[138.84445,36.815367],[138.844025,36.815659],[138.842701,36.816275],[138.842263,36.816417],[138.841926,36.8165],[138.840951,36.816508],[138.840551,36.816542],[138.839463,36.817442],[138.839138,36.817358],[138.838276,36.816967],[138.837476,36.816642],[138.837263,36.816375],[138.836789,36.815992],[138.836639,36.8158],[138.836239,36.81555],[138.835551,36.815558],[138.834651,36.81575],[138.833064,36.816242],[138.832451,36.816533],[138.831101,36.817383],[138.830101,36.817866],[138.829414,36.817941],[138.827914,36.817908],[138.826064,36.817783],[138.824589,36.817758],[138.821827,36.817791],[138.82174,36.817808],[138.821465,36.816933],[138.82139,36.816125],[138.821652,36.814967],[138.821665,36.814425],[138.821527,36.813342],[138.821615,36.812884],[138.821777,36.812584],[138.822065,36.811859],[138.822227,36.811259],[138.822515,36.810734],[138.822965,36.810076],[138.823265,36.808984],[138.824252,36.807351],[138.82479,36.806593],[138.825765,36.805543],[138.82614,36.805035],[138.826327,36.804452],[138.826377,36.80391],[138.826577,36.803368],[138.82664,36.80291],[138.826977,36.802077],[138.82679,36.801544],[138.826502,36.801127],[138.826402,36.800577],[138.826565,36.799802],[138.82684,36.79936],[138.827115,36.799252],[138.827177,36.799111],[138.827152,36.798761],[138.82744,36.798144],[138.828077,36.797169],[138.828202,36.796602],[138.82839,36.796252],[138.828502,36.795836],[138.828765,36.795478],[138.829077,36.795244],[138.829852,36.794961],[138.830577,36.794786],[138.830977,36.794603],[138.831315,36.794269],[138.83149,36.793986],[138.831477,36.793819],[138.83134,36.793628],[138.830215,36.792978],[138.829552,36.792378],[138.829102,36.792028],[138.828815,36.791661],[138.828702,36.790845],[138.82874,36.790253],[138.828828,36.789695],[138.828803,36.788637],[138.828753,36.788179],[138.828878,36.787629],[138.829278,36.786962],[138.829365,36.786395],[138.829378,36.785695],[138.82919,36.784746],[138.829065,36.784404],[138.828803,36.782971],[138.828815,36.781921],[138.828615,36.781646],[138.82829,36.780871],[138.827228,36.779146],[138.826803,36.778671],[138.826491,36.778155],[138.826378,36.777796],[138.825766,36.777088],[138.824941,36.77593],[138.824866,36.775413],[138.825203,36.774297],[138.826741,36.77253],[138.826878,36.77233],[138.826091,36.771572],[138.825591,36.771155],[138.825241,36.770572],[138.824916,36.769939],[138.824641,36.769081],[138.824341,36.768789],[138.824166,36.768706],[138.823916,36.768472],[138.823729,36.768022],[138.823629,36.767939],[138.823079,36.766998],[138.822391,36.766281],[138.822104,36.765839],[138.821779,36.765115],[138.821679,36.76469],[138.821404,36.764265],[138.820954,36.763973],[138.818542,36.762773],[138.818267,36.762565],[138.818004,36.762232],[138.817767,36.761623],[138.817129,36.761548],[138.816279,36.761723],[138.814579,36.762331],[138.814229,36.76249],[138.813617,36.762865],[138.81338,36.763248],[138.81303,36.763698],[138.812467,36.764131],[138.811617,36.764639],[138.811017,36.764956],[138.810292,36.765198],[138.809905,36.765223],[138.808255,36.764973],[138.807342,36.764881],[138.806967,36.764806],[138.806417,36.764598],[138.806142,36.764356],[138.804843,36.762923],[138.804318,36.762506],[138.803693,36.76234],[138.802293,36.762431],[138.801655,36.762323],[138.801293,36.762048],[138.801218,36.761831],[138.800581,36.760515],[138.800318,36.760298],[138.799943,36.760198],[138.798743,36.760231],[138.798281,36.76004],[138.797168,36.759248],[138.796556,36.758865],[138.795881,36.758515],[138.795194,36.75809],[138.794731,36.757307],[138.794581,36.756965],[138.794519,36.756407],[138.794306,36.755748],[138.793944,36.755265],[138.793831,36.755165],[138.793669,36.754924],[138.793594,36.754482],[138.792907,36.75309],[138.792807,36.753015],[138.792682,36.752649],[138.792532,36.752032],[138.792582,36.751207],[138.792382,36.750107],[138.792519,36.748774],[138.792719,36.748041],[138.792419,36.747749],[138.791744,36.747183],[138.790807,36.746191],[138.789557,36.745083],[138.789426,36.744945],[138.789232,36.744925],[138.788732,36.744975],[138.787582,36.744999],[138.78737,36.745008],[138.786345,36.745208],[138.785883,36.745108],[138.785445,36.744958],[138.785033,36.744949],[138.784233,36.745166],[138.783533,36.745541],[138.78317,36.745958],[138.782358,36.747266],[138.782245,36.747257],[138.78152,36.747049],[138.781308,36.747024],[138.780708,36.747057],[138.780045,36.747207],[138.779033,36.747482],[138.778321,36.747641],[138.777646,36.747732],[138.777121,36.747716],[138.776683,36.747274],[138.776383,36.747174],[138.775983,36.747291],[138.775533,36.747332],[138.774908,36.747066],[138.773571,36.747124],[138.773146,36.746916],[138.772496,36.746557],[138.772096,36.746366],[138.771696,36.746299],[138.771209,36.746307],[138.770571,36.746232],[138.770146,36.746224],[138.769509,36.746382],[138.768946,36.746432],[138.767959,36.746441],[138.767246,36.746516],[138.766122,36.747141],[138.766009,36.747316],[138.765609,36.748265],[138.765147,36.749015],[138.764922,36.74909],[138.764347,36.74914],[138.762947,36.749124],[138.762472,36.748974],[138.761947,36.748899],[138.761547,36.748957],[138.761309,36.749074],[138.760847,36.74944],[138.760547,36.749782],[138.760272,36.750215],[138.760097,36.750323],[138.759497,36.750573],[138.758809,36.750723],[138.758147,36.750773],[138.757822,36.751007],[138.757385,36.751432],[138.756785,36.751648],[138.756372,36.751915],[138.756085,36.752165],[138.755872,36.752831],[138.755547,36.75309],[138.755522,36.753123],[138.75506,36.753373],[138.754685,36.753706],[138.75381,36.754689],[138.753285,36.755089],[138.752672,36.755431],[138.751272,36.755981],[138.750747,36.756289],[138.749947,36.756606],[138.74956,36.756889],[138.749123,36.757256],[138.748273,36.757822],[138.746836,36.758218],[138.745848,36.758589],[138.745035,36.758822],[138.744135,36.759005],[138.743285,36.759097],[138.740836,36.759272],[138.740536,36.759463],[138.740186,36.759797],[138.738811,36.761263],[138.738098,36.76183],[138.737623,36.762038],[138.736486,36.762279],[138.735336,36.762738],[138.735011,36.762746],[138.733336,36.762521],[138.732436,36.762463],[138.731736,36.762513],[138.730961,36.762538],[138.730274,36.762429],[138.729624,36.762363],[138.729174,36.762496],[138.728724,36.762754],[138.728249,36.763146],[138.727436,36.763929],[138.727099,36.764121],[138.726924,36.764137],[138.726549,36.763887],[138.726287,36.763671],[138.726062,36.763271],[138.725712,36.762929],[138.724337,36.762054],[138.723462,36.761404],[138.723299,36.761254],[138.7223,36.759863],[138.721937,36.759488],[138.721312,36.759229],[138.721462,36.758996],[138.721612,36.758304],[138.721637,36.757655],[138.721537,36.757013],[138.721362,36.756496],[138.720975,36.754997],[138.7208,36.75458],[138.720825,36.754547],[138.721662,36.754288],[138.721925,36.754072],[138.722075,36.753788],[138.722162,36.753405],[138.722162,36.753114],[138.722212,36.752922],[138.722275,36.752789],[138.722275,36.752514],[138.721887,36.751389],[138.721912,36.75123],[138.721912,36.749806],[138.721525,36.749381],[138.720337,36.748522],[138.7199,36.748139],[138.7196,36.747689],[138.718988,36.747131],[138.718638,36.746589],[138.718463,36.746181],[138.718063,36.746073],[138.7175,36.746164],[138.717013,36.746098],[138.716513,36.745898],[138.715938,36.745739],[138.715738,36.745623],[138.715201,36.744381],[138.714451,36.74339],[138.714263,36.742873],[138.714413,36.742356],[138.714326,36.741748],[138.713913,36.740798],[138.713413,36.739965],[138.713088,36.739224],[138.713026,36.738932],[138.712763,36.738815],[138.711926,36.738707],[138.710714,36.738774],[138.710189,36.738574],[138.709751,36.73819],[138.709164,36.73779],[138.707427,36.737407],[138.705764,36.73669],[138.70504,36.736515],[138.70449,36.736582],[138.703765,36.736515],[138.70319,36.73654],[138.702577,36.736765],[138.701652,36.737174],[138.70119,36.737174],[138.700953,36.737132],[138.700228,36.737157],[138.699765,36.737248],[138.69829,36.737323],[138.697653,36.737432],[138.697103,36.737707],[138.696491,36.738207],[138.695891,36.738473],[138.695766,36.738473],[138.695766,36.738615],[138.695978,36.73949],[138.695978,36.739856],[138.695241,36.741973],[138.694953,36.742523],[138.694828,36.743039],[138.694641,36.743922],[138.694353,36.744506],[138.693916,36.745022],[138.693253,36.745322],[138.692241,36.74553],[138.691916,36.745772],[138.691778,36.74623],[138.691841,36.74688],[138.691953,36.747422],[138.691991,36.747963],[138.691791,36.749705],[138.691828,36.750946],[138.692153,36.75153],[138.692115,36.751621],[138.691828,36.751913],[138.691603,36.752729],[138.691428,36.753046],[138.691353,36.753088],[138.690978,36.753729],[138.690991,36.753829],[138.691166,36.754229],[138.69119,36.754879],[138.69114,36.755437],[138.690978,36.756079],[138.691053,36.75642],[138.69129,36.75687],[138.691453,36.757429],[138.691503,36.757929],[138.69139,36.758454],[138.691115,36.75902],[138.69004,36.760611],[138.689828,36.761286],[138.689778,36.762303],[138.689678,36.762594],[138.689141,36.763144],[138.688928,36.763636],[138.688766,36.764277],[138.688566,36.764594],[138.688341,36.764802],[138.688216,36.765202],[138.687903,36.765719],[138.687166,36.765752],[138.686503,36.76596],[138.685741,36.766352],[138.685316,36.766444],[138.684341,36.766185],[138.683591,36.766085],[138.682716,36.765852],[138.681891,36.765935],[138.681117,36.765944],[138.680454,36.766093],[138.680017,36.766252],[138.678879,36.767235],[138.678342,36.767651],[138.677729,36.768035],[138.676567,36.768518],[138.675117,36.769309],[138.674742,36.769601],[138.674092,36.769801],[138.673492,36.769876],[138.672943,36.770084],[138.67228,36.770626],[138.671505,36.7715],[138.67053,36.772234],[138.670068,36.772925],[138.669905,36.773059],[138.669418,36.773592],[138.66933,36.77405],[138.66918,36.776217],[138.669193,36.776817],[138.66928,36.777533],[138.669143,36.778016],[138.668993,36.778358],[138.668868,36.778858],[138.668943,36.77925],[138.669718,36.780433],[138.67083,36.782366],[138.670905,36.782774],[138.671005,36.783058],[138.671405,36.783516],[138.672067,36.783849],[138.673005,36.783933],[138.67343,36.784174],[138.674142,36.784716],[138.674767,36.784933],[138.676004,36.785141],[138.676467,36.785358],[138.677279,36.785474],[138.677792,36.785416],[138.678141,36.785541],[138.678454,36.785833],[138.678804,36.786274],[138.679266,36.786658],[138.680141,36.786766],[138.680591,36.786858],[138.681179,36.787274],[138.681641,36.787499],[138.682279,36.787591],[138.682941,36.787616],[138.683528,36.787741],[138.683978,36.787933],[138.684303,36.788224],[138.684703,36.788691],[138.685153,36.789091],[138.686153,36.789849],[138.68719,36.790824],[138.687503,36.791316],[138.687753,36.792265],[138.68799,36.792424],[138.688415,36.792557],[138.68889,36.792807],[138.689378,36.793207],[138.689503,36.793524],[138.68889,36.794257],[138.688615,36.794824],[138.688328,36.796132],[138.688378,36.796532],[138.688553,36.796932],[138.689003,36.798323],[138.689577,36.799131],[138.690115,36.79954],[138.690602,36.79984],[138.690952,36.800281],[138.691215,36.800781],[138.69139,36.801348],[138.69154,36.802115],[138.692052,36.802723],[138.692327,36.803389],[138.692565,36.803739],[138.69299,36.803964],[138.693477,36.804073],[138.693602,36.804231],[138.693939,36.805223],[138.694264,36.805773],[138.695339,36.806897],[138.695614,36.807431],[138.695739,36.807822],[138.695852,36.808681],[138.695714,36.809014],[138.695327,36.809439],[138.694527,36.810414],[138.694214,36.810655],[138.693389,36.81108],[138.692139,36.812097],[138.691577,36.812347],[138.690115,36.812722],[138.68984,36.812872],[138.689202,36.813555],[138.688952,36.814013],[138.688815,36.814396],[138.68859,36.81478],[138.68779,36.815396],[138.68764,36.815813],[138.687715,36.816221],[138.687627,36.816538],[138.68729,36.816988],[138.687115,36.817396],[138.687127,36.817671],[138.687077,36.817888],[138.686465,36.818454],[138.685777,36.818813],[138.68454,36.819162],[138.683515,36.819371],[138.681378,36.819896],[138.680628,36.820029],[138.68014,36.820254],[138.67979,36.820637],[138.679678,36.821037],[138.679853,36.821495],[138.680203,36.822045],[138.680415,36.82267],[138.680753,36.82412],[138.681403,36.824903],[138.68184,36.825212],[138.682377,36.825337],[138.68274,36.825537],[138.683177,36.826287],[138.68359,36.826853],[138.684177,36.82747],[138.685102,36.828053],[138.68549,36.82852],[138.686702,36.82977],[138.687164,36.830136],[138.687702,36.830353],[138.688089,36.830678],[138.688189,36.830844],[138.688539,36.831228],[138.689189,36.831594],[138.689827,36.832044],[138.690264,36.832603],[138.690426,36.833169],[138.690389,36.836302],[138.690351,36.836411],[138.690451,36.837527],[138.690851,36.83861],[138.691376,36.839735],[138.691589,36.840752],[138.691576,36.84136],[138.691489,36.842168],[138.690776,36.844477],[138.690226,36.845918],[138.690179,36.84603],[138.690139,36.846126],[138.690201,36.846393],[138.690651,36.846818],[138.691114,36.847335],[138.692051,36.848751],[138.692813,36.850034],[138.692826,36.850643],[138.692776,36.851226],[138.692863,36.851501],[138.693438,36.852176],[138.693601,36.852851],[138.69355,36.853409],[138.693325,36.854492],[138.693,36.855125],[138.690938,36.857058],[138.690138,36.857558],[138.689388,36.857817],[138.688951,36.858017],[138.688801,36.858317],[138.688801,36.858608],[138.688713,36.858858],[138.688751,36.859416],[138.688401,36.859875],[138.688313,36.859941],[138.688501,36.860525],[138.688326,36.860733],[138.687826,36.861025],[138.687201,36.861483],[138.687001,36.861908],[138.687063,36.862808],[138.686826,36.862883],[138.686713,36.862833],[138.686263,36.862816],[138.685838,36.862749],[138.685401,36.862616],[138.684863,36.863208],[138.684413,36.863324],[138.683913,36.863308],[138.683738,36.863349],[138.683376,36.863624],[138.682251,36.864649],[138.681876,36.865191],[138.681526,36.865466],[138.680988,36.865532],[138.680389,36.865515],[138.680064,36.865632],[138.680001,36.865765],[138.679826,36.865949],[138.679076,36.865774],[138.678776,36.865907],[138.678489,36.866249],[138.678401,36.866582],[138.678289,36.866657],[138.677776,36.866749],[138.677064,36.866749],[138.676801,36.86714],[138.676564,36.867299],[138.676139,36.867115],[138.675601,36.86694],[138.674739,36.866882],[138.674114,36.867065],[138.673726,36.867132],[138.673389,36.867049],[138.672677,36.866465],[138.672227,36.866349],[138.671802,36.866449],[138.670827,36.866882],[138.670227,36.866882],[138.669752,36.866798],[138.669452,36.866599],[138.669089,36.866598],[138.668589,36.866648],[138.668227,36.866623],[138.66769,36.86699],[138.667427,36.866948],[138.667127,36.86679],[138.666615,36.866657],[138.665777,36.866682],[138.665365,36.866865],[138.664115,36.867215],[138.663765,36.867507],[138.663227,36.867623],[138.66284,36.867857],[138.66234,36.86799],[138.661415,36.867948],[138.660703,36.868273],[138.659528,36.868057],[138.65864,36.868215],[138.65819,36.868148],[138.657915,36.868015],[138.657503,36.868023],[138.65729,36.86809],[138.657003,36.868365],[138.656878,36.86859],[138.657028,36.868815],[138.657303,36.869015],[138.657453,36.869215],[138.65749,36.869331],[138.657278,36.869556],[138.656778,36.869898],[138.656215,36.87004],[138.655591,36.87004],[138.654991,36.870223],[138.654428,36.870523],[138.653991,36.870906],[138.653778,36.871156],[138.653566,36.871223],[138.652741,36.871298],[138.652528,36.871481],[138.652391,36.871906],[138.652178,36.872248],[138.652003,36.872364],[138.651803,36.872631],[138.651841,36.873622],[138.651541,36.873739],[138.651453,36.874081],[138.651128,36.874422],[138.650478,36.874647],[138.649679,36.874739],[138.649166,36.874722],[138.648566,36.874639],[138.647941,36.874597],[138.647404,36.874647],[138.646479,36.874647],[138.645829,36.874814],[138.645291,36.874772],[138.644779,36.874814],[138.644279,36.875047],[138.642854,36.875531],[138.641842,36.875714],[138.641779,36.875781],[138.641629,36.876239],[138.641079,36.877272],[138.640979,36.878564],[138.640767,36.878947],[138.640267,36.87913],[138.639729,36.879247],[138.639192,36.879497],[138.638779,36.879813],[138.63813,36.880205],[138.637442,36.880405],[138.636217,36.880397],[138.635867,36.880197],[138.635442,36.879838],[138.635205,36.879813],[138.634992,36.879947],[138.63488,36.880355],[138.634917,36.880605],[138.63513,36.880963],[138.63528,36.881321],[138.635292,36.882113],[138.635742,36.883013],[138.63578,36.883238],[138.635692,36.883396],[138.63533,36.883463],[138.634492,36.88338],[138.63363,36.883205],[138.63298,36.883188],[138.632468,36.883321],[138.63193,36.88333],[138.63043,36.883021],[138.628855,36.883096],[138.628193,36.883104],[138.627743,36.882946],[138.627181,36.882546],[138.626756,36.882096],[138.626456,36.882004],[138.626068,36.882146],[138.625093,36.882763],[138.624506,36.883371],[138.623156,36.885321],[138.622481,36.886429],[138.622218,36.886929],[138.622106,36.888145],[138.622056,36.888395],[138.621906,36.888554],[138.621841,36.88855],[138.621219,36.889379],[138.620781,36.889545],[138.620094,36.889603],[138.619869,36.889695],[138.619881,36.88982],[138.619556,36.890312],[138.619131,36.890737],[138.618719,36.890945],[138.618294,36.891228],[138.617994,36.891678],[138.617881,36.891903],[138.617844,36.893311],[138.617856,36.895244],[138.617806,36.896553],[138.617844,36.897486],[138.618019,36.898519],[138.618419,36.90021],[138.618644,36.900919],[138.618944,36.901444],[138.620018,36.902719],[138.620556,36.903244],[138.621018,36.903785],[138.621031,36.903927],[138.619143,36.905052],[138.616619,36.90641],[138.614219,36.907759],[138.613044,36.908343],[138.612344,36.908476],[138.611257,36.908426],[138.610019,36.908268],[138.607445,36.908017],[138.606095,36.907917],[138.602682,36.907517],[138.60182,36.907284],[138.601158,36.906984],[138.600483,36.906751],[138.599883,36.906793],[138.599283,36.907042],[138.598645,36.907234],[138.598283,36.907284],[138.597758,36.907192],[138.59717,36.907017],[138.596708,36.906976],[138.596358,36.907009],[138.595945,36.907251],[138.594108,36.909759],[138.593758,36.910267],[138.593521,36.910517],[138.592971,36.91095],[138.592508,36.911567],[138.592171,36.912283],[138.591321,36.913708],[138.590833,36.914192],[138.590508,36.914308],[138.589546,36.913925],[138.589033,36.91385],[138.588683,36.913908],[138.588458,36.914117],[138.588446,36.914475],[138.588608,36.914892],[138.589071,36.91535],[138.589196,36.915858],[138.589458,36.916341],[138.589408,36.916658],[138.589433,36.917041],[138.589658,36.917333],[138.589633,36.918225],[138.589733,36.918508],[138.590083,36.918999],[138.590208,36.919441],[138.590208,36.919516],[138.590296,36.919733],[138.590995,36.921716],[138.59142,36.922799],[138.591545,36.923241],[138.591595,36.923682],[138.591683,36.924132],[138.59177,36.924857],[138.592008,36.925307],[138.591983,36.925349],[138.591245,36.925557],[138.590458,36.925699],[138.589683,36.925715],[138.589071,36.925782],[138.588558,36.925949],[138.588108,36.925982],[138.587433,36.92594],[138.587208,36.926049],[138.587008,36.92659],[138.586971,36.926865],[138.586996,36.927374],[138.586871,36.927657],[138.586408,36.928082],[138.586108,36.928432],[138.585721,36.928498],[138.585196,36.928448],[138.584521,36.92829],[138.583908,36.928207],[138.583296,36.928215],[138.582896,36.928323],[138.582871,36.92869],[138.582983,36.929248],[138.583358,36.930015],[138.583771,36.930498],[138.584246,36.931182],[138.584458,36.931723],[138.584708,36.933031],[138.584796,36.934256],[138.584571,36.936181],[138.584621,36.936756],[138.584996,36.937673],[138.585033,36.937864],[138.584883,36.938856],[138.584995,36.939422],[138.585245,36.940006],[138.58567,36.940764],[138.585845,36.941297],[138.585833,36.941872],[138.58572,36.942505],[138.585508,36.943305],[138.585433,36.943855],[138.585433,36.944514],[138.58547,36.945238],[138.585583,36.94583],[138.585758,36.946372],[138.585908,36.947255],[138.58622,36.948588],[138.586208,36.94968],[138.586382,36.951704],[138.586345,36.952788],[138.586557,36.953888],[138.58702,36.954787],[138.587007,36.955254],[138.586432,36.956846],[138.58612,36.957137],[138.585457,36.957487],[138.58597,36.95847],[138.586107,36.95892],[138.586132,36.959329],[138.58602,36.959729],[138.585207,36.960078],[138.585082,36.96022],[138.585282,36.960703],[138.585557,36.960903],[138.585982,36.961053],[138.58627,36.961237],[138.58652,36.961695],[138.586582,36.96222],[138.58657,36.962812],[138.58647,36.963336],[138.58622,36.964095],[138.585957,36.964545],[138.585882,36.964878],[138.586032,36.965303],[138.58637,36.965511],[138.587232,36.965636],[138.587407,36.965778],[138.58742,36.965878],[138.58717,36.966436],[138.58662,36.967186],[138.586495,36.967644],[138.586532,36.967986],[138.586882,36.968802],[138.587069,36.969436],[138.587069,36.969919],[138.586982,36.970394],[138.586782,36.970952],[138.586482,36.97151],[138.585832,36.972335],[138.585832,36.972652],[138.586044,36.973144],[138.586882,36.974119],[138.587207,36.97441],[138.587294,36.974827],[138.587207,36.975235],[138.586957,36.975843],[138.586932,36.976193],[138.587157,36.976502],[138.587594,36.976735],[138.588044,36.976893],[138.588294,36.977068],[138.588307,36.977277],[138.587982,36.97756],[138.587194,36.977976],[138.586944,36.978235],[138.586782,36.978835],[138.587044,36.979585],[138.587382,36.981076],[138.587419,36.981509],[138.587282,36.982068],[138.586719,36.982951],[138.586707,36.983317],[138.586782,36.983734],[138.586694,36.984192],[138.586444,36.984684],[138.586307,36.985151],[138.586344,36.986275],[138.586307,36.986809],[138.586394,36.987234],[138.586794,36.987859],[138.586719,36.988184],[138.586357,36.988483],[138.585894,36.988625],[138.585757,36.988633],[138.585182,36.988817],[138.584757,36.989158],[138.584457,36.989642],[138.584057,36.990158],[138.58342,36.99075],[138.582832,36.991108],[138.582257,36.991583],[138.581832,36.9922],[138.581332,36.992733],[138.580732,36.993166],[138.579482,36.993691],[138.57777,36.994632],[138.577058,36.995091],[138.576495,36.995516],[138.575983,36.995957],[138.575633,36.996532],[138.57517,36.998249],[138.574508,36.99949],[138.574233,37.000298],[138.574145,37.00084],[138.57382,37.00219],[138.573626,37.002761],[138.573533,37.003056],[138.573508,37.00354],[138.573445,37.003656],[138.573358,37.004056],[138.57322,37.004556],[138.573108,37.004714],[138.572758,37.005056],[138.572446,37.005214],[138.571983,37.005348],[138.571521,37.005398],[138.571133,37.005398],[138.570796,37.005739],[138.570708,37.005964],[138.570596,37.006664],[138.570446,37.006931],[138.570896,37.008289],[138.570983,37.008714],[138.570846,37.009705],[138.570183,37.011405],[138.569808,37.012147],[138.569496,37.012913],[138.569383,37.013505],[138.569358,37.013996],[138.569408,37.014313],[138.569796,37.015421],[138.569796,37.015688],[138.569683,37.016004],[138.569508,37.016213],[138.568908,37.016688],[138.568233,37.017138],[138.567983,37.017413],[138.567783,37.018154],[138.567671,37.018429],[138.567258,37.019196],[138.566971,37.019562],[138.566221,37.02062],[138.566021,37.021004],[138.565859,37.021229],[138.565796,37.021279],[138.565296,37.021095],[138.564196,37.020787],[138.563709,37.020762],[138.563246,37.02117],[138.562846,37.02167],[138.562496,37.022029],[138.562084,37.022279],[138.561621,37.022437],[138.560959,37.022579],[138.560521,37.022737],[138.559859,37.023028],[138.559134,37.023212],[138.558409,37.02322],[138.557459,37.023103],[138.556384,37.022887],[138.555484,37.022687],[138.555272,37.022687],[138.554722,37.022795],[138.554234,37.02307],[138.55346,37.023412],[138.553022,37.023545],[138.55256,37.023595],[138.55241,37.023553],[138.551772,37.02317],[138.551397,37.023053],[138.551197,37.022903],[138.550697,37.022378],[138.550372,37.022228],[138.549997,37.022112],[138.549597,37.021937],[138.549385,37.021687],[138.54921,37.021595],[138.548722,37.021437],[138.548223,37.02137],[138.548173,37.021395],[138.546573,37.02147],[138.545885,37.021537],[138.544923,37.021703],[138.54431,37.021837],[138.54231,37.021978],[138.541798,37.021953],[138.541586,37.021911],[138.541036,37.021895],[138.540811,37.021803],[138.540373,37.02117],[138.540161,37.02092],[138.539873,37.020812],[138.539436,37.020703],[138.539348,37.020745],[138.538711,37.020811],[138.538198,37.020953],[138.537498,37.021245],[138.536448,37.021095],[138.536023,37.021253],[138.535524,37.021503],[138.534549,37.021795],[138.533911,37.022045],[138.533274,37.022453],[138.532199,37.022861],[138.531711,37.023186],[138.531386,37.023478],[138.530461,37.024136],[138.528699,37.024769],[138.528299,37.025019],[138.528124,37.025294],[138.527899,37.025811],[138.527686,37.026061],[138.527224,37.026377],[138.526712,37.026852],[138.526474,37.027236],[138.526536,37.028227],[138.526424,37.028635],[138.526086,37.029244],[138.525999,37.029602],[138.525761,37.029902],[138.525361,37.030127],[138.524612,37.030352],[138.524149,37.030335],[138.523624,37.03036],[138.523249,37.030335],[138.521737,37.02996],[138.521037,37.029669],[138.520687,37.029377],[138.520424,37.02901],[138.520099,37.028227],[138.519899,37.02791],[138.519837,37.027885],[138.519437,37.027935],[138.517787,37.028435],[138.517262,37.02866],[138.515675,37.029344],[138.51515,37.029502],[138.514025,37.029685],[138.513875,37.02966],[138.513762,37.029577],[138.513562,37.02926],[138.513375,37.028602],[138.513112,37.028019],[138.512737,37.027844],[138.5119,37.027819],[138.511575,37.027686],[138.511312,37.027486],[138.511,37.027327],[138.510712,37.027236],[138.5103,37.027219],[138.509812,37.027311],[138.509262,37.027644],[138.508525,37.026811],[138.50775,37.026436],[138.507425,37.026319],[138.506875,37.026277],[138.506525,37.026302],[138.506,37.026461],[138.505863,37.026261],[138.5056,37.026036],[138.505188,37.025944],[138.504788,37.025969],[138.504638,37.026036],[138.504238,37.026086],[138.503913,37.026019],[138.502963,37.025452],[138.502525,37.025277],[138.501625,37.025077],[138.5015,37.025094],[138.501213,37.025277],[138.50075,37.025869],[138.500263,37.026119],[138.499825,37.026277],[138.499188,37.026436],[138.498325,37.026502],[138.497825,37.026511],[138.497425,37.026461],[138.49725,37.026394],[138.4971,37.026169],[138.497013,37.025852],[138.49685,37.025541],[138.496663,37.025444],[138.496338,37.025061],[138.495838,37.024677],[138.495188,37.024069],[138.494413,37.023436],[138.493851,37.023094],[138.493776,37.023003],[138.493463,37.022578],[138.493076,37.021928],[138.492888,37.021653],[138.492388,37.021094],[138.492076,37.020778],[138.491776,37.020553],[138.490801,37.020011],[138.490376,37.019944],[138.490101,37.020053],[138.490013,37.020119],[138.489763,37.020236],[138.489288,37.020211],[138.488426,37.020003],[138.487726,37.020094],[138.487226,37.020253],[138.486364,37.020503],[138.486139,37.020519],[138.485664,37.020344],[138.484826,37.020186],[138.483489,37.020003],[138.482964,37.019886],[138.482626,37.019861],[138.482489,37.020136],[138.482339,37.020627],[138.482001,37.021261],[138.481726,37.021486],[138.481426,37.021552],[138.481164,37.021502],[138.479977,37.021052],[138.478939,37.020561],[138.478552,37.020327],[138.477964,37.020169],[138.477489,37.020127],[138.47654,37.020127],[138.476265,37.020077],[138.47604,37.020061],[138.47559,37.019919],[138.47524,37.019761],[138.474727,37.019494],[138.47409,37.019019],[138.473453,37.018661],[138.472978,37.018478],[138.472478,37.018411],[138.471803,37.018369],[138.47069,37.018361],[138.470053,37.018094],[138.469515,37.017936],[138.469078,37.017869],[138.468403,37.017844],[138.467853,37.017869],[138.467378,37.017953],[138.466366,37.018536],[138.465953,37.018602],[138.464778,37.018694],[138.464329,37.018694],[138.463666,37.018602],[138.463129,37.018469],[138.461966,37.018394],[138.460991,37.018511],[138.459929,37.018869],[138.458892,37.019319],[138.458442,37.019477],[138.457942,37.019586],[138.457104,37.019652],[138.456329,37.019677],[138.455379,37.019652],[138.455154,37.019602],[138.455129,37.019627],[138.454954,37.019311],[138.454767,37.018161],[138.45443,37.017444],[138.454242,37.017152],[138.453905,37.016861],[138.45363,37.016678],[138.452542,37.016294],[138.452067,37.016086],[138.451817,37.015911],[138.451776,37.015861],[138.45168,37.015753],[138.451067,37.015169],[138.450792,37.014961],[138.450368,37.014869],[138.449843,37.014828],[138.448893,37.014619],[138.44758,37.014236],[138.446943,37.014011],[138.446355,37.013744],[138.445943,37.013495],[138.445431,37.013403],[138.443156,37.013178],[138.442706,37.01302],[138.442143,37.01252],[138.441593,37.011978],[138.441206,37.011778],[138.440781,37.01162],[138.440206,37.010986],[138.439619,37.010178],[138.439556,37.010137],[138.439031,37.01002],[138.437669,37.009887],[138.437281,37.009503],[138.437169,37.009253],[138.436894,37.00887],[138.436244,37.00822],[138.435832,37.007903],[138.435419,37.007678],[138.434857,37.00747],[138.433182,37.00702],[138.432382,37.006612],[138.431907,37.006295],[138.431507,37.006137],[138.431007,37.006004],[138.430482,37.006004],[138.428057,37.00632],[138.427408,37.00627],[138.426495,37.005978],[138.424883,37.005637],[138.423845,37.005453],[138.423345,37.005412],[138.423283,37.005428],[138.422671,37.005345],[138.422421,37.005228],[138.421596,37.004354],[138.421283,37.004079],[138.420508,37.003629],[138.420121,37.00347],[138.419721,37.003354],[138.419109,37.00327],[138.417971,37.003195],[138.417721,37.003129],[138.417634,37.003054],[138.417359,37.002912],[138.416934,37.002795],[138.415596,37.002729],[138.415234,37.002637],[138.414821,37.002454],[138.414259,37.002154],[138.413734,37.002045],[138.413484,37.002087],[138.412847,37.002495],[138.412584,37.002537],[138.412284,37.00247],[138.411972,37.002287],[138.411809,37.001837],[138.411484,37.000096],[138.411322,36.999621],[138.411159,36.998946],[138.410984,36.998679],[138.410822,36.998562],[138.410547,36.998471],[138.41033,36.998453],[138.410185,36.998446],[138.409572,36.998487],[138.409097,36.998579],[138.40876,36.998712],[138.408397,36.998804],[138.407785,36.998579],[138.40731,36.998212],[138.407035,36.998054],[138.406785,36.998012],[138.406447,36.998054],[138.40536,36.998279],[138.404698,36.998046],[138.404023,36.997729],[138.403448,36.997704],[138.402498,36.997971],[138.401935,36.997971],[138.40141,36.997904],[138.400436,36.997879],[138.400186,36.997829],[138.399548,36.997271],[138.398398,36.996929],[138.398173,36.996837],[138.396848,36.996496],[138.396311,36.996404],[138.396149,36.996446],[138.396061,36.996512],[138.394999,36.997121],[138.394699,36.997204],[138.394386,36.996846],[138.394199,36.996529],[138.393974,36.995987],[138.393811,36.995196],[138.393874,36.994929],[138.394424,36.994437],[138.394536,36.994229],[138.394461,36.994071],[138.393899,36.993596],[138.393424,36.993329],[138.393099,36.993188],[138.392599,36.993079],[138.392149,36.992913],[138.391812,36.992671],[138.390899,36.991696],[138.390374,36.991288],[138.390324,36.991088],[138.390399,36.990838],[138.390624,36.990496],[138.390849,36.990271],[138.390962,36.989555],[138.390912,36.989263],[138.390774,36.989146],[138.390574,36.988671],[138.390162,36.988155],[138.389474,36.987405],[138.388912,36.986455],[138.388449,36.986255],[138.387362,36.985347],[138.386887,36.985013],[138.386662,36.984922],[138.3857,36.984305],[138.38525,36.98408],[138.384775,36.983738],[138.3845,36.983605],[138.383975,36.983197],[138.383637,36.983063],[138.382588,36.982788],[138.382225,36.982605],[138.381888,36.982313],[138.381663,36.982197],[138.38105,36.982022],[138.380475,36.981747],[138.379688,36.98118],[138.378888,36.980705],[138.378688,36.980547],[138.379088,36.98028],[138.379676,36.979197],[138.379838,36.978839],[138.380063,36.978497],[138.38035,36.978205],[138.381075,36.97778],[138.382163,36.976814],[138.382225,36.976747],[138.382275,36.976472],[138.382225,36.976339],[138.381638,36.975822],[138.3815,36.975614],[138.381275,36.975389],[138.3805,36.974939],[138.380338,36.974781],[138.380038,36.973922],[138.379788,36.973647],[138.379063,36.973197],[138.378563,36.972989],[138.377926,36.972964],[138.377526,36.972964],[138.377088,36.972922],[138.376839,36.972789],[138.376451,36.972489],[138.376026,36.972239],[138.376089,36.971839],[138.376064,36.971564],[138.375839,36.970914],[138.375589,36.970614],[138.375314,36.970414],[138.375089,36.970123],[138.375039,36.969756],[138.374676,36.969214],[138.374464,36.968381],[138.374126,36.968131],[138.373427,36.967706],[138.373102,36.96739],[138.372827,36.966506],[138.372627,36.966306],[138.372189,36.966073],[138.372014,36.965898],[138.371914,36.965606],[138.371867,36.965293],[138.371578,36.9652],[138.370914,36.96494],[138.37009,36.964256],[138.369552,36.963915],[138.369365,36.963756],[138.369227,36.962748],[138.368477,36.961615],[138.368002,36.960732],[138.367503,36.960007],[138.367315,36.959673],[138.367228,36.959107],[138.36754,36.958315],[138.367927,36.957707],[138.368265,36.957307],[138.368177,36.957165],[138.36779,36.956715],[138.366965,36.955924],[138.366628,36.955516],[138.366015,36.955016],[138.364128,36.953749],[138.363741,36.953324],[138.363603,36.952957],[138.363716,36.952574],[138.363941,36.952216],[138.364353,36.951741],[138.364778,36.950866],[138.364616,36.950074],[138.364441,36.949649],[138.364166,36.948383],[138.364028,36.947949],[138.363478,36.946775],[138.363391,36.946308],[138.363566,36.9459],[138.363816,36.945741],[138.364316,36.945558],[138.364653,36.945383],[138.364703,36.945025],[138.364491,36.94425],[138.363566,36.943142],[138.363128,36.942583],[138.362816,36.942425],[138.362429,36.942058],[138.362291,36.941742],[138.362041,36.941567],[138.361154,36.941267],[138.360654,36.941017],[138.360316,36.9407],[138.359929,36.94025],[138.359491,36.939567],[138.359079,36.938825],[138.358692,36.938258],[138.358129,36.937217],[138.357829,36.936067],[138.357754,36.934267],[138.357642,36.933767],[138.357442,36.9335],[138.356917,36.933025],[138.35653,36.932859],[138.356192,36.932842],[138.355417,36.932925],[138.355217,36.932834],[138.355055,36.932592],[138.35448,36.931434],[138.354092,36.930942],[138.350631,36.925246],[138.342302,36.909862],[138.337001,36.901162],[138.331133,36.892921],[138.327381,36.889351],[138.325952,36.884978],[138.32363,36.878464],[138.320236,36.873466],[138.316484,36.870253],[138.311975,36.863501],[138.307946,36.854553],[138.304463,36.850477],[138.297797,36.845009],[138.292424,36.842425],[138.288096,36.84148],[138.284613,36.841679],[138.282524,36.842275],[138.281006,36.843385],[138.280929,36.843335],[138.280591,36.843218],[138.279991,36.842952],[138.279517,36.842685],[138.278854,36.842535],[138.278229,36.842468],[138.276892,36.842452],[138.276167,36.842077],[138.27578,36.841743],[138.27553,36.841468],[138.275142,36.841202],[138.275017,36.84116],[138.27478,36.841002],[138.27463,36.84121],[138.274255,36.84141],[138.274067,36.84146],[138.272855,36.84201],[138.272055,36.842485],[138.271493,36.84296],[138.271168,36.843301],[138.27073,36.84396],[138.270643,36.84416],[138.270505,36.844776],[138.270343,36.846484],[138.27038,36.847501],[138.27058,36.848717],[138.270817,36.849167],[138.271005,36.849659],[138.271105,36.850476],[138.271142,36.851351],[138.271342,36.852475],[138.271555,36.853292],[138.271655,36.854075],[138.271642,36.855067],[138.271555,36.8555],[138.271317,36.855817],[138.271142,36.85595],[138.270517,36.856292],[138.269992,36.856683],[138.269367,36.857358],[138.268955,36.858016],[138.268755,36.858225],[138.268318,36.858991],[138.268255,36.859241],[138.268293,36.860024],[138.268243,36.860408],[138.268005,36.860616],[138.26723,36.860849],[138.26673,36.861033],[138.26613,36.861349],[138.265568,36.861599],[138.265043,36.861741],[138.263931,36.861907],[138.263131,36.861882],[138.262681,36.861841],[138.262356,36.861891],[138.261993,36.862049],[138.261168,36.862666],[138.260819,36.862865],[138.260369,36.863032],[138.259081,36.863199],[138.258519,36.863357],[138.258131,36.86354],[138.257969,36.864124],[138.257806,36.86589],[138.257669,36.867131],[138.257556,36.867781],[138.257419,36.868215],[138.257244,36.868531],[138.256856,36.868848],[138.256356,36.868981],[138.255994,36.869148],[138.254957,36.869848],[138.254482,36.870098],[138.254094,36.870081],[138.253469,36.869906],[138.253319,36.869681],[138.253094,36.869164],[138.252732,36.868781],[138.252382,36.86849],[138.251594,36.867998],[138.250869,36.867481],[138.250332,36.866898],[138.249807,36.866231],[138.24957,36.865781],[138.249082,36.86544],[138.248545,36.865315],[138.247507,36.865115],[138.246882,36.864936],[138.246848,36.864921],[138.246732,36.86494],[138.246195,36.864832],[138.245895,36.864807],[138.245008,36.864907],[138.24467,36.864881],[138.244408,36.86484],[138.243595,36.86444],[138.243058,36.864265],[138.242458,36.864173],[138.241558,36.864115],[138.24037,36.864098],[138.239708,36.863965],[138.239171,36.86379],[138.238396,36.863682],[138.238096,36.863773],[138.237746,36.863956],[138.237383,36.864098],[138.237171,36.86394],[138.237021,36.863898],[138.236633,36.863923],[138.235533,36.863748],[138.234996,36.863706],[138.234782,36.863788],[138.234459,36.863823],[138.233984,36.863848],[138.233409,36.863915],[138.230996,36.86409],[138.230496,36.86409],[138.229509,36.86419],[138.229184,36.864256],[138.228522,36.864506],[138.228084,36.864714],[138.227509,36.864606],[138.227122,36.864723],[138.226534,36.865039],[138.225947,36.865248],[138.225434,36.865181],[138.224684,36.865006],[138.223609,36.865056],[138.222834,36.865223],[138.221197,36.865681],[138.220847,36.865756],[138.22001,36.865847],[138.219535,36.865831],[138.219122,36.865989],[138.218197,36.866489],[138.21796,36.866556],[138.217697,36.866514],[138.217535,36.866431],[138.217147,36.866381],[138.21641,36.866772],[138.215723,36.867022],[138.214423,36.867572],[138.214423,36.867597],[138.214335,36.867622],[138.213598,36.86803],[138.213123,36.868189],[138.213085,36.868347],[138.21321,36.868755],[138.213685,36.87013],[138.213873,36.871005],[138.21381,36.871097],[138.213723,36.87103],[138.212835,36.869772],[138.212385,36.869297],[138.211898,36.868989],[138.210998,36.868564],[138.210598,36.86753],[138.210298,36.866989],[138.209898,36.866431],[138.207761,36.864547],[138.206523,36.863131],[138.206186,36.862548],[138.206311,36.861281],[138.206286,36.861264],[138.206361,36.860656],[138.206236,36.860048],[138.205873,36.859323],[138.205511,36.858948],[138.204274,36.858023],[138.203974,36.857581],[138.203511,36.857173],[138.202111,36.856665],[138.201774,36.85649],[138.200961,36.855881],[138.199637,36.855123],[138.198949,36.85504],[138.198174,36.85504],[138.197287,36.854931],[138.196687,36.854623],[138.196462,36.854173],[138.1956,36.853723],[138.195175,36.85364],[138.194525,36.853665],[138.19345,36.853873],[138.192825,36.853948],[138.192162,36.853948],[138.191425,36.853906],[138.190887,36.853756],[138.190313,36.85349],[138.189263,36.85264],[138.188663,36.852506],[138.188475,36.852556],[138.1875,36.85294],[138.187175,36.852898],[138.185563,36.852798],[138.184963,36.852823],[138.184363,36.852806],[138.183801,36.852606],[138.183288,36.852356],[138.182951,36.852156],[138.182438,36.851573],[138.181838,36.851331],[138.180613,36.851381],[138.180138,36.851248],[138.179689,36.851298],[138.178926,36.851506],[138.178439,36.851598],[138.177939,36.851765],[138.177464,36.851806],[138.177039,36.851606],[138.176801,36.851406],[138.176651,36.851048],[138.176639,36.850598],[138.176539,36.849831],[138.176651,36.849198],[138.176589,36.848457],[138.176276,36.847982],[138.175914,36.84769],[138.175414,36.847473],[138.174776,36.847248],[138.174152,36.84714],[138.173564,36.847348],[138.173114,36.847548],[138.172639,36.847598],[138.172102,36.847448],[138.171502,36.847132],[138.170177,36.846215],[138.169664,36.845723],[138.169327,36.845298],[138.168902,36.845115],[138.168365,36.845007],[138.167802,36.845032],[138.167027,36.845015],[138.166452,36.84489],[138.165977,36.84464],[138.165352,36.84449],[138.16469,36.844515],[138.16404,36.844498],[138.162815,36.844282],[138.162128,36.844398],[138.16144,36.844598],[138.16079,36.844632],[138.160128,36.84459],[138.159503,36.84464],[138.158853,36.844823],[138.158228,36.84489],[138.156291,36.84504],[138.155541,36.845182],[138.154053,36.845598],[138.152841,36.846073],[138.150929,36.846248],[138.150429,36.846365],[138.150154,36.846565],[138.149691,36.847065],[138.148954,36.847948],[138.148504,36.848264],[138.148154,36.848631],[138.147891,36.849064],[138.147629,36.849314],[138.147204,36.849356],[138.146766,36.849298],[138.146216,36.849139],[138.145054,36.848873],[138.143792,36.848389],[138.143104,36.848164],[138.142504,36.847856],[138.141479,36.847164],[138.140979,36.847123],[138.140229,36.847214],[138.139905,36.847306],[138.139317,36.847739],[138.139055,36.848123],[138.138867,36.848281],[138.138517,36.848489],[138.137917,36.848631],[138.137355,36.848697],[138.136492,36.848906],[138.13598,36.848889],[138.135392,36.848822],[138.13503,36.848872],[138.13468,36.848989],[138.133968,36.849439],[138.13298,36.849922],[138.132755,36.850214],[138.132455,36.850439],[138.132093,36.85058],[138.131555,36.85063],[138.13108,36.850522],[138.130668,36.850389],[138.130093,36.850139],[138.129581,36.849805],[138.129306,36.849405],[138.129131,36.849039],[138.128793,36.848889],[138.127668,36.848914],[138.127481,36.848897],[138.126881,36.848713],[138.126281,36.84843],[138.125594,36.848163],[138.125269,36.848072],[138.124581,36.847988],[138.124456,36.847947],[138.124131,36.847947],[138.123744,36.848038],[138.123506,36.848172],[138.122944,36.848671],[138.122769,36.848788],[138.122269,36.849013],[138.121893,36.849082],[138.121307,36.848863],[138.121211,36.848856],[138.121196,36.848854],[138.120557,36.848805],[138.119332,36.848638],[138.118519,36.848563],[138.118107,36.848679],[138.117757,36.848979],[138.117482,36.849404],[138.117182,36.849704],[138.116907,36.849821],[138.116695,36.849871],[138.115982,36.850146],[138.115557,36.850246],[138.11532,36.850354],[138.114932,36.850337],[138.114645,36.850204],[138.114557,36.850096],[138.114307,36.849896],[138.113032,36.849571],[138.112558,36.849537],[138.11242,36.849421],[138.11137,36.848129],[138.111395,36.847879],[138.110883,36.847146],[138.110483,36.846829],[138.109958,36.846571],[138.109145,36.846329],[138.10892,36.846037],[138.107808,36.845446],[138.107433,36.845271],[138.107208,36.845021],[138.106921,36.844304],[138.106721,36.844088],[138.106383,36.843838],[138.105996,36.843754],[138.105358,36.843763],[138.104859,36.843813],[138.104359,36.843754],[138.103784,36.843512],[138.103059,36.843362],[138.102334,36.843171],[138.101634,36.843112],[138.100372,36.843371],[138.099897,36.843537],[138.099572,36.843696],[138.099234,36.843746],[138.099034,36.843479],[138.098872,36.843054],[138.098534,36.842787],[138.098197,36.842837],[138.097784,36.842954],[138.097472,36.842712],[138.097272,36.842304],[138.096997,36.842062],[138.09661,36.842087],[138.096272,36.841954],[138.096185,36.841804],[138.096322,36.841621],[138.096347,36.841412],[138.095772,36.840771],[138.095585,36.840637],[138.095335,36.840662],[138.094972,36.840804],[138.094672,36.840871],[138.09411,36.840587],[138.093497,36.840371],[138.09311,36.840171],[138.09291,36.839946],[138.092985,36.839496],[138.092947,36.839162],[138.09286,36.838979],[138.092085,36.838538],[138.09191,36.838296],[138.091823,36.838046],[138.091823,36.837846],[138.091973,36.837454],[138.091723,36.836988],[138.091748,36.836854],[138.092023,36.836688],[138.092185,36.836504],[138.092235,36.836396],[138.092073,36.836246],[138.09171,36.836263],[138.091598,36.836313],[138.091573,36.836396],[138.091073,36.836613],[138.090935,36.836638],[138.09071,36.836571],[138.090548,36.836413],[138.090423,36.836263],[138.090348,36.836013],[138.09026,36.835921],[138.089785,36.835946],[138.089585,36.835854],[138.089123,36.835904],[138.088785,36.835763],[138.088361,36.835296],[138.088198,36.835021],[138.087998,36.834796],[138.087748,36.834688],[138.087361,36.834638],[138.086886,36.834679],[138.086498,36.834613],[138.085998,36.834438],[138.085798,36.834229],[138.085723,36.83333],[138.085586,36.833171],[138.085273,36.833038],[138.085186,36.832946],[138.084936,36.83243],[138.084723,36.832296],[138.084611,36.832246],[138.084186,36.831913],[138.083823,36.83173],[138.083486,36.831438],[138.083186,36.831321],[138.082986,36.831213],[138.082374,36.830538],[138.081849,36.830405],[138.081574,36.830246],[138.081186,36.829746],[138.081149,36.829346],[138.081049,36.829121],[138.080711,36.828688],[138.080736,36.82833],[138.080686,36.82808],[138.080574,36.827947],[138.080374,36.827855],[138.080186,36.827722],[138.080011,36.827472],[138.080011,36.827297],[138.079824,36.827247],[138.079736,36.827272],[138.079486,36.82718],[138.079374,36.826997],[138.079324,36.82653],[138.079374,36.82628],[138.079211,36.826055],[138.078961,36.825872],[138.078824,36.825605],[138.078437,36.825063],[138.078262,36.824722],[138.078049,36.823689],[138.077899,36.823397],[138.077374,36.82288],[138.077324,36.82268],[138.077349,36.82243],[138.077149,36.822139],[138.076899,36.822072],[138.076599,36.821797],[138.076399,36.821547],[138.076324,36.821347],[138.076187,36.821164],[138.075424,36.820739],[138.075174,36.820156],[138.075012,36.819947],[138.074712,36.819364],[138.074674,36.819097],[138.074487,36.818714],[138.074512,36.818197],[138.074599,36.817989],[138.074549,36.817881],[138.074437,36.817881],[138.074187,36.817972],[138.073712,36.818081],[138.073374,36.817947],[138.073349,36.817789],[138.073462,36.817339],[138.073237,36.817181],[138.072925,36.817072],[138.07285,36.816689],[138.072925,36.816439],[138.073212,36.816281],[138.073237,36.815806],[138.07335,36.815564],[138.073375,36.815406],[138.073275,36.814931],[138.073375,36.814839],[138.073712,36.814664],[138.073749,36.814523],[138.073549,36.814256],[138.073325,36.814098],[138.073275,36.813914],[138.073412,36.813739],[138.073662,36.813648],[138.073862,36.813489],[138.073974,36.812864],[138.073949,36.812748],[138.074024,36.812481],[138.074224,36.812323],[138.074724,36.812056],[138.074899,36.811581],[138.075174,36.811198],[138.075399,36.810973],[138.075462,36.810815],[138.075312,36.810456],[138.074987,36.809981],[138.074374,36.809348],[138.074037,36.80919],[138.073762,36.809123],[138.073587,36.809123],[138.0729,36.808881],[138.072537,36.80879],[138.072112,36.808406],[138.071837,36.808248],[138.071637,36.808065],[138.071062,36.807048],[138.071025,36.806848],[138.0712,36.806332],[138.071175,36.806107],[138.070837,36.80579],[138.070537,36.805407],[138.070312,36.805273],[138.06995,36.805182],[138.069475,36.804782],[138.0688,36.804373],[138.068163,36.80399],[138.067525,36.803765],[138.067275,36.803898],[138.06705,36.804098],[138.066463,36.804457],[138.066213,36.804548],[138.065375,36.804481],[138.064588,36.804523],[138.064226,36.804415],[138.063901,36.804206],[138.063138,36.80394],[138.062501,36.803798],[138.062088,36.803756],[138.061688,36.80369],[138.061026,36.803481],[138.060213,36.803165],[138.059801,36.802898],[138.059076,36.802515],[138.058576,36.802156],[138.058264,36.80179],[138.057601,36.801115],[138.057289,36.80094],[138.057151,36.800915],[138.056464,36.800665],[138.055701,36.800506],[138.054726,36.800256],[138.053864,36.800073],[138.052914,36.799981],[138.051964,36.799981],[138.051989,36.800548],[138.051877,36.800948],[138.051689,36.801356],[138.051577,36.802098],[138.051564,36.802548],[138.051427,36.803448],[138.051477,36.803948],[138.051677,36.804306],[138.051814,36.804689],[138.051839,36.805522],[138.051927,36.805856],[138.052064,36.806172],[138.052089,36.806756],[138.051977,36.807047],[138.051727,36.807339],[138.051139,36.807772],[138.050489,36.807972],[138.049827,36.808289],[138.048839,36.808889],[138.048114,36.80923],[138.047815,36.809314],[138.047677,36.809405],[138.04709,36.809405],[138.04639,36.80963],[138.045127,36.809805],[138.044827,36.809763],[138.04449,36.809605],[138.04374,36.809088],[138.043265,36.808747],[138.043152,36.808505],[138.042965,36.808297],[138.042677,36.808097],[138.042177,36.808005],[138.041877,36.807872],[138.041378,36.807714],[138.041153,36.807689],[138.039165,36.807689],[138.037628,36.807955],[138.036153,36.808089],[138.036103,36.80813],[138.035428,36.808313],[138.034503,36.808647],[138.033728,36.808872],[138.033616,36.808938],[138.033553,36.809347],[138.033666,36.810113],[138.033716,36.810647],[138.033578,36.810872],[138.033353,36.811097],[138.032403,36.811863],[138.031091,36.812805],[138.030328,36.81348],[138.030253,36.81373],[138.030303,36.81418],[138.030466,36.814563],[138.030778,36.814946],[138.031028,36.815146],[138.031078,36.81528],[138.030966,36.815413],[138.030466,36.815846],[138.029966,36.816313],[138.029041,36.816963],[138.028791,36.817104],[138.028141,36.816946],[138.026753,36.816671],[138.026141,36.816579],[138.025553,36.816554],[138.025328,36.816579],[138.024853,36.816688],[138.024516,36.816738],[138.024078,36.816896],[138.023653,36.817163],[138.023516,36.817204],[138.023228,36.817454],[138.023178,36.817721],[138.023041,36.818012],[138.022416,36.818671],[138.021916,36.819387],[138.021641,36.819546],[138.021241,36.819571],[138.020966,36.819521],[138.020604,36.819412],[138.020016,36.819404],[138.019629,36.819321],[138.019241,36.819137],[138.018066,36.818796],[138.017566,36.818846],[138.017004,36.818837],[138.016529,36.81902],[138.015754,36.819562],[138.015554,36.819829],[138.015079,36.82057],[138.014679,36.820862],[138.014291,36.820995],[138.013654,36.821112],[138.013266,36.821353],[138.012779,36.821828],[138.012416,36.822478],[138.011966,36.822912],[138.011641,36.823128],[138.011192,36.823312],[138.010654,36.82347],[138.010267,36.823403],[138.009204,36.822928],[138.008654,36.82272],[138.008454,36.82297],[138.008254,36.823378],[138.007842,36.824186],[138.007392,36.824861],[138.006992,36.825153],[138.006717,36.825311],[138.006267,36.825419],[138.005742,36.825511],[138.004404,36.826044],[138.003979,36.826253],[138.003342,36.826494],[138.00353,36.826927],[138.003779,36.827802],[138.003979,36.828069],[138.004554,36.828477],[138.005754,36.829519],[138.007504,36.830935],[138.008067,36.831502],[138.008404,36.831952],[138.008904,36.832152],[138.009792,36.832577],[138.009904,36.832877],[138.009904,36.833252],[138.010017,36.833752],[138.010904,36.834877],[138.011429,36.835577],[138.011704,36.836093],[138.012067,36.836393],[138.012162,36.836455],[138.012242,36.836518],[138.012604,36.836627],[138.012854,36.836735],[138.013729,36.837893],[138.014017,36.838318],[138.014267,36.838793],[138.014417,36.838926],[138.014829,36.839118],[138.015391,36.839185],[138.015629,36.839135],[138.015879,36.839151],[138.016216,36.839326],[138.016916,36.839818],[138.017291,36.840176],[138.017716,36.84066],[138.018079,36.840926],[138.018391,36.841243],[138.018641,36.841618],[138.018929,36.84191],[138.019316,36.842201],[138.019879,36.842393],[138.019991,36.84251],[138.019966,36.842843],[138.019882,36.843056],[138.019679,36.843568],[138.019516,36.844176],[138.019379,36.844426],[138.018841,36.845018],[138.018841,36.845176],[138.019179,36.845759],[138.019529,36.846143],[138.019754,36.846517],[138.019729,36.846884],[138.019279,36.847809],[138.019304,36.848084],[138.019129,36.848667],[138.018892,36.849909],[138.018742,36.850409],[138.018654,36.850525],[138.017979,36.851142],[138.017679,36.8515],[138.016767,36.85185],[138.015805,36.852267],[138.015455,36.852658],[138.015317,36.853067],[138.01538,36.853267],[138.015692,36.853717],[138.015842,36.854],[138.015267,36.854708],[138.01508,36.855141],[138.014992,36.856291],[138.01503,36.856675],[138.015342,36.857275],[138.015342,36.857483],[138.014967,36.857841],[138.01483,36.858091],[138.01453,36.858299],[138.01428,36.858708],[138.013993,36.859658],[138.013705,36.860158],[138.013268,36.860524],[138.013405,36.860657],[138.014293,36.860849],[138.015318,36.860816],[138.016592,36.860549],[138.017005,36.860683],[138.017542,36.860899],[138.018567,36.861449],[138.01933,36.862024],[138.02018,36.863032],[138.020792,36.863524],[138.020892,36.863899],[138.021267,36.864682],[138.021305,36.865541],[138.02128,36.865749],[138.021455,36.866191],[138.022055,36.867332],[138.022567,36.867982],[138.023417,36.86874],[138.024217,36.869115],[138.024617,36.869374],[138.024892,36.86969],[138.025205,36.870157],[138.025267,36.870474],[138.02528,36.871015],[138.025455,36.87164],[138.025992,36.872423],[138.02623,36.873365],[138.026717,36.873882],[138.02728,36.874282],[138.027892,36.87459],[138.028142,36.874673],[138.028704,36.87494],[138.029067,36.875223],[138.029179,36.875657],[138.029217,36.876148],[138.029529,36.876548],[138.030404,36.87744],[138.030854,36.877748],[138.031392,36.878065],[138.031779,36.878465],[138.031929,36.878681],[138.032017,36.879115],[138.031967,36.879156],[138.032004,36.879898],[138.032067,36.880215],[138.032442,36.880981],[138.032429,36.881698],[138.032467,36.882689],[138.032592,36.883456],[138.032804,36.884489],[138.032842,36.885097],[138.032767,36.885747],[138.032855,36.886064],[138.03273,36.886364],[138.032617,36.886497],[138.03238,36.886947],[138.032355,36.887514],[138.03223,36.888055],[138.032017,36.888505],[138.031942,36.889297],[138.031867,36.889705],[138.031717,36.890072],[138.031455,36.89093],[138.03118,36.891313],[138.030105,36.89178],[138.029417,36.892121],[138.027843,36.892504],[138.027155,36.892554],[138.026518,36.892471],[138.02548,36.892146],[138.024955,36.891771],[138.02458,36.891396],[138.024018,36.891013],[138.023406,36.890754],[138.022831,36.890629],[138.021768,36.890571],[138.021356,36.890804],[138.020893,36.890871],[138.019931,36.891312],[138.019268,36.89152],[138.018494,36.891962],[138.017781,36.892312],[138.016794,36.892454],[138.016344,36.892712],[138.015769,36.89312],[138.015369,36.893645],[138.015069,36.89417],[138.014644,36.895136],[138.014632,36.89557],[138.014831,36.896153],[138.015081,36.89662],[138.015619,36.897136],[138.015931,36.897628],[138.015994,36.898053],[138.015956,36.898844],[138.015619,36.900219],[138.015606,36.900627],[138.015631,36.901036],[138.015694,36.901236],[138.015731,36.901936],[138.015456,36.902252],[138.014669,36.90276],[138.014044,36.903369],[138.013819,36.90371],[138.013519,36.903919],[138.012231,36.904277],[138.011481,36.904368],[138.010756,36.904402],[138.009957,36.904118],[138.009032,36.904177],[138.007357,36.904718],[138.005807,36.904843],[138.005057,36.90481],[138.004482,36.904843],[138.004082,36.904802],[138.003007,36.904968],[138.002519,36.90516],[138.001744,36.905526],[138.001307,36.905776],[138.001007,36.905851],[138.000594,36.906101],[138.000207,36.906668],[138.000019,36.906876],[137.999807,36.906993],[137.999469,36.907043],[137.998894,36.907185],[137.998482,36.907326],[137.997507,36.907493],[137.997044,36.907634],[137.996905,36.907638],[137.996194,36.907759],[137.995657,36.907784],[137.994882,36.907926],[137.994407,36.908126],[137.993932,36.908518],[137.993044,36.909359],[137.992519,36.909701],[137.991656,36.910467],[137.991419,36.910626],[137.991006,36.910726],[137.990556,36.910751],[137.989906,36.910659],[137.988794,36.910376],[137.988257,36.910192],[137.987532,36.909884],[137.986757,36.909826],[137.986282,36.909709],[137.984682,36.908934],[137.983994,36.908776],[137.981219,36.908501],[137.980469,36.90855],[137.979632,36.908709],[137.979007,36.908917],[137.978382,36.909192],[137.977669,36.9094],[137.977344,36.909109],[137.976944,36.908684],[137.976519,36.908367],[137.975982,36.908417],[137.974619,36.908875],[137.973607,36.909308],[137.973107,36.909475],[137.972332,36.909608],[137.971407,36.909908],[137.970645,36.910325],[137.97002,36.910508],[137.969295,36.910783],[137.968757,36.910758],[137.968557,36.91065],[137.968482,36.91015],[137.968532,36.908842],[137.968345,36.9083],[137.967982,36.9079],[137.967557,36.907292],[137.96737,36.906617],[137.967082,36.9059],[137.966695,36.9054],[137.966182,36.904884],[137.96567,36.904442],[137.96507,36.9044],[137.96417,36.904383],[137.963745,36.90395],[137.963445,36.903509],[137.963258,36.903125],[137.962408,36.901975],[137.961995,36.902117],[137.961133,36.902484],[137.960208,36.9028],[137.959383,36.903033],[137.958008,36.902883],[137.957258,36.903108],[137.956071,36.903658],[137.955271,36.904183],[137.954708,36.904483],[137.954059,36.904666],[137.953284,36.90505],[137.952871,36.90535],[137.952546,36.905708],[137.952459,36.90605],[137.952496,36.906433],[137.952446,36.906866],[137.951596,36.908149],[137.951134,36.909508],[137.950871,36.910141],[137.949934,36.911482],[137.949346,36.912091],[137.948609,36.912616],[137.947947,36.912907],[137.947272,36.913024],[137.946284,36.913007],[137.945234,36.912949],[137.94261,36.913165],[137.94151,36.913174],[137.940635,36.913265],[137.938585,36.91364],[137.937685,36.913624],[137.93676,36.913424],[137.935598,36.913524],[137.934586,36.913799],[137.933661,36.91419],[137.932774,36.914265],[137.931786,36.914407],[137.930961,36.914948],[137.930186,36.915515],[137.928299,36.916615],[137.927249,36.917065],[137.926812,36.917523],[137.926187,36.918064],[137.925712,36.918364],[137.925299,36.918564],[137.923812,36.918623],[137.923212,36.918714],[137.92265,36.918948],[137.92215,36.919214],[137.921875,36.919423],[137.92155,36.919714],[137.9213,36.919872],[137.920887,36.919989],[137.92055,36.920014],[137.920225,36.919947],[137.919688,36.919772],[137.919288,36.919714],[137.918713,36.919397],[137.9183,36.919356],[137.9179,36.919239],[137.917488,36.918906],[137.916976,36.918414],[137.916576,36.918189],[137.916101,36.918031],[137.914663,36.918064],[137.914251,36.917956],[137.913738,36.917731],[137.913201,36.917714],[137.912539,36.917764],[137.911739,36.917906],[137.911264,36.917906],[137.910901,36.917839],[137.910564,36.917572],[137.910201,36.917189],[137.909877,36.917081],[137.909639,36.917056],[137.909514,36.917014],[137.902703,36.914281],[137.90244,36.914147],[137.902078,36.913789],[137.901528,36.912597],[137.901103,36.911989],[137.90044,36.911497],[137.899891,36.911389],[137.899328,36.911522],[137.898966,36.911347],[137.898516,36.910939],[137.898191,36.910739],[137.897466,36.910697],[137.896816,36.910614],[137.896216,36.910481],[137.895441,36.910347],[137.894866,36.910331],[137.894454,36.910197],[137.893854,36.910064],[137.893129,36.910022],[137.892266,36.910081],[137.891579,36.910239],[137.890629,36.910714],[137.890154,36.91083],[137.889591,36.910905],[137.888692,36.911064],[137.887917,36.911005],[137.886967,36.910872],[137.886092,36.910922],[137.885354,36.911022],[137.884192,36.911614],[137.883067,36.912072],[137.882354,36.912297],[137.881605,36.912438],[137.881492,36.91248],[137.87898,36.91268],[137.878567,36.912797],[137.877942,36.913113],[137.87753,36.913405],[137.87703,36.913888],[137.876142,36.914863],[137.875517,36.915363],[137.87463,36.915905],[137.874218,36.915746],[137.87358,36.915213],[137.873243,36.915105],[137.87283,36.91513],[137.872055,36.915246],[137.871968,36.915288],[137.871605,36.915313],[137.871068,36.915363],[137.870643,36.915429],[137.868918,36.915888],[137.868118,36.915938],[137.867343,36.915763],[137.866943,36.915604],[137.866231,36.915229],[137.865468,36.914621],[137.864931,36.91413],[137.863719,36.913346],[137.863419,36.91288],[137.863356,36.912355],[137.863494,36.911771],[137.863881,36.91118],[137.863994,36.910755],[137.863831,36.910005],[137.863406,36.909422],[137.862531,36.908888],[137.862131,36.908347],[137.861956,36.907964],[137.862069,36.907422],[137.862481,36.907014],[137.863156,36.906647],[137.86378,36.906417],[137.864581,36.906122],[137.865481,36.905981],[137.866368,36.905797],[137.867206,36.905364],[137.867768,36.904889],[137.868706,36.903731],[137.869118,36.903431],[137.869981,36.903273],[137.870718,36.903089],[137.871168,36.902748],[137.871493,36.902115],[137.871543,36.901481],[137.871256,36.900581],[137.870981,36.900156],[137.870193,36.899348],[137.869618,36.898807],[137.869131,36.898157],[137.868806,36.897615],[137.868318,36.897257],[137.867781,36.897032],[137.867056,36.89684],[137.865656,36.896615],[137.865081,36.896307],[137.864406,36.895023],[137.864006,36.894374],[137.863882,36.893807],[137.863644,36.893315],[137.863219,36.892957],[137.861919,36.892107],[137.861594,36.891632],[137.861519,36.891049],[137.861844,36.890599],[137.863619,36.889074],[137.864294,36.888616],[137.864732,36.888183],[137.866044,36.887391],[137.866719,36.886366],[137.866706,36.885966],[137.866369,36.8854],[137.866119,36.884775],[137.865994,36.884116],[137.866082,36.883575],[137.866344,36.883075],[137.867456,36.8814],[137.867856,36.880675],[137.868356,36.879475],[137.868319,36.878801],[137.868219,36.878217],[137.868306,36.877767],[137.868569,36.877451],[137.868856,36.877176],[137.869869,36.876692],[137.870281,36.876626],[137.871056,36.876443],[137.871914,36.875954],[137.872131,36.875901],[137.872481,36.875701],[137.872631,36.875651],[137.872893,36.875359],[137.873431,36.874659],[137.873868,36.874493],[137.874443,36.874468],[137.874856,36.874376],[137.875506,36.873968],[137.876343,36.873626],[137.876731,36.873443],[137.877143,36.873418],[137.87768,36.87346],[137.87783,36.873393],[137.877793,36.872918],[137.877181,36.871476],[137.876756,36.870777],[137.876356,36.870335],[137.875606,36.869702],[137.875456,36.869327],[137.875393,36.868852],[137.875618,36.867744],[137.876118,36.867244],[137.876468,36.867044],[137.876581,36.866477],[137.876156,36.865802],[137.875168,36.865136],[137.874918,36.864752],[137.874468,36.864502],[137.874143,36.864261],[137.873894,36.863902],[137.873481,36.863611],[137.873056,36.863477],[137.871956,36.863369],[137.871915,36.863414],[137.871756,36.863369],[137.871381,36.862944],[137.871144,36.862744],[137.870544,36.862544],[137.869982,36.862594],[137.869532,36.862794],[137.869119,36.862936],[137.868457,36.862919],[137.868094,36.862561],[137.867982,36.862178],[137.867907,36.861769],[137.867607,36.861294],[137.867307,36.861053],[137.866969,36.860961],[137.866432,36.860986],[137.865995,36.860853],[137.865632,36.860678],[137.86532,36.860344],[137.864845,36.859711],[137.86432,36.858953],[137.863895,36.858453],[137.863408,36.857803],[137.86287,36.857153],[137.861933,36.856237],[137.860958,36.854953],[137.86047,36.85437],[137.859958,36.854012],[137.859246,36.853812],[137.858433,36.85337],[137.857921,36.852829],[137.857546,36.852062],[137.857333,36.851437],[137.857333,36.851071],[137.857171,36.850512],[137.856146,36.849904],[137.855909,36.849412],[137.855834,36.848921],[137.855946,36.847838],[137.855896,36.846371],[137.855971,36.845805],[137.856146,36.845305],[137.856584,36.84463],[137.856846,36.84413],[137.856934,36.843813],[137.856059,36.843255],[137.855671,36.842847],[137.855159,36.842605],[137.854972,36.842272],[137.854447,36.841072],[137.854022,36.840422],[137.853597,36.839889],[137.853234,36.839572],[137.852734,36.839397],[137.85201,36.839264],[137.851797,36.838905],[137.851797,36.838472],[137.851672,36.838072],[137.851372,36.837822],[137.849422,36.837272],[137.848735,36.837031],[137.848285,36.836689],[137.848073,36.836447],[137.847948,36.836389],[137.847685,36.836297],[137.847448,36.836072],[137.84696,36.835764],[137.846485,36.835514],[137.845061,36.834598],[137.844698,36.834106],[137.844761,36.833748],[137.844961,36.833181],[137.844498,36.832615],[137.843986,36.831856],[137.843861,36.831115],[137.843986,36.82994],[137.843148,36.829382],[137.841861,36.828757],[137.840624,36.827857],[137.840349,36.82779],[137.839174,36.826357],[137.838324,36.82539],[137.837599,36.824632],[137.836837,36.823957],[137.835962,36.82324],[137.835424,36.822681],[137.834899,36.822006],[137.834512,36.821398],[137.833937,36.820748],[137.833387,36.820273],[137.832975,36.820231],[137.832337,36.820056],[137.831737,36.819739],[137.831225,36.819114],[137.83095,36.818347],[137.830962,36.817672],[137.831175,36.817197],[137.831462,36.816722],[137.831637,36.816131],[137.831875,36.814489],[137.831937,36.813764],[137.832075,36.813156],[137.832475,36.812156],[137.832562,36.811456],[137.832462,36.810914],[137.832487,36.810623],[137.832362,36.810223],[137.832125,36.809881],[137.831238,36.808806],[137.831,36.808264],[137.83075,36.807881],[137.830475,36.807706],[137.830088,36.807597],[137.8295,36.807597],[137.82785,36.807538],[137.826863,36.80723],[137.825963,36.807071],[137.824913,36.806829],[137.823775,36.806479],[137.823001,36.806145],[137.822638,36.805812],[137.822576,36.805495],[137.822751,36.805154],[137.822801,36.804545],[137.822613,36.803962],[137.822963,36.802945],[137.822801,36.802537],[137.821663,36.801887],[137.821326,36.801554],[137.820963,36.800905],[137.820838,36.80038],[137.820626,36.799913],[137.820201,36.799489],[137.820139,36.799056],[137.820151,36.798581],[137.820039,36.798314],[137.819639,36.798089],[137.809691,36.793344],[137.799204,36.788342],[137.798754,36.788225],[137.797429,36.7879],[137.795392,36.787275],[137.793629,36.786766],[137.793068,36.786184],[137.792517,36.783709],[137.792292,36.782317],[137.792042,36.781684],[137.791642,36.780442],[137.791517,36.779609],[137.791317,36.778826],[137.790867,36.778401],[137.790092,36.777976],[137.789455,36.777576],[137.78888,36.777151],[137.788342,36.776951],[137.787742,36.776526],[137.787142,36.775942],[137.786417,36.775584],[137.785643,36.775092],[137.784793,36.774442],[137.783143,36.773826],[137.782268,36.773192],[137.78173,36.773017],[137.781435,36.773006],[137.78108,36.773026],[137.78033,36.772984],[137.778506,36.77315],[137.776756,36.773408],[137.776043,36.773641],[137.775568,36.773616],[137.774393,36.772775],[137.773881,36.772483],[137.772981,36.772083],[137.772081,36.771883],[137.771306,36.7718],[137.770406,36.771417],[137.769594,36.771383],[137.768906,36.771292],[137.768344,36.77085],[137.767556,36.770625],[137.766981,36.770067],[137.766044,36.768942],[137.765532,36.768476],[137.765082,36.767984],[137.764782,36.767734],[137.764657,36.767626],[137.763944,36.767176],[137.763194,36.766801],[137.762644,36.766393],[137.762582,36.766285],[137.762407,36.766485],[137.762382,36.766734],[137.762507,36.767409],[137.762782,36.767751],[137.763232,36.768126],[137.763294,36.768284],[137.763157,36.768692],[137.762857,36.768917],[137.762419,36.769392],[137.762182,36.77005],[137.762094,36.77055],[137.761832,36.77075],[137.760919,36.7715],[137.760482,36.772],[137.760094,36.772566],[137.758707,36.773816],[137.757994,36.774341],[137.757407,36.774725],[137.756719,36.775066],[137.756007,36.775208],[137.754619,36.776008],[137.753607,36.776325],[137.752832,36.77665],[137.752332,36.777058],[137.751207,36.778233],[137.749995,36.77935],[137.749707,36.779733],[137.749532,36.780075],[137.749507,36.780499],[137.749632,36.780949],[137.750057,36.78149],[137.75052,36.782523],[137.750695,36.78304],[137.750794,36.783689],[137.750744,36.784189],[137.750432,36.785156],[137.750219,36.785614],[137.750082,36.786064],[137.750169,36.786605],[137.751094,36.788288],[137.751482,36.788846],[137.751457,36.789412],[137.751082,36.79032],[137.750769,36.79142],[137.750919,36.791803],[137.751882,36.792294],[137.753119,36.793593],[137.753907,36.794668],[137.754007,36.795301],[137.754319,36.796634],[137.754094,36.797126],[137.753707,36.797518],[137.753119,36.797943],[137.751969,36.79901],[137.751407,36.799693],[137.751057,36.800035],[137.750844,36.800377],[137.750882,36.800935],[137.750832,36.801527],[137.750832,36.801993],[137.750907,36.802518],[137.750757,36.802968],[137.750607,36.803218],[137.750082,36.803577],[137.749757,36.803852],[137.749544,36.80421],[137.749494,36.804593],[137.749532,36.80496],[137.749806,36.805568],[137.749894,36.806018],[137.749756,36.80651],[137.749581,36.80681],[137.749381,36.807302],[137.749294,36.807843],[137.749244,36.808885],[137.749306,36.809202],[137.749319,36.80956],[137.749169,36.809902],[137.748869,36.810168],[137.748606,36.810327],[137.748156,36.81031],[137.747981,36.810352],[137.747856,36.810469],[137.747444,36.811035],[137.746929,36.81131],[137.746906,36.81136],[137.746631,36.811602],[137.746156,36.811919],[137.745794,36.812094],[137.745457,36.812544],[137.745332,36.812786],[137.745206,36.813286],[137.745081,36.814702],[137.744956,36.815019],[137.744919,36.815219],[137.744556,36.815461],[137.744044,36.816003],[137.743769,36.816136],[137.743382,36.816244],[137.742557,36.816669],[137.741832,36.817386],[137.741657,36.81752],[137.741344,36.817678],[137.740932,36.817678],[137.740719,36.818011],[137.740682,36.818303],[137.740494,36.818728],[137.740257,36.818845],[137.740019,36.818887],[137.739144,36.818928],[137.738932,36.81897],[137.738507,36.81917],[137.738232,36.819395],[137.738057,36.819637],[137.737994,36.81982],[137.737807,36.820137],[137.737082,36.82067],[137.73657,36.820829],[137.735895,36.821254],[137.735082,36.821721],[137.734207,36.822096],[137.73412,36.822187],[137.73387,36.822296],[137.73357,36.822571],[137.73312,36.822904],[137.732082,36.823529],[137.73157,36.824154],[137.731545,36.824271],[137.731382,36.824487],[137.730895,36.824987],[137.73072,36.825362],[137.730682,36.826062],[137.73047,36.826262],[137.73017,36.826379],[137.73002,36.826462],[137.729982,36.826712],[137.730157,36.826846],[137.731157,36.827304],[137.731482,36.827554],[137.73172,36.827846],[137.732107,36.828137],[137.73247,36.828279],[137.732557,36.828346],[137.732707,36.828612],[137.732795,36.829154],[137.73297,36.829454],[137.73297,36.82952],[137.733207,36.829745],[137.733632,36.830012],[137.734369,36.830962],[137.734432,36.831462],[137.734369,36.831912],[137.734144,36.832445],[137.734082,36.83292],[137.733807,36.833636],[137.733619,36.834445],[137.733432,36.834986],[137.733282,36.835253],[137.732919,36.835678],[137.732732,36.836061],[137.732707,36.836269],[137.732857,36.836353],[137.732919,36.836386],[137.733031,36.836578],[137.733381,36.837219],[137.733406,36.837486],[137.733456,36.838127],[137.733719,36.840444],[137.733968,36.84131],[137.734168,36.842318],[137.734106,36.842743],[137.733906,36.84336],[137.733193,36.84391],[137.733056,36.84411],[137.732943,36.844393],[137.732881,36.844885],[137.732943,36.84536],[137.733293,36.846143],[137.733468,36.846751],[137.73413,36.848551],[137.73483,36.849684],[137.735005,36.850134],[137.73508,36.850601],[137.735055,36.851284],[137.734942,36.851776],[137.734742,36.852184],[137.734717,36.852992],[137.735042,36.854583],[137.735104,36.855275],[137.734879,36.856091],[137.734617,36.856633],[137.734379,36.856908],[137.733854,36.8572],[137.733467,36.857325],[137.733367,36.857391],[137.733017,36.8575],[137.732517,36.857708],[137.732392,36.857866],[137.732429,36.857999],[137.733092,36.858724],[137.733279,36.859033],[137.733492,36.859307],[137.733729,36.859924],[137.733979,36.860657],[137.734079,36.861082],[137.734054,36.861515],[137.733616,36.86224],[137.733504,36.862573],[137.733416,36.863073],[137.733454,36.863415],[137.733429,36.863798],[137.733266,36.865056],[137.733203,36.865156],[137.733128,36.866123],[137.732841,36.867189],[137.732878,36.867364],[137.733066,36.867706],[137.73409,36.868756],[137.734115,36.868964],[137.734028,36.869022],[137.733828,36.869322],[137.733653,36.86948],[137.73329,36.869905],[137.732803,36.870839],[137.732715,36.870939],[137.732628,36.871297],[137.732428,36.871797],[137.732228,36.87243],[137.732115,36.872988],[137.732178,36.873488],[137.732115,36.873647],[137.731678,36.873805],[137.731353,36.87383],[137.730965,36.873788],[137.730691,36.873813],[137.730366,36.873947],[137.730016,36.874155],[137.729716,36.87438],[137.729353,36.874763],[137.729178,36.875088],[137.728928,36.875422],[137.728516,36.876172],[137.728278,36.876463],[137.727503,36.877055],[137.726891,36.877446],[137.726441,36.877605],[137.725703,36.877855],[137.724803,36.877955],[137.724453,36.878205],[137.724366,36.878521],[137.724366,36.878905],[137.724228,36.879196],[137.723691,36.87958],[137.723403,36.880013],[137.723178,36.880629],[137.722203,36.881629],[137.721966,36.882029],[137.721403,36.882454],[137.720778,36.883038],[137.720278,36.883412],[137.719903,36.883871],[137.718866,36.885887],[137.718491,36.886229],[137.718054,36.886495],[137.717516,36.886754],[137.716954,36.887062],[137.716889,36.887122],[137.716329,36.887454],[137.715904,36.887779],[137.715541,36.888137],[137.715216,36.888504],[137.714891,36.888978],[137.714454,36.890087],[137.713991,36.89052],[137.713691,36.89097],[137.713666,36.891395],[137.713504,36.892595],[137.713241,36.89332],[137.713129,36.894036],[137.713291,36.894236],[137.713479,36.894636],[137.713691,36.895503],[137.713704,36.895678],[137.713479,36.896528],[137.713566,36.897028],[137.713741,36.897236],[137.714166,36.897661],[137.714341,36.897928],[137.714378,36.898228],[137.714403,36.899736],[137.714241,36.899919],[137.713866,36.900261],[137.713478,36.900444],[137.713316,36.900669],[137.712941,36.902019],[137.712628,36.903561],[137.712666,36.904052],[137.713116,36.904594],[137.713753,36.905085],[137.714416,36.905735],[137.714603,36.906185],[137.714878,36.906544],[137.715116,36.906727],[137.715415,36.90686],[137.715928,36.906919],[137.716578,36.906985],[137.717278,36.907152],[137.717528,36.907352],[137.717578,36.907485],[137.717753,36.90786],[137.717528,36.908535],[137.717503,36.908718],[137.717528,36.90906],[137.71739,36.909485],[137.71719,36.909802],[137.71704,36.910343],[137.717053,36.910568],[137.717115,36.91086],[137.717178,36.910976],[137.717153,36.911543],[137.716978,36.911943],[137.716978,36.91206],[137.717253,36.912601],[137.717852,36.913334],[137.718015,36.913693],[137.718052,36.914101],[137.717902,36.914259],[137.717727,36.914651],[137.717615,36.915143],[137.717652,36.915951],[137.71764,36.917009],[137.717377,36.917959],[137.717302,36.918459],[137.717252,36.919425],[137.717402,36.919709],[137.717352,36.919892],[137.717177,36.92005],[137.716977,36.920392],[137.716915,36.920617],[137.716715,36.920842],[137.716202,36.921133],[137.716115,36.921333],[137.716102,36.921492],[137.717464,36.922333],[137.717927,36.922783],[137.717927,36.9229],[137.718402,36.923941],[137.718939,36.924533],[137.719127,36.924866],[137.719777,36.926183],[137.720401,36.926791],[137.720164,36.927066],[137.719826,36.927308],[137.718726,36.928274],[137.718526,36.928408],[137.718214,36.928699],[137.718076,36.928924],[137.718151,36.929441],[137.718064,36.929557],[137.717176,36.929916],[137.717064,36.930049],[137.716801,36.930991],[137.716539,36.931532],[137.716389,36.932074],[137.716164,36.932799],[137.715251,36.932857],[137.714564,36.93294],[137.713989,36.93344],[137.713614,36.933974],[137.713464,36.934265],[137.713289,36.93479],[137.713264,36.935215],[137.713576,36.935465],[137.713826,36.93574],[137.713876,36.93599],[137.713826,36.936298],[137.713589,36.936865],[137.713589,36.937248],[137.713664,36.93754],[137.713639,36.937948],[137.713176,36.938398],[137.711564,36.940306],[137.711389,36.940464],[137.711251,36.940798],[137.711264,36.941681],[137.711576,36.942697],[137.711576,36.943014],[137.711188,36.94418],[137.711076,36.944405],[137.710076,36.94438],[137.709389,36.944397],[137.708076,36.944455],[137.707451,36.94443],[137.707201,36.944455],[137.706026,36.94413],[137.705239,36.94383],[137.703302,36.94328],[137.702702,36.94323],[137.702102,36.943047],[137.701414,36.94298],[137.700715,36.942788],[137.69994,36.942538],[137.69849,36.94228],[137.697915,36.942322],[137.697752,36.942372],[137.697115,36.94273],[137.696602,36.942971],[137.696002,36.942971],[137.694728,36.942663],[137.69429,36.942596],[137.694153,36.942621],[137.693665,36.942771],[137.69244,36.942946],[137.69209,36.942946],[137.691553,36.943029],[137.690865,36.943188],[137.690466,36.943138],[137.690103,36.943204],[137.689641,36.943471],[137.689241,36.943513],[137.688903,36.943471],[137.688728,36.943396],[137.688128,36.943304],[137.687791,36.943188],[137.687278,36.943346],[137.686903,36.943612],[137.686303,36.943946],[137.685841,36.944262],[137.685154,36.944937],[137.685029,36.945204],[137.684691,36.945679],[137.684204,36.946079],[137.683254,36.946595],[137.681679,36.947062],[137.681279,36.947237],[137.680791,36.947795],[137.680154,36.948295],[137.679729,36.948428],[137.678879,36.948536],[137.678479,36.948711],[137.677591,36.948928],[137.676354,36.949061],[137.675391,36.949503],[137.674816,36.949886],[137.674042,36.950469],[137.673379,36.950778],[137.672842,36.950886],[137.672092,36.951086],[137.671379,36.951019],[137.670754,36.950836],[137.669392,36.950461],[137.668879,36.950302],[137.668192,36.950186],[137.667655,36.950186],[137.66748,36.950161],[137.666992,36.950177],[137.66648,36.950311],[137.66643,36.950377],[137.666392,36.950761],[137.666442,36.951527],[137.666667,36.95221],[137.666579,36.952477],[137.666342,36.952702],[137.666229,36.952902],[137.666317,36.953269],[137.666304,36.953585],[137.666217,36.953694],[137.665367,36.95441],[137.665267,36.954685],[137.664579,36.955468],[137.664179,36.955802],[137.663717,36.956076],[137.662117,36.95676],[137.661654,36.957035],[137.660992,36.957618],[137.660505,36.957834],[137.660142,36.958059],[137.659305,36.958801],[137.658905,36.959068],[137.658467,36.959251],[137.65793,36.959584],[137.657692,36.959942],[137.65758,36.960259],[137.657492,36.960659],[137.657205,36.961159],[137.65708,36.961492],[137.656855,36.9619],[137.65648,36.962192],[137.656192,36.962667],[137.65578,36.962958],[137.655267,36.963175],[137.655092,36.963292],[137.654405,36.96405],[137.65418,36.964416],[137.654055,36.964791],[137.654055,36.965108],[137.653967,36.965583],[137.653817,36.965858],[137.65353,36.966191],[137.65333,36.966508],[137.65318,36.966866],[137.652805,36.967566],[137.652492,36.967991],[137.652342,36.968083],[137.651967,36.968441],[137.651704,36.968841],[137.651217,36.969341],[137.650704,36.969607],[137.65013,36.969849],[137.649642,36.97019],[137.648492,36.971124],[137.648005,36.971399],[137.647317,36.971523],[137.646667,36.971723],[137.64603,36.972082],[137.645367,36.972798],[137.645105,36.973023],[137.644655,36.973223],[137.643992,36.973423],[137.64313,36.973831],[137.641992,36.974473],[137.641305,36.974789],[137.640155,36.975206],[137.638717,36.975881],[137.638205,36.976214],[137.636967,36.977155],[137.636217,36.977922],[137.635867,36.978322],[137.635817,36.978347],[137.63518,36.979472],[137.635055,36.979738],[137.634967,36.980172],[137.63543,36.980172],[137.636942,36.980338],[137.637105,36.980338],[137.637992,36.980455],[137.639017,36.98053],[137.639905,36.980689],[137.64073,36.980814],[137.641667,36.98088],[137.642154,36.980864],[137.643979,36.98103],[137.646142,36.981089],[137.648229,36.981256],[137.650004,36.981314],[137.650791,36.981364],[137.651429,36.981364],[137.651541,36.981348],[137.652991,36.981373],[137.653904,36.981631],[137.654129,36.981656],[137.654216,36.981631],[137.654591,36.981773],[137.655103,36.982064],[137.655266,36.982131],[137.655153,36.982273],[137.654778,36.982556],[137.654603,36.982648],[137.654978,36.983014],[137.656203,36.983581],[137.656653,36.983831],[137.657078,36.984014],[137.657678,36.984181],[137.658191,36.984364],[137.659265,36.984864],[137.660065,36.985139],[137.660865,36.985306],[137.662428,36.985398],[137.663378,36.985431],[137.664203,36.985506],[137.66699,36.985973],[137.668477,36.98634],[137.669377,36.986457],[137.670214,36.986623],[137.672577,36.98724],[137.673114,36.987423],[137.674102,36.987857],[137.674651,36.988248],[137.675189,36.988565],[137.676239,36.989048],[137.677064,36.989482],[137.677739,36.989732],[137.679813,36.990665],[137.679963,36.99069],[137.680538,36.990648],[137.681476,36.990857],[137.68335,36.991049],[137.684088,36.991282],[137.686487,36.991724],[137.686912,36.991815],[137.687737,36.991974],[137.688,36.992065],[137.691074,36.99274],[137.692012,36.992791],[137.693062,36.993091],[137.694036,36.993366],[137.694099,36.993299],[137.694349,36.993299],[137.694574,36.993441],[137.695324,36.993507],[137.695549,36.993466],[137.696624,36.993724],[137.696911,36.993816],[137.696936,36.993882],[137.697398,36.993924],[137.697661,36.993841],[137.697736,36.993882],[137.697886,36.993907],[137.699561,36.994458],[137.700336,36.994758],[137.701523,36.995549],[137.701923,36.995758],[137.702798,36.995941],[137.70411,36.996358],[137.706935,36.997099],[137.70861,36.997666],[137.709209,36.997941],[137.709922,36.998174],[137.710634,36.998516],[137.711372,36.998816],[137.715021,36.999558],[137.715646,36.999716],[137.715821,36.999716],[137.718521,37.000342],[137.721571,37.001017],[137.722933,37.001358],[137.723508,37.001542],[137.724196,37.001842],[137.725533,37.0023],[137.726208,37.002442],[137.727433,37.002609],[137.728346,37.002817],[137.728983,37.002909],[137.730883,37.003034],[137.731959,37.003509],[137.732784,37.004101],[137.734371,37.005417],[137.735246,37.006034],[137.735846,37.006376],[137.736096,37.006484],[137.736559,37.006917],[137.736984,37.007234],[137.737659,37.007492],[137.738259,37.007626],[137.739421,37.007951],[137.741109,37.008301],[137.741621,37.008484],[137.742721,37.008984],[137.743634,37.009284],[137.744746,37.009876],[137.745221,37.010043],[137.745771,37.010109],[137.746709,37.010434],[137.746887,37.010534],[137.747684,37.010718],[137.748647,37.010993],[137.749659,37.011418],[137.751084,37.01181],[137.753172,37.012676],[137.754409,37.013101],[137.756509,37.013768],[137.758084,37.01436],[137.764497,37.016252],[137.765872,37.01686],[137.767559,37.017568],[137.768684,37.017935],[137.769922,37.018385],[137.774359,37.019777],[137.775797,37.020277],[137.777109,37.020593],[137.778634,37.021027],[137.780121,37.021418],[137.781784,37.021785],[137.783909,37.02246],[137.784071,37.022418],[137.784459,37.022443],[137.784871,37.022493],[137.785259,37.022593],[137.785634,37.022685],[137.785884,37.022752],[137.786209,37.022877],[137.786809,37.02306],[137.787509,37.023293],[137.788084,37.023443],[137.788609,37.023618],[137.789196,37.02381],[137.789871,37.023876],[137.790671,37.024068],[137.791346,37.024268],[137.791858,37.024385],[137.792271,37.024676],[137.792533,37.02486],[137.792883,37.02496],[137.793058,37.024951],[137.793383,37.02491],[137.793621,37.024826],[137.794046,37.024768],[137.794546,37.025018],[137.795033,37.025293],[137.795346,37.025401],[137.795633,37.025351],[137.795983,37.025226],[137.796283,37.025318],[137.796708,37.025601],[137.797058,37.025768],[137.797371,37.025735],[137.797621,37.02566],[137.797771,37.025651],[137.797883,37.025668],[137.798121,37.025818],[137.798658,37.026201],[137.79907,37.026535],[137.799258,37.026668],[137.799645,37.026709],[137.80002,37.026759],[137.800233,37.026809],[137.800333,37.026876],[137.80032,37.027059],[137.800245,37.027293],[137.800508,37.027359],[137.800908,37.027418],[137.801533,37.027593],[137.801983,37.027743],[137.802383,37.027859],[137.803145,37.028051],[137.80387,37.028218],[137.804395,37.028334],[137.804633,37.028401],[137.805283,37.028559],[137.806008,37.028726],[137.806945,37.028934],[137.807357,37.029059],[137.807845,37.029218],[137.808395,37.029418],[137.808982,37.029559],[137.809557,37.029684],[137.810157,37.029842],[137.810645,37.029992],[137.811245,37.030167],[137.811645,37.030234],[137.812245,37.030292],[137.81242,37.030317],[137.812695,37.030442],[137.813145,37.030634],[137.81327,37.030692],[137.81367,37.030859],[137.814207,37.031101],[137.814857,37.031384],[137.815182,37.031534],[137.815769,37.031734],[137.816244,37.031942],[137.816557,37.032109],[137.816969,37.032367],[137.817394,37.032634],[137.817694,37.032859],[137.817982,37.03315],[137.818294,37.033459],[137.818557,37.03365],[137.818832,37.033817],[137.819207,37.033967],[137.819619,37.03405],[137.819907,37.0341],[137.820119,37.034175],[137.820419,37.034442],[137.820644,37.03465],[137.820981,37.03485],[137.821356,37.035067],[137.821744,37.035275],[137.821769,37.035342],[137.821969,37.035692],[137.821981,37.035784],[137.821981,37.035842],[137.822006,37.036009],[137.822306,37.036217],[137.822594,37.036292],[137.823144,37.036525],[137.823581,37.036758],[137.824194,37.037167],[137.824681,37.037433],[137.825393,37.037833],[137.826043,37.038208],[137.826356,37.038425],[137.826831,37.038716],[137.827318,37.039],[137.827818,37.039341],[137.828181,37.039608],[137.828393,37.039691],[137.828955,37.039841],[137.82933,37.039933],[137.829743,37.040066],[137.830205,37.0402],[137.830555,37.040333],[137.831055,37.040516],[137.831305,37.040599],[137.83158,37.040674],[137.831855,37.040741],[137.831968,37.040783],[137.832171,37.040872],[137.83233,37.040933],[137.83333,37.041233],[137.834117,37.041374],[137.838104,37.042807],[137.838554,37.042982],[137.838667,37.043166],[137.840754,37.045182],[137.841791,37.046015],[137.842491,37.046715],[137.842491,37.046807],[137.842716,37.047099],[137.844141,37.048257],[137.844228,37.048348],[137.844478,37.048148],[137.842104,37.046015],[137.841479,37.045457],[137.841341,37.045407],[137.841316,37.045432],[137.840667,37.044799],[137.839829,37.044024],[137.839854,37.043982],[137.839742,37.043866],[137.839679,37.043891],[137.839229,37.043482],[137.838779,37.043007],[137.838417,37.042491],[137.838229,37.042058],[137.836655,37.041041],[137.836205,37.040816],[137.836132,37.040716],[137.835986,37.040626],[137.835842,37.040516],[137.83578,37.040116],[137.83638,37.039508],[137.836455,37.039466],[137.838542,37.040708],[137.838879,37.040016],[137.839417,37.038591],[137.840004,37.037358],[137.841604,37.037816],[137.840917,37.039383],[137.840779,37.040184],[137.840842,37.040516],[137.841742,37.041783],[137.842167,37.042274],[137.842167,37.042324],[137.843604,37.042732],[137.844304,37.042874],[137.844079,37.043391],[137.843116,37.043224],[137.841542,37.042866],[137.841454,37.042949],[137.841379,37.042949],[137.841267,37.043174],[137.841492,37.043382],[137.841649,37.043494],[137.842241,37.043582],[137.843204,37.043791],[137.844079,37.044132],[137.844444,37.044328],[137.845029,37.044449],[137.845991,37.044391],[137.847078,37.044615],[137.848403,37.04494],[137.85054,37.045307],[137.85549,37.046315],[137.856027,37.046449],[137.859289,37.047024],[137.860977,37.047415],[137.864301,37.048015],[137.864951,37.048199],[137.866414,37.048515],[137.869313,37.049207],[137.869876,37.049365],[137.871075,37.04964],[137.871675,37.049824],[137.871838,37.049849],[137.872275,37.050007],[137.873513,37.050299],[137.874175,37.050499],[137.874912,37.050657],[137.876425,37.051057],[137.877662,37.051323],[137.879012,37.051598],[137.879699,37.051773],[137.880412,37.051915],[137.881924,37.052115],[137.882449,37.052223],[137.884649,37.052857],[137.885086,37.052898],[137.886686,37.053165],[137.887511,37.053373],[137.888748,37.053748],[137.89036,37.054157],[137.893385,37.055073],[137.894385,37.05544],[137.89636,37.055973],[137.897334,37.056215],[137.897497,37.056282],[137.897959,37.056432],[137.898309,37.05654],[137.898459,37.05654],[137.898784,37.056523],[137.899022,37.056565],[137.899347,37.056707],[137.899622,37.056765],[137.899909,37.056782],[137.900134,37.056798],[137.900409,37.056898],[137.900872,37.057048],[137.901146,37.057148],[137.901421,37.057232],[137.901659,37.057357],[137.901946,37.057515],[137.902196,37.057532],[137.902521,37.057573],[137.902784,37.057682],[137.902909,37.057748],[137.903121,37.057807],[137.903421,37.057873],[137.903946,37.058057],[137.904109,37.05809],[137.904471,37.058082],[137.904621,37.058157],[137.904958,37.058432],[137.905583,37.058865],[137.905746,37.058932],[137.906171,37.059023],[137.906458,37.059248],[137.906746,37.059448],[137.906946,37.059548],[137.907121,37.059548],[137.907471,37.059498],[137.907796,37.059565],[137.908008,37.059723],[137.908158,37.059798],[137.908558,37.059857],[137.908883,37.059857],[137.909045,37.059857],[137.909533,37.059932],[137.909608,37.059932],[137.909883,37.060015],[137.910045,37.060082],[137.910195,37.060165],[137.910308,37.060173],[137.91047,37.060148],[137.910383,37.060223],[137.91137,37.060423],[137.913108,37.06119],[137.915882,37.062382],[137.91632,37.062648],[137.916707,37.06299],[137.917007,37.06319],[137.917445,37.063415],[137.917557,37.063507],[137.918357,37.063907],[137.919757,37.06479],[137.920944,37.065731],[137.921957,37.066473],[137.923694,37.067848],[137.924244,37.068165],[137.924794,37.068406],[137.927481,37.069465],[137.928069,37.069781],[137.928531,37.070098],[137.928594,37.070065],[137.928631,37.070181],[137.928681,37.070256],[137.927969,37.071306],[137.928343,37.071473],[137.928843,37.07064],[137.929381,37.070865],[137.930018,37.071131],[137.930068,37.071106],[137.930206,37.071131],[137.932031,37.07219],[137.932418,37.071798],[137.932493,37.071931],[137.932531,37.072223],[137.932843,37.072615],[137.933293,37.072656],[137.933468,37.07254],[137.933856,37.072615],[137.934555,37.07304],[137.934855,37.073115],[137.935168,37.073115],[137.935718,37.073415],[137.936193,37.073815],[137.936505,37.073798],[137.936613,37.073838],[137.93673,37.073856],[137.939212,37.075085],[137.939842,37.075431],[137.94028,37.076014],[137.940742,37.076548],[137.940992,37.076981],[137.941517,37.078264],[137.941517,37.078531],[137.941567,37.078847],[137.941842,37.079231],[137.94188,37.079481],[137.94218,37.079906],[137.942429,37.080489],[137.942679,37.080964],[137.943254,37.081572],[137.943742,37.081997],[137.944379,37.082472],[137.945204,37.082972],[137.946192,37.083414],[137.946691,37.083955],[137.947629,37.08463],[137.948116,37.084905],[137.948504,37.085172],[137.948804,37.085488],[137.949391,37.085847],[137.949579,37.085938],[137.950104,37.086322],[137.950291,37.086363],[137.950291,37.086372],[137.950741,37.086597],[137.951553,37.086838],[137.951866,37.086905],[137.952628,37.086972],[137.953828,37.08728],[137.954903,37.087588],[137.955466,37.087697],[137.956903,37.087922],[137.958215,37.088072],[137.959853,37.088155],[137.96049,37.088213],[137.960803,37.08828],[137.96134,37.088505],[137.961615,37.088705],[137.962052,37.089313],[137.962465,37.089622],[137.964477,37.090647],[137.964815,37.090938],[137.96549,37.091255],[137.966952,37.091713],[137.968589,37.09223],[137.970077,37.092938],[137.970839,37.093388],[137.971889,37.093896],[137.972501,37.094346],[137.972964,37.094721],[137.973076,37.094855],[137.973501,37.095213],[137.973701,37.095621],[137.973901,37.096588],[137.974338,37.097529],[137.974701,37.098021],[137.974901,37.098221],[137.975638,37.098737],[137.977163,37.099471],[137.978688,37.100229],[137.979188,37.100521],[137.979501,37.100812],[137.979925,37.101387],[137.980463,37.101187],[137.980688,37.101204],[137.981338,37.101546],[137.98195,37.101762],[137.982775,37.101962],[137.983225,37.102229],[137.984775,37.102879],[137.985113,37.102937],[137.985925,37.103162],[137.986825,37.10347],[137.988212,37.104095],[137.98855,37.10432],[137.989712,37.105395],[137.9903,37.105929],[137.990612,37.106087],[137.991574,37.106553],[137.991524,37.106737],[137.991549,37.106753],[137.991637,37.107028],[137.992174,37.10727],[137.992424,37.10747],[137.993099,37.107737],[137.993362,37.108387],[137.993699,37.108795],[137.994037,37.109037],[137.994324,37.109195],[137.994912,37.109203],[137.994811,37.111721],[137.99686,37.113237],[137.997336,37.113569],[137.997549,37.114011],[137.997773,37.113936],[137.997761,37.113503],[137.99686,37.112904],[137.996248,37.112487],[137.996285,37.112421],[137.996348,37.112337],[137.996223,37.112246],[137.996073,37.112362],[137.995211,37.111637],[137.995248,37.111562],[137.995299,37.110095],[137.99686,37.110079],[137.998636,37.110053],[137.998561,37.109612],[137.998536,37.109428],[137.998736,37.109345],[137.999261,37.109237],[137.999411,37.10917],[137.999786,37.109528],[138.000311,37.110078],[138.000636,37.110395],[138.000598,37.110645],[138.000598,37.110795],[138.000598,37.11092],[138.000573,37.111036],[138.000473,37.11097],[138.000211,37.11097],[138.000211,37.111045],[138.000198,37.111211],[138.000186,37.111428],[138.000223,37.111495],[138.000298,37.111495],[138.000436,37.111478],[138.000473,37.111586],[138.000473,37.111845],[138.000461,37.112095],[138.000298,37.112095],[138.000148,37.112078],[137.999948,37.112053],[137.999761,37.11197],[137.999711,37.112053],[137.999661,37.112153],[137.999598,37.112278],[137.999736,37.112353],[137.999886,37.11242],[138.000273,37.112611],[138.000886,37.112911],[138.001298,37.113128],[138.001661,37.113345],[138.001973,37.113536],[138.002461,37.11387],[138.00296,37.114194],[138.003485,37.114494],[138.003985,37.114761],[138.004485,37.115028],[138.004948,37.115269],[138.005048,37.115311],[138.005298,37.115161],[138.005635,37.114953],[138.005998,37.114719],[138.006173,37.114586],[138.006435,37.114328],[138.007085,37.114411],[138.00771,37.114486],[138.00851,37.114536],[138.00911,37.11452],[138.00996,37.114586],[138.01096,37.114845],[138.011235,37.114936],[138.012134,37.11537],[138.012759,37.115603],[138.012834,37.115711],[138.013259,37.115811],[138.013709,37.115703],[138.014134,37.115478],[138.014159,37.115295],[138.014297,37.115161],[138.014947,37.114786],[138.015297,37.114628],[138.015622,37.114561],[138.015747,37.114695],[138.016122,37.114611],[138.016122,37.114478],[138.016197,37.114428],[138.016634,37.114386],[138.017284,37.114103],[138.017459,37.114053],[138.017809,37.114078],[138.019059,37.114295],[138.020684,37.114687],[138.023683,37.115503],[138.024083,37.115686],[138.025458,37.116186],[138.026233,37.116445],[138.027183,37.116836],[138.029145,37.117886],[138.030045,37.11832],[138.03037,37.11857],[138.03082,37.11882],[138.031145,37.11907],[138.032057,37.120044],[138.032382,37.120344],[138.032607,37.120461],[138.032657,37.120569],[138.032882,37.120728],[138.033207,37.120844],[138.033632,37.120894],[138.034257,37.120878],[138.034707,37.120928],[138.035432,37.121086],[138.036182,37.121344],[138.036706,37.121544],[138.037981,37.121961],[138.038844,37.122461],[138.039644,37.122969],[138.039994,37.123061],[138.040294,37.123244],[138.040793,37.123653],[138.041606,37.124494],[138.041856,37.124694],[138.042481,37.124994],[138.042906,37.125244],[138.04443,37.126002],[138.045955,37.126527],[138.04608,37.126602],[138.046505,37.126761],[138.047005,37.127011],[138.047642,37.127244],[138.048542,37.127861],[138.049192,37.128427],[138.04998,37.129219],[138.051054,37.130085],[138.051654,37.13081],[138.052142,37.131177],[138.052542,37.131585],[138.052642,37.131744],[138.052717,37.13181],[138.052642,37.13181],[138.052492,37.131919],[138.052392,37.131969],[138.052467,37.132102],[138.052829,37.133168],[138.052854,37.133368],[138.052829,37.133727],[138.052842,37.134027],[138.052667,37.134318],[138.052642,37.13456],[138.052167,37.134718],[138.051779,37.134735],[138.051754,37.13471],[138.051617,37.134751],[138.051379,37.134826],[138.051242,37.134993],[138.051329,37.135151],[138.051492,37.13521],[138.051967,37.135101],[138.052567,37.135001],[138.052992,37.135018],[138.053254,37.13516],[138.053279,37.135351],[138.053154,37.135543],[138.053004,37.135835],[138.053054,37.135968],[138.053129,37.135935],[138.053366,37.135843],[138.053741,37.135651],[138.054129,37.135451],[138.054404,37.135343],[138.054516,37.135293],[138.055741,37.135868],[138.056379,37.136235],[138.056454,37.136301],[138.056729,37.13646],[138.057279,37.136893],[138.057603,37.137285],[138.057991,37.138118],[138.058366,37.138959],[138.058791,37.139301],[138.059353,37.140743],[138.059203,37.140876],[138.059141,37.141218],[138.059291,37.141509],[138.059541,37.142326],[138.059653,37.142709],[138.059728,37.143159],[138.060028,37.143342],[138.060303,37.143259],[138.060753,37.143551],[138.061178,37.143784],[138.062028,37.144126],[138.062578,37.144309],[138.063003,37.144359],[138.063303,37.144517],[138.066852,37.147184],[138.067227,37.147542],[138.067352,37.147884],[138.067627,37.1482],[138.067927,37.148384],[138.069664,37.149567],[138.069989,37.149842],[138.070964,37.150433],[138.071339,37.15075],[138.072239,37.15135],[138.072776,37.151642],[138.073651,37.152216],[138.074139,37.152391],[138.074226,37.15245],[138.074376,37.152508],[138.074588,37.152575],[138.074851,37.152683],[138.075238,37.152925],[138.075626,37.153191],[138.076251,37.153541],[138.076801,37.153816],[138.076913,37.153875],[138.077013,37.153975],[138.077088,37.154116],[138.077226,37.154325],[138.077376,37.154425],[138.077826,37.154583],[138.078001,37.1547],[138.078288,37.154883],[138.0786,37.155116],[138.0793,37.155525],[138.079575,37.15565],[138.080038,37.155808],[138.080238,37.155941],[138.0805,37.156216],[138.080938,37.156608],[138.081463,37.156966],[138.081775,37.157116],[138.082062,37.157224],[138.082162,37.157341],[138.0823,37.157591],[138.082612,37.157874],[138.082762,37.157841],[138.082812,37.158033],[138.082837,37.158274],[138.08285,37.158516],[138.0829,37.158749],[138.082987,37.158841],[138.0834,37.158924],[138.083512,37.158983],[138.083562,37.159207],[138.083512,37.159474],[138.083762,37.159999],[138.083825,37.160099],[138.084012,37.160207],[138.084225,37.160282],[138.08445,37.160566],[138.0845,37.160624],[138.0846,37.160666],[138.08475,37.160666],[138.085112,37.160616],[138.085399,37.160566],[138.085449,37.160632],[138.085624,37.160916],[138.085349,37.160891],[138.085249,37.160932],[138.085349,37.161132],[138.085824,37.161341],[138.085874,37.161341],[138.086049,37.161549],[138.086349,37.161974],[138.086737,37.162474],[138.087412,37.163474],[138.088087,37.164249],[138.087962,37.164315],[138.087412,37.164632],[138.086987,37.164882],[138.086712,37.165057],[138.086549,37.165182],[138.086424,37.165215],[138.086374,37.165332],[138.086374,37.16574],[138.086424,37.166298],[138.086474,37.166648],[138.086524,37.166898],[138.086599,37.167157],[138.086674,37.167548],[138.086699,37.16779],[138.086711,37.16824],[138.086749,37.168398],[138.086799,37.16859],[138.086986,37.168615],[138.087024,37.168465],[138.086999,37.16834],[138.086961,37.16814],[138.086924,37.167923],[138.086874,37.167648],[138.086874,37.167473],[138.086874,37.16739],[138.087011,37.167332],[138.087111,37.167315],[138.087111,37.167165],[138.086974,37.167115],[138.086799,37.16714],[138.086774,37.167057],[138.086724,37.166773],[138.086737,37.166557],[138.086724,37.166232],[138.086949,37.165915],[138.087474,37.16544],[138.087637,37.16564],[138.087961,37.166015],[138.088324,37.166357],[138.088711,37.166698],[138.089036,37.166982],[138.089286,37.16724],[138.089511,37.167482],[138.089586,37.167582],[138.089586,37.167532],[138.089849,37.168698],[138.090049,37.168815],[138.090536,37.169248],[138.090936,37.16969],[138.091223,37.170006],[138.091498,37.170206],[138.091673,37.170281],[138.092136,37.170348],[138.092986,37.17094],[138.093061,37.171056],[138.093173,37.171323],[138.093261,37.171415],[138.094086,37.171914],[138.09496,37.172373],[138.095785,37.172856],[138.096248,37.173056],[138.09746,37.173289],[138.098373,37.173523],[138.09971,37.174006],[138.10091,37.174189],[138.101447,37.174173],[138.101597,37.174214],[138.10176,37.174198],[138.101935,37.174131],[138.10231,37.173814],[138.103884,37.173215],[138.104484,37.173015],[138.105534,37.172798],[138.106934,37.17269],[138.108447,37.172448],[138.109534,37.172365],[138.111409,37.17224],[138.111784,37.172182],[138.112359,37.172115],[138.112609,37.172115],[138.113271,37.171915],[138.113521,37.171782],[138.113809,37.17174],[138.114046,37.171607],[138.114071,37.171557],[138.114521,37.171423],[138.116871,37.171082],[138.117783,37.17099],[138.118096,37.170907],[138.118296,37.170932],[138.118521,37.170882],[138.118746,37.170799],[138.118808,37.170682],[138.119833,37.170599],[138.120208,37.170582],[138.121083,37.170607],[138.12172,37.17054],[138.121847,37.170317],[138.12212,37.17024],[138.122633,37.170182],[138.123295,37.169924],[138.12357,37.169741],[138.123745,37.169674],[138.124583,37.169324],[138.125995,37.168832],[138.126095,37.168766],[138.126945,37.168491],[138.127707,37.167824],[138.127995,37.167649],[138.128457,37.167458],[138.128545,37.167299],[138.12862,37.166899],[138.12867,37.166799],[138.130357,37.16515],[138.13052,37.16505],[138.130745,37.164975],[138.13127,37.16465],[138.132045,37.164383],[138.132682,37.164375],[138.132757,37.164341],[138.132869,37.164158],[138.132887,37.164124],[138.132982,37.163983],[138.133219,37.163833],[138.133757,37.163725],[138.133932,37.163733],[138.134232,37.163908],[138.134307,37.163917],[138.134469,37.163817],[138.134607,37.163692],[138.134832,37.16365],[138.135907,37.163642],[138.136382,37.163742],[138.137244,37.163975],[138.137944,37.164108],[138.138469,37.164192],[138.138444,37.16425],[138.138881,37.165517],[138.141044,37.166267],[138.141131,37.166033],[138.139194,37.16545],[138.138919,37.164525],[138.140481,37.164283],[138.140456,37.164108],[138.140731,37.164125],[138.140681,37.163817],[138.140831,37.163717],[138.141319,37.163642],[138.141881,37.163667],[138.142618,37.163617],[138.143081,37.163734],[138.144681,37.163767],[138.145893,37.163725],[138.146518,37.16345],[138.146518,37.163534],[138.146806,37.164084],[138.147493,37.1637],[138.147393,37.163459],[138.14808,37.162925],[138.148443,37.162659],[138.148793,37.162526],[138.148955,37.162267],[138.149068,37.161976],[138.149268,37.161759],[138.149655,37.161559],[138.150055,37.161434],[138.151443,37.161409],[138.151618,37.161417],[138.152118,37.161367],[138.152368,37.161417],[138.152843,37.161509],[138.153418,37.161617],[138.153843,37.161701],[138.154405,37.161651],[138.155067,37.161601],[138.155667,37.161626],[138.156555,37.161718],[138.157255,37.161784],[138.157955,37.161876],[138.159142,37.162068],[138.159767,37.162176],[138.16018,37.162151],[138.160305,37.162151],[138.160779,37.162168],[138.161104,37.162176],[138.161542,37.162209],[138.162117,37.162259],[138.162467,37.162318],[138.162667,37.162401],[138.162879,37.162459],[138.163042,37.162501],[138.163142,37.162493],[138.163404,37.162443],[138.163729,37.162401],[138.163879,37.162526],[138.164129,37.162709],[138.164317,37.162651],[138.164542,37.162534],[138.164717,37.162443],[138.165017,37.162534],[138.165242,37.162584],[138.165479,37.162568],[138.165667,37.162534],[138.166016,37.162476],[138.166466,37.162484],[138.166666,37.162476],[138.166891,37.16246],[138.167079,37.16241],[138.167216,37.162368],[138.167354,37.16226],[138.167516,37.162193],[138.167691,37.162193],[138.167866,37.162351],[138.168254,37.162335],[138.168904,37.162343],[138.169129,37.162343],[138.169216,37.162435],[138.169516,37.162543],[138.169991,37.16276],[138.170279,37.163026],[138.170679,37.163135],[138.171104,37.16316],[138.171316,37.163126],[138.171803,37.163151],[138.172541,37.163193],[138.173103,37.163285],[138.173378,37.163293],[138.173516,37.16331],[138.173978,37.163393],[138.174466,37.163535],[138.174591,37.163585],[138.174928,37.163718],[138.175403,37.163851],[138.175741,37.163926],[138.176241,37.164001],[138.176715,37.164035],[138.177015,37.164085],[138.17769,37.164176],[138.178103,37.164243],[138.17854,37.164385],[138.178915,37.164576],[138.179203,37.16466],[138.179678,37.164751],[138.18014,37.164843],[138.18054,37.164968],[138.18084,37.164976],[138.18194,37.165393],[138.18254,37.16556],[138.182977,37.165735],[138.183677,37.16596],[138.18459,37.166418],[138.184827,37.16666],[138.185015,37.166701],[138.18529,37.166668],[138.185652,37.166801],[138.186189,37.167068],[138.186927,37.167493],[138.187389,37.167551],[138.187877,37.167568],[138.188352,37.167618],[138.188839,37.167801],[138.189214,37.168251],[138.189389,37.16836],[138.189664,37.168443],[138.190052,37.168435],[138.190539,37.168476],[138.191664,37.168643],[138.192076,37.16876],[138.192414,37.169018],[138.192664,37.169326],[138.192939,37.169518],[138.193214,37.169643],[138.193189,37.169693],[138.193259,37.169744],[138.193351,37.169818],[138.193664,37.16986],[138.194026,37.170043],[138.194189,37.17006],[138.194676,37.169868],[138.194951,37.169918],[138.195038,37.169976],[138.195376,37.170076],[138.196001,37.170101],[138.197126,37.170168],[138.198088,37.170143],[138.198476,37.170268],[138.198551,37.170335],[138.199063,37.170285],[138.199551,37.17006],[138.200301,37.169943],[138.200875,37.169893],[138.202063,37.169885],[138.202475,37.169943],[138.202663,37.170077],[138.20295,37.170127],[138.203638,37.17011],[138.20395,37.170052],[138.2046,37.169768],[138.204913,37.169693],[138.205238,37.169477],[138.20595,37.169027],[138.206887,37.168369],[138.207112,37.168327],[138.207287,37.168277],[138.2074,37.168219],[138.207737,37.168244],[138.208562,37.168485],[138.209075,37.168635],[138.209362,37.168835],[138.209837,37.168919],[138.211237,37.169019],[138.211737,37.169119],[138.212237,37.16926],[138.213724,37.169327],[138.214187,37.169302],[138.214562,37.169344],[138.214837,37.16941],[138.215287,37.169619],[138.216324,37.169694],[138.216399,37.169719],[138.216674,37.16981],[138.217224,37.169944],[138.217999,37.170035],[138.218986,37.170169],[138.219799,37.17036],[138.220124,37.17056],[138.220349,37.170827],[138.220699,37.170852],[138.221061,37.170919],[138.221811,37.17111],[138.222098,37.171235],[138.222336,37.171194],[138.222836,37.171244],[138.223298,37.171469],[138.223748,37.17176],[138.224173,37.17186],[138.224536,37.171819],[138.225011,37.17181],[138.225411,37.17191],[138.226011,37.172144],[138.226448,37.172302],[138.226861,37.172469],[138.227348,37.172652],[138.228035,37.17291],[138.228535,37.173102],[138.228973,37.173277],[138.229335,37.173427],[138.229635,37.173594],[138.230098,37.17376],[138.230623,37.173877],[138.230948,37.17406],[138.231435,37.17436],[138.231835,37.174652],[138.232247,37.174819],[138.232697,37.174894],[138.233272,37.174944],[138.233697,37.17506],[138.233785,37.175127],[138.233822,37.175185],[138.233935,37.175344],[138.234072,37.17546],[138.234185,37.175535],[138.234322,37.175635],[138.234735,37.175944],[138.234872,37.176019],[138.23506,37.176144],[138.23556,37.176427],[138.23596,37.176627],[138.23646,37.176852],[138.23676,37.17696],[138.236847,37.177002],[138.237159,37.177169],[138.237584,37.177469],[138.237772,37.17761],[138.238022,37.177802],[138.238359,37.178027],[138.238659,37.17826],[138.239097,37.178627],[138.239309,37.178769],[138.239622,37.17901],[138.239647,37.179069],[138.239697,37.179185],[138.239684,37.179377],[138.239759,37.179535],[138.240009,37.17966],[138.240384,37.179644],[138.240509,37.179619],[138.240909,37.179902],[138.241247,37.180152],[138.241534,37.180302],[138.241834,37.180485],[138.242384,37.180677],[138.243096,37.180793],[138.243609,37.180968],[138.243796,37.181093],[138.244096,37.181293],[138.244309,37.18146],[138.244571,37.181618],[138.244971,37.18181],[138.245221,37.181902],[138.245671,37.182093],[138.245796,37.18216],[138.245996,37.182277],[138.246109,37.182202],[138.246246,37.182052],[138.246546,37.181735],[138.246621,37.181627],[138.246836,37.181336],[138.247646,37.182835],[138.246835,37.183902],[138.246809,37.183952],[138.246684,37.184077],[138.246471,37.184427],[138.246046,37.185218],[138.245946,37.186176],[138.246034,37.186468],[138.246546,37.187851],[138.246835,37.188552],[138.247121,37.189301],[138.252495,37.205041],[138.255069,37.207374],[138.255307,37.207157],[138.25282,37.204849],[138.25172,37.202216],[138.246835,37.18781],[138.246758,37.18756],[138.246633,37.18736],[138.246271,37.186126],[138.246284,37.185926],[138.246446,37.185151],[138.246821,37.185176],[138.246835,37.185269],[138.247171,37.185401],[138.249521,37.182277],[138.250783,37.183019],[138.250683,37.18316],[138.250983,37.183277],[138.251183,37.182885],[138.251558,37.183027],[138.251346,37.183385],[138.251583,37.183494],[138.251783,37.183152],[138.252183,37.183335],[138.254195,37.18401],[138.255083,37.184577],[138.255083,37.184619],[138.254983,37.184694],[138.254695,37.184602],[138.254558,37.184802],[138.254808,37.184935],[138.254774,37.185199],[138.254758,37.185385],[138.254608,37.185677],[138.253195,37.184868],[138.251108,37.184143],[138.250683,37.18466],[138.252071,37.18536],[138.249583,37.187701],[138.252108,37.190984],[138.255783,37.187552],[138.258033,37.18881],[138.25482,37.191801],[138.256545,37.193043],[138.256308,37.193218],[138.264344,37.197676],[138.264669,37.197384],[138.266382,37.195609],[138.266382,37.195543],[138.266357,37.195459],[138.266194,37.195234],[138.265919,37.195009],[138.265632,37.194734],[138.265444,37.194493],[138.265319,37.194384],[138.265144,37.194343],[138.264932,37.194268],[138.264732,37.193934],[138.264469,37.193735],[138.264069,37.193635],[138.263682,37.193451],[138.263432,37.193318],[138.263245,37.193251],[138.26332,37.193151],[138.263682,37.193085],[138.264369,37.193301],[138.265332,37.193301],[138.266107,37.193201],[138.266919,37.193143],[138.268632,37.19411],[138.268532,37.194201],[138.268707,37.194335],[138.269044,37.19471],[138.269269,37.195018],[138.269607,37.195376],[138.269819,37.195501],[138.270344,37.195701],[138.270894,37.195926],[138.271606,37.196218],[138.271919,37.196368],[138.272531,37.196651],[138.272931,37.196859],[138.272931,37.196943],[138.273093,37.197109],[138.273543,37.197434],[138.274043,37.197701],[138.274381,37.197926],[138.274818,37.198326],[138.274943,37.198443],[138.275055,37.198509],[138.275418,37.198576],[138.275705,37.198584],[138.276168,37.198643],[138.27623,37.198568],[138.276743,37.198734],[138.278105,37.199592],[138.27858,37.199817],[138.278667,37.199792],[138.278742,37.199842],[138.27878,37.199951],[138.278942,37.200067],[138.279442,37.200359],[138.280617,37.201126],[138.281704,37.201734],[138.282504,37.202251],[138.283141,37.202592],[138.284153,37.203225],[138.285765,37.204284],[138.286128,37.2046],[138.28704,37.205142],[138.287852,37.2057],[138.289802,37.206967],[138.290939,37.2078],[138.292414,37.208541],[138.292414,37.208633],[138.292476,37.208758],[138.292714,37.2091],[138.292964,37.209408],[138.293151,37.209658],[138.293389,37.209833],[138.293626,37.209875],[138.293976,37.209908],[138.294201,37.209983],[138.294738,37.21025],[138.295188,37.2106],[138.295301,37.210825],[138.295526,37.211158],[138.295663,37.211299],[138.295863,37.211366],[138.296263,37.211374],[138.296313,37.211433],[138.2967,37.211674],[138.296925,37.211883],[138.29735,37.212183],[138.297638,37.212399],[138.297775,37.212491],[138.297888,37.212591],[138.298213,37.212808],[138.298338,37.212899],[138.298788,37.213174],[138.299075,37.213366],[138.299238,37.213483],[138.299688,37.213749],[138.30015,37.214049],[138.300537,37.214308],[138.3009,37.214566],[138.301225,37.214758],[138.301462,37.214883],[138.3016,37.214949],[138.3017,37.214999],[138.301737,37.215091],[138.301725,37.215158],[138.301775,37.215308],[138.301937,37.215466],[138.302375,37.215741],[138.302987,37.216074],[138.3034,37.216441],[138.303575,37.216591],[138.303637,37.216666],[138.30355,37.216782],[138.303362,37.216907],[138.303425,37.217049],[138.3035,37.217116],[138.303637,37.217041],[138.303712,37.216982],[138.303812,37.216874],[138.304,37.216982],[138.30435,37.217199],[138.304525,37.217291],[138.304675,37.217424],[138.304825,37.217524],[138.305237,37.217732],[138.305512,37.217882],[138.305849,37.218124],[138.306049,37.218291],[138.306362,37.218499],[138.306812,37.218849],[138.307124,37.219041],[138.307324,37.219174],[138.307599,37.219374],[138.309424,37.220832],[138.309811,37.221149],[138.310949,37.221891],[138.311311,37.222207],[138.312786,37.22329],[138.313799,37.223899],[138.314161,37.224207],[138.314273,37.224257],[138.315861,37.22534],[138.317748,37.226824],[138.318386,37.227207],[138.320085,37.22834],[138.320698,37.228832],[138.321235,37.229257],[138.323373,37.231015],[138.32471,37.231898],[138.325347,37.232348],[138.326185,37.232915],[138.32691,37.233298],[138.327472,37.233698],[138.328222,37.234381],[138.328272,37.234381],[138.328972,37.234965],[138.329809,37.235573],[138.330422,37.23614],[138.331109,37.236698],[138.332484,37.237598],[138.333784,37.238506],[138.334209,37.238906],[138.335459,37.239831],[138.336234,37.240506],[138.337296,37.241339],[138.337858,37.241723],[138.338833,37.242473],[138.339633,37.243031],[138.341646,37.244564],[138.34222,37.245039],[138.34267,37.245356],[138.344483,37.246997],[138.34532,37.247564],[138.346258,37.248081],[138.34687,37.248489],[138.34777,37.249205],[138.348045,37.24943],[138.348095,37.249522],[138.349157,37.250422],[138.349132,37.250447],[138.34922,37.250472],[138.349857,37.250964],[138.350195,37.251372],[138.35052,37.251639],[138.350882,37.251822],[138.351944,37.252497],[138.352507,37.252947],[138.352507,37.252972],[138.352719,37.253022],[138.353419,37.253538],[138.354682,37.25438],[138.354969,37.254588],[138.355894,37.255472],[138.356344,37.256072],[138.356506,37.256205],[138.356994,37.256405],[138.357494,37.256797],[138.358081,37.257172],[138.360244,37.258913],[138.360818,37.25938],[138.361506,37.260046],[138.362168,37.260496],[138.362743,37.260921],[138.363381,37.261396],[138.364543,37.262346],[138.364918,37.262588],[138.36613,37.263604],[138.36638,37.263788],[138.366743,37.264154],[138.367193,37.264679],[138.367943,37.265246],[138.368268,37.265421],[138.368643,37.265696],[138.369218,37.266071],[138.369818,37.266579],[138.37083,37.267338],[138.371467,37.267912],[138.37188,37.268171],[138.37263,37.269187],[138.373155,37.269729],[138.373292,37.269846],[138.373905,37.270137],[138.374479,37.270612],[138.374904,37.270929],[138.375267,37.271271],[138.375729,37.271604],[138.380066,37.275087],[138.380416,37.275387],[138.380891,37.27572],[138.381479,37.276245],[138.381841,37.276537],[138.382053,37.276878],[138.382478,37.277278],[138.383078,37.277753],[138.383616,37.27812],[138.384778,37.279045],[138.384941,37.279137],[138.385466,37.279662],[138.38824,37.281786],[138.388353,37.28192],[138.389015,37.282353],[138.389515,37.282778],[138.390577,37.283861],[138.390827,37.284086],[138.390965,37.284136],[138.39129,37.28432],[138.392465,37.28527],[138.393289,37.285995],[138.394489,37.287186],[138.395152,37.287594],[138.395702,37.288003],[138.396377,37.288544],[138.397089,37.289228],[138.397476,37.289544],[138.398264,37.290061],[138.398589,37.290336],[138.398926,37.290536],[138.399226,37.290786],[138.399764,37.291327],[138.400289,37.291736],[138.401089,37.292302],[138.401926,37.292961],[138.402314,37.293227],[138.403088,37.293977],[138.403926,37.294611],[138.405088,37.295627],[138.405413,37.295969],[138.406751,37.29721],[138.408388,37.298502],[138.409275,37.29916],[138.40975,37.299477],[138.41105,37.300602],[138.412,37.301327],[138.412413,37.30171],[138.412975,37.302302],[138.413437,37.30266],[138.41425,37.30336],[138.414962,37.303927],[138.415412,37.304335],[138.41555,37.304427],[138.4168,37.305602],[138.417437,37.306327],[138.417575,37.306393],[138.417775,37.306418],[138.417962,37.306485],[138.418162,37.306468],[138.418162,37.306643],[138.418437,37.30696],[138.418749,37.307093],[138.419099,37.307418],[138.419412,37.307618],[138.420024,37.308226],[138.420737,37.308768],[138.421137,37.309085],[138.421487,37.30956],[138.421662,37.30981],[138.422212,37.31031],[138.423274,37.311076],[138.423486,37.311218],[138.423824,37.311309],[138.424161,37.311484],[138.426524,37.313501],[138.427711,37.314517],[138.428323,37.315151],[138.428823,37.315467],[138.429211,37.315834],[138.429823,37.316284],[138.43291,37.31875],[138.433848,37.319542],[138.434001,37.3197],[138.43451,37.320333],[138.43476,37.320583],[138.43521,37.320875],[138.436073,37.321575],[138.436548,37.322075],[138.436823,37.322458],[138.43696,37.322775],[138.43696,37.323],[138.436597,37.323658],[138.436372,37.323833],[138.43631,37.323966],[138.43631,37.324241],[138.436422,37.324625],[138.43656,37.324716],[138.436672,37.32465],[138.43681,37.324625],[138.437822,37.32465],[138.438072,37.324633],[138.438172,37.324675],[138.438347,37.32465],[138.438485,37.324475],[138.43876,37.32425],[138.439347,37.324091],[138.43991,37.32405],[138.44036,37.324075],[138.440722,37.32405],[138.44111,37.3241],[138.441247,37.324141],[138.44161,37.324166],[138.44211,37.323941],[138.442422,37.323916],[138.444984,37.324108],[138.445097,37.32395],[138.445597,37.32415],[138.446259,37.324266],[138.446897,37.324583],[138.447759,37.32515],[138.448184,37.32545],[138.448821,37.326033],[138.449671,37.3271],[138.449896,37.327508],[138.450121,37.327708],[138.451071,37.328274],[138.452183,37.328799],[138.452546,37.329049],[138.452646,37.329066],[138.452571,37.329383],[138.452596,37.329833],[138.452733,37.330307],[138.452896,37.330532],[138.453371,37.330924],[138.453571,37.330991],[138.453783,37.331282],[138.455045,37.331624],[138.45627,37.332057],[138.456845,37.332332],[138.45727,37.332574],[138.458345,37.333599],[138.458733,37.334074],[138.458795,37.334232],[138.45902,37.33434],[138.45932,37.33464],[138.459545,37.334774],[138.459845,37.334865],[138.46082,37.334915],[138.461045,37.335024],[138.461157,37.335157],[138.46077,37.335765],[138.460632,37.335907],[138.460457,37.336265],[138.460482,37.336307],[138.460382,37.336349],[138.460407,37.336532],[138.460432,37.336598],[138.460632,37.336673],[138.460882,37.336623],[138.461157,37.33654],[138.461357,37.336424],[138.461495,37.336315],[138.461795,37.336132],[138.462382,37.335957],[138.462695,37.33589],[138.46297,37.33589],[138.46322,37.335665],[138.464082,37.335665],[138.464557,37.335715],[138.464807,37.335874],[138.465032,37.335915],[138.465194,37.336007],[138.465282,37.33614],[138.465532,37.336124],[138.466194,37.33594],[138.466707,37.335899],[138.467319,37.33599],[138.468006,37.336199],[138.468206,37.336307],[138.468344,37.336349],[138.468569,37.336549],[138.468819,37.336665],[138.469019,37.336682],[138.469019,37.336757],[138.468919,37.336932],[138.468906,37.337207],[138.468856,37.337315],[138.469356,37.337932],[138.469531,37.338023],[138.469756,37.337998],[138.470031,37.338065],[138.470206,37.338207],[138.470231,37.338315],[138.470756,37.338432],[138.471131,37.338548],[138.471781,37.33894],[138.471931,37.339073],[138.471956,37.339207],[138.472094,37.339365],[138.472456,37.339323],[138.472968,37.339665],[138.473168,37.33969],[138.473318,37.339807],[138.473518,37.339898],[138.473793,37.340107],[138.474218,37.340307],[138.474743,37.34029],[138.474868,37.34034],[138.475093,37.340515],[138.475093,37.340882],[138.475243,37.34104],[138.475468,37.341173],[138.475718,37.341398],[138.475893,37.341315],[138.476068,37.341356],[138.475893,37.34154],[138.475993,37.341581],[138.476243,37.341498],[138.476268,37.341431],[138.476443,37.341473],[138.476543,37.341565],[138.476481,37.341748],[138.47668,37.341973],[138.47688,37.34209],[138.47683,37.342356],[138.47688,37.342606],[138.47685,37.342617],[138.476855,37.342631],[138.477205,37.342498],[138.47828,37.342998],[138.478755,37.343073],[138.478905,37.343206],[138.478955,37.343523],[138.47918,37.343481],[138.479305,37.343548],[138.479468,37.344381],[138.479718,37.344789],[138.479868,37.344681],[138.480018,37.344773],[138.480218,37.344998],[138.480218,37.345131],[138.480143,37.345356],[138.480455,37.345514],[138.480618,37.345406],[138.480718,37.345456],[138.48078,37.345614],[138.480905,37.345656],[138.481043,37.345548],[138.481043,37.345456],[138.481217,37.345323],[138.481442,37.345348],[138.481592,37.345323],[138.481717,37.345231],[138.481717,37.345164],[138.482017,37.345098],[138.482092,37.345056],[138.482492,37.345131],[138.483017,37.345198],[138.483492,37.345356],[138.483717,37.345523],[138.483842,37.345498],[138.483842,37.345631],[138.483942,37.345723],[138.484417,37.345656],[138.484717,37.345823],[138.484717,37.345931],[138.484817,37.345998],[138.485442,37.346139],[138.486017,37.346414],[138.486804,37.347031],[138.486979,37.347073],[138.487204,37.347056],[138.487329,37.347098],[138.487429,37.347281],[138.487429,37.347348],[138.487629,37.347531],[138.488479,37.348189],[138.488954,37.348689],[138.489092,37.349056],[138.488892,37.349747],[138.488967,37.350247],[138.488929,37.350631],[138.488779,37.350722],[138.488854,37.350814],[138.488629,37.351306],[138.488404,37.351531],[138.488354,37.351506],[138.488217,37.351597],[138.488142,37.351797],[138.487942,37.351905],[138.488117,37.352089],[138.488392,37.352072],[138.488517,37.352255],[138.488692,37.352364],[138.488967,37.352522],[138.489267,37.352547],[138.489392,37.352505],[138.489617,37.352489],[138.489742,37.352464],[138.490267,37.352489],[138.490342,37.35258],[138.490417,37.352714],[138.490792,37.352805],[138.490792,37.35263],[138.490966,37.352355],[138.491166,37.352564],[138.491479,37.352139],[138.491679,37.351939],[138.491954,37.351806],[138.492804,37.351647],[138.493004,37.351672],[138.493154,37.351814],[138.493254,37.351814],[138.493304,37.351697],[138.493579,37.351497],[138.493891,37.351456],[138.494541,37.351481],[138.494916,37.351572],[138.494741,37.351689],[138.494679,37.351797],[138.495004,37.351889],[138.495254,37.351847],[138.495291,37.351689],[138.495216,37.351581],[138.495093,37.351597],[138.495091,37.351581],[138.495291,37.351531],[138.495491,37.351514],[138.495541,37.351539],[138.495516,37.351714],[138.495441,37.351831],[138.495554,37.351922],[138.495554,37.352081],[138.495629,37.352239],[138.495679,37.352622],[138.495804,37.352756],[138.495829,37.352889],[138.495879,37.352981],[138.496231,37.353164],[138.496456,37.353189],[138.496656,37.353123],[138.496806,37.353014],[138.496941,37.353031],[138.496991,37.353006],[138.497091,37.352731],[138.497241,37.352789],[138.497428,37.352806],[138.497816,37.352239],[138.497966,37.352114],[138.498353,37.352089],[138.499478,37.352114],[138.499716,37.352047],[138.499928,37.352031],[138.500616,37.352089],[138.501066,37.352214],[138.501803,37.352606],[138.502053,37.352839],[138.501991,37.353056],[138.501853,37.353172],[138.501791,37.353297],[138.501953,37.353497],[138.502153,37.353414],[138.502253,37.353322],[138.502428,37.353256],[138.502715,37.353206],[138.503715,37.353206],[138.503978,37.353356],[138.504178,37.353539],[138.504315,37.353731],[138.504315,37.354047],[138.50444,37.354131],[138.504615,37.354106],[138.50494,37.353797],[138.50504,37.353547],[138.505165,37.353406],[138.505303,37.353397],[138.505753,37.353456],[138.506615,37.353797],[138.50689,37.353856],[138.50709,37.353964],[138.507953,37.354856],[138.508128,37.355114],[138.508065,37.355456],[138.50799,37.355564],[138.508015,37.355864],[138.50794,37.356039],[138.508003,37.356097],[138.508215,37.356056],[138.50839,37.355847],[138.508427,37.355731],[138.508915,37.355881],[138.509027,37.355997],[138.50914,37.356289],[138.509615,37.356147],[138.510377,37.356039],[138.510615,37.356172],[138.510777,37.356181],[138.511208,37.355693],[138.51124,37.355697],[138.51124,37.355906],[138.511265,37.355989],[138.511415,37.355847],[138.511677,37.355814],[138.512515,37.355814],[138.513152,37.355847],[138.51354,37.355956],[138.513865,37.356081],[138.51409,37.356156],[138.514515,37.356281],[138.514964,37.356347],[138.515577,37.356472],[138.515939,37.356689],[138.516339,37.357064],[138.516777,37.357639],[138.517164,37.358006],[138.517314,37.358139],[138.517477,37.358805],[138.517727,37.358855],[138.517564,37.35908],[138.517564,37.359255],[138.517902,37.359539],[138.518039,37.359605],[138.518264,37.359664],[138.518564,37.359964],[138.518764,37.359997],[138.518877,37.35993],[138.519077,37.359964],[138.519152,37.360514],[138.519252,37.360572],[138.519414,37.36018],[138.519627,37.360072],[138.519914,37.359847],[138.520152,37.359822],[138.520739,37.359997],[138.521002,37.360239],[138.521377,37.360739],[138.521939,37.361022],[138.522364,37.361405],[138.523052,37.36178],[138.523789,37.362038],[138.524477,37.362255],[138.525064,37.362705],[138.525239,37.363072],[138.525189,37.363288],[138.525639,37.363822],[138.526464,37.364388],[138.526701,37.364897],[138.526651,37.365546],[138.526301,37.36618],[138.526076,37.366621],[138.526189,37.366955],[138.526364,37.366955],[138.526626,37.367105],[138.526789,37.367038],[138.526889,37.366721],[138.527026,37.366571],[138.527276,37.36648],[138.527289,37.366421],[138.527239,37.366271],[138.527014,37.365938],[138.526901,37.365863],[138.526923,37.36582],[138.527301,37.36598],[138.528001,37.366405],[138.528289,37.366171],[138.528689,37.366088],[138.528976,37.366055],[138.529414,37.366055],[138.529764,37.36613],[138.529914,37.36643],[138.529914,37.366455],[138.531926,37.367388],[138.532239,37.366771],[138.530789,37.365922],[138.530489,37.365288],[138.531764,37.36493],[138.532276,37.365538],[138.532801,37.365372],[138.532551,37.364697],[138.533326,37.364413],[138.533726,37.36448],[138.533776,37.364663],[138.535538,37.365097],[138.534788,37.366855],[138.536113,37.367213],[138.536751,37.365888],[138.538,37.366263],[138.53745,37.36763],[138.537888,37.367855],[138.538388,37.368046],[138.539075,37.368346],[138.5395,37.368688],[138.539587,37.368496],[138.539825,37.36803],[138.54,37.367613],[138.540075,37.367213],[138.541012,37.36713],[138.541487,37.367288],[138.541812,37.367488],[138.542187,37.367938],[138.541473,37.36925],[138.541525,37.369271],[138.54185,37.369213],[138.542399,37.368996],[138.542649,37.368813],[138.543162,37.36883],[138.543812,37.369263],[138.543799,37.369488],[138.543799,37.36973],[138.543812,37.369813],[138.543924,37.369763],[138.544249,37.369763],[138.544737,37.369821],[138.545024,37.37003],[138.545174,37.370238],[138.545449,37.370471],[138.545674,37.370571],[138.546174,37.370838],[138.546399,37.371046],[138.546736,37.371396],[138.546961,37.371655],[138.546899,37.371755],[138.546799,37.371796],[138.546675,37.371696],[138.546636,37.371721],[138.546686,37.371805],[138.546811,37.371946],[138.547261,37.372296],[138.547898,37.372663],[138.548336,37.372879],[138.548636,37.373146],[138.548873,37.373538],[138.549048,37.373921],[138.549473,37.374313],[138.549948,37.374579],[138.550411,37.374688],[138.550885,37.374946],[138.55131,37.375221],[138.551773,37.375646],[138.552248,37.376154],[138.552723,37.376712],[138.553372,37.377437],[138.554035,37.378087],[138.554685,37.378787],[138.555485,37.379537],[138.556009,37.380087],[138.556522,37.380687],[138.557122,37.381379],[138.557847,37.382253],[138.558522,37.382895],[138.559271,37.383587],[138.560096,37.384628],[138.560834,37.38562],[138.561546,37.386461],[138.562171,37.387128],[138.562608,37.387653],[138.563458,37.388503],[138.563971,37.389044],[138.564221,37.389578],[138.564533,37.389686],[138.564708,37.390269],[138.564858,37.390761],[138.565333,37.391586],[138.56562,37.391811],[138.565983,37.392277],[138.566408,37.392727],[138.56667,37.392936],[138.566833,37.393144],[138.567008,37.393536],[138.567283,37.393961],[138.567657,37.394377],[138.567957,37.39461],[138.56852,37.39531],[138.569507,37.396644],[138.569995,37.397177],[138.570782,37.397818],[138.571044,37.398235],[138.571207,37.39861],[138.571357,37.398802],[138.571544,37.398935],[138.572294,37.400002],[138.572482,37.40041],[138.572794,37.400835],[138.573182,37.401235],[138.573969,37.401901],[138.575319,37.404034],[138.576506,37.405468],[138.576844,37.405768],[138.578456,37.407776],[138.579018,37.408509],[138.580381,37.410442],[138.580493,37.411009],[138.580631,37.411384],[138.580968,37.411742],[138.581006,37.412242],[138.581368,37.412434],[138.581643,37.4127],[138.581806,37.4132],[138.581931,37.413692],[138.582256,37.414],[138.58263,37.414633],[138.583093,37.414925],[138.58358,37.4155],[138.58408,37.415883],[138.584668,37.4164],[138.584955,37.416566],[138.586443,37.418933],[138.586643,37.419133],[138.586918,37.419558],[138.587205,37.420383],[138.587605,37.420949],[138.588105,37.421882],[138.58853,37.422766],[138.589092,37.423666],[138.589367,37.424207],[138.591167,37.428332],[138.591617,37.429123],[138.592179,37.42989],[138.592229,37.42989],[138.592829,37.430748],[138.592854,37.43084],[138.593054,37.431023],[138.593029,37.431048],[138.593104,37.431048],[138.593254,37.431181],[138.595804,37.435031],[138.595979,37.435556],[138.596004,37.435531],[138.596229,37.435572],[138.596404,37.435964],[138.596566,37.436481],[138.597379,37.438272],[138.597879,37.439514],[138.598254,37.440122],[138.598554,37.440555],[138.598641,37.440755],[138.598666,37.440963],[138.598754,37.440913],[138.599604,37.440788],[138.600229,37.441147],[138.600453,37.441372],[138.601328,37.442597],[138.602478,37.444796],[138.602678,37.445363],[138.602816,37.446104],[138.602891,37.446329],[138.603178,37.446629],[138.603853,37.447512],[138.603903,37.447646],[138.603966,37.447671],[138.604191,37.447937],[138.604303,37.448371],[138.604578,37.448846],[138.604915,37.449279],[138.605203,37.449704],[138.605515,37.45007],[138.606165,37.451137],[138.606865,37.452403],[138.60694,37.452787],[138.60754,37.453553],[138.608178,37.454711],[138.608403,37.455845],[138.60894,37.456478],[138.609052,37.457269],[138.609102,37.457378],[138.609302,37.457536],[138.60944,37.458194],[138.609527,37.458286],[138.60989,37.458536],[138.610152,37.459011],[138.610177,37.459169],[138.610402,37.459602],[138.610602,37.460119],[138.61184,37.46216],[138.612052,37.462744],[138.612565,37.463602],[138.612677,37.463944],[138.613214,37.46496],[138.613689,37.465643],[138.614077,37.466618],[138.614302,37.467501],[138.615289,37.468901],[138.615514,37.469584],[138.615939,37.470151],[138.616214,37.470693],[138.616639,37.471826],[138.616914,37.472209],[138.617376,37.472642],[138.617401,37.472709],[138.617589,37.473134],[138.617739,37.473567],[138.617926,37.474675],[138.618176,37.475692],[138.618264,37.476525],[138.618226,37.47705],[138.618264,37.477183],[138.618201,37.477683],[138.618089,37.478383],[138.618001,37.478467],[138.617801,37.478492],[138.617739,37.478583],[138.617739,37.478966],[138.617314,37.479208],[138.617139,37.479508],[138.617201,37.479641],[138.617251,37.480025],[138.617226,37.480683],[138.617314,37.480858],[138.617301,37.481083],[138.617476,37.481541],[138.617326,37.481899],[138.617276,37.482399],[138.617326,37.482508],[138.617389,37.482874],[138.617214,37.483483],[138.617264,37.483932],[138.617439,37.484207],[138.617714,37.484316],[138.617801,37.484316],[138.618514,37.484482],[138.618651,37.484457],[138.619076,37.484441],[138.619226,37.484457],[138.619526,37.484641],[138.619926,37.484757],[138.620176,37.484757],[138.620239,37.484732],[138.620526,37.484899],[138.620864,37.484941],[138.621201,37.484899],[138.621288,37.484924],[138.621651,37.484807],[138.62179,37.484853],[138.621876,37.484899],[138.622376,37.485016],[138.623063,37.484999],[138.623788,37.484916],[138.624613,37.484874],[138.625413,37.484949],[138.626163,37.485157],[138.627213,37.485524],[138.628313,37.486024],[138.628538,37.486232],[138.629338,37.486574],[138.6298,37.486982],[138.62995,37.487191],[138.630125,37.487616],[138.630525,37.487824],[138.63105,37.488415],[138.631562,37.488782],[138.631637,37.489024],[138.632087,37.489749],[138.633362,37.491998],[138.633562,37.492832],[138.633474,37.493415],[138.633499,37.493781],[138.633599,37.49389],[138.633749,37.494456],[138.633687,37.494973],[138.633712,37.495156],[138.634412,37.495248],[138.634662,37.495365],[138.635062,37.495748],[138.636537,37.49639],[138.637724,37.496898],[138.638499,37.497356],[138.638774,37.497714],[138.639599,37.497998],[138.640149,37.498423],[138.640436,37.498973],[138.641136,37.499514],[138.641311,37.499698],[138.641636,37.500289],[138.641773,37.500856],[138.641773,37.501464],[138.641923,37.501714],[138.642673,37.502031],[138.643236,37.502506],[138.643836,37.502739],[138.644136,37.502922],[138.644173,37.502997],[138.644248,37.503222],[138.644448,37.503539],[138.644748,37.503672],[138.64491,37.503697],[138.645373,37.503897],[138.645948,37.504555],[138.646698,37.505272],[138.647185,37.506089],[138.647685,37.506555],[138.647873,37.506897],[138.647848,37.507663],[138.647872,37.508247],[138.64801,37.508697],[138.64821,37.50913],[138.648597,37.509755],[138.648972,37.510005],[138.649422,37.510363],[138.649885,37.511263],[138.650047,37.511471],[138.650347,37.511538],[138.65066,37.511538],[138.651172,37.51158],[138.651534,37.511855],[138.651697,37.512096],[138.652022,37.513113],[138.652272,37.513496],[138.652997,37.513888],[138.653009,37.514088],[138.653309,37.514271],[138.653634,37.514479],[138.653834,37.514571],[138.654122,37.514896],[138.654334,37.515204],[138.654522,37.515596],[138.654572,37.515979],[138.654747,37.516163],[138.654871,37.516637],[138.654721,37.517062],[138.654709,37.517421],[138.654809,37.517596],[138.654896,37.517896],[138.654871,37.518096],[138.654759,37.518521],[138.654634,37.519379],[138.654771,37.519687],[138.654771,37.519829],[138.654946,37.520187],[138.655246,37.52052],[138.655359,37.52082],[138.655409,37.520837],[138.655596,37.520795],[138.655771,37.52082],[138.656509,37.521312],[138.657521,37.521895],[138.657771,37.52217],[138.657971,37.522462],[138.658108,37.522462],[138.658408,37.522528],[138.658758,37.522778],[138.659896,37.523403],[138.660058,37.523537],[138.660246,37.523762],[138.660546,37.52397],[138.661233,37.524303],[138.661433,37.524553],[138.661645,37.524937],[138.662808,37.526062],[138.663083,37.526445],[138.66322,37.526578],[138.663633,37.527211],[138.66382,37.52757],[138.664145,37.527978],[138.664595,37.528603],[138.664757,37.52897],[138.66487,37.529353],[138.66512,37.529736],[138.665995,37.530269],[138.66632,37.530569],[138.66652,37.530678],[138.666957,37.531036],[138.667645,37.531669],[138.668219,37.532078],[138.669019,37.532477],[138.669732,37.533061],[138.670307,37.533736],[138.670919,37.534302],[138.671332,37.534486],[138.672119,37.534569],[138.672394,37.534636],[138.672669,37.534752],[138.672844,37.534886],[138.673056,37.535202],[138.673606,37.535494],[138.673719,37.535519],[138.674294,37.535694],[138.674544,37.535944],[138.675006,37.536194],[138.675456,37.536644],[138.675693,37.537069],[138.675968,37.537319],[138.675806,37.537469],[138.675756,37.537602],[138.675781,37.537744],[138.675856,37.537835],[138.676106,37.538035],[138.676643,37.538394],[138.677156,37.53866],[138.677768,37.538927],[138.678355,37.539068],[138.67903,37.539243],[138.679055,37.539019],[138.678818,37.538877],[138.678768,37.538769],[138.678818,37.538694],[138.67913,37.538644],[138.679318,37.538694],[138.679743,37.539144],[138.68013,37.539743],[138.680405,37.539968],[138.68018,37.540535],[138.681005,37.54281],[138.681967,37.54306],[138.681917,37.54281],[138.68123,37.54261],[138.680505,37.540577],[138.680818,37.540043],[138.683342,37.541093],[138.68343,37.54116],[138.68383,37.541343],[138.684105,37.541502],[138.684305,37.54166],[138.68453,37.541927],[138.685017,37.542335],[138.685155,37.542535],[138.68538,37.542693],[138.685492,37.542851],[138.68463,37.543526],[138.683842,37.542918],[138.683342,37.542943],[138.683342,37.543126],[138.683805,37.543101],[138.68488,37.544001],[138.686179,37.543035],[138.686367,37.543418],[138.686917,37.543951],[138.687279,37.544093],[138.687354,37.54416],[138.688104,37.54436],[138.688542,37.544401],[138.688792,37.544268],[138.688929,37.544226],[138.689142,37.544335],[138.689204,37.544493],[138.689479,37.54456],[138.690191,37.544651],[138.690879,37.544901],[138.691754,37.545351],[138.692079,37.545593],[138.692329,37.545726],[138.692604,37.545776],[138.692879,37.545885],[138.693291,37.546134],[138.693354,37.546268],[138.693653,37.546543],[138.693953,37.546651],[138.694453,37.546676],[138.694641,37.546768],[138.695103,37.547076],[138.695691,37.547734],[138.695716,37.547984],[138.695941,37.548343],[138.696178,37.548476],[138.696378,37.548476],[138.697003,37.549126],[138.697553,37.549576],[138.698878,37.550617],[138.69954,37.551067],[138.699865,37.551217],[138.700715,37.551509],[138.703027,37.552526],[138.703477,37.552776],[138.703827,37.552909],[138.704852,37.553225],[138.705227,37.553492],[138.705427,37.553759],[138.705639,37.553984],[138.706302,37.55405],[138.706689,37.554167],[138.707739,37.55455],[138.708526,37.554975],[138.708776,37.555225],[138.708939,37.555559],[138.709164,37.555809],[138.709801,37.556075],[138.710426,37.55655],[138.711289,37.557133],[138.711726,37.557542],[138.712076,37.557792],[138.712213,37.557833],[138.712713,37.558242],[138.713351,37.559],[138.713676,37.5593],[138.714001,37.5597],[138.714476,37.560175],[138.714838,37.56065],[138.715463,37.561141],[138.715626,37.561366],[138.715763,37.561641],[138.7158,37.561775],[138.716263,37.562291],[138.716325,37.5624],[138.716538,37.562625],[138.717088,37.562874],[138.717338,37.563099],[138.717613,37.563599],[138.717725,37.563933],[138.717838,37.564499],[138.718025,37.564808],[138.719125,37.566074],[138.720225,37.567982],[138.720787,37.569182],[138.720975,37.569357],[138.721275,37.56974],[138.722162,37.570549],[138.722687,37.571115],[138.723099,37.571765],[138.723262,37.572132],[138.723812,37.573098],[138.724062,37.573948],[138.724799,37.574623],[138.725349,37.575573],[138.725936,37.577198],[138.726261,37.577623],[138.726286,37.577823],[138.726511,37.578031],[138.726624,37.578073],[138.726811,37.578323],[138.727086,37.578906],[138.727223,37.579289],[138.727423,37.579647],[138.727586,37.579806],[138.727773,37.580072],[138.727886,37.580139],[138.728136,37.580439],[138.728473,37.581131],[138.728548,37.581564],[138.729236,37.582597],[138.729511,37.583005],[138.729823,37.583997],[138.730098,37.584264],[138.730286,37.58503],[138.73056,37.585547],[138.73081,37.585997],[138.730923,37.586313],[138.73111,37.586563],[138.731623,37.58713],[138.73176,37.587513],[138.73196,37.587813],[138.732548,37.588422],[138.73271,37.589713],[138.732685,37.589938],[138.73271,37.590388],[138.732873,37.591155],[138.733073,37.591588],[138.733298,37.59188],[138.733723,37.592063],[138.73381,37.592063],[138.734147,37.592296],[138.734372,37.59218],[138.734635,37.592363],[138.735172,37.592863],[138.735422,37.593205],[138.735985,37.593788],[138.73701,37.594471],[138.737597,37.595088],[138.737885,37.595604],[138.73851,37.596129],[138.739297,37.596879],[138.740234,37.597971],[138.740484,37.598329],[138.740822,37.598712],[138.741159,37.598879],[138.742222,37.599337],[138.742722,37.599604],[138.743297,37.600104],[138.743697,37.600404],[138.744196,37.600696],[138.744659,37.601037],[138.745384,37.602012],[138.745646,37.602287],[138.746774,37.603817],[138.747721,37.604812],[138.747984,37.605195],[138.748146,37.605529],[138.748234,37.605937],[138.748484,37.606504],[138.748983,37.607362],[138.749483,37.608337],[138.749771,37.608903],[138.750021,37.609603],[138.750046,37.610211],[138.750208,37.610578],[138.750346,37.611411],[138.750371,37.611886],[138.750333,37.611953],[138.750446,37.612161],[138.750596,37.61232],[138.751158,37.612636],[138.751833,37.613203],[138.752096,37.613503],[138.752283,37.614044],[138.752471,37.614919],[138.75252,37.615936],[138.752633,37.616711],[138.75277,37.617111],[138.752858,37.617202],[138.753133,37.617361],[138.753733,37.617844],[138.75407,37.618252],[138.754183,37.618519],[138.754195,37.61951],[138.75437,37.61981],[138.754683,37.620152],[138.755095,37.620894],[138.755558,37.621302],[138.755808,37.621618],[138.755945,37.621893],[138.755995,37.622568],[138.756157,37.623502],[138.75652,37.624293],[138.75652,37.624626],[138.756907,37.626393],[138.757007,37.626709],[138.757357,37.627134],[138.757632,37.627568],[138.757745,37.627859],[138.75802,37.628451],[138.758282,37.628659],[138.759157,37.629093],[138.759382,37.629268],[138.759519,37.629501],[138.759919,37.630426],[138.760132,37.631709],[138.760157,37.632117],[138.760382,37.63255],[138.760494,37.633317],[138.760457,37.633634],[138.760344,37.634042],[138.760169,37.634375],[138.759869,37.635075],[138.760407,37.635592],[138.761057,37.6361],[138.761319,37.6365],[138.761282,37.636592],[138.761419,37.636867],[138.761569,37.637025],[138.762494,37.638408],[138.762694,37.638608],[138.762319,37.638741],[138.761944,37.638941],[138.761569,37.6391],[138.762219,37.639983],[138.762331,37.639966],[138.762306,37.639825],[138.762344,37.639825],[138.763081,37.639516],[138.763569,37.639425],[138.763906,37.639675],[138.764131,37.639908],[138.764219,37.6402],[138.764381,37.6404],[138.764419,37.640491],[138.764381,37.640583],[138.764669,37.641016],[138.764581,37.641033],[138.763944,37.641391],[138.763294,37.641683],[138.763519,37.642049],[138.763769,37.642341],[138.764144,37.642249],[138.764256,37.642433],[138.764418,37.642483],[138.764543,37.642483],[138.765106,37.642599],[138.765193,37.642641],[138.765218,37.642733],[138.765843,37.642799],[138.765993,37.643099],[138.766156,37.643349],[138.766356,37.643349],[138.766418,37.643324],[138.766668,37.643733],[138.766756,37.643983],[138.766743,37.644116],[138.766381,37.644208],[138.766031,37.644341],[138.765493,37.644449],[138.765181,37.644557],[138.765093,37.644674],[138.765093,37.644782],[138.765031,37.644782],[138.764631,37.644941],[138.764168,37.645074],[138.764056,37.645141],[138.764393,37.645816],[138.764731,37.646299],[138.764993,37.646274],[138.765931,37.646074],[138.766393,37.645941],[138.766956,37.646624],[138.767468,37.647007],[138.767743,37.647282],[138.76823,37.647874],[138.76868,37.648615],[138.76873,37.648957],[138.76878,37.648982],[138.769143,37.650065],[138.769205,37.650407],[138.769368,37.650632],[138.769543,37.650949],[138.769843,37.652215],[138.769893,37.652798],[138.770093,37.653298],[138.770505,37.654606],[138.770592,37.654765],[138.770867,37.655698],[138.771242,37.657773],[138.77143,37.659647],[138.771892,37.661522],[138.772117,37.662539],[138.772142,37.663039],[138.772079,37.663514],[138.772104,37.663805],[138.772067,37.664164],[138.772092,37.665455],[138.772279,37.66658],[138.772292,37.667596],[138.772354,37.667888],[138.772267,37.668163],[138.772291,37.668363],[138.772254,37.668588],[138.773254,37.668913],[138.775529,37.669621],[138.776129,37.669646],[138.776109,37.669728],[138.775704,37.669905],[138.775566,37.670105],[138.775391,37.670513],[138.775291,37.670963],[138.775266,37.671371],[138.774991,37.672521],[138.774791,37.673304],[138.774828,37.673621],[138.774978,37.674162],[138.775003,37.674929],[138.775066,37.675154],[138.775441,37.675462],[138.775866,37.676045],[138.776291,37.676337],[138.776441,37.676495],[138.776665,37.67692],[138.776978,37.67717],[138.777115,37.677237],[138.777328,37.677479],[138.777378,37.67777],[138.777528,37.678045],[138.777753,37.678312],[138.778215,37.678737],[138.778678,37.680062],[138.779015,37.68067],[138.77939,37.681478],[138.779515,37.681928],[138.779452,37.682311],[138.77969,37.683411],[138.78004,37.683995],[138.780152,37.684536],[138.780302,37.684828],[138.780527,37.685136],[138.780677,37.685503],[138.780764,37.685953],[138.780902,37.686219],[138.781077,37.686986],[138.781227,37.687386],[138.781639,37.688961],[138.782076,37.69011],[138.782451,37.69076],[138.783001,37.692327],[138.783588,37.694827],[138.783763,37.695385],[138.783788,37.69606],[138.783938,37.696601],[138.784426,37.697568],[138.784663,37.698085],[138.78475,37.698718],[138.78475,37.699301],[138.784875,37.699618],[138.785163,37.700134],[138.785475,37.701051],[138.785788,37.701476],[138.785963,37.702042],[138.785975,37.702601],[138.7859,37.703526],[138.7861,37.704001],[138.7861,37.704109],[138.785787,37.704425],[138.785875,37.704584],[138.786075,37.704717],[138.786075,37.704759],[138.785937,37.704875],[138.785912,37.704942],[138.78605,37.705125],[138.786112,37.705392],[138.786,37.705592],[138.785712,37.705734],[138.7854,37.7058],[138.785262,37.705867],[138.785212,37.706009],[138.7853,37.7065],[138.785237,37.706684],[138.78535,37.70675],[138.785387,37.70715],[138.78545,37.707217],[138.7855,37.707242],[138.785637,37.707217],[138.786125,37.707309],[138.786525,37.707508],[138.786612,37.707617],[138.786637,37.70775],[138.786475,37.707908],[138.786475,37.707983],[138.786675,37.708025],[138.78675,37.708133],[138.7867,37.70825],[138.7869,37.708925],[138.786875,37.70935],[138.786912,37.709692],[138.787,37.709917],[138.787137,37.710133],[138.787199,37.71045],[138.787037,37.710791],[138.786974,37.711058],[138.787087,37.711283],[138.787099,37.711575],[138.787037,37.711825],[138.786399,37.713158],[138.786324,37.713491],[138.786124,37.713725],[138.785612,37.713949],[138.785537,37.714216],[138.785387,37.714358],[138.785024,37.714466],[138.784849,37.714383],[138.784687,37.714183],[138.784487,37.714224],[138.784241,37.71448],[138.784312,37.714516],[138.784375,37.714674],[138.784241,37.714797],[138.784325,37.714899],[138.784487,37.715083],[138.784974,37.715324],[138.785037,37.715599],[138.784699,37.716116],[138.784724,37.716291],[138.785137,37.717307],[138.785137,37.717482],[138.785049,37.717824],[138.784824,37.717849],[138.784712,37.717941],[138.784712,37.718099],[138.784862,37.718324],[138.784912,37.718341],[138.785174,37.718274],[138.785337,37.718249],[138.785537,37.718657],[138.785937,37.719149],[138.786087,37.719482],[138.786062,37.719691],[138.785924,37.719932],[138.785899,37.720157],[138.785924,37.720499],[138.786174,37.720607],[138.786261,37.72074],[138.786099,37.720882],[138.786124,37.72099],[138.786299,37.721124],[138.786699,37.721282],[138.787011,37.721257],[138.787199,37.721124],[138.787258,37.721005],[138.787286,37.721007],[138.787374,37.721165],[138.787636,37.72134],[138.787661,37.721415],[138.787911,37.721524],[138.787911,37.721407],[138.787926,37.721382],[138.788111,37.721657],[138.788436,37.722199],[138.788811,37.723165],[138.788899,37.72359],[138.788674,37.723882],[138.788649,37.724082],[138.788761,37.724373],[138.788961,37.72449],[138.788424,37.724873],[138.788261,37.725123],[138.788199,37.725348],[138.787924,37.725415],[138.787749,37.725557],[138.78772,37.725549],[138.787699,37.725373],[138.787499,37.725282],[138.787424,37.725256],[138.787386,37.725265],[138.787474,37.725557],[138.787586,37.72564],[138.787749,37.725665],[138.788486,37.725573],[138.788823,37.725498],[138.788886,37.725457],[138.789023,37.725682],[138.789373,37.725998],[138.789773,37.72624],[138.790223,37.726623],[138.790661,37.727248],[138.790623,37.727315],[138.790836,37.727881],[138.790811,37.728173],[138.790861,37.728348],[138.790673,37.728781],[138.790636,37.728915],[138.790761,37.729048],[138.791011,37.72909],[138.791348,37.729181],[138.791548,37.72934],[138.791835,37.729473],[138.79246,37.729648],[138.79286,37.729965],[138.793285,37.730473],[138.793523,37.730856],[138.793698,37.731306],[138.793898,37.73169],[138.79401,37.732006],[138.794073,37.732298],[138.79421,37.732589],[138.794447,37.732856],[138.794672,37.733056],[138.794847,37.733689],[138.795047,37.734381],[138.795485,37.735931],[138.79576,37.737197],[138.795822,37.737797],[138.79596,37.738022],[138.79611,37.738381],[138.79611,37.738606],[138.796222,37.738972],[138.796597,37.739714],[138.796572,37.74018],[138.796859,37.740364],[138.796884,37.740455],[138.796797,37.740497],[138.796609,37.740455],[138.796409,37.74048],[138.796209,37.740772],[138.796209,37.740864],[138.796334,37.741605],[138.796222,37.741872],[138.796134,37.741989],[138.795934,37.742147],[138.795572,37.742255],[138.795197,37.742197],[138.795009,37.742305],[138.795059,37.742372],[138.795372,37.74253],[138.795684,37.74253],[138.796084,37.742572],[138.796284,37.742663],[138.796459,37.742797],[138.796597,37.743022],[138.796634,37.743472],[138.796772,37.743672],[138.797572,37.745013],[138.798384,37.746005],[138.798384,37.746271],[138.798471,37.746696],[138.798584,37.746813],[138.798534,37.746971],[138.798271,37.747155],[138.798271,37.747313],[138.798646,37.747513],[138.798984,37.747463],[138.799096,37.747488],[138.799296,37.747621],[138.799784,37.74843],[138.799571,37.749596],[138.799634,37.749913],[138.800009,37.750654],[138.800121,37.750946],[138.800034,37.750946],[138.799871,37.751171],[138.799871,37.751396],[138.800009,37.751554],[138.80008,37.751662],[138.800159,37.751804],[138.800696,37.751913],[138.800871,37.752021],[138.800958,37.752379],[138.800933,37.752654],[138.800758,37.752879],[138.800746,37.752971],[138.800721,37.753362],[138.800921,37.754062],[138.800946,37.754329],[138.801096,37.754446],[138.801121,37.754671],[138.801233,37.754737],[138.801408,37.755012],[138.801383,37.755254],[138.801146,37.755396],[138.801271,37.755796],[138.801458,37.75607],[138.801546,37.756362],[138.801696,37.756612],[138.802258,37.75697],[138.802833,37.757554],[138.803083,37.758229],[138.803258,37.75832],[138.80357,37.758412],[138.80382,37.75857],[138.80397,37.758954],[138.80402,37.759287],[138.804133,37.759512],[138.804333,37.759762],[138.804333,37.759945],[138.80442,37.760078],[138.80447,37.760103],[138.804533,37.760078],[138.80487,37.760353],[138.805358,37.761187],[138.805608,37.761812],[138.805695,37.762178],[138.805808,37.762353],[138.80627,37.762762],[138.806358,37.763145],[138.807182,37.764811],[138.80772,37.766053],[138.808632,37.767878],[138.809744,37.770336],[138.810307,37.771527],[138.810657,37.772111],[138.811019,37.772586],[138.811219,37.773377],[138.811369,37.774527],[138.811532,37.774977],[138.812269,37.775627],[138.812844,37.776219],[138.813244,37.776844],[138.813894,37.778177],[138.814344,37.778785],[138.815181,37.780427],[138.815456,37.781243],[138.815543,37.781576],[138.815581,37.781985],[138.815406,37.78246],[138.815343,37.78291],[138.815406,37.783226],[138.815693,37.783585],[138.815743,37.783785],[138.815781,37.784151],[138.816118,37.785276],[138.816206,37.785768],[138.816181,37.786059],[138.816006,37.786518],[138.815806,37.786651],[138.815531,37.786784],[138.815468,37.786984],[138.815556,37.787168],[138.815981,37.787751],[138.816093,37.787976],[138.816206,37.788067],[138.816493,37.788134],[138.816856,37.788317],[138.817055,37.788317],[138.817293,37.788267],[138.817343,37.788226],[138.817343,37.788251],[138.817543,37.788251],[138.817768,37.788451],[138.81788,37.788609],[138.817968,37.788651],[138.818143,37.788859],[138.818193,37.789101],[138.81808,37.789467],[138.81808,37.789692],[138.81843,37.790092],[138.818343,37.790367],[138.818143,37.790726],[138.818168,37.791001],[138.81828,37.791159],[138.81823,37.791334],[138.81828,37.791609],[138.81888,37.792575],[138.818993,37.792892],[138.819168,37.793092],[138.819343,37.793225],[138.819505,37.7933],[138.819768,37.793317],[138.819968,37.793384],[138.819967,37.793525],[138.819767,37.793859],[138.819705,37.794084],[138.819767,37.794242],[138.820017,37.794467],[138.820505,37.794492],[138.820842,37.794442],[138.82113,37.794309],[138.821155,37.794334],[138.821267,37.794309],[138.821555,37.794625],[138.822067,37.795034],[138.822517,37.795592],[138.823117,37.7962],[138.82383,37.79665],[138.824454,37.79735],[138.825104,37.798008],[138.825854,37.798883],[138.826754,37.799808],[138.826904,37.7999],[138.827217,37.800191],[138.827442,37.8006],[138.827979,37.801066],[138.828216,37.80145],[138.828716,37.801725],[138.828979,37.802041],[138.829229,37.802283],[138.829554,37.802825],[138.829891,37.803183],[138.830829,37.803999],[138.831453,37.804624],[138.831853,37.805099],[138.832053,37.805216],[138.834378,37.807666],[138.835353,37.808657],[138.836628,37.810149],[138.836665,37.81024],[138.837315,37.810932],[138.838077,37.811682],[138.838515,37.811907],[138.838677,37.812065],[138.838852,37.812307],[138.839215,37.81269],[138.839252,37.812757],[138.839565,37.813007],[138.839852,37.813365],[138.840127,37.813957],[138.840277,37.81434],[138.840614,37.815032],[138.840902,37.815348],[138.841214,37.815598],[138.841589,37.816165],[138.841727,37.816406],[138.842127,37.816906],[138.843039,37.817765],[138.843376,37.81799],[138.844289,37.81839],[138.844889,37.818731],[138.845401,37.819131],[138.846076,37.819814],[138.846426,37.820081],[138.847476,37.821114],[138.848663,37.822222],[138.84915,37.822606],[138.849975,37.823372],[138.85035,37.823772],[138.851488,37.824722],[138.852425,37.825555],[138.8539,37.826789],[138.855212,37.827963],[138.856499,37.828913],[138.857324,37.829697],[138.857599,37.829788],[138.858087,37.83028],[138.858349,37.830463],[138.858512,37.830713],[138.858512,37.830938],[138.859111,37.831455],[138.859649,37.831905],[138.860936,37.83278],[138.861499,37.833255],[138.862124,37.833705],[138.862723,37.834088],[138.864523,37.835504],[138.864836,37.835871],[138.865373,37.836296],[138.866923,37.837329],[138.86726,37.837488],[138.867435,37.837563],[138.868323,37.838229],[138.86861,37.838362],[138.86891,37.838546],[138.86921,37.838796],[138.86961,37.839029],[138.869947,37.839262],[138.870772,37.840046],[138.871752,37.840777],[138.872135,37.841104],[138.873434,37.842004],[138.874009,37.842504],[138.874909,37.843037],[138.876259,37.843895],[138.877671,37.844779],[138.877759,37.844804],[138.878021,37.844979],[138.878696,37.845528],[138.880034,37.846137],[138.880908,37.846612],[138.881658,37.847045],[138.884558,37.848637],[138.885858,37.84952],[138.886245,37.849678],[138.886958,37.850095],[138.887583,37.850395],[138.887845,37.850561],[138.889232,37.851203],[138.890307,37.851936],[138.89127,37.852378],[138.892132,37.852978],[138.892532,37.853203],[138.893319,37.853636],[138.893632,37.853786],[138.894607,37.854344],[138.895319,37.854653],[138.895919,37.855003],[138.896806,37.855311],[138.897056,37.855478],[138.897331,37.855728],[138.897844,37.855936],[138.898594,37.856178],[138.900106,37.856961],[138.900381,37.857028],[138.900656,37.857253],[138.901443,37.857644],[138.902356,37.858169],[138.90278,37.858536],[138.90338,37.858811],[138.905343,37.859536],[138.90638,37.860236],[138.906742,37.860427],[138.907655,37.860636],[138.908217,37.860994],[138.90853,37.861144],[138.90893,37.861227],[138.909123,37.861334],[138.909517,37.861627],[138.910192,37.862011],[138.912517,37.862977],[138.913391,37.863461],[138.913716,37.863719],[138.913929,37.863819],[138.914666,37.864061],[138.915029,37.864219],[138.915404,37.864327],[138.915916,37.864561],[138.916703,37.865111],[138.918003,37.865777],[138.918591,37.866011],[138.919066,37.866286],[138.920415,37.867069],[138.920753,37.86741],[138.920978,37.867527],[138.92099,37.86751],[138.921615,37.867619],[138.921778,37.867585],[138.921878,37.867594],[138.921703,37.868327],[138.921503,37.868785],[138.922228,37.868944],[138.922615,37.86906],[138.923227,37.869444],[138.92379,37.869619],[138.923915,37.869619],[138.924865,37.87001],[138.925739,37.87031],[138.927902,37.871235],[138.928839,37.871635],[138.929551,37.872002],[138.930726,37.872752],[138.931539,37.873085],[138.932213,37.873318],[138.933038,37.873718],[138.934263,37.874152],[138.93535,37.874643],[138.9365,37.875118],[138.937763,37.875577],[138.93935,37.876418],[138.940325,37.876843],[138.941012,37.877268],[138.941862,37.877693],[138.942487,37.878118],[138.942999,37.878385],[138.944549,37.878976],[138.945849,37.87961],[138.948161,37.880635],[138.949673,37.881418],[138.952148,37.882518],[138.95421,37.883701],[138.95486,37.883918],[138.95506,37.883951],[138.955672,37.884176],[138.956535,37.884568],[138.957572,37.885159],[138.959497,37.886068],[138.960122,37.886351],[138.960646,37.886718],[138.960996,37.887001],[138.961721,37.887234],[138.962359,37.887501],[138.963084,37.887934],[138.963634,37.888192],[138.964883,37.888884],[138.965508,37.889201],[138.965833,37.889409],[138.966096,37.889676],[138.966433,37.890101],[138.966621,37.890276],[138.966921,37.890426],[138.967133,37.890517],[138.96787,37.890667],[138.968195,37.890959],[138.96867,37.891542],[138.969283,37.891751],[138.969583,37.891817],[138.969983,37.891951],[138.970658,37.892334],[138.97092,37.892434],[138.97137,37.892484],[138.97187,37.892642],[138.97232,37.892934],[138.972857,37.893342],[138.973195,37.893501],[138.974407,37.893842],[138.975557,37.894467],[138.976207,37.894834],[138.977544,37.895559],[138.978082,37.895975],[138.978582,37.896184],[138.978919,37.896425],[138.979569,37.896767],[138.980094,37.896975],[138.980756,37.897417],[138.981244,37.897775],[138.981531,37.898034],[138.981681,37.898234],[138.982256,37.898634],[138.982981,37.898875],[138.983481,37.899092],[138.983906,37.899359],[138.984443,37.899967],[138.985368,37.900225],[138.985918,37.900317],[138.986493,37.900542],[138.987118,37.900942],[138.988168,37.9014],[138.988618,37.901742],[138.99008,37.902517],[138.992467,37.903833],[138.993205,37.904275],[138.993767,37.904667],[138.994442,37.905033],[138.99533,37.905367],[138.996738,37.906231],[138.997792,37.9067],[138.998629,37.907133],[138.999204,37.907483],[138.999592,37.907917],[139.000704,37.908425],[139.001154,37.908667],[139.001904,37.909292],[139.002042,37.909383],[139.002054,37.9094],[139.002092,37.909433],[139.002142,37.909475],[139.002142,37.909517],[139.002267,37.909575],[139.002392,37.909708],[139.002417,37.909742],[139.002479,37.909817],[139.002542,37.909867],[139.002617,37.90995],[139.002679,37.910017],[139.002779,37.910117],[139.002854,37.9102],[139.002916,37.91025],[139.003016,37.910342],[139.003229,37.910525],[139.003391,37.9107],[139.003479,37.91075],[139.003604,37.910858],[139.003691,37.910908],[139.003766,37.910958],[139.003829,37.911],[139.003866,37.911025],[139.003929,37.911058],[139.003979,37.911092],[139.004016,37.911117],[139.004104,37.911167],[139.005416,37.911775],[139.006254,37.912333],[139.006916,37.912691],[139.007791,37.913225],[139.007904,37.913358],[139.008316,37.9137],[139.008891,37.913983],[139.009578,37.91425],[139.010203,37.914541],[139.013128,37.916325],[139.013641,37.916758],[139.014128,37.916975],[139.014628,37.917233],[139.015216,37.917666],[139.016115,37.917983],[139.016715,37.918125],[139.01719,37.918333],[139.018115,37.918908],[139.018465,37.9192],[139.018728,37.919375],[139.01909,37.91955],[139.019578,37.919691],[139.01984,37.919816],[139.021015,37.920216],[139.022477,37.921108],[139.02429,37.922575],[139.024965,37.922925],[139.025477,37.9233],[139.025727,37.923583],[139.026402,37.923974],[139.027139,37.924499],[139.028064,37.924999],[139.028314,37.925066],[139.028664,37.925241],[139.029464,37.925749],[139.029664,37.925991],[139.030714,37.926633],[139.030727,37.926774],[139.031039,37.927291],[139.031364,37.927474],[139.031789,37.927633],[139.032239,37.927891],[139.032626,37.928216],[139.033089,37.928333],[139.033639,37.928533],[139.034264,37.928933],[139.034689,37.929391],[139.035151,37.929616],[139.035726,37.929732],[139.036413,37.930024],[139.037213,37.930591],[139.037663,37.930807],[139.038288,37.930999],[139.038763,37.931241],[139.040563,37.93269],[139.04105,37.932815],[139.0418,37.933099],[139.042362,37.933507],[139.042987,37.93389],[139.043962,37.934424],[139.044487,37.934799],[139.044899,37.935224],[139.045312,37.935524],[139.046899,37.936365],[139.047874,37.936882],[139.048561,37.937073],[139.049061,37.937282],[139.049424,37.93749],[139.049986,37.937907],[139.051261,37.938507],[139.051948,37.938923],[139.053486,37.939657],[139.053823,37.939932],[139.054423,37.940223],[139.054548,37.940323],[139.054785,37.940523],[139.055198,37.940831],[139.055548,37.941131],[139.055898,37.941448],[139.05626,37.941806],[139.056356,37.941929],[139.056373,37.942106],[139.056423,37.942406],[139.056523,37.942481],[139.056935,37.942673],[139.05746,37.942898],[139.058135,37.943181],[139.05866,37.943465],[139.05891,37.943431],[139.05931,37.943473],[139.059447,37.943531],[139.059622,37.943656],[139.060072,37.943831],[139.060659,37.944023],[139.061047,37.944331],[139.061234,37.944589],[139.061284,37.944723],[139.061672,37.945181],[139.062022,37.945673],[139.062447,37.945664],[139.062684,37.945823],[139.062722,37.945823],[139.062834,37.945706],[139.063634,37.945198],[139.068346,37.94409],[139.069196,37.948506],[139.069621,37.948423],[139.071808,37.945898],[139.072333,37.946156],[139.071821,37.948389],[139.072021,37.948448],[139.073508,37.94869],[139.073946,37.948723],[139.074296,37.948531],[139.074933,37.948623],[139.074608,37.950148],[139.073971,37.950164],[139.072108,37.950339],[139.071771,37.950448],[139.071546,37.950956],[139.071471,37.951331],[139.071371,37.951506],[139.071333,37.951697],[139.071271,37.951947],[139.071083,37.951972],[139.070446,37.951972],[139.069858,37.952039],[139.069558,37.952106],[139.069658,37.952697],[139.069821,37.952897],[139.070496,37.952506],[139.070971,37.952364],[139.071483,37.952264],[139.073671,37.951614],[139.07502,37.951389],[139.075795,37.951381],[139.076683,37.951423],[139.07842,37.951573],[139.079158,37.951698],[139.080583,37.952048],[139.080833,37.95199],[139.080958,37.95209],[139.080895,37.952456],[139.081195,37.952915],[139.081582,37.953165],[139.082432,37.95334],[139.083145,37.953573],[139.083632,37.953573],[139.08407,37.953623],[139.084695,37.953623],[139.085245,37.95354],[139.085582,37.953556],[139.086732,37.953698],[139.087407,37.953815],[139.088107,37.954006],[139.088895,37.954182],[139.089432,37.954107],[139.089982,37.954098],[139.090719,37.954165],[139.091382,37.954282],[139.094319,37.95494],[139.095107,37.95519],[139.096907,37.955965],[139.098169,37.956465],[139.098206,37.957732],[139.100056,37.958331],[139.105531,37.95814],[139.106693,37.958507],[139.106781,37.958423],[139.108706,37.958815],[139.108868,37.95869],[139.109968,37.958965],[139.11253,37.959532],[139.114605,37.960073],[139.116417,37.960482],[139.119017,37.961173],[139.119642,37.961382],[139.121042,37.961682],[139.122179,37.96179],[139.122592,37.961882],[139.12293,37.961946],[139.123329,37.96199],[139.124029,37.962082],[139.129854,37.962665],[139.131354,37.962865],[139.134466,37.963157],[139.135028,37.963248],[139.135641,37.963473],[139.136116,37.963715],[139.136241,37.96374],[139.136241,37.963807],[139.137878,37.964098],[139.13944,37.964282],[139.140265,37.964415],[139.143153,37.965082],[139.143852,37.965265],[139.144702,37.965557],[139.145352,37.965873],[139.145977,37.966115],[139.14659,37.966323],[139.14744,37.966681],[139.148177,37.966856],[139.149239,37.967081],[139.149389,37.967198],[139.149739,37.96729],[139.150214,37.967331],[139.150802,37.96744],[139.151389,37.967715],[139.151764,37.967848],[139.152239,37.967956],[139.152801,37.96814],[139.153239,37.968181],[139.153801,37.96839],[139.155301,37.968765],[139.155801,37.968923],[139.156851,37.969148],[139.159301,37.969756],[139.160863,37.970248],[139.161213,37.970431],[139.162063,37.970698],[139.163563,37.971056],[139.165125,37.971556],[139.166187,37.971773],[139.167187,37.972206],[139.167975,37.972431],[139.168512,37.972656],[139.169149,37.972881],[139.169837,37.973123],[139.171124,37.973323],[139.171387,37.973389],[139.172037,37.973706],[139.173161,37.973906],[139.173861,37.974181],[139.175749,37.974631],[139.176336,37.974806],[139.176811,37.974897],[139.177423,37.975147],[139.177923,37.975256],[139.178336,37.975439],[139.179661,37.975839],[139.180073,37.976022],[139.180486,37.976131],[139.181685,37.976314],[139.182398,37.976514],[139.183098,37.976672],[139.183985,37.976764],[139.18481,37.977006],[139.185548,37.977322],[139.18616,37.977639],[139.18696,37.977931],[139.187722,37.978089],[139.188747,37.978356],[139.190459,37.978847],[139.190984,37.97903],[139.191268,37.979296],[139.191498,37.979417],[139.191759,37.979505],[139.193109,37.979747],[139.195759,37.980622],[139.197309,37.981097],[139.199083,37.981705],[139.200146,37.981997],[139.201346,37.982447],[139.201939,37.982757],[139.202233,37.983097],[139.202558,37.983363],[139.203558,37.983905],[139.204233,37.984247],[139.20432,37.984555],[139.20462,37.986921],[139.204832,37.988363],[139.204945,37.988563],[139.20527,37.98868],[139.206307,37.989196],[139.206807,37.989371],[139.215256,37.993171],[139.217781,37.989771],[139.219543,37.990421],[139.224718,37.991796],[139.22563,37.992113],[139.230405,37.994338],[139.230405,37.994588],[139.23073,37.994604],[139.230792,37.995304],[139.230642,37.995304],[139.23038,37.995687],[139.23023,37.995662],[139.22748,37.999137],[139.234279,38.002953],[139.241253,38.006853],[139.244477,38.006153],[139.24574,38.004737],[139.246177,38.004837],[139.246452,38.00467],[139.246677,38.004703],[139.246712,38.004743],[139.24689,38.004953],[139.246977,38.004912],[139.24714,38.005028],[139.247327,38.005103],[139.247402,38.005237],[139.24749,38.005353],[139.24774,38.005428],[139.248002,38.005645],[139.248127,38.005728],[139.248365,38.005945],[139.248565,38.006087],[139.248827,38.006312],[139.249002,38.006587],[139.249127,38.006845],[139.249102,38.006953],[139.249102,38.00702],[139.249327,38.007003],[139.249477,38.006961],[139.249702,38.006961],[139.250302,38.007037],[139.250377,38.007178],[139.250552,38.007278],[139.251027,38.00742],[139.251377,38.007486],[139.251627,38.007695],[139.251952,38.007903],[139.252452,38.008153],[139.252914,38.008411],[139.253176,38.00852],[139.253489,38.008628],[139.253651,38.008936],[139.253739,38.008995],[139.253826,38.009061],[139.253951,38.009128],[139.254039,38.009178],[139.254439,38.009411],[139.254776,38.009545],[139.255064,38.009711],[139.255489,38.009753],[139.255626,38.009753],[139.255751,38.009753],[139.255851,38.00987],[139.256201,38.010061],[139.256389,38.010261],[139.256526,38.010353],[139.256951,38.010553],[139.257026,38.010578],[139.257476,38.01082],[139.257788,38.010978],[139.258238,38.011203],[139.258488,38.011361],[139.258788,38.011586],[139.258988,38.011753],[139.259363,38.011953],[139.260813,38.012944],[139.261838,38.013553],[139.2645,38.014994],[139.266662,38.016544],[139.268424,38.017561],[139.270186,38.018777],[139.271149,38.019319],[139.273948,38.021119],[139.274386,38.021502],[139.274661,38.021594],[139.276261,38.022668],[139.277085,38.023185],[139.277435,38.02321],[139.277813,38.023084],[139.277898,38.023135],[139.277835,38.02331],[139.277823,38.023385],[139.277835,38.023468],[139.277985,38.023635],[139.278173,38.023752],[139.278573,38.02406],[139.278698,38.024168],[139.278798,38.024252],[139.278935,38.024485],[139.278935,38.024568],[139.278992,38.024687],[139.279173,38.02476],[139.279435,38.024985],[139.279647,38.025227],[139.279797,38.02556],[139.279897,38.025835],[139.28001,38.026026],[139.28011,38.026068],[139.28031,38.026176],[139.280985,38.026426],[139.28176,38.026835],[139.282584,38.027376],[139.283434,38.027851],[139.284647,38.028435],[139.285821,38.029201],[139.288108,38.030793],[139.288958,38.031401],[139.291595,38.033068],[139.29242,38.033634],[139.293333,38.034167],[139.295082,38.035526],[139.296844,38.036734],[139.298969,38.038242],[139.300144,38.039059],[139.300831,38.039617],[139.303193,38.041217],[139.303506,38.041392],[139.306392,38.043666],[139.307242,38.0443],[139.308342,38.045225],[139.310042,38.046433],[139.312304,38.048283],[139.313429,38.049182],[139.313691,38.049241],[139.314528,38.049991],[139.314578,38.049991],[139.315516,38.050849],[139.317578,38.05274],[139.318153,38.05319],[139.318765,38.053749],[139.321265,38.055665],[139.322802,38.056973],[139.325201,38.059157],[139.326001,38.059765],[139.327651,38.06129],[139.328426,38.061965],[139.328563,38.062123],[139.329463,38.062865],[139.330513,38.063831],[139.331175,38.064531],[139.331638,38.065115],[139.332325,38.065681],[139.33315,38.066265],[139.333787,38.066781],[139.334362,38.06744],[139.335874,38.068698],[139.338324,38.071131],[139.338761,38.071714],[139.340699,38.073448],[139.341436,38.074231],[139.343011,38.075739],[139.343561,38.076322],[139.344985,38.077606],[139.34631,38.078939],[139.347298,38.079814],[139.34881,38.081389],[139.349672,38.08238],[139.351235,38.08393],[139.351847,38.084588],[139.353059,38.085797],[139.353472,38.086272],[139.354834,38.087655],[139.356296,38.089071],[139.356909,38.089738],[139.357409,38.09053],[139.358008,38.09118],[139.359458,38.09243],[139.360196,38.093021],[139.360821,38.093604],[139.361583,38.094554],[139.362308,38.095246],[139.36297,38.096021],[139.363558,38.096604],[139.364258,38.097129],[139.365695,38.098387],[139.366132,38.098812],[139.366495,38.099296],[139.366795,38.100029],[139.366807,38.100146],[139.368257,38.101429],[139.368432,38.101795],[139.369657,38.10342],[139.371697,38.105718],[139.373306,38.107495],[139.373793,38.107995],[139.375006,38.109595],[139.376105,38.11102],[139.377818,38.112669],[139.378368,38.113344],[139.378942,38.114136],[139.379555,38.114678],[139.380042,38.115194],[139.381604,38.117386],[139.382067,38.117969],[139.383429,38.119435],[139.384466,38.120819],[139.385679,38.122285],[139.386341,38.123143],[139.387528,38.12461],[139.387941,38.125127],[139.388866,38.126101],[139.391865,38.130001],[139.392365,38.130543],[139.39279,38.131226],[139.394127,38.132918],[139.394765,38.133659],[139.396089,38.135509],[139.396264,38.135801],[139.398202,38.13815],[139.399501,38.139934],[139.400639,38.141309],[139.401189,38.142125],[139.401851,38.142958],[139.403326,38.144475],[139.403726,38.145033],[139.404488,38.145692],[139.404951,38.14605],[139.405501,38.1468],[139.405763,38.147225],[139.406138,38.147658],[139.406913,38.148175],[139.407125,38.148491],[139.407413,38.149075],[139.407838,38.149666],[139.4081,38.149866],[139.409437,38.151541],[139.409725,38.151941],[139.410162,38.152416],[139.410475,38.152824],[139.410762,38.153274],[139.411025,38.153908],[139.412412,38.155599],[139.412674,38.156032],[139.412674,38.156324],[139.412762,38.156574],[139.412849,38.156682],[139.413224,38.157632],[139.413312,38.158032],[139.413799,38.158824],[139.414086,38.15939],[139.414461,38.159949],[139.415849,38.161624],[139.416898,38.162932],[139.417586,38.164082],[139.418885,38.165931],[139.419585,38.167106],[139.420023,38.16749],[139.420423,38.167923],[139.420998,38.168731],[139.421635,38.169473],[139.421935,38.169723],[139.42241,38.170289],[139.422897,38.171139],[139.423697,38.172156],[139.424197,38.172897],[139.425297,38.174139],[139.425784,38.174856],[139.427246,38.176972],[139.427634,38.177422],[139.428646,38.178863],[139.429083,38.179613],[139.429421,38.180355],[139.430295,38.183396],[139.430495,38.184721],[139.430495,38.185288],[139.430545,38.185896],[139.43052,38.186396],[139.430308,38.187454],[139.431895,38.187046],[139.432008,38.187404],[139.431982,38.187654],[139.431758,38.187762],[139.432307,38.189837],[139.430657,38.190129],[139.43077,38.190879],[139.430695,38.19092],[139.429782,38.191054],[139.429345,38.191237],[139.427583,38.190179],[139.427583,38.190087],[139.423733,38.187837],[139.423571,38.187996],[139.427508,38.190362],[139.42772,38.190812],[139.427945,38.191395],[139.428157,38.192478],[139.428195,38.193645],[139.427857,38.195003],[139.427895,38.195611],[139.427995,38.196061],[139.428032,38.19647],[139.427945,38.196936],[139.427945,38.197569],[139.428007,38.197886],[139.42822,38.198294],[139.428357,38.198919],[139.428494,38.199511],[139.429044,38.200794],[139.429432,38.201469],[139.429769,38.202502],[139.430281,38.203694],[139.431144,38.205069],[139.432131,38.206577],[139.432956,38.208002],[139.433231,38.208835],[139.433831,38.209418],[139.43438,38.210118],[139.434605,38.210501],[139.43463,38.210768],[139.435043,38.211376],[139.435405,38.211801],[139.436555,38.213609],[139.437005,38.214442],[139.437554,38.215567],[139.437854,38.215967],[139.438267,38.216284],[139.438842,38.21685],[139.439117,38.217234],[139.439529,38.217884],[139.439891,38.218517],[139.440629,38.220183],[139.440966,38.220742],[139.441678,38.221625],[139.442478,38.222925],[139.442591,38.2232],[139.442866,38.223583],[139.442941,38.223758],[139.443353,38.224299],[139.44404,38.225491],[139.444565,38.226283],[139.445203,38.227074],[139.446577,38.229324],[139.447152,38.230557],[139.448089,38.232048],[139.448364,38.232382],[139.449114,38.233648],[139.449576,38.234865],[139.449689,38.23529],[139.449914,38.236465],[139.450238,38.237723],[139.450326,38.238673],[139.450301,38.240131],[139.450326,38.240539],[139.450251,38.241305],[139.450051,38.241714],[139.450051,38.241847],[139.449613,38.242205],[139.449151,38.242389],[139.448601,38.243405],[139.448051,38.243263],[139.446863,38.243088],[139.446563,38.242972],[139.446313,38.243047],[139.446288,38.243355],[139.446238,38.243497],[139.445738,38.243513],[139.445688,38.243672],[139.445551,38.243747],[139.445438,38.243672],[139.444963,38.243763],[139.444726,38.243922],[139.444476,38.244213],[139.444276,38.244213],[139.444138,38.244288],[139.444038,38.244513],[139.443838,38.244755],[139.443326,38.244938],[139.442876,38.24523],[139.442464,38.245071],[139.442189,38.245071],[139.441726,38.245346],[139.441751,38.244938],[139.441676,38.244921],[139.441364,38.245055],[139.440901,38.245396],[139.441089,38.245755],[139.441151,38.245846],[139.440951,38.246071],[139.440626,38.246155],[139.440239,38.246338],[139.440376,38.246496],[139.440901,38.246538],[139.441013,38.246588],[139.440951,38.246655],[139.440463,38.246855],[139.440488,38.247038],[139.440676,38.247221],[139.440901,38.247288],[139.441126,38.247421],[139.441451,38.247355],[139.441888,38.247871],[139.441951,38.248188],[139.441926,38.248388],[139.441751,38.248521],[139.441926,38.249263],[139.441976,38.249379],[139.442113,38.249446],[139.442363,38.249421],[139.442526,38.249471],[139.442688,38.249871],[139.442638,38.250029],[139.442688,38.250146],[139.442913,38.250146],[139.4428,38.250413],[139.442863,38.250463],[139.443,38.250479],[139.443138,38.250571],[139.443138,38.250621],[139.442888,38.250779],[139.4431,38.250912],[139.442825,38.251087],[139.442775,38.251179],[139.442938,38.251271],[139.443188,38.251312],[139.443713,38.251921],[139.443575,38.252221],[139.44355,38.252371],[139.443625,38.252512],[139.4439,38.252646],[139.444038,38.252896],[139.443938,38.252929],[139.444087,38.253271],[139.4441,38.253829],[139.444037,38.253995],[139.44395,38.254029],[139.443912,38.254095],[139.443987,38.25407],[139.443887,38.254254],[139.443537,38.25427],[139.443375,38.25452],[139.443662,38.25452],[139.443975,38.254479],[139.444087,38.254512],[139.444175,38.255295],[139.444262,38.255579],[139.444075,38.256687],[139.444125,38.25687],[139.444337,38.256929],[139.444637,38.257504],[139.444912,38.25782],[139.445162,38.258028],[139.445262,38.258737],[139.445249,38.259437],[139.445112,38.259662],[139.445187,38.259878],[139.445437,38.25992],[139.445549,38.260003],[139.445462,38.260112],[139.445487,38.260303],[139.445686,38.260412],[139.445711,38.260395],[139.446049,38.261037],[139.446636,38.262495],[139.446224,38.263211],[139.445811,38.264128],[139.445611,38.26432],[139.445263,38.264417],[139.445261,38.264453],[139.445399,38.264578],[139.445574,38.264661],[139.445586,38.264786],[139.445461,38.264836],[139.445373,38.264953],[139.445461,38.265078],[139.445736,38.265228],[139.445698,38.265394],[139.445773,38.265719],[139.445736,38.266136],[139.445636,38.266286],[139.445686,38.266544],[139.445761,38.266553],[139.445811,38.266836],[139.445798,38.267153],[139.445748,38.267353],[139.445523,38.267419],[139.445348,38.267428],[139.445348,38.267511],[139.445611,38.267669],[139.44569,38.267643],[139.445698,38.267661],[139.445648,38.267713],[139.445648,38.267736],[139.445798,38.267694],[139.445886,38.267919],[139.445686,38.268144],[139.445748,38.268253],[139.445861,38.268236],[139.445936,38.268336],[139.446036,38.268661],[139.446645,38.269768],[139.447685,38.271236],[139.447848,38.271552],[139.447885,38.272061],[139.44811,38.272369],[139.448397,38.27266],[139.448522,38.272894],[139.448685,38.273427],[139.448835,38.274319],[139.449222,38.276235],[139.449209,38.276519],[139.448947,38.277027],[139.448909,38.277318],[139.449034,38.277768],[139.449084,38.278218],[139.449172,38.278518],[139.449147,38.279093],[139.449184,38.279352],[139.449009,38.281243],[139.448834,38.281768],[139.448434,38.282176],[139.448134,38.282401],[139.447946,38.282635],[139.447971,38.283018],[139.448184,38.283876],[139.447934,38.284176],[139.447834,38.284468],[139.447859,38.284676],[139.448096,38.28481],[139.448208,38.285409],[139.448396,38.285851],[139.448271,38.286184],[139.448283,38.286309],[139.448208,38.286434],[139.448383,38.286526],[139.448471,38.286501],[139.448546,38.286434],[139.448733,38.286684],[139.448796,38.286909],[139.448821,38.287609],[139.448696,38.288143],[139.448371,38.289026],[139.448346,38.289301],[139.448658,38.289993],[139.449045,38.291434],[139.44907,38.292051],[139.448983,38.292559],[139.448733,38.292976],[139.447995,38.293376],[139.44777,38.293384],[139.447683,38.293559],[139.447383,38.293667],[139.44727,38.293642],[139.446995,38.293876],[139.446908,38.293851],[139.44672,38.294059],[139.446783,38.294267],[139.44672,38.294351],[139.446583,38.294392],[139.446533,38.294459],[139.44657,38.294492],[139.446595,38.294484],[139.44672,38.294859],[139.446808,38.294992],[139.447032,38.295659],[139.447045,38.296075],[139.447307,38.296167],[139.44772,38.296609],[139.44817,38.297517],[139.449057,38.299825],[139.449869,38.301842],[139.450119,38.302567],[139.450269,38.30355],[139.450444,38.304208],[139.450444,38.304717],[139.450331,38.305308],[139.450331,38.306225],[139.450456,38.307333],[139.450444,38.307783],[139.450781,38.308425],[139.450993,38.308933],[139.451043,38.309275],[139.450818,38.310208],[139.450031,38.311758],[139.449643,38.312383],[139.448868,38.312783],[139.448743,38.312933],[139.448681,38.313133],[139.448693,38.313424],[139.448643,38.313583],[139.448643,38.314158],[139.448543,38.314349],[139.448381,38.314383],[139.448356,38.314441],[139.448431,38.314566],[139.448556,38.314591],[139.448543,38.314724],[139.448406,38.314916],[139.448368,38.315216],[139.448531,38.315299],[139.448593,38.316016],[139.448806,38.317057],[139.448781,38.317474],[139.448856,38.318341],[139.448793,38.31919],[139.449018,38.320015],[139.449418,38.320782],[139.449605,38.321299],[139.449955,38.32284],[139.450542,38.324173],[139.450892,38.32469],[139.45103,38.324998],[139.451205,38.325857],[139.451042,38.326732],[139.451155,38.327548],[139.451117,38.327915],[139.451117,38.328998],[139.450917,38.32924],[139.451055,38.330581],[139.451017,38.33159],[139.451267,38.332273],[139.451304,38.332798],[139.451442,38.333165],[139.451954,38.334606],[139.452117,38.335164],[139.452104,38.335556],[139.452354,38.336256],[139.452467,38.336639],[139.452504,38.337331],[139.452479,38.337581],[139.452304,38.337939],[139.451929,38.338272],[139.451704,38.338589],[139.451504,38.338656],[139.451279,38.338856],[139.451141,38.339064],[139.451191,38.339356],[139.451341,38.339622],[139.451566,38.340856],[139.451604,38.341322],[139.451579,38.341731],[139.451604,38.341972],[139.451491,38.342314],[139.451554,38.342647],[139.451691,38.343139],[139.451691,38.343206],[139.451641,38.343272],[139.451441,38.343339],[139.451291,38.343472],[139.451216,38.343722],[139.451529,38.344039],[139.451641,38.34408],[139.451841,38.34403],[139.452066,38.344347],[139.452341,38.346205],[139.452391,38.346339],[139.452366,38.346614],[139.452078,38.34708],[139.452166,38.34728],[139.452166,38.347555],[139.452378,38.348222],[139.452403,38.348447],[139.452316,38.348805],[139.452091,38.348964],[139.451778,38.349122],[139.451666,38.349214],[139.451491,38.349214],[139.451378,38.34928],[139.451341,38.349438],[139.451403,38.349522],[139.451553,38.349505],[139.451578,38.349838],[139.451516,38.350288],[139.451316,38.350313],[139.451203,38.350755],[139.451128,38.35103],[139.451016,38.351113],[139.450978,38.351255],[139.451178,38.351297],[139.451503,38.351655],[139.451553,38.352038],[139.451503,38.352347],[139.451441,38.35248],[139.451191,38.352772],[139.450878,38.352772],[139.450753,38.352847],[139.450753,38.35298],[139.450816,38.353063],[139.450966,38.353205],[139.450903,38.353247],[139.450816,38.353247],[139.450678,38.353313],[139.450641,38.353405],[139.450766,38.353497],[139.450878,38.353497],[139.450853,38.353763],[139.450791,38.353763],[139.450528,38.353922],[139.450528,38.353963],[139.450741,38.354055],[139.450791,38.354055],[139.450853,38.354097],[139.450815,38.354322],[139.45074,38.354547],[139.450678,38.354797],[139.45054,38.355088],[139.45054,38.355172],[139.45034,38.355713],[139.450078,38.355888],[139.449853,38.356005],[139.449715,38.356205],[139.449715,38.356405],[139.449828,38.356655],[139.450003,38.35688],[139.45029,38.357146],[139.450603,38.358671],[139.450728,38.359563],[139.45079,38.359746],[139.450815,38.36008],[139.450902,38.360488],[139.45084,38.360555],[139.450502,38.360621],[139.450277,38.36098],[139.45019,38.361071],[139.450127,38.361246],[139.450302,38.361405],[139.450477,38.361405],[139.450702,38.361496],[139.45099,38.361713],[139.451452,38.362455],[139.45174,38.362496],[139.452202,38.363263],[139.452665,38.364221],[139.452927,38.364871],[139.452977,38.364938],[139.453064,38.365296],[139.452927,38.365546],[139.452952,38.365654],[139.453327,38.365946],[139.454214,38.367404],[139.454252,38.367421],[139.454364,38.367604],[139.454627,38.368271],[139.454651,38.368479],[139.454539,38.368838],[139.454514,38.369146],[139.454451,38.369354],[139.454314,38.369621],[139.454114,38.369688],[139.453939,38.369596],[139.453739,38.369596],[139.453626,38.369688],[139.453427,38.369713],[139.453252,38.369663],[139.453139,38.369688],[139.453139,38.369888],[139.453164,38.369938],[139.453139,38.370096],[139.453227,38.370246],[139.453402,38.370246],[139.453626,38.370179],[139.453686,38.370176],[139.453801,38.370179],[139.453851,38.370154],[139.454114,38.370088],[139.454514,38.370496],[139.454576,38.370629],[139.454714,38.370788],[139.455001,38.370788],[139.455239,38.370854],[139.455639,38.371429],[139.456064,38.372013],[139.456151,38.372238],[139.456351,38.372463],[139.457164,38.373696],[139.457539,38.374337],[139.458201,38.375837],[139.458488,38.376646],[139.458688,38.377362],[139.458988,38.378012],[139.458988,38.378146],[139.458901,38.378395],[139.458901,38.378529],[139.459013,38.378754],[139.459501,38.379245],[139.459763,38.379804],[139.459851,38.380362],[139.460051,38.380787],[139.460113,38.381529],[139.460088,38.381937],[139.460001,38.382045],[139.459826,38.382445],[139.459776,38.38247],[139.459488,38.382737],[139.459151,38.383012],[139.458951,38.382828],[139.458801,38.382853],[139.458001,38.383303],[139.457888,38.38317],[139.457626,38.383237],[139.457663,38.383395],[139.457376,38.38357],[139.457313,38.38357],[139.456888,38.383845],[139.456826,38.384003],[139.456626,38.384045],[139.456663,38.384245],[139.456888,38.384537],[139.457176,38.384787],[139.457376,38.385145],[139.457576,38.38552],[139.457638,38.386236],[139.457476,38.38682],[139.457326,38.387003],[139.457013,38.386961],[139.456701,38.387003],[139.456638,38.386936],[139.456526,38.386895],[139.456301,38.386895],[139.456151,38.386961],[139.456038,38.38707],[139.455951,38.387095],[139.455813,38.387345],[139.455838,38.387478],[139.455963,38.387561],[139.456188,38.387628],[139.456388,38.387628],[139.456438,38.387653],[139.456588,38.387586],[139.456788,38.387628],[139.456768,38.387671],[139.456363,38.387745],[139.456013,38.387878],[139.455813,38.388078],[139.455701,38.388128],[139.455588,38.388219],[139.455563,38.388419],[139.455763,38.388661],[139.455813,38.388794],[139.455876,38.388844],[139.455301,38.389019],[139.454963,38.389244],[139.454851,38.389428],[139.454901,38.389694],[139.455138,38.389944],[139.455601,38.390278],[139.455938,38.390436],[139.456051,38.390544],[139.456088,38.390636],[139.456051,38.390744],[139.455826,38.390861],[139.455626,38.390886],[139.455401,38.390953],[139.455251,38.391103],[139.455251,38.391353],[139.455488,38.391378],[139.455713,38.391553],[139.455938,38.391486],[139.456226,38.391486],[139.456426,38.391711],[139.456401,38.392019],[139.456201,38.392244],[139.456288,38.392469],[139.456288,38.392586],[139.456351,38.392669],[139.456638,38.392786],[139.456663,38.393011],[139.456501,38.393186],[139.456263,38.393252],[139.455863,38.393327],[139.455813,38.393569],[139.455838,38.393727],[139.456213,38.393819],[139.456413,38.393661],[139.456463,38.393727],[139.456413,38.393886],[139.456301,38.394219],[139.456151,38.394336],[139.456213,38.394486],[139.456301,38.394536],[139.456501,38.394469],[139.456701,38.394469],[139.456726,38.394419],[139.456901,38.394327],[139.457101,38.394377],[139.457238,38.394352],[139.457413,38.394261],[139.457501,38.394261],[139.457613,38.394352],[139.457763,38.394552],[139.458101,38.394952],[139.458276,38.395494],[139.458163,38.395719],[139.458076,38.395761],[139.457676,38.395719],[139.457563,38.395785],[139.457538,38.395894],[139.457388,38.39601],[139.457276,38.396169],[139.457113,38.396702],[139.457163,38.396835],[139.457138,38.39711],[139.457251,38.397194],[139.457313,38.39731],[139.457288,38.397419],[139.457376,38.397535],[139.457801,38.397644],[139.457938,38.397577],[139.458313,38.397552],[139.458625,38.397602],[139.458863,38.397644],[139.459038,38.397869],[139.459088,38.398044],[139.458888,38.398069],[139.458663,38.398135],[139.458513,38.398385],[139.45855,38.39856],[139.458725,38.398744],[139.458925,38.39876],[139.45915,38.398694],[139.459463,38.39856],[139.459775,38.398669],[139.459838,38.398785],[139.459813,38.39901],[139.4599,38.399118],[139.460188,38.39921],[139.460263,38.399143],[139.460525,38.39916],[139.460588,38.399277],[139.4607,38.399293],[139.460875,38.399277],[139.461275,38.399518],[139.461675,38.399927],[139.462363,38.40091],[139.46245,38.401085],[139.4626,38.401602],[139.462575,38.40176],[139.462425,38.401851],[139.46245,38.401935],[139.462663,38.401935],[139.462775,38.402226],[139.462713,38.402793],[139.46275,38.402926],[139.463,38.40301],[139.463063,38.403218],[139.463,38.403326],[139.463038,38.403843],[139.462975,38.404085],[139.462863,38.403976],[139.462688,38.403935],[139.462463,38.404043],[139.462238,38.404651],[139.462438,38.405076],[139.462438,38.405276],[139.462388,38.405434],[139.462413,38.405884],[139.462525,38.405968],[139.462675,38.405993],[139.463013,38.406101],[139.463138,38.406193],[139.463213,38.406376],[139.463363,38.406443],[139.4635,38.406459],[139.463563,38.406509],[139.46345,38.406709],[139.463338,38.406776],[139.463338,38.406959],[139.463388,38.407026],[139.463563,38.407026],[139.463738,38.407068],[139.463938,38.407043],[139.46405,38.406951],[139.464075,38.406818],[139.46425,38.406801],[139.46465,38.406976],[139.46505,38.407309],[139.465337,38.407826],[139.465925,38.408967],[139.466325,38.409509],[139.466637,38.409776],[139.466987,38.410134],[139.467387,38.410784],[139.467425,38.41125],[139.46725,38.411834],[139.466875,38.412667],[139.466762,38.412734],[139.466737,38.412842],[139.466762,38.413025],[139.466937,38.413225],[139.467,38.4134],[139.467225,38.413783],[139.467512,38.4141],[139.468437,38.414658],[139.468662,38.4149],[139.468775,38.4151],[139.468837,38.41575],[139.468812,38.416],[139.468437,38.416608],[139.468187,38.416808],[139.468075,38.416808],[139.467837,38.416966],[139.467587,38.417233],[139.467612,38.417391],[139.467725,38.4175],[139.467875,38.41755],[139.4681,38.417883],[139.4681,38.417991],[139.467962,38.418058],[139.467787,38.418466],[139.467425,38.4186],[139.467312,38.418733],[139.467312,38.418866],[139.467425,38.41905],[139.467562,38.419141],[139.467675,38.419091],[139.467762,38.418958],[139.468225,38.418825],[139.468312,38.418733],[139.46845,38.418691],[139.4686,38.418708],[139.4686,38.4188],[139.46865,38.418933],[139.468799,38.418958],[139.468849,38.418933],[139.468887,38.418958],[139.469112,38.418975],[139.469287,38.419066],[139.469312,38.419158],[139.469424,38.419266],[139.469949,38.419383],[139.470262,38.419516],[139.470212,38.419583],[139.470212,38.419616],[139.470762,38.420174],[139.471112,38.420683],[139.471174,38.420841],[139.471224,38.420883],[139.471699,38.422116],[139.471787,38.422449],[139.471762,38.422566],[139.471849,38.422766],[139.471912,38.422807],[139.471849,38.423007],[139.471912,38.423032],[139.471999,38.423207],[139.472199,38.423299],[139.472537,38.423391],[139.472749,38.423566],[139.472749,38.423741],[139.472837,38.423857],[139.473062,38.423874],[139.473212,38.424191],[139.473324,38.424232],[139.473462,38.424207],[139.473637,38.424232],[139.473749,38.424299],[139.473812,38.424299],[139.474074,38.424591],[139.473987,38.424682],[139.473987,38.424724],[139.474162,38.424899],[139.474387,38.425016],[139.474974,38.425565],[139.475174,38.425815],[139.475287,38.425882],[139.475774,38.42644],[139.475924,38.426549],[139.475861,38.42664],[139.475611,38.42664],[139.475349,38.42684],[139.475211,38.42689],[139.475386,38.427182],[139.475761,38.427399],[139.475761,38.42749],[139.475649,38.427515],[139.475536,38.42749],[139.475449,38.427515],[139.475424,38.42749],[139.475449,38.427674],[139.475586,38.427757],[139.475849,38.427849],[139.475961,38.42789],[139.476049,38.428049],[139.476111,38.428049],[139.476224,38.427957],[139.476286,38.427957],[139.476361,38.427757],[139.476474,38.427732],[139.476599,38.427599],[139.476565,38.427527],[139.476586,38.427507],[139.476849,38.427574],[139.477049,38.427665],[139.477086,38.427707],[139.477311,38.427799],[139.478036,38.428465],[139.478324,38.428707],[139.478386,38.428823],[139.479074,38.429307],[139.479449,38.42949],[139.479536,38.429573],[139.479561,38.429665],[139.479736,38.42984],[139.480061,38.430473],[139.480436,38.431006],[139.480586,38.431315],[139.481224,38.43194],[139.481761,38.432365],[139.481974,38.432698],[139.482149,38.432831],[139.482324,38.433081],[139.482499,38.433456],[139.482586,38.433773],[139.482611,38.434264],[139.482561,38.434464],[139.482536,38.434848],[139.482561,38.434873],[139.482511,38.435073],[139.482461,38.435631],[139.482411,38.436106],[139.482436,38.436239],[139.482636,38.436256],[139.482811,38.436214],[139.482923,38.436323],[139.483073,38.436722],[139.483136,38.437106],[139.483073,38.437306],[139.482911,38.437397],[139.482711,38.437397],[139.482648,38.437239],[139.482411,38.437089],[139.482123,38.436956],[139.482073,38.437089],[139.482098,38.437156],[139.482073,38.437314],[139.482048,38.437939],[139.481936,38.438031],[139.481911,38.438214],[139.481998,38.438364],[139.481973,38.438864],[139.481923,38.439172],[139.481948,38.439356],[139.482036,38.439489],[139.481748,38.43958],[139.481698,38.439664],[139.481723,38.43978],[139.482073,38.440089],[139.482136,38.440222],[139.482336,38.440314],[139.482448,38.440289],[139.482536,38.440314],[139.482586,38.440405],[139.482561,38.440489],[139.482248,38.440539],[139.482223,38.440697],[139.482286,38.440872],[139.482398,38.440989],[139.482623,38.441072],[139.482861,38.44103],[139.483086,38.441114],[139.483198,38.441139],[139.483286,38.441164],[139.483311,38.44123],[139.483286,38.44138],[139.483373,38.44143],[139.483486,38.44138],[139.483873,38.442097],[139.483986,38.442588],[139.484186,38.442813],[139.484423,38.442988],[139.484448,38.443038],[139.484398,38.44328],[139.484223,38.443463],[139.484311,38.443572],[139.484461,38.443688],[139.484511,38.443797],[139.484598,38.443838],[139.484636,38.443905],[139.484286,38.44418],[139.484286,38.444222],[139.484211,38.444313],[139.484086,38.444288],[139.483973,38.444222],[139.483886,38.44423],[139.483548,38.444455],[139.483386,38.44468],[139.483386,38.444722],[139.483236,38.444905],[139.483236,38.444972],[139.483123,38.445063],[139.483036,38.445147],[139.482923,38.445421],[139.482961,38.445505],[139.483211,38.445505],[139.483273,38.445596],[139.483361,38.445638],[139.483498,38.445613],[139.483536,38.445546],[139.484248,38.445072],[139.484323,38.44503],[139.484473,38.44503],[139.484898,38.445188],[139.485223,38.445338],[139.485736,38.445713],[139.486286,38.44603],[139.487011,38.446696],[139.487123,38.446788],[139.487123,38.44683],[139.487197,38.446946],[139.487211,38.446988],[139.487248,38.447146],[139.487298,38.447213],[139.487336,38.447363],[139.488048,38.448121],[139.488485,38.448438],[139.489585,38.449504],[139.489998,38.449996],[139.49046,38.450438],[139.491173,38.450996],[139.49146,38.451179],[139.491985,38.451596],[139.492623,38.452221],[139.492973,38.452687],[139.493485,38.453229],[139.493878,38.453533],[139.49401,38.453629],[139.494473,38.454029],[139.495485,38.455187],[139.495835,38.455612],[139.49636,38.456212],[139.49636,38.456254],[139.49656,38.456479],[139.49667,38.456539],[139.496847,38.456787],[139.497147,38.457579],[139.497285,38.458012],[139.497247,38.458345],[139.497186,38.458457],[139.497185,38.458504],[139.497247,38.458529],[139.497297,38.458887],[139.497597,38.459387],[139.49751,38.459612],[139.497822,38.459928],[139.49826,38.46117],[139.498585,38.462362],[139.498635,38.462662],[139.498547,38.462928],[139.49851,38.463286],[139.499322,38.464036],[139.499797,38.46517],[139.499809,38.465661],[139.499897,38.46602],[139.500197,38.466453],[139.500647,38.467311],[139.500884,38.468103],[139.500884,38.468578],[139.501197,38.468561],[139.501334,38.468828],[139.501247,38.469011],[139.501447,38.469144],[139.501897,38.469328],[139.502159,38.469511],[139.502097,38.469761],[139.502209,38.469961],[139.502634,38.470261],[139.503222,38.470736],[139.503647,38.471169],[139.504122,38.471536],[139.504572,38.472419],[139.504596,38.472752],[139.504759,38.473277],[139.504496,38.473494],[139.504659,38.474127],[139.504534,38.474394],[139.504034,38.474935],[139.503946,38.475152],[139.503809,38.475219],[139.503545,38.475422],[139.503546,38.475485],[139.503946,38.475494],[139.504209,38.475227],[139.504259,38.475202],[139.504396,38.475427],[139.504421,38.475744],[139.504596,38.47566],[139.504596,38.47561],[139.504607,38.475579],[139.504884,38.475885],[139.505396,38.476277],[139.505446,38.476385],[139.505734,38.476569],[139.505821,38.476527],[139.506046,38.476594],[139.506446,38.476827],[139.506584,38.476827],[139.507321,38.477219],[139.507696,38.477494],[139.507771,38.47781],[139.507684,38.477943],[139.507396,38.478077],[139.507421,38.47841],[139.507246,38.478677],[139.506921,38.478785],[139.507059,38.479035],[139.507146,38.479418],[139.507371,38.479827],[139.507759,38.480352],[139.507984,38.480552],[139.508746,38.481102],[139.508509,38.481776],[139.508271,38.482293],[139.508084,38.482735],[139.507884,38.483026],[139.507796,38.483001],[139.507509,38.483001],[139.507559,38.483318],[139.507809,38.483726],[139.507784,38.483793],[139.507546,38.483926],[139.507684,38.48426],[139.508196,38.484601],[139.508233,38.48456],[139.508146,38.484268],[139.508233,38.484293],[139.508371,38.48456],[139.508596,38.484651],[139.508533,38.485151],[139.508596,38.485168],[139.508796,38.485151],[139.508946,38.484526],[139.509433,38.48466],[139.509633,38.484685],[139.509721,38.48451],[139.509921,38.484351],[139.510071,38.484376],[139.510383,38.484676],[139.510896,38.484726],[139.510621,38.485826],[139.510433,38.486159],[139.510551,38.486201],[139.510646,38.486026],[139.510808,38.486026],[139.511171,38.485085],[139.511233,38.484776],[139.511383,38.484818],[139.511746,38.484868],[139.511871,38.485859],[139.511983,38.486043],[139.512008,38.486359],[139.511858,38.486651],[139.511483,38.487001],[139.510821,38.487309],[139.510783,38.487468],[139.510621,38.487484],[139.510046,38.487259],[139.509258,38.486684],[139.509133,38.486643],[139.508883,38.486434],[139.508721,38.486234],[139.508033,38.485751],[139.507946,38.485909],[139.508596,38.486501],[139.508996,38.486684],[139.509958,38.487459],[139.510521,38.487693],[139.510503,38.487806],[139.510071,38.487709],[139.510096,38.487976],[139.509921,38.487909],[139.509546,38.487926],[139.509458,38.488109],[139.509283,38.488309],[139.509446,38.488509],[139.509933,38.488451],[139.509996,38.488584],[139.510158,38.488809],[139.510533,38.488542],[139.510683,38.488301],[139.511008,38.488209],[139.511296,38.488234],[139.511771,38.488443],[139.512458,38.488834],[139.513308,38.489451],[139.513695,38.489909],[139.514033,38.490426],[139.51422,38.490926],[139.51427,38.491309],[139.51447,38.491784],[139.514808,38.492259],[139.515258,38.492734],[139.515883,38.493217],[139.516608,38.493942],[139.517283,38.4948],[139.517558,38.495275],[139.517808,38.4958],[139.517808,38.496],[139.51767,38.496067],[139.517808,38.496292],[139.517708,38.496517],[139.517458,38.496608],[139.517308,38.496942],[139.517533,38.497033],[139.51762,38.496875],[139.517995,38.49675],[139.518108,38.496767],[139.51867,38.49745],[139.519482,38.498558],[139.520157,38.499675],[139.520407,38.500217],[139.52057,38.500825],[139.520557,38.501408],[139.520232,38.501875],[139.519995,38.502008],[139.520107,38.502283],[139.519707,38.5025],[139.519395,38.50245],[139.51902,38.502516],[139.518782,38.502716],[139.51832,38.502866],[139.518282,38.502908],[139.51787,38.503208],[139.51782,38.503383],[139.517895,38.503541],[139.517795,38.503724],[139.517757,38.503858],[139.517845,38.503949],[139.51817,38.503816],[139.518345,38.503966],[139.517957,38.504508],[139.51787,38.504691],[139.517957,38.504941],[139.51837,38.505141],[139.518645,38.505341],[139.518895,38.505391],[139.51972,38.505999],[139.520045,38.505999],[139.520595,38.505633],[139.52142,38.505341],[139.521582,38.505408],[139.521807,38.506108],[139.521807,38.506491],[139.521694,38.506807],[139.522044,38.506941],[139.522494,38.506849],[139.522819,38.506899],[139.523282,38.506757],[139.523757,38.506807],[139.524107,38.507099],[139.524219,38.507799],[139.524219,38.508157],[139.524007,38.508316],[139.523694,38.508357],[139.523369,38.508449],[139.523182,38.508607],[139.523227,38.508686],[139.523532,38.508632],[139.523694,38.508766],[139.524219,38.508741],[139.524632,38.508857],[139.525781,38.509665],[139.526306,38.510182],[139.526944,38.510632],[139.527744,38.511515],[139.529219,38.513357],[139.529493,38.513582],[139.530018,38.514173],[139.530568,38.51509],[139.531068,38.515815],[139.531693,38.516515],[139.534305,38.520231],[139.535405,38.521739],[139.53643,38.523289],[139.53698,38.524014],[139.537805,38.525272],[139.53818,38.525747],[139.53863,38.526038],[139.539117,38.526488],[139.540054,38.527821],[139.540467,38.528496],[139.541204,38.529571],[139.541792,38.531379],[139.542042,38.531738],[139.542504,38.532121],[139.542916,38.532863],[139.543241,38.533829],[139.543654,38.534488],[139.544241,38.535162],[139.545579,38.536312],[139.546216,38.536937],[139.546679,38.537596],[139.547091,38.538271],[139.547228,38.538562],[139.547641,38.539237],[139.548091,38.539845],[139.548553,38.541329],[139.548916,38.542187],[139.549716,38.543787],[139.549716,38.544303],[139.549653,38.544845],[139.549766,38.545295],[139.549928,38.545612],[139.549853,38.547703],[139.549903,38.548403],[139.550015,38.548653],[139.550178,38.549286],[139.550178,38.549869],[139.550103,38.550503],[139.549965,38.550994],[139.549828,38.551286],[139.549765,38.551336],[139.549328,38.551444],[139.54919,38.551519],[139.54859,38.552102],[139.548365,38.552736],[139.54809,38.553002],[139.548065,38.553094]]],"type":"Polygon"}}]}