{"type":"FeatureCollection","features":[{"properties":{"number":10,"name":"出雲","yomi":"いずも","id_url":"K46.html","id":"K46","pref":"島根県"},"geometry":{"coordinates":[[[133.098519,35.58075],[133.098656,35.581542],[133.098556,35.581917],[133.098469,35.582033],[133.098081,35.582308],[133.097756,35.582642],[133.097506,35.583025],[133.097156,35.583367],[133.096844,35.583342],[133.095232,35.582958],[133.095119,35.583008],[133.093719,35.5835],[133.093444,35.583641],[133.093269,35.583908],[133.092757,35.584108],[133.092644,35.584341],[133.092732,35.584583],[133.092757,35.585124],[133.092944,35.585258],[133.093032,35.585258],[133.093719,35.586049],[133.093969,35.586116],[133.094107,35.586208],[133.094219,35.586449],[133.094082,35.586574],[133.093932,35.586599],[133.093582,35.586599],[133.093357,35.586449],[133.093144,35.586433],[133.092782,35.586341],[133.092419,35.586208],[133.092182,35.586166],[133.091707,35.586141],[133.091519,35.586233],[133.090719,35.586341],[133.090444,35.586449],[133.090419,35.586591],[133.090244,35.586699],[133.09022,35.586816],[133.090407,35.587007],[133.090407,35.587091],[133.090207,35.587199],[133.090182,35.587316],[133.090269,35.587474],[133.090169,35.587607],[133.08992,35.587766],[133.090332,35.587841],[133.090157,35.588057],[133.090294,35.588224],[133.090457,35.588274],[133.090644,35.588224],[133.090682,35.588182],[133.090794,35.588149],[133.091382,35.588466],[133.091632,35.588524],[133.092019,35.588499],[133.092344,35.588541],[133.092544,35.588507],[133.092619,35.588466],[133.092807,35.588516],[133.093094,35.588574],[133.093182,35.588624],[133.093382,35.588657],[133.094144,35.588366],[133.094394,35.588316],[133.094657,35.588532],[133.094957,35.588574],[133.095419,35.588549],[133.095619,35.588391],[133.095669,35.588233],[133.095707,35.587724],[133.095769,35.587674],[133.096081,35.587649],[133.096256,35.587491],[133.096519,35.587491],[133.096719,35.587524],[133.096906,35.587708],[133.097194,35.587774],[133.097469,35.587799],[133.097781,35.587983],[133.098069,35.588274],[133.098219,35.588533],[133.098331,35.588891],[133.098381,35.589407],[133.098281,35.589974],[133.098119,35.590257],[133.097781,35.590582],[133.097319,35.590724],[133.096656,35.590616],[133.096494,35.590641],[133.096294,35.590624],[133.095369,35.590441],[133.094819,35.590557],[133.094382,35.590582],[133.094194,35.590649],[133.094019,35.590857],[133.093732,35.591332],[133.093682,35.591474],[133.093657,35.591457],[133.093682,35.591349],[133.093644,35.591182],[133.093669,35.590999],[133.093544,35.59099],[133.093432,35.591174],[133.093407,35.591565],[133.093344,35.591782],[133.093369,35.59204],[133.094157,35.592382],[133.094144,35.592532],[133.094019,35.592665],[133.093744,35.592815],[133.093719,35.59294],[133.093994,35.593032],[133.094219,35.59314],[133.094344,35.59334],[133.094319,35.59349],[133.094169,35.59359],[133.093932,35.593607],[133.093532,35.593515],[133.093394,35.593582],[133.093307,35.593765],[133.093119,35.593832],[133.092894,35.593815],[133.092719,35.593848],[133.092644,35.594048],[133.092907,35.594557],[133.092819,35.594707],[133.092569,35.59469],[133.092307,35.594907],[133.092244,35.595132],[133.092344,35.595407],[133.092532,35.595565],[133.092444,35.595798],[133.092457,35.59584],[133.092382,35.595981],[133.092332,35.59599],[133.092532,35.596148],[133.092382,35.59624],[133.092419,35.596365],[133.092657,35.596598],[133.092469,35.596781],[133.092444,35.596915],[133.092469,35.597015],[133.092332,35.597306],[133.092332,35.597398],[133.092569,35.597231],[133.092694,35.597198],[133.093169,35.597215],[133.093482,35.597573],[133.093544,35.597698],[133.093307,35.598115],[133.093182,35.59839],[133.092969,35.598498],[133.092369,35.598539],[133.092319,35.598523],[133.092269,35.598414],[133.092007,35.598314],[133.091894,35.598156],[133.091344,35.597856],[133.091169,35.597631],[133.091019,35.597415],[133.090844,35.597406],[133.090769,35.597473],[133.090782,35.597531],[133.090719,35.597531],[133.090607,35.597456],[133.090544,35.597323],[133.090507,35.596881],[133.090394,35.596565],[133.090319,35.596631],[133.090294,35.597048],[133.090232,35.597298],[133.090144,35.597381],[133.090069,35.59739],[133.089807,35.597515],[133.089332,35.597639],[133.089132,35.597756],[133.089044,35.597914],[133.089019,35.598206],[133.089057,35.598364],[133.089269,35.598623],[133.089282,35.598723],[133.089182,35.598814],[133.088857,35.598914],[133.088594,35.599089],[133.087995,35.598814],[133.087745,35.598848],[133.087595,35.598806],[133.087495,35.598848],[133.087182,35.598848],[133.08702,35.598881],[133.086882,35.598773],[133.08677,35.598731],[133.086495,35.598731],[133.086282,35.598664],[133.086195,35.598548],[133.086057,35.598539],[133.08587,35.598681],[133.085632,35.598781],[133.085532,35.598856],[133.08552,35.598914],[133.08537,35.598839],[133.085207,35.598848],[133.085082,35.598897],[133.085045,35.599031],[133.085082,35.599056],[133.085232,35.599031],[133.085445,35.599231],[133.085457,35.599389],[133.08542,35.599414],[133.085345,35.599556],[133.085057,35.599606],[133.084832,35.599864],[133.084857,35.599922],[133.084982,35.599989],[133.084932,35.600056],[133.084707,35.600014],[133.084557,35.600056],[133.084407,35.600231],[133.084407,35.600297],[133.08457,35.600339],[133.084745,35.600264],[133.08492,35.600247],[133.08482,35.600497],[133.084845,35.600606],[133.08482,35.600681],[133.084595,35.600814],[133.08427,35.600772],[133.084045,35.600989],[133.084157,35.601189],[133.084182,35.60133],[133.08442,35.601331],[133.084432,35.601422],[133.08422,35.601572],[133.08417,35.601672],[133.08422,35.601797],[133.084407,35.602005],[133.084807,35.602214],[133.085032,35.602272],[133.085182,35.602355],[133.085257,35.602555],[133.085482,35.602597],[133.085557,35.602564],[133.08557,35.602455],[133.085695,35.602397],[133.086145,35.60248],[133.086282,35.602564],[133.086495,35.60263],[133.087032,35.602647],[133.087782,35.602905],[133.088157,35.603047],[133.088482,35.603214],[133.089507,35.603572],[133.089882,35.603647],[133.090182,35.603755],[133.090457,35.603789],[133.090782,35.603739],[133.091544,35.603514],[133.091719,35.603389],[133.092519,35.603089],[133.092894,35.602989],[133.093156,35.602964],[133.093344,35.603047],[133.093431,35.603189],[133.093319,35.603672],[133.093319,35.603972],[133.093444,35.604022],[133.093594,35.603947],[133.093869,35.603656],[133.094044,35.603297],[133.094019,35.603239],[133.094169,35.603381],[133.094181,35.603564],[133.094394,35.603889],[133.094719,35.604097],[133.094894,35.604406],[133.094894,35.604481],[133.095106,35.604497],[133.095281,35.604447],[133.095431,35.604364],[133.095456,35.604231],[133.095819,35.604189],[133.095956,35.604114],[133.096031,35.604039],[133.095981,35.603814],[133.096031,35.603689],[133.096281,35.603847],[133.096381,35.603947],[133.096694,35.603947],[133.097069,35.603639],[133.097331,35.603622],[133.097481,35.603556],[133.097319,35.603331],[133.097244,35.603306],[133.097181,35.603106],[133.096744,35.603006],[133.096656,35.602831],[133.096694,35.602772],[133.096906,35.602673],[133.097269,35.602573],[133.097644,35.602639],[133.097718,35.602598],[133.097669,35.602414],[133.097394,35.602273],[133.097294,35.601673],[133.096894,35.601398],[133.096806,35.600981],[133.096856,35.600881],[133.096869,35.600723],[133.096781,35.600598],[133.096494,35.600339],[133.096644,35.600289],[133.096769,35.600198],[133.096844,35.600039],[133.096644,35.599731],[133.096656,35.599315],[133.096831,35.599165],[133.097081,35.599106],[133.097169,35.599015],[133.097556,35.599023],[133.097744,35.598965],[133.097794,35.598923],[133.097819,35.598756],[133.097681,35.598473],[133.097706,35.598323],[133.098094,35.597981],[133.098469,35.597965],[133.098656,35.59789],[133.098931,35.597865],[133.099243,35.598115],[133.099743,35.598315],[133.099943,35.598381],[133.100006,35.598598],[133.100181,35.598648],[133.100656,35.598531],[133.100831,35.598565],[133.101106,35.598956],[133.101218,35.599056],[133.101393,35.59904],[133.102006,35.598582],[133.102318,35.598448],[133.102531,35.598432],[133.102756,35.59849],[133.102956,35.598498],[133.103081,35.598432],[133.103143,35.598332],[133.103368,35.598282],[133.103456,35.59824],[133.103543,35.598123],[133.103706,35.598032],[133.103768,35.597965],[133.103943,35.597932],[133.104205,35.59794],[133.104405,35.598198],[133.104618,35.598523],[133.104668,35.598548],[133.104805,35.598473],[133.10488,35.59834],[133.104943,35.598282],[133.105068,35.598315],[133.105155,35.59864],[133.105243,35.598765],[133.105405,35.598757],[133.105468,35.598373],[133.10553,35.598307],[133.105718,35.598382],[133.10593,35.59839],[133.106155,35.598223],[133.106518,35.59789],[133.106805,35.597482],[133.106905,35.597065],[133.106768,35.596207],[133.106868,35.596049],[133.107055,35.595949],[133.107443,35.595882],[133.107755,35.595957],[133.10793,35.596149],[133.10833,35.59689],[133.108443,35.597024],[133.108643,35.597049],[133.108818,35.597024],[133.108855,35.596924],[133.109005,35.596907],[133.109493,35.59704],[133.109767,35.597174],[133.110167,35.59744],[133.11038,35.597507],[133.112105,35.597724],[133.112105,35.59749],[133.112267,35.597474],[133.112367,35.597374],[133.11238,35.596857],[133.112342,35.596741],[133.112142,35.596582],[133.111955,35.596374],[133.111717,35.596216],[133.11143,35.596116],[133.111467,35.595957],[133.111705,35.595999],[133.111767,35.595957],[133.111667,35.595766],[133.111755,35.595491],[133.111955,35.595332],[133.112017,35.595107],[133.111967,35.594941],[133.111655,35.594591],[133.111792,35.594399],[133.112005,35.594407],[133.112155,35.594524],[133.112217,35.594432],[133.112555,35.594432],[133.112667,35.594399],[133.112817,35.594516],[133.112855,35.594724],[133.11313,35.594841],[133.113417,35.594891],[133.113717,35.594866],[133.11393,35.594749],[133.11413,35.594583],[133.11433,35.594366],[133.114417,35.593991],[133.114017,35.593049],[133.113567,35.592274],[133.113417,35.591858],[133.113367,35.591316],[133.113042,35.590958],[133.11263,35.590508],[133.112542,35.590241],[133.11278,35.58975],[133.112742,35.589608],[133.112642,35.589575],[133.112517,35.5896],[133.112305,35.589408],[133.11228,35.589233],[133.11208,35.588975],[133.11208,35.588866],[133.11258,35.588716],[133.113305,35.58835],[133.113367,35.588275],[133.11338,35.588025],[133.113442,35.588],[133.113592,35.588083],[133.113742,35.588217],[133.114205,35.588242],[133.114167,35.587883],[133.114092,35.5876],[133.11448,35.58715],[133.114617,35.587117],[133.115205,35.5873],[133.115367,35.587325],[133.11553,35.587283],[133.115867,35.586925],[133.116005,35.586667],[133.116117,35.5866],[133.116142,35.58645],[133.115905,35.586342],[133.115442,35.586275],[133.115355,35.586225],[133.11533,35.586092],[133.115905,35.586117],[133.116217,35.585984],[133.11643,35.58605],[133.116655,35.58555],[133.116542,35.585259],[133.11663,35.585009],[133.116655,35.584717],[133.116755,35.584492],[133.11698,35.584176],[133.117417,35.584267],[133.117667,35.583726],[133.11778,35.583726],[133.11808,35.583051],[133.118055,35.583026],[133.118192,35.582959],[133.118292,35.582509],[133.118217,35.582509],[133.118055,35.582442],[133.117992,35.582284],[133.118055,35.582084],[133.118155,35.582017],[133.118817,35.582151],[133.118955,35.582284],[133.11898,35.582376],[133.11893,35.582534],[133.119017,35.582601],[133.119255,35.582642],[133.119505,35.582601],[133.11948,35.582376],[133.11943,35.582301],[133.119205,35.582193],[133.119067,35.582084],[133.118955,35.582101],[133.11898,35.581701],[133.11918,35.581651],[133.119455,35.581718],[133.11948,35.581584],[133.119417,35.581451],[133.11953,35.581334],[133.119555,35.581134],[133.119342,35.580976],[133.11918,35.580909],[133.119042,35.580776],[133.11873,35.580709],[133.118105,35.580726],[133.11783,35.580659],[133.117942,35.580501],[133.118267,35.580526],[133.118542,35.580484],[133.118792,35.580168],[133.119117,35.580118],[133.119642,35.579984],[133.119805,35.579893],[133.120055,35.579643],[133.120105,35.579376],[133.12008,35.579085],[133.120717,35.578926],[133.121155,35.578743],[133.121342,35.578635],[133.12148,35.578426],[133.12208,35.57836],[133.12233,35.578293],[133.122383,35.578211],[133.122492,35.578168],[133.122605,35.577943],[133.122655,35.577901],[133.12283,35.577918],[133.123092,35.578035],[133.123217,35.577985],[133.123417,35.577602],[133.123567,35.578368],[133.123679,35.57846],[133.124554,35.578568],[133.124842,35.578635],[133.124929,35.578593],[133.125042,35.578252],[133.125154,35.578143],[133.125067,35.577985],[133.124829,35.577735],[133.124779,35.577102],[133.124654,35.576927],[133.124479,35.576835],[133.124504,35.576493],[133.124629,35.576268],[133.125229,35.576152],[133.125442,35.576152],[133.125879,35.576585],[133.126317,35.576894],[133.126479,35.576985],[133.126654,35.577168],[133.127129,35.57721],[133.127441,35.57746],[133.127679,35.577594],[133.127704,35.577727],[133.127354,35.577885],[133.126891,35.578027],[133.126516,35.578185],[133.126342,35.578293],[133.126254,35.57861],[133.126579,35.578727],[133.127654,35.57856],[133.127741,35.578493],[133.128004,35.578493],[133.128316,35.578677],[133.128354,35.578877],[133.128141,35.57906],[133.128154,35.579285],[133.128241,35.57951],[133.128291,35.579535],[133.128416,35.579802],[133.128416,35.579918],[133.128616,35.580118],[133.128966,35.580252],[133.129191,35.580227],[133.129429,35.580093],[133.129716,35.580118],[133.129953,35.580185],[133.130041,35.580185],[133.130066,35.580293],[133.130153,35.58036],[133.130328,35.580293],[133.130391,35.580068],[133.130241,35.579793],[133.130203,35.579635],[133.130266,35.579552],[133.130616,35.579502],[133.130853,35.579502],[133.130878,35.57946],[133.130816,35.579302],[133.131078,35.579277],[133.131166,35.579302],[133.131191,35.579435],[133.131491,35.579594],[133.131578,35.579752],[133.131428,35.579927],[133.131691,35.580019],[133.131928,35.580177],[133.132128,35.580219],[133.132041,35.580493],[133.131891,35.580677],[133.132066,35.580718],[133.133028,35.58056],[133.133178,35.580735],[133.133428,35.580535],[133.13369,35.580469],[133.133753,35.58096],[133.133665,35.581277],[133.134015,35.581568],[133.134428,35.581685],[133.134915,35.58166],[133.135065,35.581569],[133.135178,35.581385],[133.135265,35.58136],[133.13544,35.581044],[133.136053,35.581477],[133.13634,35.581994],[133.136578,35.581927],[133.136865,35.581785],[133.136952,35.581519],[133.137065,35.581402],[133.137202,35.581335],[133.137465,35.58111],[133.137902,35.581402],[133.137815,35.58156],[133.13794,35.58176],[133.138227,35.58181],[133.138427,35.581652],[133.138427,35.581602],[133.138577,35.581535],[133.139215,35.581511],[133.139615,35.581552],[133.139877,35.581469],[133.140015,35.581011],[133.140427,35.580944],[133.14034,35.580852],[133.140077,35.580694],[133.140077,35.580561],[133.140477,35.580519],[133.140652,35.580469],[133.140565,35.580311],[133.140215,35.580152],[133.14039,35.580086],[133.140565,35.580061],[133.140627,35.579677],[133.140939,35.579611],[133.140802,35.579411],[133.140877,35.579161],[133.140852,35.579094],[133.14079,35.579094],[133.140627,35.579186],[133.14039,35.579211],[133.14004,35.579319],[133.139727,35.579502],[133.138915,35.579661],[133.138877,35.579144],[133.13879,35.578919],[133.138565,35.578827],[133.138215,35.579077],[133.138127,35.579261],[133.137727,35.579394],[133.137315,35.579461],[133.137078,35.579377],[133.136828,35.579327],[133.13659,35.579352],[133.136353,35.579419],[133.136103,35.579311],[133.13584,35.579244],[133.135778,35.578611],[133.135565,35.578452],[133.13514,35.578386],[133.134903,35.578502],[133.134615,35.578702],[133.134615,35.578885],[133.134678,35.579085],[133.134478,35.579269],[133.134003,35.579294],[133.133403,35.57911],[133.132991,35.578952],[133.132666,35.578752],[133.132066,35.578077],[133.132003,35.577969],[133.132053,35.577877],[133.132028,35.577785],[133.131916,35.57776],[133.131716,35.577902],[133.131541,35.577902],[133.131303,35.57781],[133.130516,35.57786],[133.130004,35.577794],[133.129916,35.577652],[133.129966,35.577135],[133.130054,35.576952],[133.130229,35.576819],[133.130229,35.57671],[133.130341,35.576594],[133.130391,35.575936],[133.130479,35.575852],[133.130741,35.575761],[133.131004,35.575961],[133.131041,35.576119],[133.131328,35.576119],[133.131441,35.576186],[133.132603,35.575752],[133.133003,35.576136],[133.133128,35.575819],[133.132303,35.574786],[133.132941,35.573928],[133.133466,35.573811],[133.133816,35.573628],[133.134191,35.573178],[133.134303,35.57282],[133.134266,35.57167],[133.134466,35.571436],[133.134841,35.571395],[133.135366,35.571012],[133.135653,35.570895],[133.136028,35.570803],[133.136178,35.570803],[133.136265,35.570645],[133.136615,35.570303],[133.136753,35.57022],[133.13719,35.570078],[133.137565,35.570053],[133.137453,35.570237],[133.137515,35.57037],[133.137803,35.570278],[133.137915,35.57042],[133.138203,35.570462],[133.138378,35.570329],[133.138403,35.570237],[133.138378,35.570012],[133.138115,35.569762],[133.13829,35.569195],[133.138428,35.569012],[133.138603,35.568995],[133.138715,35.568854],[133.13834,35.568362],[133.138278,35.568095],[133.13854,35.567862],[133.138603,35.567912],[133.138915,35.568004],[133.13909,35.567887],[133.139203,35.567637],[133.139503,35.567796],[133.13964,35.567837],[133.140252,35.567862],[133.140427,35.567746],[133.140365,35.567571],[133.140452,35.567321],[133.140427,35.567112],[133.140252,35.566871],[133.140103,35.565813],[133.139578,35.565671],[133.13929,35.565429],[133.139165,35.564821],[133.138965,35.564529],[133.138878,35.564054],[133.13884,35.563513],[133.138928,35.56268],[133.13939,35.56218],[133.140428,35.561255],[133.14089,35.56093],[133.141502,35.560797],[133.14179,35.560797],[133.141965,35.560955],[133.142252,35.561063],[133.142577,35.560972],[133.142865,35.560722],[133.143152,35.560655],[133.143502,35.56068],[133.143727,35.560905],[133.143965,35.561014],[133.144027,35.561014],[133.14399,35.560722],[133.14434,35.56068],[133.144539,35.560922],[133.144664,35.561239],[133.144889,35.561239],[133.145302,35.561147],[133.145327,35.56108],[133.145264,35.560739],[133.145527,35.560722],[133.145827,35.561147],[133.146227,35.561189],[133.146289,35.560989],[133.146514,35.56058],[133.146602,35.560539],[133.146889,35.560989],[133.147239,35.561322],[133.147589,35.56173],[133.147889,35.561972],[133.148326,35.562222],[133.148551,35.562247],[133.148639,35.562222],[133.148789,35.561997],[133.148926,35.561905],[133.149076,35.56168],[133.149101,35.561247],[133.149789,35.560956],[133.150139,35.560731],[133.150551,35.560072],[133.150689,35.559714],[133.150889,35.559531],[133.151264,35.559439],[133.151789,35.559464],[133.152401,35.559598],[133.152951,35.559839],[133.153451,35.560314],[133.153651,35.560631],[133.153738,35.560989],[133.153626,35.561264],[133.153451,35.561464],[133.153276,35.561531],[133.152988,35.561831],[133.153013,35.562139],[133.153138,35.562297],[133.153338,35.562439],[133.153801,35.562931],[133.154101,35.563131],[133.154276,35.563356],[133.154476,35.563539],[133.154651,35.563564],[133.154913,35.562947],[133.154988,35.562364],[133.155026,35.562389],[133.155051,35.562164],[133.154463,35.562006],[133.154501,35.561797],[133.154351,35.561597],[133.154438,35.561306],[133.154576,35.561148],[133.155163,35.560848],[133.155801,35.560623],[133.156201,35.560598],[133.156526,35.560648],[133.15655,35.560731],[133.156525,35.561389],[133.156638,35.561656],[133.156988,35.561998],[133.157975,35.562464],[133.158388,35.562064],[133.160037,35.562848],[133.159875,35.563273],[133.16005,35.563498],[133.1601,35.563798],[133.160012,35.563931],[133.159437,35.564131],[133.159125,35.564131],[133.158863,35.564206],[133.1586,35.564456],[133.158338,35.564297],[133.158075,35.564297],[133.157875,35.564522],[133.157825,35.565156],[133.157738,35.565222],[133.157325,35.565314],[133.156488,35.565339],[133.156225,35.56538],[133.156225,35.565539],[133.15655,35.565722],[133.156813,35.565922],[133.1573,35.565964],[133.157763,35.566055],[133.157738,35.566347],[133.157763,35.566464],[133.158237,35.566889],[133.1582,35.566955],[133.157975,35.56698],[133.158262,35.567339],[133.1589,35.56768],[133.159425,35.567855],[133.159775,35.568055],[133.159862,35.568239],[133.15975,35.56853],[133.159987,35.568805],[133.159837,35.569055],[133.15975,35.569122],[133.159662,35.569372],[133.159637,35.569613],[133.159812,35.569888],[133.159987,35.570022],[133.159987,35.570313],[133.160075,35.570497],[133.160337,35.57043],[133.160575,35.570422],[133.160312,35.571513],[133.160462,35.571688],[133.160837,35.571913],[133.161162,35.572005],[133.161449,35.571938],[133.161787,35.571463],[133.162024,35.57153],[133.162224,35.571388],[133.162662,35.571297],[133.163012,35.571297],[133.163362,35.571363],[133.163712,35.571297],[133.163937,35.57143],[133.164062,35.571638],[133.164312,35.571613],[133.164549,35.571388],[133.164549,35.57123],[133.164262,35.571072],[133.164112,35.570755],[133.163874,35.570555],[133.163474,35.570372],[133.163237,35.570055],[133.163212,35.569739],[133.163262,35.569722],[133.163612,35.569989],[133.164074,35.57008],[133.164537,35.570055],[133.164837,35.56978],[133.165062,35.569422],[133.165024,35.568922],[133.165174,35.568722],[133.165149,35.568539],[133.165262,35.568139],[133.165312,35.568089],[133.166162,35.568089],[133.166362,35.567864],[133.166387,35.567639],[133.166149,35.567114],[133.166062,35.566689],[133.165949,35.566414],[133.165512,35.566106],[133.165624,35.565831],[133.165712,35.565381],[133.165624,35.564973],[133.165275,35.564389],[133.165412,35.563889],[133.165562,35.563714],[133.165987,35.563348],[133.166512,35.563123],[133.166949,35.563006],[133.167674,35.563165],[133.168112,35.563206],[133.168374,35.563365],[133.168462,35.56359],[133.168399,35.563815],[133.168549,35.563956],[133.168837,35.56409],[133.169074,35.56454],[133.169362,35.564581],[133.169674,35.564398],[133.170462,35.563815],[133.170862,35.563673],[133.171537,35.563648],[133.171824,35.563673],[133.171912,35.563856],[133.172024,35.564398],[133.172412,35.565073],[133.172612,35.565231],[133.172724,35.565365],[133.173224,35.56529],[133.174174,35.56509],[133.174524,35.564931],[133.174849,35.564656],[133.175161,35.564473],[133.175336,35.56454],[133.175924,35.56504],[133.176036,35.565515],[133.176236,35.565898],[133.176536,35.566281],[133.176536,35.566481],[133.176361,35.566706],[133.176049,35.566756],[133.175699,35.566931],[133.174911,35.567614],[133.174749,35.567956],[133.174686,35.568406],[133.174924,35.568806],[133.175236,35.568831],[133.175786,35.568673],[133.176199,35.568448],[133.176399,35.568223],[133.176661,35.568239],[133.176924,35.568423],[133.177099,35.568306],[133.177386,35.56754],[133.177761,35.56749],[133.178624,35.56749],[133.178886,35.567623],[133.178949,35.567715],[133.178949,35.568306],[133.179149,35.568415],[133.179498,35.568415],[133.179673,35.568598],[133.179823,35.568839],[133.180086,35.569023],[133.180223,35.568731],[133.180198,35.568431],[133.180111,35.568348],[133.179786,35.568165],[133.179873,35.568048],[133.180136,35.568031],[133.180173,35.56794],[133.180136,35.56769],[133.180373,35.567373],[133.180773,35.567665],[133.181061,35.567781],[133.181186,35.567781],[133.181323,35.567573],[133.181298,35.56724],[133.181123,35.56699],[133.180836,35.56699],[133.180711,35.566448],[133.180599,35.566198],[133.180774,35.566065],[133.181061,35.566082],[133.181673,35.566532],[133.182073,35.566898],[133.182486,35.56714],[133.182861,35.567231],[133.183186,35.567207],[133.183448,35.567323],[133.183823,35.567248],[133.184111,35.567073],[133.184336,35.566865],[133.184223,35.566548],[133.183761,35.566307],[133.183586,35.566148],[133.183198,35.565965],[133.183023,35.565807],[133.182936,35.565648],[133.182536,35.56529],[133.182711,35.56529],[133.183086,35.565582],[133.183523,35.565698],[133.183986,35.565898],[133.184398,35.565915],[133.184623,35.565848],[133.184736,35.565757],[133.184948,35.565515],[133.184886,35.565307],[133.184498,35.564857],[133.184586,35.564674],[133.184623,35.564407],[133.184386,35.563774],[133.184586,35.563707],[133.184936,35.56364],[133.185461,35.56384],[133.185573,35.563999],[133.185923,35.564315],[133.186411,35.564465],[133.186798,35.564399],[133.187111,35.56429],[133.187486,35.564282],[133.187636,35.56424],[133.188298,35.563565],[133.188348,35.563332],[133.187948,35.562774],[133.187998,35.562416],[133.188198,35.562074],[133.188436,35.561782],[133.188748,35.561616],[133.188873,35.561641],[133.188986,35.561732],[133.189773,35.561616],[133.190173,35.561641],[133.191048,35.562016],[133.191048,35.562041],[133.191273,35.562157],[133.191885,35.562224],[133.192035,35.562266],[133.19221,35.562374],[133.192523,35.562741],[133.192785,35.563099],[133.192973,35.563666],[133.192973,35.564091],[133.192823,35.564524],[133.192598,35.564682],[133.191848,35.564815],[133.191373,35.564949],[133.19091,35.564999],[133.190798,35.565065],[133.19066,35.565274],[133.19046,35.565882],[133.19016,35.566065],[133.18961,35.566174],[133.189448,35.566357],[133.189448,35.566399],[133.189623,35.56649],[133.18991,35.566582],[133.189998,35.566765],[133.189848,35.566965],[133.189885,35.567215],[133.189998,35.567507],[133.189998,35.56769],[133.18986,35.567982],[133.189398,35.568048],[133.189398,35.56814],[133.189573,35.568298],[133.189423,35.568498],[133.18896,35.568707],[133.18881,35.56884],[133.18881,35.56889],[133.188985,35.568998],[133.18876,35.570281],[133.188823,35.570823],[133.18906,35.571298],[133.189498,35.571731],[133.189435,35.571798],[133.18906,35.572023],[133.187873,35.571889],[133.187385,35.571864],[133.186948,35.571914],[133.18686,35.572031],[133.186885,35.572256],[133.186773,35.572323],[133.186835,35.572639],[133.18706,35.572773],[133.187648,35.573448],[133.18776,35.573539],[133.18811,35.573514],[133.188723,35.573198],[133.188985,35.573148],[133.18956,35.573198],[133.189998,35.573556],[133.190035,35.573664],[133.189448,35.574123],[133.18931,35.574323],[133.18911,35.574348],[133.189048,35.574389],[133.189023,35.574506],[133.189135,35.574523],[133.189285,35.574731],[133.189073,35.574864],[133.188785,35.575247],[133.18841,35.575247],[133.18806,35.575522],[133.187773,35.575681],[133.187598,35.575731],[133.187398,35.575639],[133.187285,35.575639],[133.18696,35.575706],[133.187023,35.575797],[133.186823,35.576181],[133.18711,35.576206],[133.187548,35.576022],[133.187323,35.576606],[133.187035,35.577172],[133.186948,35.577514],[133.186973,35.577647],[133.187235,35.57758],[133.187498,35.578097],[133.187848,35.578072],[133.187848,35.578189],[133.187998,35.578589],[133.188085,35.57873],[133.188435,35.578797],[133.188723,35.578547],[133.189235,35.578389],[133.189385,35.578455],[133.189473,35.578855],[133.189673,35.578972],[133.189935,35.578764],[133.190198,35.57843],[133.190485,35.57818],[133.190835,35.577772],[133.191123,35.577681],[133.191385,35.577681],[133.19141,35.577931],[133.191323,35.578222],[133.19116,35.578355],[133.191073,35.57858],[133.19116,35.57883],[133.191048,35.579039],[133.190498,35.579214],[133.190323,35.579514],[133.19026,35.579755],[133.19041,35.580005],[133.19166,35.580114],[133.192098,35.58018],[133.192435,35.580072],[133.192698,35.579847],[133.19301,35.57928],[133.193335,35.57923],[133.19371,35.57928],[133.193822,35.579164],[133.193597,35.578964],[133.19351,35.578806],[133.193647,35.578531],[133.19356,35.578281],[133.193273,35.577947],[133.19301,35.577564],[133.192885,35.577272],[133.19301,35.576956],[133.193298,35.576972],[133.193673,35.577197],[133.193785,35.577131],[133.193848,35.576972],[133.19396,35.576864],[133.193985,35.576681],[133.194285,35.576706],[133.194835,35.576947],[133.195272,35.577239],[133.196085,35.577556],[133.19631,35.577372],[133.196635,35.577056],[133.196685,35.576923],[133.196635,35.576856],[133.196335,35.576723],[133.195722,35.575998],[133.195722,35.575839],[133.195785,35.575748],[133.19576,35.575664],[133.195372,35.575548],[133.195322,35.575506],[133.195085,35.575006],[133.19496,35.574464],[133.195047,35.573923],[133.19516,35.57359],[133.195073,35.573248],[133.194573,35.572456],[133.194485,35.571981],[133.194685,35.571556],[133.194923,35.571282],[133.19506,35.57104],[133.19501,35.570948],[133.194598,35.570565],[133.194535,35.570473],[133.194485,35.57009],[133.194685,35.569773],[133.194823,35.569323],[133.194785,35.568623],[133.194873,35.568082],[133.195135,35.56774],[133.195573,35.567515],[133.196123,35.567357],[133.196523,35.567307],[133.196785,35.567424],[133.197023,35.567915],[133.19746,35.568499],[133.19796,35.568907],[133.198535,35.569199],[133.199547,35.569515],[133.199897,35.569649],[133.200072,35.569899],[133.200372,35.570049],[133.201035,35.570007],[133.20141,35.569915],[133.202022,35.56989],[133.20231,35.569707],[133.202335,35.569457],[133.202247,35.569215],[133.202335,35.568982],[133.202622,35.568757],[133.202947,35.568757],[133.203697,35.569115],[133.204222,35.569299],[133.204635,35.569315],[133.204922,35.569157],[133.205085,35.568907],[133.205722,35.568732],[133.206135,35.568841],[133.20631,35.568749],[133.206422,35.568482],[133.206247,35.568116],[133.206335,35.567732],[133.206647,35.567349],[133.207172,35.567149],[133.207397,35.567099],[133.207697,35.567324],[133.20816,35.567416],[133.208597,35.567299],[133.209147,35.567249],[133.209234,35.567274],[133.209409,35.567433],[133.209809,35.567499],[133.210134,35.567524],[133.210159,35.567541],[133.210184,35.567183],[133.210247,35.567141],[133.210822,35.567133],[133.211672,35.567224],[133.211897,35.567383],[133.212072,35.567583],[133.212372,35.567741],[133.212459,35.568016],[133.212397,35.568308],[133.212222,35.568558],[133.212484,35.568849],[133.212572,35.569091],[133.212697,35.569324],[133.212922,35.569632],[133.213072,35.569699],[133.214122,35.569907],[133.214522,35.569832],[133.215422,35.569949],[133.215772,35.570082],[133.216147,35.570282],[133.216234,35.570482],[133.216159,35.571341],[133.216309,35.572016],[133.216272,35.572266],[133.215897,35.572541],[133.215697,35.572832],[133.215647,35.573107],[133.215934,35.573424],[133.216022,35.573715],[133.215759,35.573807],[133.214284,35.573874],[133.214109,35.573807],[133.214022,35.573899],[133.213622,35.575257],[133.213572,35.575523],[133.213684,35.575707],[133.214034,35.575707],[133.214497,35.576065],[133.214522,35.575632],[133.214784,35.575615],[133.215134,35.575182],[133.215397,35.575115],[133.215534,35.575315],[133.215834,35.575274],[133.215997,35.57529],[133.216297,35.575449],[133.216647,35.575582],[133.216847,35.575873],[133.216759,35.576057],[133.216409,35.576215],[133.215984,35.576873],[133.215897,35.577073],[133.215984,35.577215],[133.216222,35.577257],[133.216272,35.577615],[133.216572,35.577957],[133.216834,35.57854],[133.216747,35.578881],[133.215822,35.579398],[133.215534,35.57949],[133.215472,35.579606],[133.215622,35.57974],[133.215972,35.579965],[133.215997,35.580165],[133.215947,35.580665],[133.215996,35.580756],[133.217021,35.581473],[133.217171,35.581448],[133.217196,35.581406],[133.217596,35.58134],[133.217809,35.581406],[133.218009,35.581406],[133.218146,35.581315],[133.218209,35.581065],[133.218184,35.580906],[133.218096,35.58084],[133.217859,35.580865],[133.217659,35.580615],[133.217596,35.580323],[133.217771,35.579956],[133.217971,35.579915],[133.218034,35.57994],[133.218459,35.579781],[133.218671,35.579756],[133.218784,35.579848],[133.218784,35.579506],[133.218984,35.579348],[133.219071,35.578715],[133.219584,35.578307],[133.219959,35.57779],[133.220071,35.577765],[133.220546,35.577948],[133.220921,35.578307],[133.221334,35.578482],[133.221584,35.578665],[133.221509,35.578915],[133.221621,35.579157],[133.221771,35.579273],[133.222146,35.579315],[133.222146,35.579115],[133.222521,35.579315],[133.222609,35.579273],[133.222846,35.579382],[133.223071,35.579432],[133.223246,35.579273],[133.223884,35.579357],[133.224171,35.579315],[133.224409,35.579557],[133.224696,35.579698],[133.224959,35.579648],[133.225109,35.579532],[133.225159,35.579673],[133.225746,35.579848],[133.225634,35.580373],[133.226246,35.580732],[133.226534,35.58059],[133.226621,35.580482],[133.226821,35.580615],[133.227059,35.58064],[133.227171,35.580498],[133.227084,35.579782],[133.227171,35.579573],[133.227046,35.579415],[133.226409,35.578923],[133.226321,35.578607],[133.226409,35.578265],[133.226609,35.57809],[133.227709,35.578265],[133.227509,35.578015],[133.227384,35.57779],[133.227559,35.577724],[133.228109,35.577815],[133.228696,35.57799],[133.229421,35.578415],[133.230096,35.57889],[133.230759,35.578982],[133.231284,35.578982],[133.231858,35.57904],[133.232733,35.578974],[133.232821,35.578999],[133.233058,35.57924],[133.233308,35.579332],[133.233658,35.579332],[133.233871,35.579174],[133.234158,35.579015],[133.234558,35.579199],[133.234708,35.579199],[133.234846,35.579149],[133.234846,35.57904],[133.234496,35.578724],[133.234121,35.577932],[133.234121,35.577707],[133.233996,35.577641],[133.233683,35.577707],[133.232959,35.57764],[133.232434,35.57764],[133.231971,35.577507],[133.231246,35.576949],[133.231034,35.576741],[133.230659,35.576832],[133.230084,35.576766],[133.229784,35.576616],[133.229584,35.576457],[133.229496,35.576232],[133.229384,35.576182],[133.228709,35.576049],[133.228221,35.575916],[133.227696,35.575824],[133.226946,35.575832],[133.226509,35.575766],[133.226421,35.575716],[133.226071,35.575649],[133.225896,35.575765],[133.225784,35.575715],[133.225784,35.575632],[133.225609,35.575474],[133.225971,35.574432],[133.225459,35.574324],[133.225246,35.574166],[133.225159,35.574141],[133.225421,35.573916],[133.223909,35.573107],[133.224397,35.571183],[133.224884,35.571249],[133.224972,35.571141],[133.227796,35.571483],[133.228909,35.571574],[133.228896,35.571741],[133.229409,35.571833],[133.229421,35.571691],[133.230671,35.571808],[133.230696,35.571616],[133.233021,35.57195],[133.233221,35.572224],[133.233334,35.572266],[133.234559,35.572491],[133.235084,35.572716],[133.235596,35.573033],[133.236009,35.573191],[133.236246,35.573099],[133.236184,35.572849],[133.236584,35.572866],[133.236821,35.572666],[133.236821,35.572258],[133.236634,35.5717],[133.236371,35.571333],[133.236309,35.570525],[133.236484,35.570475],[133.236659,35.57025],[133.236721,35.569958],[133.237009,35.569983],[133.237796,35.570117],[133.238196,35.570341],[133.238609,35.570383],[133.238946,35.570267],[133.239846,35.570242],[133.239996,35.570358],[133.240321,35.5702],[133.240808,35.570017],[133.241383,35.569967],[133.242171,35.5701],[133.242258,35.57015],[133.242233,35.570258],[133.242546,35.570375],[133.242746,35.570258],[133.243683,35.570325],[133.244058,35.570325],[133.244583,35.570408],[133.245133,35.570683],[133.246121,35.571533],[133.246183,35.5721],[133.246358,35.572683],[133.246745,35.573158],[133.247358,35.573475],[133.247395,35.573458],[133.247958,35.573525],[133.248383,35.57345],[133.248633,35.573325],[133.248683,35.572991],[133.24897,35.572633],[133.249095,35.5726],[133.24947,35.5728],[133.24957,35.573008],[133.249495,35.573475],[133.249558,35.573575],[133.249533,35.573891],[133.249208,35.574291],[133.24917,35.5746],[133.24922,35.574991],[133.24937,35.575416],[133.249533,35.575233],[133.249583,35.5751],[133.249658,35.5751],[133.249795,35.575299],[133.25007,35.575491],[133.25032,35.575591],[133.25042,35.575533],[133.25047,35.575433],[133.250833,35.575683],[133.251033,35.575666],[133.251158,35.575533],[133.251332,35.575491],[133.251507,35.575699],[133.251707,35.575566],[133.251882,35.5755],[133.25207,35.575308],[133.252095,35.57515],[133.252445,35.575016],[133.252632,35.574991],[133.25287,35.575116],[133.252995,35.57525],[133.253145,35.5753],[133.253145,35.575133],[133.253032,35.574866],[133.252845,35.574683],[133.252845,35.57415],[133.253007,35.573991],[133.253207,35.5739],[133.253382,35.573416],[133.253532,35.573391],[133.25362,35.573283],[133.253882,35.573133],[133.253932,35.57295],[133.253745,35.572525],[133.253457,35.572492],[133.25312,35.572508],[133.252645,35.572566],[133.252545,35.572533],[133.252495,35.572408],[133.252208,35.572466],[133.251933,35.572466],[133.251658,35.572342],[133.251133,35.572175],[133.250908,35.572067],[133.250745,35.571942],[133.25122,35.5716],[133.250958,35.571567],[133.250458,35.571625],[133.250183,35.571425],[133.249945,35.571492],[133.249883,35.571392],[133.249895,35.570883],[133.25012,35.57045],[133.250733,35.5703],[133.25097,35.570175],[133.251895,35.570508],[133.252445,35.570675],[133.252758,35.570742],[133.25307,35.57065],[133.253145,35.570617],[133.253333,35.570775],[133.253508,35.570608],[133.253958,35.570367],[133.254208,35.570367],[133.254195,35.570592],[133.25437,35.570592],[133.254657,35.570392],[133.25472,35.569958],[133.254807,35.569825],[133.255432,35.569717],[133.255745,35.5697],[133.255982,35.569733],[133.256132,35.569825],[133.256157,35.569917],[133.256107,35.570108],[133.255807,35.570533],[133.255745,35.570692],[133.255845,35.570892],[133.25607,35.571092],[133.256232,35.571358],[133.256307,35.571575],[133.256595,35.571742],[133.256807,35.571908],[133.257357,35.572042],[133.257795,35.572233],[133.257995,35.5724],[133.258057,35.572617],[133.257995,35.572792],[133.257532,35.573275],[133.257357,35.573541],[133.257332,35.573641],[133.257582,35.573841],[133.257757,35.573841],[133.257945,35.573933],[133.258457,35.574783],[133.258644,35.57495],[133.258982,35.575083],[133.259007,35.575175],[133.259094,35.575241],[133.259457,35.575191],[133.259607,35.5751],[133.260007,35.575158],[133.260219,35.575158],[133.260557,35.574883],[133.261044,35.574975],[133.261332,35.574941],[133.261444,35.574825],[133.261669,35.574775],[133.261719,35.574791],[133.262169,35.574816],[133.262619,35.574716],[133.262932,35.5746],[133.263019,35.574608],[133.263444,35.574808],[133.263894,35.574908],[133.264044,35.574875],[133.264069,35.57435],[133.264257,35.574258],[133.264332,35.574133],[133.264219,35.5738],[133.264669,35.57235],[133.264807,35.5722],[133.265094,35.5722],[133.265582,35.572408],[133.265694,35.572558],[133.265644,35.572692],[133.265669,35.572775],[133.265744,35.57275],[133.265782,35.572908],[133.265732,35.573067],[133.265594,35.573133],[133.265319,35.573008],[133.265057,35.572842],[133.264994,35.572942],[133.265044,35.573008],[133.265581,35.573367],[133.265706,35.573658],[133.265294,35.573908],[133.265244,35.574083],[133.265281,35.575008],[133.265544,35.575758],[133.265519,35.575891],[133.265569,35.576325],[133.266094,35.577341],[133.266444,35.577825],[133.266719,35.578066],[133.266919,35.578183],[133.267081,35.578341],[133.267094,35.578483],[133.267269,35.578566],[133.267556,35.578583],[133.267819,35.578516],[133.267944,35.578366],[133.268081,35.578466],[133.268181,35.578483],[133.268606,35.578341],[133.268894,35.578141],[133.269131,35.578325],[133.269381,35.578333],[133.269543,35.578216],[133.269631,35.577975],[133.269506,35.577725],[133.269569,35.577266],[133.269656,35.5772],[133.269869,35.577316],[133.270006,35.577541],[133.269956,35.578316],[133.269868,35.578508],[133.269943,35.578725],[133.270106,35.578925],[133.270406,35.578766],[133.270693,35.578533],[133.270931,35.578516],[133.270943,35.578266],[133.270856,35.578091],[133.270868,35.578016],[133.271106,35.577958],[133.271493,35.577975],[133.271593,35.577941],[133.271731,35.577775],[133.271656,35.5769],[133.271956,35.576966],[133.272281,35.577158],[133.272468,35.577175],[133.272606,35.577033],[133.272743,35.576758],[133.273043,35.5767],[133.273143,35.576733],[133.273568,35.577225],[133.273531,35.577491],[133.273318,35.577558],[133.273418,35.5779],[133.273531,35.577991],[133.273656,35.577866],[133.273718,35.577625],[133.273906,35.577333],[133.274056,35.577283],[133.274193,35.577308],[133.274218,35.577241],[133.274156,35.577066],[133.274243,35.576991],[133.274793,35.576842],[133.274943,35.576675],[133.274781,35.576092],[133.274831,35.575842],[133.274981,35.575525],[133.274956,35.575358],[133.274731,35.575008],[133.274543,35.574608],[133.274281,35.574275],[133.274093,35.574192],[133.273493,35.573683],[133.274268,35.573833],[133.274481,35.573858],[133.274643,35.5738],[133.274693,35.573359],[133.274656,35.573],[133.274781,35.572967],[133.275043,35.573117],[133.275468,35.573967],[133.276268,35.574792],[133.276581,35.574958],[133.277018,35.574817],[133.277393,35.574283],[133.27793,35.574159],[133.278118,35.573959],[133.277943,35.573575],[133.277656,35.573292],[133.277818,35.573242],[133.277918,35.573142],[133.277881,35.572842],[133.278505,35.572684],[133.278768,35.572492],[133.278843,35.572325],[133.278755,35.572117],[133.278593,35.571942],[133.278793,35.571834],[133.278905,35.571817],[133.280043,35.572042],[133.280155,35.572],[133.280368,35.571817],[133.280493,35.571526],[133.281005,35.571492],[133.281305,35.571501],[133.281768,35.571809],[133.281818,35.571934],[133.281805,35.572134],[133.281493,35.572509],[133.281343,35.572509],[133.281218,35.5726],[133.280993,35.572592],[133.28098,35.572667],[133.281168,35.572784],[133.281193,35.572925],[133.280743,35.573209],[133.280743,35.573425],[133.280618,35.573592],[133.280205,35.573717],[133.27993,35.5736],[133.279768,35.5735],[133.27938,35.573717],[133.279168,35.573559],[133.279043,35.573625],[133.279105,35.5739],[133.279093,35.574109],[133.279405,35.5744],[133.279655,35.5743],[133.279555,35.5751],[133.279818,35.575667],[133.27968,35.575567],[133.27903,35.575508],[133.27878,35.575592],[133.278668,35.575717],[133.278918,35.576033],[133.279643,35.576517],[133.279255,35.576483],[133.279293,35.576583],[133.279518,35.576842],[133.27998,35.577208],[133.280355,35.577433],[133.281368,35.5778],[133.282018,35.578117],[133.282255,35.578183],[133.282492,35.578058],[133.282767,35.577742],[133.282792,35.577692],[133.283155,35.577775],[133.283505,35.577617],[133.283742,35.577658],[133.284042,35.577567],[133.284292,35.577283],[133.284417,35.577417],[133.284542,35.5775],[133.284692,35.577342],[133.284742,35.577075],[133.284692,35.576625],[133.284917,35.576442],[133.285155,35.576442],[133.285405,35.576533],[133.285517,35.576383],[133.28553,35.576167],[133.285755,35.575934],[133.285592,35.575775],[133.285642,35.575675],[133.286092,35.575834],[133.286355,35.57585],[133.286792,35.575642],[133.286955,35.575517],[133.287142,35.575525],[133.287317,35.575459],[133.287342,35.5754],[133.286742,35.575017],[133.286417,35.574784],[133.28628,35.574617],[133.28628,35.574509],[133.286417,35.574392],[133.286842,35.574384],[133.28728,35.574442],[133.287542,35.574567],[133.28788,35.574609],[133.288142,35.574792],[133.288442,35.574867],[133.288505,35.574859],[133.288605,35.574742],[133.28898,35.575059],[133.289605,35.575067],[133.289805,35.574834],[133.290055,35.574234],[133.290242,35.573909],[133.290292,35.573876],[133.290392,35.573942],[133.290479,35.574242],[133.290292,35.575042],[133.290417,35.575259],[133.290654,35.575275],[133.290954,35.575134],[133.291079,35.574975],[133.291179,35.574892],[133.291329,35.574892],[133.291392,35.5751],[133.291517,35.575217],[133.291792,35.57535],[133.292017,35.575625],[133.292267,35.575742],[133.292492,35.575917],[133.292417,35.575984],[133.292329,35.576159],[133.292342,35.576375],[133.292217,35.576534],[133.291842,35.576625],[133.291579,35.576625],[133.290992,35.576892],[133.290942,35.577375],[133.290979,35.577592],[133.291117,35.577767],[133.291479,35.577917],[133.292754,35.5778],[133.293892,35.577875],[133.294067,35.577842],[133.294204,35.577725],[133.294254,35.577559],[133.294192,35.577292],[133.293629,35.576809],[133.293379,35.576667],[133.293279,35.576492],[133.293242,35.5763],[133.293079,35.576],[133.293504,35.576042],[133.293654,35.5761],[133.294042,35.576325],[133.294367,35.576467],[133.294992,35.5765],[133.295079,35.576375],[133.295004,35.576175],[133.295417,35.57595],[133.295567,35.575825],[133.295579,35.575784],[133.295729,35.576184],[133.295929,35.576217],[133.296329,35.576167],[133.296666,35.576092],[133.297216,35.575834],[133.296841,35.575426],[133.296641,35.575492],[133.296529,35.575392],[133.296454,35.575092],[133.296154,35.574776],[133.296292,35.574634],[133.296442,35.574551],[133.296492,35.574417],[133.296404,35.574326],[133.296367,35.574242],[133.296554,35.574059],[133.296692,35.573834],[133.296817,35.573326],[133.296942,35.573234],[133.297429,35.573517],[133.297641,35.573684],[133.297929,35.573692],[133.298266,35.573601],[133.298479,35.573467],[133.298516,35.573143],[133.298416,35.572201],[133.297966,35.571293],[133.297966,35.571084],[133.298141,35.570976],[133.298416,35.571018],[133.298741,35.571184],[133.299329,35.571859],[133.299654,35.572376],[133.300029,35.572893],[133.299879,35.573801],[133.299979,35.574226],[133.300141,35.574484],[133.300291,35.574492],[133.300541,35.574384],[133.301016,35.574326],[133.301029,35.573917],[133.301116,35.573743],[133.301254,35.573626],[133.301529,35.573726],[133.301991,35.573693],[133.302829,35.573534],[133.303229,35.573501],[133.303504,35.573434],[133.303429,35.573184],[133.303679,35.572509],[133.303729,35.572259],[133.303654,35.572051],[133.303779,35.571718],[133.304004,35.571318],[133.304429,35.570876],[133.304604,35.570918],[133.304704,35.571135],[133.304591,35.571509],[133.304653,35.571918],[133.304916,35.572818],[133.305103,35.573043],[133.305478,35.573184],[133.305791,35.573209],[133.305978,35.573368],[133.305616,35.573551],[133.305391,35.573859],[133.305416,35.574559],[133.305453,35.574718],[133.305628,35.574759],[133.306016,35.574684],[133.306053,35.575134],[133.306178,35.575184],[133.306428,35.575084],[133.306678,35.575042],[133.306778,35.575159],[133.306678,35.575317],[133.306853,35.575642],[133.307153,35.575826],[133.307278,35.575984],[133.307591,35.576084],[133.307828,35.576059],[133.308141,35.575967],[133.308516,35.575617],[133.308766,35.575468],[133.308866,35.575276],[133.309365,35.575143],[133.309266,35.574459],[133.309553,35.574134],[133.309728,35.573768],[133.309628,35.573601],[133.310565,35.573151],[133.310853,35.572801],[133.311253,35.572426],[133.311503,35.572251],[133.311628,35.572218],[133.311978,35.572201],[133.312253,35.57216],[133.312303,35.572301],[133.31229,35.572485],[133.312603,35.57256],[133.312878,35.572518],[133.312903,35.57231],[133.313265,35.571976],[133.31339,35.57166],[133.31344,35.571393],[133.313553,35.571343],[133.313853,35.57131],[133.314353,35.570701],[133.314653,35.570551],[133.315015,35.570426],[133.315103,35.570227],[133.314978,35.570085],[133.314815,35.569968],[133.314853,35.569868],[133.315078,35.569993],[133.315415,35.570077],[133.31549,35.570002],[133.31559,35.569402],[133.31584,35.569802],[133.315903,35.570102],[133.316065,35.570193],[133.316615,35.569818],[133.31704,35.569802],[133.317552,35.56966],[133.317865,35.569668],[133.317927,35.569693],[133.318027,35.569952],[133.317927,35.570152],[133.318065,35.570243],[133.318702,35.570218],[133.319002,35.570027],[133.319265,35.570135],[133.319515,35.569868],[133.319852,35.569677],[133.320352,35.569627],[133.321002,35.569335],[133.321202,35.569402],[133.321677,35.569327],[133.322102,35.569185],[133.322602,35.568735],[133.322527,35.568893],[133.322714,35.569235],[133.323052,35.569202],[133.323214,35.569093],[133.323227,35.569135],[133.323077,35.569318],[133.323014,35.569543],[133.323327,35.569677],[133.323614,35.569627],[133.324052,35.569085],[133.324139,35.568327],[133.324189,35.56821],[133.324327,35.568269],[133.324489,35.568402],[133.324552,35.568385],[133.324727,35.568269],[133.324939,35.568194],[133.325702,35.568202],[133.325739,35.568452],[133.325714,35.568585],[133.325977,35.568668],[133.326302,35.568619],[133.326427,35.56846],[133.326264,35.568285],[133.326402,35.568094],[133.326727,35.567844],[133.326764,35.567594],[133.326677,35.567027],[133.325714,35.56591],[133.325314,35.56566],[133.325002,35.565535],[133.324427,35.565377],[133.324052,35.565144],[133.323352,35.564902],[133.322815,35.564519],[133.32259,35.564294],[133.322027,35.564286],[133.321765,35.564094],[133.32154,35.563569],[133.321377,35.563402],[133.321127,35.563252],[133.32029,35.563402],[133.32019,35.563361],[133.319815,35.562902],[133.319377,35.562644],[133.318702,35.562452],[133.318215,35.562394],[133.317815,35.562402],[133.317465,35.562452],[133.317215,35.562461],[133.316703,35.562177],[133.31609,35.561902],[133.315103,35.561677],[133.31419,35.561511],[133.31354,35.560919],[133.313215,35.560602],[133.312353,35.560261],[133.311491,35.560027],[133.311316,35.560036],[133.310953,35.559952],[133.310828,35.560161],[133.310803,35.560569],[133.310841,35.560919],[133.310816,35.561186],[133.310516,35.561502],[133.310203,35.562052],[133.309916,35.562311],[133.309478,35.562519],[133.308866,35.562627],[133.308378,35.562477],[133.308241,35.562286],[133.308228,35.562036],[133.308366,35.561677],[133.308578,35.561586],[133.308766,35.561561],[133.308941,35.561394],[133.308966,35.561277],[133.308291,35.560736],[133.308053,35.560577],[133.307816,35.560552],[133.307316,35.560619],[133.306879,35.560594],[133.306729,35.560536],[133.306729,35.560411],[133.306929,35.560252],[133.307478,35.559211],[133.307503,35.559119],[133.307253,35.559094],[133.307066,35.558811],[133.306829,35.558577],[133.306454,35.558427],[133.305966,35.558336],[133.305566,35.558227],[133.305266,35.558094],[133.304966,35.557869],[133.304879,35.557869],[133.304754,35.558036],[133.304516,35.558161],[133.304079,35.558119],[133.303679,35.558119],[133.303191,35.558319],[133.302791,35.558544],[133.302229,35.558277],[133.301879,35.558211],[133.301541,35.558202],[133.300892,35.558261],[133.300729,35.558194],[133.300217,35.557577],[133.299904,35.557369],[133.299642,35.557286],[133.299342,35.557311],[133.298942,35.557536],[133.298692,35.557852],[133.298542,35.558236],[133.298079,35.558536],[133.297942,35.558586],[133.297542,35.558619],[133.297167,35.558561],[133.296442,35.558252],[133.295779,35.558536],[133.295554,35.558577],[133.295055,35.558477],[133.294642,35.558486],[133.29428,35.558585],[133.293617,35.559119],[133.29343,35.559235],[133.293155,35.559285],[133.292867,35.55926],[133.292692,35.55921],[133.292092,35.558469],[133.291692,35.558302],[133.290892,35.558194],[133.29013,35.55816],[133.289867,35.55831],[133.289517,35.558735],[133.289155,35.558827],[133.289018,35.558735],[133.288855,35.558485],[133.288593,35.557894],[133.288318,35.55766],[133.287993,35.557619],[133.287668,35.557694],[133.287418,35.557869],[133.287193,35.55791],[133.286955,35.557785],[133.286768,35.557585],[133.28658,35.55726],[133.286418,35.557085],[133.286168,35.557094],[133.286105,35.557135],[133.286055,35.557344],[133.285705,35.557602],[133.28473,35.557219],[133.283768,35.556977],[133.283355,35.55691],[133.282943,35.55691],[133.282618,35.557052],[133.282256,35.557377],[133.282081,35.55751],[133.281731,35.557519],[133.281356,35.557419],[133.281031,35.557244],[133.280206,35.556535],[133.279768,35.556269],[133.278793,35.555994],[133.278318,35.555902],[133.278106,35.555919],[133.277106,35.55626],[133.276969,35.556277],[133.276694,35.556194],[133.276269,35.555952],[133.275994,35.555869],[133.275594,35.55591],[133.275356,35.555902],[133.274806,35.55576],[133.274444,35.55561],[133.274081,35.55551],[133.273694,35.555502],[133.272881,35.555677],[133.271906,35.555635],[133.271356,35.555693],[133.270444,35.555952],[133.270094,35.555927],[133.269057,35.555527],[133.268557,35.555452],[133.267744,35.555477],[133.267219,35.555402],[133.266694,35.55541],[133.265619,35.555627],[133.265132,35.555618],[133.264495,35.55546],[133.263982,35.555218],[133.26372,35.554985],[133.26337,35.554577],[133.262895,35.554143],[133.26242,35.554035],[133.261432,35.553943],[133.260895,35.553902],[133.260745,35.55386],[133.259807,35.553752],[133.258895,35.553593],[133.258358,35.553643],[133.25817,35.553702],[133.257658,35.553718],[133.257183,35.553693],[133.256945,35.553602],[133.256583,35.55341],[133.255995,35.553277],[133.25562,35.553302],[133.25537,35.553393],[133.255245,35.553518],[133.255183,35.553652],[133.253995,35.553902],[133.253333,35.553993],[133.25292,35.554018],[133.252658,35.553927],[133.252458,35.55391],[133.252521,35.553493],[133.252608,35.553018],[133.252571,35.55286],[133.252396,35.552727],[133.252046,35.552552],[133.251483,35.552385],[133.250246,35.552135],[133.249633,35.55186],[133.249021,35.551685],[133.248483,35.551752],[133.248133,35.551752],[133.247846,35.55171],[133.247733,35.551577],[133.24738,35.551329],[133.246908,35.55101],[133.246421,35.550943],[133.246096,35.550785],[133.245771,35.550568],[133.245371,35.550385],[133.243996,35.550243],[133.244709,35.549085],[133.244196,35.548985],[133.243146,35.548935],[133.242571,35.548952],[133.242084,35.548885],[133.240621,35.548869],[133.239509,35.54881],[133.239109,35.54876],[133.238559,35.548769],[133.238221,35.548802],[133.237796,35.548877],[133.237397,35.54891],[133.237209,35.54891],[133.236659,35.549002],[133.236384,35.54901],[133.235009,35.549218],[133.234584,35.549202],[133.234222,35.549235],[133.233709,35.54926],[133.232834,35.549152],[133.232322,35.54911],[133.231772,35.549018],[133.231234,35.548968],[133.230684,35.548968],[133.229459,35.548885],[133.228297,35.548835],[133.227809,35.548785],[133.226772,35.548585],[133.225547,35.54831],[133.225084,35.548218],[133.224159,35.548002],[133.223622,35.54791],[133.223035,35.547793],[133.222522,35.547743],[133.222397,35.547743],[133.221035,35.547302],[133.220535,35.547102],[133.219872,35.546877],[133.218935,35.54651],[133.21811,35.546077],[133.216797,35.54511],[133.21611,35.54466],[133.215735,35.544352],[133.215322,35.544118],[133.214897,35.543818],[133.214735,35.543677],[133.214647,35.543635],[133.214547,35.543527],[133.213935,35.543093],[133.213535,35.542843],[133.21311,35.542552],[133.21211,35.541835],[133.210873,35.541027],[133.20996,35.54036],[133.20956,35.540094],[133.208973,35.53976],[133.20846,35.53941],[133.207748,35.539094],[133.206961,35.538644],[133.206461,35.538294],[133.205973,35.537994],[133.204573,35.537202],[133.204036,35.536919],[133.203386,35.536552],[133.202849,35.536219],[133.202324,35.535952],[133.201724,35.535677],[133.201286,35.535419],[133.201149,35.535302],[133.201049,35.535252],[133.200986,35.535177],[133.200699,35.534402],[133.200486,35.533877],[133.200249,35.533402],[133.199774,35.532177],[133.198899,35.530327],[133.199024,35.530077],[133.198987,35.530011],[133.198762,35.529919],[133.198487,35.529619],[133.198299,35.529302],[133.198124,35.528936],[133.198087,35.528669],[133.198149,35.528377],[133.198187,35.528052],[133.198266,35.527617],[133.198362,35.527011],[133.1985,35.526311],[133.198712,35.525669],[133.198915,35.525322],[133.199137,35.524961],[133.2017,35.520387],[133.201825,35.52007],[133.202025,35.519729],[133.202537,35.51902],[133.2027,35.51857],[133.203112,35.517879],[133.203287,35.517671],[133.203375,35.517479],[133.203625,35.517146],[133.2039,35.516612],[133.204587,35.515521],[133.205137,35.514679],[133.2054,35.514246],[133.205837,35.513663],[133.206062,35.513304],[133.206812,35.512271],[133.207,35.511938],[133.20725,35.511621],[133.207325,35.511546],[133.207537,35.511155],[133.207712,35.510938],[133.207937,35.51053],[133.20805,35.510372],[133.208112,35.510313],[133.208262,35.510247],[133.208437,35.510088],[133.208537,35.509872],[133.212137,35.503131],[133.216412,35.495249],[133.222062,35.481417],[133.222499,35.480326],[133.226824,35.477135],[133.247384,35.462598],[133.261096,35.453121],[133.271996,35.446172],[133.292169,35.439081],[133.300631,35.436281],[133.308518,35.430924],[133.308681,35.430832],[133.315531,35.419575],[133.317818,35.414809],[133.318068,35.4144],[133.318306,35.41395],[133.318556,35.413459],[133.318843,35.412892],[133.319118,35.4125],[133.319393,35.412167],[133.319581,35.412009],[133.319806,35.411801],[133.319893,35.411701],[133.319968,35.411609],[133.319918,35.411451],[133.319918,35.411342],[133.320118,35.411051],[133.320256,35.410901],[133.320343,35.410776],[133.320456,35.410692],[133.320593,35.410634],[133.320606,35.410534],[133.320606,35.410251],[133.320568,35.409917],[133.320556,35.409526],[133.320556,35.409251],[133.320593,35.408834],[133.320606,35.408684],[133.320681,35.408493],[133.320843,35.408384],[133.321018,35.408234],[133.321168,35.408159],[133.321343,35.408051],[133.321443,35.407926],[133.321543,35.407834],[133.321606,35.407726],[133.321606,35.407609],[133.321481,35.407459],[133.321168,35.407243],[133.321068,35.407068],[133.321093,35.406851],[133.321131,35.406593],[133.321218,35.406384],[133.321293,35.406284],[133.321456,35.406076],[133.321493,35.405918],[133.321406,35.405618],[133.321318,35.405401],[133.321181,35.405085],[133.320931,35.404718],[133.320769,35.404468],[133.320606,35.404201],[133.320594,35.404018],[133.320631,35.403818],[133.320769,35.40361],[133.320806,35.403493],[133.320956,35.403235],[133.321094,35.403101],[133.321281,35.402935],[133.321356,35.402868],[133.321481,35.402651],[133.321519,35.402568],[133.321556,35.402435],[133.321581,35.402202],[133.321581,35.40211],[133.321594,35.40196],[133.321531,35.401793],[133.321531,35.401693],[133.321494,35.40141],[133.321494,35.401193],[133.321544,35.401077],[133.321569,35.400852],[133.321619,35.400618],[133.321656,35.400485],[133.321669,35.400418],[133.321619,35.400235],[133.321469,35.40011],[133.321369,35.400027],[133.321294,35.399918],[133.320931,35.39976],[133.320794,35.39976],[133.320569,35.399718],[133.320106,35.399577],[133.319956,35.399452],[133.319769,35.399244],[133.319869,35.399027],[133.320044,35.398769],[133.320056,35.398602],[133.320031,35.398469],[133.319906,35.398052],[133.319844,35.397785],[133.319831,35.397602],[133.319831,35.397369],[133.319981,35.397135],[133.320194,35.396827],[133.320369,35.39661],[133.320644,35.396377],[133.320919,35.396194],[133.321044,35.396052],[133.321106,35.395936],[133.321106,35.395844],[133.321081,35.395686],[133.321031,35.395552],[133.320969,35.395452],[133.320806,35.395336],[133.320531,35.395227],[133.320256,35.395119],[133.320044,35.395061],[133.319669,35.394552],[133.319457,35.394286],[133.319119,35.393952],[133.318894,35.393769],[133.318607,35.393611],[133.318207,35.393436],[133.318007,35.393461],[133.317544,35.393444],[133.317119,35.393419],[133.316744,35.393311],[133.316419,35.393069],[133.315919,35.392511],[133.315669,35.392244],[133.315419,35.392078],[133.315244,35.391919],[133.315157,35.391836],[133.315095,35.391628],[133.31512,35.391469],[133.31512,35.391386],[133.31512,35.391253],[133.315107,35.391186],[133.31512,35.391136],[133.31517,35.390986],[133.315145,35.390769],[133.315057,35.390511],[133.31497,35.390378],[133.314732,35.390078],[133.314495,35.389828],[133.314307,35.389594],[133.314195,35.389444],[133.314045,35.389178],[133.313895,35.388953],[133.313932,35.388678],[133.314095,35.38837],[133.314245,35.388136],[133.314257,35.38792],[133.314095,35.387753],[133.31382,35.387595],[133.313645,35.387461],[133.31362,35.387253],[133.313757,35.386928],[133.313857,35.38672],[133.314045,35.386661],[133.31437,35.386636],[133.314607,35.386686],[133.315057,35.386803],[133.315357,35.38687],[133.31562,35.386911],[133.315795,35.386886],[133.315895,35.38677],[133.31582,35.386495],[133.31547,35.386037],[133.315432,35.385837],[133.315482,35.385737],[133.31567,35.385612],[133.31592,35.385462],[133.31612,35.38527],[133.316457,35.384803],[133.316632,35.384645],[133.316745,35.384562],[133.31697,35.384512],[133.31727,35.384545],[133.317582,35.384537],[133.317882,35.384412],[133.31807,35.384162],[133.31817,35.383953],[133.31832,35.383862],[133.31852,35.383803],[133.318695,35.383703],[133.318907,35.383587],[133.319095,35.383304],[133.31912,35.382854],[133.31922,35.38222],[133.319332,35.381879],[133.319445,35.381612],[133.319545,35.381437],[133.31982,35.381179],[133.320057,35.380895],[133.320232,35.380704],[133.320395,35.380587],[133.320657,35.380512],[133.32092,35.380446],[133.321182,35.380312],[133.321245,35.380096],[133.321345,35.379846],[133.321807,35.379287],[133.321995,35.378979],[133.322107,35.378829],[133.322245,35.378679],[133.322432,35.378454],[133.322607,35.378262],[133.322807,35.378087],[133.32297,35.377996],[133.323232,35.377862],[133.323532,35.377679],[133.323645,35.377438],[133.323682,35.377121],[133.32367,35.376988],[133.323545,35.376521],[133.323457,35.376329],[133.323414,35.376141],[133.323407,35.375938],[133.32342,35.375796],[133.323495,35.375629],[133.323595,35.375396],[133.32372,35.375213],[133.323845,35.375038],[133.32402,35.374896],[133.32417,35.374688],[133.324332,35.374463],[133.324407,35.374354],[133.324432,35.374238],[133.324445,35.374204],[133.324445,35.373963],[133.324382,35.373804],[133.324245,35.373654],[133.323582,35.373363],[133.322432,35.372871],[133.321582,35.372604],[133.32112,35.372588],[133.320707,35.372604],[133.32037,35.372679],[133.319445,35.373021],[133.31907,35.373196],[133.318458,35.373404],[133.318245,35.372729],[133.318233,35.372438],[133.31832,35.372029],[133.31867,35.371671],[133.318945,35.370904],[133.31872,35.370388],[133.318695,35.370163],[133.318908,35.369913],[133.319095,35.36978],[133.319233,35.369621],[133.31932,35.369421],[133.319283,35.369196],[133.31892,35.368655],[133.318645,35.368363],[133.318483,35.368113],[133.318258,35.367896],[133.317883,35.367738],[133.31752,35.367671],[133.31687,35.367496],[133.316695,35.367313],[133.31662,35.367063],[133.316645,35.366796],[133.316608,35.366505],[133.316283,35.365805],[133.316108,35.36563],[133.315833,35.365538],[133.315458,35.365521],[133.314358,35.365546],[133.313921,35.365521],[133.313208,35.365555],[133.312383,35.365663],[133.311571,35.365871],[133.311208,35.365896],[133.310833,35.365871],[133.310171,35.365946],[133.309733,35.366171],[133.309246,35.366538],[133.308996,35.366579],[133.308746,35.366538],[133.308309,35.366246],[133.308259,35.366179],[133.307709,35.365846],[133.307734,35.365846],[133.307709,35.365796],[133.307759,35.365346],[133.307721,35.365055],[133.306921,35.36373],[133.306596,35.363346],[133.306071,35.362655],[133.305122,35.361013],[133.304522,35.359822],[133.304297,35.359555],[133.304072,35.35938],[133.303522,35.359088],[133.303172,35.358888],[133.302784,35.35873],[133.302759,35.35828],[133.302697,35.357339],[133.302559,35.357022],[133.302522,35.356822],[133.30236,35.356597],[133.30211,35.356397],[133.301835,35.356255],[133.301022,35.355972],[133.300885,35.355814],[133.300597,35.35523],[133.30046,35.354714],[133.300622,35.354214],[133.300597,35.353947],[133.300422,35.353722],[133.30001,35.353322],[133.299797,35.353206],[133.299022,35.352964],[133.298723,35.352714],[133.29811,35.351772],[133.29781,35.351147],[133.297423,35.350631],[133.296985,35.350181],[133.29641,35.349756],[133.296235,35.349531],[133.296136,35.349368],[133.296023,35.349131],[133.295911,35.348498],[133.295573,35.347215],[133.295461,35.347015],[133.295395,35.346815],[133.295373,35.346498],[133.295648,35.34609],[133.295948,35.345731],[133.296273,35.34559],[133.296523,35.345431],[133.296548,35.345256],[133.296461,35.34474],[133.296161,35.34409],[133.295911,35.343957],[133.295823,35.343932],[133.295686,35.343815],[133.295573,35.343615],[133.295636,35.34339],[133.295848,35.342873],[133.295786,35.342382],[133.295623,35.341973],[133.295286,35.34114],[133.295374,35.340674],[133.295674,35.340307],[133.295911,35.339899],[133.296161,35.339632],[133.296648,35.339407],[133.296836,35.339224],[133.297161,35.338657],[133.297249,35.33819],[133.297161,35.337874],[133.296824,35.337449],[133.296299,35.336591],[133.296274,35.336482],[133.296099,35.336449],[133.296074,35.336224],[133.296099,35.336024],[133.296261,35.335707],[133.296361,35.335324],[133.296199,35.334924],[133.295886,35.334383],[133.295836,35.334183],[133.295836,35.333533],[133.296074,35.333058],[133.296736,35.332424],[133.296761,35.331866],[133.296037,35.331175],[133.296149,35.3305],[133.295812,35.329958],[133.295837,35.32935],[133.295587,35.328883],[133.295562,35.328683],[133.295662,35.3283],[133.295637,35.327892],[133.295912,35.327192],[133.296212,35.326883],[133.296624,35.326725],[133.29709,35.326513],[133.297412,35.3262],[133.297662,35.325908],[133.297799,35.325617],[133.297937,35.325525],[133.298449,35.325275],[133.298512,35.325034],[133.298224,35.324692],[133.297312,35.323842],[133.296599,35.32315],[133.296099,35.322859],[133.295962,35.322184],[133.29585,35.321942],[133.295512,35.321759],[133.294962,35.321717],[133.294025,35.321184],[133.293562,35.320959],[133.292875,35.320801],[133.292625,35.320801],[133.292462,35.320709],[133.292562,35.320042],[133.29245,35.319593],[133.29245,35.319076],[133.292775,35.318509],[133.293075,35.318176],[133.293487,35.317901],[133.2939,35.317834],[133.2945,35.317609],[133.294725,35.317451],[133.295162,35.317001],[133.295512,35.316568],[133.295787,35.316076],[133.296662,35.315176],[133.296912,35.314727],[133.29735,35.314277],[133.297375,35.31396],[133.29775,35.31351],[133.298087,35.313193],[133.298712,35.312835],[133.298825,35.31256],[133.2986,35.312335],[133.298212,35.312069],[133.2981,35.311827],[133.29815,35.311602],[133.298587,35.311419],[133.299112,35.311302],[133.299587,35.311077],[133.29975,35.310827],[133.299662,35.310519],[133.2999,35.309927],[133.300375,35.309394],[133.301162,35.309077],[133.301275,35.308936],[133.30155,35.308244],[133.301487,35.307661],[133.3016,35.307436],[133.302037,35.307069],[133.302325,35.305636],[133.302625,35.305361],[133.3031,35.305228],[133.303287,35.305136],[133.303887,35.304978],[133.304362,35.304703],[133.304462,35.304545],[133.304825,35.304211],[133.305375,35.304028],[133.305625,35.304003],[133.30625,35.303803],[133.306824,35.303553],[133.306912,35.30342],[133.3066,35.302903],[133.3063,35.302611],[133.30605,35.301737],[133.305462,35.301195],[133.305237,35.300662],[133.304962,35.300237],[133.304,35.299312],[133.303687,35.298845],[133.303163,35.297904],[133.30275,35.297254],[133.302275,35.295887],[133.301963,35.295529],[133.300838,35.294696],[133.300288,35.294471],[133.300176,35.294454],[133.299788,35.293487],[133.299563,35.292654],[133.299526,35.291821],[133.299601,35.291488],[133.300176,35.290904],[133.300376,35.290854],[133.300975,35.290829],[133.301413,35.290696],[133.30155,35.290363],[133.301663,35.289913],[133.301963,35.289346],[133.301875,35.288921],[133.302613,35.288063],[133.302863,35.287838],[133.303325,35.28728],[133.303563,35.287097],[133.304113,35.286463],[133.304163,35.286305],[133.304138,35.28593],[133.304169,35.285531],[133.30435,35.285164],[133.304463,35.28458],[133.304788,35.28413],[133.3049,35.283655],[133.304975,35.283472],[133.306038,35.282639],[133.306675,35.282256],[133.307275,35.281939],[133.307438,35.281689],[133.307213,35.281331],[133.3068,35.280972],[133.30675,35.280731],[133.3071,35.280256],[133.307763,35.279623],[133.307975,35.279264],[133.308138,35.278548],[133.308163,35.278123],[133.308138,35.277981],[133.308463,35.277173],[133.3084,35.27659],[133.308613,35.275848],[133.308138,35.274998],[133.308225,35.274656],[133.308638,35.273898],[133.308825,35.273307],[133.308763,35.272257],[133.308788,35.27194],[133.309275,35.271515],[133.309113,35.270657],[133.309138,35.270457],[133.309738,35.269532],[133.309925,35.268699],[133.310025,35.268607],[133.310438,35.268407],[133.3106,35.267932],[133.309363,35.267374],[133.309175,35.267266],[133.308863,35.266841],[133.308588,35.266324],[133.307976,35.266074],[133.307151,35.265833],[133.306326,35.265699],[133.305676,35.265907],[133.305013,35.265866],[133.304676,35.265549],[133.304751,35.264783],[133.304726,35.264649],[133.304338,35.264291],[133.302551,35.263124],[133.302526,35.263174],[133.302076,35.263216],[133.301388,35.263383],[133.301013,35.263624],[133.300826,35.263991],[133.300576,35.264324],[133.300388,35.264349],[133.299588,35.264241],[133.299038,35.264416],[133.298538,35.264624],[133.297876,35.264466],[133.297001,35.264174],[133.296451,35.264266],[133.295814,35.264207],[133.295576,35.264141],[133.295339,35.263083],[133.295126,35.262791],[133.294539,35.262566],[133.294101,35.262208],[133.293689,35.261983],[133.293603,35.261996],[133.293347,35.26212],[133.293226,35.262074],[133.292889,35.261899],[133.292614,35.261541],[133.292501,35.261541],[133.292201,35.261424],[133.291726,35.260799],[133.291614,35.260774],[133.291151,35.261049],[133.290714,35.260941],[133.290026,35.261616],[133.289914,35.261633],[133.289839,35.261549],[133.289226,35.261141],[133.288376,35.260874],[133.288239,35.260924],[133.287914,35.261283],[133.287826,35.261324],[133.287001,35.261283],[133.286839,35.261241],[133.286501,35.261083],[133.286014,35.261041],[133.285327,35.261157],[133.284914,35.261357],[133.284364,35.261807],[133.283764,35.262191],[133.283302,35.262266],[133.283052,35.262241],[133.282277,35.262424],[133.281952,35.262307],[133.281564,35.262024],[133.281064,35.261891],[133.280577,35.261574],[133.280514,35.261482],[133.279989,35.261349],[133.279827,35.261241],[133.279852,35.260407],[133.279414,35.260074],[133.278964,35.259824],[133.278777,35.259357],[133.278734,35.259251],[133.278635,35.259164],[133.277589,35.258616],[133.276627,35.258191],[133.275764,35.257949],[133.275052,35.257924],[133.274202,35.258016],[133.273377,35.258199],[133.272752,35.258407],[133.271727,35.258499],[133.270902,35.258632],[133.269115,35.258866],[133.268902,35.258824],[133.268078,35.258757],[133.267303,35.258599],[133.26629,35.258624],[133.265653,35.258449],[133.264528,35.258382],[133.263015,35.25879],[133.262603,35.25884],[133.261566,35.259832],[133.261016,35.260282],[133.260441,35.26064],[133.259928,35.260865],[133.259203,35.260982],[133.258878,35.261273],[133.258307,35.261317],[133.257228,35.261082],[133.256491,35.260898],[133.255829,35.260565],[133.255079,35.26034],[133.253679,35.260123],[133.252766,35.259807],[133.252104,35.259365],[133.251304,35.258598],[133.250779,35.257815],[133.250617,35.25764],[133.250579,35.257282],[133.250329,35.256699],[133.249867,35.256357],[133.249254,35.256224],[133.248067,35.255374],[133.247388,35.254995],[133.246454,35.254849],[133.24588,35.254707],[133.245642,35.25459],[133.245605,35.25449],[133.24563,35.253765],[133.24523,35.253157],[133.244842,35.252815],[133.244405,35.252299],[133.243305,35.250407],[133.242855,35.250249],[133.242205,35.250074],[133.24143,35.250049],[133.24083,35.250257],[133.24038,35.250616],[133.240143,35.250774],[133.239968,35.250707],[133.238955,35.249807],[133.238518,35.249557],[133.23783,35.249516],[133.237355,35.249424],[133.236968,35.249157],[133.23648,35.249024],[133.236068,35.249107],[133.23573,35.249091],[133.235406,35.248841],[133.235018,35.248432],[133.234168,35.248074],[133.233868,35.247199],[133.233418,35.246857],[133.232818,35.246707],[133.232018,35.246616],[133.231443,35.246907],[133.231218,35.247107],[133.230918,35.247199],[133.229494,35.246957],[133.228556,35.246841],[133.227944,35.246866],[133.227619,35.247141],[133.227456,35.247632],[133.227269,35.248041],[133.226881,35.248332],[133.226494,35.248532],[133.226006,35.249165],[133.225594,35.249574],[133.225369,35.249549],[133.224931,35.24939],[133.224381,35.249257],[133.223831,35.249165],[133.223031,35.249165],[133.222369,35.24894],[133.222232,35.248832],[133.221682,35.248199],[133.221244,35.247549],[133.220857,35.247191],[133.220882,35.247166],[133.220244,35.246766],[133.219369,35.246357],[133.218407,35.246041],[133.217969,35.245866],[133.217282,35.245299],[133.216945,35.244899],[133.21557,35.244449],[133.215132,35.244132],[133.214832,35.243816],[133.21447,35.243524],[133.21307,35.242958],[133.212982,35.242599],[133.213007,35.242349],[133.212657,35.242041],[133.212157,35.241749],[133.21142,35.241633],[133.210533,35.241816],[133.209683,35.242066],[133.208695,35.242133],[133.207758,35.241999],[133.206445,35.242041],[133.206245,35.242024],[133.205645,35.241666],[133.205283,35.241258],[133.205033,35.241099],[133.203833,35.240991],[133.202971,35.240833],[133.202121,35.240633],[133.201458,35.240383],[133.200696,35.239908],[133.199946,35.239866],[133.198734,35.239916],[133.198184,35.239824],[133.197721,35.239216],[133.197446,35.239124],[133.196984,35.238699],[133.195884,35.238474],[133.195109,35.238274],[133.194946,35.238199],[133.194196,35.237549],[133.193596,35.237166],[133.193122,35.236675],[133.192847,35.2362],[133.192609,35.235866],[133.192409,35.235775],[133.192022,35.235775],[133.191697,35.235975],[133.191472,35.2362],[133.190597,35.236541],[133.189747,35.236766],[133.189497,35.236741],[133.188234,35.236183],[133.185097,35.23495],[133.184322,35.234766],[133.183697,35.234791],[133.183472,35.234833],[133.183035,35.234833],[133.18246,35.234516],[133.18191,35.23445],[133.181547,35.234316],[133.180448,35.233416],[133.179685,35.233033],[133.178335,35.232],[133.17811,35.231616],[133.177898,35.231125],[133.177448,35.23045],[133.17731,35.230358],[133.176073,35.23],[133.174586,35.229658],[133.173486,35.229367],[133.172061,35.229075],[133.171836,35.229008],[133.171598,35.228783],[133.171561,35.228492],[133.171736,35.22815],[133.172061,35.2277],[133.172423,35.2273],[133.172423,35.22725],[133.171873,35.227275],[133.171323,35.227167],[133.170774,35.226783],[133.170661,35.226642],[133.170361,35.226442],[133.169399,35.2264],[133.168949,35.226308],[133.168574,35.2257],[133.168099,35.225225],[133.167224,35.224892],[133.166649,35.224759],[133.166124,35.224467],[133.165461,35.223809],[133.163287,35.222592],[133.162962,35.222934],[133.162624,35.223384],[133.162274,35.223609],[133.162187,35.223634],[133.161837,35.223384],[133.161587,35.223],[133.161012,35.222917],[133.159987,35.2228],[133.158912,35.222575],[133.158012,35.222334],[133.157437,35.222084],[133.156912,35.221725],[133.155812,35.221209],[133.155587,35.220667],[133.155512,35.220059],[133.155337,35.219425],[133.155262,35.219267],[133.154825,35.219017],[133.154687,35.218976],[133.153937,35.218976],[133.153362,35.219092],[133.152837,35.219109],[133.152625,35.218959],[133.15245,35.218576],[133.15245,35.218034],[133.152512,35.217626],[133.1524,35.217284],[133.152262,35.217134],[133.151763,35.216817],[133.151688,35.216792],[133.151625,35.216592],[133.151688,35.216159],[133.151688,35.215842],[133.151488,35.215376],[133.151438,35.215076],[133.15155,35.214451],[133.151825,35.214043],[133.151963,35.213726],[133.15155,35.213143],[133.151438,35.212718],[133.151875,35.21226],[133.15245,35.21156],[133.152675,35.211043],[133.152975,35.210526],[133.153388,35.210051],[133.153475,35.209801],[133.153275,35.209268],[133.15275,35.208252],[133.152313,35.207577],[133.151963,35.207302],[133.151488,35.207102],[133.151138,35.20701],[133.151075,35.206852],[133.1511,35.206627],[133.1513,35.206468],[133.15165,35.206269],[133.151763,35.206135],[133.152063,35.205252],[133.15245,35.204644],[133.15275,35.203877],[133.152888,35.20381],[133.15305,35.203835],[133.153325,35.20406],[133.153663,35.204219],[133.153775,35.204219],[133.154263,35.203694],[133.15495,35.203177],[133.155388,35.203219],[133.156025,35.203919],[133.156413,35.204102],[133.156825,35.204102],[133.157312,35.203944],[133.157887,35.203919],[133.15825,35.204052],[133.158412,35.204302],[133.158437,35.20471],[133.158612,35.20511],[133.159075,35.205627],[133.159487,35.206194],[133.1596,35.206419],[133.159875,35.206619],[133.160362,35.206577],[133.1613,35.206352],[133.162262,35.206369],[133.162512,35.20646],[133.162812,35.206644],[133.163062,35.206644],[133.163766,35.206566],[133.164137,35.206619],[133.164299,35.206727],[133.164762,35.206777],[133.165099,35.207002],[133.165537,35.207544],[133.165949,35.207627],[133.166474,35.207544],[133.166824,35.20761],[133.167162,35.207769],[133.167262,35.207852],[133.167649,35.208685],[133.167924,35.209118],[133.168424,35.209343],[133.168886,35.209385],[133.169111,35.209252],[133.169186,35.208935],[133.169436,35.208685],[133.170011,35.208577],[133.171111,35.20866],[133.171799,35.208752],[133.172049,35.208685],[133.172211,35.208302],[133.172374,35.207177],[133.172574,35.206769],[133.173086,35.206319],[133.173424,35.20571],[133.173886,35.205436],[133.175624,35.205169],[133.176248,35.205186],[133.176686,35.204986],[133.177598,35.204311],[133.178061,35.203861],[133.178286,35.203253],[133.178698,35.202911],[133.179498,35.202753],[133.180211,35.202728],[133.180423,35.202769],[133.180736,35.202661],[133.181311,35.202186],[133.182486,35.200853],[133.182573,35.200453],[133.182573,35.199953],[133.182786,35.199662],[133.183311,35.199212],[133.183636,35.198762],[133.183911,35.198129],[133.184136,35.196912],[133.184511,35.195804],[133.184623,35.195512],[133.184548,35.195046],[133.183998,35.194321],[133.183498,35.193762],[133.183086,35.193221],[133.182998,35.193063],[133.182923,35.192563],[133.182923,35.192046],[133.182973,35.191529],[133.182886,35.191079],[133.182698,35.190605],[133.182586,35.190038],[133.181924,35.18898],[133.181924,35.18858],[133.182149,35.188038],[133.183086,35.187222],[133.183386,35.186772],[133.183824,35.186438],[133.184536,35.185964],[133.185224,35.185239],[133.185611,35.185105],[133.187998,35.185189],[133.188686,35.185081],[133.189236,35.184739],[133.189486,35.184089],[133.189998,35.183048],[133.190198,35.182173],[133.190711,35.181656],[133.190773,35.181248],[133.190636,35.180773],[133.190548,35.180615],[133.190498,35.180231],[133.190711,35.180123],[133.191511,35.180006],[133.191811,35.17974],[133.192798,35.178273],[133.193373,35.177823],[133.193573,35.177615],[133.193736,35.177232],[133.193736,35.17674],[133.193561,35.175274],[133.193598,35.174174],[133.193486,35.173024],[133.193586,35.172416],[133.193786,35.171916],[133.193761,35.171241],[133.193949,35.170924],[133.194774,35.170183],[133.194849,35.170066],[133.194936,35.169833],[133.194899,35.169691],[133.194874,35.169533],[133.194811,35.169308],[133.194761,35.169158],[133.194711,35.169016],[133.194561,35.168741],[133.193799,35.167783],[133.193511,35.167408],[133.193299,35.167091],[133.193249,35.166975],[133.193261,35.166833],[133.193599,35.165866],[133.193699,35.1656],[133.193711,35.165483],[133.193674,35.165366],[133.193186,35.165033],[133.192974,35.16485],[133.192674,35.164466],[133.192636,35.164366],[133.192611,35.16425],[133.192561,35.164191],[133.192474,35.164066],[133.192074,35.163808],[133.191986,35.163716],[133.191936,35.163592],[133.191949,35.16355],[133.191937,35.1632],[133.191962,35.163025],[133.191962,35.162925],[133.191899,35.162808],[133.191812,35.162692],[133.191349,35.162225],[133.191187,35.1621],[133.191012,35.161983],[133.190787,35.161908],[133.190124,35.161567],[133.189912,35.161533],[133.189737,35.161542],[133.189449,35.1616],[133.188737,35.161792],[133.188487,35.161633],[133.188249,35.161167],[133.188037,35.160642],[133.187949,35.160517],[133.187574,35.160208],[133.187087,35.159617],[133.186899,35.1594],[133.186749,35.1593],[133.186524,35.1592],[133.18575,35.158859],[133.185187,35.158734],[133.185012,35.158642],[133.18465,35.15825],[133.1844,35.157767],[133.184362,35.157475],[133.184325,35.157225],[133.184187,35.156984],[133.1841,35.156884],[133.183887,35.156717],[133.183612,35.15655],[133.183337,35.156417],[133.18315,35.156359],[133.18285,35.156425],[133.18265,35.15645],[133.182525,35.156467],[133.182462,35.156459],[133.182375,35.15645],[133.182287,35.156409],[133.18215,35.156375],[133.181925,35.156309],[133.181337,35.156159],[133.180825,35.156034],[133.180463,35.155934],[133.180125,35.155867],[133.179963,35.155817],[133.179625,35.155817],[133.178525,35.155942],[133.177788,35.155825],[133.177575,35.155775],[133.177338,35.155684],[133.176388,35.154834],[133.175813,35.1545],[133.175563,35.154359],[133.175263,35.1543],[133.174638,35.154325],[133.174376,35.154375],[133.174076,35.154325],[133.173688,35.154192],[133.173576,35.154117],[133.173376,35.154025],[133.173063,35.153942],[133.172676,35.153934],[133.172538,35.1539],[133.172238,35.153825],[133.170876,35.153534],[133.170651,35.153475],[133.170288,35.1533],[133.170101,35.153184],[133.169938,35.153076],[133.169326,35.152601],[133.169164,35.152484],[133.168951,35.152392],[133.168676,35.152326],[133.168364,35.152209],[133.168176,35.151851],[133.168026,35.151484],[133.167914,35.151259],[133.167851,35.151126],[133.167814,35.150984],[133.167739,35.150901],[133.166876,35.150259],[133.166676,35.150043],[133.166564,35.149893],[133.166526,35.149818],[133.166251,35.149393],[133.166139,35.149243],[133.166064,35.149168],[133.165989,35.149118],[133.165927,35.149118],[133.165739,35.149093],[133.165289,35.149068],[133.164589,35.149018],[133.164252,35.148968],[133.164014,35.148943],[133.163127,35.148801],[133.162927,35.148734],[133.162302,35.148409],[133.162139,35.148334],[133.161989,35.148334],[133.161864,35.148376],[133.161689,35.148459],[133.161439,35.148651],[133.161339,35.148718],[133.161102,35.148876],[133.160652,35.149143],[133.160227,35.149234],[133.159902,35.149259],[133.159377,35.149218],[133.158727,35.149101],[133.158015,35.149018],[133.157627,35.148976],[133.157427,35.148884],[133.157302,35.148818],[133.157215,35.148726],[133.157152,35.148626],[133.157052,35.148459],[133.156852,35.148376],[133.156352,35.148284],[133.156027,35.148193],[133.155728,35.148026],[133.155478,35.147834],[133.155215,35.147501],[133.155103,35.147326],[133.155053,35.147159],[133.155065,35.146826],[133.15514,35.146476],[133.155553,35.145976],[133.155578,35.145835],[133.155428,35.145585],[133.155328,35.145418],[133.155253,35.14506],[133.155178,35.144618],[133.155128,35.144235],[133.15504,35.144118],[133.155015,35.14406],[133.154953,35.143968],[133.15469,35.14376],[133.154015,35.143693],[133.153378,35.143343],[133.152903,35.143002],[133.152353,35.14261],[133.152016,35.142402],[133.151728,35.142227],[133.151341,35.142102],[133.151091,35.141985],[133.151016,35.141935],[133.150691,35.141527],[133.149841,35.140869],[133.149754,35.14081],[133.149391,35.14061],[133.149304,35.140544],[133.148904,35.140269],[133.148691,35.140177],[133.148554,35.140127],[133.148466,35.140019],[133.148404,35.139869],[133.148391,35.139794],[133.148379,35.139669],[133.148379,35.13901],[133.148366,35.138852],[133.148354,35.138694],[133.148341,35.138577],[133.148316,35.138477],[133.148116,35.138152],[133.147991,35.137844],[133.148116,35.137619],[133.148191,35.137552],[133.148291,35.137477],[133.148516,35.137302],[133.148591,35.137186],[133.148566,35.137111],[133.148416,35.137011],[133.148154,35.136852],[133.147392,35.136344],[133.147042,35.136086],[133.146929,35.136036],[133.146742,35.135877],[133.146679,35.135644],[133.146642,35.135286],[133.146629,35.135044],[133.146629,35.134969],[133.146729,35.134511],[133.146754,35.134319],[133.146754,35.134019],[133.146604,35.133428],[133.146554,35.133169],[133.146304,35.132736],[133.145879,35.132211],[133.145529,35.131944],[133.14528,35.131736],[133.145192,35.131553],[133.145117,35.131345],[133.145142,35.131128],[133.145592,35.13022],[133.14563,35.130103],[133.14563,35.129786],[133.145655,35.12972],[133.145667,35.129545],[133.14568,35.12947],[133.145692,35.129236],[133.14573,35.128961],[133.145917,35.128278],[133.145942,35.128153],[133.146105,35.12747],[133.146167,35.127103],[133.146205,35.126828],[133.146167,35.126437],[133.146155,35.12622],[133.14603,35.125695],[133.146017,35.12542],[133.146017,35.125145],[133.146067,35.124928],[133.146142,35.12462],[133.146217,35.124495],[133.14628,35.12432],[133.146405,35.124079],[133.14648,35.123962],[133.14663,35.123695],[133.146605,35.12362],[133.146517,35.123554],[133.146442,35.123529],[133.145992,35.123304],[133.145792,35.123229],[133.145692,35.123162],[133.145592,35.123054],[133.14548,35.122695],[133.145455,35.122595],[133.145442,35.122545],[133.14543,35.122429],[133.145305,35.122129],[133.145093,35.121729],[133.145005,35.12162],[133.144943,35.121579],[133.14483,35.121495],[133.144155,35.121304],[133.143643,35.121229],[133.14338,35.121204],[133.143305,35.121204],[133.143105,35.121154],[133.142943,35.121037],[133.142818,35.12087],[133.142655,35.120637],[133.142605,35.120471],[133.14253,35.120162],[133.14248,35.119971],[133.142493,35.119879],[133.14248,35.119587],[133.14248,35.119271],[133.142455,35.119104],[133.142368,35.119021],[133.142068,35.118871],[133.141156,35.118487],[133.140243,35.118237],[133.140218,35.118196],[133.140206,35.117846],[133.140331,35.117112],[133.140556,35.116488],[133.140793,35.115963],[133.140868,35.115846],[133.140968,35.115721],[133.141368,35.115363],[133.141393,35.114971],[133.141431,35.114746],[133.141568,35.114238],[133.141643,35.11388],[133.141693,35.11373],[133.141781,35.113438],[133.141868,35.113263],[133.141993,35.112988],[133.142018,35.112921],[133.142131,35.112755],[133.142318,35.11263],[133.143168,35.11248],[133.143318,35.112363],[133.143293,35.112105],[133.143281,35.111955],[133.143318,35.11178],[133.143493,35.11163],[133.143768,35.111505],[133.144056,35.111363],[133.144168,35.111288],[133.144243,35.110955],[133.144368,35.110272],[133.144381,35.109972],[133.144431,35.10968],[133.144481,35.109522],[133.144568,35.109272],[133.144693,35.108988],[133.144718,35.108905],[133.144743,35.108813],[133.144868,35.108322],[133.144893,35.108205],[133.144868,35.108072],[133.144793,35.107955],[133.144806,35.107855],[133.145193,35.107372],[133.145318,35.107172],[133.145381,35.107014],[133.145406,35.106847],[133.145331,35.106689],[133.145318,35.106647],[133.145293,35.106564],[133.145293,35.10648],[133.145343,35.106297],[133.145593,35.105505],[133.145518,35.10503],[133.145381,35.104722],[133.145056,35.104356],[133.144956,35.104247],[133.144768,35.104114],[133.144518,35.103989],[133.144306,35.103897],[133.144081,35.103789],[133.143618,35.103647],[133.143493,35.103589],[133.143069,35.103272],[133.142881,35.103106],[133.142719,35.102914],[133.142656,35.102789],[133.142581,35.102647],[133.142544,35.102397],[133.142469,35.102181],[133.142356,35.101923],[133.142256,35.101773],[133.141931,35.101398],[133.141556,35.101064],[133.141406,35.100939],[133.140631,35.100414],[133.140131,35.100164],[133.140044,35.100139],[133.139856,35.100064],[133.139781,35.099939],[133.139694,35.099689],[133.139656,35.099498],[133.139619,35.09924],[133.139631,35.099123],[133.139744,35.098906],[133.139919,35.098681],[133.140081,35.098515],[133.140306,35.098365],[133.140481,35.098315],[133.141044,35.098248],[133.141106,35.098198],[133.141044,35.097723],[133.140931,35.097381],[133.140719,35.097181],[133.140532,35.097073],[133.139869,35.096557],[133.139669,35.096365],[133.139444,35.096215],[133.139269,35.096148],[133.138632,35.095857],[133.138582,35.09579],[133.138507,35.095632],[133.138507,35.09549],[133.138557,35.09524],[133.138644,35.094848],[133.138844,35.09424],[133.138832,35.09414],[133.138707,35.093857],[133.138332,35.093324],[133.138207,35.093224],[133.137944,35.093132],[133.137844,35.093024],[133.137794,35.092907],[133.137819,35.092707],[133.137907,35.09219],[133.137907,35.091965],[133.137882,35.091857],[133.137857,35.091765],[133.137745,35.091524],[133.137657,35.09139],[133.13752,35.091274],[133.13687,35.091007],[133.13662,35.090732],[133.136607,35.090657],[133.136632,35.090491],[133.136695,35.090341],[133.136782,35.090207],[133.136907,35.090107],[133.137345,35.089791],[133.137445,35.089716],[133.13757,35.089624],[133.137657,35.089507],[133.137657,35.089366],[133.13762,35.089249],[133.137557,35.089174],[133.137445,35.089099],[133.13722,35.088974],[133.137032,35.088882],[133.136807,35.088816],[133.13672,35.088757],[133.136632,35.088708],[133.136745,35.088641],[133.137657,35.088274],[133.137795,35.088174],[133.138007,35.088008],[133.138057,35.087933],[133.138107,35.087741],[133.138082,35.087558],[133.137982,35.087158],[133.137932,35.087041],[133.137795,35.086724],[133.13762,35.086508],[133.13742,35.086399],[133.137282,35.086016],[133.137257,35.085183],[133.137282,35.085075],[133.13742,35.084916],[133.13772,35.084825],[133.13802,35.084783],[133.138382,35.084491],[133.138595,35.084375],[133.13937,35.084283],[133.13947,35.084175],[133.139645,35.0839],[133.139907,35.083025],[133.14027,35.082867],[133.141057,35.082792],[133.14142,35.082725],[133.141557,35.082567],[133.141482,35.082183],[133.141795,35.08155],[133.14207,35.081308],[133.142095,35.081192],[133.14207,35.08115],[133.141482,35.081192],[133.141195,35.081042],[133.141032,35.080817],[133.140895,35.080367],[133.14067,35.080092],[133.14042,35.08],[133.139795,35.079842],[133.139433,35.079509],[133.139408,35.079175],[133.13972,35.078975],[133.139783,35.078675],[133.139758,35.078592],[133.139783,35.078367],[133.140158,35.078225],[133.140308,35.078117],[133.14042,35.0778],[133.140595,35.077759],[133.14077,35.07755],[133.140933,35.0773],[133.140983,35.077034],[133.140908,35.076651],[133.14112,35.076467],[133.141233,35.076401],[133.141233,35.076326],[133.141133,35.076201],[133.141045,35.076176],[133.14082,35.076017],[133.14082,35.075951],[133.140595,35.075617],[133.140158,35.075659],[133.139533,35.075817],[133.139283,35.075709],[133.138771,35.075601],[133.138396,35.075192],[133.138108,35.075009],[133.137996,35.074809],[133.137833,35.074626],[133.137583,35.074517],[133.136821,35.074451],[133.136346,35.074342],[133.136321,35.074251],[133.135609,35.074326],[133.135059,35.074617],[133.134684,35.075201],[133.134646,35.075292],[133.134096,35.075701],[133.134021,35.075876],[133.134021,35.076151],[133.133946,35.076259],[133.133671,35.076192],[133.132871,35.075909],[133.132183,35.075817],[133.131221,35.075842],[133.130783,35.076001],[133.130521,35.076276],[133.130183,35.076342],[133.129958,35.076184],[133.129883,35.076159],[133.129683,35.076201],[133.129471,35.076426],[133.129133,35.076584],[133.128896,35.076659],[133.127958,35.076592],[133.127471,35.076634],[133.126883,35.076726],[133.126371,35.076867],[133.126258,35.076959],[133.126233,35.077159],[133.126296,35.077859],[133.126071,35.078692],[133.125996,35.079475],[133.126046,35.080309],[133.125908,35.080625],[133.125633,35.080833],[133.12532,35.081367],[133.12512,35.081458],[133.124408,35.081558],[133.12407,35.081625],[133.123783,35.081783],[133.123645,35.081958],[133.123508,35.082208],[133.122595,35.083292],[133.122398,35.08329],[133.122233,35.083333],[133.122133,35.083475],[133.122108,35.083925],[133.121833,35.084058],[133.120683,35.084441],[133.120545,35.084416],[133.119796,35.084575],[133.119421,35.084891],[133.119196,35.084941],[133.118296,35.084824],[133.117933,35.084849],[133.115746,35.084858],[133.114883,35.084924],[133.114608,35.084858],[133.114221,35.084024],[133.113783,35.083808],[133.113508,35.084033],[133.113621,35.084474],[133.113621,35.084858],[133.113321,35.085374],[133.112921,35.085624],[133.111346,35.085557],[133.111046,35.085408],[133.110746,35.084983],[133.110334,35.084691],[133.109721,35.084333],[133.108984,35.083991],[133.108134,35.083549],[133.107246,35.082741],[133.106646,35.082333],[133.106446,35.082383],[133.105821,35.082741],[133.105059,35.082949],[133.104096,35.082857],[133.103209,35.082682],[133.102609,35.082707],[133.102247,35.082391],[133.101672,35.082366],[133.100822,35.082641],[133.100247,35.082866],[133.099784,35.083291],[133.099459,35.083791],[133.098972,35.084665],[133.098609,35.08494],[133.098447,35.084649],[133.098084,35.084265],[133.097272,35.084399],[133.096972,35.084899],[133.096447,35.08539],[133.096034,35.085299],[133.095097,35.084632],[133.094272,35.084474],[133.093284,35.084565],[133.093122,35.084049],[133.093122,35.083824],[133.092947,35.083357],[133.092622,35.083149],[133.092047,35.082907],[133.09136,35.082657],[133.09061,35.082257],[133.089922,35.081832],[133.089047,35.081224],[133.088822,35.081157],[133.088222,35.080599],[133.087673,35.079974],[133.087198,35.079274],[133.086673,35.078649],[133.08601,35.077999],[133.085548,35.078041],[133.084923,35.078474],[133.084423,35.079032],[133.08346,35.07924],[133.082835,35.079649],[133.082261,35.079957],[133.081111,35.080524],[133.080311,35.080682],[133.079911,35.080665],[133.078948,35.08069],[133.077624,35.080957],[133.077161,35.081274],[133.075924,35.081299],[133.075274,35.08119],[133.075299,35.081215],[133.074474,35.081123],[133.073874,35.081282],[133.073162,35.081782],[133.072499,35.082073],[133.071924,35.082165],[133.071187,35.082207],[133.070687,35.08194],[133.070362,35.081607],[133.069675,35.08104],[133.069112,35.08019],[133.068813,35.079899],[133.068075,35.07979],[133.067638,35.080015],[133.0675,35.080574],[133.067175,35.080757],[133.0664,35.080782],[133.065275,35.08074],[133.064588,35.08099],[133.063551,35.081099],[133.062888,35.081015],[133.061876,35.080949],[133.061389,35.08099],[133.060889,35.081357],[133.060726,35.081332],[133.060089,35.081157],[133.059901,35.080974],[133.059676,35.080482],[133.059651,35.080349],[133.058627,35.078524],[133.058002,35.077924],[133.057227,35.077432],[133.056752,35.076799],[133.056564,35.076216],[133.05629,35.075766],[133.054965,35.074916],[133.054777,35.074424],[133.054765,35.074041],[133.054602,35.073324],[133.054303,35.072875],[133.054303,35.072583],[133.054128,35.072291],[133.053528,35.071683],[133.053203,35.071441],[133.052365,35.070342],[133.05234,35.070158],[133.052091,35.0698],[133.051516,35.069558],[133.049541,35.069084],[133.048716,35.068725],[133.048379,35.068684],[133.047804,35.068667],[133.047529,35.06855],[133.046679,35.06835],[133.045891,35.068467],[133.044979,35.068734],[133.044766,35.0686],[133.044129,35.068067],[133.043467,35.067659],[133.042542,35.067684],[133.042179,35.06775],[133.041054,35.067758],[133.038392,35.067983],[133.037292,35.067967],[133.035767,35.068192],[133.033568,35.068266],[133.033043,35.068491],[133.032643,35.069075],[133.032255,35.06975],[133.032093,35.0702],[133.032117,35.070833],[133.032067,35.071641],[133.031792,35.072316],[133.031355,35.072966],[133.030867,35.073324],[133.030817,35.073324],[133.03068,35.073399],[133.028643,35.073533],[133.028018,35.073783],[133.02758,35.074349],[133.026318,35.075249],[133.02618,35.075382],[133.026218,35.076241],[133.02613,35.076757],[133.025205,35.077524],[133.024543,35.07779],[133.024155,35.077857],[133.023468,35.077815],[133.023168,35.077774],[133.022293,35.077774],[133.021306,35.077957],[133.020618,35.077915],[133.020106,35.078274],[133.019743,35.078632],[133.018943,35.078699],[133.018268,35.07879],[133.017468,35.078415],[133.016831,35.078365],[133.016506,35.078299],[133.016281,35.078732],[133.016206,35.079115],[133.016181,35.080098],[133.016131,35.08039],[133.015881,35.080532],[133.015281,35.080665],[133.014731,35.080865],[133.014593,35.081456],[133.014618,35.081523],[133.015693,35.081881],[133.015918,35.082015],[133.015943,35.082415],[133.015918,35.083181],[133.015756,35.083498],[133.015531,35.083764],[133.015531,35.084106],[133.015431,35.084506],[133.015481,35.084639],[133.016006,35.085206],[133.01593,35.085922],[133.015755,35.086106],[133.015455,35.086347],[133.015405,35.086506],[133.015105,35.087081],[133.014705,35.087547],[133.014618,35.087689],[133.014068,35.087889],[133.013905,35.087889],[133.013281,35.088005],[133.012531,35.088322],[133.011606,35.088864],[133.010893,35.08913],[133.010231,35.089205],[133.009543,35.08918],[133.009106,35.089272],[133.008668,35.089547],[133.008181,35.089997],[133.007581,35.090422],[133.007193,35.090355],[133.006643,35.09018],[133.005568,35.09043],[133.004506,35.090297],[133.003681,35.090305],[133.003356,35.090597],[133.003381,35.09158],[133.003331,35.09248],[133.003256,35.093113],[133.003168,35.093221],[133.002156,35.09323],[133.002068,35.093296],[133.001856,35.093721],[133.001781,35.094213],[133.002081,35.095429],[133.001918,35.095588],[133.001706,35.095613],[133.000881,35.095813],[133.000606,35.096221],[133.000493,35.096779],[133.000306,35.097121],[132.999956,35.097321],[132.998143,35.097371],[132.997818,35.097662],[132.997618,35.098362],[132.997418,35.098493],[132.997393,35.098454],[132.996643,35.098529],[132.995856,35.098346],[132.994381,35.097796],[132.994118,35.097754],[132.993294,35.097946],[132.992269,35.098254],[132.992156,35.098796],[132.992094,35.099496],[132.991644,35.100104],[132.991244,35.100821],[132.990819,35.101379],[132.990818,35.101412],[132.989594,35.100829],[132.988456,35.100704],[132.987306,35.100712],[132.987044,35.100612],[132.986544,35.100179],[132.985731,35.099962],[132.984769,35.099421],[132.983794,35.098738],[132.982732,35.097913],[132.982132,35.097163],[132.981994,35.096405],[132.981382,35.095655],[132.980132,35.094246],[132.97987,35.093447],[132.979007,35.092297],[132.978682,35.091205],[132.978757,35.09003],[132.978632,35.08913],[132.97857,35.088347],[132.97882,35.087664],[132.979295,35.087147],[132.979795,35.086739],[132.97872,35.086781],[132.978095,35.086614],[132.977945,35.086506],[132.977283,35.086197],[132.976783,35.085581],[132.97542,35.084847],[132.97502,35.084181],[132.974933,35.083464],[132.974471,35.082939],[132.974108,35.082706],[132.973246,35.082381],[132.972183,35.081873],[132.971721,35.081706],[132.970408,35.081489],[132.968971,35.081181],[132.967859,35.081198],[132.967446,35.081239],[132.967046,35.080764],[132.965734,35.079689],[132.964721,35.079614],[132.963222,35.079373],[132.962397,35.079356],[132.961547,35.079039],[132.960359,35.078723],[132.959397,35.078439],[132.957759,35.078106],[132.957009,35.077881],[132.955835,35.078214],[132.95496,35.078114],[132.954222,35.077764],[132.953172,35.077498],[132.952472,35.077189],[132.951872,35.076889],[132.95126,35.076839],[132.950723,35.076331],[132.95046,35.075423],[132.950223,35.075364],[132.948473,35.075656],[132.947485,35.075873],[132.94661,35.076414],[132.945685,35.076848],[132.944535,35.077506],[132.943811,35.078064],[132.943523,35.078597],[132.943086,35.079114],[132.941123,35.079822],[132.940573,35.080064],[132.940211,35.080539],[132.939673,35.080706],[132.938948,35.081172],[132.938686,35.08138],[132.937899,35.081489],[132.937261,35.081205],[132.937011,35.081164],[132.936236,35.081789],[132.936136,35.082039],[132.935611,35.082297],[132.935211,35.082672],[132.934924,35.082839],[132.934361,35.083513],[132.934124,35.083955],[132.933524,35.083947],[132.933036,35.083613],[132.932549,35.083113],[132.931737,35.082847],[132.930537,35.082488],[132.930274,35.082447],[132.929687,35.08228],[132.929549,35.08213],[132.928499,35.081555],[132.928224,35.081539],[132.927387,35.08133],[132.926562,35.08108],[132.926387,35.080939],[132.926262,35.08058],[132.9259,35.080664],[132.925462,35.081355],[132.9255,35.081972],[132.925012,35.08238],[132.924887,35.082555],[132.92465,35.08323],[132.923787,35.08418],[132.923113,35.084338],[132.921963,35.08433],[132.921438,35.083913],[132.920788,35.083771],[132.920313,35.083938],[132.920025,35.084146],[132.919313,35.08478],[132.918813,35.085379],[132.918463,35.085596],[132.918126,35.085496],[132.917526,35.085396],[132.917326,35.085329],[132.916401,35.084679],[132.915939,35.084679],[132.915264,35.084996],[132.914426,35.085288],[132.913451,35.085279],[132.913126,35.085213],[132.912614,35.085179],[132.912227,35.085588],[132.911852,35.085879],[132.911177,35.085996],[132.910527,35.086171],[132.909614,35.086137],[132.909327,35.086421],[132.909352,35.086487],[132.909402,35.086504],[132.909102,35.087004],[132.908715,35.088654],[132.908102,35.089445],[132.907552,35.08997],[132.906427,35.090445],[132.905952,35.091062],[132.905153,35.091578],[132.904553,35.09232],[132.90394,35.093203],[132.903815,35.09372],[132.904053,35.094161],[132.904015,35.09427],[132.903678,35.094778],[132.90319,35.095811],[132.902915,35.096578],[132.901115,35.097386],[132.900503,35.097786],[132.900703,35.098935],[132.900216,35.09976],[132.899478,35.100569],[132.898341,35.10116],[132.897391,35.101385],[132.897228,35.10191],[132.897491,35.102835],[132.897766,35.10346],[132.896978,35.104076],[132.896703,35.104151],[132.896128,35.10426],[132.895141,35.104793],[132.894141,35.104635],[132.893166,35.104876],[132.892691,35.104968],[132.892604,35.104985],[132.892366,35.104826],[132.891866,35.104726],[132.890729,35.105101],[132.889241,35.105518],[132.888254,35.105684],[132.887767,35.105576],[132.886604,35.105185],[132.884892,35.104818],[132.883442,35.104843],[132.881967,35.103576],[132.880905,35.103126],[132.87938,35.102601],[132.878468,35.102093],[132.87753,35.101718],[132.87678,35.10176],[132.876131,35.10206],[132.875493,35.101743],[132.874806,35.101676],[132.873681,35.101918],[132.872918,35.102176],[132.872781,35.102143],[132.872433,35.10179],[132.871881,35.10161],[132.871181,35.10111],[132.870569,35.10016],[132.870419,35.099618],[132.870194,35.099185],[132.869544,35.098885],[132.868756,35.098727],[132.868544,35.098677],[132.867944,35.098268],[132.867294,35.098077],[132.866594,35.097943],[132.866432,35.097943],[132.865932,35.098027],[132.865169,35.097835],[132.864107,35.09716],[132.862507,35.096485],[132.861757,35.095919],[132.86112,35.095577],[132.860495,35.094644],[132.859883,35.093302],[132.859583,35.092561],[132.85967,35.092086],[132.859795,35.091436],[132.860045,35.090961],[132.859733,35.090528],[132.859196,35.090094],[132.858533,35.089244],[132.857846,35.088703],[132.856646,35.088061],[132.856171,35.087861],[132.855571,35.087678],[132.855321,35.087611],[132.854796,35.087595],[132.854409,35.087486],[132.854034,35.08717],[132.853909,35.086503],[132.853521,35.086061],[132.852934,35.08552],[132.852197,35.085053],[132.851097,35.084587],[132.850184,35.08412],[132.849384,35.084003],[132.848484,35.083537],[132.847822,35.082912],[132.847547,35.082503],[132.84696,35.082145],[132.84641,35.081479],[132.845997,35.081279],[132.845922,35.081279],[132.84561,35.080937],[132.84541,35.079954],[132.84536,35.079212],[132.845235,35.078554],[132.844298,35.076779],[132.843723,35.076513],[132.84301,35.076246],[132.842373,35.075729],[132.840961,35.074863],[132.840411,35.074371],[132.840111,35.073496],[132.839848,35.072413],[132.839436,35.07163],[132.838824,35.070663],[132.838661,35.070597],[132.838036,35.070572],[132.836874,35.070063],[132.835674,35.069622],[132.835012,35.069122],[132.834512,35.068338],[132.834237,35.067664],[132.834087,35.06753],[132.833437,35.067289],[132.832775,35.066747],[132.832525,35.066664],[132.831762,35.066505],[132.8309,35.065789],[132.830837,35.065089],[132.83065,35.064572],[132.828525,35.062856],[132.827863,35.062356],[132.827538,35.061756],[132.827588,35.061189],[132.827688,35.061164],[132.8284,35.060673],[132.829,35.060464],[132.8305,35.059156],[132.830912,35.058523],[132.831287,35.05769],[132.831525,35.056923],[132.832587,35.05559],[132.832887,35.054957],[132.834437,35.053515],[132.834787,35.053015],[132.835724,35.05294],[132.836574,35.052715],[132.837124,35.052441],[132.837687,35.051474],[132.837962,35.050732],[132.837649,35.050099],[132.836799,35.048983],[132.836737,35.048374],[132.836787,35.047291],[132.836587,35.047041],[132.835899,35.046958],[132.835087,35.046941],[132.834262,35.046608],[132.832887,35.046591],[132.8322,35.046025],[132.831375,35.045625],[132.830638,35.045741],[132.8305,35.045858],[132.830088,35.046416],[132.829351,35.046941],[132.828513,35.047099],[132.827526,35.047108],[132.826914,35.046766],[132.825764,35.046391],[132.825101,35.045991],[132.824526,35.045741],[132.823977,35.045383],[132.823814,35.044958],[132.823727,35.044866],[132.823264,35.044966],[132.822439,35.0449],[132.821565,35.044541],[132.820565,35.043958],[132.81999,35.043517],[132.81964,35.043358],[132.818015,35.043092],[132.817028,35.04265],[132.81689,35.042533],[132.816691,35.042175],[132.816253,35.042025],[132.815791,35.041642],[132.815128,35.041017],[132.814553,35.0407],[132.813704,35.040525],[132.813479,35.040325],[132.812779,35.038592],[132.812804,35.037717],[132.812879,35.036976],[132.813316,35.036118],[132.812766,35.035418],[132.812679,35.035351],[132.812054,35.035151],[132.811092,35.035226],[132.810404,35.034893],[132.809742,35.034335],[132.809742,35.03361],[132.810255,35.032885],[132.810854,35.032235],[132.810929,35.031735],[132.810792,35.031585],[132.809805,35.03071],[132.809192,35.030035],[132.808867,35.029294],[132.808826,35.028709],[132.808698,35.028613],[132.808357,35.028604],[132.807543,35.028577],[132.807218,35.028335],[132.806555,35.027686],[132.806555,35.027077],[132.805943,35.026427],[132.805506,35.025686],[132.805118,35.025394],[132.804731,35.024994],[132.804256,35.024611],[132.802419,35.024169],[132.801981,35.023678],[132.801519,35.023028],[132.800994,35.022911],[132.800581,35.022869],[132.800444,35.022711],[132.800144,35.022195],[132.799394,35.021595],[132.798632,35.021278],[132.797744,35.021078],[132.796932,35.020953],[132.796157,35.02057],[132.795357,35.020236],[132.794545,35.020011],[132.79327,35.019691],[132.79297,35.019303],[132.792558,35.018403],[132.792145,35.017912],[132.79162,35.017645],[132.791233,35.017128],[132.790633,35.017037],[132.790108,35.017037],[132.789621,35.016637],[132.789146,35.016079],[132.788621,35.01567],[132.788433,35.01527],[132.788071,35.01482],[132.787883,35.014146],[132.787771,35.013971],[132.787358,35.013562],[132.787059,35.013337],[132.787071,35.012554],[132.786859,35.011812],[132.786684,35.010979],[132.786843,35.010203],[132.786809,35.009538],[132.786559,35.008913],[132.786696,35.008613],[132.787221,35.008213],[132.787433,35.007738],[132.787458,35.007171],[132.787783,35.006813],[132.787921,35.006163],[132.787883,35.005347],[132.787796,35.004788],[132.787658,35.004655],[132.786721,35.004138],[132.785709,35.003647],[132.785521,35.00358],[132.784146,35.003747],[132.783384,35.00343],[132.781734,35.003305],[132.781322,35.00318],[132.781097,35.002547],[132.780547,35.001847],[132.780472,35.001755],[132.780097,35.001639],[132.779484,35.001072],[132.779034,35.000772],[132.778485,35.000547],[132.77831,35.000364],[132.777835,34.999689],[132.777447,34.999364],[132.777322,34.998889],[132.776472,34.998455],[132.776122,34.998389],[132.774972,34.998355],[132.774447,34.998289],[132.773847,34.998097],[132.773223,34.997805],[132.772598,34.997597],[132.771998,34.997505],[132.771373,34.997497],[132.771048,34.997539],[132.770748,34.997647],[132.77036,34.997697],[132.77016,34.997672],[132.76936,34.997397],[132.768948,34.997072],[132.767448,34.996414],[132.766998,34.996297],[132.766673,34.996355],[132.766236,34.996539],[132.765886,34.996805],[132.765711,34.996847],[132.765611,34.996805],[132.765561,34.996664],[132.765748,34.99608],[132.765773,34.995789],[132.765286,34.994164],[132.765011,34.993822],[132.763661,34.993247],[132.763424,34.993039],[132.763374,34.992881],[132.763524,34.992681],[132.764024,34.992389],[132.764523,34.992281],[132.765336,34.992264],[132.765711,34.992039],[132.766136,34.991839],[132.766561,34.991714],[132.766861,34.991439],[132.766973,34.991306],[132.766973,34.991173],[132.766548,34.990739],[132.765748,34.990015],[132.765486,34.989631],[132.765311,34.989198],[132.765361,34.98904],[132.766048,34.988456],[132.766473,34.988056],[132.766773,34.987673],[132.766936,34.987357],[132.766961,34.986415],[132.767073,34.986032],[132.767373,34.985623],[132.767723,34.98524],[132.768536,34.984615],[132.768686,34.984324],[132.768711,34.984082],[132.768623,34.983849],[132.766523,34.982757],[132.766023,34.982524],[132.765423,34.982457],[132.765223,34.98254],[132.764773,34.982899],[132.764511,34.983007],[132.764186,34.98294],[132.763949,34.982715],[132.763724,34.982349],[132.763549,34.981924],[132.763336,34.981199],[132.763011,34.981016],[132.762561,34.980941],[132.762211,34.980741],[132.761561,34.980099],[132.761186,34.979807],[132.760636,34.979599],[132.760311,34.979374],[132.760061,34.979124],[132.759649,34.978916],[132.759161,34.978891],[132.758687,34.978907],[132.758512,34.978882],[132.758112,34.978682],[132.757574,34.977932],[132.757149,34.977724],[132.755974,34.977291],[132.755724,34.977241],[132.755599,34.977357],[132.755474,34.977916],[132.755312,34.978049],[132.755212,34.978074],[132.754787,34.978066],[132.754412,34.978132],[132.753987,34.978624],[132.753549,34.978832],[132.7531,34.978799],[132.752425,34.978616],[132.7517,34.978391],[132.75125,34.978291],[132.750875,34.978332],[132.7501,34.978532],[132.7496,34.978574],[132.748812,34.978907],[132.748687,34.978907],[132.748562,34.978815],[132.748225,34.977749],[132.747975,34.977657],[132.747449,34.977537],[132.746888,34.977557],[132.7468,34.977582],[132.74655,34.977557],[132.746363,34.977466],[132.746175,34.977291],[132.745813,34.977057],[132.7454,34.976907],[132.745238,34.976791],[132.74515,34.976541],[132.745288,34.976182],[132.74545,34.975982],[132.7457,34.975824],[132.746138,34.975682],[132.746575,34.975574],[132.74685,34.975216],[132.747125,34.974783],[132.747288,34.974624],[132.74745,34.97437],[132.747988,34.973733],[132.74815,34.973216],[132.748375,34.973083],[132.749325,34.972774],[132.749525,34.972641],[132.749525,34.97255],[132.749337,34.972191],[132.749062,34.971866],[132.748912,34.971533],[132.748937,34.971283],[132.749187,34.971333],[132.749587,34.971333],[132.7498,34.971225],[132.750987,34.97015],[132.751412,34.9697],[132.751562,34.969408],[132.75145,34.968433],[132.751525,34.967875],[132.751862,34.967584],[132.752687,34.967042],[132.752925,34.966817],[132.75295,34.966592],[132.752825,34.96655],[132.751312,34.966517],[132.750487,34.96635],[132.749737,34.966125],[132.749225,34.965825],[132.749175,34.965692],[132.749375,34.965559],[132.750225,34.96545],[132.750775,34.965292],[132.75085,34.965159],[132.750787,34.964525],[132.750537,34.963759],[132.750325,34.963217],[132.750112,34.961834],[132.750112,34.961292],[132.749987,34.960909],[132.74965,34.960234],[132.748975,34.960001],[132.748375,34.959726],[132.74785,34.959384],[132.747451,34.959289],[132.746275,34.959518],[132.745975,34.959584],[132.745588,34.959443],[132.744875,34.958976],[132.744401,34.958726],[132.744238,34.958676],[132.743826,34.958476],[132.743613,34.958184],[132.743613,34.957776],[132.743713,34.957443],[132.743451,34.957035],[132.742913,34.95656],[132.742538,34.956426],[132.741901,34.956785],[132.741301,34.956693],[132.740826,34.956693],[132.740563,34.956835],[132.740426,34.957168],[132.740388,34.957759],[132.740563,34.958726],[132.740563,34.959134],[132.740363,34.959917],[132.740363,34.960301],[132.740538,34.960801],[132.740538,34.961117],[132.740426,34.961384],[132.740263,34.961517],[132.739901,34.962109],[132.739763,34.962151],[132.739276,34.962442],[132.739026,34.962442],[132.738639,34.962376],[132.738451,34.962151],[132.738364,34.961359],[132.738451,34.960934],[132.738551,34.960667],[132.738151,34.960234],[132.737539,34.959784],[132.737151,34.959667],[132.736939,34.959651],[132.736526,34.959534],[132.735939,34.959151],[132.735426,34.958976],[132.734989,34.958951],[132.734514,34.958976],[132.734014,34.958959],[132.733552,34.958868],[132.733552,34.958593],[132.733477,34.958276],[132.733302,34.957918],[132.733052,34.957651],[132.732564,34.957443],[132.732014,34.957443],[132.731589,34.957493],[132.731152,34.957334],[132.730777,34.957059],[132.730365,34.956926],[132.729865,34.956818],[132.729377,34.956609],[132.728765,34.956451],[132.727802,34.956409],[132.727502,34.956276],[132.727277,34.956051],[132.72654,34.95506],[132.726153,34.95461],[132.726128,34.954201],[132.726428,34.953768],[132.72739,34.953318],[132.727527,34.953226],[132.72739,34.952793],[132.727003,34.952535],[132.725678,34.951227],[132.725303,34.951043],[132.724465,34.95091],[132.724278,34.95091],[132.72379,34.950843],[132.723228,34.950393],[132.722878,34.949943],[132.722491,34.949543],[132.722041,34.949177],[132.721641,34.948777],[132.721203,34.948502],[132.720828,34.948344],[132.720503,34.948119],[132.720428,34.948094],[132.720153,34.948185],[132.718666,34.948568],[132.718141,34.948777],[132.717841,34.949068],[132.717104,34.949427],[132.716941,34.949835],[132.716916,34.950218],[132.717004,34.95071],[132.717054,34.950826],[132.716966,34.951226],[132.716066,34.95141],[132.715929,34.951476],[132.715666,34.95191],[132.714667,34.953143],[132.714142,34.953526],[132.713729,34.953526],[132.713242,34.953401],[132.712029,34.952876],[132.711754,34.952918],[132.711417,34.953559],[132.710492,34.954484],[132.71013,34.954568],[132.709305,34.954459],[132.708755,34.954484],[132.70843,34.954593],[132.70763,34.954976],[132.707267,34.955109],[132.70683,34.955067],[132.706592,34.954976],[132.706417,34.954709],[132.706368,34.954276],[132.706193,34.953759],[132.705918,34.953526],[132.705543,34.953526],[132.705068,34.953651],[132.704743,34.953693],[132.704405,34.953559],[132.704105,34.953268],[132.703093,34.952168],[132.702293,34.95156],[132.701993,34.951535],[132.701606,34.952168],[132.701256,34.952459],[132.700806,34.952751],[132.700343,34.953001],[132.699818,34.953176],[132.699081,34.953201],[132.698331,34.953651],[132.698194,34.953626],[132.697756,34.953476],[132.697244,34.953176],[132.697106,34.953043],[132.696656,34.952793],[132.696331,34.952843],[132.696244,34.952884],[132.696144,34.953093],[132.695894,34.953209],[132.695669,34.953176],[132.695569,34.953134],[132.694869,34.952534],[132.694407,34.952259],[132.693919,34.952101],[132.693357,34.952059],[132.691782,34.952034],[132.690607,34.951701],[132.690145,34.951809],[132.68957,34.952193],[132.689132,34.952309],[132.689082,34.952284],[132.68882,34.951984],[132.688595,34.951834],[132.687807,34.951501],[132.687245,34.951368],[132.686108,34.950985],[132.685145,34.950668],[132.684958,34.950726],[132.684408,34.951251],[132.684158,34.951534],[132.683545,34.952059],[132.683308,34.952218],[132.683033,34.952334],[132.682733,34.952584],[132.682645,34.953143],[132.682708,34.954051],[132.682758,34.954359],[132.682945,34.954584],[132.683145,34.955126],[132.683145,34.955509],[132.68322,34.955992],[132.68342,34.956167],[132.683483,34.956409],[132.683395,34.956709],[132.683483,34.956934],[132.683145,34.957225],[132.683008,34.957475],[132.68307,34.957817],[132.682945,34.958242],[132.682483,34.95885],[132.682183,34.959192],[132.681795,34.95975],[132.682595,34.960358],[132.68287,34.960725],[132.683395,34.96165],[132.683532,34.962075],[132.68362,34.962991],[132.683757,34.963241],[132.684882,34.963875],[132.685157,34.964075],[132.685382,34.964324],[132.685457,34.964591],[132.685495,34.965158],[132.685432,34.965941],[132.685244,34.966508],[132.684332,34.966241],[132.684145,34.966241],[132.683895,34.966416],[132.683482,34.966916],[132.683295,34.967057],[132.682932,34.967007],[132.681057,34.966466],[132.680545,34.966374],[132.67982,34.966066],[132.679445,34.965841],[132.678733,34.965724],[132.67812,34.965591],[132.67722,34.965508],[132.675321,34.965433],[132.674846,34.965508],[132.674408,34.965641],[132.673921,34.965733],[132.673233,34.965708],[132.672458,34.965166],[132.671821,34.964883],[132.670734,34.964633],[132.670371,34.964474],[132.670009,34.964358],[132.669709,34.964358],[132.669271,34.964608],[132.668521,34.965308],[132.667009,34.967316],[132.666771,34.967316],[132.666209,34.967107],[132.665034,34.967024],[132.664684,34.967049],[132.663584,34.967274],[132.663084,34.967274],[132.662609,34.967224],[132.662159,34.967291],[132.661284,34.967566],[132.661059,34.967732],[132.660522,34.968315],[132.660147,34.968382],[132.659372,34.968249],[132.659072,34.968315],[132.658322,34.96874],[132.65806,34.968699],[132.65776,34.968557],[132.657485,34.96849],[132.657222,34.96854],[132.656985,34.968674],[132.656685,34.96899],[132.656222,34.96969],[132.65616,34.969932],[132.656185,34.970748],[132.655835,34.97134],[132.655697,34.971631],[132.655635,34.971698],[132.655885,34.97209],[132.655772,34.972448],[132.65556,34.972773],[132.655235,34.973098],[132.654897,34.973723],[132.654847,34.973906],[132.654822,34.974331],[132.654547,34.975164],[132.65466,34.975381],[132.654872,34.975639],[132.655172,34.975889],[132.655372,34.976106],[132.655447,34.976431],[132.655809,34.976739],[132.656122,34.976939],[132.656434,34.977439],[132.656547,34.977889],[132.656747,34.978314],[132.656997,34.978564],[132.657547,34.978814],[132.657709,34.978789],[132.657822,34.978947],[132.657872,34.979289],[132.657846,34.979689],[132.657596,34.980055],[132.657509,34.980414],[132.657484,34.980738],[132.657321,34.981088],[132.657071,34.981288],[132.656634,34.981447],[132.655972,34.981538],[132.653947,34.981588],[132.653397,34.981838],[132.652922,34.981905],[132.652534,34.98193],[132.652122,34.982013],[132.651797,34.982196],[132.651609,34.982355],[132.651547,34.982646],[132.651384,34.983121],[132.651384,34.983305],[132.651547,34.98348],[132.651522,34.983913],[132.651334,34.984113],[132.650972,34.984221],[132.650122,34.984138],[132.649597,34.984046],[132.649372,34.984088],[132.649135,34.984288],[132.64891,34.984779],[132.648885,34.985138],[132.64891,34.985713],[132.649047,34.986004],[132.649297,34.986388],[132.649472,34.986579],[132.649884,34.986862],[132.650359,34.987354],[132.650584,34.987537],[132.650884,34.987679],[132.651384,34.987804],[132.651609,34.987787],[132.652097,34.987537],[132.652597,34.987754],[132.652872,34.987646],[132.653122,34.987821],[132.653234,34.987962],[132.653484,34.988137],[132.654171,34.988346],[132.655046,34.988862],[132.655371,34.989262],[132.655671,34.989537],[132.655946,34.989596],[132.656084,34.989579],[132.656759,34.989354],[132.656884,34.989212],[132.656971,34.988829],[132.657109,34.988696],[132.658971,34.988271],[132.659721,34.988204],[132.660358,34.987688],[132.660796,34.987388],[132.661033,34.987279],[132.661308,34.986738],[132.661558,34.986446],[132.662221,34.985838],[132.662471,34.985763],[132.662908,34.98583],[132.663183,34.985921],[132.663396,34.986196],[132.663571,34.986305],[132.663821,34.98628],[132.664196,34.986346],[132.664533,34.98653],[132.664833,34.986621],[132.66517,34.986688],[132.665133,34.986713],[132.665358,34.986938],[132.665383,34.987338],[132.665033,34.988088],[132.664945,34.988379],[132.664945,34.988513],[132.665058,34.988871],[132.665245,34.989171],[132.66627,34.990021],[132.667008,34.990404],[132.66722,34.990563],[132.667308,34.990763],[132.667445,34.991412],[132.667557,34.991479],[132.66777,34.991912],[132.66772,34.992312],[132.667557,34.992546],[132.667345,34.992654],[132.666845,34.992771],[132.666295,34.993012],[132.66602,34.992946],[132.66572,34.992946],[132.665458,34.992996],[132.665295,34.993196],[132.665495,34.993529],[132.665558,34.993554],[132.665495,34.993912],[132.665395,34.994162],[132.665195,34.994437],[132.66492,34.994704],[132.664533,34.99482],[132.663908,34.99502],[132.663595,34.994995],[132.66337,34.995062],[132.66332,34.99527],[132.66337,34.996078],[132.663445,34.996395],[132.663195,34.99687],[132.664095,34.997878],[132.66462,34.998328],[132.664957,34.999045],[132.665145,35.000261],[132.665032,35.000803],[132.664807,35.00112],[132.664132,35.001686],[132.663707,35.002136],[132.66337,35.002653],[132.663257,35.002919],[132.663157,35.003178],[132.663207,35.003236],[132.66337,35.003953],[132.663182,35.004403],[132.662857,35.004878],[132.66272,35.005261],[132.66277,35.005552],[132.66302,35.005961],[132.663295,35.006569],[132.663957,35.007902],[132.664332,35.008527],[132.664532,35.00866],[132.665744,35.009294],[132.666619,35.00936],[132.667107,35.009227],[132.667694,35.008819],[132.667794,35.008869],[132.668019,35.009044],[132.668519,35.009177],[132.670056,35.009852],[132.670494,35.010394],[132.670744,35.01096],[132.671094,35.01116],[132.673381,35.011027],[132.674619,35.010885],[132.674719,35.011227],[132.675056,35.011769],[132.675856,35.012352],[132.676156,35.012802],[132.676368,35.013227],[132.677143,35.013452],[132.677531,35.013677],[132.677468,35.013927],[132.677443,35.015843],[132.677781,35.016252],[132.678356,35.01656],[132.679256,35.017218],[132.679318,35.017826],[132.679368,35.018001],[132.67953,35.018026],[132.680005,35.017985],[132.680718,35.018093],[132.68108,35.018293],[132.68173,35.018518],[132.682555,35.019193],[132.683418,35.019734],[132.68393,35.019693],[132.68448,35.019709],[132.685168,35.019534],[132.68558,35.019693],[132.685855,35.020093],[132.68608,35.020184],[132.687505,35.020251],[132.68753,35.020409],[132.687017,35.020751],[132.68668,35.021151],[132.686705,35.021759],[132.686467,35.022576],[132.686192,35.023276],[132.686192,35.024801],[132.68688,35.025101],[132.687592,35.025167],[132.687955,35.025476],[132.689542,35.026109],[132.690117,35.026517],[132.690254,35.026534],[132.691004,35.026242],[132.691717,35.026042],[132.692129,35.026534],[132.692654,35.026892],[132.693317,35.027592],[132.693804,35.027859],[132.694329,35.028625],[132.694792,35.028834],[132.695292,35.029167],[132.695917,35.029142],[132.696329,35.028559],[132.696604,35.027925],[132.696967,35.027384],[132.697079,35.026842],[132.697591,35.026259],[132.698366,35.025851],[132.698854,35.025759],[132.699629,35.025334],[132.699954,35.025334],[132.700091,35.024992],[132.700916,35.024726],[132.702179,35.024742],[132.703391,35.024542],[132.704191,35.024542],[132.704991,35.024951],[132.705678,35.025017],[132.706228,35.024634],[132.706741,35.024476],[132.707703,35.024401],[132.708041,35.024626],[132.708278,35.024968],[132.709603,35.026051],[132.710203,35.026159],[132.710678,35.026134],[132.711165,35.025459],[132.71139,35.024718],[132.71169,35.024309],[132.711828,35.023818],[132.712103,35.023251],[132.712128,35.022934],[132.712378,35.022601],[132.713415,35.022868],[132.713553,35.022593],[132.71389,35.022526],[132.71454,35.022843],[132.715402,35.022776],[132.716552,35.022776],[132.717152,35.023001],[132.717427,35.023426],[132.717515,35.023676],[132.717265,35.024126],[132.716915,35.024618],[132.716827,35.025409],[132.71669,35.026018],[132.71634,35.026151],[132.716202,35.026376],[132.71609,35.026984],[132.715677,35.027934],[132.715515,35.028092],[132.715402,35.028659],[132.715077,35.029042],[132.715052,35.029309],[132.71549,35.029467],[132.715952,35.029467],[132.716065,35.029575],[132.71609,35.030075],[132.715577,35.030117],[132.715815,35.031],[132.715715,35.0314],[132.715952,35.0317],[132.716839,35.032217],[132.717502,35.032892],[132.717852,35.033358],[132.717852,35.033633],[132.717527,35.0335],[132.717277,35.033342],[132.716977,35.033517],[132.716214,35.034308],[132.715227,35.035575],[132.714977,35.035617],[132.714615,35.035575],[132.714127,35.035933],[132.71379,35.036791],[132.713215,35.037358],[132.712827,35.037966],[132.712477,35.038275],[132.712727,35.038658],[132.712915,35.038866],[132.712665,35.039291],[132.712315,35.039674],[132.711815,35.039858],[132.71179,35.040216],[132.712152,35.040416],[132.712889,35.040558],[132.713327,35.040824],[132.713689,35.041566],[132.714214,35.042174],[132.714877,35.042691],[132.715039,35.043232],[132.715064,35.043457],[132.714989,35.044266],[132.715089,35.044791],[132.715752,35.045032],[132.716601,35.045482],[132.716989,35.045982],[132.716939,35.046724],[132.717401,35.046949],[132.717626,35.047199],[132.717851,35.047732],[132.717926,35.04814],[132.717901,35.04864],[132.718014,35.048799],[132.718451,35.049782],[132.719164,35.050082],[132.720126,35.050549],[132.720576,35.050665],[132.721263,35.050507],[132.721838,35.050732],[132.722051,35.050907],[132.722438,35.051132],[132.722438,35.051265],[132.721888,35.05129],[132.721538,35.051473],[132.720688,35.052398],[132.720138,35.053482],[132.719638,35.054156],[132.719526,35.05449],[132.719701,35.055081],[132.719426,35.055556],[132.718513,35.055848],[132.717913,35.056389],[132.717476,35.056864],[132.716901,35.057023],[132.716151,35.057156],[132.715551,35.057039],[132.715326,35.057289],[132.715139,35.057631],[132.714476,35.057564],[132.713514,35.057589],[132.712776,35.057364],[132.712939,35.056706],[132.712776,35.056548],[132.711426,35.056098],[132.711152,35.055873],[132.710352,35.055873],[132.709989,35.056031],[132.709339,35.056939],[132.709202,35.057023],[132.708952,35.057098],[132.708702,35.056689],[132.708452,35.056464],[132.707852,35.057164],[132.707214,35.057297],[132.706339,35.057272],[132.705952,35.057122],[132.70524,35.056981],[132.70499,35.057006],[132.703865,35.057547],[132.703727,35.057706],[132.703815,35.057822],[132.703815,35.058247],[132.70354,35.058814],[132.703477,35.05928],[132.703102,35.059714],[132.702352,35.06003],[132.701752,35.060522],[132.701315,35.060572],[132.700952,35.060955],[132.70049,35.061672],[132.69964,35.062647],[132.699227,35.063413],[132.699315,35.063955],[132.699065,35.065013],[132.698215,35.065821],[132.69794,35.065963],[132.69739,35.066346],[132.69714,35.066746],[132.696702,35.066996],[132.696502,35.067379],[132.696065,35.067538],[132.695828,35.068054],[132.695965,35.068871],[132.695828,35.069271],[132.695628,35.069321],[132.69494,35.069271],[132.694065,35.069504],[132.693403,35.069796],[132.692778,35.070246],[132.692328,35.071079],[132.691815,35.07182],[132.691403,35.07227],[132.691178,35.072295],[132.689828,35.072387],[132.689141,35.072745],[132.688428,35.07327],[132.687441,35.072953],[132.686728,35.072529],[132.685453,35.071645],[132.684829,35.071354],[132.684354,35.070929],[132.684079,35.070479],[132.683504,35.069829],[132.682466,35.069221],[132.682354,35.069237],[132.682241,35.06947],[132.682429,35.070054],[132.682191,35.070504],[132.681466,35.071112],[132.681029,35.07172],[132.680679,35.072153],[132.680616,35.072845],[132.680516,35.07357],[132.680379,35.074112],[132.679716,35.07472],[132.679191,35.075061],[132.678842,35.075236],[132.678179,35.07517],[132.677429,35.075486],[132.677679,35.076253],[132.677329,35.076769],[132.676717,35.076928],[132.676054,35.076794],[132.675342,35.076911],[132.674854,35.077178],[132.674242,35.077386],[132.673067,35.077253],[132.671555,35.076619],[132.67083,35.076036],[132.670317,35.076036],[132.66998,35.076511],[132.670205,35.077003],[132.670642,35.077586],[132.670592,35.078244],[132.670092,35.078511],[132.670155,35.079077],[132.670505,35.079644],[132.670892,35.080386],[132.671717,35.080944],[132.671905,35.081419],[132.671855,35.082252],[132.671942,35.08261],[132.67188,35.082727],[132.670917,35.083135],[132.67013,35.083402],[132.669717,35.083677],[132.669467,35.084327],[132.668667,35.083968],[132.66738,35.083543],[132.666468,35.083043],[132.66573,35.082752],[132.665643,35.082777],[132.664705,35.083568],[132.66388,35.084176],[132.663943,35.084535],[132.664243,35.084968],[132.664793,35.085143],[132.664655,35.08526],[132.66363,35.085551],[132.662593,35.086001],[132.661768,35.086184],[132.66113,35.085959],[132.660581,35.085668],[132.659981,35.085176],[132.658768,35.085418],[132.658031,35.085401],[132.657806,35.085493],[132.657693,35.085851],[132.658218,35.086168],[132.658318,35.086501],[132.658056,35.086601],[132.657668,35.086826],[132.657593,35.087009],[132.657831,35.087484],[132.657943,35.087992],[132.657968,35.088492],[132.658143,35.088909],[132.658606,35.089259],[132.658743,35.089667],[132.658806,35.090034],[132.658831,35.090126],[132.659243,35.090525],[132.660431,35.090684],[132.66063,35.091242],[132.66063,35.092125],[132.66078,35.093009],[132.660943,35.093209],[132.662093,35.0935],[132.662905,35.093767],[132.663143,35.094325],[132.663093,35.094717],[132.66358,35.0951],[132.663743,35.095575],[132.664493,35.095917],[132.664805,35.096217],[132.665205,35.096716],[132.665392,35.096816],[132.66613,35.096991],[132.666517,35.0972],[132.666817,35.097583],[132.666955,35.098266],[132.66683,35.098908],[132.66683,35.099291],[132.667055,35.099874],[132.667492,35.100691],[132.668067,35.101424],[132.66848,35.102357],[132.668205,35.102557],[132.667117,35.102874],[132.666367,35.103257],[132.666117,35.103965],[132.666017,35.104732],[132.66563,35.104799],[132.664805,35.105224],[132.664217,35.106057],[132.66373,35.106665],[132.663642,35.107073],[132.663692,35.107248],[132.664042,35.107882],[132.664742,35.108715],[132.666242,35.110065],[132.667079,35.11054],[132.668154,35.111531],[132.668917,35.111689],[132.669892,35.111714],[132.670567,35.111914],[132.670929,35.112614],[132.670741,35.112839],[132.670467,35.113039],[132.670492,35.113172],[132.670904,35.113697],[132.670879,35.114214],[132.671066,35.114797],[132.671204,35.115006],[132.671341,35.115539],[132.671854,35.116639],[132.672004,35.117255],[132.671591,35.11813],[132.671316,35.118313],[132.668829,35.119238],[132.668467,35.119513],[132.668292,35.119905],[132.667642,35.120305],[132.667379,35.120671],[132.667329,35.120913],[132.667179,35.121088],[132.667104,35.121088],[132.666617,35.12083],[132.665929,35.120746],[132.664892,35.119713],[132.663992,35.118705],[132.663755,35.118297],[132.663592,35.118113],[132.663367,35.118038],[132.662717,35.11803],[132.65958,35.117897],[132.659118,35.117647],[132.65868,35.117738],[132.65843,35.117855],[132.657755,35.117997],[132.65703,35.117947],[132.656255,35.117672],[132.655955,35.117697],[132.655381,35.11808],[132.655293,35.118172],[132.655018,35.118313],[132.654718,35.118355],[132.653806,35.118305],[132.653568,35.118621],[132.653556,35.118863],[132.653543,35.118988],[132.653431,35.119063],[132.653243,35.119138],[132.652881,35.119163],[132.651831,35.11933],[132.651118,35.119646],[132.651043,35.120363],[132.651556,35.120838],[132.652568,35.121396],[132.652406,35.121854],[132.652106,35.122929],[132.651756,35.123496],[132.651006,35.124146],[132.650318,35.124846],[132.649469,35.125279],[132.649194,35.125304],[132.648369,35.125237],[132.647294,35.126137],[132.646481,35.126587],[132.633058,35.135102],[132.63237,35.135102],[132.631595,35.135327],[132.63132,35.135377],[132.630808,35.135602],[132.630008,35.135861],[132.629158,35.136277],[132.62897,35.136544],[132.63007,35.137377],[132.630395,35.137894],[132.631295,35.139968],[132.63157,35.14096],[132.631933,35.141793],[132.632557,35.142226],[132.633082,35.142426],[132.633445,35.142643],[132.63402,35.143335],[132.634882,35.144293],[132.636169,35.145209],[132.637594,35.146359],[132.638232,35.146718],[132.638619,35.146743],[132.639282,35.146826],[132.639906,35.146626],[132.640456,35.146651],[132.641119,35.147168],[132.641744,35.147992],[132.642144,35.148376],[132.642744,35.148359],[132.643369,35.148517],[132.644056,35.148809],[132.644893,35.148742],[132.645881,35.148576],[132.647006,35.148759],[132.647381,35.148692],[132.647693,35.148917],[132.648268,35.149567],[132.648793,35.149251],[132.648905,35.149226],[132.649205,35.150267],[132.649543,35.150709],[132.650805,35.150825],[132.65028,35.151992],[132.65033,35.153142],[132.651267,35.154791],[132.651492,35.155625],[132.651842,35.156358],[132.652317,35.156966],[132.65223,35.157191],[132.652067,35.157441],[132.652055,35.157758],[132.652267,35.158049],[132.652692,35.158949],[132.653142,35.159991],[132.653379,35.160474],[132.653692,35.160757],[132.654817,35.161491],[132.656116,35.162165],[132.656354,35.162165],[132.656516,35.16199],[132.656704,35.161549],[132.656879,35.161449],[132.657079,35.161482],[132.657616,35.161849],[132.657779,35.161999],[132.657754,35.162374],[132.657754,35.162907],[132.657929,35.163399],[132.658916,35.163715],[132.659078,35.164073],[132.659191,35.164998],[132.659466,35.165765],[132.659941,35.16664],[132.660428,35.168015],[132.660428,35.168664],[132.66029,35.169139],[132.660578,35.169823],[132.660715,35.170206],[132.66079,35.170314],[132.661265,35.170589],[132.661803,35.170789],[132.662003,35.170922],[132.662378,35.170748],[132.662778,35.170531],[132.663015,35.170273],[132.663365,35.170156],[132.663902,35.170131],[132.66464,35.169973],[132.665102,35.169956],[132.665652,35.170048],[132.666315,35.170539],[132.666265,35.170923],[132.666315,35.171347],[132.666477,35.171797],[132.666752,35.171972],[132.667052,35.172272],[132.667277,35.172814],[132.666889,35.173172],[132.666839,35.173639],[132.666939,35.173955],[132.667377,35.174497],[132.667627,35.175314],[132.667852,35.175714],[132.668126,35.17653],[132.668101,35.176638],[132.668014,35.176688],[132.667876,35.176947],[132.667964,35.17733],[132.667739,35.177647],[132.667626,35.177697],[132.667276,35.177697],[132.667101,35.177905],[132.666939,35.178371],[132.666639,35.178913],[132.666239,35.179838],[132.665789,35.18008],[132.665514,35.180671],[132.665351,35.181388],[132.665539,35.181838],[132.665901,35.182204],[132.666276,35.182671],[132.666501,35.183096],[132.666451,35.183162],[132.666176,35.183346],[132.665951,35.183612],[132.666039,35.183929],[132.666414,35.184304],[132.666364,35.184587],[132.666039,35.184987],[132.666089,35.185237],[132.666339,35.185504],[132.666364,35.185645],[132.666126,35.185937],[132.665676,35.186095],[132.665451,35.18632],[132.665189,35.186679],[132.664964,35.187053],[132.664776,35.187578],[132.664114,35.187978],[132.663476,35.188295],[132.663101,35.188545],[132.663039,35.188637],[132.663239,35.188837],[132.663539,35.18897],[132.663614,35.189061],[132.663701,35.189445],[132.663564,35.189936],[132.663064,35.190636],[132.662926,35.19097],[132.662739,35.191286],[132.662601,35.191286],[132.661726,35.191086],[132.661426,35.191203],[132.660939,35.191786],[132.660676,35.191961],[132.660676,35.192236],[132.660564,35.192628],[132.660514,35.193044],[132.660739,35.193402],[132.661164,35.193652],[132.661501,35.194011],[132.661588,35.194152],[132.661413,35.194669],[132.661013,35.195335],[132.660788,35.195519],[132.660051,35.196294],[132.659989,35.19646],[132.660014,35.196894],[132.660176,35.197477],[132.660151,35.19761],[132.660026,35.197752],[132.659914,35.19776],[132.659576,35.197752],[132.659551,35.198018],[132.659439,35.198268],[132.659439,35.198527],[132.659689,35.198985],[132.659739,35.19916],[132.659639,35.199543],[132.658726,35.199926],[132.658151,35.199976],[132.657864,35.20006],[132.657239,35.200176],[132.657076,35.20026],[132.656914,35.200843],[132.656527,35.201143],[132.656364,35.201418],[132.656089,35.201685],[132.655627,35.201876],[132.654827,35.202334],[132.654439,35.202601],[132.654439,35.202651],[132.654677,35.202759],[132.655127,35.203034],[132.655239,35.203343],[132.655014,35.203926],[132.655402,35.204426],[132.655464,35.204834],[132.655152,35.205009],[132.654552,35.205142],[132.653952,35.205326],[132.653427,35.205576],[132.653314,35.205551],[132.652877,35.204917],[132.652802,35.204634],[132.652677,35.204567],[132.65239,35.204676],[132.652265,35.204826],[132.652227,35.205001],[132.652115,35.205417],[132.651777,35.205842],[132.651152,35.206475],[132.65044,35.206717],[132.650165,35.206792],[132.650077,35.206967],[132.650327,35.207325],[132.650427,35.207559],[132.650677,35.207992],[132.650602,35.208034],[132.650052,35.208109],[132.64994,35.208359],[132.649778,35.208675],[132.649803,35.209083],[132.64969,35.209375],[132.649528,35.209483],[132.649278,35.209733],[132.64914,35.209825],[132.648865,35.210167],[132.648928,35.210566],[132.648865,35.210833],[132.648403,35.210725],[132.647853,35.2105],[132.647278,35.210433],[132.646753,35.21055],[132.646228,35.210458],[132.645291,35.210183],[132.644116,35.209958],[132.643391,35.209916],[132.643154,35.209758],[132.642491,35.209467],[132.641854,35.2094],[132.641279,35.209242],[132.640642,35.209192],[132.640292,35.208942],[132.639879,35.208225],[132.639642,35.207375],[132.639204,35.206609],[132.638817,35.205684],[132.638817,35.205142],[132.639142,35.204409],[132.639792,35.203592],[132.640304,35.203384],[132.640742,35.203018],[132.641217,35.202759],[132.641417,35.202534],[132.641467,35.202201],[132.641617,35.201843],[132.641642,35.201668],[132.641404,35.201384],[132.641492,35.200793],[132.641479,35.200335],[132.641092,35.200376],[132.640629,35.200693],[132.640192,35.201118],[132.639854,35.201518],[132.639717,35.201901],[132.639654,35.202234],[132.639542,35.202359],[132.63873,35.202684],[132.637992,35.202426],[132.637117,35.202584],[132.636317,35.202893],[132.635518,35.202809],[132.634843,35.202743],[132.634693,35.202892],[132.634443,35.203367],[132.634093,35.203542],[132.633855,35.203492],[132.633305,35.203076],[132.633305,35.202884],[132.633405,35.202509],[132.633518,35.202359],[132.633268,35.202284],[132.632693,35.202176],[132.632443,35.202176],[132.632081,35.202284],[132.631856,35.202409],[132.631743,35.202434],[132.631656,35.202359],[132.631631,35.202201],[132.631431,35.201901],[132.630681,35.202151],[132.630406,35.202534],[132.630268,35.203034],[132.630293,35.203343],[132.629993,35.203584],[132.629556,35.203617],[132.629043,35.203834],[132.628856,35.203834],[132.628419,35.203734],[132.628069,35.203801],[132.627969,35.203959],[132.628081,35.204259],[132.628056,35.204509],[132.627881,35.204842],[132.627656,35.205126],[132.627581,35.205359],[132.627619,35.205517],[132.627606,35.206292],[132.627881,35.206675],[132.627993,35.207084],[132.627681,35.207484],[132.627131,35.20805],[132.626419,35.208567],[132.625869,35.2089],[132.625406,35.208808],[132.624331,35.208358],[132.624056,35.208184],[132.623344,35.20805],[132.622932,35.208142],[132.622494,35.208408],[132.622457,35.208375],[132.622432,35.20855],[132.621532,35.208392],[132.620182,35.2087],[132.619094,35.209967],[132.618657,35.209758],[132.618219,35.209917],[132.617507,35.2107],[132.617195,35.210842],[132.616507,35.21145],[132.616007,35.212233],[132.615457,35.213275],[132.614745,35.213516],[132.61422,35.213133],[132.613532,35.212766],[132.612795,35.212675],[132.61147,35.2126],[132.611008,35.2126],[132.610208,35.2121],[132.609608,35.212075],[132.609383,35.212775],[132.60902,35.213225],[132.608858,35.214083],[132.608858,35.214291],[132.609282,35.215574],[132.60912,35.216799],[132.608457,35.217582],[132.60782,35.217607],[132.606583,35.217424],[132.605808,35.217666],[132.604933,35.217707],[132.60402,35.217366],[132.602133,35.217566],[132.601171,35.217174],[132.600758,35.217241],[132.599596,35.217916],[132.598159,35.218674],[132.597609,35.219424],[132.598183,35.21994],[132.598896,35.220665],[132.599008,35.22139],[132.598321,35.221815],[132.597134,35.222265],[132.597021,35.222398],[132.595921,35.222823],[132.595071,35.222548],[132.594546,35.222665],[132.594234,35.223523],[132.593409,35.224765],[132.593046,35.22474],[132.592422,35.224465],[132.592247,35.22494],[132.592472,35.22514],[132.592984,35.226073],[132.592434,35.226298],[132.591697,35.226089],[132.591197,35.225456],[132.590784,35.225273],[132.590509,35.225906],[132.590672,35.226356],[132.590372,35.226964],[132.590009,35.227914],[132.588684,35.227589],[132.588584,35.227614],[132.587885,35.228472],[132.587447,35.229347],[132.58711,35.229306],[132.586185,35.229097],[132.585522,35.229772],[132.58351,35.230755],[132.581985,35.231405],[132.58141,35.23213],[132.581685,35.232739],[132.581648,35.233238],[132.580548,35.233613],[132.579886,35.233955],[132.579723,35.234655],[132.579985,35.235397],[132.580298,35.235788],[132.580048,35.236346],[132.58001,35.236938],[132.580398,35.237321],[132.580723,35.237979],[132.580773,35.238721],[132.580585,35.239471],[132.58091,35.240129],[132.582198,35.241279],[132.582748,35.242145],[132.58291,35.242887],[132.582773,35.243479],[132.582848,35.24377],[132.583285,35.244653],[132.583722,35.245378],[132.584135,35.245628],[132.584547,35.246237],[132.584547,35.246537],[132.584047,35.246553],[132.58336,35.24707],[132.582772,35.247995],[132.582585,35.248428],[132.582135,35.249036],[132.58131,35.249728],[132.580785,35.250653],[132.580673,35.251719],[132.580973,35.253144],[132.581022,35.253702],[132.581247,35.254577],[132.580997,35.254986],[132.580472,35.255552],[132.580247,35.256452],[132.57986,35.257519],[132.579772,35.259327],[132.579935,35.26021],[132.580322,35.260818],[132.580247,35.261043],[132.57971,35.262601],[132.57941,35.263393],[132.579322,35.264051],[132.579185,35.264234],[132.57836,35.264593],[132.577098,35.264926],[132.576185,35.265493],[132.575748,35.266034],[132.575773,35.266401],[132.57586,35.266484],[132.576048,35.267234],[132.576073,35.267642],[132.576435,35.268526],[132.576535,35.269092],[132.576122,35.270192],[132.575985,35.271142],[132.57596,35.272567],[132.57601,35.272592],[132.576372,35.272525],[132.576485,35.272567],[132.57676,35.272567],[132.576922,35.2725],[132.577035,35.272683],[132.577635,35.272167],[132.577697,35.272075],[132.57841,35.271892],[132.578547,35.2718],[132.579484,35.272283],[132.580197,35.2716],[132.580884,35.271283],[132.581659,35.271308],[132.582847,35.271942],[132.584021,35.272508],[132.584984,35.273058],[132.585784,35.273958],[132.585758,35.274641],[132.585434,35.274866],[132.585459,35.274933],[132.585259,35.275316],[132.585234,35.275608],[132.585396,35.275791],[132.585596,35.275591],[132.585733,35.275591],[132.585983,35.275516],[132.586196,35.275725],[132.586283,35.275908],[132.586358,35.275908],[132.586996,35.276066],[132.587358,35.275999],[132.588121,35.276108],[132.588233,35.276199],[132.588458,35.276066],[132.588646,35.275683],[132.588758,35.275616],[132.588958,35.275724],[132.588846,35.276133],[132.588921,35.276183],[132.589058,35.276199],[132.589395,35.275999],[132.589558,35.275816],[132.590058,35.275708],[132.591095,35.275958],[132.59217,35.276299],[132.59297,35.276499],[132.59407,35.276391],[132.594457,35.276574],[132.594907,35.276499],[132.595145,35.276416],[132.595457,35.276191],[132.595757,35.276033],[132.595845,35.275941],[132.59647,35.275891],[132.597082,35.275983],[132.597882,35.276216],[132.599532,35.277299],[132.600581,35.277324],[132.600469,35.277707],[132.602444,35.278074],[132.602669,35.277549],[132.604868,35.278007],[132.605318,35.278166],[132.607081,35.278982],[132.607181,35.279007],[132.607218,35.279257],[132.60773,35.279524],[132.608093,35.279524],[132.608118,35.279457],[132.60853,35.279457],[132.609255,35.279757],[132.609943,35.27984],[132.611093,35.28014],[132.61178,35.280257],[132.612605,35.280432],[132.613355,35.280799],[132.614042,35.280915],[132.614842,35.28114],[132.615004,35.281074],[132.615579,35.28114],[132.615804,35.28159],[132.616029,35.281907],[132.616129,35.281998],[132.617067,35.28254],[132.618279,35.28304],[132.620704,35.28379],[132.621528,35.284398],[132.622253,35.284881],[132.622328,35.284965],[132.623216,35.285365],[132.623628,35.285748],[132.624328,35.286239],[132.625515,35.286948],[132.625653,35.287014],[132.62664,35.287198],[132.627078,35.287314],[132.627927,35.287814],[132.628852,35.288647],[132.62949,35.288939],[132.630365,35.289639],[132.630964,35.290297],[132.631614,35.290905],[132.632814,35.292147],[132.633152,35.292372],[132.635739,35.294813],[132.636101,35.295355],[132.636339,35.296055],[132.636689,35.296688],[132.637126,35.296955],[132.637676,35.297363],[132.638113,35.297813],[132.638113,35.297863],[132.638301,35.298063],[132.638901,35.298588],[132.640363,35.299379],[132.64145,35.300279],[132.641813,35.300504],[132.642525,35.301162],[132.644213,35.303012],[132.645575,35.304478],[132.6461,35.30507],[132.646125,35.305178],[132.646125,35.305228],[132.646725,35.305945],[132.648249,35.308095],[132.649062,35.309178],[132.649586,35.310036],[132.650974,35.311744],[132.651161,35.311952],[132.652036,35.313302],[132.65501,35.317635],[132.65591,35.319193],[132.656634,35.320518],[132.657509,35.321826],[132.659846,35.326068],[132.660908,35.327717],[132.661321,35.328501],[132.662533,35.331592],[132.662896,35.332359],[132.663083,35.332967],[132.66382,35.333892],[132.66417,35.334975],[132.664408,35.335942],[132.664658,35.336392],[132.664733,35.336433],[132.664883,35.336467],[132.664695,35.336717],[132.664608,35.336875],[132.66462,35.337125],[132.664833,35.337325],[132.665058,35.337658],[132.665457,35.338608],[132.665757,35.339033],[132.665957,35.339508],[132.66607,35.340091],[132.666045,35.340408],[132.66627,35.340883],[132.666582,35.341349],[132.666695,35.341708],[132.666857,35.342024],[132.667307,35.342883],[132.667419,35.343241],[132.667757,35.344008],[132.667882,35.344482],[132.667932,35.345157],[132.668219,35.346099],[132.668357,35.346391],[132.668394,35.346599],[132.668844,35.347449],[132.669044,35.347991],[132.669206,35.34869],[132.669581,35.349549],[132.669694,35.349999],[132.669856,35.350449],[132.670494,35.352882],[132.671081,35.354407],[132.671256,35.355107],[132.671318,35.35619],[132.671518,35.356456],[132.671706,35.35684],[132.672056,35.35799],[132.672143,35.359206],[132.672118,35.35959],[132.67243,35.360581],[132.672555,35.361398],[132.67283,35.362231],[132.67278,35.362656],[132.672955,35.363764],[132.67318,35.364706],[132.673155,35.364706],[132.673468,35.365972],[132.673443,35.366356],[132.673568,35.366897],[132.673655,35.367614],[132.673792,35.368131],[132.673805,35.368697],[132.673917,35.36908],[132.673892,35.36978],[132.674067,35.370497],[132.674067,35.37113],[132.674192,35.371739],[132.674217,35.372122],[132.674142,35.372505],[132.67418,35.373522],[132.67438,35.374872],[132.674467,35.37508],[132.674392,35.376338],[132.674479,35.376971],[132.674442,35.37808],[132.674479,35.378938],[132.674454,35.379996],[132.674654,35.381254],[132.674692,35.382096],[132.674492,35.384171],[132.674592,35.386379],[132.674517,35.387079],[132.674554,35.387737],[132.674504,35.387962],[132.674167,35.38807],[132.674117,35.38812],[132.674079,35.388553],[132.674067,35.38862],[132.674092,35.388712],[132.674104,35.38882],[132.674104,35.388912],[132.674104,35.389012],[132.674104,35.389087],[132.674104,35.389153],[132.674141,35.389287],[132.674154,35.38937],[132.674166,35.389437],[132.674179,35.389528],[132.674179,35.389612],[132.674166,35.389678],[132.674154,35.38982],[132.674129,35.389912],[132.674104,35.389995],[132.674054,35.390137],[132.674016,35.390212],[132.673954,35.390287],[132.673879,35.39037],[132.673816,35.390462],[132.673754,35.390553],[132.673679,35.390637],[132.673604,35.390687],[132.673529,35.390745],[132.673441,35.390812],[132.673342,35.390912],[132.673379,35.390987],[132.673429,35.391053],[132.673479,35.391137],[132.673529,35.391261],[132.673591,35.391353],[132.673629,35.391436],[132.673616,35.391545],[132.673616,35.391628],[132.673591,35.391711],[132.673554,35.391795],[132.673516,35.391861],[132.673479,35.391945],[132.673391,35.392061],[132.673291,35.392086],[132.673154,35.392145],[132.673066,35.392211],[132.673016,35.392278],[132.672904,35.392361],[132.672866,35.392428],[132.672866,35.392528],[132.672954,35.392595],[132.672979,35.392686],[132.673029,35.392745],[132.673041,35.39282],[132.673091,35.392886],[132.673129,35.392953],[132.673154,35.393045],[132.673191,35.393161],[132.673204,35.39322],[132.673216,35.39332],[132.673216,35.393436],[132.673191,35.393528],[132.673204,35.393586],[132.673229,35.393653],[132.673279,35.39372],[132.673316,35.393803],[132.673354,35.393894],[132.673354,35.393961],[132.673366,35.394028],[132.673379,35.394136],[132.673379,35.394236],[132.673404,35.394311],[132.673366,35.394403],[132.673329,35.394478],[132.673304,35.394553],[132.673266,35.394636],[132.673191,35.394761],[132.673116,35.394919],[132.673116,35.394994],[132.673091,35.395094],[132.673079,35.395161],[132.673079,35.395261],[132.673116,35.395344],[132.673166,35.395444],[132.673216,35.395519],[132.673316,35.395628],[132.673391,35.395719],[132.673454,35.395828],[132.673466,35.395961],[132.673454,35.396053],[132.673441,35.396128],[132.673441,35.396194],[132.673454,35.396286],[132.673479,35.396428],[132.673479,35.396528],[132.673479,35.396619],[132.673429,35.396744],[132.673466,35.396744],[132.672816,35.399244],[132.672091,35.40101],[132.671266,35.402077],[132.670829,35.402527],[132.670691,35.402618],[132.670254,35.402735],[132.668991,35.402768],[132.667667,35.402685],[132.666154,35.401802],[132.665492,35.400402],[132.66388,35.400835],[132.663892,35.400943],[132.664917,35.400644],[132.665379,35.401693],[132.664654,35.401918],[132.664654,35.402218],[132.665092,35.402127],[132.665054,35.402002],[132.665892,35.401835],[132.667217,35.402593],[132.666379,35.403668],[132.665354,35.40371],[132.665004,35.403851],[132.664392,35.403785],[132.664142,35.403676],[132.664092,35.403585],[132.663979,35.40356],[132.663729,35.403585],[132.663629,35.403876],[132.663604,35.404176],[132.663029,35.404585],[132.662642,35.404785],[132.662367,35.405101],[132.661905,35.405176],[132.661905,35.405351],[132.662317,35.405918],[132.662292,35.406026],[132.662179,35.40601],[132.66158,35.406326],[132.661442,35.406484],[132.661367,35.406693],[132.661255,35.406826],[132.661005,35.406893],[132.660655,35.407143],[132.66038,35.407459],[132.660217,35.407984],[132.660305,35.408318],[132.660055,35.408343],[132.65983,35.408209],[132.659555,35.408276],[132.659367,35.408118],[132.65903,35.408143],[132.659005,35.408101],[132.65873,35.408059],[132.65843,35.408084],[132.65843,35.408309],[132.65818,35.408734],[132.657992,35.409117],[132.65783,35.409301],[132.65758,35.409376],[132.65723,35.409576],[132.656842,35.409851],[132.656455,35.410192],[132.656292,35.410551],[132.655555,35.410376],[132.65528,35.410217],[132.654717,35.410109],[132.65423,35.410184],[132.654005,35.410117],[132.65378,35.410117],[132.653793,35.410184],[132.653568,35.410251],[132.65318,35.410501],[132.65288,35.410567],[132.652805,35.410959],[132.652255,35.410984],[132.651593,35.410825],[132.651118,35.41085],[132.650793,35.4109],[132.650705,35.41085],[132.649905,35.4109],[132.649743,35.411017],[132.649605,35.411267],[132.649193,35.411809],[132.64903,35.41195],[132.648868,35.41195],[132.648818,35.411884],[132.648593,35.411925],[132.64843,35.412042],[132.648093,35.412067],[132.648155,35.412225],[132.648268,35.412309],[132.64843,35.412675],[132.648355,35.413059],[132.648143,35.413217],[132.647943,35.413283],[132.647718,35.413258],[132.647643,35.413417],[132.647755,35.413533],[132.64798,35.413708],[132.64798,35.413758],[132.647618,35.413892],[132.647205,35.41385],[132.646318,35.4139],[132.645968,35.414058],[132.645856,35.414242],[132.645418,35.414925],[132.645118,35.4151],[132.644956,35.415333],[132.644881,35.415508],[132.644906,35.415825],[132.644881,35.415941],[132.644668,35.4161],[132.644306,35.41615],[132.644168,35.416125],[132.644118,35.41615],[132.643668,35.416033],[132.643393,35.415833],[132.642681,35.415775],[132.642506,35.415791],[132.642131,35.41625],[132.641693,35.416433],[132.641356,35.416341],[132.640893,35.416141],[132.640531,35.416033],[132.640306,35.416008],[132.639981,35.416058],[132.639781,35.416258],[132.639731,35.416716],[132.639768,35.416916],[132.639543,35.417208],[132.639518,35.417349],[132.639356,35.417524],[132.639268,35.417574],[132.638831,35.417466],[132.638744,35.417466],[132.638719,35.417599],[132.638531,35.417758],[132.638306,35.417849],[132.638169,35.417824],[132.638094,35.417758],[132.637894,35.417874],[132.637594,35.417874],[132.637244,35.418016],[132.637019,35.417966],[132.636744,35.417833],[132.636631,35.418016],[132.636244,35.418266],[132.635831,35.418357],[132.635644,35.418541],[132.635756,35.418949],[132.635594,35.419032],[132.635019,35.419041],[132.634844,35.418999],[132.634606,35.418999],[132.634269,35.418841],[132.634106,35.418816],[132.633856,35.418891],[132.633356,35.418849],[132.633144,35.418916],[132.632869,35.418849],[132.632669,35.418916],[132.632557,35.418674],[132.632332,35.418532],[132.632232,35.418557],[132.631894,35.418541],[132.631482,35.418607],[132.631119,35.418591],[132.630932,35.418541],[132.630732,35.418341],[132.630657,35.418116],[132.630682,35.418049],[132.630982,35.417799],[132.631007,35.417707],[132.631169,35.417507],[132.631057,35.417299],[132.630594,35.417166],[132.630207,35.417241],[132.630044,35.417332],[132.629632,35.417399],[132.629632,35.417357],[132.629432,35.417332],[132.629157,35.417541],[132.628832,35.418241],[132.628694,35.418107],[132.628532,35.417832],[132.628444,35.417591],[132.62822,35.417499],[132.62767,35.417407],[132.627007,35.417616],[132.626707,35.417774],[132.626545,35.417732],[132.62652,35.417691],[132.626132,35.417624],[132.625995,35.417666],[132.625857,35.417782],[132.625607,35.417941],[132.62547,35.418074],[132.62522,35.418241],[132.625195,35.417991],[132.624995,35.417924],[132.62487,35.417966],[132.624645,35.417924],[132.624507,35.417816],[132.624332,35.417766],[132.624057,35.417774],[132.623482,35.417999],[132.62332,35.418132],[132.622883,35.418499],[132.622808,35.418632],[132.622695,35.419015],[132.62272,35.419082],[132.622783,35.419065],[132.622995,35.419149],[132.62297,35.419332],[132.623057,35.41949],[132.623107,35.41949],[132.623282,35.419582],[132.623495,35.41979],[132.623495,35.419882],[132.623545,35.419999],[132.624045,35.420057],[132.624157,35.420215],[132.624132,35.420374],[132.62402,35.420515],[132.623957,35.420715],[132.623757,35.420899],[132.62367,35.421174],[132.623482,35.421215],[132.623432,35.421282],[132.623432,35.421374],[132.623482,35.421465],[132.623457,35.421623],[132.623507,35.42169],[132.623732,35.421757],[132.624257,35.421773],[132.624557,35.421832],[132.62462,35.42209],[132.624557,35.422248],[132.624145,35.422423],[132.623932,35.422432],[132.623707,35.422498],[132.623607,35.422657],[132.623495,35.422748],[132.62352,35.423057],[132.62382,35.423148],[132.62427,35.423123],[132.624482,35.423015],[132.62487,35.42294],[132.624945,35.423032],[132.624995,35.42339],[132.625082,35.423482],[132.625545,35.42359],[132.62557,35.423698],[132.625157,35.423882],[132.62532,35.424115],[132.625457,35.424198],[132.625382,35.424315],[132.624882,35.424382],[132.624257,35.424681],[132.62417,35.424815],[132.624145,35.424948],[132.62437,35.424998],[132.62437,35.425081],[132.623982,35.425131],[132.623845,35.425181],[132.623957,35.42534],[132.624257,35.425315],[132.62462,35.425356],[132.625032,35.425481],[132.625057,35.42564],[132.625332,35.425731],[132.625669,35.425773],[132.626244,35.425656],[132.626357,35.425656],[132.626632,35.425765],[132.626744,35.425948],[132.626694,35.426398],[132.626582,35.42669],[132.626594,35.426781],[132.626369,35.427065],[132.626282,35.42724],[132.626069,35.427306],[132.625982,35.427415],[132.626044,35.427573],[132.626319,35.427598],[132.627244,35.427356],[132.627694,35.427381],[132.627857,35.427465],[132.627832,35.427673],[132.627919,35.427848],[132.628332,35.428415],[132.628432,35.428614],[132.628282,35.429206],[132.627819,35.429089],[132.627769,35.429389],[132.628182,35.429523],[132.628069,35.429973],[132.628194,35.430398],[132.628244,35.430456],[132.628269,35.430664],[132.628219,35.430806],[132.627819,35.430239],[132.627607,35.429998],[132.627407,35.429881],[132.627382,35.429973],[132.627494,35.430239],[132.627857,35.430714],[132.628119,35.431031],[132.628144,35.431256],[132.628006,35.431389],[132.627807,35.431456],[132.627732,35.431431],[132.627644,35.431597],[132.627631,35.432406],[132.627656,35.432772],[132.627906,35.433664],[132.628144,35.433939],[132.628219,35.433939],[132.628631,35.433797],[132.628831,35.433797],[132.629019,35.434122],[132.629306,35.434464],[132.629306,35.434556],[132.629444,35.434805],[132.629544,35.434889],[132.629519,35.43493],[132.629356,35.43498],[132.629306,35.43503],[132.629306,35.435097],[132.629644,35.435164],[132.629856,35.435114],[132.629956,35.43503],[132.630344,35.435064],[132.630569,35.435205],[132.630656,35.435314],[132.630906,35.435222],[132.631694,35.435006],[132.631856,35.434922],[132.632031,35.434672],[132.632268,35.433972],[132.632393,35.433322],[132.632481,35.433206],[132.633056,35.433172],[132.633218,35.433197],[132.633418,35.433556],[132.633493,35.433581],[132.633668,35.433239],[132.633768,35.433081],[132.633681,35.432548],[132.633893,35.432314],[132.634256,35.432181],[132.634481,35.432039],[132.634631,35.431814],[132.634768,35.431881],[132.635106,35.431831],[132.635281,35.431973],[132.635556,35.431989],[132.635793,35.432073],[132.636018,35.432098],[132.636156,35.432148],[132.636368,35.431898],[132.636481,35.431831],[132.636568,35.432114],[132.636518,35.432164],[132.636431,35.432348],[132.636481,35.432473],[132.636793,35.432589],[132.636981,35.432564],[132.637093,35.432698],[132.637181,35.432748],[132.637431,35.432648],[132.637556,35.432564],[132.637593,35.432381],[132.637806,35.432248],[132.637918,35.432131],[132.638081,35.432039],[132.638156,35.431923],[132.638381,35.431431],[132.638506,35.431264],[132.638705,35.431206],[132.63898,35.431173],[132.639155,35.431489],[132.639668,35.431781],[132.639805,35.431798],[132.639893,35.431706],[132.639943,35.431323],[132.64013,35.431215],[132.640193,35.431215],[132.640268,35.431306],[132.64033,35.431481],[132.64033,35.43169],[132.640393,35.431781],[132.64078,35.431748],[132.640993,35.431681],[132.641155,35.431481],[132.641368,35.431365],[132.641705,35.43134],[132.64193,35.431381],[132.642043,35.431465],[132.64193,35.431698],[132.641518,35.432015],[132.64138,35.432239],[132.641518,35.432331],[132.641768,35.432306],[132.641943,35.432356],[132.642218,35.432573],[132.642493,35.432731],[132.642693,35.432881],[132.642718,35.432998],[132.642543,35.433064],[132.642268,35.433048],[132.641955,35.432956],[132.641693,35.432939],[132.641518,35.433006],[132.640993,35.433464],[132.64093,35.433598],[132.640955,35.433706],[132.641068,35.433781],[132.64168,35.433748],[132.641755,35.433773],[132.64173,35.433906],[132.641568,35.433998],[132.641493,35.434181],[132.641493,35.434348],[132.641543,35.434539],[132.641793,35.434831],[132.641955,35.434964],[132.642205,35.435047],[132.642568,35.435006],[132.64293,35.434856],[132.64338,35.434523],[132.643605,35.434073],[132.643717,35.434006],[132.643792,35.434048],[132.64393,35.434298],[132.644042,35.434298],[132.64413,35.434431],[132.64408,35.434539],[132.644105,35.434589],[132.644267,35.434631],[132.64443,35.434489],[132.644567,35.434248],[132.645005,35.433681],[132.64508,35.433431],[132.645417,35.433206],[132.64558,35.432906],[132.646205,35.432998],[132.646292,35.433131],[132.646292,35.433448],[132.64613,35.433673],[132.646055,35.433756],[132.64608,35.433981],[132.645755,35.434464],[132.645692,35.434731],[132.645517,35.435114],[132.645567,35.435139],[132.645917,35.435114],[132.646192,35.434981],[132.646605,35.434639],[132.64683,35.434389],[132.646967,35.434314],[132.647017,35.434406],[132.646967,35.434564],[132.64683,35.434714],[132.646692,35.435081],[132.646642,35.435156],[132.646692,35.435248],[132.647005,35.435289],[132.64768,35.435189],[132.647767,35.435298],[132.647742,35.435506],[132.647642,35.435706],[132.647392,35.435873],[132.646842,35.436006],[132.646617,35.436014],[132.646267,35.436197],[132.645742,35.436131],[132.645717,35.436106],[132.645717,35.436314],[132.645992,35.436781],[132.646555,35.437189],[132.64658,35.437297],[132.646167,35.437256],[132.646142,35.437272],[132.646167,35.437339],[132.646142,35.437456],[132.645967,35.437522],[132.64583,35.437639],[132.64578,35.437772],[132.64548,35.437531],[132.64498,35.437622],[132.64488,35.437739],[132.644742,35.438414],[132.644592,35.438439],[132.644442,35.438256],[132.644355,35.438231],[132.644217,35.438256],[132.644042,35.438489],[132.644042,35.438505],[132.643892,35.438505],[132.643705,35.438597],[132.64368,35.438664],[132.643592,35.438622],[132.643205,35.438805],[132.643092,35.438647],[132.64298,35.438647],[132.642705,35.438739],[132.642605,35.43888],[132.642467,35.43913],[132.64203,35.439289],[132.641842,35.439397],[132.641592,35.439697],[132.64143,35.439922],[132.64138,35.440197],[132.641405,35.440597],[132.641242,35.440647],[132.64118,35.44073],[132.64133,35.440822],[132.641542,35.440872],[132.64163,35.440913],[132.641992,35.44093],[132.642155,35.440905],[132.641992,35.441272],[132.641992,35.441355],[132.64213,35.44138],[132.64233,35.441338],[132.642567,35.441088],[132.642892,35.440455],[132.64298,35.440389],[132.643005,35.440405],[132.64298,35.440622],[132.64278,35.440905],[132.642705,35.44113],[132.642705,35.44158],[132.642855,35.441738],[132.642942,35.441738],[132.64323,35.441013],[132.64333,35.44088],[132.64338,35.440514],[132.643467,35.44038],[132.64363,35.440264],[132.64358,35.440472],[132.64348,35.440647],[132.643467,35.440855],[132.64343,35.441172],[132.643605,35.441205],[132.64393,35.441122],[132.644242,35.440822],[132.64433,35.440622],[132.644355,35.440397],[132.644405,35.440305],[132.64448,35.440689],[132.64438,35.440963],[132.644155,35.441297],[132.644155,35.441413],[132.644467,35.44168],[132.644692,35.441747],[132.644817,35.44158],[132.64508,35.44138],[132.645255,35.440822],[132.645617,35.440347],[132.645917,35.440022],[132.646329,35.439464],[132.646492,35.439255],[132.646892,35.439072],[132.647117,35.43903],[132.647254,35.438822],[132.647279,35.438714],[132.647167,35.438556],[132.646842,35.438847],[132.646779,35.438664],[132.646729,35.438581],[132.646729,35.438489],[132.647342,35.438172],[132.647454,35.438322],[132.647779,35.438547],[132.647804,35.438772],[132.647917,35.438822],[132.648304,35.438772],[132.648492,35.438614],[132.648654,35.438389],[132.648792,35.437797],[132.648917,35.437706],[132.649117,35.437847],[132.649279,35.438039],[132.649554,35.438131],[132.649892,35.438089],[132.650329,35.437947],[132.650679,35.437881],[132.650579,35.438039],[132.649754,35.438514],[132.649567,35.438672],[132.649504,35.438647],[132.649317,35.438672],[132.648817,35.438972],[132.648679,35.439106],[132.648654,35.439222],[132.648554,35.43938],[132.648554,35.43958],[132.648629,35.43983],[132.648717,35.439847],[132.648854,35.439464],[132.649017,35.439847],[132.649167,35.43998],[132.649329,35.43993],[132.649467,35.440089],[132.649579,35.440364],[132.650167,35.44083],[132.650329,35.440922],[132.650417,35.441122],[132.650604,35.441347],[132.650929,35.441164],[132.651129,35.44073],[132.651179,35.440505],[132.651142,35.439589],[132.651029,35.439089],[132.651054,35.438931],[132.651304,35.438772],[132.651467,35.438731],[132.651929,35.438972],[132.652129,35.439039],[132.652379,35.438964],[132.652429,35.438989],[132.652429,35.439347],[132.652629,35.439481],[132.652954,35.439506],[132.653229,35.439481],[132.653854,35.439231],[132.653954,35.439364],[132.653679,35.439572],[132.653641,35.439772],[132.653679,35.439864],[132.653566,35.439955],[132.652954,35.439847],[132.652929,35.439864],[132.652954,35.440047],[132.652904,35.440314],[132.652941,35.440497],[132.652991,35.440589],[132.653154,35.440622],[132.653191,35.440739],[132.653379,35.440672],[132.653441,35.44083],[132.653379,35.441097],[132.653416,35.441322],[132.653529,35.44148],[132.653741,35.441122],[132.653929,35.441255],[132.653904,35.441389],[132.653991,35.44148],[132.654429,35.44123],[132.654666,35.441047],[132.654941,35.440755],[132.655416,35.440122],[132.655629,35.440089],[132.655854,35.440247],[132.656291,35.440722],[132.656491,35.440855],[132.656853,35.440897],[132.656903,35.440922],[132.657041,35.441305],[132.657178,35.44143],[132.657516,35.441547],[132.657716,35.441722],[132.658228,35.44118],[132.658503,35.440955],[132.658528,35.440839],[132.658691,35.440772],[132.658941,35.440747],[132.659353,35.440455],[132.659491,35.440405],[132.659403,35.440497],[132.659266,35.440814],[132.658803,35.44133],[132.658478,35.442014],[132.658466,35.442305],[132.658516,35.442422],[132.658678,35.442464],[132.658628,35.442888],[132.658528,35.443047],[132.658491,35.443255],[132.658528,35.443363],[132.658691,35.443272],[132.658766,35.443272],[132.658691,35.443905],[132.658678,35.444488],[132.658728,35.444713],[132.658862,35.444886],[132.658999,35.444886],[132.659199,35.444819],[132.659391,35.444722],[132.659503,35.444505],[132.659603,35.443872],[132.659741,35.443447],[132.659791,35.443422],[132.659878,35.44358],[132.659853,35.44378],[132.659766,35.444063],[132.65964,35.444597],[132.659687,35.444811],[132.659749,35.444811],[132.65994,35.44468],[132.660078,35.44448],[132.660153,35.444255],[132.660165,35.443805],[132.66039,35.443463],[132.660528,35.443597],[132.66049,35.443755],[132.660728,35.443955],[132.660815,35.444272],[132.661015,35.444472],[132.661015,35.44463],[132.661265,35.44483],[132.661478,35.444672],[132.661515,35.444538],[132.661365,35.444038],[132.661328,35.443572],[132.661128,35.442763],[132.661028,35.442697],[132.660853,35.442713],[132.660853,35.442672],[132.661078,35.442422],[132.661103,35.442197],[132.661015,35.441747],[132.661041,35.44143],[132.661141,35.441355],[132.661365,35.441314],[132.661528,35.44138],[132.661565,35.441672],[132.661703,35.441764],[132.661953,35.441814],[132.661953,35.44188],[132.66159,35.442239],[132.66154,35.442522],[132.661715,35.443297],[132.661803,35.443572],[132.661915,35.443747],[132.662028,35.443813],[132.66219,35.443855],[132.662415,35.44378],[132.662878,35.44333],[132.662953,35.443288],[132.662903,35.443872],[132.662965,35.44403],[132.663153,35.444188],[132.663378,35.44428],[132.66379,35.444547],[132.663965,35.444613],[132.664028,35.444588],[132.66414,35.444388],[132.664178,35.444163],[132.664565,35.444422],[132.664815,35.444647],[132.66509,35.444788],[132.665252,35.44483],[132.665415,35.44478],[132.66559,35.444663],[132.665665,35.44453],[132.66569,35.44408],[132.665265,35.44348],[132.66504,35.443005],[132.66484,35.442397],[132.664878,35.440572],[132.664853,35.439964],[132.664953,35.439605],[132.665128,35.439464],[132.665228,35.439306],[132.665478,35.439064],[132.665615,35.439214],[132.66559,35.439397],[132.665278,35.439622],[132.66524,35.439964],[132.665265,35.440547],[132.665378,35.440889],[132.665777,35.442772],[132.66589,35.442955],[132.666065,35.442997],[132.666202,35.442972],[132.66644,35.442655],[132.666752,35.44288],[132.666852,35.442855],[132.667102,35.442713],[132.667677,35.442105],[132.668052,35.441564],[132.66819,35.44093],[132.66824,35.440139],[132.668315,35.440122],[132.66854,35.440214],[132.668652,35.440505],[132.668652,35.440797],[132.66874,35.441089],[132.66874,35.441314],[132.668552,35.442013],[132.668665,35.442163],[132.668852,35.442297],[132.668802,35.442388],[132.668415,35.442463],[132.668252,35.442555],[132.66809,35.442805],[132.667827,35.443322],[132.667665,35.443463],[132.667527,35.44363],[132.667415,35.443863],[132.66739,35.444063],[132.667527,35.444163],[132.66794,35.444247],[132.668027,35.444513],[132.668527,35.444605],[132.669527,35.444547],[132.669764,35.444572],[132.670289,35.444863],[132.670452,35.444838],[132.670739,35.444613],[132.671439,35.443772],[132.671502,35.443955],[132.671552,35.444263],[132.671389,35.444763],[132.671389,35.444871],[132.671564,35.444963],[132.671864,35.445013],[132.673227,35.444772],[132.673402,35.444772],[132.673127,35.444996],[132.672552,35.445205],[132.672114,35.44543],[132.671977,35.445555],[132.671752,35.445621],[132.671589,35.44573],[132.671539,35.445821],[132.671539,35.445905],[132.671614,35.446005],[132.671752,35.446046],[132.671952,35.446046],[132.672064,35.446088],[132.672227,35.446105],[132.672527,35.446063],[132.672864,35.445955],[132.673089,35.44633],[132.673389,35.44653],[132.673639,35.44673],[132.673752,35.44673],[132.673914,35.446821],[132.674301,35.447271],[132.674464,35.447405],[132.674664,35.447446],[132.674914,35.447446],[132.675164,35.44773],[132.675464,35.447796],[132.675714,35.447796],[132.675876,35.447755],[132.676064,35.447571],[132.676314,35.44743],[132.676589,35.44748],[132.676701,35.447446],[132.676839,35.447363],[132.676914,35.447221],[132.677026,35.447288],[132.677276,35.447563],[132.677501,35.44763],[132.677751,35.447655],[132.677989,35.44758],[132.678189,35.447421],[132.678401,35.447355],[132.678601,35.44713],[132.678714,35.447105],[132.678814,35.447213],[132.679014,35.447296],[132.679089,35.447188],[132.679114,35.44703],[132.679064,35.446696],[132.679139,35.446488],[132.679026,35.446263],[132.679076,35.446088],[132.679326,35.446105],[132.679351,35.445797],[132.679239,35.445388],[132.679039,35.444913],[132.678901,35.444755],[132.678576,35.44458],[132.678301,35.444488],[132.677964,35.444422],[132.677739,35.444288],[132.677901,35.444005],[132.677789,35.443863],[132.677764,35.44378],[132.677851,35.443705],[132.678239,35.44368],[132.678389,35.443497],[132.678426,35.443163],[132.678501,35.443072],[132.678701,35.443047],[132.678889,35.443063],[132.679026,35.443247],[132.679114,35.44378],[132.679451,35.444555],[132.679564,35.444688],[132.679676,35.444755],[132.679839,35.444772],[132.679889,35.444663],[132.679826,35.444322],[132.679939,35.44423],[132.680214,35.444097],[132.680351,35.444063],[132.680489,35.44418],[132.680651,35.444247],[132.680851,35.444272],[132.681013,35.444205],[132.681076,35.444138],[132.681076,35.443913],[132.680988,35.443663],[132.681151,35.443622],[132.681313,35.443663],[132.681451,35.443613],[132.681563,35.443497],[132.682001,35.443497],[132.682138,35.44348],[132.682188,35.443189],[132.682251,35.443155],[132.682638,35.443514],[132.682801,35.443605],[132.683051,35.44358],[132.683151,35.443514],[132.683213,35.443514],[132.683076,35.443805],[132.683113,35.443963],[132.683188,35.444063],[132.683551,35.44423],[132.683826,35.444188],[132.684038,35.444064],[132.684263,35.443847],[132.684388,35.443505],[132.684413,35.443014],[132.684551,35.442764],[132.684713,35.442164],[132.684701,35.441206],[132.684776,35.441097],[132.685113,35.441056],[132.685388,35.440956],[132.685663,35.440614],[132.685851,35.440564],[132.686376,35.440589],[132.686738,35.440697],[132.687063,35.440856],[132.687288,35.441056],[132.687263,35.441164],[132.68795,35.441656],[132.687738,35.441931],[132.687275,35.442272],[132.68735,35.442489],[132.687525,35.442697],[132.687663,35.442739],[132.68805,35.442805],[132.688075,35.442855],[132.688025,35.443147],[132.68775,35.443172],[132.687575,35.443147],[132.6872,35.443255],[132.686688,35.443555],[132.686463,35.443947],[132.686375,35.444264],[132.686413,35.444439],[132.686525,35.444614],[132.686863,35.444863],[132.687138,35.445022],[132.687025,35.44538],[132.686538,35.445922],[132.686375,35.446222],[132.686125,35.446197],[132.685875,35.446222],[132.685638,35.446313],[132.685438,35.446488],[132.685338,35.446813],[132.685313,35.447013],[132.685363,35.447172],[132.685375,35.447372],[132.68545,35.44783],[132.685125,35.447938],[132.684913,35.44818],[132.684838,35.448638],[132.68475,35.448863],[132.684563,35.44903],[132.683951,35.449096],[132.683901,35.449005],[132.683838,35.449013],[132.683626,35.449121],[132.683601,35.449213],[132.683276,35.449571],[132.683213,35.449705],[132.683476,35.44998],[132.683863,35.450196],[132.684463,35.450646],[132.684688,35.451163],[132.684838,35.451571],[132.684975,35.451771],[132.685113,35.451679],[132.685325,35.451296],[132.6859,35.450455],[132.685975,35.450438],[132.686038,35.450663],[132.686288,35.450838],[132.68655,35.45068],[132.686913,35.45068],[132.68705,35.45063],[132.6871,35.45043],[132.687163,35.450363],[132.687275,35.450355],[132.687525,35.450446],[132.687625,35.450446],[132.687763,35.450246],[132.688038,35.450221],[132.68815,35.450213],[132.688513,35.450596],[132.68865,35.450888],[132.688988,35.450863],[132.689562,35.45098],[132.689775,35.450771],[132.690275,35.45063],[132.69035,35.450521],[132.690275,35.45038],[132.690212,35.450138],[132.6904,35.449846],[132.690675,35.449955],[132.69085,35.449955],[132.691062,35.449996],[132.6912,35.449971],[132.691262,35.449638],[132.691087,35.449571],[132.690862,35.449521],[132.690862,35.449455],[132.691162,35.449421],[132.691337,35.449363],[132.691575,35.449088],[132.69175,35.449338],[132.6918,35.449363],[132.69235,35.449288],[132.692575,35.449305],[132.69275,35.449396],[132.69305,35.449805],[132.693125,35.449988],[132.692975,35.450121],[132.69305,35.45028],[132.693187,35.45038],[132.693412,35.450363],[132.693462,35.45043],[132.6935,35.450613],[132.6936,35.450613],[132.6938,35.450521],[132.693987,35.450471],[132.6941,35.450421],[132.694475,35.450021],[132.6945,35.449971],[132.694562,35.45013],[132.694725,35.450338],[132.695137,35.450213],[132.695337,35.45008],[132.695487,35.450105],[132.696187,35.450505],[132.696387,35.450571],[132.696549,35.450505],[132.696849,35.450471],[132.696962,35.450338],[132.696787,35.45003],[132.697037,35.449638],[132.697087,35.449305],[132.697174,35.449238],[132.697499,35.449555],[132.697637,35.449497],[132.697774,35.449363],[132.697962,35.449272],[132.698074,35.449138],[132.698349,35.44853],[132.698562,35.448988],[132.698712,35.449155],[132.698799,35.44918],[132.699099,35.449113],[132.699424,35.44888],[132.699637,35.44863],[132.699699,35.448613],[132.700137,35.448655],[132.700324,35.448463],[132.700537,35.448405],[132.700599,35.448488],[132.700737,35.448538],[132.700987,35.448513],[132.701287,35.448613],[132.701487,35.448613],[132.701624,35.44853],[132.701774,35.448122],[132.701886,35.44803],[132.702061,35.447989],[132.702136,35.447897],[132.702211,35.447355],[132.702286,35.447105],[132.702312,35.446814],[132.702074,35.446564],[132.702062,35.446472],[132.702811,35.446839],[132.703561,35.44728],[132.703749,35.447297],[132.703836,35.447205],[132.703799,35.447072],[132.703586,35.446672],[132.703611,35.446639],[132.703774,35.446672],[132.703974,35.446822],[132.704324,35.446997],[132.704486,35.446997],[132.704599,35.44703],[132.704711,35.447022],[132.704849,35.446822],[132.704474,35.445856],[132.704361,35.445672],[132.703261,35.445189],[132.703037,35.445072],[132.702624,35.444922],[132.702487,35.444714],[132.702574,35.444422],[132.702699,35.444314],[132.702812,35.444264],[132.703212,35.444306],[132.703387,35.444264],[132.703824,35.443897],[132.704099,35.443531],[132.704199,35.443422],[132.704286,35.443397],[132.704561,35.443422],[132.704674,35.443347],[132.704786,35.443148],[132.705136,35.443189],[132.705249,35.442631],[132.705211,35.442423],[132.705299,35.442239],[132.705461,35.442148],[132.705686,35.442106],[132.706149,35.442106],[132.706599,35.442673],[132.706786,35.442839],[132.706924,35.442889],[132.707149,35.442889],[132.707311,35.442789],[132.707536,35.442923],[132.708199,35.442939],[132.708636,35.442873],[132.708849,35.442806],[132.709024,35.442806],[132.709161,35.442748],[132.709261,35.442781],[132.709236,35.442556],[132.708961,35.442164],[132.708911,35.441614],[132.709136,35.441315],[132.709299,35.441181],[132.709524,35.441115],[132.710074,35.441081],[132.710324,35.441148],[132.710486,35.44124],[132.710598,35.441356],[132.710686,35.441506],[132.710661,35.44169],[132.710486,35.441831],[132.710411,35.442006],[132.710498,35.442139],[132.710773,35.442364],[132.711023,35.442473],[132.711523,35.442473],[132.711661,35.442631],[132.711786,35.442714],[132.712098,35.442673],[132.712348,35.442673],[132.712723,35.442731],[132.713086,35.442731],[132.713448,35.442598],[132.713661,35.442889],[132.713748,35.442898],[132.713973,35.442889],[132.714361,35.442923],[132.714686,35.443014],[132.715648,35.443098],[132.715785,35.443148],[132.715898,35.443348],[132.716035,35.443431],[132.716348,35.443498],[132.716873,35.443781],[132.71781,35.444123],[132.718523,35.444281],[132.719135,35.444564],[132.719373,35.444789],[132.719498,35.445014],[132.719685,35.445189],[132.72016,35.445414],[132.720547,35.445573],[132.72126,35.445748],[132.721735,35.445981],[132.72211,35.446148],[132.722247,35.446281],[132.722335,35.446681],[132.72246,35.446822],[132.722622,35.446789],[132.72326,35.446839],[132.723922,35.446972],[132.723922,35.446881],[132.724472,35.446856],[132.72476,35.446873],[132.725497,35.446731],[132.72546,35.446623],[132.72551,35.446581],[132.725947,35.446598],[132.726284,35.446523],[132.726447,35.446439],[132.726722,35.446414],[132.727409,35.446473],[132.729559,35.446506],[132.729747,35.446523],[132.730522,35.446523],[132.730822,35.446456],[132.731097,35.446456],[132.731484,35.446523],[132.732421,35.446556],[132.732721,35.446531],[132.733321,35.446339],[132.733546,35.446339],[132.734209,35.446456],[132.734546,35.446406],[132.734896,35.446298],[132.735359,35.446248],[132.735909,35.446381],[132.736321,35.446398],[132.736821,35.446339],[132.737259,35.446373],[132.737946,35.446539],[132.738908,35.446514],[132.739321,35.446539],[132.739996,35.446639],[132.740621,35.446614],[132.740933,35.446681],[132.741321,35.446839],[132.742246,35.446998],[132.742696,35.447031],[132.743658,35.447256],[132.744383,35.447448],[132.74482,35.447606],[132.745233,35.447723],[132.745583,35.447939],[132.74627,35.448306],[132.747391,35.448737],[132.747533,35.448789],[132.74842,35.449264],[132.748745,35.449764],[132.750345,35.449223],[132.750157,35.448789],[132.750107,35.448456],[132.749857,35.448089],[132.75002,35.448089],[132.750157,35.447598],[132.751145,35.447373],[132.75212,35.447348],[132.75292,35.447556],[132.75347,35.447623],[132.755619,35.448506],[132.756119,35.448981],[132.756644,35.449564],[132.756844,35.449723],[132.757444,35.450106],[132.757832,35.450473],[132.756894,35.450806],[132.757307,35.451689],[132.757557,35.452097],[132.756457,35.452522],[132.755619,35.451914],[132.755207,35.452256],[132.755707,35.452814],[132.756282,35.454222],[132.756757,35.455122],[132.757144,35.45603],[132.757194,35.456047],[132.757557,35.455955],[132.758244,35.455664],[132.758744,35.45553],[132.759019,35.456047],[132.759019,35.456522],[132.758944,35.45683],[132.758744,35.456897],[132.758532,35.456897],[132.758394,35.456897],[132.758194,35.456914],[132.758069,35.456914],[132.757869,35.456914],[132.757732,35.456905],[132.757644,35.456872],[132.757157,35.456905],[132.757119,35.456822],[132.757057,35.456739],[132.757007,35.45663],[132.756919,35.45658],[132.755757,35.45633],[132.754457,35.456938],[132.754519,35.457063],[132.752332,35.458088],[132.752407,35.458213],[132.752419,35.458288],[132.752432,35.458388],[132.752419,35.458463],[132.752444,35.458522],[132.752444,35.458638],[132.752094,35.458863],[132.750995,35.459113],[132.750132,35.45948],[132.750082,35.459563],[132.749945,35.45968],[132.749807,35.45968],[132.749245,35.459996],[132.74862,35.460313],[132.747757,35.460871],[132.747391,35.461144],[132.747257,35.461321],[132.747057,35.461455],[132.74567,35.461888],[132.744645,35.462288],[132.744482,35.462396],[132.744295,35.462763],[132.744182,35.462804],[132.744045,35.462738],[132.743332,35.462829],[132.74257,35.463246],[132.742132,35.463646],[132.741307,35.464063],[132.740733,35.464313],[132.739745,35.464654],[132.739358,35.464838],[132.738933,35.465004],[132.738708,35.464979],[132.738433,35.465004],[132.738158,35.465087],[132.736733,35.465979],[132.736158,35.466237],[132.735808,35.466437],[132.735445,35.466554],[132.73512,35.466604],[132.734895,35.466579],[132.733833,35.466812],[132.733658,35.466812],[132.733583,35.466696],[132.733408,35.466637],[132.733133,35.466704],[132.732621,35.466904],[132.732171,35.467179],[132.731871,35.467204],[132.731083,35.467504],[132.730833,35.467679],[132.730696,35.467679],[132.730533,35.46762],[132.730171,35.467737],[132.730008,35.46812],[132.729683,35.468137],[132.729058,35.468687],[132.728783,35.468779],[132.728508,35.468795],[132.727721,35.469278],[132.727583,35.469487],[132.727471,35.469712],[132.727471,35.469903],[132.727421,35.470095],[132.727283,35.470262],[132.726896,35.470503],[132.727058,35.470545],[132.727196,35.470428],[132.727446,35.470387],[132.727646,35.470262],[132.727721,35.470178],[132.727808,35.470153],[132.727721,35.47022],[132.727696,35.470428],[132.727783,35.470537],[132.727896,35.470603],[132.727983,35.470603],[132.728471,35.470428],[132.728746,35.470312],[132.728858,35.470445],[132.728858,35.470512],[132.728746,35.47062],[132.728721,35.470737],[132.728808,35.470828],[132.728996,35.470845],[132.729221,35.470803],[132.729508,35.470603],[132.730058,35.470503],[132.730533,35.470295],[132.730783,35.470137],[132.730858,35.470045],[132.731271,35.469778],[132.731521,35.469528],[132.731521,35.469479],[132.731621,35.469412],[132.732121,35.469529],[132.732146,35.46957],[132.73242,35.46972],[132.73267,35.469745],[132.733033,35.469587],[132.734245,35.469804],[132.734595,35.469962],[132.734908,35.470162],[132.73502,35.470278],[132.735045,35.47052],[132.734883,35.470503],[132.734633,35.470562],[132.734583,35.470612],[132.734508,35.470795],[132.734508,35.470903],[132.73497,35.47097],[132.735195,35.470878],[132.735358,35.470878],[132.73552,35.47107],[132.735583,35.471262],[132.735745,35.47137],[132.735833,35.471395],[132.735833,35.471578],[132.73592,35.471687],[132.736308,35.471703],[132.73632,35.47157],[132.736595,35.471545],[132.736858,35.47157],[132.73687,35.471545],[132.736795,35.47122],[132.736595,35.471145],[132.73657,35.471095],[132.73692,35.470737],[132.737308,35.470687],[132.737532,35.470662],[132.737695,35.47077],[132.737857,35.47082],[132.737907,35.470795],[132.737945,35.470304],[132.738107,35.470295],[132.73827,35.470412],[132.738432,35.470612],[132.738607,35.471087],[132.73877,35.471087],[132.739157,35.47117],[132.739295,35.471062],[132.739632,35.471195],[132.739982,35.471253],[132.740257,35.471212],[132.740507,35.470987],[132.74067,35.47092],[132.740782,35.470912],[132.740807,35.470979],[132.741257,35.47127],[132.74142,35.471337],[132.741395,35.471404],[132.741282,35.471495],[132.741195,35.471628],[132.741232,35.47177],[132.741482,35.471837],[132.74142,35.471995],[132.741457,35.472103],[132.741595,35.472128],[132.74187,35.472078],[132.742132,35.471695],[132.74227,35.471728],[132.74222,35.472012],[132.742257,35.472053],[132.742495,35.47212],[132.742857,35.472162],[132.742969,35.472253],[132.742744,35.472437],[132.742744,35.472503],[132.743057,35.47257],[132.743607,35.472362],[132.743844,35.47247],[132.744157,35.472495],[132.744569,35.472453],[132.745007,35.472312],[132.745307,35.472029],[132.745507,35.472012],[132.745719,35.471895],[132.745907,35.47172],[132.746069,35.471695],[132.746244,35.471779],[132.746294,35.471845],[132.746419,35.471929],[132.746594,35.472062],[132.746782,35.472062],[132.746894,35.47212],[132.746994,35.472137],[132.747194,35.47217],[132.747319,35.472154],[132.74739,35.472118],[132.747569,35.472279],[132.747907,35.472753],[132.747869,35.472803],[132.747707,35.472803],[132.747544,35.473003],[132.747594,35.473253],[132.748006,35.473528],[132.748619,35.473662],[132.750031,35.473887],[132.750244,35.474045],[132.750281,35.474162],[132.749894,35.474362],[132.749944,35.474428],[132.750744,35.474387],[132.751081,35.47427],[132.751406,35.474228],[132.751994,35.474028],[132.752069,35.47427],[132.752019,35.474703],[132.752181,35.475112],[132.752094,35.47527],[132.752294,35.475361],[132.752431,35.47547],[132.752656,35.475495],[132.753231,35.475653],[132.753344,35.475695],[132.753456,35.47622],[132.753644,35.47642],[132.753619,35.47667],[132.753419,35.476695],[132.753369,35.476803],[132.753506,35.476936],[132.753344,35.477053],[132.753868,35.47712],[132.754231,35.476986],[132.754231,35.476778],[132.754418,35.476328],[132.754418,35.476195],[132.754643,35.476061],[132.755081,35.475945],[132.755381,35.475928],[132.755468,35.476103],[132.756318,35.475786],[132.757118,35.47577],[132.757756,35.475495],[132.758281,35.475361],[132.758893,35.475428],[132.759468,35.47557],[132.759918,35.475745],[132.759993,35.475953],[132.760243,35.47622],[132.760606,35.476136],[132.760881,35.47627],[132.761155,35.47647],[132.761818,35.47672],[132.762505,35.477086],[132.762593,35.477153],[132.76268,35.477328],[132.763005,35.47747],[132.763255,35.477445],[132.764118,35.477603],[132.764668,35.477578],[132.765105,35.477445],[132.765768,35.477745],[132.766155,35.478036],[132.766701,35.478259],[132.766813,35.478276],[132.767455,35.478061],[132.768117,35.478011],[132.768638,35.478101],[132.769417,35.477944],[132.76963,35.477836],[132.77058,35.477811],[132.771405,35.478036],[132.771517,35.478036],[132.771763,35.478168],[132.772567,35.478444],[132.772892,35.478828],[132.773167,35.479103],[132.773692,35.479169],[132.774167,35.479353],[132.774742,35.479378],[132.775217,35.479328],[132.775379,35.479286],[132.775429,35.479803],[132.775154,35.479869],[132.775054,35.479961],[132.775104,35.480211],[132.774992,35.480411],[132.774967,35.480552],[132.775679,35.480594],[132.776154,35.480436],[132.776766,35.480144],[132.777116,35.480078],[132.777341,35.480103],[132.777454,35.480302],[132.777841,35.480419],[132.778141,35.480577],[132.778666,35.480486],[132.778804,35.480419],[132.778779,35.480394],[132.778054,35.480369],[132.777754,35.480236],[132.777504,35.480078],[132.777529,35.479961],[132.777316,35.479878],[132.777429,35.479669],[132.777704,35.479403],[132.777954,35.479494],[132.778916,35.479128],[132.779029,35.478969],[132.779654,35.478969],[132.779966,35.479086],[132.780016,35.479194],[132.781154,35.479203],[132.781516,35.479378],[132.781866,35.479719],[132.782478,35.480511],[132.782841,35.480786],[132.785041,35.480919],[132.785516,35.480919],[132.786065,35.481144],[132.787278,35.481169],[132.787615,35.481236],[132.78839,35.481302],[132.78869,35.481261],[132.789578,35.481261],[132.79029,35.481644],[132.790815,35.482394],[132.791015,35.482802],[132.79129,35.483052],[132.79214,35.483136],[132.793552,35.482936],[132.793852,35.483211],[132.793889,35.483777],[132.794027,35.483861],[132.794964,35.484136],[132.795902,35.484252],[132.796064,35.484202],[132.796089,35.484111],[132.796039,35.483752],[132.796152,35.483552],[132.796477,35.483569],[132.796652,35.484227],[132.797339,35.484161],[132.797552,35.484094],[132.797664,35.484027],[132.797314,35.483819],[132.797339,35.483644],[132.797527,35.483594],[132.798164,35.483819],[132.798051,35.483977],[132.798414,35.483977],[132.798689,35.483777],[132.800401,35.483511],[132.800814,35.483669],[132.800976,35.483986],[132.800926,35.484319],[132.801226,35.484686],[132.801614,35.484935],[132.801814,35.484935],[132.802001,35.485044],[132.802363,35.485885],[132.802388,35.486469],[132.802176,35.487102],[132.802063,35.487802],[132.801976,35.48791],[132.801951,35.488093],[132.801901,35.488093],[132.801726,35.48821],[132.801976,35.488227],[132.802063,35.488343],[132.801563,35.488368],[132.801701,35.488527],[132.802226,35.48866],[132.802451,35.488752],[132.802776,35.489018],[132.802951,35.488977],[132.803613,35.489093],[132.803613,35.489177],[132.803476,35.489335],[132.804576,35.490043],[132.804851,35.49011],[132.80505,35.490268],[132.804938,35.490693],[132.804888,35.491168],[132.805125,35.491443],[132.805625,35.49176],[132.805963,35.491827],[132.806013,35.491868],[132.805875,35.49221],[132.806325,35.492501],[132.806325,35.492551],[132.8061,35.492685],[132.806188,35.49271],[132.8066,35.493093],[132.806713,35.493118],[132.806875,35.493026],[132.807263,35.493276],[132.80715,35.493435],[132.807375,35.493568],[132.808063,35.49386],[132.808287,35.49391],[132.808387,35.493635],[132.80875,35.49361],[132.809,35.493276],[132.8093,35.493226],[132.809475,35.49366],[132.809475,35.493885],[132.80975,35.494018],[132.809825,35.494176],[132.809937,35.494585],[132.81005,35.494651],[132.810237,35.494518],[132.810387,35.494585],[132.810387,35.494718],[132.810762,35.494718],[132.811325,35.494993],[132.811537,35.495193],[132.811625,35.495443],[132.811537,35.495668],[132.81135,35.495876],[132.811787,35.496126],[132.8122,35.495918],[132.8124,35.496035],[132.812212,35.496326],[132.812587,35.496376],[132.812812,35.496485],[132.812737,35.496826],[132.813199,35.497168],[132.813699,35.49721],[132.814174,35.497526],[132.815162,35.498026],[132.816549,35.498526],[132.817211,35.498343],[132.816961,35.497985],[132.817374,35.498051],[132.817486,35.498118],[132.817811,35.498051],[132.817699,35.497801],[132.817349,35.497326],[132.817699,35.497051],[132.818174,35.497126],[132.818361,35.49721],[132.818474,35.497418],[132.819111,35.497735],[132.819249,35.497551],[132.819474,35.497601],[132.819936,35.497868],[132.820074,35.497918],[132.820161,35.497601],[132.820161,35.497418],[132.820961,35.497418],[132.822073,35.497668],[132.822148,35.497668],[132.822398,35.498051],[132.822536,35.498143],[132.822986,35.498118],[132.822973,35.497718],[132.823286,35.497493],[132.823811,35.497668],[132.824061,35.497402],[132.824161,35.497402],[132.824473,35.497218],[132.824498,35.497127],[132.824861,35.497193],[132.824973,35.497693],[132.824936,35.49781],[132.825048,35.49781],[132.825073,35.497693],[132.825023,35.497693],[132.825111,35.497377],[132.825161,35.497352],[132.825273,35.497152],[132.825573,35.497243],[132.825823,35.497785],[132.825848,35.49806],[132.825573,35.498102],[132.825773,35.498693],[132.825823,35.499185],[132.825611,35.49941],[132.825911,35.499635],[132.826185,35.499776],[132.826348,35.500026],[132.82666,35.500226],[132.826935,35.500251],[132.827185,35.50036],[132.827323,35.50066],[132.827073,35.500726],[132.827123,35.500993],[132.827298,35.501426],[132.827785,35.501835],[132.828673,35.502326],[132.828785,35.502418],[132.828898,35.502785],[132.829285,35.503026],[132.829785,35.502643],[132.830223,35.502668],[132.830223,35.502718],[132.830697,35.503051],[132.830722,35.503118],[132.830747,35.503501],[132.83061,35.503768],[132.830522,35.504034],[132.830135,35.504034],[132.830197,35.504259],[132.830385,35.504551],[132.830572,35.504643],[132.830797,35.504943],[132.830785,35.505009],[132.83121,35.505101],[132.831835,35.505309],[132.832135,35.505284],[132.83231,35.504976],[132.832585,35.504909],[132.832835,35.504951],[132.83311,35.504959],[132.833247,35.505051],[132.833335,35.505051],[132.83416,35.505193],[132.83421,35.504968],[132.834272,35.504918],[132.834522,35.504851],[132.834547,35.504701],[132.834522,35.504543],[132.834435,35.504468],[132.834497,35.504493],[132.834572,35.504426],[132.83496,35.50436],[132.835234,35.504526],[132.835484,35.504593],[132.835509,35.504551],[132.835622,35.504568],[132.836097,35.504326],[132.836234,35.504351],[132.836834,35.50456],[132.837497,35.504851],[132.837659,35.50481],[132.837834,35.504701],[132.837584,35.50461],[132.837009,35.50431],[132.837059,35.504268],[132.837659,35.503118],[132.837409,35.502901],[132.837547,35.502718],[132.837784,35.50261],[132.837984,35.502652],[132.838872,35.50311],[132.839059,35.50311],[132.838372,35.502702],[132.838484,35.50261],[132.838697,35.502702],[132.838759,35.50261],[132.838647,35.502477],[132.838759,35.502385],[132.839172,35.502427],[132.839422,35.502427],[132.839972,35.50236],[132.840309,35.502518],[132.840747,35.502677],[132.841159,35.502902],[132.841709,35.503118],[132.841796,35.503268],[132.842071,35.503427],[132.842534,35.503768],[132.842784,35.50386],[132.843159,35.504135],[132.843546,35.504477],[132.843771,35.50461],[132.844346,35.504818],[132.844871,35.505118],[132.845384,35.505527],[132.845796,35.505752],[132.846233,35.505843],[132.846596,35.506093],[132.846946,35.506502],[132.847771,35.506827],[132.847971,35.506802],[132.848633,35.506402],[132.848771,35.506385],[132.849571,35.506568],[132.849958,35.506802],[132.850171,35.506868],[132.85072,35.507393],[132.851045,35.507527],[132.851295,35.50721],[132.851383,35.506918],[132.851695,35.50661],[132.852133,35.506385],[132.852583,35.506435],[132.852908,35.50666],[132.853045,35.506885],[132.85317,35.507427],[132.853395,35.507752],[132.853583,35.507768],[132.853883,35.507935],[132.853945,35.50816],[132.854183,35.508343],[132.854383,35.508293],[132.854708,35.508477],[132.85482,35.508685],[132.854695,35.50931],[132.854783,35.50936],[132.85547,35.509885],[132.856132,35.510093],[132.856382,35.51011],[132.856407,35.509935],[132.856382,35.509843],[132.856495,35.509527],[132.85672,35.509418],[132.856995,35.509402],[132.857107,35.509285],[132.857382,35.508743],[132.857407,35.508593],[132.858157,35.508394],[132.858607,35.50806],[132.85902,35.50761],[132.85927,35.507677],[132.859957,35.508094],[132.860095,35.508002],[132.859707,35.507685],[132.859582,35.507477],[132.860182,35.507285],[132.860432,35.507327],[132.860207,35.507669],[132.860345,35.50771],[132.86057,35.507577],[132.86087,35.507785],[132.860982,35.508102],[132.86087,35.508435],[132.860895,35.508569],[132.860857,35.508727],[132.860782,35.508844],[132.861357,35.50896],[132.86147,35.509002],[132.861632,35.509227],[132.861732,35.50961],[132.862007,35.51011],[132.86192,35.51031],[132.862145,35.510677],[132.862132,35.510743],[132.862632,35.510952],[132.862882,35.51111],[132.863419,35.51181],[132.863619,35.511952],[132.864032,35.512068],[132.864057,35.512293],[132.864332,35.512677],[132.864494,35.512652],[132.864569,35.512993],[132.864957,35.513243],[132.865182,35.513068],[132.865782,35.513043],[132.866007,35.513293],[132.866444,35.513368],[132.866607,35.513302],[132.866869,35.512602],[132.867344,35.512002],[132.867919,35.511919],[132.868507,35.511719],[132.868619,35.511652],[132.868757,35.511427],[132.869257,35.511094],[132.869831,35.510919],[132.870244,35.51096],[132.870969,35.510927],[132.871444,35.510702],[132.871631,35.510661],[132.871994,35.510527],[132.872378,35.510408],[132.872669,35.510427],[132.872994,35.510377],[132.874394,35.510461],[132.875006,35.510394],[132.875756,35.510427],[132.876194,35.510269],[132.876756,35.510161],[132.878494,35.510627],[132.879319,35.510544],[132.879381,35.511036],[132.879493,35.511152],[132.880756,35.511661],[132.880781,35.511711],[132.880806,35.511552],[132.880568,35.511327],[132.879856,35.511077],[132.879543,35.510861],[132.879506,35.510611],[132.879593,35.510536],[132.879981,35.510619],[132.880343,35.510636],[132.880731,35.510786],[132.881031,35.510961],[132.881431,35.511052],[132.881918,35.511011],[132.882443,35.510911],[132.883318,35.510761],[132.883868,35.510611],[132.884418,35.510503],[132.884743,35.510594],[132.885006,35.510819],[132.885443,35.510828],[132.885781,35.510619],[132.886018,35.510503],[132.886243,35.510453],[132.886618,35.510486],[132.886956,35.510578],[132.887118,35.510553],[132.887656,35.510628],[132.888106,35.510528],[132.888631,35.510503],[132.889143,35.510553],[132.889606,35.510519],[132.890056,35.510811],[132.890856,35.511086],[132.890943,35.511044],[132.89198,35.511761],[132.892543,35.511953],[132.892955,35.512311],[132.893143,35.512394],[132.893818,35.512561],[132.894518,35.512686],[132.896168,35.512744],[132.896368,35.512711],[132.897168,35.512694],[132.897905,35.512594],[132.898568,35.512536],[132.899155,35.512569],[132.899805,35.512486],[132.90058,35.512269],[132.901068,35.512078],[132.901655,35.512228],[132.90223,35.512328],[132.90238,35.512328],[132.902805,35.512228],[132.90313,35.512019],[132.903742,35.511786],[132.904205,35.511711],[132.90478,35.511536],[132.905942,35.511811],[132.907655,35.512069],[132.90783,35.512061],[132.90843,35.511961],[132.90868,35.512003],[132.909542,35.512528],[132.91048,35.512978],[132.911242,35.513153],[132.911804,35.513186],[132.912217,35.513261],[132.912417,35.513419],[132.912542,35.513753],[132.913042,35.513994],[132.913317,35.514053],[132.913817,35.514011],[132.914567,35.514278],[132.915267,35.514869],[132.915629,35.515094],[132.916054,35.515269],[132.916366,35.515461],[132.916391,35.515752],[132.916341,35.516061],[132.916454,35.516236],[132.916716,35.516402],[132.916766,35.516411],[132.916891,35.516344],[132.916541,35.516086],[132.916579,35.515394],[132.917241,35.515511],[132.917279,35.515919],[132.917066,35.516102],[132.917241,35.516119],[132.917441,35.516369],[132.917529,35.516677],[132.917491,35.516752],[132.917591,35.517061],[132.918016,35.517394],[132.918629,35.517602],[132.918791,35.517602],[132.919641,35.517702],[132.920041,35.518027],[132.920491,35.518227],[132.920803,35.518227],[132.921103,35.518036],[132.921203,35.517719],[132.921878,35.517294],[132.922966,35.517269],[132.923303,35.517186],[132.923866,35.516936],[132.924003,35.516786],[132.924178,35.516777],[132.924366,35.516611],[132.924578,35.516552],[132.925441,35.516053],[132.925841,35.516053],[132.927415,35.516328],[132.927665,35.516419],[132.928878,35.516419],[132.929353,35.516453],[132.93064,35.516353],[132.931015,35.516394],[132.931178,35.516419],[132.931228,35.516394],[132.931253,35.516236],[132.93139,35.516119],[132.93169,35.516153],[132.93204,35.516378],[132.932165,35.516619],[132.93259,35.516794],[132.932902,35.516994],[132.933202,35.517103],[132.933227,35.516853],[132.93319,35.516744],[132.93339,35.516603],[132.933852,35.516686],[132.93444,35.516561],[132.935002,35.516394],[132.936127,35.515919],[132.93684,35.515953],[132.938889,35.515303],[132.939439,35.515069],[132.939527,35.515103],[132.939677,35.515194],[132.939764,35.515136],[132.939377,35.514836],[132.939689,35.514578],[132.939889,35.514553],[132.940164,35.514828],[132.941064,35.514928],[132.941452,35.515094],[132.941489,35.515361],[132.941464,35.515678],[132.941389,35.516003],[132.941789,35.516353],[132.942389,35.516253],[132.942651,35.516353],[132.942976,35.516194],[132.943351,35.516253],[132.943826,35.516111],[132.944376,35.516011],[132.944926,35.516336],[132.945014,35.516353],[132.945426,35.516303],[132.945839,35.516186],[132.946264,35.516211],[132.946664,35.516053],[132.947001,35.516253],[132.947114,35.516386],[132.947626,35.516986],[132.948163,35.517153],[132.948913,35.517594],[132.949363,35.517719],[132.950038,35.517553],[132.950488,35.517528],[132.951063,35.517728],[132.951913,35.518103],[132.952138,35.518278],[132.952513,35.518261],[132.95285,35.518186],[132.95295,35.518211],[132.95345,35.518211],[132.953875,35.518411],[132.953975,35.518803],[132.954113,35.519044],[132.954313,35.519044],[132.954625,35.518861],[132.954813,35.518678],[132.95465,35.518253],[132.954863,35.518203],[132.954913,35.518136],[132.955275,35.518036],[132.955675,35.517844],[132.955763,35.517844],[132.956275,35.517586],[132.956275,35.517519],[132.956413,35.517361],[132.956988,35.517161],[132.957175,35.517145],[132.957587,35.517028],[132.958125,35.516695],[132.95865,35.516661],[132.959225,35.516295],[132.960062,35.515895],[132.96085,35.515478],[132.961487,35.51542],[132.96215,35.51527],[132.962687,35.515103],[132.963874,35.515012],[132.964262,35.51502],[132.964562,35.514837],[132.965112,35.514695],[132.965437,35.514712],[132.965624,35.514662],[132.966099,35.51472],[132.966237,35.514812],[132.966412,35.515104],[132.967499,35.515104],[132.968324,35.515245],[132.968524,35.515304],[132.969211,35.515387],[132.969774,35.515645],[132.970849,35.515895],[132.971411,35.516212],[132.971811,35.516504],[132.972498,35.51687],[132.973236,35.517562],[132.97481,35.519562],[132.97531,35.520387],[132.975485,35.520929],[132.975785,35.52162],[132.97586,35.522187],[132.975698,35.522812],[132.975623,35.522953],[132.97516,35.52307],[132.974498,35.523153],[132.97446,35.522653],[132.974348,35.522428],[132.973998,35.522487],[132.974173,35.523178],[132.97346,35.523245],[132.972848,35.523436],[132.972635,35.523545],[132.97206,35.523945],[132.971548,35.524361],[132.971673,35.524586],[132.97191,35.524445],[132.972373,35.524053],[132.972698,35.52382],[132.97321,35.523578],[132.974998,35.523237],[132.97511,35.523228],[132.975123,35.523528],[132.974585,35.52372],[132.974623,35.523886],[132.974485,35.524011],[132.974535,35.524328],[132.974373,35.524386],[132.974373,35.524536],[132.97451,35.524553],[132.974573,35.524936],[132.974385,35.525161],[132.974223,35.525695],[132.974423,35.525686],[132.97466,35.525811],[132.974473,35.526245],[132.974323,35.526494],[132.973485,35.526403],[132.97291,35.526378],[132.972848,35.526769],[132.97311,35.526878],[132.974223,35.526961],[132.974423,35.527061],[132.974373,35.527394],[132.974235,35.527578],[132.973635,35.527469],[132.972635,35.527428],[132.971548,35.526228],[132.971473,35.526119],[132.971435,35.525986],[132.971448,35.525311],[132.971173,35.525294],[132.971173,35.525403],[132.971173,35.525494],[132.971286,35.525494],[132.971273,35.525753],[132.971273,35.526103],[132.970648,35.526428],[132.970648,35.526561],[132.97116,35.527253],[132.971348,35.527653],[132.97131,35.527694],[132.970285,35.528102],[132.969861,35.528261],[132.969123,35.528594],[132.968586,35.528769],[132.968536,35.528652],[132.968248,35.528611],[132.968111,35.528386],[132.968136,35.528252],[132.968248,35.528144],[132.968123,35.528069],[132.968073,35.527944],[132.967873,35.527944],[132.966923,35.526202],[132.966973,35.525977],[132.966886,35.525911],[132.966536,35.525344],[132.966311,35.525378],[132.966524,35.525894],[132.967136,35.527194],[132.968136,35.528819],[132.968586,35.529919],[132.968573,35.530044],[132.967948,35.530644],[132.967936,35.530944],[132.967998,35.53121],[132.967536,35.531469],[132.967323,35.531694],[132.967573,35.53176],[132.967798,35.531777],[132.968523,35.531544],[132.968636,35.531585],[132.968698,35.53181],[132.96876,35.531869],[132.969085,35.531777],[132.969173,35.53171],[132.969473,35.531702],[132.969473,35.531944],[132.969598,35.532169],[132.969485,35.532427],[132.969298,35.532727],[132.96951,35.53301],[132.969335,35.533118],[132.969298,35.533277],[132.96911,35.533402],[132.969123,35.533593],[132.968973,35.533677],[132.96901,35.533785],[132.96951,35.534135],[132.969435,35.534293],[132.969198,35.534285],[132.969023,35.534368],[132.968898,35.534668],[132.96836,35.535102],[132.968185,35.535177],[132.967773,35.535643],[132.967773,35.535818],[132.967998,35.536093],[132.968348,35.536235],[132.968773,35.536468],[132.96886,35.536718],[132.968735,35.537051],[132.968798,35.537393],[132.968773,35.537576],[132.969235,35.538285],[132.969385,35.538801],[132.96931,35.539068],[132.968885,35.539309],[132.968335,35.539543],[132.968173,35.539568],[132.968235,35.539768],[132.96821,35.539951],[132.968398,35.540509],[132.968723,35.540618],[132.969123,35.540609],[132.96911,35.540859],[132.968735,35.541043],[132.968648,35.540859],[132.968585,35.540893],[132.968423,35.541884],[132.968273,35.542134],[132.967548,35.541767],[132.967423,35.541651],[132.967285,35.541676],[132.967323,35.541767],[132.968085,35.542226],[132.96811,35.542409],[132.967873,35.542842],[132.96791,35.543401],[132.968135,35.543626],[132.968472,35.543367],[132.96851,35.543401],[132.96836,35.543567],[132.96836,35.543626],[132.96851,35.543734],[132.968747,35.543701],[132.968985,35.543784],[132.969247,35.543692],[132.969547,35.543376],[132.96966,35.543301],[132.96961,35.543576],[132.969422,35.543876],[132.969597,35.544134],[132.969647,35.544134],[132.969985,35.544376],[132.970397,35.544392],[132.970947,35.544117],[132.97101,35.544476],[132.971172,35.544626],[132.97151,35.544534],[132.971935,35.544009],[132.972285,35.543684],[132.972909,35.543376],[132.973434,35.543434],[132.973947,35.543043],[132.974197,35.543084],[132.974284,35.543034],[132.974447,35.543018],[132.974509,35.543034],[132.974584,35.542943],[132.974884,35.542734],[132.975347,35.542651],[132.975534,35.542409],[132.975309,35.542076],[132.975272,35.541893],[132.975397,35.541459],[132.975459,35.54076],[132.975609,35.540443],[132.975859,35.540443],[132.976234,35.540718],[132.976884,35.54081],[132.977109,35.540901],[132.977334,35.540835],[132.977697,35.540935],[132.978072,35.540943],[132.978584,35.540826],[132.979034,35.540893],[132.979271,35.540776],[132.979421,35.54086],[132.979771,35.540843],[132.980146,35.540726],[132.979984,35.541276],[132.980009,35.541468],[132.980109,35.541576],[132.980284,35.54166],[132.980771,35.54166],[132.981021,35.541535],[132.981146,35.541601],[132.981359,35.541576],[132.981446,35.54176],[132.981671,35.542043],[132.981459,35.54216],[132.981221,35.54241],[132.980621,35.542743],[132.980321,35.542768],[132.980234,35.542743],[132.980046,35.542951],[132.979934,35.543018],[132.979484,35.543618],[132.979271,35.544101],[132.979309,35.544426],[132.979671,35.544601],[132.979684,35.544851],[132.979384,35.545018],[132.978159,35.545559],[132.978021,35.545542],[132.977721,35.545751],[132.977809,35.545809],[132.978034,35.545784],[132.978334,35.545976],[132.978421,35.545934],[132.978534,35.546134],[132.978921,35.546217],[132.979084,35.546226],[132.979096,35.546084],[132.979634,35.545717],[132.979896,35.545842],[132.980021,35.545826],[132.980109,35.545592],[132.980171,35.545542],[132.980634,35.545659],[132.980771,35.545626],[132.980721,35.545451],[132.980746,35.545418],[132.981034,35.545418],[132.981071,35.545434],[132.981346,35.545251],[132.981546,35.545384],[132.981658,35.545401],[132.981883,35.545626],[132.981983,35.545959],[132.982296,35.546584],[132.982171,35.546859],[132.982496,35.546851],[132.982733,35.546509],[132.982983,35.546484],[132.983196,35.546384],[132.983271,35.545976],[132.983321,35.545893],[132.983321,35.545551],[132.983483,35.545393],[132.983608,35.545151],[132.984083,35.545201],[132.984083,35.545151],[132.983858,35.544959],[132.983858,35.544918],[132.983658,35.544693],[132.983808,35.544484],[132.984258,35.544568],[132.984696,35.544468],[132.984833,35.544534],[132.984896,35.544734],[132.984658,35.545001],[132.984596,35.545034],[132.984608,35.545168],[132.984683,35.545168],[132.984808,35.545501],[132.984983,35.545793],[132.985171,35.545834],[132.985221,35.545809],[132.985508,35.545851],[132.985608,35.545801],[132.985745,35.545809],[132.986045,35.545343],[132.985983,35.545151],[132.985983,35.544876],[132.986245,35.544576],[132.986345,35.544276],[132.987008,35.544085],[132.98727,35.543926],[132.98737,35.543743],[132.98757,35.543643],[132.988008,35.543526],[132.98842,35.543293],[132.988908,35.543218],[132.989545,35.543068],[132.989845,35.543451],[132.989858,35.543743],[132.98977,35.544235],[132.989545,35.544335],[132.989495,35.544668],[132.989533,35.544785],[132.989845,35.545409],[132.989808,35.545593],[132.99002,35.545651],[132.990032,35.545993],[132.989957,35.546126],[132.989882,35.546559],[132.989695,35.546943],[132.98972,35.547259],[132.989907,35.547234],[132.990145,35.546959],[132.99057,35.546726],[132.991232,35.546193],[132.99157,35.545859],[132.991632,35.545676],[132.991557,35.545643],[132.991357,35.54571],[132.991282,35.545301],[132.991182,35.544918],[132.99137,35.54466],[132.991195,35.54426],[132.99137,35.544343],[132.991782,35.544201],[132.992132,35.544285],[132.992407,35.544126],[132.99257,35.54396],[132.992845,35.543818],[132.992782,35.543551],[132.992932,35.543302],[132.992982,35.542893],[132.99272,35.54261],[132.993545,35.541377],[132.993845,35.541343],[132.994182,35.541452],[132.99422,35.541818],[132.994182,35.542243],[132.994345,35.54246],[132.994845,35.542368],[132.99507,35.542543],[132.99557,35.54271],[132.99552,35.543002],[132.995432,35.543202],[132.995207,35.54331],[132.994895,35.543343],[132.994782,35.543443],[132.994845,35.543543],[132.995269,35.543693],[132.995769,35.543502],[132.995944,35.54331],[132.996494,35.543118],[132.996744,35.54311],[132.996932,35.54296],[132.996807,35.54276],[132.997365,35.542282],[132.999094,35.542402],[132.999094,35.542219],[132.998044,35.542177],[132.998044,35.540894],[132.998182,35.540894],[132.998219,35.54031],[132.998044,35.540285],[132.998082,35.53961],[132.998157,35.539402],[133.000332,35.539377],[133.001431,35.540352],[133.001406,35.540644],[133.001131,35.540935],[133.001019,35.541202],[133.001156,35.54181],[133.001231,35.541902],[133.001206,35.54211],[133.001231,35.542152],[133.001369,35.542127],[133.001619,35.541902],[133.001731,35.541952],[133.001594,35.542219],[133.001594,35.542352],[133.001819,35.54231],[133.001894,35.542127],[133.002231,35.541902],[133.002306,35.541794],[133.002369,35.54181],[133.002444,35.541969],[133.002469,35.542127],[133.002556,35.542285],[133.002694,35.542285],[133.002994,35.541994],[133.003156,35.541902],[133.003019,35.541519],[133.002856,35.541319],[133.002944,35.541069],[133.002919,35.540727],[133.002944,35.540644],[133.002919,35.540302],[133.003331,35.540302],[133.003569,35.540144],[133.003819,35.540102],[133.004144,35.540119],[133.004281,35.540186],[133.004394,35.540327],[133.004644,35.540344],[133.004781,35.540302],[133.005006,35.540436],[133.005169,35.540477],[133.005419,35.540436],[133.005606,35.540302],[133.005793,35.540236],[133.006131,35.540011],[133.006156,35.539869],[133.006131,35.539827],[133.005793,35.539986],[133.005831,35.539894],[133.005993,35.539694],[133.006131,35.539627],[133.006543,35.539352],[133.006656,35.539169],[133.006593,35.539086],[133.006593,35.538811],[133.006706,35.538719],[133.006818,35.538786],[133.007006,35.538994],[133.007343,35.539036],[133.007756,35.538927],[133.007943,35.538811],[133.007856,35.538228],[133.007806,35.537728],[133.007881,35.537661],[133.008018,35.537911],[133.008331,35.538044],[133.008818,35.538003],[133.009181,35.537928],[133.009531,35.537703],[133.009643,35.537594],[133.009756,35.538136],[133.009806,35.538178],[133.009781,35.538719],[133.009868,35.538811],[133.010606,35.538811],[133.01113,35.538761],[133.011705,35.538736],[133.011868,35.538878],[133.012093,35.538919],[133.012393,35.539169],[133.012693,35.539186],[133.01283,35.539144],[133.012918,35.538944],[133.013105,35.538944],[133.014018,35.539144],[133.014268,35.539369],[133.014343,35.539636],[133.014293,35.539911],[133.01413,35.540161],[133.014018,35.540494],[133.013855,35.541152],[133.013992,35.541419],[133.01393,35.541511],[133.013655,35.541602],[133.013555,35.541711],[133.013555,35.541827],[133.014067,35.541736],[133.014342,35.541602],[133.014405,35.541736],[133.01468,35.541802],[133.01503,35.541761],[133.01528,35.541644],[133.015192,35.541536],[133.01533,35.541486],[133.01558,35.541761],[133.015692,35.541686],[133.016055,35.541552],[133.01633,35.541486],[133.016492,35.541527],[133.01668,35.541511],[133.016817,35.541352],[133.017017,35.541302],[133.01743,35.541302],[133.01803,35.541169],[133.018354,35.541194],[133.018492,35.541169],[133.018742,35.541344],[133.018967,35.541394],[133.019179,35.541369],[133.019429,35.541527],[133.020067,35.541461],[133.020117,35.541211],[133.020392,35.540761],[133.020504,35.540444],[133.020529,35.540178],[133.020779,35.539836],[133.021104,35.539769],[133.021579,35.539794],[133.021767,35.540061],[133.021904,35.539944],[133.021954,35.539944],[133.022017,35.540153],[133.022067,35.540128],[133.022292,35.540169],[133.022542,35.540486],[133.022642,35.540761],[133.022617,35.540986],[133.022641,35.541161],[133.022704,35.541236],[133.023029,35.541277],[133.023441,35.541186],[133.023604,35.541094],[133.023879,35.540869],[133.023966,35.540761],[133.024041,35.540461],[133.024016,35.540236],[133.024241,35.540353],[133.025529,35.539628],[133.025804,35.539603],[133.026466,35.539969],[133.025866,35.539453],[133.026441,35.539019],[133.026516,35.539111],[133.027041,35.538794],[133.026766,35.538528],[133.026904,35.538278],[133.027016,35.538211],[133.027154,35.538186],[133.027266,35.538295],[133.027429,35.538211],[133.027779,35.538278],[133.027816,35.538453],[133.027978,35.538345],[133.028166,35.538478],[133.028303,35.539111],[133.027541,35.539178],[133.027541,35.539336],[133.028328,35.539311],[133.028416,35.539603],[133.028391,35.540053],[133.028503,35.540278],[133.028778,35.540553],[133.029216,35.540819],[133.029903,35.541003],[133.030153,35.541111],[133.030203,35.541269],[133.030228,35.541652],[133.030116,35.541927],[133.029878,35.542061],[133.029653,35.542127],[133.029603,35.542261],[133.029878,35.542552],[133.029928,35.542536],[133.030178,35.542536],[133.030253,35.542802],[133.03059,35.542711],[133.031028,35.542711],[133.03114,35.542761],[133.031028,35.543294],[133.03094,35.543411],[133.03064,35.543452],[133.03034,35.543886],[133.03029,35.544177],[133.030365,35.54431],[133.030703,35.544402],[133.03059,35.544494],[133.03054,35.544652],[133.030565,35.544785],[133.030678,35.544944],[133.030403,35.545169],[133.030228,35.54546],[133.02999,35.545735],[133.029628,35.54596],[133.029603,35.546027],[133.029928,35.546319],[133.03009,35.546585],[133.030153,35.546927],[133.02999,35.54711],[133.029878,35.547427],[133.029853,35.547693],[133.029765,35.54781],[133.02889,35.548118],[133.028116,35.548593],[133.028091,35.548685],[133.028141,35.548818],[133.028203,35.548802],[133.028365,35.548802],[133.028615,35.548752],[133.02889,35.548643],[133.029053,35.548727],[133.02914,35.549027],[133.028915,35.54941],[133.028728,35.550376],[133.028478,35.55056],[133.02809,35.55056],[133.027703,35.550493],[133.027428,35.550535],[133.027241,35.550626],[133.027428,35.550693],[133.027978,35.550735],[133.028065,35.550943],[133.027928,35.551051],[133.027928,35.551185],[133.027865,35.551326],[133.02759,35.551485],[133.026941,35.551643],[133.026253,35.55171],[133.026053,35.55166],[133.025891,35.55171],[133.026228,35.551843],[133.026803,35.551885],[133.026916,35.551951],[133.026828,35.55211],[133.026666,35.552201],[133.026578,35.552318],[133.026466,35.552635],[133.026328,35.552718],[133.026303,35.552793],[133.026466,35.552926],[133.02674,35.553035],[133.02674,35.553151],[133.026416,35.553259],[133.026528,35.553376],[133.026965,35.553443],[133.027015,35.553418],[133.027103,35.553376],[133.027403,35.553326],[133.027515,35.553443],[133.02779,35.553601],[133.02804,35.553776],[133.028115,35.553934],[133.027565,35.554001],[133.02754,35.554026],[133.027603,35.554276],[133.02834,35.554568],[133.028565,35.554818],[133.028615,35.555084],[133.028703,35.555218],[133.029028,35.555334],[133.029028,35.555443],[133.028778,35.555584],[133.028753,35.555676],[133.029003,35.555826],[133.029278,35.555943],[133.029715,35.555826],[133.030015,35.555809],[133.029878,35.555668],[133.029603,35.555534],[133.029465,35.555334],[133.02949,35.555284],[133.03024,35.554951],[133.03024,35.554793],[133.030078,35.554659],[133.030178,35.554318],[133.030378,35.554068],[133.030703,35.553285],[133.030865,35.553193],[133.03144,35.55326],[133.031615,35.55346],[133.03169,35.553685],[133.03189,35.553868],[133.032402,35.55396],[133.032677,35.55416],[133.032852,35.554426],[133.032852,35.554518],[133.032627,35.554651],[133.03249,35.554701],[133.032165,35.554951],[133.032265,35.555101],[133.032715,35.555059],[133.032765,35.555193],[133.03274,35.555259],[133.033452,35.555284],[133.033777,35.555551],[133.033815,35.555626],[133.033752,35.555851],[133.033227,35.556051],[133.032965,35.556276],[133.03249,35.556859],[133.03224,35.556976],[133.03159,35.557201],[133.031452,35.557293],[133.031615,35.557701],[133.031802,35.557767],[133.032215,35.557834],[133.032765,35.557768],[133.032902,35.557676],[133.03304,35.557901],[133.03329,35.557968],[133.033889,35.557559],[133.034002,35.557534],[133.034114,35.557359],[133.034339,35.557109],[133.034464,35.556834],[133.034602,35.556993],[133.034939,35.557201],[133.034914,35.557359],[133.034852,35.557376],[133.034964,35.557559],[133.035489,35.557651],[133.035514,35.557693],[133.034889,35.558034],[133.034439,35.558101],[133.034202,35.558368],[133.034252,35.558509],[133.034502,35.558776],[133.034552,35.558909],[133.034777,35.558959],[133.035439,35.559184],[133.035739,35.559134],[133.036289,35.559109],[133.037089,35.559268],[133.037776,35.559318],[133.038726,35.559293],[133.039226,35.559451],[133.039476,35.559676],[133.039864,35.559651],[133.039726,35.559518],[133.040276,35.559426],[133.040376,35.559518],[133.040301,35.559676],[133.040351,35.559809],[133.040514,35.559759],[133.040626,35.559676],[133.040739,35.559743],[133.040851,35.559759],[133.040851,35.559601],[133.040514,35.559243],[133.040076,35.558951],[133.039826,35.558543],[133.039664,35.558118],[133.039689,35.557826],[133.039826,35.557734],[133.040076,35.557801],[133.040239,35.557759],[133.040189,35.557601],[133.040301,35.557484],[133.040414,35.557285],[133.040139,35.556768],[133.039914,35.556676],[133.039964,35.556476],[133.039939,35.556251],[133.039689,35.556251],[133.039501,35.556176],[133.039314,35.55571],[133.039414,35.555326],[133.039664,35.55496],[133.040026,35.554651],[133.040651,35.554335],[133.041151,35.554151],[133.043151,35.553627],[133.044663,35.553452],[133.044801,35.553585],[133.044913,35.553835],[133.045001,35.553852],[133.045188,35.553785],[133.045301,35.553785],[133.045576,35.553718],[133.045688,35.553718],[133.045926,35.553652],[133.046151,35.55376],[133.046238,35.55401],[133.046038,35.554368],[133.046126,35.554368],[133.046263,35.554285],[133.046476,35.554368],[133.046613,35.554285],[133.046726,35.554352],[133.046701,35.554393],[133.046038,35.554777],[133.045901,35.555002],[133.045988,35.555135],[133.046038,35.55516],[133.046263,35.555068],[133.046926,35.554643],[133.046951,35.55451],[133.046926,35.554485],[133.046951,35.554418],[133.0475,35.553985],[133.047713,35.553943],[133.048075,35.55396],[133.048488,35.554102],[133.049013,35.554368],[133.049288,35.554635],[133.049863,35.555427],[133.050163,35.556035],[133.050138,35.556235],[133.05,35.556443],[133.049513,35.556618],[133.049013,35.556918],[133.048875,35.557077],[133.048713,35.557143],[133.048625,35.557318],[133.048375,35.557635],[133.0483,35.55786],[133.0481,35.558068],[133.04755,35.558785],[133.04745,35.559076],[133.047425,35.559285],[133.046925,35.559393],[133.046563,35.559576],[133.046538,35.559668],[133.046813,35.559826],[133.0477,35.559843],[133.047913,35.559935],[133.048738,35.559801],[133.049013,35.559668],[133.049238,35.559301],[133.049475,35.559076],[133.049538,35.559526],[133.049925,35.55951],[133.050412,35.559368],[133.050637,35.55926],[133.050962,35.55901],[133.05105,35.559051],[133.0513,35.559418],[133.051375,35.55971],[133.051737,35.559726],[133.0522,35.559951],[133.0527,35.560068],[133.053025,35.560176],[133.05325,35.560385],[133.053275,35.560518],[133.053462,35.560693],[133.053849,35.56126],[133.054324,35.561826],[133.054324,35.56221],[133.054212,35.562434],[133.053912,35.562676],[133.053749,35.562701],[133.053162,35.563059],[133.052975,35.563284],[133.052924,35.563718],[133.053062,35.563893],[133.053249,35.564009],[133.053499,35.564051],[133.053687,35.564118],[133.053662,35.564259],[133.056437,35.564776],[133.056874,35.564751],[133.056961,35.564568],[133.057761,35.564209],[133.057786,35.563668],[133.058061,35.563551],[133.058086,35.563418],[133.058174,35.563376],[133.058499,35.563351],[133.059049,35.563484],[133.059386,35.563643],[133.059624,35.563893],[133.059899,35.564543],[133.059899,35.564701],[133.059661,35.564926],[133.059574,35.564926],[133.059549,35.564993],[133.059411,35.565084],[133.059574,35.565401],[133.059661,35.565668],[133.059636,35.566051],[133.059686,35.566209],[133.059986,35.566484],[133.060348,35.566726],[133.061011,35.567384],[133.060623,35.567492],[133.060323,35.567651],[133.060123,35.568626],[133.060711,35.569342],[133.060848,35.569751],[133.061123,35.569909],[133.061173,35.569992],[133.061223,35.570442],[133.061086,35.570692],[133.060711,35.570967],[133.060623,35.571209],[133.060598,35.571459],[133.060461,35.571417],[133.060486,35.571709],[133.060436,35.572025],[133.060136,35.572134],[133.059473,35.572025],[133.059411,35.57205],[133.059473,35.572184],[133.059111,35.572433],[133.059061,35.572517],[133.058448,35.572542],[133.058348,35.572592],[133.058211,35.572525],[133.058011,35.572475],[133.057961,35.5725],[133.058211,35.57315],[133.057936,35.5734],[133.057824,35.573425],[133.057486,35.573333],[133.057349,35.573042],[133.057161,35.572792],[133.057024,35.572725],[133.056661,35.5727],[133.056561,35.573042],[133.056249,35.573042],[133.056174,35.572792],[133.055699,35.57275],[133.055624,35.57295],[133.055736,35.573242],[133.055736,35.573425],[133.055374,35.573492],[133.054686,35.573333],[133.054574,35.5734],[133.054436,35.573583],[133.054224,35.573742],[133.053999,35.573808],[133.054111,35.57435],[133.053949,35.574508],[133.053499,35.574625],[133.053124,35.574466],[133.051962,35.574625],[133.051037,35.574508],[133.050674,35.574533],[133.050312,35.574666],[133.050012,35.574825],[133.049987,35.574875],[133.049687,35.574916],[133.049462,35.575033],[133.048975,35.575166],[133.048775,35.575258],[133.049,35.575325],[133.049075,35.575416],[133.048837,35.57555],[133.049075,35.576066],[133.04875,35.576516],[133.0482,35.576449],[133.047925,35.576608],[133.0479,35.576766],[133.047287,35.576908],[133.047237,35.577041],[133.047262,35.577241],[133.04735,35.577266],[133.047562,35.577441],[133.047487,35.577899],[133.04785,35.578141],[133.048362,35.578391],[133.0487,35.578483],[133.048887,35.578341],[133.049087,35.578274],[133.049362,35.578641],[133.049737,35.578499],[133.049987,35.578549],[133.050074,35.578524],[133.050074,35.578341],[133.050124,35.578233],[133.050649,35.578233],[133.050562,35.577983],[133.050624,35.577691],[133.050949,35.577374],[133.051249,35.577216],[133.051337,35.577124],[133.051549,35.577191],[133.051999,35.577391],[133.052462,35.577391],[133.053124,35.577308],[133.053536,35.577349],[133.053749,35.577524],[133.054199,35.577599],[133.054361,35.577708],[133.054686,35.578024],[133.055074,35.578474],[133.054724,35.578408],[133.054249,35.578816],[133.054274,35.578966],[133.054936,35.579083],[133.055624,35.579374],[133.055986,35.579691],[133.056236,35.579708],[133.056511,35.579574],[133.056511,35.579349],[133.056311,35.579349],[133.056261,35.579324],[133.056261,35.579149],[133.056199,35.579016],[133.055986,35.578858],[133.056011,35.578808],[133.056236,35.578808],[133.056374,35.578741],[133.056698,35.578741],[133.057061,35.578833],[133.057848,35.578858],[133.058073,35.578924],[133.058186,35.579216],[133.058123,35.579374],[133.057986,35.579574],[133.058023,35.579774],[133.058236,35.579983],[133.058348,35.580208],[133.058573,35.580499],[133.059361,35.580899],[133.059423,35.581082],[133.059123,35.581399],[133.059011,35.581691],[133.059011,35.581916],[133.059198,35.582166],[133.059536,35.582257],[133.060335,35.582024],[133.061098,35.581599],[133.061235,35.581482],[133.061435,35.581241],[133.061398,35.580766],[133.06151,35.580633],[133.061623,35.580649],[133.06181,35.580858],[133.062085,35.580741],[133.062335,35.580541],[133.06231,35.580291],[133.062335,35.580249],[133.062523,35.580249],[133.062723,35.580199],[133.062998,35.580399],[133.06341,35.580424],[133.063848,35.580516],[133.064372,35.580383],[133.06476,35.580133],[133.065085,35.579683],[133.065222,35.578849],[133.065885,35.578325],[133.066022,35.5781],[133.066235,35.577316],[133.066235,35.576841],[133.06616,35.576483],[133.066072,35.576325],[133.066097,35.57625],[133.066622,35.576075],[133.066785,35.575983],[133.067172,35.576075],[133.067222,35.57605],[133.067472,35.576342],[133.06701,35.577608],[133.067035,35.577966],[133.067472,35.5783],[133.06811,35.578666],[133.068434,35.5788],[133.068709,35.578816],[133.068847,35.579],[133.068822,35.579225],[133.068659,35.579358],[133.068222,35.579541],[133.067885,35.579766],[133.067147,35.580374],[133.067097,35.580874],[133.067347,35.581099],[133.067997,35.581366],[133.068034,35.581408],[133.067972,35.581591],[133.067809,35.581841],[133.067672,35.582199],[133.067647,35.582607],[133.067784,35.582924],[133.068409,35.583466],[133.068584,35.583599],[133.068659,35.583866],[133.068772,35.583957],[133.068834,35.584157],[133.069184,35.584066],[133.069759,35.584157],[133.070284,35.583799],[133.070484,35.583824],[133.070722,35.583774],[133.071309,35.583524],[133.071471,35.583524],[133.071546,35.583749],[133.071684,35.583616],[133.071821,35.583616],[133.072021,35.583432],[133.072484,35.583416],[133.072896,35.583074],[133.073221,35.582941],[133.073584,35.582958],[133.073746,35.582849],[133.073946,35.582641],[133.074296,35.582599],[133.074296,35.582849],[133.074459,35.582983],[133.074959,35.582958],[133.075184,35.583074],[133.075534,35.583074],[133.075646,35.583049],[133.076308,35.582708],[133.076796,35.582599],[133.077246,35.582458],[133.077796,35.582141],[133.077983,35.581899],[133.078096,35.581899],[133.078258,35.581758],[133.078371,35.581966],[133.078421,35.581849],[133.078696,35.581716],[133.078758,35.581716],[133.078858,35.581941],[133.078946,35.581916],[133.079033,35.581741],[133.079246,35.581674],[133.079471,35.581691],[133.079633,35.581491],[133.079908,35.581691],[133.080096,35.581691],[133.080433,35.581533],[133.080845,35.5812],[133.08147,35.581083],[133.08202,35.581033],[133.082358,35.580875],[133.082433,35.580791],[133.082708,35.580633],[133.082958,35.580583],[133.083095,35.580491],[133.083833,35.580225],[133.083945,35.580133],[133.084145,35.5802],[133.084358,35.579933],[133.08442,35.579908],[133.084658,35.58],[133.08497,35.580042],[133.08532,35.580225],[133.08552,35.580491],[133.085907,35.580783],[133.086207,35.581233],[133.086282,35.581283],[133.086645,35.58135],[133.087145,35.581258],[133.087245,35.581208],[133.087557,35.58085],[133.088045,35.580358],[133.088295,35.580333],[133.088407,35.580875],[133.088482,35.581008],[133.08862,35.581033],[133.088845,35.580875],[133.08887,35.580892],[133.08887,35.581208],[133.088957,35.581433],[133.089145,35.58155],[133.089395,35.581525],[133.08967,35.581233],[133.090057,35.5811],[133.090195,35.58085],[133.090407,35.580625],[133.091132,35.580558],[133.091507,35.580125],[133.091844,35.579925],[133.091894,35.579542],[133.092632,35.578459],[133.092657,35.578325],[133.093069,35.578275],[133.093407,35.578392],[133.093457,35.578459],[133.093519,35.578725],[133.093594,35.578859],[133.093707,35.578842],[133.093957,35.578617],[133.094119,35.578209],[133.094344,35.578009],[133.094694,35.577867],[133.094857,35.577892],[133.095407,35.578092],[133.095769,35.57805],[133.096407,35.578225],[133.096932,35.57845],[133.097444,35.578859],[133.097894,35.579375],[133.098494,35.58025],[133.098444,35.580525],[133.098519,35.58075]]],"type":"Polygon"},"type":"Feature"}]}