{"type":"FeatureCollection","features":[{"type":"Feature","properties":{"id":"K50","pref":"岡山県","id_url":"K50.html","yomi":"みまさか","number":12,"name":"美作"},"geometry":{"coordinates":[[[133.577675,35.29725],[133.577525,35.298392],[133.577475,35.29855],[133.577388,35.298617],[133.57635,35.299083],[133.576175,35.299308],[133.576038,35.299617],[133.575875,35.300158],[133.57585,35.300383],[133.576013,35.300692],[133.57615,35.300875],[133.576475,35.300992],[133.5768,35.30115],[133.577,35.30135],[133.577163,35.3016],[133.577188,35.301958],[133.577125,35.3022],[133.576988,35.302516],[133.576938,35.302758],[133.576988,35.302966],[133.576925,35.303166],[133.576713,35.303499],[133.5764,35.303749],[133.575988,35.303924],[133.575963,35.304216],[133.57605,35.304683],[133.575875,35.305133],[133.576288,35.305899],[133.576425,35.306282],[133.57645,35.306774],[133.576638,35.307466],[133.576663,35.307691],[133.57655,35.308024],[133.576663,35.308499],[133.576625,35.309732],[133.576563,35.310782],[133.576675,35.311282],[133.576838,35.311548],[133.577113,35.311773],[133.577388,35.311932],[133.57755,35.312423],[133.577375,35.31269],[133.577075,35.313006],[133.576963,35.313273],[133.576875,35.31404],[133.576938,35.314348],[133.577075,35.314531],[133.577313,35.314639],[133.5777,35.315089],[133.577863,35.315339],[133.578275,35.315589],[133.5788,35.315773],[133.579262,35.316131],[133.579562,35.316223],[133.5803,35.316314],[133.580412,35.316356],[133.580737,35.316581],[133.58105,35.316698],[133.581312,35.316922],[133.581375,35.317372],[133.581287,35.318114],[133.581312,35.318197],[133.581137,35.319031],[133.581225,35.319189],[133.581475,35.319297],[133.582025,35.31973],[133.582187,35.319972],[133.582587,35.321097],[133.582725,35.321297],[133.58295,35.321389],[133.583187,35.321389],[133.583574,35.321239],[133.583774,35.321239],[133.584374,35.321597],[133.584537,35.321797],[133.584699,35.322563],[133.584999,35.323347],[133.585049,35.323397],[133.585212,35.323438],[133.585712,35.323488],[133.586312,35.323647],[133.586537,35.32378],[133.586649,35.323897],[133.587762,35.32473],[133.588537,35.32563],[133.588936,35.326097],[133.589074,35.326188],[133.589411,35.326621],[133.589811,35.327021],[133.590036,35.327338],[133.590036,35.327721],[133.589449,35.328096],[133.589286,35.328321],[133.589261,35.328588],[133.589336,35.328796],[133.589674,35.328971],[133.590936,35.329405],[133.591174,35.329588],[133.591261,35.329763],[133.591424,35.329963],[133.592249,35.330421],[133.592436,35.330821],[133.592436,35.331113],[133.592299,35.331879],[133.592324,35.332304],[133.592211,35.332663],[133.592049,35.332813],[133.591824,35.332929],[133.591499,35.332971],[133.591161,35.333063],[133.590749,35.333304],[133.590361,35.333254],[133.590036,35.333171],[133.589924,35.333162],[133.589461,35.333362],[133.589211,35.333612],[133.589124,35.333879],[133.589286,35.334462],[133.589399,35.334779],[133.589399,35.335654],[133.588911,35.336487],[133.588911,35.336529],[133.588386,35.336987],[133.588361,35.33707],[133.588536,35.337295],[133.589411,35.337995],[133.591361,35.338929],[133.592073,35.339154],[133.592411,35.339379],[133.592661,35.339737],[133.593073,35.340228],[133.594061,35.34072],[133.594448,35.340962],[133.594611,35.341703],[133.595223,35.342962],[133.595536,35.343953],[133.596111,35.344936],[133.596248,35.345078],[133.596585,35.345278],[133.59716,35.34532],[133.597898,35.345111],[133.598635,35.344686],[133.59926,35.344361],[133.60041,35.343936],[133.60141,35.343662],[133.60166,35.343612],[133.602398,35.343562],[133.60301,35.343562],[133.60341,35.343512],[133.603773,35.34322],[133.60431,35.342587],[133.604685,35.341937],[133.605235,35.341345],[133.605423,35.341237],[133.60586,35.341345],[133.60636,35.34157],[133.607623,35.342012],[133.608173,35.342145],[133.608723,35.34212],[133.609698,35.341912],[133.609785,35.34187],[133.609948,35.341662],[133.610023,35.341487],[133.610523,35.340895],[133.61106,35.340787],[133.61156,35.340712],[133.612185,35.340212],[133.612622,35.340146],[133.613172,35.340171],[133.614122,35.340279],[133.614835,35.340454],[133.615285,35.340679],[133.615697,35.340971],[133.616047,35.341346],[133.61616,35.341371],[133.616272,35.341254],[133.616435,35.340537],[133.616585,35.340246],[133.616972,35.340037],[133.61801,35.339787],[133.618335,35.339562],[133.620185,35.337888],[133.620685,35.337571],[133.622285,35.336938],[133.622355,35.33682],[133.623397,35.337404],[133.62376,35.337446],[133.624647,35.337979],[133.625147,35.338179],[133.625909,35.338338],[133.626772,35.33838],[133.627597,35.338371],[133.628359,35.338438],[133.629034,35.338546],[133.629621,35.338588],[133.630171,35.338763],[133.631796,35.339546],[133.632571,35.339763],[133.632783,35.339788],[133.633546,35.33963],[133.634058,35.339396],[133.634271,35.339371],[133.635683,35.339455],[133.63642,35.339455],[133.636508,35.339472],[133.637483,35.339263],[133.638133,35.339197],[133.638345,35.339197],[133.638833,35.339038],[133.639045,35.338855],[133.639195,35.33838],[133.639195,35.338197],[133.639333,35.337564],[133.639858,35.337205],[133.640795,35.336655],[133.642045,35.336564],[133.642357,35.336489],[133.64302,35.336339],[133.643407,35.336139],[133.643707,35.336139],[133.644257,35.336322],[133.644895,35.336389],[133.645169,35.336364],[133.647532,35.336481],[133.648469,35.336481],[133.648794,35.336456],[133.649569,35.336281],[133.650169,35.336031],[133.650581,35.335789],[133.650944,35.335248],[133.651169,35.33504],[133.651769,35.334798],[133.652456,35.334573],[133.652844,35.334323],[133.653206,35.333873],[133.653781,35.332798],[133.653894,35.332682],[133.654881,35.331965],[133.655181,35.331598],[133.656143,35.330923],[133.656668,35.330657],[133.657006,35.330524],[133.657218,35.33034],[133.657381,35.330074],[133.657518,35.329665],[133.657943,35.329174],[133.658131,35.329057],[133.658681,35.328882],[133.659093,35.328657],[133.660193,35.328341],[133.660443,35.327982],[133.660493,35.327849],[133.660968,35.327374],[133.66118,35.327241],[133.662393,35.326657],[133.662693,35.326316],[133.662893,35.326024],[133.663305,35.325532],[133.663355,35.325391],[133.663605,35.325191],[133.663993,35.325016],[133.664543,35.324924],[133.66493,35.324724],[133.66528,35.324274],[133.66548,35.324133],[133.66578,35.323841],[133.66608,35.323708],[133.666667,35.323666],[133.667767,35.323641],[133.668392,35.323441],[133.669167,35.322941],[133.669692,35.322808],[133.66988,35.322791],[133.67043,35.322808],[133.671004,35.322899],[133.672117,35.323533],[133.672904,35.323349],[133.673704,35.323266],[133.674067,35.323041],[133.674454,35.322449],[133.674554,35.322183],[133.675079,35.320966],[133.675304,35.320741],[133.675829,35.320516],[133.676154,35.319975],[133.676654,35.319708],[133.677416,35.319075],[133.678104,35.318783],[133.678766,35.318766],[133.680554,35.318741],[133.680804,35.318716],[133.681554,35.318716],[133.682478,35.318583],[133.683528,35.318566],[133.683866,35.318658],[133.684928,35.319216],[133.685041,35.319308],[133.685453,35.319533],[133.685841,35.319575],[133.687165,35.319266],[133.687603,35.319283],[133.688203,35.319241],[133.688728,35.319466],[133.68884,35.319583],[133.689253,35.319741],[133.689753,35.319758],[133.690303,35.320008],[133.690828,35.320008],[133.691215,35.320033],[133.69154,35.320191],[133.691952,35.320508],[133.69184,35.320641],[133.691727,35.32165],[133.691902,35.32215],[133.691877,35.322466],[133.691627,35.323166],[133.69154,35.323591],[133.69179,35.324066],[133.693465,35.325166],[133.694902,35.325958],[133.695402,35.326291],[133.695614,35.326408],[133.696114,35.326749],[133.697127,35.327041],[133.697602,35.326499],[133.698014,35.326091],[133.698476,35.325824],[133.700601,35.325124],[133.700989,35.324883],[133.701451,35.324741],[133.701951,35.324741],[133.702139,35.324766],[133.702576,35.3247],[133.703239,35.324433],[133.704638,35.324233],[133.705276,35.32425],[133.705776,35.324366],[133.706351,35.324616],[133.706876,35.324883],[133.707401,35.325016],[133.707613,35.325016],[133.708138,35.324933],[133.708775,35.324975],[133.708913,35.32495],[133.709788,35.324325],[133.710288,35.324233],[133.710638,35.324325],[133.711188,35.324192],[133.711363,35.324125],[133.71155,35.32385],[133.7118,35.3236],[133.713038,35.3234],[133.7132,35.323333],[133.713675,35.322933],[133.713837,35.322883],[133.71455,35.322483],[133.714875,35.322075],[133.715012,35.321983],[133.715425,35.321308],[133.71545,35.3212],[133.715812,35.320884],[133.71595,35.320817],[133.717075,35.32005],[133.717925,35.319625],[133.718375,35.319575],[133.718562,35.319625],[133.719,35.319642],[133.719062,35.319667],[133.719587,35.319692],[133.720024,35.319492],[133.720574,35.319175],[133.721374,35.319084],[133.722249,35.319109],[133.723162,35.319201],[133.723987,35.319359],[133.724587,35.319601],[133.724786,35.319559],[133.725249,35.319109],[133.726761,35.317401],[133.727149,35.317084],[133.727286,35.317018],[133.728049,35.316901],[133.728599,35.316793],[133.728986,35.316793],[133.729673,35.317284],[133.730086,35.317493],[133.730473,35.317401],[133.730811,35.317268],[133.731048,35.317243],[133.731661,35.317401],[133.731911,35.317426],[133.732461,35.31736],[133.733036,35.31716],[133.733698,35.316818],[133.733886,35.316685],[133.734248,35.316343],[133.734735,35.316051],[133.734873,35.316035],[133.735235,35.316101],[133.735423,35.316435],[133.735148,35.316951],[133.735185,35.317335],[133.73516,35.318485],[133.736373,35.318418],[133.736835,35.318485],[133.737298,35.318826],[133.737498,35.318918],[133.737885,35.318868],[133.738123,35.318468],[133.738298,35.318035],[133.738648,35.317793],[133.73931,35.317318],[133.739722,35.316868],[133.740247,35.316552],[133.74091,35.316602],[133.741597,35.316577],[133.742147,35.31651],[133.742422,35.316602],[133.743247,35.317143],[133.743797,35.317568],[133.744072,35.317952],[133.74426,35.318402],[133.744322,35.31881],[133.744459,35.319102],[133.744872,35.319618],[133.745147,35.319527],[133.745647,35.31926],[133.746059,35.318943],[133.747159,35.318227],[133.747347,35.318231],[133.747409,35.318235],[133.748259,35.317443],[133.748872,35.316719],[133.749147,35.316002],[133.749059,35.315252],[133.748947,35.31501],[133.748922,35.314535],[133.749534,35.314285],[133.750184,35.313519],[133.750384,35.312819],[133.750384,35.312436],[133.750709,35.311469],[133.750984,35.311286],[133.751809,35.310994],[133.752722,35.310786],[133.753459,35.310719],[133.753847,35.310719],[133.754472,35.310469],[133.755296,35.309794],[133.756021,35.309028],[133.756671,35.308394],[133.757059,35.308194],[133.758246,35.308353],[133.759096,35.308686],[133.759484,35.309003],[133.759721,35.309586],[133.759809,35.310086],[133.760134,35.310328],[133.761296,35.310803],[133.762171,35.311119],[133.762371,35.311094],[133.762883,35.310303],[133.763358,35.309969],[133.763108,35.309744],[133.763058,35.309428],[133.763433,35.30902],[133.764533,35.30882],[133.765396,35.308928],[133.766046,35.308886],[133.766546,35.30877],[133.767121,35.308478],[133.767833,35.307728],[133.768408,35.306962],[133.76882,35.306178],[133.769183,35.304962],[133.769783,35.304304],[133.769983,35.304212],[133.771433,35.303695],[133.77212,35.303179],[133.772895,35.302679],[133.773033,35.302496],[133.773083,35.302029],[133.773658,35.301437],[133.774408,35.301121],[133.775008,35.300737],[133.775208,35.300154],[133.775607,35.299638],[133.776107,35.299479],[133.776657,35.299546],[133.777095,35.299204],[133.777982,35.299204],[133.778145,35.299113],[133.77867,35.299071],[133.779382,35.299138],[133.779932,35.298913],[133.780482,35.298546],[133.781632,35.298213],[133.781744,35.298188],[133.782294,35.297913],[133.782457,35.297596],[133.782544,35.296563],[133.782957,35.295997],[133.783219,35.29528],[133.783469,35.29483],[133.784044,35.294763],[133.785594,35.294872],[133.786607,35.295122],[133.787319,35.295497],[133.788206,35.29658],[133.788556,35.297163],[133.789356,35.29753],[133.789606,35.297597],[133.790019,35.29748],[133.789956,35.297213],[133.789306,35.296555],[133.789219,35.296063],[133.789631,35.295547],[133.789519,35.29498],[133.789056,35.294489],[133.788994,35.294255],[133.789194,35.293764],[133.790319,35.293355],[133.791694,35.293172],[133.792756,35.29308],[133.793669,35.292881],[133.794468,35.293064],[133.794681,35.293239],[133.795543,35.294297],[133.796006,35.294047],[133.796556,35.293889],[133.797131,35.294164],[133.797868,35.294072],[133.798456,35.293531],[133.798868,35.292964],[133.799081,35.292856],[133.799993,35.292647],[133.800105,35.292489],[133.799856,35.291972],[133.799993,35.291339],[133.800231,35.290648],[133.799931,35.290148],[133.799131,35.289973],[133.798968,35.289698],[133.798993,35.289589],[133.799718,35.288506],[133.800293,35.288139],[133.801743,35.287556],[133.801855,35.287148],[133.801855,35.287106],[133.801118,35.286681],[133.801081,35.286523],[133.801306,35.285865],[133.801356,35.285281],[133.801356,35.284765],[133.801931,35.284315],[133.802243,35.283815],[133.802455,35.283615],[133.803368,35.283157],[133.804468,35.282665],[133.80523,35.28219],[133.80553,35.281715],[133.805418,35.281515],[133.805043,35.281015],[133.805143,35.28039],[133.805205,35.280365],[133.80553,35.279982],[133.80583,35.279799],[133.80633,35.279349],[133.807093,35.278991],[133.808193,35.278041],[133.80863,35.277499],[133.809043,35.277116],[133.809268,35.276799],[133.808993,35.276482],[133.80908,35.276174],[133.809405,35.275674],[133.809568,35.275224],[133.809568,35.274483],[133.809205,35.273716],[133.80838,35.272791],[133.80783,35.2718],[133.807555,35.271033],[133.807443,35.270491],[133.807968,35.269908],[133.80893,35.269141],[133.809568,35.269075],[133.810168,35.269116],[133.810393,35.269025],[133.810855,35.268442],[133.811293,35.267783],[133.811593,35.26695],[133.812005,35.266525],[133.81288,35.266092],[133.813218,35.265692],[133.814067,35.265508],[133.81483,35.265059],[133.81533,35.2647],[133.815517,35.264317],[133.81593,35.263859],[133.81613,35.263367],[133.815992,35.262917],[133.816067,35.262559],[133.816455,35.262034],[133.81653,35.261792],[133.816617,35.261117],[133.816592,35.260501],[133.817055,35.260192],[133.81788,35.259559],[133.818317,35.258817],[133.81843,35.257551],[133.818405,35.257009],[133.817905,35.256559],[133.817792,35.256134],[133.817542,35.255501],[133.817655,35.254084],[133.817818,35.253493],[133.81798,35.253168],[133.817855,35.252926],[133.817855,35.25286],[133.818142,35.25266],[133.818192,35.25266],[133.818717,35.252393],[133.819392,35.251943],[133.820205,35.251818],[133.82098,35.251343],[133.822367,35.250635],[133.822717,35.250501],[133.823742,35.250485],[133.824054,35.250376],[133.824304,35.250218],[133.824654,35.250085],[133.825529,35.250027],[133.825779,35.24996],[133.825879,35.249843],[133.826442,35.249443],[133.826792,35.249427],[133.827142,35.24961],[133.827267,35.249718],[133.827691,35.24986],[133.829529,35.249168],[133.831354,35.24891],[133.832378,35.248852],[133.833028,35.24906],[133.833528,35.249135],[133.834228,35.24936],[133.835153,35.249977],[133.835478,35.250068],[133.836003,35.25016],[133.836528,35.250393],[133.836828,35.250668],[133.837153,35.250868],[133.837378,35.250918],[133.837778,35.251051],[133.838528,35.251176],[133.839353,35.25116],[133.84014,35.250685],[133.841015,35.250176],[133.841603,35.249527],[133.841678,35.249477],[133.842052,35.249435],[133.842877,35.249485],[133.843327,35.24936],[133.843727,35.249335],[133.844427,35.249477],[133.844577,35.249593],[133.844602,35.24966],[133.844502,35.25056],[133.844515,35.250876],[133.844965,35.251468],[133.844915,35.251693],[133.844277,35.252543],[133.843777,35.253168],[133.84369,35.253526],[133.843727,35.253859],[133.844115,35.254151],[133.84479,35.254509],[133.84524,35.254917],[133.845539,35.255642],[133.846139,35.256425],[133.846527,35.256675],[133.847327,35.256942],[133.847689,35.257167],[133.847764,35.257684],[133.848014,35.258342],[133.848839,35.259217],[133.849451,35.260458],[133.849639,35.260617],[133.850414,35.26075],[133.851201,35.261133],[133.851789,35.261717],[133.852226,35.262458],[133.852501,35.263225],[133.852776,35.264217],[133.853001,35.265316],[133.853164,35.265658],[133.853939,35.2664],[133.854289,35.266691],[133.855064,35.267191],[133.855476,35.26825],[133.857813,35.268175],[133.858276,35.26845],[133.858801,35.2691],[133.859676,35.269683],[133.860726,35.27025],[133.861575,35.270766],[133.862238,35.271083],[133.863063,35.271191],[133.86345,35.271441],[133.863563,35.2716],[133.86405,35.271825],[133.864625,35.272025],[133.86575,35.272208],[133.865863,35.272341],[133.865625,35.273108],[133.864963,35.273783],[133.864713,35.274483],[133.864713,35.274749],[133.864338,35.275316],[133.863975,35.275649],[133.863975,35.275791],[133.863763,35.276641],[133.8634,35.277116],[133.8637,35.277299],[133.864113,35.277699],[133.8642,35.277949],[133.864638,35.278808],[133.865187,35.279507],[133.865325,35.280182],[133.86525,35.280341],[133.864563,35.280766],[133.8642,35.281149],[133.864175,35.281307],[133.864238,35.282049],[133.864013,35.282749],[133.864288,35.283066],[133.865225,35.283424],[133.866162,35.283399],[133.866237,35.283674],[133.866275,35.284932],[133.865662,35.285357],[133.864838,35.28604],[133.864513,35.286082],[133.863638,35.28604],[133.862588,35.286332],[133.861713,35.286357],[133.861163,35.286582],[133.860776,35.287615],[133.860863,35.288432],[133.861225,35.289282],[133.861251,35.289665],[133.861226,35.289732],[133.861088,35.289782],[133.860951,35.290048],[133.861325,35.290257],[133.861575,35.290523],[133.86175,35.291157],[133.86175,35.292148],[133.862188,35.292665],[133.863175,35.292973],[133.864363,35.293182],[133.8653,35.293407],[133.866175,35.293198],[133.867437,35.29309],[133.869337,35.293065],[133.869449,35.292923],[133.869937,35.29259],[133.870049,35.292565],[133.870787,35.292698],[133.871224,35.293173],[133.871674,35.29344],[133.872299,35.293331],[133.872335,35.293278],[133.872811,35.293015],[133.872924,35.293031],[133.873449,35.293306],[133.873661,35.29369],[133.873636,35.29434],[133.874236,35.294723],[133.874986,35.294923],[133.876886,35.295198],[133.877898,35.295081],[133.878148,35.294973],[133.878636,35.294631],[133.879735,35.294648],[133.880235,35.294156],[133.88076,35.293881],[133.881523,35.293973],[133.883197,35.294514],[133.883785,35.294806],[133.883835,35.295031],[133.884085,35.295614],[133.884385,35.295956],[133.88461,35.295981],[133.885422,35.294739],[133.886035,35.294239],[133.886522,35.294423],[133.887822,35.295031],[133.88801,35.29539],[133.888035,35.296106],[133.888147,35.296515],[133.88831,35.297348],[133.88876,35.297598],[133.889772,35.297931],[133.890897,35.298473],[133.891647,35.29899],[133.892135,35.299573],[133.892272,35.300048],[133.892335,35.300115],[133.892547,35.300048],[133.893372,35.29989],[133.893947,35.300048],[133.89436,35.300523],[133.894835,35.300815],[133.895547,35.30099],[133.895522,35.301015],[133.89571,35.30104],[133.896372,35.301198],[133.896785,35.301598],[133.896947,35.302123],[133.89706,35.302323],[133.897272,35.302931],[133.897585,35.303565],[133.898022,35.304098],[133.898597,35.304348],[133.899284,35.304373],[133.899997,35.304281],[133.900609,35.304073],[133.900822,35.30394],[133.902059,35.303848],[133.902672,35.30394],[133.903384,35.304231],[133.905196,35.304773],[133.906159,35.304881],[133.906646,35.304998],[133.906784,35.305306],[133.906821,35.306073],[133.906958,35.30664],[133.907646,35.306981],[133.908446,35.307248],[133.908933,35.306906],[133.909071,35.306865],[133.909571,35.306906],[133.910496,35.307106],[133.911358,35.307173],[133.911958,35.307106],[133.912695,35.307198],[133.913108,35.307173],[133.913333,35.306948],[133.913383,35.306615],[133.913795,35.306656],[133.914483,35.307215],[133.91512,35.307373],[133.915758,35.307173],[133.916195,35.307148],[133.916745,35.307056],[133.91787,35.30764],[133.918695,35.307398],[133.919245,35.307415],[133.919682,35.307148],[133.920345,35.306648],[133.921007,35.306448],[133.922044,35.30669],[133.922319,35.306806],[133.922732,35.306556],[133.923144,35.306623],[133.923482,35.307006],[133.925132,35.306807],[133.925432,35.307098],[133.925369,35.307523],[133.925544,35.307748],[133.926194,35.30809],[133.926469,35.308448],[133.926694,35.309031],[133.926144,35.309773],[133.926169,35.310206],[133.926419,35.310498],[133.926881,35.310473],[133.927431,35.310365],[133.927981,35.310565],[133.928256,35.310923],[133.928319,35.311264],[133.928681,35.311573],[133.929256,35.311689],[133.929806,35.312523],[133.931118,35.314439],[133.931318,35.315089],[133.931368,35.315764],[133.931681,35.315964],[133.931756,35.316056],[133.932118,35.316981],[133.932143,35.317339],[133.931956,35.318172],[133.931656,35.31883],[133.930243,35.319913],[133.929618,35.320522],[133.929068,35.320997],[133.928218,35.321513],[133.927781,35.321855],[133.927831,35.322255],[133.927968,35.32278],[133.927968,35.323538],[133.928018,35.324305],[133.928168,35.32483],[133.928493,35.325321],[133.928743,35.326129],[133.929268,35.326629],[133.929406,35.326854],[133.929618,35.328096],[133.929656,35.329312],[133.929756,35.329962],[133.930118,35.330796],[133.930618,35.33172],[133.931168,35.332554],[133.932068,35.333787],[133.933068,35.334512],[133.934005,35.33512],[133.935017,35.335503],[133.936142,35.335637],[133.936967,35.33552],[133.937192,35.335429],[133.937492,35.335137],[133.93758,35.334529],[133.937855,35.334104],[133.938367,35.33387],[133.938729,35.333829],[133.939667,35.333987],[133.940929,35.334545],[133.941154,35.33452],[133.941804,35.334162],[133.942329,35.334054],[133.942767,35.334004],[133.942967,35.333937],[133.944166,35.332921],[133.944966,35.332562],[133.945379,35.332562],[133.945791,35.332721],[133.948053,35.334179],[133.948903,35.334854],[133.949478,35.335487],[133.949816,35.335754],[133.950941,35.336387],[133.951015,35.336495],[133.951228,35.336762],[133.951478,35.336987],[133.952803,35.337837],[133.953278,35.338037],[133.953828,35.338354],[133.953853,35.338462],[133.95364,35.339495],[133.95369,35.340078],[133.953915,35.340553],[133.955627,35.342095],[133.955839,35.342162],[133.956402,35.342187],[133.957227,35.342345],[133.957827,35.342703],[133.958826,35.343645],[133.959351,35.344253],[133.959564,35.344245],[133.960001,35.34402],[133.960639,35.343937],[133.961789,35.343995],[133.962401,35.344178],[133.962764,35.344445],[133.962976,35.344737],[133.963013,35.345211],[133.963401,35.345595],[133.963888,35.345928],[133.964001,35.346245],[133.964501,35.346645],[133.964801,35.346845],[133.965213,35.346645],[133.965676,35.346461],[133.966176,35.346461],[133.966501,35.346553],[133.967663,35.347003],[133.968688,35.347511],[133.969075,35.347736],[133.9697,35.347869],[133.970138,35.347919],[133.9705,35.347919],[133.971138,35.347578],[133.971538,35.347128],[133.972338,35.346453],[133.97245,35.346203],[133.972775,35.346095],[133.973463,35.345978],[133.974013,35.345845],[133.97465,35.345753],[133.9758,35.345978],[133.976,35.345911],[133.97655,35.345595],[133.977087,35.345186],[133.977562,35.344695],[133.977638,35.344286],[133.978662,35.34422],[133.979262,35.343703],[133.97965,35.343453],[133.979862,35.343586],[133.980112,35.343953],[133.980662,35.344395],[133.98105,35.344778],[133.981412,35.34507],[133.981937,35.345386],[133.982737,35.345694],[133.983399,35.345853],[133.984887,35.346728],[133.985349,35.346769],[133.986099,35.346678],[133.986587,35.346811],[133.987174,35.347219],[133.987662,35.347669],[133.988211,35.347978],[133.988774,35.348161],[133.989374,35.348469],[133.989849,35.348627],[133.990561,35.348402],[133.992036,35.348178],[133.992399,35.348219],[133.992786,35.348669],[133.992924,35.349002],[133.992986,35.349002],[133.993086,35.349361],[133.993398,35.349902],[133.993973,35.350419],[133.994723,35.350952],[133.994811,35.351402],[133.994998,35.351719],[133.995748,35.352185],[133.996161,35.35241],[133.996548,35.35246],[133.997098,35.352727],[133.997323,35.352783],[133.99786,35.352877],[133.99846,35.352719],[133.99986,35.352669],[134.000223,35.35251],[134.001235,35.351927],[134.001923,35.35161],[134.00231,35.351477],[134.003323,35.351252],[134.005185,35.35111],[134.006047,35.351135],[134.006897,35.351269],[134.007472,35.351402],[134.00796,35.351427],[134.008235,35.351294],[134.008872,35.350436],[134.008985,35.349802],[134.00931,35.349577],[134.010297,35.349511],[134.01121,35.349552],[134.012559,35.349369],[134.013072,35.349461],[134.014097,35.349936],[134.014747,35.350361],[134.014947,35.350094],[134.015159,35.349644],[134.015547,35.349011],[134.015709,35.348536],[134.015597,35.347453],[134.015872,35.346511],[134.015797,35.346078],[134.015459,35.345519],[134.015109,35.345044],[134.014785,35.344794],[134.014372,35.34412],[134.01406,35.343853],[134.013572,35.343578],[134.01316,35.343245],[134.013047,35.34277],[134.012772,35.342253],[134.01261,35.342095],[134.012135,35.341778],[134.01181,35.341262],[134.011723,35.341053],[134.011073,35.340562],[134.010873,35.340312],[134.01096,35.338937],[134.011173,35.33842],[134.01126,35.338037],[134.011485,35.337762],[134.011673,35.337654],[134.012523,35.336912],[134.013098,35.336545],[134.013098,35.336495],[134.014223,35.336287],[134.014535,35.336129],[134.014673,35.335654],[134.01506,35.335346],[134.015423,35.334987],[134.015535,35.334654],[134.015485,35.334246],[134.015235,35.333837],[134.014998,35.333612],[134.01371,35.332654],[134.013498,35.332404],[134.013223,35.331729],[134.012711,35.331204],[134.012198,35.330296],[134.012161,35.330163],[134.011948,35.329821],[134.011786,35.329729],[134.011286,35.329663],[134.010436,35.329629],[134.010223,35.329563],[134.009886,35.329288],[134.009324,35.328088],[134.009211,35.32798],[134.008749,35.327796],[134.008499,35.327471],[134.008261,35.327363],[134.007024,35.327238],[134.006886,35.327171],[134.005487,35.326147],[134.004862,35.325622],[134.004262,35.325305],[134.004174,35.32528],[134.004262,35.325147],[134.004374,35.325055],[134.004649,35.324697],[134.004674,35.324563],[134.004599,35.323955],[134.004412,35.323455],[134.004249,35.323205],[134.003987,35.322622],[134.003762,35.322255],[134.003462,35.321897],[134.00295,35.321555],[134.002837,35.321439],[134.00265,35.321097],[134.002425,35.320872],[134.001362,35.320255],[134.001087,35.319981],[134.000825,35.319556],[134.000662,35.318831],[134.000775,35.318539],[134.001212,35.318206],[134.001362,35.317822],[134.001025,35.317547],[134.000813,35.317047],[134.000575,35.316639],[134.000275,35.316281],[133.9999,35.315356],[133.999463,35.314898],[133.999438,35.314631],[134.000488,35.313939],[134.00165,35.31309],[134.002525,35.313006],[134.00325,35.31279],[134.003412,35.312698],[134.003662,35.312498],[134.003662,35.312181],[134.003475,35.31164],[134.003588,35.311415],[134.003788,35.311256],[134.004312,35.310923],[134.004975,35.310348],[134.005137,35.310232],[134.005637,35.30999],[134.007162,35.309415],[134.007487,35.30924],[134.007625,35.30904],[134.00785,35.308365],[134.008662,35.307982],[134.0094,35.30774],[134.009462,35.307674],[134.010562,35.307549],[134.011462,35.307357],[134.011849,35.30709],[134.011999,35.306932],[134.012487,35.306774],[134.013649,35.30699],[134.014749,35.306974],[134.015349,35.306907],[134.015899,35.306732],[134.016262,35.306491],[134.016599,35.306082],[134.017287,35.305907],[134.018436,35.305716],[134.020011,35.306116],[134.020149,35.306116],[134.021299,35.305674],[134.021911,35.305699],[134.022261,35.305882],[134.022561,35.305999],[134.022899,35.306024],[134.023686,35.306641],[134.024861,35.307391],[134.025298,35.307524],[134.026073,35.307424],[134.026711,35.307474],[134.027061,35.307432],[134.027198,35.307449],[134.027998,35.307815],[134.028523,35.307757],[134.029123,35.307532],[134.029323,35.307515],[134.029735,35.30729],[134.029673,35.307224],[134.02971,35.306999],[134.029623,35.306566],[134.029685,35.306257],[134.02991,35.305916],[134.030073,35.305466],[134.030135,35.305449],[134.03046,35.305357],[134.03096,35.305341],[134.031235,35.305299],[134.03181,35.305074],[134.032123,35.304807],[134.032698,35.304541],[134.033148,35.304391],[134.03356,35.304074],[134.034135,35.303966],[134.03496,35.303999],[134.035622,35.303957],[134.036197,35.303874],[134.036772,35.304166],[134.03721,35.304491],[134.037897,35.304516],[134.039697,35.303782],[134.040247,35.303857],[134.040959,35.303749],[134.041422,35.303599],[134.041947,35.303716],[134.042772,35.303424],[134.044109,35.302758],[134.044272,35.302599],[134.044747,35.301524],[134.045297,35.301124],[134.045959,35.300749],[134.046359,35.300249],[134.047134,35.299491],[134.047247,35.299316],[134.047684,35.299133],[134.048096,35.298558],[134.048596,35.298533],[134.050571,35.29875],[134.051759,35.298225],[134.052446,35.298158],[134.053133,35.298525],[134.053771,35.298758],[134.054183,35.298558],[134.054646,35.298225],[134.054983,35.298383],[134.055421,35.298766],[134.056208,35.299341],[134.056558,35.299541],[134.057333,35.300066],[134.05777,35.300316],[134.05807,35.300633],[134.058283,35.301266],[134.058858,35.301683],[134.058995,35.301658],[134.05962,35.301866],[134.06072,35.302816],[134.061645,35.303075],[134.062195,35.3031],[134.062995,35.302858],[134.063857,35.302441],[134.064407,35.302016],[134.064657,35.301608],[134.06472,35.300892],[134.06572,35.300108],[134.066745,35.299308],[134.067819,35.298708],[134.069232,35.2977],[134.069844,35.29735],[134.070057,35.297167],[134.070144,35.297325],[134.070269,35.298025],[134.070319,35.298567],[134.070482,35.299109],[134.071144,35.299517],[134.071694,35.29975],[134.072394,35.300384],[134.072619,35.300633],[134.073031,35.300684],[134.072969,35.300725],[134.073569,35.301183],[134.074256,35.301433],[134.074756,35.3018],[134.075156,35.3025],[134.075156,35.302642],[134.076231,35.302783],[134.076643,35.302808],[134.077606,35.302792],[134.078381,35.302684],[134.078681,35.302709],[134.080268,35.302609],[134.081018,35.302434],[134.082205,35.302309],[134.082643,35.302517],[134.084093,35.302959],[134.084205,35.303275],[134.084643,35.303459],[134.085155,35.303734],[134.085243,35.304],[134.08513,35.304634],[134.085068,35.305375],[134.085105,35.306142],[134.085717,35.306509],[134.08588,35.306692],[134.086092,35.307075],[134.086342,35.307367],[134.086505,35.307417],[134.086892,35.307234],[134.087305,35.30715],[134.08763,35.307242],[134.087742,35.307217],[134.08868,35.306259],[134.088855,35.306167],[134.089542,35.305925],[134.090367,35.30575],[134.091192,35.305334],[134.091392,35.305292],[134.091854,35.305267],[134.092054,35.305292],[134.092904,35.305792],[134.093392,35.306001],[134.093554,35.306159],[134.093967,35.306459],[134.094242,35.306459],[134.094442,35.306101],[134.094467,35.305626],[134.094767,35.305401],[134.095429,35.305609],[134.095654,35.305634],[134.096141,35.305484],[134.096529,35.305551],[134.097104,35.305734],[134.097304,35.305742],[134.097716,35.305859],[134.097854,35.305701],[134.098154,35.305184],[134.098654,35.304534],[134.098879,35.304059],[134.098691,35.303793],[134.098279,35.303584],[134.098066,35.303401],[134.098004,35.303426],[134.097929,35.303218],[134.098204,35.302818],[134.098654,35.302418],[134.099004,35.302035],[134.099204,35.301493],[134.099929,35.30121],[134.100066,35.300826],[134.100291,35.300443],[134.100591,35.300126],[134.100929,35.300068],[134.101166,35.300068],[134.101666,35.300185],[134.102191,35.300252],[134.102329,35.300052],[134.102254,35.29911],[134.102416,35.29861],[134.102704,35.298368],[134.102679,35.298077],[134.102566,35.297644],[134.102791,35.297169],[134.102654,35.296702],[134.102766,35.296269],[134.103104,35.295977],[134.103604,35.29576],[134.103791,35.295335],[134.104154,35.294977],[134.104679,35.294869],[134.104766,35.294886],[134.105729,35.294469],[134.106391,35.294294],[134.106591,35.293844],[134.107053,35.293711],[134.107253,35.293694],[134.108053,35.293494],[134.108466,35.292844],[134.109766,35.291953],[134.109716,35.291886],[134.109578,35.291386],[134.109803,35.291145],[134.110353,35.290853],[134.110878,35.290653],[134.111266,35.290653],[134.111516,35.290478],[134.111403,35.29007],[134.111353,35.289436],[134.112153,35.289195],[134.113253,35.288712],[134.113841,35.288537],[134.114116,35.288378],[134.114341,35.28782],[134.114541,35.28717],[134.114566,35.286945],[134.114353,35.28642],[134.113916,35.286079],[134.113666,35.285737],[134.113616,35.285562],[134.113641,35.285129],[134.113978,35.284979],[134.114441,35.284912],[134.114553,35.284845],[134.114966,35.284445],[134.115366,35.283862],[134.115803,35.283612],[134.116403,35.283554],[134.116991,35.283537],[134.11779,35.283337],[134.118728,35.282896],[134.12019,35.282337],[134.121128,35.281879],[134.121978,35.281388],[134.122314,35.280975],[134.12304,35.280979],[134.12364,35.281021],[134.12394,35.280996],[134.124165,35.280904],[134.124377,35.280763],[134.124715,35.280629],[134.124815,35.280538],[134.125527,35.280313],[134.126302,35.280171],[134.127015,35.280121],[134.128827,35.280355],[134.12949,35.28033],[134.130614,35.280096],[134.131114,35.280205],[134.131777,35.280605],[134.132102,35.280871],[134.132352,35.280955],[134.132927,35.281063],[134.133239,35.281238],[134.133377,35.281646],[134.133464,35.28258],[134.133714,35.282913],[134.134001,35.283138],[134.134139,35.283138],[134.134701,35.282688],[134.135014,35.282571],[134.135389,35.282505],[134.135476,35.282455],[134.135551,35.282346],[134.135764,35.281538],[134.135876,35.281288],[134.136176,35.280905],[134.136614,35.28063],[134.137239,35.28038],[134.137426,35.280272],[134.137651,35.279797],[134.137814,35.279622],[134.137976,35.279505],[134.139151,35.27898],[134.139364,35.278847],[134.139664,35.278755],[134.139751,35.278463],[134.140014,35.27788],[134.140376,35.277497],[134.140614,35.277047],[134.140639,35.276555],[134.140801,35.276189],[134.140926,35.27543],[134.141114,35.275047],[134.141189,35.27473],[134.141089,35.274555],[134.140751,35.274222],[134.140464,35.273639],[134.140164,35.273397],[134.139526,35.273197],[134.139064,35.272822],[134.138514,35.273072],[134.138289,35.272989],[134.138102,35.272855],[134.138039,35.272514],[134.138064,35.271955],[134.137977,35.271797],[134.137789,35.271597],[134.137477,35.271197],[134.137527,35.270955],[134.137689,35.270572],[134.137527,35.270097],[134.137489,35.269814],[134.137514,35.269564],[134.137602,35.269339],[134.137814,35.269022],[134.138164,35.268731],[134.138902,35.268481],[134.139652,35.268339],[134.140002,35.268181],[134.139802,35.267847],[134.139752,35.267556],[134.139914,35.267131],[134.140077,35.266947],[134.140377,35.266814],[134.140452,35.266672],[134.140427,35.266339],[134.140364,35.266181],[134.140364,35.266047],[134.140502,35.265889],[134.140589,35.265847],[134.140739,35.265422],[134.140939,35.265131],[134.141039,35.265056],[134.141614,35.264648],[134.141752,35.264406],[134.141989,35.264048],[134.142189,35.263906],[134.142377,35.263814],[134.142764,35.263789],[134.143364,35.263898],[134.143614,35.263806],[134.144051,35.263556],[134.144376,35.263306],[134.144351,35.263314],[134.144376,35.263264],[134.144676,35.263064],[134.144976,35.262814],[134.145251,35.262456],[134.145464,35.262298],[134.145926,35.262156],[134.145964,35.26209],[134.145851,35.261931],[134.145426,35.261556],[134.145351,35.261398],[134.145401,35.261106],[134.146226,35.26099],[134.147014,35.261115],[134.147076,35.261165],[134.147426,35.26109],[134.147764,35.260956],[134.148139,35.260865],[134.148614,35.260615],[134.149126,35.260406],[134.149726,35.26029],[134.149926,35.260156],[134.150213,35.25944],[134.150426,35.258515],[134.150563,35.257915],[134.149926,35.257673],[134.149376,35.25729],[134.149151,35.257073],[134.148451,35.255957],[134.148064,35.255582],[134.147401,35.255048],[134.147314,35.254348],[134.147052,35.25384],[134.146864,35.25359],[134.146589,35.253373],[134.146364,35.253348],[134.145927,35.253423],[134.145464,35.253557],[134.145189,35.253698],[134.144964,35.25374],[134.144802,35.253698],[134.144664,35.25359],[134.144577,35.253457],[134.144664,35.253173],[134.144577,35.25314],[134.144839,35.252557],[134.144914,35.252515],[134.145014,35.252382],[134.145014,35.25229],[134.144864,35.251973],[134.144589,35.251673],[134.144414,35.251565],[134.144064,35.251398],[134.143539,35.251265],[134.143239,35.251082],[134.142927,35.250448],[134.142777,35.249857],[134.142715,35.249049],[134.142815,35.248549],[134.143052,35.247965],[134.143027,35.247899],[134.14349,35.247024],[134.144015,35.246365],[134.14419,35.246165],[134.144452,35.246057],[134.144502,35.245857],[134.144177,35.245449],[134.143902,35.244991],[134.143777,35.244657],[134.14389,35.244474],[134.14449,35.244207],[134.145064,35.243941],[134.145189,35.243941],[134.145439,35.243849],[134.145652,35.243699],[134.145677,35.243632],[134.145527,35.243016],[134.145327,35.242749],[134.144102,35.242041],[134.143715,35.241791],[134.143365,35.241491],[134.14324,35.241358],[134.142815,35.241191],[134.14234,35.241191],[134.14189,35.241366],[134.141502,35.241566],[134.140803,35.241516],[134.140078,35.241224],[134.139503,35.240807],[134.138565,35.239966],[134.138015,35.239716],[134.137391,35.239266],[134.137241,35.238991],[134.137753,35.238183],[134.137778,35.238049],[134.137941,35.237708],[134.138291,35.237149],[134.138341,35.236966],[134.138541,35.236674],[134.138778,35.2365],[134.139628,35.2363],[134.139928,35.236141],[134.140003,35.236058],[134.140278,35.235941],[134.140315,35.235675],[134.140265,35.235625],[134.14014,35.235425],[134.140215,35.235133],[134.14059,35.234908],[134.14069,35.234683],[134.140853,35.2345],[134.140903,35.234416],[134.141253,35.234166],[134.14194,35.233133],[134.142115,35.232958],[134.14234,35.232683],[134.142615,35.232642],[134.142665,35.232667],[134.14289,35.2326],[134.143603,35.231792],[134.143878,35.23155],[134.14439,35.231392],[134.145065,35.231534],[134.145565,35.231584],[134.14589,35.231692],[134.146115,35.231875],[134.146352,35.232175],[134.147077,35.232292],[134.14754,35.23225],[134.148314,35.232234],[134.148639,35.232434],[134.148852,35.232734],[134.148977,35.2328],[134.149402,35.232942],[134.150227,35.233309],[134.150627,35.233334],[134.151464,35.233317],[134.152064,35.233225],[134.152989,35.2333],[134.153714,35.233534],[134.154139,35.233559],[134.154888,35.233809],[134.155588,35.2342],[134.156313,35.234542],[134.157088,35.234709],[134.157313,35.234684],[134.157738,35.234509],[134.158238,35.2346],[134.158688,35.234151],[134.1594,35.233909],[134.160075,35.233284],[134.160888,35.233068],[134.161213,35.232818],[134.161463,35.232568],[134.161488,35.232434],[134.161463,35.232076],[134.1615,35.231801],[134.161875,35.231443],[134.162075,35.231018],[134.162213,35.230301],[134.162288,35.230185],[134.162762,35.229876],[134.16295,35.229427],[134.162975,35.229243],[134.16315,35.228818],[134.16345,35.228527],[134.163962,35.22821],[134.164187,35.228102],[134.164087,35.22781],[134.16415,35.227244],[134.164025,35.226969],[134.163475,35.226544],[134.16315,35.225977],[134.1624,35.225585],[134.162288,35.225177],[134.162288,35.225085],[134.162513,35.224477],[134.16235,35.224027],[134.162275,35.223936],[134.1618,35.223661],[134.161625,35.222961],[134.161738,35.222261],[134.161988,35.221703],[134.162275,35.221436],[134.1624,35.221344],[134.1629,35.221186],[134.16315,35.221036],[134.163375,35.220628],[134.163462,35.22002],[134.163413,35.219478],[134.163138,35.219203],[134.162438,35.218995],[134.162363,35.218886],[134.162175,35.217911],[134.161875,35.217503],[134.161788,35.217145],[134.161813,35.217028],[134.162113,35.21672],[134.162088,35.21647],[134.1613,35.215154],[134.160975,35.214862],[134.1607,35.214479],[134.160488,35.214045],[134.160413,35.213979],[134.160238,35.213729],[134.160188,35.213137],[134.160025,35.212621],[134.159475,35.212279],[134.158951,35.211237],[134.158538,35.210987],[134.157813,35.210754],[134.157613,35.210637],[134.156763,35.210004],[134.156564,35.209754],[134.156589,35.209437],[134.156401,35.208763],[134.156401,35.208446],[134.156539,35.207696],[134.155889,35.207563],[134.155039,35.207196],[134.154789,35.206671],[134.154689,35.206196],[134.154427,35.205788],[134.154352,35.205496],[134.154402,35.205071],[134.154364,35.203921],[134.154427,35.20338],[134.154527,35.202855],[134.154402,35.20238],[134.154077,35.20213],[134.153964,35.201838],[134.154014,35.201255],[134.153814,35.200846],[134.153315,35.20053],[134.153152,35.200321],[134.153677,35.199896],[134.153952,35.199563],[134.154165,35.198797],[134.15414,35.198255],[134.153877,35.197713],[134.153427,35.197213],[134.153102,35.196713],[134.15304,35.196372],[134.153115,35.196013],[134.153465,35.195522],[134.15369,35.195297],[134.153927,35.194822],[134.154402,35.19458],[134.154877,35.19438],[134.15519,35.19393],[134.15564,35.193614],[134.156265,35.193689],[134.15679,35.193689],[134.157202,35.193314],[134.157702,35.193114],[134.158277,35.19318],[134.158902,35.192872],[134.159464,35.192472],[134.160139,35.192114],[134.160689,35.191964],[134.161039,35.191739],[134.161077,35.191422],[134.161002,35.190789],[134.161202,35.19043],[134.161739,35.190164],[134.162339,35.190097],[134.162914,35.189605],[134.163127,35.189222],[134.163552,35.188914],[134.164177,35.188597],[134.165364,35.187597],[134.165626,35.187189],[134.165576,35.186714],[134.165776,35.186064],[134.166264,35.185322],[134.166389,35.185164],[134.166751,35.184606],[134.166851,35.184064],[134.167164,35.183231],[134.167164,35.182598],[134.167476,35.181831],[134.168001,35.181139],[134.168539,35.180689],[134.168639,35.180531],[134.168864,35.180065],[134.168776,35.179431],[134.168601,35.179115],[134.167814,35.178248],[134.167714,35.177323],[134.167839,35.177098],[134.168514,35.175257],[134.168489,35.174782],[134.168389,35.174557],[134.167952,35.173965],[134.167752,35.173582],[134.167364,35.17254],[134.167389,35.171882],[134.167714,35.171748],[134.167864,35.171732],[134.168689,35.171915],[134.168764,35.171915],[134.169202,35.171807],[134.169751,35.171274],[134.169976,35.17114],[134.170639,35.170649],[134.171439,35.170315],[134.172139,35.169915],[134.172251,35.169849],[134.172164,35.169815],[134.172576,35.169682],[134.173701,35.169657],[134.174576,35.169474],[134.176701,35.169249],[134.177463,35.169107],[134.177826,35.169199],[134.178213,35.169424],[134.178788,35.169691],[134.178838,35.169782],[134.178588,35.169849],[134.179151,35.170207],[134.179875,35.170874],[134.180075,35.171415],[134.180213,35.171707],[134.182325,35.172057],[134.182913,35.17229],[134.183463,35.172432],[134.184237,35.172774],[134.185037,35.17334],[134.185112,35.173432],[134.185587,35.173524],[134.186212,35.173715],[134.187462,35.174357],[134.188599,35.175015],[134.189774,35.175749],[134.189899,35.175857],[134.190149,35.176199],[134.190462,35.177557],[134.190274,35.178815],[134.190324,35.179198],[134.190662,35.179473],[134.190787,35.179748],[134.190736,35.180223],[134.190786,35.180265],[134.191261,35.18034],[134.191386,35.180565],[134.191824,35.181581],[134.192149,35.181831],[134.192249,35.18219],[134.192261,35.182798],[134.192486,35.183256],[134.192711,35.183798],[134.193061,35.18389],[134.193561,35.184073],[134.193798,35.184598],[134.193823,35.185223],[134.193636,35.186214],[134.193986,35.187031],[134.193948,35.187614],[134.193473,35.187973],[134.192961,35.188264],[134.192986,35.188781],[134.193511,35.189214],[134.193686,35.189306],[134.194161,35.189448],[134.195036,35.189456],[134.195861,35.189506],[134.196161,35.189548],[134.19676,35.189781],[134.197885,35.190423],[134.198635,35.190606],[134.19976,35.190589],[134.200385,35.190623],[134.200935,35.190714],[134.201085,35.190689],[134.20141,35.190581],[134.201423,35.189881],[134.201523,35.189498],[134.202122,35.189098],[134.20241,35.18899],[134.202985,35.188923],[134.203835,35.18904],[134.204685,35.189323],[134.20536,35.189373],[134.206035,35.189331],[134.207559,35.189365],[134.207684,35.18939],[134.208434,35.189773],[134.209034,35.189956],[134.209034,35.189981],[134.209559,35.190073],[134.209959,35.18994],[134.211759,35.189915],[134.212184,35.190165],[134.212559,35.190615],[134.213034,35.19089],[134.213184,35.190915],[134.213921,35.190381],[134.215721,35.189915],[134.216346,35.189673],[134.216559,35.189565],[134.216809,35.189498],[134.217034,35.189682],[134.217496,35.190198],[134.218021,35.190365],[134.219921,35.190715],[134.220521,35.190698],[134.221158,35.190565],[134.221733,35.190498],[134.221933,35.190682],[134.222096,35.190998],[134.222196,35.191448],[134.22277,35.192132],[134.223033,35.192656],[134.223633,35.192948],[134.22552,35.193006],[134.22582,35.193173],[134.226133,35.193623],[134.226283,35.194031],[134.226258,35.19414],[134.225958,35.194415],[134.22567,35.194748],[134.225545,35.195131],[134.22557,35.195331],[134.225995,35.195606],[134.226295,35.195631],[134.22692,35.195815],[134.227295,35.196198],[134.227432,35.196973],[134.227832,35.197289],[134.228782,35.197273],[134.228832,35.197248],[134.229732,35.197214],[134.230595,35.197281],[134.230994,35.197223],[134.231719,35.197339],[134.232369,35.197364],[134.232519,35.197431],[134.233019,35.197756],[134.233457,35.198389],[134.233757,35.198748],[134.234607,35.199206],[134.235082,35.199281],[134.235332,35.199214],[134.236056,35.199398],[134.236906,35.199431],[134.237506,35.199389],[134.239244,35.199173],[134.241093,35.199098],[134.241618,35.198923],[134.242156,35.198431],[134.242331,35.198364],[134.242331,35.198339],[134.242881,35.198406],[134.243356,35.198414],[134.244031,35.198506],[134.244656,35.198606],[134.245181,35.198856],[134.245705,35.199289],[134.246255,35.199739],[134.246918,35.200039],[134.247305,35.200086],[134.248055,35.200081],[134.249068,35.200306],[134.249568,35.200464],[134.249968,35.200706],[134.25033,35.201023],[134.25118,35.202514],[134.252055,35.202939],[134.25208,35.203256],[134.251867,35.204064],[134.251967,35.20458],[134.252242,35.205305],[134.252467,35.205664],[134.252767,35.205955],[134.252955,35.206255],[134.253367,35.206705],[134.253454,35.207089],[134.253967,35.20808],[134.254104,35.208255],[134.254517,35.208322],[134.255392,35.208597],[134.255779,35.208572],[134.256192,35.208663],[134.256829,35.209047],[134.257292,35.209022],[134.258279,35.209322],[134.258554,35.20943],[134.258766,35.209705],[134.259179,35.209747],[134.259541,35.20988],[134.260441,35.210871],[134.260691,35.21058],[134.260991,35.210355],[134.261766,35.210105],[134.262141,35.210022],[134.262479,35.209813],[134.263279,35.208888],[134.263416,35.208755],[134.263791,35.208597],[134.264291,35.20858],[134.265353,35.208372],[134.265853,35.208355],[134.266891,35.208464],[134.267366,35.208489],[134.267778,35.208422],[134.267966,35.208172],[134.268103,35.207297],[134.268266,35.207114],[134.268378,35.206755],[134.268241,35.206439],[134.268353,35.205872],[134.268378,35.205222],[134.268353,35.204839],[134.268466,35.204122],[134.268603,35.203806],[134.268716,35.203689],[134.269228,35.203372],[134.269453,35.202922],[134.269616,35.202381],[134.270078,35.201864],[134.270491,35.201239],[134.271203,35.200631],[134.271203,35.200673],[134.271591,35.200764],[134.272528,35.200806],[134.273053,35.200789],[134.274453,35.200473],[134.275491,35.199748],[134.275853,35.199573],[134.276016,35.19914],[134.276041,35.198765],[134.276941,35.197973],[134.277141,35.197707],[134.277491,35.197457],[134.277878,35.197298],[134.278178,35.197048],[134.278341,35.196873],[134.278753,35.196823],[134.27919,35.196873],[134.27974,35.196848],[134.28109,35.196648],[134.28114,35.196598],[134.281503,35.196757],[134.281778,35.197073],[134.282128,35.197573],[134.28254,35.197907],[134.283177,35.197973],[134.28369,35.198065],[134.28449,35.19809],[134.285202,35.198198],[134.285777,35.198407],[134.28614,35.198632],[134.286964,35.199106],[134.287539,35.199281],[134.288277,35.199373],[134.288739,35.199373],[134.289589,35.199423],[134.290776,35.19969],[134.291626,35.200031],[134.292139,35.200006],[134.292614,35.199807],[134.292964,35.19929],[134.293439,35.199215],[134.293626,35.199215],[134.294063,35.199373],[134.294588,35.199848],[134.294638,35.199848],[134.295301,35.200348],[134.295926,35.20084],[134.296126,35.200931],[134.296838,35.201206],[134.29725,35.201181],[134.297738,35.200931],[134.298013,35.201315],[134.298375,35.201656],[134.298863,35.201856],[134.299963,35.201906],[134.300838,35.201948],[134.3021,35.202198],[134.302375,35.202173],[134.304075,35.201698],[134.304712,35.20184],[134.3054,35.201857],[134.306275,35.20179],[134.30655,35.201723],[134.3066,35.201657],[134.307237,35.201257],[134.30775,35.201048],[134.308437,35.200915],[134.309812,35.200782],[134.311024,35.201073],[134.311512,35.201049],[134.313299,35.200624],[134.313824,35.200599],[134.314312,35.200832],[134.314724,35.200782],[134.315186,35.200915],[134.315524,35.20114],[134.315986,35.201549],[134.316374,35.201999],[134.316749,35.20234],[134.317386,35.202315],[134.317874,35.202365],[134.318424,35.20234],[134.318786,35.202207],[134.319136,35.201865],[134.319574,35.201574],[134.320024,35.201415],[134.320511,35.201707],[134.321286,35.201799],[134.321936,35.20254],[134.322373,35.202699],[134.322573,35.202724],[134.323011,35.202999],[134.323011,35.20304],[134.322848,35.203265],[134.322873,35.203673],[134.323361,35.204007],[134.324111,35.204323],[134.324923,35.204957],[134.325998,35.206148],[134.326873,35.206782],[134.32756,35.207507],[134.327898,35.207957],[134.328135,35.208448],[134.32861,35.209056],[134.328885,35.209306],[134.329835,35.209715],[134.330385,35.210031],[134.330522,35.21014],[134.330885,35.21064],[134.330997,35.211106],[134.331735,35.212081],[134.33206,35.212323],[134.33256,35.212323],[134.333485,35.212465],[134.334147,35.21269],[134.334672,35.212981],[134.334997,35.213273],[134.335047,35.214223],[134.335022,35.214623],[134.335047,35.214989],[134.335247,35.215348],[134.335934,35.216431],[134.336584,35.217289],[134.336622,35.217806],[134.336372,35.218431],[134.336372,35.218864],[134.336509,35.219314],[134.336672,35.219605],[134.337084,35.219855],[134.337709,35.220189],[134.338184,35.220347],[134.338434,35.220372],[134.339446,35.221072],[134.339884,35.221297],[134.340371,35.22123],[134.341084,35.221189],[134.341609,35.221047],[134.342159,35.220805],[134.342321,35.220689],[134.342934,35.220622],[134.343721,35.220805],[134.344246,35.22103],[134.344408,35.221139],[134.345046,35.221455],[134.345396,35.221664],[134.345696,35.22193],[134.346496,35.222355],[134.347458,35.222672],[134.347533,35.222655],[134.347671,35.222697],[134.348396,35.222764],[134.349208,35.222922],[134.349846,35.22288],[134.350333,35.222814],[134.350883,35.223147],[134.351133,35.223464],[134.351158,35.223622],[134.35157,35.224364],[134.351958,35.224597],[134.35242,35.224614],[134.352895,35.22473],[134.353195,35.224889],[134.353608,35.22538],[134.35372,35.225563],[134.354395,35.226172],[134.354758,35.22658],[134.355145,35.226822],[134.355382,35.226822],[134.35602,35.226897],[134.356545,35.227138],[134.356782,35.227505],[134.357195,35.227863],[134.357832,35.228113],[134.35937,35.22863],[134.359807,35.228813],[134.360132,35.229196],[134.360445,35.229196],[134.361532,35.229013],[134.361669,35.228971],[134.361782,35.228971],[134.362107,35.22913],[134.362419,35.229371],[134.362769,35.229738],[134.363644,35.230346],[134.364119,35.230588],[134.365544,35.23113],[134.365819,35.231063],[134.366144,35.23093],[134.366694,35.230888],[134.366994,35.230996],[134.367706,35.231563],[134.367906,35.231605],[134.368456,35.231588],[134.368731,35.231605],[134.368844,35.231696],[134.369419,35.232621],[134.369769,35.233096],[134.370069,35.233413],[134.371118,35.233888],[134.371606,35.234063],[134.371918,35.234221],[134.372081,35.234513],[134.372106,35.234721],[134.372181,35.234879],[134.372291,35.234927],[134.372343,35.234946],[134.372543,35.235129],[134.373093,35.235538],[134.373331,35.235804],[134.373418,35.235962],[134.374106,35.236754],[134.374568,35.237112],[134.374743,35.237404],[134.374793,35.237812],[134.374768,35.238079],[134.374605,35.238462],[134.374243,35.238979],[134.37413,35.23907],[134.373556,35.239387],[134.373506,35.239454],[134.373556,35.239704],[134.373805,35.239995],[134.373993,35.240129],[134.374218,35.24047],[134.37438,35.240945],[134.374355,35.241437],[134.374243,35.241728],[134.374218,35.242203],[134.37408,35.242745],[134.373643,35.243753],[134.372905,35.244228],[134.372705,35.244411],[134.37263,35.244661],[134.372605,35.244953],[134.372705,35.24547],[134.372843,35.24572],[134.373205,35.245894],[134.37343,35.245919],[134.373705,35.245878],[134.374005,35.246011],[134.374493,35.246303],[134.374743,35.246369],[134.37508,35.246278],[134.37538,35.246303],[134.376555,35.246503],[134.377217,35.246569],[134.377517,35.246528],[134.378267,35.246528],[134.378567,35.246594],[134.378655,35.246686],[134.378817,35.247269],[134.378892,35.247319],[134.37928,35.247403],[134.379642,35.247453],[134.38008,35.247694],[134.380542,35.248078],[134.381067,35.248619],[134.381104,35.248711],[134.381454,35.248669],[134.382092,35.248828],[134.382442,35.248753],[134.382917,35.248736],[134.383604,35.249003],[134.384367,35.249094],[134.384566,35.249203],[134.384866,35.249503],[134.385166,35.249927],[134.385441,35.250177],[134.385854,35.250286],[134.386491,35.250261],[134.386954,35.250194],[134.387454,35.250311],[134.387841,35.250627],[134.388504,35.250869],[134.389153,35.251394],[134.389678,35.252019],[134.390291,35.252227],[134.391278,35.252402],[134.392728,35.252561],[134.39334,35.252586],[134.393453,35.252561],[134.393453,35.251911],[134.393478,35.251861],[134.393778,35.251702],[134.39419,35.251569],[134.394765,35.251478],[134.394903,35.251411],[134.39504,35.251119],[134.395315,35.250736],[134.395753,35.250486],[134.396615,35.250394],[134.39749,35.250553],[134.397765,35.250444],[134.39839,35.24977],[134.398528,35.249586],[134.39839,35.249295],[134.39834,35.24907],[134.398453,35.24882],[134.39894,35.248395],[134.399553,35.248103],[134.400065,35.247603],[134.400178,35.247353],[134.400203,35.247178],[134.400378,35.246728],[134.40079,35.246453],[134.401278,35.246278],[134.401553,35.246003],[134.401478,35.245687],[134.401228,35.245103],[134.401303,35.244745],[134.401528,35.244404],[134.401665,35.244087],[134.40169,35.243779],[134.401603,35.243687],[134.401465,35.243279],[134.40144,35.242712],[134.40149,35.242262],[134.401665,35.241971],[134.40204,35.241746],[134.402378,35.241612],[134.402815,35.241612],[134.402953,35.241571],[134.402653,35.240979],[134.401766,35.239921],[134.401103,35.238913],[134.400753,35.238163],[134.400578,35.237779],[134.399953,35.236521],[134.399428,35.23483],[134.399341,35.234605],[134.399266,35.234221],[134.398979,35.233663],[134.398791,35.233138],[134.398816,35.23258],[134.398491,35.23193],[134.398154,35.231497],[134.397466,35.23123],[134.397166,35.230863],[134.397116,35.230847],[134.396841,35.230488],[134.396779,35.230347],[134.397029,35.229789],[134.397191,35.229289],[134.397166,35.229155],[134.396917,35.228772],[134.396829,35.228322],[134.397004,35.227755],[134.396829,35.227447],[134.395429,35.227222],[134.394904,35.227239],[134.393917,35.226839],[134.393504,35.226497],[134.393342,35.225864],[134.392904,35.225506],[134.39238,35.225239],[134.392105,35.225147],[134.391092,35.224922],[134.390042,35.224631],[134.389767,35.224514],[134.38853,35.223747],[134.388255,35.223639],[134.387517,35.223439],[134.386905,35.223506],[134.385868,35.223706],[134.385455,35.223639],[134.385343,35.223547],[134.385118,35.222989],[134.384818,35.222489],[134.38463,35.222397],[134.383968,35.222239],[134.383468,35.221773],[134.383218,35.221706],[134.38253,35.221656],[134.38248,35.221631],[134.382205,35.221073],[134.381956,35.220689],[134.381906,35.219806],[134.381981,35.219498],[134.381793,35.219114],[134.381356,35.218823],[134.380993,35.218481],[134.380968,35.218415],[134.380993,35.218098],[134.381456,35.217398],[134.382031,35.216973],[134.382256,35.216748],[134.381481,35.216023],[134.380968,35.215332],[134.380968,35.21429],[134.380856,35.214182],[134.380631,35.213798],[134.380693,35.213707],[134.380793,35.213273],[134.380543,35.212532],[134.380768,35.212215],[134.381156,35.211765],[134.381156,35.211365],[134.380818,35.210957],[134.380406,35.21069],[134.379994,35.210624],[134.379831,35.210624],[134.379756,35.21039],[134.379806,35.209832],[134.379781,35.209266],[134.379944,35.208841],[134.380494,35.208032],[134.380769,35.207332],[134.380819,35.206857],[134.381144,35.206433],[134.381231,35.205958],[134.381181,35.205549],[134.381306,35.204158],[134.381919,35.203025],[134.382131,35.202466],[134.382219,35.201833],[134.382331,35.201358],[134.382331,35.2008],[134.382469,35.2001],[134.382631,35.199583],[134.383181,35.199133],[134.383481,35.19895],[134.382906,35.197758],[134.382931,35.197167],[134.383344,35.196517],[134.383531,35.196109],[134.383556,35.195725],[134.383531,35.195392],[134.382894,35.194692],[134.382844,35.194442],[134.383069,35.1944],[134.383419,35.194217],[134.383831,35.193725],[134.384406,35.193542],[134.385094,35.193476],[134.385731,35.193317],[134.386193,35.193092],[134.386331,35.192934],[134.386768,35.192684],[134.387181,35.192642],[134.387343,35.192667],[134.387643,35.192484],[134.388231,35.192284],[134.389018,35.192209],[134.390231,35.192367],[134.390893,35.192326],[134.391381,35.192392],[134.392043,35.192592],[134.392343,35.192434],[134.392705,35.192142],[134.393555,35.191826],[134.39383,35.191667],[134.39408,35.191426],[134.394518,35.191351],[134.39473,35.191084],[134.394955,35.190726],[134.395393,35.190368],[134.397268,35.189509],[134.397917,35.189101],[134.39853,35.188809],[134.398692,35.188676],[134.399267,35.187843],[134.39943,35.187701],[134.40023,35.187526],[134.401242,35.18746],[134.402755,35.18766],[134.405342,35.18766],[134.406467,35.187609],[134.407392,35.187451],[134.408854,35.18716],[134.409566,35.18691],[134.410341,35.186818],[134.410991,35.18691],[134.411191,35.186843],[134.411516,35.186618],[134.411879,35.186126],[134.412041,35.18576],[134.412141,35.18536],[134.412116,35.185018],[134.412316,35.184568],[134.412391,35.184502],[134.412529,35.184027],[134.412416,35.183418],[134.412579,35.182002],[134.412604,35.180894],[134.412216,35.179502],[134.412654,35.178236],[134.412716,35.177744],[134.412141,35.176927],[134.411967,35.176569],[134.411692,35.175803],[134.411254,35.175419],[134.410929,35.175219],[134.410567,35.174769],[134.410292,35.174161],[134.409554,35.172653],[134.409242,35.172336],[134.408392,35.171778],[134.40818,35.171345],[134.40823,35.170628],[134.408067,35.170353],[134.40738,35.169953],[134.40708,35.169853],[134.407142,35.169795],[134.406992,35.169662],[134.407042,35.16937],[134.407017,35.169053],[134.40693,35.168687],[134.40653,35.168095],[134.406455,35.167829],[134.406517,35.16722],[134.406492,35.16677],[134.406292,35.16607],[134.406155,35.165704],[134.40618,35.165529],[134.40633,35.165412],[134.40683,35.165371],[134.40733,35.165196],[134.40743,35.165104],[134.407517,35.164787],[134.407467,35.164429],[134.407667,35.163954],[134.407867,35.163821],[134.409355,35.163496],[134.40968,35.163387],[134.410517,35.163029],[134.410917,35.162713],[134.411017,35.162538],[134.411017,35.162104],[134.41098,35.161546],[134.41118,35.160938],[134.411667,35.16013],[134.412042,35.159655],[134.412155,35.159455],[134.41268,35.158963],[134.41308,35.158738],[134.41313,35.158513],[134.412792,35.157746],[134.412505,35.156747],[134.412455,35.15603],[134.412268,35.15463],[134.412305,35.154014],[134.411993,35.152755],[134.411668,35.152097],[134.411343,35.15173],[134.41008,35.150822],[134.409456,35.150231],[134.409331,35.150047],[134.408768,35.148872],[134.408593,35.148056],[134.408656,35.147831],[134.408681,35.147856],[134.409581,35.147431],[134.410156,35.147306],[134.410631,35.147264],[134.411443,35.146839],[134.412118,35.146573],[134.412443,35.146414],[134.412806,35.145964],[134.413256,35.145315],[134.413693,35.144756],[134.414181,35.143765],[134.414718,35.141848],[134.415156,35.140657],[134.416006,35.138657],[134.416106,35.13814],[134.416018,35.137599],[134.415618,35.137232],[134.415168,35.137032],[134.414618,35.136616],[134.413493,35.136066],[134.413069,35.135774],[134.412981,35.135499],[134.413306,35.134982],[134.413281,35.134824],[134.413106,35.134399],[134.412819,35.133899],[134.412444,35.133491],[134.411906,35.132399],[134.411431,35.132108],[134.411181,35.131724],[134.411231,35.131566],[134.411519,35.131183],[134.411969,35.1308],[134.411969,35.130575],[134.411669,35.13035],[134.411594,35.130258],[134.411506,35.129825],[134.411781,35.129516],[134.412331,35.129225],[134.412506,35.129066],[134.412844,35.12855],[134.412969,35.127941],[134.413156,35.127475],[134.413231,35.127108],[134.413006,35.1267],[134.412707,35.126317],[134.412344,35.125525],[134.412607,35.124492],[134.412682,35.123592],[134.412369,35.123359],[134.411469,35.122634],[134.411144,35.12225],[134.410744,35.121925],[134.410544,35.121609],[134.410482,35.121092],[134.410632,35.120776],[134.410507,35.120434],[134.409545,35.119551],[134.40927,35.119009],[134.408532,35.118351],[134.408082,35.118117],[134.407632,35.118067],[134.406357,35.117609],[134.405982,35.117268],[134.405807,35.117176],[134.405308,35.116968],[134.403383,35.116843],[134.402958,35.116618],[134.403033,35.116326],[134.403058,35.115943],[134.403345,35.115668],[134.40397,35.115251],[134.404883,35.114759],[134.405383,35.114309],[134.405383,35.114193],[134.405158,35.114034],[134.404658,35.113876],[134.404583,35.113651],[134.40472,35.113376],[134.404283,35.11166],[134.404758,35.110943],[134.40477,35.110585],[134.40487,35.110335],[134.40522,35.110268],[134.40602,35.110368],[134.406495,35.11026],[134.40687,35.110035],[134.407383,35.11006],[134.407808,35.11011],[134.408157,35.110085],[134.408632,35.11016],[134.409182,35.110435],[134.409257,35.110393],[134.409532,35.110102],[134.410032,35.109827],[134.410657,35.109793],[134.41117,35.109685],[134.411445,35.109368],[134.411545,35.109185],[134.411782,35.108443],[134.412157,35.108043],[134.412732,35.10771],[134.413095,35.107435],[134.413245,35.107035],[134.413445,35.106769],[134.41347,35.106452],[134.412657,35.104885],[134.41257,35.104369],[134.41262,35.104094],[134.412957,35.103194],[134.412982,35.102744],[134.412832,35.102044],[134.412795,35.101552],[134.412695,35.101094],[134.412482,35.100461],[134.412307,35.099269],[134.411757,35.097686],[134.411757,35.097236],[134.411957,35.096736],[134.41232,35.096511],[134.41282,35.096245],[134.41292,35.095953],[134.413245,35.093495],[134.41427,35.093303],[134.414595,35.093128],[134.414657,35.092628],[134.414782,35.092428],[134.414857,35.092087],[134.414745,35.09132],[134.414895,35.090779],[134.41502,35.090537],[134.414932,35.090262],[134.414558,35.089895],[134.414258,35.089512],[134.414183,35.089195],[134.413545,35.088495],[134.412945,35.087654],[134.41257,35.087587],[134.412145,35.087354],[134.411895,35.087104],[134.411033,35.086529],[134.40926,35.086462],[134.407593,35.086581],[134.405062,35.087057],[134.401244,35.087717],[134.396153,35.088493],[134.392787,35.088321],[134.389939,35.088148],[134.386056,35.087631],[134.379843,35.08582],[134.3757,35.084785],[134.371558,35.084785],[134.367243,35.085906],[134.361807,35.087889],[134.353349,35.0897],[134.349625,35.090278],[134.349125,35.090303],[134.348088,35.090528],[134.347476,35.090869],[134.347063,35.091044],[134.347013,35.091044],[134.346901,35.090978],[134.346551,35.090619],[134.346238,35.090394],[134.345826,35.090353],[134.345363,35.090378],[134.344976,35.090219],[134.344601,35.090103],[134.343963,35.090153],[134.343876,35.090128],[134.343139,35.090153],[134.342064,35.089903],[134.341551,35.089569],[134.341351,35.089161],[134.341026,35.088844],[134.340501,35.088736],[134.340089,35.088894],[134.339839,35.089136],[134.339039,35.089161],[134.338826,35.089294],[134.338689,35.089794],[134.338389,35.090153],[134.338189,35.090444],[134.338026,35.090852],[134.337239,35.091302],[134.337152,35.091011],[134.337152,35.090361],[134.336877,35.089678],[134.336764,35.089544],[134.336539,35.088778],[134.335914,35.088486],[134.335364,35.087719],[134.334814,35.087336],[134.33344,35.086528],[134.33284,35.086095],[134.332602,35.08607],[134.33254,35.086186],[134.332515,35.086478],[134.332615,35.086528],[134.332452,35.086911],[134.33229,35.087186],[134.33209,35.087319],[134.331877,35.087411],[134.33154,35.087436],[134.33099,35.087319],[134.330415,35.086961],[134.329865,35.086528],[134.329627,35.086461],[134.327865,35.085561],[134.327453,35.085536],[134.326465,35.08592],[134.32594,35.08592],[134.325278,35.085811],[134.324178,35.085403],[134.324103,35.085336],[134.323166,35.084661],[134.322591,35.084345],[134.321403,35.084103],[134.320191,35.083828],[134.319616,35.083653],[134.319141,35.083403],[134.318866,35.083136],[134.318979,35.082886],[134.319316,35.082545],[134.319829,35.082145],[134.320054,35.081762],[134.320004,35.08122],[134.319891,35.080903],[134.319829,35.080178],[134.319416,35.079212],[134.319391,35.078829],[134.319504,35.078445],[134.319741,35.078045],[134.319879,35.077587],[134.319854,35.077437],[134.319966,35.076754],[134.320241,35.076487],[134.320766,35.076237],[134.320654,35.076054],[134.319966,35.075721],[134.319854,35.075454],[134.320179,35.075112],[134.320929,35.074387],[134.321091,35.073962],[134.321141,35.073537],[134.321229,35.073238],[134.321479,35.072929],[134.321529,35.072788],[134.321391,35.072613],[134.320816,35.072246],[134.320591,35.072021],[134.320979,35.071188],[134.321166,35.070246],[134.321141,35.069813],[134.321254,35.069546],[134.321529,35.06923],[134.321691,35.068963],[134.321641,35.06853],[134.321466,35.068196],[134.321029,35.067521],[134.320804,35.067521],[134.320154,35.06743],[134.319629,35.06718],[134.318804,35.066413],[134.318192,35.065947],[134.317704,35.065738],[134.317067,35.065655],[134.316879,35.064955],[134.316604,35.064505],[134.316429,35.064147],[134.316467,35.064005],[134.316767,35.063447],[134.316679,35.063197],[134.316429,35.06293],[134.316242,35.06263],[134.316154,35.062322],[134.315967,35.062005],[134.315692,35.061847],[134.315305,35.061239],[134.315055,35.061105],[134.314667,35.061039],[134.314505,35.060855],[134.314705,35.059456],[134.314592,35.059056],[134.314392,35.058672],[134.31428,35.058331],[134.31448,35.058106],[134.314917,35.057839],[134.315142,35.057606],[134.31508,35.057297],[134.31483,35.056823],[134.314667,35.056398],[134.31478,35.055489],[134.315055,35.054931],[134.315105,35.054656],[134.314692,35.054048],[134.31458,35.053756],[134.314717,35.053281],[134.31458,35.052698],[134.314742,35.052473],[134.315017,35.052206],[134.315105,35.051906],[134.314305,35.050807],[134.314255,35.050648],[134.314418,35.05029],[134.314668,35.05004],[134.314905,35.049857],[134.31513,35.04889],[134.315543,35.048257],[134.316005,35.047807],[134.316342,35.047649],[134.316667,35.04754],[134.316967,35.047265],[134.317055,35.046949],[134.316992,35.046707],[134.31683,35.046407],[134.31653,35.046049],[134.316393,35.045757],[134.316443,35.04549],[134.317017,35.045215],[134.31708,35.044541],[134.317018,35.044091],[134.31688,35.043641],[134.31658,35.043282],[134.316305,35.043232],[134.316168,35.043232],[134.31598,35.043299],[134.31548,35.043732],[134.31468,35.044066],[134.314218,35.044316],[134.313593,35.044949],[134.313418,35.045057],[134.312868,35.044657],[134.312518,35.044615],[134.312243,35.044749],[134.312043,35.045149],[134.311993,35.045224],[134.311668,35.04529],[134.310568,35.045107],[134.309993,35.045107],[134.309543,35.045065],[134.308481,35.045674],[134.308006,35.045832],[134.307756,35.045832],[134.307681,35.04554],[134.307106,35.044932],[134.306581,35.044457],[134.306306,35.04414],[134.306243,35.043899],[134.306381,35.043674],[134.307018,35.043307],[134.307043,35.04324],[134.306818,35.04304],[134.306743,35.042749],[134.307018,35.042341],[134.307481,35.041916],[134.307506,35.041824],[134.307431,35.041549],[134.306906,35.041257],[134.306494,35.041082],[134.305994,35.040632],[134.305581,35.040316],[134.305419,35.040224],[134.304844,35.040291],[134.304319,35.040474],[134.303856,35.040474],[134.303281,35.040407],[134.302506,35.040474],[134.302206,35.040657],[134.302156,35.040741],[134.301381,35.04144],[134.301081,35.041807],[134.301106,35.041982],[134.301056,35.042299],[134.300781,35.042615],[134.300669,35.042682],[134.300344,35.042749],[134.299794,35.04264],[134.299294,35.042707],[134.298556,35.042932],[134.297832,35.043115],[134.297144,35.043157],[134.296907,35.043023],[134.296569,35.042399],[134.296519,35.04199],[134.296407,35.041632],[134.296157,35.041382],[134.296044,35.041357],[134.295632,35.041607],[134.295282,35.04174],[134.295007,35.041582],[134.294644,35.041224],[134.294232,35.040999],[134.293982,35.040749],[134.293819,35.040282],[134.293632,35.039899],[134.293057,35.039715],[134.292694,35.039399],[134.292582,35.038999],[134.292557,35.038249],[134.292645,35.037732],[134.29237,35.037532],[134.292195,35.037482],[134.290857,35.037415],[134.29022,35.037332],[134.289782,35.037107],[134.28937,35.036949],[134.289282,35.036974],[134.288907,35.037307],[134.288495,35.037399],[134.28802,35.037132],[134.28742,35.036699],[134.286458,35.036365],[134.285908,35.036474],[134.28547,35.03679],[134.28502,35.03749],[134.284758,35.037848],[134.28437,35.03799],[134.283895,35.038057],[134.283433,35.038015],[134.281783,35.037357],[134.281283,35.036998],[134.281145,35.036815],[134.280795,35.036032],[134.280658,35.035782],[134.280683,35.03549],[134.281096,35.034974],[134.281346,35.034474],[134.281458,35.03409],[134.281421,35.033599],[134.281258,35.033307],[134.280983,35.033099],[134.280521,35.032874],[134.280108,35.032582],[134.279996,35.032449],[134.279721,35.031616],[134.279833,35.030891],[134.279696,35.030558],[134.279608,35.030441],[134.279008,35.030083],[134.278708,35.029858],[134.278671,35.029541],[134.278696,35.029208],[134.278646,35.029116],[134.277746,35.028958],[134.277659,35.028841],[134.277471,35.028058],[134.277471,35.027924],[134.277296,35.027541],[134.277134,35.027333],[134.277059,35.027],[134.276671,35.026458],[134.276171,35.025875],[134.276009,35.025533],[134.276396,35.024808],[134.275646,35.023708],[134.275234,35.023367],[134.274247,35.023483],[134.273784,35.023458],[134.273484,35.023617],[134.273009,35.0238],[134.272622,35.023758],[134.272047,35.023575],[134.271422,35.023308],[134.270434,35.022583],[134.270234,35.022517],[134.269685,35.022475],[134.268922,35.022358],[134.268147,35.022067],[134.267935,35.021958],[134.267572,35.021525],[134.267622,35.020533],[134.267685,35.019975],[134.268172,35.018959],[134.26861,35.01835],[134.26861,35.018217],[134.268422,35.018034],[134.268235,35.017967],[134.267097,35.017359],[134.266772,35.017492],[134.266472,35.017542],[134.266035,35.017359],[134.265623,35.017109],[134.264573,35.01675],[134.26436,35.016509],[134.264385,35.016142],[134.264548,35.015667],[134.265148,35.014367],[134.265398,35.013984],[134.26576,35.013668],[134.26631,35.013443],[134.268335,35.012826],[134.26856,35.012601],[134.268585,35.012509],[134.268423,35.012309],[134.268123,35.012309],[134.267348,35.012668],[134.267098,35.012693],[134.266585,35.012676],[134.266135,35.012718],[134.26581,35.012918],[134.26551,35.013009],[134.265373,35.013009],[134.264873,35.012743],[134.264135,35.012609],[134.26381,35.012176],[134.263561,35.011709],[134.263448,35.011276],[134.263448,35.011026],[134.263723,35.010826],[134.264248,35.010734],[134.265285,35.01071],[134.265648,35.010626],[134.26576,35.010243],[134.265785,35.009785],[134.265948,35.009493],[134.266473,35.008885],[134.26661,35.008501],[134.26661,35.00821],[134.26641,35.008027],[134.266035,35.007852],[134.265898,35.00751],[134.26586,35.00641],[134.265785,35.006093],[134.265535,35.005777],[134.265261,35.005552],[134.265373,35.005327],[134.265648,35.005127],[134.265923,35.004985],[134.266298,35.005077],[134.266848,35.005327],[134.267348,35.005435],[134.26771,35.005302],[134.268035,35.004894],[134.268385,35.00411],[134.268723,35.003835],[134.26976,35.00361],[134.270235,35.003494],[134.270373,35.003427],[134.270748,35.003335],[134.271335,35.003319],[134.271473,35.003252],[134.27141,35.003202],[134.271473,35.003127],[134.27191,35.002944],[134.272597,35.003011],[134.27306,35.002919],[134.27386,35.002677],[134.27446,35.002677],[134.274797,35.002586],[134.27546,35.002202],[134.275835,35.002061],[134.276197,35.001769],[134.276285,35.001278],[134.276585,35.000844],[134.276747,35.000803],[134.277135,35.000753],[134.277522,35.000911],[134.278147,35.001336],[134.278447,35.001386],[134.278809,35.001253],[134.278897,35.000978],[134.278672,35.000169],[134.278922,34.999961],[134.279547,34.999628],[134.279984,34.99902],[134.280234,34.998545],[134.280784,34.99782],[134.281534,34.997078],[134.282159,34.996695],[134.282797,34.996537],[134.283897,34.996645],[134.285272,34.996828],[134.285847,34.996828],[134.286009,34.996778],[134.286484,34.996462],[134.286559,34.996303],[134.286584,34.995903],[134.286372,34.99547],[134.285984,34.995153],[134.285459,34.995003],[134.284659,34.99482],[134.283734,34.994528],[134.283259,34.994278],[134.282959,34.993962],[134.282734,34.993245],[134.282072,34.992704],[134.281147,34.992029],[134.280347,34.991554],[134.279085,34.991262],[134.278947,34.991129],[134.278747,34.990545],[134.278335,34.989212],[134.278122,34.988904],[134.277985,34.988404],[134.277922,34.987996],[134.277648,34.986962],[134.277073,34.986712],[134.276385,34.986579],[134.276185,34.986512],[134.275835,34.986287],[134.27536,34.986129],[134.274323,34.986062],[134.273223,34.986271],[134.27306,34.986204],[134.273135,34.985796],[134.273085,34.985437],[134.272561,34.984846],[134.272311,34.984354],[134.271873,34.984087],[134.270936,34.983837],[134.270723,34.983704],[134.270523,34.983362],[134.270523,34.982979],[134.270686,34.982504],[134.271048,34.981963],[134.271098,34.981604],[134.271073,34.981471],[134.270473,34.980821],[134.269786,34.979646],[134.269586,34.979196],[134.269486,34.978655],[134.269648,34.978471],[134.269973,34.978313],[134.270361,34.978271],[134.270686,34.978363],[134.271073,34.978538],[134.271436,34.978763],[134.271986,34.978988],[134.272336,34.978855],[134.272836,34.978355],[134.273361,34.978063],[134.273548,34.977346],[134.273736,34.977005],[134.273961,34.97698],[134.274486,34.977072],[134.275035,34.977113],[134.27561,34.977205],[134.276623,34.977113],[134.27671,34.977072],[134.276848,34.976872],[134.276985,34.976122],[134.277035,34.97603],[134.27696,34.975788],[134.275773,34.974072],[134.275611,34.973514],[134.275523,34.972922],[134.275336,34.972364],[134.274698,34.971755],[134.274536,34.971414],[134.274586,34.970989],[134.274898,34.970514],[134.275036,34.970106],[134.274998,34.969906],[134.274836,34.969456],[134.274923,34.968556],[134.274761,34.968264],[134.274173,34.967947],[134.273523,34.967631],[134.273348,34.967381],[134.273898,34.966456],[134.274098,34.966006],[134.274423,34.965689],[134.274861,34.965464],[134.275111,34.965214],[134.275273,34.964748],[134.275611,34.964315],[134.276098,34.963931],[134.276811,34.963298],[134.276848,34.963231],[134.276573,34.96299],[134.275911,34.962848],[134.275611,34.962765],[134.275361,34.962356],[134.275061,34.96209],[134.274748,34.962156],[134.274336,34.962173],[134.274173,34.962106],[134.273786,34.961773],[134.273273,34.96094],[134.272998,34.960423],[134.272499,34.95999],[134.271149,34.959448],[134.270111,34.959407],[134.269611,34.959248],[134.269286,34.959007],[134.268874,34.958482],[134.268461,34.958082],[134.267886,34.957882],[134.267436,34.957673],[134.267199,34.95734],[134.266862,34.95639],[134.266749,34.955757],[134.266787,34.955357],[134.266749,34.954815],[134.266474,34.954382],[134.266037,34.954115],[134.265512,34.953915],[134.264912,34.953507],[134.264774,34.953374],[134.263837,34.952807],[134.263237,34.952541],[134.2628,34.952199],[134.262687,34.952199],[134.262,34.952449],[134.261862,34.952432],[134.260712,34.952407],[134.260025,34.952365],[134.259912,34.952249],[134.259912,34.95214],[134.259825,34.951957],[134.259687,34.951307],[134.2595,34.950899],[134.259025,34.950541],[134.258812,34.950174],[134.258175,34.948399],[134.257825,34.947924],[134.2573,34.947366],[134.256388,34.946866],[134.255875,34.946774],[134.254738,34.946483],[134.254088,34.946058],[134.25395,34.946058],[134.253588,34.946174],[134.2535,34.946283],[134.253313,34.947274],[134.253225,34.947408],[134.252438,34.947591],[134.251226,34.947749],[134.251226,34.947974],[134.251338,34.948407],[134.251363,34.948649],[134.251201,34.948857],[134.250538,34.949099],[134.250213,34.949282],[134.249738,34.949332],[134.249113,34.949191],[134.248638,34.949057],[134.247876,34.948924],[134.247538,34.948791],[134.247312,34.948513],[134.247288,34.948441],[134.247151,34.948482],[134.246188,34.948482],[134.245888,34.948441],[134.245751,34.948257],[134.245614,34.947624],[134.245414,34.947291],[134.245201,34.947107],[134.244839,34.947016],[134.244151,34.946974],[134.244014,34.946907],[134.244014,34.946724],[134.244314,34.946183],[134.244376,34.945783],[134.244339,34.945349],[134.244401,34.945149],[134.244639,34.945083],[134.245439,34.945016],[134.245689,34.944924],[134.245876,34.944741],[134.246151,34.944041],[134.246101,34.943525],[134.245964,34.943191],[134.246064,34.943008],[134.246289,34.942875],[134.246426,34.942375],[134.246339,34.941925],[134.246064,34.941566],[134.245376,34.941116],[134.244001,34.940508],[134.243701,34.940283],[134.243426,34.940192],[134.243102,34.940017],[134.242789,34.939725],[134.242327,34.939158],[134.241827,34.938892],[134.241139,34.93835],[134.240789,34.938192],[134.240452,34.938217],[134.240214,34.938192],[134.239302,34.938017],[134.23889,34.937875],[134.238152,34.937725],[134.23754,34.93765],[134.236365,34.937608],[134.23589,34.937542],[134.23584,34.937475],[134.23559,34.9368],[134.235452,34.936233],[134.235227,34.9357],[134.235177,34.935317],[134.235202,34.934884],[134.235365,34.934142],[134.235315,34.933375],[134.235365,34.933125],[134.23559,34.932609],[134.235778,34.931867],[134.235828,34.931259],[134.235778,34.930809],[134.235853,34.930242],[134.235965,34.929842],[134.235853,34.929459],[134.235665,34.929092],[134.235415,34.928868],[134.235278,34.928626],[134.23509,34.928059],[134.23494,34.927768],[134.234665,34.927518],[134.234178,34.927318],[134.233653,34.927043],[134.233215,34.926893],[134.23299,34.926709],[134.232878,34.926509],[134.232665,34.925784],[134.232003,34.925426],[134.231128,34.925018],[134.230516,34.924551],[134.230216,34.92426],[134.229916,34.924035],[134.229691,34.923985],[134.228728,34.924526],[134.228628,34.924526],[134.227603,34.924101],[134.227141,34.923984],[134.226366,34.923601],[134.226641,34.923201],[134.226754,34.922818],[134.226829,34.922318],[134.226941,34.921985],[134.227379,34.921535],[134.227491,34.92126],[134.227466,34.921193],[134.226779,34.92056],[134.226391,34.920043],[134.226416,34.919877],[134.226479,34.91966],[134.226704,34.91921],[134.226704,34.918735],[134.226591,34.918468],[134.226529,34.918177],[134.226679,34.917743],[134.226791,34.917494],[134.226879,34.917185],[134.226816,34.91691],[134.226616,34.916777],[134.226316,34.916735],[134.225666,34.916752],[134.224904,34.916685],[134.224579,34.916552],[134.224291,34.916377],[134.224254,34.91626],[134.224079,34.915969],[134.223929,34.915544],[134.223841,34.915094],[134.223842,34.914727],[134.224191,34.914119],[134.224304,34.913852],[134.224341,34.913561],[134.224129,34.912836],[134.224129,34.912436],[134.224192,34.912211],[134.224479,34.911627],[134.224679,34.911469],[134.225179,34.911419],[134.225329,34.911311],[134.225716,34.910769],[134.226091,34.910494],[134.226241,34.910336],[134.226266,34.910069],[134.226354,34.909778],[134.227066,34.909236],[134.227154,34.909053],[134.227054,34.908853],[134.226766,34.908828],[134.226354,34.908894],[134.225554,34.908828],[134.225204,34.908761],[134.224766,34.908469],[134.224404,34.907636],[134.224117,34.907328],[134.223817,34.90712],[134.223117,34.906828],[134.222254,34.906511],[134.221342,34.905978],[134.221117,34.905995],[134.220967,34.906286],[134.220754,34.906945],[134.220642,34.907211],[134.220379,34.907486],[134.220117,34.907578],[134.219092,34.907644],[134.218592,34.907753],[134.218267,34.907886],[134.217855,34.907961],[134.216642,34.908411],[134.216355,34.908544],[134.216155,34.908811],[134.21598,34.909694],[134.215942,34.910161],[134.215855,34.910502],[134.215767,34.910569],[134.215505,34.910977],[134.215305,34.911085],[134.214917,34.911019],[134.213918,34.910502],[134.213505,34.91041],[134.212543,34.910302],[134.212043,34.910327],[134.211005,34.910644],[134.210568,34.910619],[134.209593,34.910352],[134.208243,34.910369],[134.207831,34.910327],[134.207443,34.910194],[134.206356,34.910127],[134.205806,34.910169],[134.205456,34.910352],[134.205331,34.910577],[134.205156,34.911277],[134.204981,34.912285],[134.204806,34.912577],[134.204456,34.912851],[134.203931,34.913435],[134.202431,34.914626],[134.201994,34.914834],[134.201194,34.914851],[134.200144,34.915009],[134.199756,34.914993],[134.199581,34.914943],[134.198731,34.914359],[134.198344,34.914251],[134.197844,34.914226],[134.197369,34.914343],[134.196782,34.914609],[134.196382,34.914859],[134.196107,34.914726],[134.195582,34.914118],[134.195194,34.913551],[134.195019,34.913126],[134.194894,34.912493],[134.194957,34.912093],[134.195194,34.911343],[134.195157,34.911276],[134.194807,34.910943],[134.194957,34.910693],[134.195244,34.910401],[134.195394,34.91011],[134.195507,34.909702],[134.195569,34.909277],[134.195532,34.909077],[134.195882,34.907452],[134.196032,34.90691],[134.196357,34.906394],[134.196582,34.906194],[134.196907,34.906035],[134.197057,34.90576],[134.196994,34.905135],[134.196732,34.904302],[134.196019,34.903311],[134.196044,34.903311],[134.195932,34.903219],[134.195757,34.902502],[134.195394,34.902161],[134.195107,34.901936],[134.194957,34.901694],[134.194957,34.901327],[134.195044,34.901086],[134.195369,34.900944],[134.196219,34.900769],[134.196394,34.900586],[134.196419,34.900178],[134.196219,34.899844],[134.196094,34.899528],[134.196132,34.899436],[134.196332,34.899211],[134.196719,34.899144],[134.197182,34.898969],[134.198032,34.898536],[134.198444,34.898245],[134.198794,34.897728],[134.199032,34.897228],[134.199469,34.896511],[134.199857,34.896062],[134.200082,34.895587],[134.200057,34.89532],[134.199669,34.894237],[134.198969,34.893562],[134.198494,34.892912],[134.198407,34.892662],[134.198369,34.892012],[134.198219,34.891645],[134.198069,34.891404],[134.197782,34.891179],[134.197544,34.891045],[134.197344,34.890995],[134.196932,34.890995],[134.195195,34.891429],[134.194307,34.891537],[134.194132,34.89152],[134.193757,34.891378],[134.193457,34.891154],[134.19287,34.890437],[134.192545,34.890254],[134.192245,34.890254],[134.191845,34.890779],[134.19167,34.891178],[134.191407,34.89147],[134.19122,34.891545],[134.19032,34.891628],[134.189995,34.89177],[134.18932,34.892378],[134.189058,34.892578],[134.188408,34.892778],[134.188283,34.89287],[134.188145,34.893861],[134.18812,34.894536],[134.188008,34.895711],[134.188008,34.896086],[134.188183,34.896561],[134.188383,34.896836],[134.188295,34.897486],[134.188158,34.897961],[134.187833,34.898478],[134.18757,34.898703],[134.187245,34.898794],[134.186983,34.898586],[134.186858,34.897736],[134.186745,34.897461],[134.18657,34.897353],[134.185858,34.897169],[134.18512,34.897128],[134.184795,34.897169],[134.184395,34.897461],[134.183633,34.898119],[134.183246,34.898253],[134.182858,34.898278],[134.182546,34.898228],[134.182071,34.897986],[134.181683,34.897694],[134.181271,34.897511],[134.180308,34.897419],[134.178983,34.897428],[134.178596,34.897561],[134.178446,34.897669],[134.178309,34.898261],[134.178184,34.898552],[134.177684,34.898527],[134.177184,34.898461],[134.176071,34.898552],[134.175596,34.898619],[134.175134,34.898619],[134.174284,34.898486],[134.173921,34.898527],[134.173596,34.898644],[134.173309,34.898819],[134.172809,34.899044],[134.172309,34.899202],[134.172109,34.899161],[134.172009,34.899002],[134.171984,34.898777],[134.172097,34.897919],[134.172047,34.897544],[134.172272,34.896861],[134.172309,34.896528],[134.172147,34.895244],[134.172297,34.894411],[134.172172,34.893486],[134.171884,34.892928],[134.171472,34.892678],[134.170997,34.892611],[134.170734,34.892611],[134.170472,34.892678],[134.170347,34.892545],[134.169972,34.89117],[134.169434,34.890295],[134.168585,34.889462],[134.168285,34.889078],[134.16826,34.888562],[134.16846,34.887687],[134.168285,34.887329],[134.167897,34.887012],[134.167635,34.886737],[134.167372,34.886245],[134.167335,34.885321],[134.16716,34.884896],[134.167072,34.884537],[134.167072,34.884196],[134.16721,34.883746],[134.16706,34.882913],[134.166885,34.882579],[134.166297,34.881996],[134.166147,34.881721],[134.165998,34.881163],[134.16586,34.880938],[134.16556,34.880888],[134.165123,34.880913],[134.164973,34.880954],[134.16406,34.881071],[134.163298,34.881113],[134.16256,34.881004],[134.161561,34.880979],[134.161186,34.881054],[134.160861,34.881138],[134.160511,34.881296],[134.159923,34.881679],[134.159361,34.882179],[134.159161,34.882446],[134.159098,34.882787],[134.158923,34.883054],[134.158686,34.883237],[134.158361,34.883346],[134.158186,34.883462],[134.157836,34.883979],[134.157573,34.884229],[134.157186,34.884471],[134.156986,34.884562],[134.156773,34.884771],[134.156573,34.885154],[134.156461,34.885462],[134.155636,34.88677],[134.155373,34.88702],[134.155086,34.887154],[134.154674,34.88727],[134.154349,34.88747],[134.154024,34.887603],[134.153499,34.88772],[134.153374,34.88772],[134.152674,34.887337],[134.152524,34.88727],[134.151811,34.887337],[134.151311,34.887428],[134.150261,34.887537],[134.149874,34.887653],[134.149149,34.888128],[134.148612,34.888212],[134.147874,34.88837],[134.147437,34.888328],[134.147087,34.888195],[134.146287,34.888062],[134.145524,34.887903],[134.145087,34.887878],[134.144699,34.887995],[134.144325,34.88822],[134.143975,34.888487],[134.1433,34.889162],[134.142887,34.889345],[134.142412,34.889503],[134.141975,34.889528],[134.1415,34.889395],[134.141237,34.889345],[134.140625,34.889095],[134.1403,34.88887],[134.139887,34.888512],[134.1392,34.887662],[134.138788,34.887303],[134.138325,34.887003],[134.137763,34.886895],[134.136963,34.886962],[134.136588,34.88712],[134.135888,34.887662],[134.134675,34.888245],[134.134325,34.888495],[134.133713,34.889062],[134.133413,34.889595],[134.133325,34.889645],[134.13315,34.88967],[134.132801,34.889578],[134.132126,34.889303],[134.131626,34.889037],[134.131213,34.88872],[134.130826,34.888545],[134.130713,34.88852],[134.130301,34.88852],[134.129826,34.888412],[134.129388,34.888162],[134.129038,34.888137],[134.128738,34.88832],[134.128451,34.888612],[134.128088,34.888862],[134.127738,34.888862],[134.127538,34.888903],[134.127363,34.889178],[134.127188,34.889736],[134.126514,34.890053],[134.125651,34.890303],[134.125239,34.890345],[134.124689,34.890461],[134.124339,34.89057],[134.124626,34.89127],[134.124926,34.891853],[134.124989,34.892103],[134.124864,34.892303],[134.124689,34.892461],[134.124601,34.893228],[134.124639,34.893703],[134.124876,34.894103],[134.125051,34.894328],[134.125514,34.894761],[134.125701,34.894961],[134.125751,34.895161],[134.125576,34.895503],[134.124989,34.896194],[134.125288,34.896444],[134.125376,34.896694],[134.125401,34.897052],[134.125226,34.897619],[134.125026,34.898494],[134.124963,34.898944],[134.125001,34.899661],[134.125113,34.899911],[134.125301,34.900069],[134.126151,34.900452],[134.126501,34.90056],[134.126801,34.90081],[134.126888,34.90106],[134.126763,34.901777],[134.126888,34.902135],[134.127001,34.903085],[134.126926,34.90396],[134.126688,34.904835],[134.126101,34.90646],[134.125726,34.907202],[134.125551,34.907426],[134.125463,34.907626],[134.125426,34.907835],[134.125551,34.90806],[134.125876,34.908435],[134.126051,34.908735],[134.126051,34.909026],[134.125876,34.909518],[134.125875,34.909743],[134.126075,34.909993],[134.127138,34.910485],[134.1274,34.910684],[134.127613,34.910909],[134.127725,34.911201],[134.12785,34.911876],[134.127938,34.912176],[134.127963,34.912468],[134.127788,34.912734],[134.127475,34.913409],[134.12715,34.913593],[134.1265,34.913768],[134.126063,34.913859],[134.125325,34.914109],[134.124938,34.914292],[134.12465,34.914359],[134.1245,34.914359],[134.124001,34.914159],[134.123713,34.914159],[134.123176,34.914609],[134.122676,34.915484],[134.122451,34.916342],[134.122451,34.916701],[134.122314,34.916817],[134.122176,34.916884],[134.122038,34.916309],[134.121788,34.916192],[134.121276,34.916126],[134.120463,34.916101],[134.120176,34.916059],[134.119976,34.915809],[134.119526,34.915134],[134.119276,34.914867],[134.119126,34.914576],[134.118951,34.914359],[134.118451,34.913993],[134.118189,34.913676],[134.117826,34.913643],[134.117314,34.913718],[134.116589,34.913751],[134.115676,34.913701],[134.115489,34.913584],[134.115364,34.913359],[134.115289,34.913043],[134.115089,34.912868],[134.114764,34.912784],[134.114551,34.912659],[134.114376,34.912409],[134.114151,34.912184],[134.113477,34.912568],[134.113189,34.912393],[134.112539,34.912243],[134.112327,34.912101],[134.112114,34.911843],[134.111614,34.911584],[134.110877,34.910885],[134.110352,34.910785],[134.109952,34.91081],[134.109539,34.910951],[134.109539,34.911201],[134.109977,34.911901],[134.110014,34.912151],[134.109877,34.912518],[134.109627,34.912918],[134.109527,34.913201],[134.109489,34.913601],[134.109427,34.913743],[134.109214,34.914001],[134.108889,34.914184],[134.108602,34.914451],[134.107952,34.915276],[134.107852,34.915342],[134.107702,34.915342],[134.10719,34.915151],[134.106977,34.915109],[134.106252,34.915059],[134.106052,34.915101],[134.105865,34.915409],[134.10574,34.915917],[134.105752,34.916234],[134.105827,34.916576],[134.105815,34.916959],[134.10574,34.917059],[134.105502,34.917259],[134.105052,34.917767],[134.104727,34.918392],[134.104577,34.918817],[134.10539,34.919875],[134.105415,34.9202],[134.105277,34.921059],[134.105339,34.9218],[134.10514,34.921908],[134.10369,34.922408],[134.102427,34.922725],[134.101977,34.92275],[134.099103,34.923358],[134.098665,34.9234],[134.098165,34.924308],[134.097815,34.924708],[134.09734,34.92505],[134.096765,34.925366],[134.095778,34.925841],[134.094353,34.926333],[134.091416,34.927533],[134.090616,34.927941],[134.090041,34.928299],[134.089466,34.928566],[134.088066,34.929449],[134.087816,34.929716],[134.087766,34.930374],[134.087929,34.930891],[134.088366,34.931607],[134.088779,34.932082],[134.089116,34.932582],[134.089604,34.933207],[134.090266,34.93449],[134.091203,34.936182],[134.091391,34.936698],[134.091428,34.937898],[134.091316,34.93859],[134.090878,34.939898],[134.090328,34.941098],[134.089941,34.941614],[134.089478,34.941972],[134.088516,34.942539],[134.087504,34.942722],[134.086816,34.942722],[134.085991,34.942631],[134.084429,34.942222],[134.081979,34.941639],[134.080517,34.941256],[134.078542,34.940898],[134.07753,34.940814],[134.076892,34.940789],[134.075105,34.940906],[134.072605,34.941314],[134.07228,34.940656],[134.07153,34.939331],[134.070606,34.938589],[134.070056,34.938223],[134.069418,34.937931],[134.068681,34.937798],[134.068456,34.937798],[134.067931,34.937706],[134.067543,34.937373],[134.067243,34.936765],[134.067218,34.936806],[134.066506,34.937306],[134.066006,34.937423],[134.065381,34.937423],[134.064831,34.937506],[134.064256,34.937756],[134.063506,34.938031],[134.062656,34.938206],[134.062219,34.938256],[134.061757,34.938456],[134.061069,34.938839],[134.060519,34.939022],[134.059944,34.939114],[134.059332,34.939272],[134.058944,34.939456],[134.058782,34.939231],[134.058594,34.938847],[134.058294,34.938531],[134.057844,34.938214],[134.05717,34.938097],[134.055207,34.938306],[134.054557,34.938281],[134.054082,34.938122],[134.05392,34.938014],[134.053207,34.937697],[134.051808,34.937181],[134.051195,34.937072],[134.05062,34.937006],[134.05037,34.936939],[134.049245,34.936731],[134.049108,34.936731],[134.04917,34.937322],[134.049358,34.937706],[134.049745,34.938106],[134.048783,34.938422],[134.048095,34.938739],[134.046258,34.939889],[134.045683,34.94018],[134.045346,34.940272],[134.044658,34.940338],[134.044171,34.940497],[134.043646,34.940863],[134.042683,34.94138],[134.042333,34.941788],[134.041746,34.94233],[134.041421,34.94273],[134.041208,34.943096],[134.041121,34.943321],[134.040434,34.943321],[134.040209,34.943388],[134.039659,34.943455],[134.039359,34.943521],[134.038784,34.943205],[134.038371,34.943188],[134.038209,34.94323],[134.037334,34.943413],[134.036784,34.94373],[134.036009,34.944221],[134.035547,34.944429],[134.035322,34.944471],[134.034109,34.944179],[134.033484,34.944204],[134.032247,34.944813],[134.031747,34.945171],[134.031609,34.945313],[134.031309,34.945738],[134.031147,34.946096],[134.030734,34.946279],[134.030272,34.946321],[134.029747,34.946412],[134.029272,34.946637],[134.028735,34.947071],[134.02821,34.947587],[134.026997,34.949187],[134.02651,34.949462],[134.02606,34.949487],[134.025735,34.949645],[134.025735,34.94987],[134.025822,34.950254],[134.02551,34.950495],[134.025097,34.950929],[134.023485,34.949304],[134.023148,34.948904],[134.022935,34.948537],[134.02271,34.947704],[134.02246,34.947321],[134.02211,34.946646],[134.02101,34.946062],[134.020435,34.945862],[134.020048,34.945771],[134.019473,34.945771],[134.019086,34.945862],[134.018748,34.945887],[134.018511,34.945637],[134.018336,34.945204],[134.018336,34.944962],[134.018448,34.944687],[134.018723,34.944287],[134.018836,34.944012],[134.018886,34.943629],[134.018786,34.942838],[134.018861,34.942438],[134.019086,34.942054],[134.019223,34.941913],[134.019411,34.941529],[134.019273,34.941104],[134.018811,34.940654],[134.017961,34.939621],[134.017548,34.939238],[134.015648,34.938155],[134.015373,34.937838],[134.014599,34.937121],[134.014324,34.936555],[134.014161,34.936063],[134.013974,34.935655],[134.013911,34.934713],[134.013836,34.934305],[134.013524,34.933763],[134.013311,34.933038],[134.013124,34.932772],[134.012986,34.932388],[134.012711,34.931872],[134.012486,34.931555],[134.012436,34.931397],[134.012511,34.931197],[134.013061,34.930405],[134.013499,34.92993],[134.013661,34.929614],[134.013586,34.92928],[134.013149,34.928672],[134.013086,34.927997],[134.012949,34.927655],[134.012486,34.927022],[134.011937,34.925947],[134.011874,34.92558],[134.011937,34.924431],[134.011824,34.924047],[134.011687,34.923914],[134.011249,34.923581],[134.011087,34.923331],[134.011087,34.923014],[134.011137,34.922764],[134.011249,34.922589],[134.011324,34.922047],[134.011549,34.921797],[134.011599,34.921572],[134.011524,34.921347],[134.011137,34.921031],[134.011024,34.920764],[134.011112,34.920131],[134.011024,34.919881],[134.010537,34.919423],[134.010324,34.919248],[134.011024,34.917664],[134.011037,34.91749],[134.010962,34.917323],[134.010612,34.917006],[134.009949,34.916715],[134.008987,34.916606],[134.008875,34.91654],[134.008775,34.916381],[134.008662,34.915856],[134.008587,34.915748],[134.008575,34.915473],[134.008612,34.915281],[134.008625,34.914973],[134.008562,34.914865],[134.007887,34.91489],[134.007637,34.914656],[134.00745,34.914598],[134.007387,34.914523],[134.007387,34.91439],[134.007437,34.914081],[134.007437,34.913673],[134.006837,34.912565],[134.006737,34.912265],[134.0065,34.91199],[134.005712,34.911915],[134.005288,34.912023],[134.005,34.912132],[134.0046,34.912098],[134.004488,34.911932],[134.004238,34.911848],[134.003438,34.911948],[134.002663,34.911798],[134.002013,34.911307],[134.001838,34.911048],[134.001775,34.91084],[134.001875,34.910448],[134.002313,34.910098],[134.002625,34.909532],[134.003138,34.90919],[134.003275,34.909048],[134.00325,34.908957],[134.002613,34.908565],[134.002213,34.908215],[134.001576,34.90734],[134.001501,34.90709],[134.001538,34.906832],[134.002163,34.906082],[134.002263,34.90574],[134.001988,34.90464],[134.001813,34.904149],[134.001401,34.903782],[134.000601,34.903382],[134.000438,34.903241],[134.000426,34.903166],[134.000863,34.902724],[134.001113,34.902266],[134.001251,34.901441],[134.001226,34.900349],[134.001363,34.899433],[134.001526,34.898824],[134.001913,34.898358],[134.003101,34.897391],[134.003813,34.896733],[134.004301,34.896216],[134.004538,34.895583],[134.004538,34.895158],[134.004451,34.8948],[134.004351,34.894758],[134.003951,34.894758],[134.003551,34.894825],[134.003226,34.8948],[134.003026,34.894641],[134.002776,34.894191],[134.002489,34.893992],[134.002001,34.893833],[134.001464,34.893708],[134.001014,34.89345],[134.000676,34.892133],[134.000439,34.891808],[133.999414,34.890925],[133.998901,34.8906],[133.998664,34.8905],[133.998202,34.890442],[133.997764,34.890483],[133.997336,34.89063],[133.997277,34.890675],[133.996864,34.890875],[133.996452,34.890875],[133.995927,34.89065],[133.995239,34.890183],[133.994489,34.889733],[133.994139,34.889575],[133.993639,34.889417],[133.993252,34.889075],[133.993089,34.88885],[133.992677,34.888467],[133.992102,34.888359],[133.991302,34.888384],[133.990752,34.888292],[133.990615,34.8882],[133.99034,34.8878],[133.990065,34.88755],[133.989015,34.887442],[133.988527,34.887192],[133.988277,34.887034],[133.98729,34.886717],[133.985715,34.88665],[133.984428,34.886742],[133.982528,34.8867],[133.980778,34.886542],[133.979265,34.886208],[133.97854,34.885467],[133.977741,34.8842],[133.977228,34.883667],[133.976678,34.883375],[133.976128,34.883034],[133.975791,34.882675],[133.975603,34.881867],[133.975653,34.881301],[133.976041,34.881009],[133.976341,34.880692],[133.976253,34.880442],[133.975866,34.880176],[133.975791,34.880084],[133.975653,34.879659],[133.975266,34.879026],[133.974853,34.878668],[133.974328,34.878534],[133.973891,34.878551],[133.973591,34.878443],[133.973278,34.878034],[133.973116,34.877743],[133.973004,34.877651],[133.972454,34.877451],[133.972129,34.877201],[133.971741,34.877384],[133.971466,34.877409],[133.970979,34.877343],[133.970779,34.877384],[133.970316,34.877968],[133.970179,34.877993],[133.968254,34.876868],[133.967379,34.876218],[133.966991,34.876218],[133.966966,34.876243],[133.966991,34.876259],[133.966654,34.876484],[133.965892,34.876418],[133.965204,34.876109],[133.964592,34.875609],[133.964267,34.875118],[133.964217,34.874909],[133.963967,34.874484],[133.963654,34.874301],[133.963054,34.874259],[133.962154,34.874393],[133.961129,34.874601],[133.960917,34.874418],[133.960642,34.873876],[133.960529,34.873409],[133.960304,34.873026],[133.95998,34.872751],[133.959805,34.87271],[133.959342,34.872959],[133.958355,34.873251],[133.95758,34.873343],[133.957092,34.873293],[133.956317,34.873293],[133.955767,34.873143],[133.955517,34.872934],[133.955417,34.872801],[133.95528,34.872668],[133.954693,34.872326],[133.953293,34.871793],[133.953155,34.871568],[133.952005,34.872193],[133.95143,34.872151],[133.951293,34.872109],[133.951018,34.871768],[133.950655,34.871501],[133.949968,34.871143],[133.949506,34.871076],[133.948868,34.871184],[133.948343,34.871118],[133.947768,34.871118],[133.947081,34.871051],[133.946643,34.870784],[133.946256,34.870243],[133.945706,34.869968],[133.945044,34.869743],[133.944444,34.870018],[133.943981,34.869926],[133.943369,34.870043],[133.942631,34.870376],[133.941556,34.871009],[133.941319,34.871126],[133.940869,34.871234],[133.940044,34.871126],[133.939357,34.871101],[133.938807,34.871167],[133.938232,34.870992],[133.937494,34.870951],[133.936757,34.871126],[133.936557,34.871242],[133.936007,34.871692],[133.935619,34.8721],[133.935269,34.872642],[133.934769,34.873225],[133.934357,34.873317],[133.934219,34.873267],[133.933619,34.872884],[133.933157,34.872975],[133.932682,34.87325],[133.93252,34.87395],[133.932245,34.874017],[133.932032,34.873925],[133.93167,34.874017],[133.931307,34.8742],[133.930845,34.874133],[133.930295,34.874175],[133.929745,34.874083],[133.929332,34.873792],[133.929007,34.8733],[133.92842,34.872692],[133.927932,34.872558],[133.92787,34.872667],[133.927845,34.873458],[133.927907,34.874017],[133.927795,34.874808],[133.924122,34.873448],[133.913643,34.873183],[133.903562,34.881798],[133.896267,34.890148],[133.882339,34.89439],[133.878758,34.898763],[133.87841,34.903405],[133.877498,34.904871],[133.87676,34.906204],[133.876097,34.906588],[133.875297,34.906854],[133.87461,34.906996],[133.873872,34.906971],[133.873047,34.906813],[133.87241,34.906654],[133.872345,34.906653],[133.872122,34.906696],[133.871085,34.906238],[133.86966,34.905804],[133.869135,34.905596],[133.868535,34.905413],[133.868048,34.905296],[133.867585,34.905313],[133.866873,34.905421],[133.865336,34.905863],[133.864073,34.906263],[133.863436,34.906529],[133.863136,34.906779],[133.862861,34.907071],[133.862161,34.907946],[133.861723,34.908754],[133.861173,34.909604],[133.860035,34.911154],[133.859673,34.911537],[133.859348,34.911804],[133.85871,34.912437],[133.858323,34.912746],[133.85741,34.913304],[133.856835,34.913571],[133.856073,34.913887],[133.854673,34.914346],[133.854011,34.914504],[133.853111,34.914612],[133.852473,34.914762],[133.852061,34.914921],[133.850911,34.915546],[133.850548,34.915787],[133.849998,34.916287],[133.849473,34.917071],[133.848886,34.918079],[133.847886,34.91987],[133.847686,34.92022],[133.847248,34.921395],[133.847198,34.921779],[133.847223,34.922429],[133.847423,34.92302],[133.847861,34.923762],[133.848573,34.924503],[133.84896,34.924845],[133.85036,34.925745],[133.850635,34.925853],[133.85171,34.926503],[133.85201,34.92682],[133.852235,34.927178],[133.852647,34.928195],[133.85276,34.928936],[133.852735,34.929636],[133.852622,34.930378],[133.852397,34.931103],[133.851935,34.932202],[133.851722,34.932477],[133.851472,34.932886],[133.850872,34.933627],[133.850285,34.934261],[133.850022,34.934569],[133.849472,34.935027],[133.848672,34.935769],[133.847985,34.936377],[133.846972,34.937344],[133.846697,34.93771],[133.846422,34.93816],[133.846285,34.938477],[133.845822,34.939935],[133.845735,34.940793],[133.84571,34.942302],[133.845572,34.943093],[133.845222,34.943993],[133.844997,34.944335],[133.844722,34.944626],[133.84421,34.94496],[133.843847,34.945118],[133.842835,34.945276],[133.84231,34.945301],[133.84171,34.945285],[133.84116,34.945143],[133.839148,34.94481],[133.836698,34.944701],[133.835686,34.944885],[133.835436,34.945126],[133.835223,34.945418],[133.834948,34.945984],[133.834786,34.946618],[133.834648,34.946976],[133.834286,34.948601],[133.833986,34.949459],[133.833548,34.950242],[133.833161,34.950675],[133.832611,34.951059],[133.832261,34.951234],[133.831436,34.951509],[133.830661,34.951667],[133.828274,34.9521],[133.827199,34.952208],[133.825361,34.952483],[133.824699,34.952617],[133.823499,34.952825],[133.822062,34.953],[133.821487,34.952933],[133.821074,34.952775],[133.820662,34.952575],[133.819924,34.952083],[133.81775,34.950367],[133.817312,34.949942],[133.816375,34.94895],[133.815937,34.94825],[133.815737,34.947867],[133.815213,34.946992],[133.814725,34.946359],[133.814475,34.946134],[133.814138,34.945959],[133.813725,34.945826],[133.813375,34.945776],[133.812938,34.945776],[133.81225,34.945934],[133.8117,34.946142],[133.811363,34.946209],[133.8109,34.945917],[133.810375,34.945484],[133.809938,34.944792],[133.809776,34.944409],[133.809526,34.942984],[133.809226,34.942443],[133.809001,34.94186],[133.808888,34.941793],[133.808288,34.941818],[133.808201,34.941701],[133.808063,34.941343],[133.807901,34.941143],[133.807651,34.941001],[133.807376,34.940776],[133.807163,34.94051],[133.806913,34.940101],[133.806663,34.939968],[133.805514,34.939743],[133.805076,34.939568],[133.804851,34.939568],[133.804414,34.939635],[133.803939,34.939635],[133.803589,34.939568],[133.803114,34.939543],[133.802839,34.93961],[133.802239,34.939835],[133.801939,34.93986],[133.801501,34.93961],[133.801301,34.939451],[133.800614,34.939368],[133.800401,34.93941],[133.799577,34.939618],[133.799189,34.939635],[133.798889,34.939568],[133.798614,34.93941],[133.798427,34.93921],[133.798339,34.938943],[133.798314,34.938335],[133.798477,34.937968],[133.798939,34.937343],[133.799277,34.936577],[133.799402,34.936102],[133.799439,34.935735],[133.799327,34.935493],[133.799052,34.935218],[133.798852,34.93511],[133.798714,34.934952],[133.798777,34.934768],[133.799164,34.934277],[133.799077,34.934027],[133.798939,34.933869],[133.798389,34.933552],[133.798164,34.933235],[133.798064,34.933152],[133.797264,34.93301],[133.797064,34.932927],[133.796077,34.93286],[133.79564,34.932652],[133.795202,34.932294],[133.794765,34.93236],[133.79449,34.932477],[133.79424,34.932502],[133.794015,34.932477],[133.793665,34.932344],[133.79364,34.932227],[133.793802,34.931594],[133.793802,34.931302],[133.79369,34.930652],[133.793577,34.930519],[133.793465,34.930452],[133.79309,34.930294],[133.792615,34.930002],[133.79234,34.929727],[133.792315,34.929544],[133.792365,34.929319],[133.792477,34.929144],[133.792565,34.929077],[133.792677,34.928894],[133.792565,34.928761],[133.792265,34.928644],[133.791377,34.928402],[133.791102,34.928194],[133.79069,34.927811],[133.790615,34.927794],[133.790415,34.927836],[133.790277,34.927952],[133.79014,34.928152],[133.790065,34.928444],[133.789702,34.929077],[133.78959,34.929119],[133.789315,34.929119],[133.789015,34.928961],[133.78839,34.928202],[133.787977,34.927994],[133.787777,34.927977],[133.787727,34.927994],[133.78764,34.928177],[133.787565,34.928561],[133.78734,34.928827],[133.787015,34.929419],[133.786877,34.929527],[133.786377,34.929685],[133.786052,34.929869],[133.785115,34.930069],[133.784815,34.930477],[133.784702,34.930544],[133.784515,34.930477],[133.784215,34.930319],[133.78399,34.930144],[133.78374,34.929302],[133.78344,34.929285],[133.783328,34.929235],[133.78314,34.929077],[133.782728,34.928877],[133.782453,34.928927],[133.781765,34.929352],[133.781515,34.929469],[133.781303,34.929469],[133.780965,34.929352],[133.780715,34.929177],[133.780365,34.929085],[133.780115,34.929177],[133.779815,34.929377],[133.779615,34.929602],[133.779178,34.930252],[133.779041,34.930552],[133.778878,34.93111],[133.778903,34.931427],[133.77899,34.931718],[133.77899,34.932126],[133.779178,34.932326],[133.779215,34.932551],[133.779103,34.932893],[133.77924,34.933051],[133.779265,34.933226],[133.778853,34.933185],[133.77874,34.93321],[133.778603,34.93366],[133.778115,34.934918],[133.777916,34.935168],[133.777541,34.935459],[133.777178,34.935643],[133.776653,34.935776],[133.776441,34.935709],[133.776278,34.935418],[133.776216,34.934993],[133.775916,34.934318],[133.775528,34.933751],[133.775366,34.933593],[133.775141,34.933484],[133.774541,34.933884],[133.773991,34.934451],[133.773903,34.934651],[133.773878,34.935126],[133.773628,34.935534],[133.772978,34.936142],[133.772478,34.936409],[133.772291,34.936434],[133.771929,34.936326],[133.771604,34.936301],[133.771104,34.936342],[133.770554,34.936484],[133.770141,34.93635],[133.769629,34.935942],[133.769316,34.93585],[133.768991,34.936142],[133.768216,34.936684],[133.767529,34.937],[133.767204,34.937092],[133.767066,34.937092],[133.766629,34.937158],[133.766517,34.937275],[133.766104,34.9384],[133.765967,34.938967],[133.765829,34.939366],[133.765779,34.93975],[133.765779,34.940116],[133.765829,34.940358],[133.766379,34.941016],[133.766491,34.941333],[133.766404,34.9416],[133.766166,34.942116],[133.766054,34.942616],[133.765916,34.942883],[133.765754,34.943108],[133.765554,34.943649],[133.765391,34.943766],[133.764979,34.943966],[133.764041,34.944691],[133.763279,34.945182],[133.763167,34.945365],[133.763391,34.945499],[133.763966,34.945632],[133.764179,34.945774],[133.764354,34.945999],[133.764379,34.94609],[133.764291,34.946357],[133.764104,34.946624],[133.763941,34.94694],[133.763854,34.947257],[133.763829,34.947574],[133.763879,34.948049],[133.763804,34.948274],[133.763604,34.948473],[133.763304,34.948698],[133.762429,34.949173],[133.762367,34.949332],[133.762454,34.949765],[133.762866,34.95114],[133.762891,34.951565],[133.762841,34.951748],[133.762292,34.952065],[133.761992,34.95224],[133.761904,34.952448],[133.761629,34.952465],[133.761079,34.952423],[133.760729,34.95249],[133.759767,34.952831],[133.759517,34.952939],[133.759267,34.952964],[133.758804,34.952939],[133.758117,34.952831],[133.757642,34.952698],[133.756604,34.952314],[133.755505,34.952064],[133.755255,34.951589],[133.75503,34.951439],[133.754892,34.951256],[133.754892,34.951073],[133.755005,34.950898],[133.755717,34.950465],[133.755892,34.950306],[133.755942,34.950015],[133.755855,34.949831],[133.75558,34.949765],[133.754867,34.949948],[133.754592,34.949973],[133.754267,34.949923],[133.753967,34.949765],[133.75358,34.94934],[133.753192,34.948848],[133.752805,34.948556],[133.75248,34.948215],[133.752117,34.947565],[133.752017,34.947448],[133.751493,34.947248],[133.751018,34.946932],[133.750855,34.94664],[133.750718,34.946482],[133.750393,34.946257],[133.75033,34.946057],[133.750305,34.945715],[133.750168,34.945557],[133.749893,34.945357],[133.749093,34.945065],[133.748655,34.944973],[133.748143,34.944973],[133.747943,34.94504],[133.747455,34.945515],[133.746956,34.946157],[133.746756,34.946382],[133.746106,34.946848],[133.745468,34.947115],[133.744618,34.947381],[133.744068,34.947306],[133.743693,34.947123],[133.743543,34.94699],[133.743181,34.946131],[133.742956,34.94579],[133.742631,34.945631],[133.742156,34.945648],[133.741756,34.945731],[133.741494,34.945823],[133.741319,34.945931],[133.741294,34.946156],[133.740894,34.94634],[133.740544,34.946473],[133.740394,34.946698],[133.740244,34.946806],[133.739681,34.947073],[133.738381,34.947331],[133.738081,34.947556],[133.737781,34.947648],[133.737481,34.947573],[133.737019,34.947548],[133.736794,34.947706],[133.736619,34.947973],[133.736094,34.948331],[133.735819,34.948448],[133.735181,34.948797],[133.734756,34.949206],[133.734407,34.949356],[133.733994,34.949922],[133.733869,34.950006],[133.733669,34.950214],[133.733394,34.950231],[133.732519,34.949839],[133.731769,34.949814],[133.731444,34.949856],[133.731344,34.949897],[133.730969,34.949939],[133.730494,34.949939],[133.728882,34.950089],[133.728007,34.949964],[133.727057,34.949755],[133.725982,34.949414],[133.725132,34.949089],[133.724682,34.948839],[133.724232,34.948722],[133.723733,34.948647],[133.723408,34.948672],[133.722933,34.949072],[133.722683,34.949072],[133.722033,34.948772],[133.721758,34.948747],[133.721508,34.94893],[133.720995,34.949714],[133.720758,34.950705],[133.720808,34.950747],[133.720908,34.951088],[133.720945,34.952013],[133.72122,34.952671],[133.721295,34.952988],[133.72117,34.953163],[133.720957,34.953363],[133.720482,34.953563],[133.720207,34.953746],[133.71972,34.954463],[133.71967,34.954463],[133.719533,34.954238],[133.719358,34.954121],[133.719033,34.954213],[133.718745,34.954346],[133.717233,34.955254],[133.716883,34.955371],[133.716933,34.955504],[133.717158,34.955754],[133.717183,34.955846],[133.715883,34.956171],[133.715345,34.956504],[133.71492,34.956529],[133.71452,34.956612],[133.71432,34.956771],[133.713995,34.957154],[133.713708,34.957554],[133.713533,34.957712],[133.713283,34.957687],[133.712933,34.957504],[133.712558,34.957504],[133.712058,34.957704],[133.711758,34.957745],[133.711058,34.957579],[133.710858,34.957787],[133.710571,34.95832],[133.710258,34.959112],[133.709883,34.95967],[133.709658,34.95987],[133.709158,34.96007],[133.708621,34.960203],[133.708146,34.960178],[133.707746,34.960103],[133.706796,34.959895],[133.706371,34.959845],[133.705946,34.959803],[133.705871,34.959912],[133.705821,34.959978],[133.705784,34.961111],[133.705709,34.961245],[133.705709,34.96142],[133.705996,34.962578],[133.706021,34.963453],[133.706183,34.964402],[133.706183,34.964719],[133.705971,34.965302],[133.705771,34.965552],[133.705521,34.965752],[133.704896,34.966019],[133.704633,34.966444],[133.704533,34.966577],[133.704433,34.966869],[133.704733,34.967169],[133.704733,34.967235],[133.704658,34.96726],[133.704283,34.96716],[133.704233,34.967185],[133.704221,34.967277],[133.704496,34.967394],[133.704521,34.96746],[133.704221,34.967477],[133.703546,34.967544],[133.703121,34.967677],[133.702871,34.96781],[133.702571,34.968035],[133.702233,34.968435],[133.701858,34.96861],[133.701434,34.968877],[133.700921,34.969235],[133.700096,34.969618],[133.698959,34.970735],[133.698459,34.970777],[133.698109,34.971068],[133.697921,34.971452],[133.697746,34.971677],[133.697521,34.971877],[133.697421,34.972077],[133.697271,34.972235],[133.697021,34.97226],[133.696884,34.97246],[133.696784,34.973452],[133.696621,34.973876],[133.696521,34.974285],[133.696784,34.97501],[133.696809,34.975301],[133.696296,34.976493],[133.696221,34.976826],[133.696046,34.977259],[133.696034,34.977659],[133.695934,34.978359],[133.695696,34.979084],[133.695271,34.979751],[133.694884,34.980093],[133.694634,34.980451],[133.694146,34.981484],[133.693796,34.981934],[133.693059,34.983059],[133.692496,34.984067],[133.692034,34.984742],[133.691884,34.985101],[133.691371,34.985934],[133.691421,34.986409],[133.691171,34.986717],[133.690821,34.986967],[133.689884,34.987525],[133.688722,34.988142],[133.687847,34.9887],[133.687484,34.989042],[133.687134,34.989309],[133.686734,34.989534],[133.686209,34.989934],[133.685697,34.99045],[133.685422,34.990809],[133.685097,34.991009],[133.68336,34.99115],[133.68286,34.99115],[133.68236,34.991034],[133.681785,34.990984],[133.681135,34.991183],[133.680772,34.991383],[133.680298,34.991583],[133.679548,34.99185],[133.67901,34.992142],[133.678635,34.99225],[133.678335,34.992383],[133.677735,34.992717],[133.67721,34.992917],[133.676773,34.992958],[133.675023,34.992808],[133.671723,34.992633],[133.671324,34.992533],[133.670899,34.99235],[133.669674,34.992208],[133.669174,34.992092],[133.668199,34.991842],[133.667937,34.991925],[133.667862,34.992217],[133.667812,34.992667],[133.667662,34.992967],[133.667674,34.993208],[133.667849,34.993458],[133.667949,34.993825],[133.667824,34.994225],[133.667587,34.994583],[133.667412,34.99495],[133.667337,34.995283],[133.667362,34.995575],[133.667599,34.99605],[133.667774,34.99655],[133.667724,34.996799],[133.667737,34.997474],[133.667937,34.997974],[133.668012,34.998424],[133.667824,34.998674],[133.667474,34.998941],[133.666974,34.999183],[133.666362,34.999633],[133.665762,35.000216],[133.665437,35.000366],[133.6647,35.000616],[133.66435,35.000832],[133.663712,35.001441],[133.663288,35.001774],[133.662763,35.001907],[133.662288,35.002107],[133.66195,35.002374],[133.66165,35.002482],[133.660575,35.003065],[133.660276,35.003082],[133.660113,35.00319],[133.659926,35.003249],[133.659076,35.003382],[133.657701,35.00379],[133.656551,35.00404],[133.656164,35.004224],[133.655676,35.00424],[133.654951,35.004224],[133.654076,35.004248],[133.653751,35.004223],[133.653476,35.004157],[133.653176,35.003973],[133.652764,35.003657],[133.652539,35.003574],[133.652077,35.003257],[133.651689,35.003207],[133.651139,35.003207],[133.650452,35.003299],[133.650152,35.00339],[133.649789,35.003548],[133.649377,35.00384],[133.648852,35.00384],[133.647765,35.003707],[133.647452,35.003798],[133.64724,35.003932],[133.64699,35.004182],[133.646877,35.004498],[133.646902,35.004682],[133.64674,35.005015],[133.64639,35.005265],[133.645153,35.005873],[133.644265,35.006081],[133.643503,35.006123],[133.642953,35.006306],[133.64249,35.006573],[133.642153,35.006865],[133.641878,35.007206],[133.641903,35.007406],[133.642015,35.007523],[133.641965,35.007681],[133.641116,35.007931],[133.640316,35.008331],[133.640091,35.008406],[133.639578,35.008789],[133.638803,35.008764],[133.638691,35.009173],[133.638278,35.009506],[133.637453,35.009823],[133.637241,35.009981],[133.637041,35.010231],[133.636641,35.010548],[133.636441,35.010564],[133.635754,35.010548],[133.635341,35.010681],[133.635204,35.010864],[133.635154,35.011064],[133.635179,35.011114],[133.635091,35.011356],[133.634954,35.011539],[133.634879,35.011739],[133.635016,35.012414],[133.635341,35.013022],[133.635504,35.013247],[133.635591,35.013497],[133.635591,35.013706],[133.635404,35.013972],[133.634716,35.014197],[133.634466,35.01438],[133.634304,35.01463],[133.634191,35.014872],[133.634141,35.015414],[133.634079,35.015505],[133.633591,35.015664],[133.633391,35.015755],[133.633341,35.015889],[133.633479,35.016089],[133.633341,35.016297],[133.632816,35.016814],[133.632629,35.017105],[133.632404,35.017197],[133.631667,35.017105],[133.631367,35.017155],[133.630842,35.017355],[133.629929,35.01738],[133.629492,35.017605],[133.629242,35.01783],[133.629167,35.018055],[133.629167,35.01833],[133.629304,35.018622],[133.629492,35.019205],[133.629467,35.01948],[133.629379,35.019613],[133.629379,35.019772],[133.629492,35.019997],[133.629554,35.020263],[133.629517,35.020513],[133.629929,35.020555],[133.630504,35.020538],[133.631229,35.020688],[133.631579,35.020713],[133.631829,35.020755],[133.631966,35.021163],[133.632079,35.021996],[133.632191,35.022313],[133.632354,35.022513],[133.633016,35.023038],[133.633204,35.023488],[133.632429,35.024321],[133.632129,35.024838],[133.631991,35.025179],[133.631941,35.025579],[133.632016,35.026254],[133.632016,35.026554],[133.631941,35.026821],[133.631779,35.027138],[133.631691,35.027404],[133.631641,35.028313],[133.631504,35.028421],[133.631279,35.028512],[133.631029,35.028921],[133.630866,35.028896],[133.630541,35.028921],[133.630241,35.029346],[133.630104,35.029704],[133.629966,35.030204],[133.629766,35.030387],[133.628966,35.030496],[133.628504,35.030546],[133.627542,35.030521],[133.627267,35.030612],[133.627054,35.030637],[133.626279,35.030029],[133.626054,35.029687],[133.626029,35.029279],[133.626054,35.029079],[133.625979,35.028971],[133.625642,35.028879],[133.625429,35.028179],[133.625317,35.028113],[133.624405,35.027996],[133.623392,35.027754],[133.62328,35.027704],[133.622366,35.02781],[133.621655,35.027763],[133.62148,35.027696],[133.621192,35.026971],[133.621092,35.026221],[133.620843,35.026046],[133.620168,35.026288],[133.619643,35.026571],[133.619505,35.027021],[133.619255,35.027229],[133.61878,35.027113],[133.61818,35.026879],[133.617955,35.026854],[133.61758,35.026946],[133.61723,35.026763],[133.616905,35.026938],[133.616505,35.027046],[133.615955,35.027337],[133.615606,35.027221],[133.615506,35.027112],[133.615881,35.026188],[133.615518,35.025196],[133.615543,35.025054],[133.615818,35.024946],[133.615943,35.024921],[133.616556,35.024271],[133.616805,35.023938],[133.617018,35.02333],[133.616643,35.022855],[133.616368,35.022263],[133.615993,35.022063],[133.615393,35.021805],[133.615031,35.02133],[133.614981,35.021221],[133.615481,35.020971],[133.615156,35.020588],[133.614906,35.020496],[133.614656,35.02038],[133.614368,35.019971],[133.614168,35.019838],[133.613643,35.019746],[133.612806,35.019871],[133.612444,35.019105],[133.612419,35.018472],[133.612169,35.018263],[133.611719,35.018222],[133.611144,35.018438],[133.610619,35.018771],[133.610206,35.019405],[133.609681,35.01978],[133.609081,35.020113],[133.608956,35.020096],[133.608006,35.019655],[133.607457,35.019455],[133.607057,35.019563],[133.606744,35.02003],[133.606669,35.020663],[133.606957,35.021138],[133.606082,35.021246],[133.605682,35.021646],[133.605382,35.022054],[133.604894,35.022229],[133.604519,35.022471],[133.604069,35.022379],[133.603794,35.022404],[133.603594,35.022629],[133.603119,35.022754],[133.602694,35.022821],[133.602319,35.022621],[133.602419,35.022346],[133.602444,35.021896],[133.601382,35.021013],[133.601207,35.020304],[133.600807,35.020304],[133.600457,35.020371],[133.60012,35.020996],[133.599407,35.022096],[133.598882,35.022188],[133.597482,35.022313],[133.596858,35.022063],[133.596208,35.021896],[133.595608,35.022054],[133.594958,35.021979],[133.594245,35.022563],[133.593645,35.022896],[133.59282,35.022729],[133.59247,35.023046],[133.592008,35.023154],[133.591558,35.023329],[133.591133,35.023421],[133.590608,35.023454],[133.590208,35.023679],[133.589633,35.023837],[133.589221,35.024237],[133.588796,35.024396],[133.588621,35.024346],[133.588346,35.023987],[133.587746,35.023779],[133.587496,35.024071],[133.587496,35.024654],[133.588383,35.025362],[133.588633,35.025746],[133.588958,35.025996],[133.588921,35.027171],[133.588521,35.027304],[133.588896,35.02762],[133.589058,35.028095],[133.588808,35.02852],[133.588108,35.028879],[133.587046,35.028962],[133.586746,35.02932],[133.586396,35.029945],[133.586259,35.030104],[133.585809,35.030395],[133.585459,35.030703],[133.584634,35.030903],[133.583921,35.031237],[133.583821,35.031687],[133.584034,35.03252],[133.584259,35.032953],[133.583734,35.03322],[133.582934,35.03342],[133.582896,35.033645],[133.583221,35.034095],[133.583396,35.034703],[133.583784,35.035253],[133.584509,35.036086],[133.584534,35.036361],[133.584246,35.036745],[133.584021,35.037145],[133.584296,35.037486],[133.584546,35.037919],[133.584384,35.038503],[133.584084,35.038794],[133.583621,35.039644],[133.583696,35.040328],[133.583959,35.041436],[133.584084,35.041611],[133.584709,35.041794],[133.585383,35.041844],[133.585533,35.041961],[133.586596,35.043236],[133.586921,35.043527],[133.587671,35.043827],[133.587796,35.043919],[133.588308,35.044644],[133.588958,35.045211],[133.589108,35.045261],[133.589608,35.044969],[133.589758,35.045127],[133.590033,35.045561],[133.590383,35.045586],[133.590883,35.045902],[133.590883,35.046261],[133.591095,35.046719],[133.590845,35.047435],[133.590833,35.048085],[133.590433,35.048285],[133.589683,35.04846],[133.589133,35.048685],[133.588633,35.04866],[133.588495,35.049069],[133.58852,35.049469],[133.58867,35.049944],[133.588633,35.050535],[133.588783,35.050869],[133.588033,35.05141],[133.587745,35.051719],[133.58752,35.051852],[133.587095,35.051735],[133.586695,35.051868],[133.58662,35.05221],[133.586733,35.052818],[133.586608,35.053043],[133.585458,35.053393],[133.585346,35.053935],[133.585096,35.054702],[133.585258,35.055135],[133.586008,35.055502],[133.586633,35.055368],[133.586733,35.055593],[133.586308,35.056402],[133.586345,35.05681],[133.586245,35.057077],[133.58622,35.057552],[133.586045,35.057893],[133.586183,35.058818],[133.586408,35.059376],[133.586483,35.059401],[133.586795,35.060035],[133.58677,35.060485],[133.587658,35.061193],[133.587632,35.06246],[133.587795,35.06311],[133.587745,35.063543],[133.587232,35.064051],[133.587257,35.064843],[133.587345,35.065701],[133.58722,35.066201],[133.586907,35.066559],[133.587007,35.066959],[133.587507,35.067934],[133.586795,35.068793],[133.58692,35.069259],[133.587332,35.069759],[133.588082,35.070809],[133.588469,35.071234],[133.588894,35.071576],[133.589544,35.072617],[133.589332,35.073359],[133.589382,35.073475],[133.589557,35.073592],[133.588957,35.073992],[133.588519,35.074667],[133.588407,35.075342],[133.588756,35.076067],[133.589031,35.076742],[133.589019,35.077733],[133.589056,35.078458],[133.589231,35.0792],[133.589244,35.0799],[133.589194,35.080599],[133.588919,35.080708],[133.588894,35.080758],[133.589006,35.081566],[133.588981,35.081883],[133.588531,35.082108],[133.588031,35.082083],[133.587469,35.082324],[133.586894,35.082907],[133.586356,35.083649],[133.585956,35.084324],[133.585444,35.084791],[133.584431,35.085349],[133.584231,35.085707],[133.584331,35.086207],[133.584431,35.08634],[133.584331,35.086515],[133.583719,35.086832],[133.583181,35.086965],[133.582956,35.086965],[133.582706,35.086899],[133.582181,35.086632],[133.581669,35.08654],[133.580894,35.086565],[133.580619,35.086674],[133.580094,35.087149],[133.579606,35.087465],[133.579356,35.087807],[133.579169,35.088298],[133.579169,35.088657],[133.579219,35.088932],[133.579194,35.08904],[133.578894,35.089723],[133.578669,35.089923],[133.578094,35.090215],[133.577819,35.090265],[133.577469,35.090265],[133.577381,35.090281],[133.577081,35.090265],[133.576719,35.090465],[133.576444,35.09069],[133.576256,35.09089],[133.576369,35.091256],[133.576231,35.091773],[133.576206,35.092065],[133.576256,35.092181],[133.576256,35.092448],[133.576206,35.092698],[133.575931,35.092989],[133.574969,35.093714],[133.574806,35.093914],[133.574606,35.095131],[133.574644,35.095356],[133.575931,35.095914],[133.575981,35.096231],[133.575906,35.096522],[133.575856,35.097022],[133.575993,35.097497],[133.576018,35.097764],[133.575356,35.099139],[133.575106,35.099347],[133.574781,35.09948],[133.574281,35.099772],[133.574231,35.099905],[133.574318,35.100197],[133.574531,35.100605],[133.574643,35.100963],[133.574668,35.101322],[133.574368,35.102272],[133.574268,35.102813],[133.574231,35.103221],[133.574681,35.103871],[133.574781,35.10423],[133.574868,35.104746],[133.574868,35.105538],[133.574955,35.105813],[133.57498,35.106146],[133.57493,35.106554],[133.574955,35.106779],[133.575693,35.108037],[133.575693,35.108379],[133.575255,35.109571],[133.575118,35.110404],[133.575205,35.111037],[133.575393,35.111287],[133.57553,35.111554],[133.575668,35.112029],[133.575917,35.11207],[133.57718,35.11207],[133.577405,35.112029],[133.577842,35.11207],[133.578692,35.11227],[133.578992,35.112387],[133.579267,35.112404],[133.579655,35.112387],[133.57988,35.112295],[133.58023,35.11227],[133.580592,35.112404],[133.581004,35.112612],[133.581392,35.112903],[133.582267,35.113462],[133.582679,35.113687],[133.582792,35.113845],[133.583117,35.11502],[133.583254,35.115337],[133.583754,35.11592],[133.583816,35.116162],[133.583779,35.116478],[133.583841,35.116845],[133.583891,35.117986],[133.584066,35.119436],[133.584166,35.119811],[133.584204,35.120536],[133.584341,35.121078],[133.584479,35.121844],[133.584479,35.122203],[133.584591,35.122561],[133.585116,35.123061],[133.585279,35.123261],[133.585354,35.123511],[133.585329,35.123602],[133.585466,35.123777],[133.585691,35.123911],[133.585741,35.123911],[133.585829,35.124027],[133.586103,35.124819],[133.585904,35.125044],[133.585878,35.125311],[133.586328,35.126777],[133.586328,35.126952],[133.586078,35.127227],[133.586053,35.127452],[133.586153,35.12756],[133.586603,35.127769],[133.587066,35.127927],[133.587403,35.128127],[133.587753,35.128394],[133.587866,35.128619],[133.587916,35.129069],[133.588003,35.129344],[133.588116,35.129519],[133.588141,35.129743],[133.588091,35.129977],[133.587978,35.130177],[133.587953,35.130493],[133.588091,35.13076],[133.588578,35.131235],[133.589078,35.13216],[133.589215,35.132627],[133.58924,35.132902],[133.58919,35.133168],[133.589353,35.133843],[133.589628,35.134185],[133.589928,35.134476],[133.590478,35.13511],[133.590815,35.135576],[133.591228,35.136501],[133.591253,35.136726],[133.591178,35.136909],[133.591003,35.137018],[133.590765,35.137318],[133.590653,35.137609],[133.590653,35.137943],[133.590603,35.138193],[133.590465,35.138243],[133.590015,35.138284],[133.589465,35.138351],[133.588728,35.138334],[133.588503,35.138401],[133.587828,35.138826],[133.587578,35.139276],[133.587353,35.139484],[133.58714,35.139551],[133.586665,35.139617],[133.586316,35.139709],[133.585016,35.140501],[133.584603,35.140701],[133.583366,35.140767],[133.583041,35.140817],[133.582578,35.141084],[133.582353,35.141151],[133.581853,35.141201],[133.581641,35.141242],[133.581553,35.141426],[133.581528,35.141676],[133.581553,35.141809],[133.581503,35.142075],[133.581391,35.142142],[133.581253,35.142167],[133.580541,35.142034],[133.579966,35.142059],[133.579741,35.14215],[133.579216,35.143092],[133.578841,35.143609],[133.578504,35.143884],[133.577441,35.1444],[133.577379,35.144625],[133.577304,35.144758],[133.576779,35.144808],[133.576141,35.144608],[133.575154,35.145008],[133.574766,35.144992],[133.574329,35.1449],[133.573341,35.144583],[133.573116,35.144675],[133.572904,35.144967],[133.572766,35.145375],[133.572516,35.145575],[133.572104,35.145875],[133.570754,35.146483],[133.569992,35.146708],[133.569879,35.146958],[133.569517,35.1472],[133.569217,35.147358],[133.569029,35.147516],[133.568892,35.148041],[133.568804,35.148108],[133.568529,35.1482],[133.568254,35.148441],[133.568017,35.149008],[133.567879,35.14935],[133.567679,35.14935],[133.567154,35.149208],[133.566804,35.149208],[133.565479,35.149074],[133.564217,35.149099],[133.563917,35.148991],[133.563642,35.148783],[133.56293,35.1482],[133.562792,35.147908],[133.562617,35.14775],[133.562405,35.14775],[133.561967,35.147683],[133.561555,35.147658],[133.56128,35.14775],[133.561167,35.147908],[133.560555,35.148408],[133.560005,35.148591],[133.559655,35.148591],[133.559292,35.148541],[133.558992,35.148541],[133.55803,35.148749],[133.55753,35.148724],[133.55668,35.148591],[133.556518,35.148683],[133.556468,35.148791],[133.55608,35.149199],[133.555418,35.149716],[133.555255,35.150058],[133.55523,35.150374],[133.555255,35.150466],[133.55523,35.150691],[133.55448,35.151341],[133.553993,35.151657],[133.553605,35.151391],[133.552531,35.150941],[133.552181,35.150874],[133.551706,35.151099],[133.551493,35.151166],[133.551193,35.151166],[133.550506,35.151049],[133.549506,35.150782],[133.549456,35.150807],[133.549231,35.150757],[133.548606,35.150516],[133.548306,35.150491],[133.547756,35.150607],[133.547344,35.150807],[133.546731,35.150941],[133.546069,35.150832],[133.545906,35.150941],[133.545744,35.151257],[133.545519,35.151482],[133.545031,35.151482],[133.544831,35.151216],[133.544669,35.151191],[133.544394,35.151216],[133.543906,35.151416],[133.543456,35.151507],[133.542831,35.151557],[133.541369,35.151374],[133.539969,35.151332],[133.538732,35.151399],[133.538407,35.151474],[133.538132,35.151582],[133.537469,35.152324],[133.537332,35.152624],[133.537244,35.15309],[133.537282,35.15339],[133.537382,35.153748],[133.537382,35.154065],[133.536919,35.155032],[133.536869,35.155282],[133.536894,35.155615],[133.536644,35.155932],[133.536232,35.15614],[133.536069,35.156365],[133.536069,35.15654],[133.536182,35.15704],[133.536019,35.15729],[133.535882,35.157423],[133.535744,35.157715],[133.535957,35.158056],[133.536232,35.158256],[133.536432,35.158456],[133.536707,35.158864],[133.537469,35.159023],[133.537944,35.159581],[133.538269,35.159739],[133.538457,35.159964],[133.538594,35.160214],[133.539206,35.160956],[133.539456,35.161181],[133.539756,35.161339],[133.540144,35.161448],[133.540581,35.161739],[133.540806,35.162014],[133.540719,35.162348],[133.540881,35.162731],[133.541381,35.163181],[133.541456,35.163681],[133.541381,35.164064],[133.541181,35.164447],[133.541044,35.164831],[133.541019,35.165189],[133.541081,35.16553],[133.541268,35.16593],[133.541218,35.166922],[133.541268,35.167222],[133.541331,35.168055],[133.541156,35.168055],[133.540856,35.167988],[133.540443,35.167963],[133.540093,35.168072],[133.539644,35.168438],[133.539569,35.16873],[133.539569,35.169047],[133.539481,35.169297],[133.539344,35.169522],[133.538769,35.169838],[133.538606,35.17003],[133.538419,35.170413],[133.538306,35.170521],[133.537956,35.17073],[133.537781,35.170771],[133.537206,35.170796],[133.535394,35.17053],[133.534819,35.170596],[133.534631,35.170596],[133.534294,35.17073],[133.534269,35.17078],[133.534331,35.171005],[133.534631,35.171721],[133.534606,35.17208],[133.534444,35.172579],[133.534444,35.172688],[133.534556,35.172963],[133.534669,35.173054],[133.534744,35.173229],[133.534719,35.173296],[133.534469,35.173521],[133.534444,35.173704],[133.534856,35.174129],[133.535519,35.174921],[133.535769,35.175121],[133.535831,35.175229],[133.535794,35.175521],[133.535694,35.175954],[133.535606,35.176087],[133.535144,35.176337],[133.534294,35.176562],[133.533744,35.176496],[133.533631,35.176446],[133.532894,35.176454],[133.532294,35.176521],[133.532119,35.176612],[133.531582,35.176812],[133.531307,35.176854],[133.530757,35.177104],[133.530182,35.177171],[133.529794,35.177354],[133.529444,35.177829],[133.529194,35.17837],[133.528807,35.17857],[133.52812,35.17877],[133.52722,35.17927],[133.526832,35.17952],[133.526757,35.179612],[133.526757,35.180037],[133.526845,35.180529],[133.526732,35.181003],[133.526382,35.181412],[133.526295,35.181653],[133.526045,35.182062],[133.52627,35.182512],[133.526195,35.18287],[133.52627,35.183028],[133.526357,35.183528],[133.526332,35.183661],[133.526357,35.184045],[133.527107,35.184578],[133.527344,35.185095],[133.527244,35.185686],[133.527319,35.185911],[133.527682,35.186111],[133.527957,35.186336],[133.528782,35.186628],[133.529082,35.186853],[133.529144,35.187344],[133.528482,35.188069],[133.528207,35.188294],[133.527807,35.188519],[133.527369,35.188944],[133.527194,35.189236],[133.526932,35.189936],[133.526682,35.190211],[133.526157,35.190594],[133.526132,35.190677],[133.526332,35.191202],[133.526219,35.191669],[133.526307,35.192052],[133.526382,35.192277],[133.526332,35.192552],[133.526057,35.192794],[133.526169,35.193002],[133.526469,35.193202],[133.526832,35.193519],[133.526857,35.193902],[133.526719,35.194035],[133.526369,35.19421],[133.526094,35.194285],[133.525819,35.194169],[133.525545,35.193994],[133.525432,35.194035],[133.525132,35.194394],[133.524282,35.19516],[133.523757,35.195793],[133.523495,35.196285],[133.523407,35.196335],[133.523132,35.196352],[133.523045,35.196493],[133.523132,35.196802],[133.52352,35.197301],[133.523332,35.197701],[133.523107,35.198043],[133.522895,35.198626],[133.522895,35.198918],[133.523332,35.199301],[133.52342,35.199526],[133.523395,35.199801],[133.523032,35.200359],[133.522932,35.200676],[133.522907,35.201059],[133.522795,35.201351],[133.52257,35.201576],[133.52222,35.201709],[133.522107,35.201868],[133.522195,35.201851],[133.522057,35.202409],[133.521457,35.203626],[133.52137,35.203917],[133.521482,35.204142],[133.521545,35.204392],[133.521345,35.204567],[133.521245,35.205159],[133.520607,35.205875],[133.520782,35.2063],[133.52102,35.206642],[133.521607,35.207225],[133.521995,35.20765],[133.52227,35.207858],[133.522432,35.208192],[133.522382,35.208417],[133.521632,35.2093],[133.521532,35.2095],[133.521582,35.209817],[133.521557,35.210491],[133.52142,35.210733],[133.520132,35.2118],[133.520082,35.21195],[133.520032,35.2124],[133.51987,35.212783],[133.51937,35.213325],[133.519045,35.2136],[133.518408,35.214],[133.518283,35.21425],[133.518333,35.214475],[133.518695,35.215308],[133.518857,35.215599],[133.518882,35.215849],[133.518745,35.216208],[133.518532,35.216433],[133.518232,35.216549],[133.51807,35.216549],[133.517683,35.216774],[133.51762,35.216908],[133.517433,35.217174],[133.517295,35.217624],[133.516883,35.218058],[133.516758,35.218149],[133.516583,35.218374],[133.516583,35.218483],[133.516145,35.219382],[133.51602,35.219791],[133.515495,35.220507],[133.515245,35.220666],[133.514895,35.220732],[133.513133,35.220874],[133.512608,35.220982],[133.511733,35.221282],[133.511296,35.221549],[133.510996,35.221841],[133.510808,35.222157],[133.509821,35.22304],[133.509296,35.223665],[133.508721,35.224099],[133.508396,35.224299],[133.508171,35.224365],[133.507846,35.224415],[133.507571,35.224615],[133.507021,35.225315],[133.506858,35.22574],[133.506783,35.226615],[133.506396,35.226998],[133.506308,35.227023],[133.505909,35.227273],[133.505409,35.228015],[133.505434,35.228015],[133.505496,35.228148],[133.505659,35.228307],[133.505846,35.228573],[133.506546,35.22934],[133.506933,35.230332],[133.507233,35.230806],[133.507783,35.231365],[133.507758,35.231706],[133.507646,35.232173],[133.507758,35.23249],[133.507983,35.232848],[133.508058,35.233123],[133.508146,35.233256],[133.508608,35.233323],[133.50892,35.233498],[133.50917,35.233748],[133.509658,35.233865],[133.510158,35.233881],[133.510508,35.233856],[133.511308,35.234131],[133.511995,35.234423],[133.51277,35.23449],[133.513233,35.234714],[133.513895,35.235248],[133.51417,35.235406],[133.514607,35.235564],[133.514695,35.235681],[133.51467,35.235856],[133.514832,35.236464],[133.515032,35.237323],[133.515057,35.238156],[133.515395,35.239031],[133.516132,35.239731],[133.516245,35.239956],[133.51647,35.240247],[133.516995,35.240697],[133.517095,35.240714],[133.517895,35.240556],[133.518494,35.240464],[133.520482,35.240081],[133.521632,35.239922],[133.522094,35.239789],[133.522394,35.239539],[133.522944,35.239222],[133.523244,35.239272],[133.524244,35.239314],[133.525344,35.239472],[133.525994,35.239447],[133.526294,35.239197],[133.526519,35.238772],[133.526819,35.238431],[133.527231,35.237689],[133.527831,35.237198],[133.528244,35.236564],[133.528406,35.236564],[133.528519,35.236606],[133.529344,35.236764],[133.529781,35.236764],[133.530106,35.236714],[133.530744,35.236789],[133.531369,35.236806],[133.531868,35.236764],[133.532581,35.236781],[133.533106,35.236848],[133.533543,35.236873],[133.534118,35.236823],[133.534456,35.236739],[133.534868,35.236714],[133.535243,35.236806],[133.535693,35.237006],[133.536318,35.237206],[133.53693,35.237814],[133.537043,35.237856],[133.537393,35.238106],[133.53778,35.238514],[133.538218,35.238823],[133.538393,35.238873],[133.538718,35.239114],[133.538805,35.239431],[133.53878,35.239972],[133.538855,35.240514],[133.539143,35.240939],[133.539355,35.241072],[133.53963,35.241139],[133.540455,35.241206],[133.540618,35.241364],[133.540955,35.241789],[133.541255,35.242064],[133.541617,35.242239],[133.54228,35.242331],[133.542967,35.242597],[133.544392,35.243389],[133.545005,35.243522],[133.545717,35.243589],[133.546429,35.243539],[133.546979,35.243431],[133.547692,35.243564],[133.548404,35.243806],[133.548817,35.243656],[133.549004,35.243247],[133.549254,35.243047],[133.549667,35.242814],[133.549804,35.242706],[133.550904,35.242481],[133.552441,35.242231],[133.553104,35.242181],[133.554116,35.241956],[133.554279,35.241889],[133.554666,35.241797],[133.554966,35.241889],[133.555054,35.241956],[133.555191,35.242231],[133.555491,35.242456],[133.555954,35.242589],[133.556266,35.242789],[133.556616,35.243281],[133.556953,35.243847],[133.557066,35.244206],[133.557178,35.245039],[133.557403,35.245489],[133.557816,35.245755],[133.558166,35.245872],[133.558828,35.245955],[133.559766,35.246364],[133.560316,35.246472],[133.560703,35.24663],[133.560816,35.246789],[133.561028,35.247355],[133.561228,35.247714],[133.561453,35.248005],[133.561728,35.24863],[133.561778,35.24908],[133.561678,35.249397],[133.561653,35.249672],[133.561703,35.250072],[133.562178,35.251247],[133.56234,35.251872],[133.562315,35.252572],[133.56224,35.253022],[133.562265,35.253163],[133.562315,35.253663],[133.562478,35.254263],[133.562728,35.254446],[133.563128,35.25463],[133.56374,35.25483],[133.565103,35.255155],[133.566452,35.25538],[133.566565,35.255421],[133.566865,35.255721],[133.56714,35.25608],[133.568115,35.25678],[133.568115,35.256996],[133.56779,35.257921],[133.56784,35.258146],[133.568077,35.258505],[133.568277,35.258955],[133.56824,35.259196],[133.568102,35.259554],[133.567777,35.259888],[133.567052,35.260446],[133.566915,35.260671],[133.566865,35.261121],[133.56689,35.261254],[133.567052,35.261588],[133.567377,35.261888],[133.567602,35.262196],[133.56774,35.262554],[133.56779,35.262988],[133.567752,35.263321],[133.56759,35.263654],[133.56739,35.264346],[133.567252,35.264621],[133.566902,35.265062],[133.56679,35.265446],[133.566815,35.265937],[133.567215,35.266879],[133.567602,35.26807],[133.567977,35.268612],[133.568252,35.268837],[133.568615,35.268995],[133.568964,35.269287],[133.569102,35.26947],[133.569314,35.269604],[133.569402,35.269829],[133.569402,35.270029],[133.570327,35.270387],[133.570802,35.27062],[133.571064,35.270887],[133.571777,35.272079],[133.571864,35.272595],[133.571777,35.272904],[133.571614,35.27322],[133.571552,35.274228],[133.571052,35.274987],[133.570964,35.275253],[133.570914,35.275328],[133.570139,35.275728],[133.569589,35.275903],[133.569264,35.276103],[133.568989,35.276328],[133.568739,35.27662],[133.568677,35.276886],[133.568839,35.277511],[133.568977,35.27767],[133.569502,35.278095],[133.570652,35.279361],[133.571464,35.279653],[133.571802,35.279919],[133.571989,35.280286],[133.572152,35.280728],[133.572226,35.281586],[133.572114,35.282186],[133.571501,35.283886],[133.570701,35.28606],[133.570439,35.286935],[133.570476,35.287093],[133.571126,35.287427],[133.572339,35.287952],[133.572389,35.287993],[133.572526,35.288285],[133.572739,35.28851],[133.572826,35.288535],[133.573126,35.288535],[133.573326,35.288493],[133.573539,35.288668],[133.573564,35.288893],[133.573514,35.289435],[133.573726,35.289635],[133.574138,35.289818],[133.574351,35.289993],[133.574488,35.290176],[133.574526,35.29036],[133.574188,35.291543],[133.574101,35.292168],[133.574513,35.292326],[133.574788,35.292401],[133.574888,35.292576],[133.574976,35.293184],[133.575051,35.293493],[133.575188,35.293676],[133.575438,35.293876],[133.575626,35.294101],[133.575763,35.294376],[133.576013,35.294667],[133.576801,35.295367],[133.576913,35.295567],[133.576888,35.295809],[133.576738,35.296217],[133.576713,35.296592],[133.576738,35.296734],[133.57715,35.296892],[133.577588,35.296984],[133.577675,35.29725]]],"type":"Polygon"}}]}