{"type":"FeatureCollection","features":[{"geometry":{"coordinates":[[[134.254088,34.946058],[134.254363,34.945741],[134.254525,34.945316],[134.254388,34.944975],[134.254138,34.944616],[134.254025,34.944525],[134.253313,34.944208],[134.253775,34.943575],[134.253813,34.943191],[134.2537,34.9427],[134.253613,34.942542],[134.253338,34.94225],[134.253501,34.941733],[134.253638,34.940467],[134.253613,34.939725],[134.253676,34.939184],[134.253976,34.938509],[134.254051,34.93765],[134.254326,34.937692],[134.254763,34.937717],[134.255451,34.937559],[134.255788,34.937267],[134.256038,34.936909],[134.256525,34.936592],[134.256938,34.936476],[134.257325,34.936026],[134.257625,34.935801],[134.258038,34.935776],[134.258363,34.935709],[134.2585,34.935417],[134.258475,34.935034],[134.2585,34.934451],[134.258588,34.934084],[134.258675,34.934042],[134.259363,34.934176],[134.260013,34.934559],[134.260188,34.934942],[134.260188,34.935101],[134.260463,34.936117],[134.260813,34.936634],[134.2615,34.937151],[134.2621,34.937467],[134.26255,34.937601],[134.262875,34.937626],[134.263012,34.937351],[134.26315,34.936701],[134.263175,34.936267],[134.263237,34.936226],[134.263587,34.936159],[134.264187,34.936542],[134.2646,34.936926],[134.264712,34.936967],[134.2651,34.936151],[134.265787,34.935951],[134.266287,34.935684],[134.26675,34.935343],[134.267187,34.935318],[134.267437,34.935568],[134.267375,34.935976],[134.26735,34.936401],[134.267462,34.936334],[134.268012,34.935793],[134.268837,34.934684],[134.269,34.934168],[134.269225,34.933918],[134.269662,34.933759],[134.270512,34.933559],[134.271112,34.933493],[134.271287,34.933426],[134.271662,34.932951],[134.272162,34.932701],[134.272874,34.932635],[134.273037,34.932501],[134.273199,34.932001],[134.273587,34.931618],[134.273812,34.931485],[134.274874,34.931101],[134.274937,34.93101],[134.274849,34.930152],[134.274937,34.929743],[134.276012,34.92966],[134.276062,34.929635],[134.275949,34.92916],[134.275512,34.927918],[134.275562,34.927677],[134.275737,34.927402],[134.275724,34.927177],[134.275487,34.92646],[134.275262,34.925419],[134.275149,34.925152],[134.274799,34.924744],[134.274712,34.92436],[134.274737,34.924294],[134.274987,34.92411],[134.275587,34.92391],[134.276612,34.923661],[134.276987,34.923461],[134.277049,34.923052],[134.277237,34.922561],[134.277349,34.922402],[134.277899,34.921902],[134.278362,34.921636],[134.278862,34.921561],[134.280399,34.921786],[134.280974,34.921627],[134.281687,34.921494],[134.283361,34.921311],[134.284274,34.921086],[134.284524,34.920953],[134.284661,34.920744],[134.284711,34.920344],[134.284574,34.919878],[134.284474,34.919811],[134.284199,34.919428],[134.283324,34.918728],[134.283349,34.918436],[134.283787,34.917403],[134.284087,34.916861],[134.284262,34.916795],[134.285024,34.916653],[134.285499,34.916586],[134.285961,34.916361],[134.286836,34.915753],[134.287199,34.915461],[134.287361,34.915253],[134.287386,34.91492],[134.287361,34.914328],[134.287411,34.913587],[134.287311,34.912912],[134.287411,34.912662],[134.287774,34.912262],[134.288686,34.911512],[134.289949,34.91072],[134.290461,34.91072],[134.290986,34.910787],[134.291761,34.910995],[134.292111,34.911129],[134.292449,34.911304],[134.292811,34.91142],[134.292774,34.911037],[134.292836,34.910629],[134.293049,34.910021],[134.293074,34.909479],[134.292936,34.908471],[134.292974,34.908171],[134.294723,34.907654],[134.294898,34.907563],[134.294948,34.907538],[134.294973,34.907471],[134.294836,34.905854],[134.294699,34.904955],[134.294749,34.904321],[134.294836,34.904163],[134.294374,34.903738],[134.294174,34.903355],[134.294124,34.903105],[134.293986,34.90283],[134.293624,34.902721],[134.293186,34.902746],[134.292574,34.902855],[134.292336,34.902721],[134.292136,34.901688],[134.291861,34.901555],[134.290899,34.901371],[134.290574,34.901263],[134.290324,34.900921],[134.290212,34.900405],[134.290137,34.900338],[134.289774,34.900247],[134.288349,34.900288],[134.288262,34.900313],[134.288212,34.900246],[134.288174,34.899863],[134.288237,34.89953],[134.289062,34.898963],[134.289274,34.898738],[134.289337,34.898447],[134.289199,34.897922],[134.288837,34.897613],[134.287624,34.897297],[134.287137,34.897138],[134.285812,34.897163],[134.284362,34.897055],[134.284025,34.896938],[134.283837,34.896755],[134.283675,34.896463],[134.2835,34.895497],[134.283362,34.895313],[134.28285,34.89523],[134.28205,34.895497],[134.281575,34.895788],[134.281162,34.895947],[134.280725,34.895947],[134.280175,34.895863],[134.279787,34.895747],[134.279238,34.895455],[134.278888,34.895363],[134.278388,34.895347],[134.277788,34.895213],[134.2769,34.89458],[134.275775,34.894088],[134.2757,34.894038],[134.275175,34.893272],[134.275013,34.89318],[134.274425,34.89303],[134.27385,34.892822],[134.273388,34.892597],[134.273026,34.892014],[134.272776,34.891564],[134.272751,34.891364],[134.272913,34.891064],[134.273001,34.890755],[134.272813,34.890455],[134.272451,34.890122],[134.271988,34.889781],[134.271213,34.889855],[134.270363,34.889872],[134.270226,34.889805],[134.269976,34.889631],[134.269613,34.889447],[134.269201,34.889131],[134.269038,34.888614],[134.268651,34.887756],[134.268738,34.886989],[134.268651,34.886606],[134.268713,34.886364],[134.269126,34.886089],[134.269476,34.885773],[134.269701,34.884873],[134.270088,34.883881],[134.269976,34.883656],[134.269751,34.883589],[134.268951,34.883698],[134.268351,34.883723],[134.267751,34.883523],[134.267414,34.88334],[134.267201,34.883456],[134.266626,34.884248],[134.266239,34.884473],[134.265351,34.884648],[134.264526,34.885214],[134.264314,34.885239],[134.263901,34.884948],[134.263426,34.884923],[134.263076,34.884723],[134.262801,34.884473],[134.262689,34.884298],[134.262576,34.883864],[134.262501,34.883148],[134.262364,34.882265],[134.262439,34.881906],[134.262576,34.881615],[134.262664,34.881298],[134.262639,34.881165],[134.262664,34.880823],[134.262914,34.88044],[134.263239,34.879698],[134.263539,34.87949],[134.263901,34.879332],[134.264151,34.879173],[134.264151,34.878932],[134.263926,34.878298],[134.263926,34.878207],[134.264039,34.878023],[134.264564,34.87789],[134.265464,34.877732],[134.265601,34.87769],[134.265964,34.877465],[134.266289,34.87719],[134.266176,34.876674],[134.266289,34.876332],[134.266514,34.876157],[134.266814,34.87604],[134.267001,34.875615],[134.266926,34.875182],[134.266726,34.874824],[134.266476,34.874466],[134.266176,34.874124],[134.265851,34.873924],[134.265651,34.873741],[134.265489,34.873249],[134.265326,34.873049],[134.264551,34.872524],[134.264089,34.872166],[134.263726,34.871674],[134.263351,34.871291],[134.263351,34.871241],[134.263151,34.871083],[134.263076,34.871066],[134.262714,34.871174],[134.261701,34.871199],[134.261264,34.870974],[134.260926,34.870683],[134.260539,34.870524],[134.260126,34.870499],[134.259939,34.870524],[134.259414,34.870483],[134.259364,34.870508],[134.258952,34.870416],[134.258839,34.870233],[134.259089,34.869649],[134.258927,34.868683],[134.259139,34.868383],[134.259801,34.867958],[134.259914,34.867825],[134.260051,34.867441],[134.259939,34.867075],[134.259639,34.866625],[134.259364,34.865841],[134.259139,34.864917],[134.258789,34.864575],[134.258589,34.864308],[134.258477,34.863808],[134.258452,34.863067],[134.258477,34.862733],[134.258064,34.862433],[134.257102,34.862033],[134.256639,34.861758],[134.256277,34.861492],[134.256039,34.861042],[134.255764,34.860767],[134.255264,34.860092],[134.255189,34.859867],[134.255239,34.859692],[134.255952,34.858675],[134.255839,34.858425],[134.254914,34.857642],[134.254664,34.857367],[134.254252,34.857209],[134.253865,34.856892],[134.253677,34.856201],[134.25359,34.855634],[134.25364,34.855251],[134.253615,34.854751],[134.253702,34.853559],[134.25359,34.853151],[134.25334,34.852884],[134.25299,34.852593],[134.25274,34.852234],[134.252715,34.851784],[134.252952,34.851468],[134.253615,34.851309],[134.253915,34.851193],[134.25409,34.851035],[134.25419,34.850585],[134.25414,34.850493],[134.254165,34.849885],[134.25439,34.849476],[134.254765,34.848985],[134.255265,34.84856],[134.255727,34.84826],[134.256089,34.848218],[134.256527,34.848443],[134.256939,34.84871],[134.257402,34.848843],[134.257789,34.848735],[134.258064,34.848443],[134.258452,34.847852],[134.258752,34.846952],[134.258889,34.846794],[134.258977,34.846819],[134.259714,34.847269],[134.260489,34.847177],[134.261039,34.846927],[134.261176,34.846819],[134.261339,34.846544],[134.261751,34.846252],[134.262301,34.846052],[134.262789,34.845511],[134.262789,34.845261],[134.262264,34.844744],[134.261826,34.844361],[134.261751,34.843977],[134.261826,34.843594],[134.261889,34.843502],[134.262214,34.843277],[134.262926,34.842036],[134.263126,34.841478],[134.263539,34.841136],[134.265151,34.840528],[134.265239,34.840369],[134.265151,34.839328],[134.265489,34.838678],[134.265014,34.83787],[134.264689,34.837395],[134.264389,34.83717],[134.263914,34.83697],[134.263527,34.836895],[134.263227,34.83692],[134.263064,34.836853],[134.262977,34.83672],[134.262952,34.836553],[134.262702,34.836403],[134.262089,34.836245],[134.261827,34.836045],[134.261764,34.83582],[134.262614,34.834587],[134.263177,34.83332],[134.263289,34.832645],[134.263202,34.83242],[134.262814,34.831995],[134.261839,34.831387],[134.261639,34.83107],[134.261727,34.830379],[134.262014,34.829995],[134.262164,34.829562],[134.262127,34.829362],[134.262339,34.82887],[134.262627,34.828462],[134.263039,34.828012],[134.263364,34.827562],[134.263602,34.827137],[134.263714,34.826704],[134.263864,34.826637],[134.264364,34.826546],[134.264827,34.826637],[134.265152,34.826546],[134.266214,34.825621],[134.266364,34.825646],[134.266889,34.826029],[134.267739,34.826096],[134.268277,34.826054],[134.268539,34.826071],[134.269414,34.826479],[134.269827,34.826704],[134.269976,34.826996],[134.269976,34.827329],[134.270364,34.827354],[134.271739,34.826654],[134.272326,34.826546],[134.272626,34.826613],[134.272739,34.826771],[134.273151,34.827171],[134.273626,34.827446],[134.274126,34.827579],[134.274476,34.827804],[134.274776,34.828346],[134.275101,34.828429],[134.275451,34.828296],[134.275839,34.828096],[134.276014,34.828096],[134.276389,34.828187],[134.276838,34.828096],[134.277601,34.828112],[134.279101,34.828429],[134.280338,34.828854],[134.280901,34.828996],[134.281488,34.829012],[134.281688,34.829079],[134.282013,34.829396],[134.282226,34.829671],[134.282576,34.829804],[134.2834,34.829662],[134.283688,34.829462],[134.284075,34.829012],[134.284488,34.828987],[134.285163,34.829104],[134.285775,34.829104],[134.28625,34.828962],[134.286713,34.828896],[134.287125,34.828879],[134.287575,34.828654],[134.288188,34.828404],[134.288213,34.828204],[134.288038,34.827996],[134.287925,34.827729],[134.288038,34.827346],[134.2883,34.826988],[134.2883,34.826646],[134.288175,34.826021],[134.287938,34.825521],[134.287913,34.825096],[134.287938,34.824688],[134.28765,34.824213],[134.28755,34.823388],[134.287763,34.823071],[134.287825,34.822622],[134.287763,34.822188],[134.287813,34.821763],[134.288025,34.821513],[134.288375,34.82143],[134.28925,34.820997],[134.2902,34.820363],[134.290663,34.820097],[134.291138,34.82003],[134.291575,34.820055],[134.291963,34.820139],[134.292163,34.820122],[134.29295,34.818839],[134.293225,34.818472],[134.293663,34.81863],[134.294225,34.818764],[134.294813,34.818764],[134.2951,34.81868],[134.2954,34.818339],[134.295513,34.818072],[134.295538,34.817639],[134.295388,34.817347],[134.295213,34.817097],[134.295188,34.816922],[134.29545,34.816714],[134.295713,34.816422],[134.29565,34.815839],[134.295688,34.815747],[134.296325,34.815547],[134.2965,34.815547],[134.296825,34.815481],[134.2973,34.815031],[134.297538,34.814964],[134.297888,34.814423],[134.298025,34.813923],[134.298025,34.813614],[134.298325,34.813456],[134.299675,34.813973],[134.2998,34.813973],[134.300475,34.813723],[134.300825,34.813673],[134.300937,34.813698],[134.301262,34.813973],[134.30135,34.814373],[134.301562,34.814623],[134.301937,34.814639],[134.3023,34.814464],[134.302525,34.814264],[134.303025,34.814014],[134.3035,34.813898],[134.303912,34.813723],[134.304062,34.813273],[134.3042,34.812956],[134.304525,34.812665],[134.304962,34.812348],[134.305325,34.812365],[134.3057,34.812281],[134.306674,34.811673],[134.307199,34.81129],[134.307349,34.811081],[134.307249,34.810698],[134.307049,34.81034],[134.306362,34.80874],[134.30645,34.808432],[134.3069,34.807998],[134.307037,34.807707],[134.307187,34.807532],[134.307537,34.807374],[134.308449,34.807257],[134.308687,34.807124],[134.308712,34.807032],[134.308512,34.806465],[134.308362,34.805774],[134.308412,34.805499],[134.308712,34.805274],[134.309687,34.805007],[134.309949,34.804732],[134.310299,34.804174],[134.310212,34.803674],[134.310199,34.803249],[134.310587,34.802841],[134.310974,34.802616],[134.311499,34.802574],[134.312237,34.802683],[134.313024,34.802733],[134.313562,34.802841],[134.313824,34.802974],[134.314287,34.802999],[134.315286,34.802724],[134.316086,34.802591],[134.316524,34.802416],[134.317111,34.801941],[134.317024,34.801649],[134.316724,34.8012],[134.316611,34.800725],[134.316699,34.800383],[134.316899,34.799866],[134.317199,34.799575],[134.317424,34.799016],[134.317249,34.797975],[134.317099,34.797733],[134.316836,34.797442],[134.316511,34.797258],[134.316486,34.797142],[134.316924,34.796808],[134.317386,34.796267],[134.317649,34.795859],[134.317649,34.795434],[134.317386,34.7944],[134.317449,34.794084],[134.317799,34.7937],[134.318061,34.793342],[134.318111,34.79305],[134.317824,34.792825],[134.316912,34.792392],[134.316112,34.792059],[134.316024,34.791876],[134.316287,34.791634],[134.316699,34.791451],[134.317287,34.790459],[134.317874,34.789651],[134.318286,34.789267],[134.319074,34.788343],[134.319311,34.787826],[134.319399,34.787401],[134.319299,34.786968],[134.319074,34.786584],[134.319011,34.786343],[134.318974,34.785909],[134.319099,34.785485],[134.318949,34.785143],[134.318624,34.784743],[134.318124,34.784268],[134.318062,34.78391],[134.317799,34.783501],[134.317212,34.783143],[134.316562,34.782876],[134.316437,34.782785],[134.316262,34.782401],[134.315824,34.781093],[134.315937,34.780827],[134.316637,34.780085],[134.317462,34.779702],[134.317524,34.779585],[134.317612,34.779185],[134.317574,34.77846],[134.317724,34.778077],[134.317812,34.777994],[134.318012,34.777877],[134.318224,34.777902],[134.318699,34.778035],[134.319137,34.778127],[134.319549,34.778077],[134.319874,34.777827],[134.319962,34.777669],[134.320399,34.777219],[134.320599,34.77691],[134.320574,34.776569],[134.320124,34.77621],[134.320074,34.77601],[134.320337,34.775894],[134.320949,34.77576],[134.321361,34.77551],[134.321836,34.775285],[134.322324,34.775127],[134.322536,34.774927],[134.322774,34.774386],[134.323061,34.774227],[134.323411,34.774269],[134.323974,34.774611],[134.324449,34.774786],[134.324974,34.774877],[134.325886,34.775144],[134.325999,34.775144],[134.326274,34.774986],[134.326861,34.774744],[134.327124,34.774586],[134.327823,34.774294],[134.328411,34.774177],[134.329498,34.774269],[134.329673,34.773727],[134.329936,34.773436],[134.330936,34.772686],[134.330936,34.772419],[134.330698,34.771478],[134.330636,34.770936],[134.330936,34.770661],[134.331398,34.770553],[134.331723,34.770503],[134.332223,34.770344],[134.333336,34.769828],[134.333686,34.769919],[134.333898,34.770011],[134.334311,34.769669],[134.334636,34.769311],[134.334748,34.76897],[134.334598,34.768653],[134.334273,34.768253],[134.334073,34.767828],[134.333623,34.766678],[134.333386,34.766161],[134.333323,34.765936],[134.333211,34.765728],[134.332973,34.765753],[134.332586,34.765886],[134.331861,34.766203],[134.331236,34.766386],[134.330924,34.766728],[134.330536,34.767311],[134.330299,34.767445],[134.330186,34.767378],[134.330011,34.76702],[134.329711,34.766661],[134.329536,34.766661],[134.329074,34.766745],[134.328336,34.766703],[134.327836,34.766595],[134.327386,34.766453],[134.327361,34.766095],[134.327386,34.765936],[134.327824,34.764928],[134.327886,34.764453],[134.327586,34.764112],[134.327349,34.764003],[134.326036,34.763512],[134.325587,34.763445],[134.325037,34.763487],[134.324587,34.763553],[134.324212,34.763312],[134.323887,34.762878],[134.323562,34.762612],[134.323062,34.762362],[134.322737,34.762095],[134.322437,34.761912],[134.321562,34.761778],[134.321024,34.760587],[134.320312,34.759129],[134.320225,34.758537],[134.320225,34.75807],[134.320025,34.757687],[134.319637,34.757345],[134.31905,34.757029],[134.3187,34.756629],[134.318375,34.756112],[134.31825,34.755571],[134.31825,34.755321],[134.318162,34.754846],[134.3178,34.753796],[134.317775,34.753571],[134.31795,34.753229],[134.318075,34.752879],[134.318288,34.752429],[134.31835,34.751879],[134.318125,34.750955],[134.317825,34.750505],[134.317338,34.749846],[134.31725,34.749713],[134.31695,34.748788],[134.316788,34.74793],[134.316863,34.746755],[134.316563,34.745714],[134.316563,34.74418],[134.317781,34.743385],[134.322949,34.742453],[134.326677,34.742115],[134.332015,34.742115],[134.335998,34.742199],[134.342776,34.742623],[134.348876,34.743046],[134.357095,34.743639],[134.362094,34.744062],[134.363301,34.74413],[134.36341,34.743132],[134.363735,34.74069],[134.36201,34.740715],[134.361685,34.740582],[134.36106,34.740507],[134.35906,34.74019],[134.35856,34.74004],[134.358373,34.740015],[134.356898,34.739724],[134.356236,34.73954],[134.355448,34.739249],[134.354923,34.739157],[134.354398,34.73879],[134.354323,34.738549],[134.354348,34.738299],[134.354486,34.737982],[134.354511,34.737732],[134.354398,34.737707],[134.353661,34.73719],[134.353198,34.737549],[134.352574,34.737282],[134.352436,34.737099],[134.352274,34.736557],[134.352136,34.736424],[134.351799,34.736307],[134.351386,34.736041],[134.351199,34.736216],[134.350949,34.736332],[134.350486,34.73624],[134.350049,34.736107],[134.349336,34.735949],[134.348924,34.735899],[134.347949,34.735899],[134.347511,34.735832],[134.347286,34.735874],[134.347149,34.73599],[134.347236,34.736107],[134.347149,34.73619],[134.346737,34.736107],[134.345074,34.735474],[134.344774,34.735399],[134.344412,34.73554],[134.344137,34.735557],[134.343812,34.73549],[134.343212,34.735582],[134.342387,34.73549],[134.342499,34.736124],[134.342549,34.736124],[134.342849,34.736282],[134.343074,34.736532],[134.343812,34.73719],[134.344412,34.737774],[134.344662,34.738132],[134.344637,34.738365],[134.344499,34.73854],[134.344312,34.738698],[134.343974,34.738765],[134.343599,34.738723],[134.343237,34.738632],[134.341849,34.738407],[134.341899,34.737957],[134.341987,34.737957],[134.342087,34.737907],[134.342062,34.737099],[134.342087,34.736874],[134.342037,34.73664],[134.341949,34.736715],[134.341712,34.736757],[134.341487,34.73689],[134.341137,34.737257],[134.340937,34.737415],[134.340724,34.737457],[134.340287,34.737482],[134.339849,34.737365],[134.339824,34.73764],[134.339924,34.73764],[134.340362,34.737815],[134.340312,34.73804],[134.339962,34.73879],[134.339824,34.738948],[134.336125,34.737098],[134.336175,34.736915],[134.336125,34.736573],[134.336175,34.736373],[134.336337,34.736123],[134.336262,34.735965],[134.336012,34.73574],[134.33585,34.735532],[134.33585,34.73549],[134.335525,34.735307],[134.335162,34.735199],[134.335,34.735107],[134.334862,34.734907],[134.33465,34.734674],[134.333525,34.73389],[134.33275,34.73334],[134.331875,34.732624],[134.331663,34.732307],[134.331688,34.732165],[134.331663,34.732057],[134.331525,34.732016],[134.331363,34.732082],[134.331138,34.732082],[134.3307,34.731807],[134.330263,34.731424],[134.330075,34.731132],[134.329913,34.730949],[134.32985,34.730974],[134.329688,34.730907],[134.329613,34.730924],[134.329388,34.730924],[134.329088,34.730857],[134.328763,34.730674],[134.328563,34.730499],[134.327825,34.729591],[134.327475,34.729049],[134.327088,34.728641],[134.326876,34.728283],[134.327638,34.727674],[134.325988,34.725891],[134.326076,34.725641],[134.325888,34.725508],[134.325151,34.725891],[134.324876,34.725933],[134.324513,34.725325],[134.324326,34.725125],[134.324001,34.724891],[134.323801,34.724691],[134.323551,34.724266],[134.322788,34.723241],[134.322676,34.722933],[134.322439,34.722433],[134.322101,34.721958],[134.321914,34.721825],[134.321751,34.7218],[134.321676,34.721821],[134.321494,34.721892],[134.321226,34.722],[134.320994,34.722165],[134.320851,34.72225],[134.320626,34.722616],[134.320489,34.723133],[134.320389,34.723491],[134.320276,34.723625],[134.320051,34.7244],[134.319889,34.725591],[134.319814,34.726858],[134.319451,34.728374],[134.319289,34.728482],[134.319014,34.728574],[134.318276,34.729316],[134.318064,34.729724],[134.317701,34.730107],[134.316864,34.73049],[134.316526,34.730965],[134.316476,34.731107],[134.316251,34.731332],[134.315764,34.731573],[134.315414,34.73194],[134.314864,34.732207],[134.314339,34.732348],[134.313901,34.732573],[134.313789,34.73259],[134.313489,34.732773],[134.313139,34.73289],[134.312914,34.733023],[134.312726,34.733248],[134.312451,34.733432],[134.312151,34.733723],[134.311801,34.733815],[134.311414,34.733815],[134.311164,34.733273],[134.307152,34.733948],[134.305864,34.73399],[134.302277,34.734715],[134.301954,34.73475],[134.301477,34.734939],[134.301204,34.735135],[134.300877,34.735439],[134.300527,34.735664],[134.299677,34.735998],[134.299215,34.736156],[134.299127,34.736156],[134.29809,34.736523],[134.292678,34.735931],[134.292453,34.735889],[134.292615,34.735256],[134.292203,34.735114],[134.292103,34.735414],[134.291928,34.735414],[134.29139,34.735298],[134.289328,34.735098],[134.288266,34.735006],[134.287828,34.735006],[134.285528,34.733989],[134.284929,34.733306],[134.284979,34.733014],[134.285066,34.732723],[134.284929,34.732273],[134.284741,34.731998],[134.284516,34.731814],[134.284266,34.731323],[134.284054,34.731048],[134.283829,34.730865],[134.283691,34.730623],[134.283529,34.730256],[134.283341,34.730073],[134.282854,34.729965],[134.282279,34.729898],[134.281841,34.730006],[134.281266,34.730323],[134.280791,34.73064],[134.280666,34.730798],[134.280554,34.731006],[134.280579,34.731589],[134.280216,34.732831],[134.279479,34.732739],[134.279266,34.732989],[134.279016,34.733897],[134.275542,34.734522],[134.273954,34.733097],[134.274992,34.732673],[134.275054,34.732673],[134.275629,34.732289],[134.275929,34.731881],[134.276342,34.730981],[134.276364,34.73016],[134.276194,34.729969],[134.276117,34.729823],[134.276092,34.72944],[134.276042,34.729331],[134.275792,34.729056],[134.275104,34.72879],[134.274317,34.72854],[134.274229,34.728381],[134.274017,34.728156],[134.27363,34.727998],[134.27273,34.727748],[134.272367,34.727748],[134.272092,34.727973],[134.271972,34.728371],[134.271629,34.728706],[134.271192,34.728856],[134.270917,34.728764],[134.269605,34.730298],[134.26958,34.730456],[134.269667,34.730639],[134.269855,34.730748],[134.270342,34.730864],[134.27048,34.730973],[134.270505,34.731206],[134.27043,34.731498],[134.269167,34.731431],[134.268842,34.731364],[134.268817,34.731131],[134.267692,34.730164],[134.267692,34.730048],[134.267767,34.729939],[134.268017,34.729239],[134.268259,34.728745],[134.268617,34.727998],[134.268875,34.727521],[134.269062,34.726936],[134.269142,34.726123],[134.269117,34.725506],[134.269005,34.724807],[134.268705,34.724198],[134.268755,34.724015],[134.269355,34.723207],[134.26953,34.72289],[134.269692,34.722798],[134.269767,34.722798],[134.26993,34.722732],[134.270017,34.722507],[134.269905,34.722057],[134.269768,34.721757],[134.26958,34.720857],[134.269005,34.720565],[134.26868,34.720157],[134.268705,34.719682],[134.268568,34.719182],[134.26728,34.718757],[134.266205,34.718652],[134.263731,34.718432],[134.263393,34.718432],[134.259918,34.71884],[134.259044,34.718415],[134.258744,34.71834],[134.257456,34.718257],[134.255931,34.718207],[134.255744,34.71814],[134.255519,34.718115],[134.253744,34.71839],[134.252919,34.718274],[134.252569,34.718274],[134.252094,34.718365],[134.251916,34.718405],[134.251741,34.718452],[134.251582,34.718474],[134.251169,34.718432],[134.250869,34.718315],[134.250757,34.71814],[134.250682,34.717824],[134.250344,34.717441],[134.250019,34.717216],[134.249232,34.716982],[134.248407,34.716557],[134.247695,34.716424],[134.247251,34.716307],[134.246932,34.716216],[134.246557,34.716082],[134.246357,34.715941],[134.246032,34.715791],[134.245395,34.715674],[134.244295,34.715316],[134.24397,34.715274],[134.243582,34.715274],[134.24347,34.715366],[134.243282,34.715632],[134.243195,34.715991],[134.243032,34.716124],[134.242895,34.716332],[134.24282,34.716891],[134.24262,34.717191],[134.24227,34.717524],[134.242158,34.717707],[134.241533,34.718316],[134.24032,34.718899],[134.23982,34.719107],[134.239195,34.719332],[134.238645,34.719757],[134.237795,34.719849],[134.23672,34.72019],[134.236445,34.720349],[134.235945,34.720482],[134.235571,34.72064],[134.235046,34.720999],[134.234408,34.721182],[134.234333,34.721157],[134.233671,34.720774],[134.233696,34.72024],[134.233783,34.719765],[134.233908,34.719716],[134.233971,34.719632],[134.233883,34.719107],[134.233746,34.719024],[134.233333,34.719107],[134.232646,34.719182],[134.231171,34.719857],[134.230784,34.719949],[134.230171,34.720199],[134.229734,34.720307],[134.229346,34.720265],[134.228721,34.720424],[134.228446,34.720532],[134.228334,34.720674],[134.228009,34.720624],[134.227646,34.720515],[134.227459,34.720532],[134.227159,34.720265],[134.226846,34.719815],[134.226272,34.719474],[134.225834,34.71939],[134.225559,34.719524],[134.225334,34.719682],[134.225197,34.719974],[134.225422,34.720157],[134.225422,34.720782],[134.225509,34.720965],[134.225609,34.721057],[134.226384,34.720965],[134.226609,34.721032],[134.226659,34.72119],[134.226609,34.721823],[134.226634,34.721907],[134.226796,34.722065],[134.227021,34.722115],[134.227371,34.72209],[134.227509,34.722048],[134.227784,34.721865],[134.228121,34.72189],[134.228421,34.722115],[134.228509,34.722423],[134.228396,34.722632],[134.228471,34.722923],[134.228696,34.723148],[134.228921,34.723148],[134.229409,34.722965],[134.230233,34.72299],[134.230758,34.722965],[134.231971,34.722715],[134.232383,34.723165],[134.232433,34.723348],[134.232358,34.723507],[134.232296,34.723865],[134.232296,34.724223],[134.232358,34.724565],[134.232608,34.724923],[134.232796,34.725123],[134.231096,34.727581],[134.230846,34.728014],[134.230633,34.728639],[134.230408,34.728664],[134.230158,34.728639],[134.230108,34.728664],[134.229583,34.729972],[134.229471,34.730314],[134.229533,34.730447],[134.229608,34.730581],[134.229446,34.731006],[134.229283,34.731256],[134.229008,34.731322],[134.225084,34.731106],[134.224446,34.731081],[134.224284,34.731106],[134.223397,34.731106],[134.223234,34.730047],[134.221397,34.729847],[134.221097,34.731581],[134.220684,34.731556],[134.220434,34.731514],[134.220159,34.731422],[134.219822,34.731247],[134.219472,34.730947],[134.219684,34.730747],[134.218972,34.730322],[134.218897,34.730414],[134.21851,34.730231],[134.218397,34.730431],[134.217597,34.730414],[134.216885,34.730589],[134.216172,34.730772],[134.215672,34.730772],[134.215285,34.730681],[134.215347,34.730506],[134.214548,34.730322],[134.214498,34.730414],[134.213773,34.730506],[134.213785,34.730755],[134.213373,34.730914],[134.21326,34.730689],[134.211635,34.731389],[134.211548,34.731322],[134.211223,34.731405],[134.210811,34.731339],[134.210448,34.73123],[134.209711,34.731122],[134.209411,34.731122],[134.209348,34.730914],[134.209461,34.730914],[134.209436,34.730805],[134.208886,34.730755],[134.208861,34.730464],[134.208086,34.73053],[134.207948,34.730039],[134.203911,34.730422],[134.203936,34.73083],[134.202624,34.731372],[134.201624,34.731505],[134.199949,34.731897],[134.198737,34.732213],[134.198049,34.732455],[134.195412,34.73368],[134.194812,34.733971],[134.195137,34.734513],[134.19465,34.734738],[134.194212,34.734263],[134.190713,34.735888],[134.186488,34.737971],[134.186013,34.738396],[134.185888,34.738979],[134.186051,34.739279],[134.186375,34.739546],[134.187563,34.740312],[134.1858,34.742362],[134.18555,34.742587],[134.185363,34.742337],[134.185388,34.742179],[134.185138,34.741712],[134.185113,34.741687],[134.185526,34.740562],[134.184976,34.740179],[134.184038,34.741037],[134.182888,34.740112],[134.182551,34.740312],[134.180351,34.738154],[134.180439,34.738021],[134.179201,34.736754],[134.180326,34.735021],[134.178676,34.734346],[134.179364,34.733155],[134.179551,34.733196],[134.179664,34.734163],[134.181864,34.735113],[134.183051,34.735088],[134.184201,34.73513],[134.184888,34.734721],[134.185463,34.734546],[134.186076,34.734455],[134.186863,34.734471],[134.187088,34.734496],[134.188275,34.733996],[134.189638,34.733613],[134.189813,34.733796],[134.190138,34.733663],[134.19165,34.732755],[134.192113,34.732438],[134.19575,34.729664],[134.199624,34.728606],[134.199399,34.728039],[134.200362,34.727906],[134.200574,34.727839],[134.201187,34.727522],[134.201349,34.727522],[134.204374,34.727089],[134.204786,34.726931],[134.204974,34.726756],[134.205061,34.726597],[134.205086,34.726148],[134.204724,34.722648],[134.203049,34.722723],[134.202824,34.722656],[134.201949,34.722115],[134.201212,34.721665],[134.200762,34.72144],[134.199862,34.721123],[134.199424,34.721015],[134.196887,34.720698],[134.196612,34.720631],[134.195812,34.721198],[134.195875,34.721331],[134.194912,34.721848],[134.194412,34.721198],[134.194162,34.721106],[134.194087,34.721106],[134.193887,34.720165],[134.192413,34.720006],[134.192413,34.71989],[134.192688,34.719848],[134.192688,34.719756],[134.193313,34.71969],[134.193313,34.719531],[134.19455,34.719281],[134.194575,34.71694],[134.195125,34.717115],[134.195325,34.717615],[134.196337,34.717682],[134.196387,34.71784],[134.1976,34.717407],[134.197987,34.716598],[134.197787,34.716348],[134.197687,34.715357],[134.1976,34.715065],[134.197712,34.714907],[134.19795,34.714723],[134.198225,34.714682],[134.198725,34.714657],[134.19905,34.714682],[134.199274,34.714748],[134.199462,34.714973],[134.199637,34.715107],[134.199824,34.715132],[134.200012,34.715082],[134.200649,34.714615],[134.200974,34.714474],[134.201587,34.714499],[134.201974,34.714682],[134.202249,34.714882],[134.202549,34.715282],[134.202824,34.715465],[134.203037,34.715532],[134.203149,34.71549],[134.203262,34.715532],[134.203449,34.715715],[134.203449,34.716007],[134.203674,34.71619],[134.203949,34.716657],[134.204174,34.716932],[134.204749,34.717107],[134.205624,34.717173],[134.206011,34.717173],[134.206511,34.716698],[134.206724,34.716565],[134.207136,34.716499],[134.207686,34.71654],[134.208049,34.71654],[134.208461,34.716432],[134.208648,34.71629],[134.208761,34.71609],[134.208736,34.715865],[134.208624,34.715682],[134.208349,34.715374],[134.208324,34.715282],[134.208461,34.715099],[134.208736,34.71499],[134.209198,34.715074],[134.209498,34.715232],[134.209861,34.715574],[134.210348,34.715865],[134.210848,34.716249],[134.211723,34.717124],[134.212111,34.71724],[134.212586,34.717215],[134.213185,34.71699],[134.213548,34.716782],[134.21426,34.716224],[134.21431,34.715724],[134.21426,34.715365],[134.214085,34.715257],[134.213098,34.714849],[134.212223,34.714582],[134.211886,34.714557],[134.211473,34.714599],[134.211061,34.71474],[134.210961,34.71469],[134.210786,34.714374],[134.210323,34.714082],[134.209998,34.713999],[134.209548,34.714015],[134.209411,34.713924],[134.209273,34.713682],[134.208811,34.713207],[134.208036,34.712716],[134.207624,34.712649],[134.207386,34.712732],[134.207324,34.712957],[134.207136,34.713099],[134.206499,34.712891],[134.206311,34.712332],[134.205974,34.712174],[134.204874,34.711841],[134.203724,34.711249],[134.203449,34.711232],[134.203174,34.711249],[134.202899,34.711166],[134.202674,34.710866],[134.202324,34.710757],[134.201937,34.710574],[134.201499,34.710199],[134.201249,34.709816],[134.201024,34.709541],[134.200887,34.709449],[134.200475,34.709499],[134.200012,34.709157],[134.199825,34.709091],[134.199325,34.709157],[134.199075,34.708824],[134.198862,34.708666],[134.197537,34.708216],[134.197237,34.707857],[134.19735,34.707724],[134.197537,34.707674],[134.198612,34.708282],[134.199162,34.708507],[134.199962,34.708666],[134.200425,34.708682],[134.200862,34.708757],[134.201112,34.708866],[134.201662,34.709316],[134.202049,34.709699],[134.202374,34.709949],[134.202737,34.710107],[134.203699,34.710241],[134.204662,34.710466],[134.205699,34.710616],[134.205861,34.710616],[134.206061,34.710532],[134.206611,34.709807],[134.206936,34.709541],[134.208999,34.709783],[134.210424,34.709941],[134.213786,34.710116],[134.214136,34.710116],[134.214748,34.709999],[134.216198,34.709908],[134.216885,34.709733],[134.217185,34.709508],[134.217385,34.709641],[134.21746,34.709616],[134.218448,34.709591],[134.218623,34.709508],[134.218173,34.709124],[134.218348,34.708966],[134.21881,34.709324],[134.219085,34.709049],[134.21826,34.708358],[134.218123,34.708216],[134.21801,34.708266],[134.21796,34.708066],[134.217985,34.707883],[134.219173,34.7084],[134.21961,34.708491],[134.219885,34.708583],[134.220097,34.708691],[134.220347,34.708958],[134.220185,34.709074],[134.220347,34.709274],[134.220372,34.709366],[134.220322,34.709391],[134.22046,34.709524],[134.220735,34.709524],[134.22096,34.709658],[134.221585,34.710399],[134.222497,34.710874],[134.22291,34.711191],[134.223435,34.711416],[134.223622,34.711458],[134.224197,34.711299],[134.224584,34.711391],[134.224997,34.711433],[134.225359,34.711616],[134.225822,34.711908],[134.226184,34.712066],[134.226734,34.712158],[134.227284,34.712158],[134.227859,34.712266],[134.228297,34.712558],[134.228659,34.712874],[134.228759,34.713058],[134.228659,34.713374],[134.228546,34.713549],[134.228459,34.713599],[134.228321,34.713841],[134.228109,34.714133],[134.228084,34.714449],[134.228134,34.714607],[134.228246,34.714791],[134.228546,34.714924],[134.228821,34.714832],[134.229209,34.714832],[134.229396,34.714882],[134.229509,34.715032],[134.229621,34.715082],[134.229921,34.715082],[134.230584,34.714724],[134.231021,34.714608],[134.231409,34.714674],[134.232259,34.715216],[134.232446,34.715233],[134.232783,34.715191],[134.233521,34.714849],[134.233683,34.714808],[134.234346,34.714808],[134.234483,34.714849],[134.234758,34.714874],[134.235808,34.714758],[134.236021,34.714624],[134.236108,34.714533],[134.236021,34.714174],[134.236046,34.714016],[134.236271,34.713816],[134.236321,34.713316],[134.236408,34.713141],[134.236408,34.712866],[134.236246,34.712466],[134.236021,34.712308],[134.235721,34.71215],[134.235496,34.711],[134.235521,34.710841],[134.235771,34.710275],[134.235958,34.710208],[134.236071,34.710483],[134.236158,34.710566],[134.236208,34.710566],[134.236458,34.710325],[134.236571,34.710141],[134.236896,34.709958],[134.237083,34.709758],[134.237258,34.709441],[134.237471,34.709308],[134.238108,34.708725],[134.239671,34.7071],[134.239858,34.706983],[134.240083,34.706983],[134.241696,34.70565],[134.241758,34.705425],[134.241758,34.705025],[134.241671,34.704642],[134.241646,34.704142],[134.241696,34.703875],[134.242021,34.70345],[134.242271,34.703175],[134.242633,34.702992],[134.242746,34.702975],[134.242933,34.703134],[134.24312,34.703175],[134.243258,34.703175],[134.243833,34.702992],[134.244445,34.702901],[134.24472,34.702901],[134.244933,34.702859],[134.244933,34.702676],[134.244658,34.702159],[134.244445,34.701934],[134.244545,34.701734],[134.24482,34.701576],[134.245095,34.701484],[134.245208,34.701326],[134.245233,34.701126],[134.245095,34.700942],[134.244858,34.700742],[134.244495,34.700542],[134.244058,34.700401],[134.243721,34.700401],[134.243071,34.701059],[134.242933,34.701101],[134.242796,34.701084],[134.242621,34.700901],[134.242546,34.700542],[134.242458,34.700426],[134.242346,34.699776],[134.242321,34.699343],[134.242821,34.698376],[134.242946,34.698043],[134.242983,34.697768],[134.243083,34.697584],[134.243333,34.697451],[134.243446,34.697501],[134.243946,34.698243],[134.244246,34.698493],[134.244546,34.698576],[134.244871,34.698509],[134.244933,34.698376],[134.244796,34.698059],[134.244596,34.697834],[134.244433,34.69736],[134.244296,34.697118],[134.244246,34.696818],[134.243996,34.696735],[134.243796,34.69671],[134.243746,34.696735],[134.243446,34.697118],[134.242846,34.696935],[134.242783,34.696668],[134.242758,34.695693],[134.242696,34.695493],[134.242508,34.695401],[134.242046,34.695293],[134.241571,34.695226],[134.241221,34.695226],[134.240996,34.695318],[134.240946,34.695385],[134.240909,34.695651],[134.240646,34.696618],[134.240396,34.697793],[134.239796,34.698626],[134.239184,34.699284],[134.238809,34.699618],[134.238471,34.699843],[134.237509,34.700051],[134.237321,34.699959],[134.237209,34.699776],[134.237234,34.699576],[134.237396,34.699101],[134.237434,34.698743],[134.237759,34.697843],[134.237846,34.697726],[134.237971,34.697726],[134.237896,34.697276],[134.237734,34.69701],[134.237696,34.69676],[134.237734,34.696493],[134.237809,34.696351],[134.237859,34.695951],[134.237946,34.695201],[134.237896,34.694868],[134.237647,34.69471],[134.237097,34.694643],[134.236659,34.694643],[134.236459,34.694526],[134.236272,34.694285],[134.235997,34.693743],[134.235609,34.693318],[134.235472,34.692885],[134.235447,34.692552],[134.235634,34.692118],[134.235547,34.691669],[134.235297,34.69151],[134.234147,34.691494],[134.233547,34.691602],[134.232797,34.691427],[134.23211,34.691377],[134.23176,34.691152],[134.231672,34.691019],[134.231422,34.69091],[134.231147,34.69086],[134.23091,34.69091],[134.230497,34.691227],[134.230222,34.691335],[134.229972,34.69136],[134.229647,34.691335],[134.22931,34.691468],[134.229098,34.691677],[134.226323,34.691743],[134.226235,34.691702],[134.226185,34.691385],[134.22626,34.690818],[134.226348,34.690618],[134.226448,34.690577],[134.226585,34.690618],[134.226835,34.690777],[134.227173,34.690527],[134.22711,34.69026],[134.226898,34.689944],[134.226648,34.689719],[134.226485,34.689444],[134.226698,34.68936],[134.226835,34.689219],[134.227498,34.689335],[134.22771,34.689377],[134.227985,34.689352],[134.228098,34.689269],[134.22816,34.689085],[134.228098,34.688819],[134.22796,34.688477],[134.22761,34.687936],[134.227298,34.687711],[134.226835,34.687486],[134.226061,34.687311],[134.225486,34.687244],[134.224473,34.687244],[134.224111,34.687086],[134.223948,34.686969],[134.222623,34.686477],[134.222436,34.686002],[134.222386,34.685619],[134.222248,34.685444],[134.222048,34.685419],[134.221749,34.685486],[134.221474,34.685602],[134.221199,34.685644],[134.220786,34.685619],[134.220511,34.685686],[134.220324,34.685802],[134.220099,34.685577],[134.220074,34.685327],[134.219661,34.684836],[134.219411,34.684677],[134.218561,34.684427],[134.218261,34.684227],[134.218224,34.683819],[134.216887,34.683819],[134.216912,34.683869],[134.216862,34.684252],[134.216524,34.684319],[134.216249,34.684661],[134.215812,34.684727],[134.215624,34.684702],[134.215462,34.684611],[134.215349,34.684586],[134.214774,34.684661],[134.213999,34.684819],[134.213674,34.684952],[134.212599,34.683894],[134.212849,34.683711],[134.213124,34.683736],[134.213262,34.683486],[134.214049,34.683036],[134.214162,34.683127],[134.215099,34.682536],[134.216574,34.682519],[134.216574,34.682336],[134.216774,34.682311],[134.216912,34.682403],[134.217674,34.682019],[134.219411,34.681994],[134.219486,34.682153],[134.219899,34.682511],[134.220561,34.682786],[134.220999,34.682694],[134.221199,34.682719],[134.221361,34.682786],[134.221586,34.682694],[134.221824,34.682378],[134.221961,34.682128],[134.222324,34.681811],[134.222574,34.68172],[134.222899,34.68172],[134.223086,34.681636],[134.223174,34.681495],[134.223199,34.681253],[134.223149,34.681045],[134.222949,34.680978],[134.222436,34.681161],[134.222099,34.681186],[134.221849,34.68107],[134.221199,34.680661],[134.221024,34.68062],[134.219986,34.680961],[134.219824,34.681028],[134.219411,34.680828],[134.219711,34.680603],[134.219686,34.680445],[134.220061,34.680145],[134.220149,34.679945],[134.220099,34.679786],[134.219712,34.679361],[134.219437,34.679136],[134.219299,34.67907],[134.218937,34.67857],[134.219024,34.678303],[134.219162,34.678278],[134.219599,34.678395],[134.219874,34.678412],[134.220124,34.67837],[134.220262,34.678187],[134.220287,34.678012],[134.220224,34.677803],[134.220012,34.677512],[134.219762,34.677312],[134.219349,34.676878],[134.219162,34.676795],[134.218887,34.676837],[134.218712,34.676728],[134.218599,34.676295],[134.217999,34.675937],[134.217862,34.67582],[134.217474,34.675845],[134.216824,34.67612],[134.216762,34.676212],[134.216512,34.676345],[134.216212,34.676387],[134.215749,34.67632],[134.214812,34.676028],[134.214795,34.676017],[134.214125,34.675778],[134.213962,34.675603],[134.213875,34.675445],[134.213825,34.67517],[134.213912,34.674995],[134.213875,34.674429],[134.213737,34.674095],[134.214037,34.673779],[134.213937,34.67317],[134.2138,34.672987],[134.213575,34.673012],[134.21335,34.673212],[134.213075,34.673279],[134.2128,34.673279],[134.21215,34.672895],[134.211975,34.672829],[134.210988,34.672695],[134.209975,34.672787],[134.20945,34.67292],[134.2083,34.672995],[134.208275,34.673037],[134.208113,34.673062],[134.207775,34.672995],[134.207425,34.672945],[134.207288,34.672904],[134.206975,34.673104],[134.205688,34.673628],[134.204925,34.67437],[134.204488,34.674345],[134.204426,34.673987],[134.204263,34.67347],[134.204201,34.673128],[134.204263,34.672795],[134.204813,34.67207],[134.205251,34.671487],[134.205963,34.67092],[134.206325,34.67072],[134.20665,34.670204],[134.206788,34.670112],[134.206975,34.670062],[134.207525,34.669904],[134.207638,34.669821],[134.207663,34.669721],[134.2074,34.669446],[134.207188,34.669304],[134.207088,34.669279],[134.206988,34.669471],[134.206888,34.669521],[134.20685,34.669496],[134.206738,34.669129],[134.20665,34.669071],[134.206613,34.669079],[134.206563,34.669012],[134.206576,34.668846],[134.206713,34.668662],[134.2069,34.668704],[134.207288,34.668912],[134.207688,34.669304],[134.208138,34.669804],[134.208563,34.669837],[134.2087,34.669896],[134.209038,34.669904],[134.209425,34.669996],[134.20975,34.670021],[134.210188,34.669996],[134.21055,34.670129],[134.210763,34.670154],[134.211075,34.669904],[134.210838,34.669871],[134.210563,34.669762],[134.210363,34.669621],[134.210263,34.669446],[134.2102,34.669054],[134.210238,34.667971],[134.210297,34.667478],[134.210425,34.667038],[134.21035,34.666779],[134.210138,34.666521],[134.20985,34.666421],[134.2094,34.666388],[134.20915,34.666388],[134.208925,34.666463],[134.2085,34.666771],[134.208138,34.667204],[134.208075,34.667421],[134.207938,34.667521],[134.207725,34.667604],[134.207275,34.667712],[134.207038,34.667721],[134.206701,34.667862],[134.206376,34.668104],[134.206351,34.668287],[134.205913,34.668304],[134.205688,34.668204],[134.205238,34.667737],[134.204688,34.667254],[134.204488,34.667004],[134.204376,34.666779],[134.204401,34.666454],[134.204563,34.665879],[134.204501,34.665687],[134.204126,34.665346],[134.203988,34.665254],[134.203676,34.665204],[134.203363,34.664871],[134.203101,34.664421],[134.202926,34.664054],[134.202788,34.663854],[134.202426,34.663629],[134.202076,34.663513],[134.201839,34.663388],[134.201389,34.663329],[134.201239,34.663429],[134.201151,34.663604],[134.201139,34.664087],[134.200376,34.664571],[134.200089,34.664629],[134.199664,34.664612],[134.199326,34.664554],[134.199001,34.664429],[134.198889,34.664346],[134.198851,34.664137],[134.198664,34.663954],[134.198476,34.663879],[134.198264,34.663904],[134.197989,34.663987],[134.197714,34.664212],[134.197539,34.664429],[134.197326,34.664504],[134.196539,34.664537],[134.195451,34.664654],[134.195339,34.664587],[134.195276,34.664487],[134.195114,34.664487],[134.194977,34.664521],[134.194527,34.664946],[134.194239,34.665012],[134.193377,34.664979],[134.192739,34.665004],[134.192452,34.665096],[134.192202,34.66527],[134.192102,34.665196],[134.191777,34.664804],[134.191852,34.664687],[134.191802,34.664437],[134.191652,34.664254],[134.191414,34.664071],[134.191327,34.664046],[134.191239,34.663954],[134.191089,34.663529],[134.191177,34.663404],[134.191414,34.663262],[134.191664,34.663212],[134.191877,34.663221],[134.192114,34.663279],[134.192189,34.663354],[134.192302,34.663396],[134.192602,34.663221],[134.192639,34.663087],[134.192589,34.662354],[134.192677,34.662104],[134.192964,34.661912],[134.193127,34.661862],[134.193189,34.661912],[134.193439,34.661962],[134.193539,34.661946],[134.193977,34.661762],[134.194152,34.661579],[134.194189,34.661321],[134.194377,34.661079],[134.195289,34.660529],[134.195552,34.660421],[134.196002,34.660563],[134.196276,34.660563],[134.197051,34.660154],[134.197776,34.659954],[134.198064,34.659896],[134.198501,34.659529],[134.198526,34.659354],[134.198414,34.658871],[134.198339,34.658671],[134.198176,34.658521],[134.197989,34.658396],[134.197639,34.658354],[134.197101,34.658554],[134.196814,34.658371],[134.196539,34.658304],[134.196289,34.658304],[134.195527,34.658396],[134.195302,34.658346],[134.195064,34.658121],[134.195164,34.657671],[134.195139,34.657429],[134.194952,34.657104],[134.194752,34.656938],[134.194364,34.656454],[134.194252,34.656229],[134.194252,34.656079],[134.194339,34.655855],[134.194239,34.655746],[134.193977,34.655771],[134.193702,34.655829],[134.193427,34.655954],[134.193314,34.656038],[134.193189,34.656038],[134.192989,34.655954],[134.192939,34.655646],[134.192727,34.655471],[134.192139,34.655354],[134.191914,34.655096],[134.19174,34.654846],[134.191315,34.654421],[134.190627,34.653496],[134.190502,34.65343],[134.190315,34.653405],[134.19024,34.65303],[134.190252,34.65278],[134.19029,34.652713],[134.190477,34.652638],[134.19069,34.652405],[134.19114,34.652363],[134.19124,34.652305],[134.19129,34.652221],[134.191077,34.652013],[134.190952,34.651946],[134.19084,34.652038],[134.190752,34.652155],[134.19059,34.652163],[134.189877,34.651813],[134.18934,34.651746],[134.189265,34.651696],[134.18919,34.651421],[134.189002,34.65123],[134.18864,34.650963],[134.18844,34.650863],[134.188165,34.65088],[134.187827,34.650955],[134.186815,34.651346],[134.18629,34.651446],[134.18619,34.651546],[134.186078,34.651596],[134.18554,34.651605],[134.185453,34.65153],[134.185128,34.651405],[134.184453,34.651338],[134.184328,34.651371],[134.184065,34.651355],[134.183915,34.651296],[134.183753,34.651146],[134.183478,34.651105],[134.183278,34.651171],[134.183065,34.651329],[134.18294,34.651546],[134.182978,34.651646],[134.183178,34.651921],[134.183603,34.652263],[134.183803,34.652746],[134.183865,34.653071],[134.18379,34.653363],[134.183578,34.653621],[134.183265,34.653846],[134.183065,34.653913],[134.182828,34.653929],[134.182128,34.653821],[134.181978,34.653779],[134.181653,34.653313],[134.18134,34.652746],[134.180678,34.652604],[134.180366,34.652646],[134.179828,34.653246],[134.178866,34.654046],[134.178603,34.654213],[134.178516,34.654404],[134.178741,34.655271],[134.179066,34.656154],[134.179078,34.656304],[134.178241,34.656504],[134.178016,34.656629],[134.177891,34.656729],[134.177791,34.657029],[134.176803,34.656621],[134.176553,34.656479],[134.176316,34.656271],[134.176153,34.656046],[134.176053,34.655812],[134.176266,34.655812],[134.176328,34.654963],[134.176503,34.654554],[134.176466,34.654338],[134.176616,34.653988],[134.176516,34.653754],[134.176341,34.653613],[134.176128,34.653554],[134.175753,34.653604],[134.175391,34.653829],[134.175291,34.654046],[134.175128,34.654154],[134.174991,34.654363],[134.174816,34.654496],[134.174729,34.654538],[134.173891,34.654204],[134.173916,34.654121],[134.174454,34.653438],[134.174654,34.653113],[134.174679,34.652954],[134.174579,34.652788],[134.173866,34.652746],[134.173541,34.652746],[134.173304,34.652913],[134.173079,34.653213],[134.172991,34.653396],[134.172904,34.653396],[134.172429,34.653538],[134.172279,34.653554],[134.171529,34.653488],[134.171379,34.653271],[134.171241,34.653221],[134.171054,34.653254],[134.170941,34.652863],[134.170629,34.652921],[134.170504,34.652771],[134.170017,34.651746],[134.170079,34.651746],[134.170104,34.651704],[134.169767,34.650871],[134.171216,34.650729],[134.171279,34.650696],[134.171279,34.649688],[134.171416,34.649588],[134.171779,34.649479],[134.171854,34.649479],[134.171966,34.649571],[134.172079,34.650413],[134.172116,34.650546],[134.172341,34.650571],[134.172416,34.650463],[134.172191,34.649004],[134.172191,34.648504],[134.17255,34.646531],[134.172601,34.646238],[134.172641,34.645913],[134.172879,34.64463],[134.172754,34.644105],[134.172816,34.643555],[134.173029,34.642521],[134.173216,34.641346],[134.173491,34.640771],[134.173654,34.639813],[134.173654,34.63963],[134.174604,34.634063],[134.174754,34.634063],[134.174942,34.634005],[134.174979,34.633955],[134.175429,34.633872],[134.175429,34.63383],[134.175116,34.633697],[134.175091,34.633655],[134.175154,34.633313],[134.175104,34.633097],[134.174942,34.632863],[134.174717,34.63268],[134.174154,34.632372],[134.173692,34.632038],[134.173692,34.631972],[134.173954,34.631547],[134.174279,34.631172],[134.174804,34.63078],[134.175254,34.630663],[134.176266,34.630547],[134.176554,34.630597],[134.176704,34.63073],[134.176791,34.630972],[134.176816,34.631247],[134.177041,34.631497],[134.177241,34.631572],[134.177404,34.631555],[134.177841,34.631305],[134.178041,34.631272],[134.178654,34.631505],[134.178929,34.631697],[134.17899,34.631743],[134.179066,34.631797],[134.178979,34.631822],[134.178979,34.631922],[134.179116,34.631963],[134.179066,34.632438],[134.179091,34.633247],[134.179004,34.633555],[134.178954,34.634072],[134.179004,34.63418],[134.179404,34.634588],[134.180016,34.635272],[134.180104,34.635613],[134.180329,34.635855],[134.180741,34.635988],[134.180928,34.636013],[134.181278,34.636188],[134.182128,34.636413],[134.182391,34.636547],[134.182716,34.636655],[134.183766,34.636855],[134.184103,34.63683],[134.184303,34.636713],[134.184591,34.636405],[134.184703,34.63618],[134.184716,34.636213],[134.184903,34.636255],[134.184978,34.636188],[134.184978,34.636072],[134.184916,34.635997],[134.184953,34.635797],[134.184903,34.63548],[134.184791,34.635413],[134.184666,34.635388],[134.184616,34.63513],[134.184603,34.63473],[134.184828,34.63363],[134.184832,34.633615],[134.185178,34.632514],[134.185353,34.63228],[134.185553,34.632122],[134.185716,34.632072],[134.185853,34.632222],[134.186766,34.632422],[134.186966,34.63228],[134.187103,34.63208],[134.187291,34.63193],[134.187328,34.631747],[134.187091,34.631305],[134.186791,34.63093],[134.186578,34.630822],[134.186278,34.63083],[134.186178,34.630955],[134.185928,34.630939],[134.185778,34.631005],[134.185616,34.631164],[134.185441,34.631272],[134.185191,34.631264],[134.184803,34.631089],[134.184466,34.631014],[134.184353,34.630914],[134.184091,34.630855],[134.183691,34.630897],[134.183491,34.630789],[134.183228,34.63058],[134.183016,34.630464],[134.182791,34.630439],[134.182491,34.630489],[134.182241,34.63048],[134.181954,34.630389],[134.181879,34.630322],[134.181829,34.630239],[134.181641,34.630139],[134.181204,34.629997],[134.180816,34.629988],[134.180779,34.63013],[134.180141,34.63018],[134.179979,34.630363],[134.179591,34.630413],[134.179179,34.630297],[134.178866,34.630163],[134.178666,34.63003],[134.178454,34.629705],[134.178116,34.628855],[134.177816,34.627822],[134.177791,34.627505],[134.177716,34.62728],[134.177466,34.626855],[134.177379,34.626555],[134.177229,34.625755],[134.177404,34.625755],[134.177579,34.625505],[134.177454,34.62543],[134.177304,34.625072],[134.177292,34.624847],[134.177342,34.624722],[134.177279,34.62403],[134.177179,34.62388],[134.177017,34.62373],[134.176879,34.623722],[134.176629,34.623447],[134.176367,34.62338],[134.176104,34.623372],[134.175754,34.623489],[134.175729,34.623589],[134.175804,34.623705],[134.175754,34.623739],[134.175479,34.623722],[134.175142,34.623647],[134.174829,34.623447],[134.174629,34.623205],[134.174529,34.622947],[134.174504,34.622622],[134.174354,34.622139],[134.174217,34.62163],[134.174029,34.621297],[134.173842,34.621164],[134.173717,34.62113],[134.173667,34.620964],[134.173592,34.620922],[134.173604,34.620555],[134.173554,34.62033],[134.173242,34.619905],[134.172942,34.61943],[134.172942,34.619172],[134.173192,34.617489],[134.173155,34.617372],[134.17298,34.617431],[134.172767,34.617222],[134.17263,34.617172],[134.172342,34.617147],[134.171792,34.616597],[134.17113,34.616381],[134.171155,34.616289],[134.17108,34.616164],[134.170917,34.616031],[134.170817,34.616047],[134.170592,34.615889],[134.170442,34.615822],[134.17043,34.615847],[134.170167,34.615672],[134.170305,34.614922],[134.17038,34.614897],[134.17063,34.614006],[134.17013,34.613589],[134.169905,34.613489],[134.16968,34.613489],[134.169155,34.613556],[134.16878,34.613706],[134.168218,34.613597],[134.16818,34.613556],[134.167205,34.613106],[134.166968,34.613056],[134.166743,34.613072],[134.166543,34.613139],[134.165905,34.613597],[134.165855,34.613621],[134.165468,34.613831],[134.165268,34.614006],[134.16503,34.614297],[134.164955,34.614365],[134.164668,34.614581],[134.16408,34.615222],[134.163643,34.615739],[134.16338,34.615872],[134.162905,34.615972],[134.1628,34.616084],[134.162743,34.616156],[134.162218,34.616522],[134.161956,34.61658],[134.161631,34.616605],[134.161043,34.61673],[134.160893,34.61663],[134.160418,34.616714],[134.159418,34.616855],[134.158593,34.616864],[134.158575,34.616873],[134.158556,34.61688],[134.158218,34.616939],[134.157468,34.61688],[134.157606,34.61653],[134.157668,34.61603],[134.158193,34.616105],[134.158243,34.615705],[134.158243,34.615589],[134.156681,34.615472],[134.156231,34.616139],[134.156406,34.616247],[134.156718,34.616389],[134.156881,34.616472],[134.157093,34.616547],[134.157206,34.616605],[134.157006,34.616772],[134.156468,34.616564],[134.155844,34.616089],[134.155681,34.615905],[134.155444,34.61578],[134.154894,34.615589],[134.154056,34.615372],[134.153431,34.615472],[134.153444,34.615605],[134.152894,34.615714],[134.152931,34.61598],[134.147669,34.616972],[134.147594,34.617064],[134.147694,34.617214],[134.147419,34.617347],[134.146944,34.61728],[134.146694,34.616564],[134.146757,34.616539],[134.146857,34.616314],[134.147207,34.616389],[134.147332,34.616305],[134.147157,34.614322],[134.147182,34.613739],[134.146894,34.613722],[134.146757,34.613339],[134.147107,34.613272],[134.147107,34.613047],[134.146569,34.612964],[134.146557,34.612772],[134.146319,34.612331],[134.146469,34.611822],[134.145994,34.611397],[134.145894,34.610598],[134.145607,34.609956],[134.145469,34.609789],[134.145182,34.609648],[134.144994,34.609656],[134.144282,34.609948],[134.14392,34.610039],[134.143395,34.609964],[134.143045,34.609798],[134.142257,34.609314],[134.14202,34.609264],[134.141882,34.609023],[134.141732,34.608581],[134.14167,34.607956],[134.14172,34.607881],[134.141707,34.607789],[134.14152,34.607556],[134.14137,34.607798],[134.141045,34.608114],[134.14027,34.609231],[134.138957,34.611389],[134.13872,34.611289],[134.138682,34.611072],[134.134333,34.607823],[134.13437,34.607606],[134.134633,34.607256],[134.13477,34.607173],[134.135045,34.606881],[134.135458,34.606739],[134.135633,34.606589],[134.135633,34.606398],[134.135508,34.605915],[134.13522,34.605365],[134.13512,34.604973],[134.135083,34.604581],[134.135233,34.604015],[134.135508,34.603523],[134.135808,34.603331],[134.136058,34.603315],[134.136383,34.603348],[134.136708,34.603423],[134.13692,34.603381],[134.13717,34.60324],[134.137395,34.60304],[134.13757,34.602823],[134.137708,34.60284],[134.137883,34.602781],[134.138083,34.602465],[134.138145,34.602265],[134.138158,34.602073],[134.138108,34.601915],[134.13792,34.60159],[134.137745,34.601548],[134.137633,34.601273],[134.13762,34.60109],[134.137758,34.600623],[134.137858,34.600532],[134.138033,34.600282],[134.13827,34.599432],[134.13822,34.599307],[134.138083,34.59919],[134.137895,34.599107],[134.13767,34.599115],[134.136358,34.59884],[134.135583,34.598465],[134.13537,34.59839],[134.135333,34.598415],[134.135083,34.598249],[134.134533,34.597774],[134.13437,34.597574],[134.13422,34.597074],[134.134108,34.59689],[134.133783,34.596724],[134.133558,34.596682],[134.13337,34.596765],[134.133045,34.597024],[134.13287,34.59724],[134.13292,34.59734],[134.132758,34.597715],[134.13242,34.597799],[134.131545,34.598115],[134.13132,34.598107],[134.130595,34.598173],[134.130096,34.597799],[134.129896,34.597707],[134.129583,34.597707],[134.129096,34.597898],[134.128721,34.598032],[134.128446,34.598157],[134.127958,34.59854],[134.127871,34.59854],[134.127333,34.598307],[134.127008,34.598123],[134.125871,34.597215],[134.125221,34.59664],[134.123671,34.595157],[134.123296,34.594532],[134.122796,34.59399],[134.122883,34.593874],[134.122833,34.593716],[134.122371,34.593216],[134.122336,34.593106],[134.122221,34.593057],[134.121896,34.592516],[134.121659,34.592199],[134.121446,34.591749],[134.121359,34.591499],[134.121396,34.591432],[134.121659,34.591166],[134.121771,34.590916],[134.121834,34.590583],[134.121796,34.590283],[134.121646,34.590083],[134.121471,34.589974],[134.121184,34.589858],[134.120771,34.589633],[134.120534,34.589141],[134.120446,34.588933],[134.120084,34.588783],[134.119884,34.588641],[134.119734,34.588641],[134.119447,34.588716],[134.119184,34.588824],[134.118797,34.589183],[134.118684,34.589591],[134.118422,34.589791],[134.118334,34.589774],[134.118209,34.589683],[134.117922,34.589841],[134.117747,34.589866],[134.117297,34.589816],[134.116797,34.589616],[134.116659,34.589799],[134.116422,34.589724],[134.116097,34.589591],[134.115122,34.588849],[134.114922,34.588716],[134.114734,34.588691],[134.114422,34.588583],[134.113886,34.588424],[134.113472,34.588383],[134.11321,34.588358],[134.112385,34.588399],[134.11221,34.588449],[134.111972,34.588541],[134.110747,34.589191],[134.11071,34.589241],[134.110485,34.589308],[134.10986,34.589333],[134.109597,34.589308],[134.109447,34.589349],[134.10931,34.589508],[134.109072,34.589574],[134.108772,34.589599],[134.108294,34.589646],[134.10836,34.589799],[134.108547,34.590074],[134.10851,34.590233],[134.10846,34.590324],[134.108165,34.590345],[134.10801,34.590166],[134.10796,34.590074],[134.107785,34.590074],[134.107285,34.590183],[134.107048,34.590183],[134.106073,34.589916],[134.105685,34.589758],[134.105485,34.589583],[134.105285,34.589516],[134.104985,34.589649],[134.104698,34.589691],[134.104373,34.589691],[134.103336,34.589516],[134.103098,34.589399],[134.102273,34.588566],[134.101986,34.588008],[134.101336,34.5872],[134.101036,34.587333],[134.100986,34.587291],[134.100623,34.587016],[134.100211,34.586633],[134.100248,34.586575],[134.100361,34.586508],[134.100024,34.585941],[134.099749,34.585741],[134.099986,34.584858],[134.099474,34.584708],[134.098974,34.584983],[134.098849,34.585283],[134.098599,34.585233],[134.098149,34.584916],[134.097524,34.584325],[134.097224,34.58385],[134.096736,34.583217],[134.096636,34.583058],[134.096661,34.582925],[134.096612,34.582783],[134.096487,34.582742],[134.096362,34.58285],[134.096062,34.582808],[134.095662,34.5828],[134.095637,34.582783],[134.095512,34.5828],[134.095462,34.582867],[134.095212,34.5828],[134.094662,34.5823],[134.094512,34.58205],[134.094562,34.581934],[134.094512,34.581867],[134.094287,34.581734],[134.094062,34.581642],[134.093387,34.581567],[134.093187,34.581525],[134.092162,34.58115],[134.091537,34.581034],[134.091262,34.581034],[134.090837,34.581075],[134.090237,34.5813],[134.090162,34.581342],[134.08955,34.58145],[134.08895,34.58145],[134.08845,34.5812],[134.088037,34.580834],[134.087962,34.58065],[134.087688,34.580584],[134.08735,34.580717],[134.08735,34.580784],[134.08705,34.580867],[134.086725,34.580759],[134.0864,34.580509],[134.086125,34.580434],[134.085875,34.580325],[134.085725,34.5805],[134.085575,34.580592],[134.085425,34.580859],[134.08525,34.581017],[134.084875,34.581175],[134.084575,34.581192],[134.0845,34.581217],[134.081838,34.583792],[134.081763,34.584083],[134.082138,34.584517],[134.082215,34.584785],[134.08215,34.585033],[134.081939,34.585298],[134.081803,34.585466],[134.0818,34.585483],[134.08165,34.585683],[134.0813,34.585858],[134.081188,34.58595],[134.080188,34.58635],[134.079688,34.586508],[134.079513,34.5865],[134.078163,34.586333],[134.077608,34.586247],[134.076726,34.586125],[134.076251,34.586075],[134.075901,34.585983],[134.074101,34.5857],[134.074026,34.58565],[134.073801,34.585583],[134.073451,34.585425],[134.072176,34.584983],[134.071851,34.584958],[134.071751,34.584916],[134.071002,34.584775],[134.069752,34.584425],[134.069202,34.584108],[134.069027,34.58395],[134.068877,34.583883],[134.068677,34.5839],[134.068352,34.584058],[134.067927,34.584167],[134.067302,34.584233],[134.066602,34.584358],[134.066415,34.584425],[134.065365,34.584442],[134.064115,34.58455],[134.06359,34.584542],[134.06354,34.584567],[134.062153,34.5846],[134.061103,34.584617],[134.060828,34.584658],[134.060253,34.584683],[134.060003,34.584792],[134.059753,34.585108],[134.059691,34.585442],[134.059566,34.585692],[134.059441,34.585825],[134.058841,34.586092],[134.058466,34.586158],[134.058516,34.586133],[134.058441,34.586108],[134.058078,34.586175],[134.057353,34.586192],[134.056953,34.586233],[134.056428,34.586275],[134.056228,34.586183],[134.055254,34.586292],[134.054954,34.586358],[134.054341,34.586575],[134.054141,34.5869],[134.054054,34.58715],[134.053879,34.587983],[134.053666,34.588775],[134.053379,34.589691],[134.053179,34.590141],[134.053029,34.590233],[134.052879,34.590616],[134.052829,34.590999],[134.052879,34.591158],[134.053091,34.591341],[134.053266,34.592124],[134.053391,34.593074],[134.053566,34.593541],[134.053654,34.593699],[134.053891,34.594216],[134.054004,34.594599],[134.053979,34.594891],[134.053866,34.594874],[134.053779,34.594916],[134.053716,34.595074],[134.053741,34.595207],[134.053841,34.595324],[134.053978,34.595299],[134.054191,34.595049],[134.054391,34.594941],[134.054628,34.594941],[134.054866,34.594957],[134.055041,34.595165],[134.055216,34.595315],[134.055278,34.595274],[134.055328,34.595299],[134.055516,34.595857],[134.053754,34.596015],[134.053604,34.595907],[134.053454,34.595907],[134.053479,34.595974],[134.053454,34.596015],[134.053279,34.59604],[134.056503,34.601798],[134.05714,34.601823],[134.057265,34.601865],[134.05744,34.602048],[134.057553,34.602406],[134.057528,34.602681],[134.057553,34.602881],[134.05774,34.602989],[134.057765,34.603198],[134.057915,34.603398],[134.058178,34.603489],[134.058653,34.603439],[134.059265,34.603239],[134.05944,34.603056],[134.059702,34.602515],[134.059902,34.602406],[134.060377,34.602248],[134.060552,34.602156],[134.060852,34.602131],[134.061027,34.602181],[134.06129,34.602448],[134.061552,34.602539],[134.062327,34.604789],[134.062477,34.604948],[134.062527,34.604973],[134.063177,34.604856],[134.064064,34.604739],[134.064264,34.604881],[134.064414,34.605056],[134.064439,34.605414],[134.064389,34.606272],[134.064152,34.606539],[134.064127,34.606947],[134.063977,34.607581],[134.063864,34.607847],[134.063239,34.608097],[134.063102,34.608364],[134.062689,34.608664],[134.062302,34.60873],[134.062252,34.608664],[134.061365,34.608031],[134.060952,34.607847],[134.060652,34.607806],[134.06054,34.608147],[134.060215,34.608189],[134.059952,34.608097],[134.059127,34.608081],[134.058715,34.607964],[134.058127,34.607922],[134.058065,34.607131],[134.058015,34.606997],[134.05769,34.606889],[134.056978,34.606506],[134.056065,34.605873],[134.053728,34.603937],[134.053416,34.604148],[134.052653,34.604756],[134.051978,34.605339],[134.052391,34.605806],[134.052041,34.605898],[134.051778,34.605831],[134.051066,34.605181],[134.050829,34.604998],[134.050916,34.604864],[134.050716,34.604731],[134.050591,34.604823],[134.050241,34.604598],[134.050179,34.604481],[134.049654,34.604056],[134.048917,34.60354],[134.048442,34.603131],[134.048654,34.602756],[134.048804,34.602598],[134.049117,34.602481],[134.049441,34.602231],[134.049966,34.60169],[134.050329,34.601265],[134.050529,34.601082],[134.050641,34.600932],[134.048529,34.599132],[134.048792,34.598815],[134.047517,34.597715],[134.045942,34.599065],[134.045617,34.599015],[134.045592,34.59904],[134.04518,34.598999],[134.044767,34.598999],[134.044555,34.598974],[134.044267,34.599449],[134.044292,34.599623],[134.04473,34.599848],[134.04518,34.60019],[134.045242,34.600732],[134.04538,34.600973],[134.04548,34.601223],[134.045505,34.602057],[134.045217,34.602823],[134.044805,34.603631],[134.043605,34.606964],[134.043342,34.606989],[134.04308,34.607098],[134.043017,34.607323],[134.042817,34.607689],[134.04273,34.607706],[134.042467,34.607864],[134.042405,34.607981],[134.042405,34.608381],[134.042255,34.608456],[134.032356,34.609064],[134.032469,34.608481],[134.032523,34.608267],[134.032406,34.608081],[134.032031,34.608123],[134.031881,34.607648],[134.031469,34.607106],[134.030644,34.606615],[134.030169,34.606481],[134.029319,34.606515],[134.029319,34.606156],[134.029757,34.60609],[134.030044,34.604182],[134.029532,34.60424],[134.029244,34.606023],[134.029082,34.606056],[134.029044,34.606473],[134.028494,34.606415],[134.027582,34.606506],[134.027057,34.606506],[134.026532,34.606623],[134.025907,34.606798],[134.024833,34.607206],[134.02392,34.607656],[134.022595,34.608223],[134.021308,34.608848],[134.021096,34.608923],[134.020446,34.609215],[134.020008,34.609373],[134.019921,34.609373],[134.019184,34.60964],[134.018546,34.609798],[134.018459,34.609865],[134.018284,34.60989],[134.015434,34.610523],[134.014959,34.61059],[134.014572,34.610706],[134.013197,34.611015],[134.012585,34.611106],[134.011997,34.611248],[134.01011,34.611581],[134.008848,34.611806],[134.008348,34.611923],[134.006473,34.612264],[134.006085,34.612306],[134.005673,34.612439],[134.00541,34.612581],[134.005085,34.612598],[134.004973,34.612531],[134.004823,34.612514],[134.004498,34.612597],[134.004085,34.612647],[134.002998,34.612847],[134.00206,34.612989],[134.001235,34.613031],[134.000998,34.613214],[134.000773,34.61323],[134.000535,34.613097],[133.999823,34.613189],[133.999623,34.613347],[133.999323,34.613389],[133.999123,34.61323],[133.997998,34.613322],[133.99786,34.613305],[133.997385,34.613372],[133.996586,34.613455],[133.995973,34.613472],[133.995186,34.613447],[133.994661,34.613238],[133.993248,34.612538],[133.992836,34.612372],[133.991361,34.611647],[133.990548,34.611288],[133.990323,34.611288],[133.989861,34.611663],[133.988673,34.611072],[133.988811,34.610647],[133.988786,34.610472],[133.988523,34.610188],[133.986498,34.609238],[133.986323,34.609372],[133.986123,34.609288],[133.986236,34.609147],[133.985374,34.608738],[133.985249,34.608872],[133.984999,34.608763],[133.985136,34.608605],[133.983774,34.607988],[133.983661,34.608172],[133.983424,34.60803],[133.983549,34.607872],[133.982561,34.607422],[133.982949,34.606972],[133.982824,34.606747],[133.982911,34.606572],[133.983011,34.606505],[133.983411,34.60643],[133.983586,34.606347],[133.983699,34.605964],[133.983586,34.605872],[133.982599,34.605305],[133.984599,34.602881],[133.982774,34.601814],[133.980661,34.604305],[133.979936,34.60388],[133.980849,34.602739],[133.979924,34.602164],[133.978899,34.603289],[133.978124,34.602905],[133.979899,34.600681],[133.981524,34.600756],[133.981524,34.600214],[133.981061,34.600164],[133.979787,34.600114],[133.978862,34.600131],[133.977374,34.600372],[133.976649,34.600597],[133.975162,34.601497],[133.975012,34.601631],[133.975387,34.601881],[133.975387,34.602689],[133.974024,34.602772],[133.973824,34.602505],[133.972999,34.603147],[133.968687,34.600731],[133.968725,34.600414],[133.968637,34.600006],[133.9684,34.599581],[133.967975,34.599306],[133.967425,34.599122],[133.967538,34.598781],[133.968262,34.598947],[133.968325,34.598789],[133.967475,34.598581],[133.967425,34.598697],[133.967213,34.598647],[133.967138,34.598831],[133.967275,34.598872],[133.967163,34.599056],[133.9664,34.598847],[133.9622,34.597956],[133.961613,34.597789],[133.960163,34.597472],[133.959351,34.597273],[133.958851,34.597806],[133.958538,34.597672],[133.958388,34.597872],[133.958163,34.597756],[133.958713,34.597156],[133.957126,34.596839],[133.956151,34.598022],[133.955576,34.598372],[133.955363,34.598556],[133.955276,34.598714],[133.952289,34.602322],[133.952389,34.602463],[133.952264,34.602597],[133.949139,34.600805],[133.949226,34.600622],[133.948414,34.600172],[133.948264,34.600289],[133.946014,34.598972],[133.949664,34.594514],[133.948914,34.594056],[133.948452,34.593831],[133.947777,34.593448],[133.950102,34.591315],[133.950664,34.590856],[133.955714,34.586574],[133.956401,34.585791],[133.957126,34.585107],[133.957251,34.585082],[133.957489,34.585266],[133.958814,34.584091],[133.959101,34.583799],[133.95918,34.583718],[133.959626,34.583616],[133.959951,34.583758],[133.960714,34.583799],[133.961364,34.583958],[133.961626,34.584299],[133.961626,34.584458],[133.961514,34.584991],[133.961426,34.585191],[133.961539,34.585282],[133.961751,34.585324],[133.960926,34.586091],[133.961776,34.586432],[133.962038,34.586341],[133.962101,34.586457],[133.961963,34.586574],[133.961763,34.586657],[133.961389,34.586724],[133.961014,34.586724],[133.960901,34.586741],[133.960751,34.586857],[133.960364,34.58724],[133.960314,34.587549],[133.960514,34.587732],[133.960776,34.587824],[133.960938,34.588074],[133.961613,34.58819],[133.961851,34.588282],[133.962276,34.588665],[133.962563,34.58904],[133.962851,34.589715],[133.963313,34.589765],[133.964188,34.589474],[133.964363,34.589682],[133.964101,34.590107],[133.967925,34.59199],[133.967838,34.592548],[133.968275,34.592782],[133.968588,34.592782],[133.96885,34.592715],[133.969025,34.592823],[133.9727,34.594256],[133.972937,34.593973],[133.973462,34.593948],[133.973375,34.594281],[133.97395,34.594373],[133.974012,34.594106],[133.975437,34.594181],[133.975462,34.594331],[133.976137,34.594523],[133.976562,34.594473],[133.977762,34.594257],[133.977937,34.594282],[133.978249,34.594457],[133.978599,34.594548],[133.981499,34.594873],[133.983424,34.594998],[133.984324,34.59509],[133.984524,34.595065],[133.985661,34.595282],[133.985636,34.595048],[133.986624,34.59499],[133.986999,34.595215],[133.987136,34.595215],[133.988886,34.59484],[133.989549,34.594848],[133.989624,34.593807],[133.989786,34.593632],[133.990199,34.59354],[133.991049,34.593474],[133.991413,34.593538],[133.991499,34.594782],[133.991849,34.594765],[133.995161,34.59484],[133.995736,34.594915],[133.996286,34.594915],[133.996761,34.594757],[133.997198,34.594516],[133.997346,34.594419],[133.997548,34.594399],[133.997811,34.594199],[133.997998,34.594132],[133.998048,34.593907],[133.998048,34.593341],[133.999261,34.593232],[134.002023,34.593024],[134.002335,34.593024],[134.002785,34.592958],[134.003073,34.592958],[134.003223,34.593924],[134.003435,34.593966],[134.00396,34.594241],[134.00411,34.594466],[134.004523,34.594574],[134.00461,34.594774],[134.00461,34.594866],[134.004698,34.594916],[134.004848,34.594849],[134.00496,34.594732],[134.005373,34.594866],[134.00631,34.595066],[134.006747,34.595116],[134.00681,34.595091],[134.006785,34.595449],[134.006848,34.595566],[134.00696,34.595474],[134.007222,34.595382],[134.007435,34.595382],[134.009072,34.595791],[134.00931,34.595874],[134.00946,34.595991],[134.009872,34.596124],[134.010522,34.596682],[134.010547,34.596841],[134.010347,34.596957],[134.01031,34.597182],[134.010585,34.597341],[134.010497,34.597474],[134.010547,34.597607],[134.010697,34.597566],[134.011085,34.597857],[134.011372,34.597966],[134.011697,34.597991],[134.012135,34.597941],[134.012784,34.597832],[134.012809,34.597716],[134.012984,34.597674],[134.013072,34.597741],[134.013172,34.597899],[134.013547,34.597766],[134.013784,34.597632],[134.013984,34.597557],[134.014372,34.597699],[134.015222,34.597782],[134.016784,34.597899],[134.018371,34.598074],[134.018696,34.598116],[134.018784,34.598166],[134.018809,34.598274],[134.018984,34.598299],[134.019021,34.598457],[134.019159,34.598524],[134.019284,34.598207],[134.019434,34.598274],[134.019783,34.598324],[134.019808,34.598366],[134.019696,34.598566],[134.019634,34.598791],[134.020346,34.598949],[134.020458,34.598949],[134.020633,34.598457],[134.021546,34.598474],[134.021833,34.598524],[134.022371,34.598699],[134.022571,34.598791],[134.022833,34.598974],[134.023245,34.599016],[134.025508,34.599057],[134.026632,34.599082],[134.027007,34.598899],[134.027245,34.598741],[134.027045,34.598449],[134.027007,34.598224],[134.027132,34.598041],[134.027245,34.598024],[134.02727,34.598091],[134.02722,34.598407],[134.027395,34.598566],[134.027857,34.598357],[134.028807,34.597882],[134.028857,34.597866],[134.028657,34.597391],[134.028595,34.597349],[134.028945,34.597191],[134.029245,34.597099],[134.029182,34.598091],[134.029249,34.598265],[134.02927,34.598266],[134.029719,34.598266],[134.030182,34.598174],[134.032444,34.597949],[134.032707,34.597882],[134.033006,34.597749],[134.033444,34.597274],[134.034181,34.596241],[134.033881,34.595832],[134.033619,34.595566],[134.033082,34.595208],[134.032469,34.595049],[134.032119,34.594983],[134.031732,34.595024],[134.031707,34.594916],[134.031769,34.594933],[134.032119,34.594933],[134.032444,34.594891],[134.032557,34.594824],[134.032732,34.594599],[134.033694,34.592658],[134.033906,34.5923],[134.034106,34.591808],[134.034719,34.590633],[134.035106,34.590608],[134.035394,34.590633],[134.035869,34.590741],[134.035924,34.590777],[134.035931,34.590791],[134.035631,34.591016],[134.035816,34.591117],[134.035996,34.591217],[134.036481,34.591508],[134.036631,34.591641],[134.037043,34.591866],[134.03726,34.591889],[134.037306,34.591891],[134.037368,34.591891],[134.037518,34.591825],[134.037806,34.591508],[134.038281,34.59115],[134.038518,34.590991],[134.038806,34.590566],[134.039193,34.590291],[134.039268,34.589775],[134.039218,34.589033],[134.039418,34.588758],[134.039706,34.588533],[134.039693,34.588509],[134.039656,34.588492],[134.039568,34.588467],[134.039549,34.588424],[134.039681,34.588292],[134.039918,34.5882],[134.040331,34.587883],[134.040556,34.587567],[134.040643,34.587092],[134.040643,34.586692],[134.040681,34.586625],[134.040768,34.586575],[134.040693,34.586234],[134.040718,34.586084],[134.040843,34.585875],[134.040843,34.585784],[134.040943,34.585542],[134.040893,34.585425],[134.040931,34.585292],[134.041006,34.58525],[134.041006,34.585175],[134.040831,34.584909],[134.040806,34.584792],[134.040881,34.584367],[134.040981,34.584142],[134.041018,34.583984],[134.040893,34.583892],[134.040818,34.583709],[134.040593,34.583526],[134.040393,34.583434],[134.040243,34.583417],[134.040043,34.583484],[134.039693,34.583251],[134.039668,34.582776],[134.039818,34.582759],[134.040593,34.580734],[134.040743,34.580776],[134.040868,34.580326],[134.041193,34.580151],[134.041756,34.580084],[134.041956,34.580001],[134.042156,34.579843],[134.042281,34.579684],[134.04253,34.579393],[134.04273,34.579301],[134.043143,34.579234],[134.043418,34.578451],[134.043568,34.578268],[134.043618,34.578118],[134.043955,34.57796],[134.04423,34.578001],[134.04448,34.578143],[134.04458,34.57826],[134.044668,34.578484],[134.045093,34.578509],[134.04518,34.578459],[134.04513,34.578301],[134.04528,34.578126],[134.04553,34.578243],[134.045955,34.57811],[134.04618,34.577885],[134.04628,34.577843],[134.046618,34.57741],[134.046867,34.577185],[134.046917,34.576718],[134.047017,34.576651],[134.046992,34.576585],[134.046843,34.576443],[134.046818,34.576401],[134.046768,34.576418],[134.046493,34.57626],[134.04623,34.57601],[134.046255,34.575901],[134.04608,34.57581],[134.04593,34.57581],[134.045805,34.57576],[134.045655,34.575801],[134.04563,34.575893],[134.045218,34.576001],[134.045168,34.576051],[134.044493,34.576135],[134.044243,34.57611],[134.043918,34.575976],[134.043718,34.576043],[134.043668,34.576018],[134.043318,34.576218],[134.042618,34.576101],[134.042393,34.575893],[134.042168,34.575852],[134.041918,34.575868],[134.041668,34.576002],[134.041331,34.576226],[134.040981,34.57636],[134.040556,34.576443],[134.040256,34.576418],[134.039656,34.576235],[134.039306,34.576193],[134.038981,34.576093],[134.038506,34.575777],[134.038256,34.575502],[134.038056,34.575343],[134.037994,34.575093],[134.037444,34.574752],[134.037044,34.574685],[134.036844,34.574777],[134.036444,34.57461],[134.036069,34.574268],[134.035969,34.574135],[134.035819,34.574202],[134.035819,34.574493],[134.035181,34.574493],[134.034807,34.574402],[134.034582,34.57426],[134.034469,34.574127],[134.034194,34.573919],[134.034094,34.573919],[134.034069,34.573877],[134.033544,34.573627],[134.032894,34.573144],[134.032669,34.572802],[134.032057,34.57201],[134.031732,34.571536],[134.031532,34.571152],[134.031307,34.570852],[134.03112,34.570377],[134.030895,34.570111],[134.03052,34.569427],[134.030357,34.568594],[134.030045,34.567644],[134.029795,34.566695],[134.029432,34.565228],[134.02932,34.564462],[134.02942,34.564278],[134.029845,34.563962],[134.02992,34.563853],[134.03012,34.563828],[134.030195,34.563762],[134.030357,34.563537],[134.030482,34.563203],[134.030807,34.562887],[134.030982,34.562803],[134.031132,34.562662],[134.031145,34.562528],[134.031045,34.562503],[134.03087,34.562412],[134.03062,34.562212],[134.03042,34.562145],[134.030345,34.561687],[134.03012,34.561329],[134.030007,34.560895],[134.029932,34.55997],[134.03007,34.559454],[134.030095,34.558962],[134.029995,34.558729],[134.030582,34.558237],[134.030807,34.558287],[134.031107,34.558287],[134.031532,34.558471],[134.031632,34.558471],[134.031957,34.558337],[134.032507,34.558321],[134.032932,34.558279],[134.033232,34.558329],[134.033632,34.558329],[134.033707,34.558287],[134.033957,34.558171],[134.034144,34.557971],[134.034169,34.557812],[134.034044,34.557746],[134.033869,34.557562],[134.033695,34.557496],[134.03362,34.557429],[134.03322,34.557562],[134.032945,34.557554],[134.03277,34.557621],[134.032695,34.557687],[134.032457,34.557737],[134.031582,34.557704],[134.031432,34.557637],[134.031307,34.557504],[134.03127,34.557321],[134.031195,34.557229],[134.031045,34.557204],[134.030395,34.556596],[134.03012,34.556521],[134.02962,34.556588],[134.02942,34.556588],[134.02922,34.556671],[134.028995,34.556404],[134.02882,34.555971],[134.028633,34.55473],[134.02867,34.553713],[134.028895,34.553196],[134.029045,34.553088],[134.029145,34.552971],[134.029795,34.553113],[134.030957,34.552805],[134.031057,34.552963],[134.031182,34.552896],[134.031632,34.55288],[134.031857,34.552921],[134.031907,34.553063],[134.031957,34.55308],[134.032157,34.553038],[134.032282,34.553063],[134.032407,34.552955],[134.032182,34.552388],[134.03192,34.552088],[134.031945,34.551797],[134.03202,34.551663],[134.032045,34.551413],[134.03202,34.551372],[134.03182,34.55128],[134.03157,34.551097],[134.03157,34.550822],[134.03142,34.55073],[134.03127,34.55078],[134.031245,34.550847],[134.031095,34.550955],[134.031095,34.551022],[134.03082,34.55098],[134.030545,34.550888],[134.03037,34.550747],[134.030195,34.550547],[134.03012,34.550497],[134.02997,34.550563],[134.029795,34.550538],[134.029595,34.550563],[134.029545,34.550605],[134.02922,34.550538],[134.02912,34.550563],[134.02892,34.550897],[134.028758,34.551505],[134.028683,34.551597],[134.028083,34.551905],[134.027808,34.552172],[134.027733,34.552197],[134.027433,34.552147],[134.027183,34.552038],[134.027008,34.552105],[134.02682,34.552238],[134.02647,34.552413],[134.02642,34.552505],[134.026395,34.55293],[134.02632,34.553046],[134.02612,34.553221],[134.026095,34.553288],[134.02602,34.553288],[134.025345,34.553146],[134.024721,34.552947],[134.024046,34.55258],[134.023721,34.55233],[134.022821,34.551463],[134.022483,34.550989],[134.022208,34.550714],[134.021783,34.550055],[134.021608,34.549672],[134.021146,34.548905],[134.020909,34.548064],[134.020884,34.547656],[134.020934,34.547047],[134.021009,34.546872],[134.021196,34.546739],[134.021796,34.546564],[134.021971,34.546606],[134.022046,34.546539],[134.022221,34.545906],[134.022233,34.545706],[134.022113,34.545362],[134.022108,34.545348],[134.021683,34.545073],[134.021434,34.545073],[134.021034,34.545248],[134.019784,34.544581],[134.019734,34.544331],[134.019409,34.544156],[134.019159,34.544148],[134.018984,34.543948],[134.018884,34.543923],[134.018859,34.544014],[134.018609,34.544306],[134.018309,34.544306],[134.018009,34.544256],[134.017784,34.544189],[134.017559,34.544006],[134.017384,34.543823],[134.017334,34.544023],[134.017209,34.544273],[134.017259,34.544456],[134.016822,34.544589],[134.016547,34.544606],[134.016372,34.544673],[134.016222,34.544831],[134.015872,34.545256],[134.015484,34.545481],[134.015184,34.545839],[134.015059,34.546422],[134.015072,34.546647],[134.015322,34.546856],[134.016547,34.547497],[134.016497,34.548122],[134.016309,34.548464],[134.016209,34.54853],[134.015722,34.549497],[134.015272,34.550122],[134.014809,34.550547],[134.014484,34.550797],[134.013959,34.550838],[134.01216,34.55073],[134.011785,34.550755],[134.011685,34.550622],[134.011385,34.55068],[134.010322,34.550788],[134.010272,34.550905],[134.010147,34.55088],[134.010147,34.55083],[134.010047,34.550738],[134.009622,34.55063],[134.009547,34.550647],[134.00926,34.550463],[134.00911,34.550305],[134.00876,34.55003],[134.00871,34.549947],[134.008597,34.550033],[134.00856,34.55003],[134.008535,34.549988],[134.008135,34.549822],[134.007135,34.548738],[134.005898,34.547055],[134.005361,34.546514],[134.004961,34.545964],[134.004836,34.545697],[134.004648,34.545405],[134.004573,34.54538],[134.004286,34.545447],[134.003586,34.545755],[134.003136,34.545914],[134.002811,34.545255],[134.002711,34.545297],[134.001811,34.545472],[134.001086,34.545555],[134.000911,34.545305],[133.997347,34.537584],[133.995287,34.533531],[133.995437,34.533215],[133.995575,34.533031],[133.995812,34.533006],[133.995862,34.532623],[133.996687,34.53229],[133.997347,34.532235],[133.99745,34.532173],[133.997525,34.532173],[133.997562,34.531923],[133.997637,34.531523],[133.997812,34.531498],[133.997937,34.531523],[133.998012,34.531457],[133.997987,34.531365],[133.998087,34.531257],[133.998162,34.531273],[133.998237,34.53119],[133.998237,34.531098],[133.998412,34.531057],[133.998537,34.53094],[133.9987,34.530765],[133.999225,34.530724],[133.999325,34.530657],[133.9997,34.530565],[133.99995,34.530365],[134.000074,34.530324],[134.000199,34.530232],[134.000299,34.530074],[134.000862,34.52994],[134.001037,34.529857],[134.000987,34.529649],[134.000737,34.529265],[134.000537,34.529332],[134.000012,34.52919],[133.999862,34.529165],[133.999737,34.529074],[133.999562,34.529074],[133.999462,34.528965],[133.999337,34.52889],[133.999237,34.52889],[133.998737,34.528757],[133.998237,34.528799],[133.997412,34.528699],[133.9968,34.528665],[133.996487,34.528649],[133.996125,34.52869],[133.995775,34.528415],[133.995575,34.528024],[133.995338,34.527274],[133.99525,34.526632],[133.99535,34.525749],[133.995488,34.525382],[133.995575,34.525291],[133.9965,34.525182],[133.996988,34.525207],[133.997347,34.525328],[133.99745,34.525266],[133.99765,34.525207],[133.998025,34.524666],[133.99775,34.524574],[133.997825,34.524391],[133.997925,34.524324],[133.997913,34.524191],[133.997938,34.524032],[133.997763,34.523899],[133.997713,34.523807],[133.997713,34.523691],[133.997538,34.523649],[133.997513,34.523508],[133.9975,34.522791],[133.997738,34.521274],[133.997838,34.520983],[133.997988,34.520916],[133.998113,34.520808],[133.998288,34.520674],[133.998363,34.520674],[133.998663,34.520808],[133.998863,34.520816],[133.998938,34.520766],[133.999025,34.520608],[133.99895,34.520225],[133.999325,34.519483],[133.999513,34.519308],[134.000138,34.518833],[134.000463,34.518725],[134.000813,34.518725],[134.001062,34.5188],[134.001237,34.518891],[134.001312,34.518983],[134.001337,34.519316],[134.001487,34.5195],[134.001612,34.51955],[134.001687,34.519683],[134.001837,34.519775],[134.001937,34.519775],[134.002337,34.52],[134.002537,34.519983],[134.002587,34.5198],[134.002687,34.519708],[134.002712,34.5196],[134.002687,34.519575],[134.002712,34.5194],[134.002587,34.519283],[134.002462,34.518966],[134.002112,34.518741],[134.00185,34.5186],[134.001387,34.5186],[134.001312,34.518525],[134.00125,34.518325],[134.001275,34.517825],[134.00135,34.517533],[134.001525,34.517292],[134.001762,34.5172],[134.002062,34.517133],[134.002112,34.517183],[134.002162,34.517317],[134.002462,34.517383],[134.002562,34.517158],[134.002637,34.517142],[134.002837,34.517183],[134.002937,34.517258],[134.003037,34.517433],[134.003362,34.517483],[134.003462,34.517442],[134.003562,34.51715],[134.003787,34.517192],[134.004062,34.517175],[134.004087,34.517258],[134.004212,34.517333],[134.004587,34.517517],[134.004737,34.517625],[134.004937,34.5177],[134.005112,34.5177],[134.005337,34.517833],[134.005587,34.517908],[134.006012,34.517658],[134.006237,34.517642],[134.006437,34.517617],[134.006462,34.517525],[134.006437,34.517458],[134.006462,34.51735],[134.006312,34.517233],[134.006275,34.516942],[134.00635,34.516783],[134.00645,34.516717],[134.006525,34.516717],[134.006625,34.516783],[134.006775,34.516692],[134.00685,34.516558],[134.007025,34.51645],[134.00705,34.516292],[134.006925,34.515859],[134.006825,34.515884],[134.00665,34.515992],[134.006425,34.515767],[134.006275,34.5157],[134.006287,34.515517],[134.006162,34.515317],[134.005962,34.515292],[134.005712,34.515217],[134.005462,34.515242],[134.005287,34.515284],[134.005187,34.515217],[134.005062,34.514967],[134.005037,34.51465],[134.005137,34.514425],[134.005262,34.51445],[134.005537,34.514542],[134.005612,34.514384],[134.005737,34.514367],[134.005625,34.514134],[134.0051,34.514017],[134.00505,34.513659],[134.005,34.51305],[134.004875,34.513],[134.004775,34.51305],[134.0047,34.512909],[134.004525,34.512842],[134.004275,34.512909],[134.004125,34.512934],[134.00365,34.51275],[134.003513,34.512384],[134.003338,34.5115],[134.002913,34.5117],[134.002813,34.511842],[134.002588,34.512059],[134.002525,34.512284],[134.002025,34.512734],[134.0019,34.512759],[134.0016,34.51305],[134.001625,34.513142],[134.0016,34.513225],[134.0015,34.513317],[134.001488,34.51375],[134.001438,34.513992],[134.000325,34.51545],[134.000088,34.515658],[133.999963,34.515833],[133.999488,34.516308],[133.999188,34.516367],[133.999013,34.516367],[133.998863,34.516275],[133.998638,34.516392],[133.998513,34.516367],[133.998413,34.516433],[133.998338,34.516542],[133.998125,34.5167],[133.997925,34.516966],[133.9979,34.517125],[133.997347,34.517562],[133.9972,34.517608],[133.99685,34.517833],[133.996263,34.518125],[133.995725,34.518041],[133.995288,34.518083],[133.994963,34.518175],[133.994788,34.518333],[133.993738,34.518533],[133.993476,34.518375],[133.993138,34.518508],[133.993088,34.519141],[133.992913,34.519566],[133.992351,34.520699],[133.992213,34.521258],[133.992088,34.521508],[133.991738,34.521999],[133.991626,34.522274],[133.991651,34.522499],[133.991601,34.523132],[133.991501,34.523149],[133.991388,34.523491],[133.991476,34.523716],[133.991338,34.524124],[133.990663,34.525424],[133.990513,34.525607],[133.989813,34.526374],[133.989276,34.526415],[133.989026,34.526549],[133.988926,34.526849],[133.988901,34.527157],[133.988926,34.527315],[133.988876,34.527632],[133.988751,34.52774],[133.988813,34.527874],[133.988788,34.528032],[133.988813,34.528165],[133.988926,34.528282],[133.988988,34.528415],[133.988788,34.529073],[133.988338,34.52979],[133.987201,34.530715],[133.987113,34.53074],[133.985913,34.530981],[133.983914,34.531498],[133.982914,34.53184],[133.982189,34.531906],[133.982064,34.531681],[133.981251,34.53184],[133.979802,34.53229],[133.979277,34.532556],[133.979327,34.532739],[133.977664,34.532873],[133.977752,34.533073],[133.977539,34.533139],[133.977077,34.533414],[133.976952,34.533614],[133.976864,34.533998],[133.976727,34.534156],[133.976314,34.534181],[133.975489,34.534064],[133.974514,34.533823],[133.974414,34.533631],[133.974377,34.533531],[133.974364,34.533448],[133.974464,34.533423],[133.974539,34.533414],[133.974652,34.533414],[133.974727,34.533398],[133.974852,34.533348],[133.974939,34.533348],[133.975014,34.533323],[133.975102,34.533281],[133.975189,34.533256],[133.975139,34.533148],[133.975077,34.533064],[133.974939,34.532881],[133.974802,34.532814],[133.974664,34.532764],[133.974527,34.532673],[133.974414,34.532573],[133.974377,34.532473],[133.974314,34.532398],[133.97419,34.532289],[133.974077,34.532206],[133.974027,34.532065],[133.97354,34.531323],[133.972602,34.531048],[133.97119,34.53074],[133.970315,34.530306],[133.970077,34.530123],[133.969902,34.530215],[133.96999,34.530356],[133.969752,34.530556],[133.969365,34.530506],[133.969465,34.530131],[133.968878,34.529948],[133.968665,34.53029],[133.968428,34.530223],[133.96879,34.529973],[133.968015,34.529165],[133.967703,34.529273],[133.967665,34.529206],[133.967253,34.528956],[133.96679,34.528781],[133.966515,34.528465],[133.966228,34.527948],[133.965465,34.527407],[133.964253,34.526998],[133.962816,34.526015],[133.962341,34.525607],[133.961703,34.525357],[133.960928,34.525157],[133.959928,34.524324],[133.959841,34.523965],[133.959278,34.523699],[133.959141,34.523765],[133.958316,34.523449],[133.957816,34.523115],[133.957579,34.522574],[133.957641,34.521982],[133.957579,34.521982],[133.957691,34.521832],[133.957954,34.522057],[133.958079,34.522074],[133.958279,34.522232],[133.959378,34.52264],[133.960603,34.520616],[133.960891,34.520657],[133.960953,34.520707],[133.961091,34.520341],[133.961066,34.519891],[133.961978,34.519374],[133.962416,34.519216],[133.962441,34.518899],[133.962241,34.518566],[133.962103,34.518499],[133.961678,34.518432],[133.961541,34.518357],[133.961566,34.518049],[133.961128,34.517666],[133.960503,34.517774],[133.960303,34.518199],[133.959566,34.518316],[133.958541,34.517799],[133.957804,34.517282],[133.957391,34.516724],[133.957216,34.516224],[133.957216,34.515891],[133.957129,34.515166],[133.956804,34.515324],[133.956654,34.514758],[133.956691,34.514658],[133.961816,34.513491],[133.960679,34.510491],[133.960629,34.510375],[133.960591,34.5103],[133.960554,34.510125],[133.960529,34.510033],[133.960479,34.5099],[133.960454,34.50975],[133.960441,34.5096],[133.960391,34.509475],[133.960366,34.509391],[133.960341,34.509317],[133.960316,34.509242],[133.960266,34.509117],[133.960241,34.50905],[133.960204,34.508983],[133.960091,34.5089],[133.959991,34.508825],[133.959891,34.508733],[133.959791,34.508642],[133.959716,34.508567],[133.959654,34.508508],[133.959579,34.508442],[133.959504,34.508408],[133.959341,34.508283],[133.959229,34.508167],[133.958979,34.507992],[133.958816,34.507833],[133.958704,34.5077],[133.958579,34.507608],[133.958516,34.507533],[133.958366,34.507467],[133.958304,34.5074],[133.958191,34.507275],[133.958091,34.507208],[133.957991,34.507125],[133.957916,34.50705],[133.957816,34.506967],[133.957716,34.506875],[133.957604,34.506783],[133.957216,34.506708],[133.956929,34.506808],[133.956904,34.506425],[133.956691,34.505992],[133.956579,34.505925],[133.956504,34.50585],[133.956454,34.505708],[133.957366,34.505492],[133.957454,34.505175],[133.957279,34.504967],[133.957016,34.504842],[133.956979,34.504792],[133.957104,34.504517],[133.957954,34.503392],[133.958041,34.50325],[133.958329,34.502867],[133.959279,34.5023],[133.959329,34.5023],[133.959416,34.501759],[133.959191,34.501509],[133.959691,34.50115],[133.960691,34.500567],[133.961766,34.500026],[133.961979,34.499951],[133.962391,34.500026],[133.962466,34.500267],[133.962741,34.500292],[133.963016,34.500184],[133.963041,34.500117],[133.962604,34.499501],[133.962391,34.499051],[133.962691,34.498484],[133.963066,34.497559],[133.963941,34.496951],[133.964028,34.496593],[133.964266,34.495934],[133.964241,34.495893],[133.963916,34.495709],[133.963691,34.495534],[133.963916,34.495393],[133.964491,34.495326],[133.964703,34.495126],[133.964653,34.494851],[133.963966,34.493951],[133.963829,34.493526],[133.963504,34.493184],[133.963091,34.493093],[133.962391,34.492618],[133.962029,34.49226],[133.961566,34.492051],[133.960616,34.492051],[133.960254,34.492101],[133.959554,34.492326],[133.958841,34.492684],[133.957317,34.492393],[133.956192,34.492393],[133.956079,34.492526],[133.955654,34.493384],[133.955429,34.493493],[133.955354,34.493493],[133.955242,34.493109],[133.955179,34.493093],[133.955042,34.493176],[133.954942,34.493318],[133.954854,34.493243],[133.954829,34.492976],[133.954742,34.493001],[133.954717,34.493068],[133.954667,34.493068],[133.954617,34.492076],[133.954529,34.492026],[133.954392,34.491351],[133.954317,34.491309],[133.954279,34.49056],[133.953379,34.490585],[133.953054,34.490651],[133.953079,34.491776],[133.953004,34.492751],[133.952892,34.493018],[133.952567,34.493159],[133.952379,34.493176],[133.951442,34.493134],[133.95038,34.493134],[133.950192,34.493068],[133.949917,34.492676],[133.949906,34.492177],[133.949892,34.491551],[133.950044,34.489854],[133.950167,34.488776],[133.950267,34.48796],[133.949805,34.487468],[133.949317,34.48681],[133.949042,34.486518],[133.948092,34.487035],[133.948855,34.488093],[133.947655,34.488635],[133.947005,34.488476],[133.946105,34.488368],[133.946067,34.488251],[133.94618,34.487601],[133.946455,34.487035],[133.946617,34.48681],[133.947242,34.486426],[133.947867,34.485976],[133.948117,34.485476],[133.94773,34.485118],[133.947355,34.484935],[133.947217,34.484643],[133.946105,34.484052],[133.945443,34.483443],[133.945118,34.483018],[133.945068,34.483018],[133.94438,34.482743],[133.944193,34.482743],[133.943755,34.48306],[133.943643,34.483218],[133.94263,34.482877],[133.942321,34.482774],[133.941914,34.482677],[133.941405,34.482518],[133.938868,34.481543],[133.938568,34.481385],[133.93833,34.481135],[133.937968,34.481118],[133.937668,34.480418],[133.937618,34.480193],[133.937831,34.480035],[133.937731,34.479335],[133.937756,34.479285],[133.938355,34.47911],[133.938405,34.478902],[133.93868,34.477369],[133.938793,34.477344],[133.93903,34.476602],[133.939118,34.475402],[133.937856,34.475161],[133.935106,34.474677],[133.934893,34.474544],[133.934556,34.474452],[133.934293,34.474277],[133.934293,34.473352],[133.934481,34.473211],[133.934831,34.472878],[133.935356,34.472286],[133.935456,34.472269],[133.936606,34.472628],[133.936743,34.472428],[133.935493,34.472044],[133.935756,34.471861],[133.936056,34.471411],[133.936031,34.471294],[133.936768,34.470119],[133.936993,34.469924],[133.937343,34.46967],[133.937566,34.469501],[133.937718,34.469378],[133.937993,34.469286],[133.93818,34.469286],[133.938655,34.469128],[133.938918,34.468795],[133.938705,34.468386],[133.93878,34.468228],[133.940255,34.466195],[133.940618,34.46577],[133.940618,34.465587],[133.940455,34.465478],[133.940555,34.46532],[133.940805,34.465203],[133.940968,34.465253],[133.941018,34.465428],[133.941705,34.465653],[133.942055,34.465178],[133.942418,34.46527],[133.943143,34.464804],[133.94358,34.464437],[133.943443,34.462629],[133.943205,34.462387],[133.942843,34.462137],[133.942686,34.462],[133.942573,34.461712],[133.94263,34.461504],[133.94263,34.460962],[133.942518,34.459521],[133.941843,34.459446],[133.941843,34.459087],[133.94238,34.458413],[133.942743,34.457663],[133.94293,34.457396],[133.943093,34.457079],[133.943418,34.456788],[133.943418,34.45643],[133.943376,34.456137],[133.943296,34.455643],[133.943205,34.455296],[133.94293,34.455113],[133.94208,34.455005],[133.941081,34.454938],[133.940143,34.45478],[133.939906,34.45448],[133.939631,34.45428],[133.939543,34.45428],[133.939281,34.45453],[133.938618,34.454755],[133.938381,34.454771],[133.937556,34.45453],[133.936706,34.453738],[133.936681,34.453371],[133.936793,34.452896],[133.936793,34.45238],[133.936906,34.451888],[133.936843,34.451838],[133.936406,34.451797],[133.935868,34.45188],[133.935506,34.451522],[133.935206,34.451047],[133.935043,34.450955],[133.933881,34.451363],[133.933406,34.45123],[133.932944,34.451272],[133.932569,34.451863],[133.932569,34.452313],[133.932506,34.452696],[133.932019,34.453055],[133.931444,34.453371],[133.931831,34.45378],[133.931944,34.453846],[133.932131,34.453713],[133.932406,34.45378],[133.932481,34.453888],[133.932431,34.454338],[133.932318,34.454588],[133.932481,34.454679],[133.932206,34.454954],[133.932043,34.454863],[133.931206,34.455404],[133.930906,34.455538],[133.930956,34.455604],[133.930819,34.455696],[133.930281,34.455788],[133.930031,34.455513],[133.929781,34.455538],[133.929319,34.456013],[133.929106,34.456571],[133.928856,34.456846],[133.927794,34.456887],[133.927056,34.457004],[133.926894,34.457162],[133.926894,34.457546],[133.926481,34.457612],[133.926081,34.457454],[133.926319,34.456754],[133.926569,34.455646],[133.925206,34.455304],[133.925094,34.454763],[133.925265,34.454587],[133.925531,34.454021],[133.925744,34.453679],[133.926431,34.453005],[133.926644,34.452938],[133.926919,34.452963],[133.927106,34.452755],[133.927281,34.452805],[133.927544,34.452605],[133.927656,34.45258],[133.928881,34.452713],[133.928994,34.452288],[133.928881,34.45208],[133.927631,34.450905],[133.926081,34.45073],[133.920019,34.450155],[133.919807,34.450113],[133.919532,34.449863],[133.918445,34.450205],[133.918282,34.450405],[133.917982,34.450988],[133.917732,34.451238],[133.916745,34.451463],[133.916282,34.451621],[133.91632,34.45203],[133.91542,34.452254],[133.913807,34.452571],[133.913832,34.452413],[133.91397,34.452229],[133.91372,34.451463],[133.913507,34.451438],[133.913395,34.451013],[133.912882,34.451013],[133.911245,34.451396],[133.910833,34.45128],[133.910208,34.451013],[133.909983,34.450988],[133.909258,34.45148],[133.908433,34.451771],[133.908108,34.451771],[133.907233,34.451888],[133.90647,34.452429],[133.906195,34.452588],[133.905321,34.453263],[133.905021,34.453354],[133.904533,34.453938],[133.903933,34.454463],[133.902321,34.455429],[133.901646,34.455904],[133.901508,34.455921],[133.900821,34.456604],[133.899796,34.456962],[133.899521,34.457004],[133.899359,34.456912],[133.898596,34.457096],[133.898184,34.457029],[133.897521,34.456687],[133.897259,34.456621],[133.895971,34.456437],[133.894059,34.456371],[133.893984,34.456146],[133.893547,34.456237],[133.893547,34.456371],[133.892897,34.456462],[133.892072,34.456462],[133.891497,34.456529],[133.891284,34.456596],[133.890322,34.456704],[133.890197,34.456754],[133.889072,34.456912],[133.88766,34.456887],[133.886897,34.456729],[133.885885,34.456321],[133.88506,34.456346],[133.88381,34.456321],[133.88261,34.456204],[133.882098,34.456179],[133.88081,34.456387],[133.880073,34.456679],[133.879835,34.456787],[133.87901,34.457487],[133.877836,34.458845],[133.877073,34.45952],[133.876398,34.46002],[133.875661,34.460404],[133.875411,34.460579],[133.874648,34.460987],[133.874298,34.461278],[133.873936,34.461753],[133.872623,34.463128],[133.872357,34.463442],[133.872236,34.463495],[133.872161,34.463495],[133.871686,34.463628],[133.871198,34.464012],[133.870711,34.464553],[133.869086,34.466053],[133.868824,34.465936],[133.868324,34.466386],[133.867474,34.467036],[133.866761,34.467395],[133.865699,34.467661],[133.865349,34.467703],[133.865211,34.467095],[133.863086,34.467353],[133.862649,34.468053],[133.859924,34.467203],[133.859762,34.467336],[133.859737,34.467311],[133.859799,34.466861],[133.859737,34.466528],[133.859687,34.466528],[133.859499,34.466795],[133.858587,34.467578],[133.857599,34.468795],[133.856699,34.469778],[133.856612,34.469803],[133.855987,34.469795],[133.85555,34.469845],[133.852312,34.469828],[133.8518,34.46987],[133.850837,34.470203],[133.8506,34.46932],[133.8479,34.469895],[133.847788,34.470078],[133.847925,34.470503],[133.84795,34.470753],[133.847788,34.470728],[133.847163,34.470744],[133.846425,34.470611],[133.846075,34.470494],[133.84605,34.470269],[133.846075,34.470069],[133.843051,34.470011],[133.843076,34.469869],[133.842801,34.469828],[133.842613,34.469669],[133.842751,34.469394],[133.842776,34.469195],[133.841913,34.469036],[133.841663,34.469053],[133.841613,34.469103],[133.841176,34.468986],[133.840526,34.468895],[133.840363,34.468911],[133.838963,34.469828],[133.838363,34.470278],[133.838113,34.470278],[133.837926,34.470369],[133.836776,34.471128],[133.836289,34.471553],[133.836289,34.471661],[133.836576,34.471869],[133.837501,34.472327],[133.837313,34.472702],[133.836513,34.474436],[133.836213,34.474636],[133.835614,34.474594],[133.834764,34.474452],[133.834339,34.474494],[133.833839,34.474444],[133.833651,34.474269],[133.833714,34.474177],[133.833026,34.473769],[133.832839,34.473427],[133.832464,34.473177],[133.833039,34.472327],[133.833614,34.471361],[133.833214,34.471111],[133.831801,34.470403],[133.831414,34.470311],[133.831301,34.470361],[133.830089,34.473052],[133.829714,34.472919],[133.826589,34.470986],[133.826864,34.470427],[133.826514,34.470244],[133.826289,34.470444],[133.825014,34.469653],[133.824852,34.469603],[133.82069,34.468728],[133.820302,34.468769],[133.819627,34.469694],[133.818827,34.469511],[133.818865,34.469194],[133.819352,34.468161],[133.81694,34.466953],[133.81544,34.468211],[133.814815,34.467978],[133.815328,34.467311],[133.815253,34.467128],[133.814565,34.466761],[133.814815,34.466519],[133.81504,34.466494],[133.816003,34.46517],[133.813503,34.463811],[133.81274,34.462337],[133.813953,34.461578],[133.814303,34.461403],[133.81509,34.460928],[133.814528,34.460187],[133.808828,34.461537],[133.808916,34.461195],[133.808103,34.45912],[133.810566,34.458279],[133.809753,34.456312],[133.809916,34.452821],[133.810703,34.452821],[133.810916,34.452688],[133.810816,34.452529],[133.810391,34.450704],[133.809928,34.450638],[133.809353,34.449938],[133.809541,34.447296],[133.809754,34.446605],[133.810141,34.446197],[133.810503,34.44593],[133.810603,34.44548],[133.810741,34.445488],[133.811228,34.445538],[133.812341,34.44223],[133.812291,34.442114],[133.811691,34.442105],[133.811441,34.442105],[133.811366,34.441722],[133.811779,34.440572],[133.812079,34.44053],[133.812166,34.440489],[133.812854,34.439406],[133.813041,34.43948],[133.813341,34.439747],[133.813503,34.440022],[133.813578,34.439972],[133.813891,34.439006],[133.814278,34.438381],[133.814653,34.438022],[133.815203,34.437822],[133.816703,34.437356],[133.817203,34.437064],[133.818103,34.436347],[133.818353,34.435939],[133.818541,34.435448],[133.819391,34.434148],[133.820078,34.432864],[133.820541,34.432573],[133.821066,34.431723],[133.821316,34.431498],[133.822003,34.431073],[133.822527,34.430128],[133.82234,34.42977],[133.821703,34.429765],[133.821378,34.429515],[133.821053,34.42944],[133.820728,34.429665],[133.819603,34.430223],[133.819253,34.430515],[133.818616,34.431323],[133.818178,34.431731],[133.817578,34.432131],[133.816328,34.432081],[133.816004,34.432148],[133.815354,34.432006],[133.814616,34.431665],[133.814016,34.431548],[133.813329,34.431823],[133.812679,34.431998],[133.812379,34.432156],[133.812129,34.432581],[133.811779,34.432806],[133.811091,34.433006],[133.810579,34.433223],[133.810054,34.433648],[133.809429,34.434073],[133.808654,34.434481],[133.808417,34.434364],[133.808067,34.434389],[133.807242,34.434764],[133.806554,34.435123],[133.806717,34.435773],[133.807042,34.435639],[133.807104,34.435981],[133.806829,34.436114],[133.806167,34.436581],[133.805592,34.436631],[133.805267,34.436381],[133.805567,34.436131],[133.806204,34.435931],[133.806179,34.435681],[133.805817,34.435748],[133.804917,34.436014],[133.804404,34.436264],[133.804479,34.436556],[133.803929,34.436706],[133.803829,34.436622],[133.803204,34.436706],[133.802867,34.436864],[133.803142,34.436972],[133.803117,34.437181],[133.802542,34.437314],[133.801529,34.437422],[133.801779,34.436964],[133.801567,34.436381],[133.801329,34.436381],[133.800692,34.436306],[133.796942,34.436748],[133.796717,34.436356],[133.796605,34.436131],[133.79628,34.436114],[133.796167,34.436173],[133.796092,34.436239],[133.796142,34.436323],[133.795705,34.436289],[133.795367,34.436273],[133.795167,34.436323],[133.795105,34.436414],[133.79493,34.436498],[133.794755,34.436573],[133.794605,34.436589],[133.794505,34.436606],[133.794455,34.436773],[133.794442,34.436839],[133.794467,34.436931],[133.794505,34.437039],[133.794805,34.437064],[133.79448,34.437747],[133.79393,34.438014],[133.79273,34.438689],[133.791717,34.439556],[133.791555,34.439581],[133.790755,34.439531],[133.79038,34.439464],[133.790339,34.439439],[133.790468,34.438722],[133.790543,34.438672],[133.79118,34.438631],[133.79118,34.438539],[133.79093,34.438181],[133.79058,34.438064],[133.790468,34.438089],[133.79023,34.437972],[133.790005,34.437931],[133.78998,34.437973],[133.78973,34.437948],[133.78903,34.437656],[133.78873,34.438039],[133.788618,34.437856],[133.788843,34.437473],[133.789005,34.437298],[133.789468,34.437431],[133.78958,34.437406],[133.789468,34.437339],[133.789168,34.436823],[133.788955,34.436323],[133.788518,34.435989],[133.787868,34.435623],[133.787243,34.435531],[133.786893,34.435639],[133.786118,34.436023],[133.785468,34.436423],[133.784868,34.436873],[133.784368,34.437748],[133.784043,34.438056],[133.783381,34.438148],[133.782918,34.438372],[133.782731,34.438839],[133.782318,34.439181],[133.781718,34.439397],[133.781581,34.439514],[133.781443,34.439939],[133.781681,34.44053],[133.781568,34.441272],[133.780781,34.444963],[133.780531,34.445405],[133.780343,34.44543],[133.779931,34.446355],[133.779431,34.447163],[133.778481,34.447513],[133.777831,34.447854],[133.777718,34.447988],[133.777331,34.448254],[133.777006,34.448729],[133.776593,34.449554],[133.776231,34.449846],[133.776093,34.449913],[133.776068,34.450254],[133.774581,34.452837],[133.774393,34.452995],[133.774143,34.453329],[133.773706,34.45342],[133.773293,34.453729],[133.772506,34.45447],[133.771456,34.455028],[133.771081,34.455703],[133.770819,34.456778],[133.770544,34.45712],[133.770681,34.457278],[133.771069,34.457253],[133.771968,34.457486],[133.773056,34.457245],[133.773468,34.457311],[133.774218,34.45797],[133.774631,34.458261],[133.774931,34.458378],[133.775006,34.458445],[133.775118,34.458895],[133.774993,34.460228],[133.774581,34.461461],[133.774281,34.462069],[133.773981,34.462561],[133.773706,34.462761],[133.773131,34.463011],[133.772943,34.462919],[133.772906,34.462827],[133.772943,34.461994],[133.772431,34.462261],[133.772018,34.462327],[133.771306,34.462261],[133.771093,34.462302],[133.770543,34.462477],[133.770331,34.462519],[133.769756,34.462411],[133.769319,34.462136],[133.768831,34.462044],[133.768581,34.462061],[133.768069,34.462261],[133.767494,34.462644],[133.767406,34.462644],[133.767081,34.462752],[133.766994,34.463202],[133.767056,34.463319],[133.767294,34.463477],[133.766819,34.469443],[133.766556,34.469443],[133.766631,34.468876],[133.766606,34.468634],[133.766206,34.468559],[133.766144,34.469418],[133.765919,34.470409],[133.766569,34.470434],[133.766769,34.470409],[133.766668,34.472417],[133.766581,34.472434],[133.764481,34.472834],[133.764081,34.472942],[133.763944,34.472784],[133.763481,34.472809],[133.763406,34.47235],[133.763231,34.472334],[133.762956,34.470142],[133.759619,34.470401],[133.759394,34.468526],[133.759032,34.468576],[133.759032,34.468618],[133.758632,34.468634],[133.758382,34.468684],[133.758032,34.468659],[133.758494,34.472875],[133.758107,34.472867],[133.758244,34.474067],[133.758369,34.474425],[133.758894,34.474875],[133.759056,34.475175],[133.758856,34.475758],[133.758881,34.475891],[133.758581,34.476225],[133.758231,34.476425],[133.757769,34.476266],[133.757169,34.475858],[133.757394,34.475325],[133.756982,34.475116],[133.756894,34.475116],[133.756269,34.475833],[133.756044,34.476241],[133.756369,34.476441],[133.756644,34.476758],[133.756832,34.476891],[133.757132,34.477258],[133.757157,34.477841],[133.757257,34.478358],[133.757444,34.478924],[133.757469,34.479824],[133.757631,34.479957],[133.757794,34.480416],[133.757656,34.480907],[133.757644,34.481382],[133.757369,34.481832],[133.757344,34.482032],[133.759631,34.486073],[133.748332,34.489439],[133.74737,34.491553],[133.742882,34.501162],[133.742582,34.501245],[133.742707,34.503245],[133.74282,34.505094],[133.74307,34.505136],[133.743095,34.505586],[133.742957,34.505652],[133.743245,34.508785],[133.745032,34.510968],[133.744757,34.511152],[133.745357,34.511693],[133.744157,34.512793],[133.743657,34.51241],[133.742482,34.513559],[133.742257,34.513787],[133.742095,34.513968],[133.73987,34.515951],[133.740008,34.516042],[133.739133,34.517575],[133.739695,34.522866],[133.73952,34.522866],[133.73972,34.524941],[133.739544,34.524999],[133.742147,34.539842],[133.746828,34.558378],[133.750295,34.57085],[133.748215,34.578991],[133.752029,34.581243],[133.75775,34.581243],[133.769365,34.579858],[133.781931,34.585093],[133.789024,34.586634],[133.794987,34.583758],[133.798791,34.584682],[133.801971,34.591567],[133.80499,34.591567],[133.809352,34.58922],[133.813546,34.580838],[133.822774,34.57363],[133.829138,34.568621],[133.829425,34.56853],[133.829675,34.568422],[133.830713,34.568063],[133.831263,34.567788],[133.831525,34.567813],[133.832,34.567972],[133.8323,34.568105],[133.832925,34.568647],[133.833437,34.569188],[133.834225,34.56993],[133.834475,34.570271],[133.834875,34.570655],[133.835237,34.570946],[133.836512,34.572463],[133.837137,34.573071],[133.837549,34.573546],[133.838499,34.574829],[133.839587,34.576113],[133.840136,34.576704],[133.840399,34.577037],[133.841386,34.578079],[133.842061,34.578662],[133.842449,34.579137],[133.842686,34.579546],[133.842911,34.580246],[133.843011,34.581279],[133.843173,34.582387],[133.843423,34.586303],[133.843473,34.58657],[133.843586,34.588161],[133.84366,34.590128],[133.84306,34.591111],[133.841573,34.593744],[133.840135,34.595961],[133.83971,34.596885],[133.839123,34.597827],[133.83831,34.599285],[133.838298,34.599352],[133.838248,34.599377],[133.83906,34.599968],[133.839623,34.600435],[133.84528,34.602226],[133.855012,34.603656],[133.862453,34.606802],[133.874939,34.611604],[133.886383,34.616178],[133.899657,34.622582],[133.895851,34.629543],[133.890323,34.634753],[133.878478,34.639961],[133.871529,34.63933],[133.866159,34.639803],[133.861737,34.643275],[133.856209,34.654952],[133.856209,34.664736],[133.857631,34.672627],[133.856983,34.681996],[133.854678,34.69044],[133.855446,34.697349],[133.851605,34.70541],[133.847763,34.710016],[133.845459,34.718461],[133.844306,34.726522],[133.841617,34.733815],[133.837391,34.738805],[133.834318,34.745714],[133.83355,34.753007],[133.835471,34.758765],[133.839696,34.763371],[133.844306,34.768361],[133.850068,34.772583],[133.855062,34.777573],[133.858,34.780339],[133.859803,34.782826],[133.859928,34.783301],[133.860266,34.784018],[133.860416,34.785009],[133.860391,34.785143],[133.860066,34.785367],[133.859491,34.785926],[133.859053,34.786651],[133.858641,34.786626],[133.858091,34.786709],[133.857491,34.786734],[133.856641,34.786709],[133.855354,34.786459],[133.854291,34.786384],[133.853529,34.786209],[133.852841,34.786251],[133.852404,34.786092],[133.852104,34.786092],[133.851616,34.785842],[133.850954,34.785767],[133.850329,34.785901],[133.850304,34.785976],[133.849754,34.786442],[133.849204,34.787292],[133.848717,34.788509],[133.848267,34.788642],[133.847429,34.788259],[133.846992,34.787984],[133.846279,34.787942],[133.845342,34.788209],[133.844117,34.787801],[133.84333,34.787617],[133.843242,34.787617],[133.842805,34.787792],[133.842455,34.788175],[133.842455,34.788425],[133.842392,34.788692],[133.842205,34.788875],[133.84168,34.78905],[133.840667,34.789884],[133.84023,34.790109],[133.839955,34.790467],[133.840142,34.79085],[133.840205,34.79105],[133.840205,34.791592],[133.840367,34.792083],[133.840555,34.79245],[133.840492,34.79285],[133.84033,34.793233],[133.840117,34.793858],[133.840055,34.794],[133.839267,34.794716],[133.839292,34.794783],[133.839617,34.795033],[133.839755,34.795191],[133.84003,34.795841],[133.839805,34.796266],[133.839805,34.796624],[133.839917,34.796808],[133.840817,34.797691],[133.840892,34.797982],[133.840642,34.798432],[133.83993,34.798941],[133.839255,34.799074],[133.838517,34.799032],[133.837392,34.798799],[133.836605,34.798549],[133.83638,34.798441],[133.836242,34.798191],[133.83578,34.796683],[133.835593,34.796191],[133.835593,34.796033],[133.835455,34.795674],[133.83518,34.795583],[133.834693,34.795583],[133.834205,34.795399],[133.833768,34.795124],[133.83193,34.794199],[133.830793,34.7937],[133.830405,34.7937],[133.829643,34.793808],[133.828981,34.793858],[133.828768,34.793833],[133.828218,34.793674],[133.827018,34.793175],[133.826518,34.793241],[133.825843,34.793824],[133.825456,34.794024],[133.824631,34.793933],[133.823981,34.793908],[133.823019,34.793408],[133.822969,34.793341],[133.822881,34.793324],[133.821681,34.793474],[133.820731,34.793633],[133.818944,34.794524],[133.816369,34.794858],[133.815632,34.794924],[133.815444,34.794991],[133.815119,34.795191],[133.815057,34.795191],[133.814757,34.795574],[133.814407,34.796516],[133.814457,34.796541],[133.814594,34.796941],[133.814669,34.797374],[133.814207,34.798049],[133.813744,34.798357],[133.813632,34.798807],[133.813932,34.79939],[133.814257,34.80034],[133.814607,34.80079],[133.815481,34.802232],[133.815856,34.802573],[133.816406,34.803265],[133.816819,34.803448],[133.817231,34.803698],[133.817394,34.803831],[133.817581,34.804331],[133.817906,34.804889],[133.818481,34.805189],[133.818894,34.805573],[133.819031,34.806039],[133.818831,34.806514],[133.818644,34.806739],[133.818144,34.806381],[133.817656,34.806198],[133.817544,34.806198],[133.817106,34.805898],[133.816944,34.805748],[133.816594,34.805606],[133.815444,34.805406],[133.815006,34.805448],[133.814381,34.805689],[133.813606,34.806098],[133.812657,34.806339],[133.812594,34.806406],[133.811369,34.807056],[133.810769,34.807231],[133.810194,34.807481],[133.810107,34.807547],[133.809582,34.807731],[133.808819,34.807839],[133.808219,34.808064],[133.807582,34.808422],[133.807282,34.808822],[133.807069,34.809497],[133.807032,34.81013],[133.807144,34.810597],[133.807307,34.810739],[133.807494,34.811097],[133.807557,34.811522],[133.806782,34.811814],[133.806782,34.812105],[133.806182,34.81228],[133.804682,34.812664],[133.804457,34.812689],[133.80397,34.81293],[133.803332,34.813088],[133.802545,34.813222],[133.80202,34.81378],[133.80172,34.81423],[133.801445,34.814522],[133.801095,34.814613],[133.79967,34.81463],[133.79912,34.81483],[133.798845,34.815238],[133.798707,34.815822],[133.798732,34.816247],[133.798545,34.817146],[133.79867,34.817463],[133.79897,34.81778],[133.79922,34.81818],[133.799245,34.818971],[133.799495,34.819221],[133.799657,34.819554],[133.799545,34.819554],[133.797332,34.820063],[133.79642,34.820179],[133.796045,34.819704],[133.79547,34.819296],[133.795495,34.819163],[133.795857,34.818846],[133.796207,34.818355],[133.796245,34.818238],[133.796132,34.817838],[133.795557,34.817496],[133.79512,34.817088],[133.795008,34.816688],[133.795045,34.816147],[133.795183,34.815672],[133.795233,34.815605],[133.79527,34.815022],[133.795208,34.81428],[133.795158,34.814097],[133.79502,34.813897],[133.79472,34.81378],[133.793845,34.814122],[133.793083,34.814363],[133.792145,34.814455],[133.791158,34.814363],[133.790233,34.814155],[133.789245,34.813839],[133.788895,34.813322],[133.789033,34.813047],[133.788983,34.812555],[133.788658,34.812197],[133.787558,34.811206],[133.787021,34.811064],[133.786383,34.811106],[133.785571,34.811464],[133.785321,34.811647],[133.785258,34.811647],[133.784421,34.811331],[133.784058,34.811306],[133.783296,34.810922],[133.783108,34.810764],[133.783083,34.810356],[133.783383,34.809972],[133.783296,34.809506],[133.782833,34.809281],[133.781684,34.809072],[133.780871,34.808889],[133.780846,34.808847],[133.780871,34.808597],[133.780984,34.808506],[133.781121,34.808239],[133.781096,34.807881],[133.781009,34.807881],[133.780571,34.807764],[133.780221,34.807764],[133.779696,34.807923],[133.779309,34.808123],[133.778959,34.808139],[133.778771,34.808056],[133.778246,34.807689],[133.777896,34.807781],[133.777234,34.807848],[133.776634,34.807781],[133.775347,34.807523],[133.774747,34.807548],[133.774172,34.807748],[133.773684,34.808039],[133.773509,34.808306],[133.773484,34.808514],[133.773759,34.808872],[133.773759,34.808981],[133.773397,34.809881],[133.773122,34.810081],[133.772934,34.810131],[133.771834,34.810647],[133.771297,34.811272],[133.771122,34.811655],[133.771122,34.81208],[133.771184,34.812439],[133.771097,34.812647],[133.770659,34.813205],[133.770297,34.813855],[133.770184,34.814305],[133.770247,34.815047],[133.770159,34.815838],[133.769959,34.81613],[133.769559,34.81658],[133.769522,34.817338],[133.769434,34.819138],[133.769622,34.820263],[133.769984,34.820538],[133.770472,34.820988],[133.770684,34.821279],[133.770634,34.821304],[133.770522,34.821463],[133.770272,34.821688],[133.769997,34.822087],[133.769922,34.822271],[133.769647,34.822654],[133.768934,34.823346],[133.768734,34.823754],[133.769122,34.824379],[133.769234,34.82512],[133.769497,34.825487],[133.769634,34.825595],[133.769909,34.825954],[133.769997,34.826137],[133.769359,34.82672],[133.769034,34.826854],[133.768922,34.826854],[133.767934,34.827145],[133.767447,34.827478],[133.766759,34.828245],[133.76646,34.829028],[133.766147,34.829345],[133.765797,34.829478],[133.765247,34.829478],[133.764097,34.82932],[133.763772,34.82972],[133.763822,34.830062],[133.763822,34.830395],[133.763772,34.830553],[133.763085,34.831003],[133.76246,34.831628],[133.762347,34.831878],[133.76166,34.832595],[133.761497,34.832845],[133.76146,34.833136],[133.761485,34.833853],[133.761597,34.834328],[133.76176,34.834803],[133.761985,34.835336],[133.762572,34.836286],[133.76301,34.836402],[133.763397,34.836427],[133.763747,34.836544],[133.763772,34.837102],[133.763735,34.837694],[133.763222,34.837619],[133.763185,34.837827],[133.763247,34.838136],[133.76321,34.838319],[133.76301,34.83931],[133.763785,34.839494],[133.764847,34.83966],[133.764822,34.839794],[133.764685,34.840044],[133.764572,34.840469],[133.76451,34.84051],[133.76361,34.840644],[133.763385,34.84071],[133.763272,34.841568],[133.763347,34.842018],[133.763535,34.842285],[133.764085,34.842585],[133.764447,34.842585],[133.765672,34.842118],[133.766284,34.841985],[133.766409,34.842618],[133.766384,34.84291],[133.765972,34.843068],[133.765647,34.843243],[133.765534,34.84356],[133.765547,34.845068],[133.765347,34.845518],[133.765022,34.845885],[133.764684,34.846351],[133.764022,34.847043],[133.763559,34.847584],[133.763384,34.848234],[133.763197,34.848509],[133.762834,34.848618],[133.762309,34.848634],[133.76166,34.848726],[133.761185,34.848876],[133.760772,34.849076],[133.76026,34.849417],[133.75926,34.850559],[133.758935,34.850559],[133.757997,34.850142],[133.757535,34.850051],[133.75666,34.850184],[133.755647,34.850426],[133.75521,34.850584],[133.755147,34.850651],[133.75426,34.852601],[133.754035,34.852826],[133.75396,34.852876],[133.753522,34.852959],[133.75346,34.853184],[133.753535,34.853659],[133.753535,34.854401],[133.753835,34.854609],[133.753885,34.854676],[133.75391,34.854901],[133.753247,34.855934],[133.753247,34.856275],[133.753347,34.856659],[133.75351,34.857467],[133.753697,34.8579],[133.75381,34.858234],[133.752672,34.860059],[133.75226,34.860575],[133.752035,34.860659],[133.750747,34.860742],[133.750035,34.860917],[133.749297,34.861009],[133.748872,34.861633],[133.74841,34.86215],[133.748072,34.862375],[133.747697,34.862508],[133.74761,34.862575],[133.747335,34.862758],[133.74706,34.862808],[133.74681,34.8629],[133.74656,34.862942],[133.74631,34.862917],[133.74606,34.862808],[133.745735,34.862833],[133.745548,34.862992],[133.745298,34.8631],[133.744935,34.863217],[133.744498,34.863308],[133.744085,34.863325],[133.743673,34.863283],[133.742935,34.863258],[133.742823,34.863308],[133.742335,34.86385],[133.742035,34.864542],[133.741923,34.864725],[133.74176,34.864842],[133.74151,34.864883],[133.74121,34.864883],[133.740848,34.86495],[133.740523,34.865158],[133.740523,34.865358],[133.741048,34.866641],[133.741123,34.867291],[133.741298,34.8679],[133.741435,34.86815],[133.74151,34.868191],[133.741648,34.86835],[133.741623,34.869183],[133.741385,34.871008],[133.740973,34.872407],[133.740948,34.872857],[133.740973,34.873332],[133.740923,34.873691],[133.74061,34.874099],[133.74001,34.874707],[133.739623,34.875199],[133.739273,34.875832],[133.738948,34.87624],[133.738998,34.876465],[133.739023,34.877549],[133.738923,34.87784],[133.738398,34.878423],[133.738148,34.878765],[133.738035,34.87924],[133.738098,34.879798],[133.738073,34.880023],[133.737848,34.880248],[133.73711,34.880856],[133.73681,34.881173],[133.736585,34.88149],[133.736223,34.881898],[133.736098,34.882165],[133.73606,34.882798],[133.735985,34.883089],[133.735648,34.883381],[133.735323,34.883539],[133.73491,34.883589],[133.734248,34.883789],[133.733898,34.884106],[133.733786,34.884423],[133.733811,34.884714],[133.733761,34.884939],[133.733761,34.885256],[133.733673,34.885506],[133.733211,34.885997],[133.732198,34.886789],[133.731648,34.88733],[133.731423,34.887622],[133.731373,34.887647],[133.731348,34.887714],[133.731098,34.887847],[133.730711,34.887847],[133.729948,34.887739],[133.729636,34.88778],[133.729448,34.887964],[133.729423,34.88803],[133.729473,34.888389],[133.729673,34.888955],[133.729698,34.889313],[133.729648,34.88963],[133.729398,34.889988],[133.729011,34.890438],[133.728936,34.890713],[133.729011,34.891205],[133.728936,34.891413],[133.728323,34.891996],[133.727886,34.892288],[133.727611,34.892338],[133.727286,34.892196],[133.726873,34.891905],[133.726073,34.891571],[133.724586,34.891121],[133.723399,34.890805],[133.722824,34.890921],[133.722174,34.891146],[133.721449,34.891529],[133.721374,34.892271],[133.720986,34.893104],[133.720849,34.893871],[133.720911,34.894796],[133.720849,34.894796],[133.720549,34.895046],[133.720411,34.895246],[133.720274,34.895337],[133.719836,34.895404],[133.719474,34.895496],[133.718874,34.89572],[133.718186,34.896154],[133.717911,34.896462],[133.717724,34.896845],[133.717474,34.897595],[133.717449,34.898062],[133.717536,34.898287],[133.717499,34.898603],[133.717149,34.899037],[133.716849,34.899778],[133.716486,34.900228],[133.716074,34.900545],[133.715686,34.900953],[133.715449,34.901045],[133.715249,34.900995],[133.714899,34.90082],[133.714399,34.900453],[133.714212,34.900411],[133.713687,34.900611],[133.713112,34.900911],[133.713049,34.900995],[133.713024,34.901453],[133.712887,34.901678],[133.712724,34.901853],[133.712174,34.902144],[133.710987,34.903028],[133.710937,34.903453],[133.711049,34.903861],[133.711237,34.903994],[133.711549,34.904361],[133.711624,34.905144],[133.712174,34.905527],[133.713174,34.905977],[133.713861,34.906269],[133.714161,34.906452],[133.714411,34.906694],[133.714511,34.907011],[133.714649,34.907194],[133.716274,34.907936],[133.717048,34.908361],[133.717461,34.908652],[133.717711,34.908902],[133.717873,34.909194],[133.717986,34.909669],[133.718011,34.910385],[133.717898,34.911494],[133.717798,34.91176],[133.717598,34.911919],[133.716886,34.912235],[133.716636,34.912393],[133.716223,34.912777],[133.715648,34.913093],[133.715348,34.913318],[133.715161,34.913527],[133.714911,34.914218],[133.714773,34.914651],[133.713761,34.916135],[133.713536,34.916701],[133.713323,34.917443],[133.712748,34.918209],[133.712199,34.919159],[133.712086,34.919518],[133.712061,34.919809],[133.712023,34.919867],[133.711973,34.920401],[133.711961,34.920734],[133.712036,34.920959],[133.712211,34.921142],[133.713336,34.922034],[133.713623,34.922234],[133.713748,34.922376],[133.713873,34.922759],[133.713861,34.9242],[133.713886,34.92465],[133.71401,34.924875],[133.71431,34.925042],[133.715235,34.9252],[133.715385,34.925342],[133.715473,34.926217],[133.715623,34.926467],[133.715698,34.926533],[133.716123,34.926542],[133.716273,34.926492],[133.716573,34.926092],[133.716798,34.925917],[133.717123,34.925867],[133.717447,34.925967],[133.717897,34.926533],[133.718072,34.92685],[133.718172,34.927167],[133.71816,34.927458],[133.718085,34.927775],[133.717935,34.928017],[133.71761,34.928241],[133.717285,34.928333],[133.717085,34.928466],[133.716897,34.9288],[133.716972,34.929091],[133.717497,34.929775],[133.717722,34.929933],[133.717835,34.930566],[133.718035,34.930791],[133.718534,34.931041],[133.718709,34.931383],[133.718784,34.931674],[133.719072,34.931974],[133.719747,34.932224],[133.719822,34.932699],[133.719947,34.932924],[133.720197,34.933199],[133.720247,34.933424],[133.720059,34.933782],[133.719584,34.934324],[133.719459,34.934682],[133.719372,34.935066],[133.719422,34.935357],[133.719622,34.935674],[133.719746,34.936057],[133.719809,34.93644],[133.719421,34.937815],[133.719146,34.938698],[133.718759,34.939348],[133.718909,34.939865],[133.719721,34.940748],[133.719846,34.941115],[133.719771,34.941406],[133.719284,34.94194],[133.718659,34.942523],[133.718046,34.943314],[133.717996,34.943606],[133.718146,34.943856],[133.718471,34.944056],[133.718896,34.944373],[133.719033,34.944714],[133.718933,34.944989],[133.718908,34.945372],[133.718808,34.945572],[133.718496,34.945839],[133.718296,34.946156],[133.718083,34.947122],[133.718008,34.947255],[133.717608,34.947322],[133.717258,34.947339],[133.716683,34.947272],[133.716583,34.94738],[133.716558,34.947672],[133.716646,34.948197],[133.716896,34.948422],[133.717346,34.94858],[133.717546,34.948789],[133.717546,34.949105],[133.717496,34.949438],[133.717283,34.949688],[133.717033,34.949847],[133.716433,34.950063],[133.715883,34.950488],[133.715408,34.950555],[133.715258,34.95053],[133.715096,34.950597],[133.714921,34.950863],[133.714483,34.95183],[133.714283,34.952171],[133.714233,34.952596],[133.714283,34.952688],[133.714983,34.953096],[133.715421,34.953646],[133.71577,34.953846],[133.71587,34.954438],[133.715945,34.954571],[133.716408,34.955096],[133.716883,34.955371],[133.717233,34.955254],[133.718745,34.954346],[133.719033,34.954213],[133.719358,34.954121],[133.719533,34.954238],[133.71967,34.954463],[133.71972,34.954463],[133.720207,34.953746],[133.720482,34.953563],[133.720957,34.953363],[133.72117,34.953163],[133.721295,34.952988],[133.72122,34.952671],[133.720945,34.952013],[133.720908,34.951088],[133.720808,34.950747],[133.720758,34.950705],[133.720995,34.949714],[133.721508,34.94893],[133.721758,34.948747],[133.722033,34.948772],[133.722683,34.949072],[133.722933,34.949072],[133.723408,34.948672],[133.723733,34.948647],[133.724232,34.948722],[133.724682,34.948839],[133.725132,34.949089],[133.725982,34.949414],[133.727057,34.949755],[133.728007,34.949964],[133.728882,34.950089],[133.730494,34.949939],[133.730969,34.949939],[133.731344,34.949897],[133.731444,34.949856],[133.731769,34.949814],[133.732519,34.949839],[133.733394,34.950231],[133.733669,34.950214],[133.733869,34.950006],[133.733994,34.949922],[133.734407,34.949356],[133.734756,34.949206],[133.735181,34.948797],[133.735819,34.948448],[133.736094,34.948331],[133.736619,34.947973],[133.736794,34.947706],[133.737019,34.947548],[133.737481,34.947573],[133.737781,34.947648],[133.738081,34.947556],[133.738381,34.947331],[133.739681,34.947073],[133.740244,34.946806],[133.740394,34.946698],[133.740544,34.946473],[133.740894,34.94634],[133.741294,34.946156],[133.741319,34.945931],[133.741494,34.945823],[133.741756,34.945731],[133.742156,34.945648],[133.742631,34.945631],[133.742956,34.94579],[133.743181,34.946131],[133.743543,34.94699],[133.743693,34.947123],[133.744068,34.947306],[133.744618,34.947381],[133.745468,34.947115],[133.746106,34.946848],[133.746756,34.946382],[133.746956,34.946157],[133.747455,34.945515],[133.747943,34.94504],[133.748143,34.944973],[133.748655,34.944973],[133.749093,34.945065],[133.749893,34.945357],[133.750168,34.945557],[133.750305,34.945715],[133.75033,34.946057],[133.750393,34.946257],[133.750718,34.946482],[133.750855,34.94664],[133.751018,34.946932],[133.751493,34.947248],[133.752017,34.947448],[133.752117,34.947565],[133.75248,34.948215],[133.752805,34.948556],[133.753192,34.948848],[133.75358,34.94934],[133.753967,34.949765],[133.754267,34.949923],[133.754592,34.949973],[133.754867,34.949948],[133.75558,34.949765],[133.755855,34.949831],[133.755942,34.950015],[133.755892,34.950306],[133.755717,34.950465],[133.755005,34.950898],[133.754892,34.951073],[133.754892,34.951256],[133.75503,34.951439],[133.755255,34.951589],[133.755505,34.952064],[133.756604,34.952314],[133.757642,34.952698],[133.758117,34.952831],[133.758804,34.952939],[133.759267,34.952964],[133.759517,34.952939],[133.759767,34.952831],[133.760729,34.95249],[133.761079,34.952423],[133.761629,34.952465],[133.761904,34.952448],[133.761992,34.95224],[133.762292,34.952065],[133.762841,34.951748],[133.762891,34.951565],[133.762866,34.95114],[133.762454,34.949765],[133.762367,34.949332],[133.762429,34.949173],[133.763304,34.948698],[133.763604,34.948473],[133.763804,34.948274],[133.763879,34.948049],[133.763829,34.947574],[133.763854,34.947257],[133.763941,34.94694],[133.764104,34.946624],[133.764291,34.946357],[133.764379,34.94609],[133.764354,34.945999],[133.764179,34.945774],[133.763966,34.945632],[133.763391,34.945499],[133.763167,34.945365],[133.763279,34.945182],[133.764041,34.944691],[133.764979,34.943966],[133.765391,34.943766],[133.765554,34.943649],[133.765754,34.943108],[133.765916,34.942883],[133.766054,34.942616],[133.766166,34.942116],[133.766404,34.9416],[133.766491,34.941333],[133.766379,34.941016],[133.765829,34.940358],[133.765779,34.940116],[133.765779,34.93975],[133.765829,34.939366],[133.765967,34.938967],[133.766104,34.9384],[133.766517,34.937275],[133.766629,34.937158],[133.767066,34.937092],[133.767204,34.937092],[133.767529,34.937],[133.768216,34.936684],[133.768991,34.936142],[133.769316,34.93585],[133.769629,34.935942],[133.770141,34.93635],[133.770554,34.936484],[133.771104,34.936342],[133.771604,34.936301],[133.771929,34.936326],[133.772291,34.936434],[133.772478,34.936409],[133.772978,34.936142],[133.773628,34.935534],[133.773878,34.935126],[133.773903,34.934651],[133.773991,34.934451],[133.774541,34.933884],[133.775141,34.933484],[133.775366,34.933593],[133.775528,34.933751],[133.775916,34.934318],[133.776216,34.934993],[133.776278,34.935418],[133.776441,34.935709],[133.776653,34.935776],[133.777178,34.935643],[133.777541,34.935459],[133.777916,34.935168],[133.778115,34.934918],[133.778603,34.93366],[133.77874,34.93321],[133.778853,34.933185],[133.779265,34.933226],[133.77924,34.933051],[133.779103,34.932893],[133.779215,34.932551],[133.779178,34.932326],[133.77899,34.932126],[133.77899,34.931718],[133.778903,34.931427],[133.778878,34.93111],[133.779041,34.930552],[133.779178,34.930252],[133.779615,34.929602],[133.779815,34.929377],[133.780115,34.929177],[133.780365,34.929085],[133.780715,34.929177],[133.780965,34.929352],[133.781303,34.929469],[133.781515,34.929469],[133.781765,34.929352],[133.782453,34.928927],[133.782728,34.928877],[133.78314,34.929077],[133.783328,34.929235],[133.78344,34.929285],[133.78374,34.929302],[133.78399,34.930144],[133.784215,34.930319],[133.784515,34.930477],[133.784702,34.930544],[133.784815,34.930477],[133.785115,34.930069],[133.786052,34.929869],[133.786377,34.929685],[133.786877,34.929527],[133.787015,34.929419],[133.78734,34.928827],[133.787565,34.928561],[133.78764,34.928177],[133.787727,34.927994],[133.787777,34.927977],[133.787977,34.927994],[133.78839,34.928202],[133.789015,34.928961],[133.789315,34.929119],[133.78959,34.929119],[133.789702,34.929077],[133.790065,34.928444],[133.79014,34.928152],[133.790277,34.927952],[133.790415,34.927836],[133.790615,34.927794],[133.79069,34.927811],[133.791102,34.928194],[133.791377,34.928402],[133.792265,34.928644],[133.792565,34.928761],[133.792677,34.928894],[133.792565,34.929077],[133.792477,34.929144],[133.792365,34.929319],[133.792315,34.929544],[133.79234,34.929727],[133.792615,34.930002],[133.79309,34.930294],[133.793465,34.930452],[133.793577,34.930519],[133.79369,34.930652],[133.793802,34.931302],[133.793802,34.931594],[133.79364,34.932227],[133.793665,34.932344],[133.794015,34.932477],[133.79424,34.932502],[133.79449,34.932477],[133.794765,34.93236],[133.795202,34.932294],[133.79564,34.932652],[133.796077,34.93286],[133.797064,34.932927],[133.797264,34.93301],[133.798064,34.933152],[133.798164,34.933235],[133.798389,34.933552],[133.798939,34.933869],[133.799077,34.934027],[133.799164,34.934277],[133.798777,34.934768],[133.798714,34.934952],[133.798852,34.93511],[133.799052,34.935218],[133.799327,34.935493],[133.799439,34.935735],[133.799402,34.936102],[133.799277,34.936577],[133.798939,34.937343],[133.798477,34.937968],[133.798314,34.938335],[133.798339,34.938943],[133.798427,34.93921],[133.798614,34.93941],[133.798889,34.939568],[133.799189,34.939635],[133.799577,34.939618],[133.800401,34.93941],[133.800614,34.939368],[133.801301,34.939451],[133.801501,34.93961],[133.801939,34.93986],[133.802239,34.939835],[133.802839,34.93961],[133.803114,34.939543],[133.803589,34.939568],[133.803939,34.939635],[133.804414,34.939635],[133.804851,34.939568],[133.805076,34.939568],[133.805514,34.939743],[133.806663,34.939968],[133.806913,34.940101],[133.807163,34.94051],[133.807376,34.940776],[133.807651,34.941001],[133.807901,34.941143],[133.808063,34.941343],[133.808201,34.941701],[133.808288,34.941818],[133.808888,34.941793],[133.809001,34.94186],[133.809226,34.942443],[133.809526,34.942984],[133.809776,34.944409],[133.809938,34.944792],[133.810375,34.945484],[133.8109,34.945917],[133.811363,34.946209],[133.8117,34.946142],[133.81225,34.945934],[133.812938,34.945776],[133.813375,34.945776],[133.813725,34.945826],[133.814138,34.945959],[133.814475,34.946134],[133.814725,34.946359],[133.815213,34.946992],[133.815737,34.947867],[133.815937,34.94825],[133.816375,34.94895],[133.817312,34.949942],[133.81775,34.950367],[133.819924,34.952083],[133.820662,34.952575],[133.821074,34.952775],[133.821487,34.952933],[133.822062,34.953],[133.823499,34.952825],[133.824699,34.952617],[133.825361,34.952483],[133.827199,34.952208],[133.828274,34.9521],[133.830661,34.951667],[133.831436,34.951509],[133.832261,34.951234],[133.832611,34.951059],[133.833161,34.950675],[133.833548,34.950242],[133.833986,34.949459],[133.834286,34.948601],[133.834648,34.946976],[133.834786,34.946618],[133.834948,34.945984],[133.835223,34.945418],[133.835436,34.945126],[133.835686,34.944885],[133.836698,34.944701],[133.839148,34.94481],[133.84116,34.945143],[133.84171,34.945285],[133.84231,34.945301],[133.842835,34.945276],[133.843847,34.945118],[133.84421,34.94496],[133.844722,34.944626],[133.844997,34.944335],[133.845222,34.943993],[133.845572,34.943093],[133.84571,34.942302],[133.845735,34.940793],[133.845822,34.939935],[133.846285,34.938477],[133.846422,34.93816],[133.846697,34.93771],[133.846972,34.937344],[133.847985,34.936377],[133.848672,34.935769],[133.849472,34.935027],[133.850022,34.934569],[133.850285,34.934261],[133.850872,34.933627],[133.851472,34.932886],[133.851722,34.932477],[133.851935,34.932202],[133.852397,34.931103],[133.852622,34.930378],[133.852735,34.929636],[133.85276,34.928936],[133.852647,34.928195],[133.852235,34.927178],[133.85201,34.92682],[133.85171,34.926503],[133.850635,34.925853],[133.85036,34.925745],[133.84896,34.924845],[133.848573,34.924503],[133.847861,34.923762],[133.847423,34.92302],[133.847223,34.922429],[133.847198,34.921779],[133.847248,34.921395],[133.847686,34.92022],[133.847886,34.91987],[133.848886,34.918079],[133.849473,34.917071],[133.849998,34.916287],[133.850548,34.915787],[133.850911,34.915546],[133.852061,34.914921],[133.852473,34.914762],[133.853111,34.914612],[133.854011,34.914504],[133.854673,34.914346],[133.856073,34.913887],[133.856835,34.913571],[133.85741,34.913304],[133.858323,34.912746],[133.85871,34.912437],[133.859348,34.911804],[133.859673,34.911537],[133.860035,34.911154],[133.861173,34.909604],[133.861723,34.908754],[133.862161,34.907946],[133.862861,34.907071],[133.863136,34.906779],[133.863436,34.906529],[133.864073,34.906263],[133.865336,34.905863],[133.866873,34.905421],[133.867585,34.905313],[133.868048,34.905296],[133.868535,34.905413],[133.869135,34.905596],[133.86966,34.905804],[133.871085,34.906238],[133.872122,34.906696],[133.872345,34.906653],[133.87241,34.906654],[133.873047,34.906813],[133.873872,34.906971],[133.87461,34.906996],[133.875297,34.906854],[133.876097,34.906588],[133.87676,34.906204],[133.877498,34.904871],[133.87841,34.903405],[133.878758,34.898763],[133.882339,34.89439],[133.896267,34.890148],[133.903562,34.881798],[133.913643,34.873183],[133.924122,34.873448],[133.927795,34.874808],[133.927907,34.874017],[133.927845,34.873458],[133.92787,34.872667],[133.927932,34.872558],[133.92842,34.872692],[133.929007,34.8733],[133.929332,34.873792],[133.929745,34.874083],[133.930295,34.874175],[133.930845,34.874133],[133.931307,34.8742],[133.93167,34.874017],[133.932032,34.873925],[133.932245,34.874017],[133.93252,34.87395],[133.932682,34.87325],[133.933157,34.872975],[133.933619,34.872884],[133.934219,34.873267],[133.934357,34.873317],[133.934769,34.873225],[133.935269,34.872642],[133.935619,34.8721],[133.936007,34.871692],[133.936557,34.871242],[133.936757,34.871126],[133.937494,34.870951],[133.938232,34.870992],[133.938807,34.871167],[133.939357,34.871101],[133.940044,34.871126],[133.940869,34.871234],[133.941319,34.871126],[133.941556,34.871009],[133.942631,34.870376],[133.943369,34.870043],[133.943981,34.869926],[133.944444,34.870018],[133.945044,34.869743],[133.945706,34.869968],[133.946256,34.870243],[133.946643,34.870784],[133.947081,34.871051],[133.947768,34.871118],[133.948343,34.871118],[133.948868,34.871184],[133.949506,34.871076],[133.949968,34.871143],[133.950655,34.871501],[133.951018,34.871768],[133.951293,34.872109],[133.95143,34.872151],[133.952005,34.872193],[133.953155,34.871568],[133.953293,34.871793],[133.954693,34.872326],[133.95528,34.872668],[133.955417,34.872801],[133.955517,34.872934],[133.955767,34.873143],[133.956317,34.873293],[133.957092,34.873293],[133.95758,34.873343],[133.958355,34.873251],[133.959342,34.872959],[133.959805,34.87271],[133.95998,34.872751],[133.960304,34.873026],[133.960529,34.873409],[133.960642,34.873876],[133.960917,34.874418],[133.961129,34.874601],[133.962154,34.874393],[133.963054,34.874259],[133.963654,34.874301],[133.963967,34.874484],[133.964217,34.874909],[133.964267,34.875118],[133.964592,34.875609],[133.965204,34.876109],[133.965892,34.876418],[133.966654,34.876484],[133.966991,34.876259],[133.966966,34.876243],[133.966991,34.876218],[133.967379,34.876218],[133.968254,34.876868],[133.970179,34.877993],[133.970316,34.877968],[133.970779,34.877384],[133.970979,34.877343],[133.971466,34.877409],[133.971741,34.877384],[133.972129,34.877201],[133.972454,34.877451],[133.973004,34.877651],[133.973116,34.877743],[133.973278,34.878034],[133.973591,34.878443],[133.973891,34.878551],[133.974328,34.878534],[133.974853,34.878668],[133.975266,34.879026],[133.975653,34.879659],[133.975791,34.880084],[133.975866,34.880176],[133.976253,34.880442],[133.976341,34.880692],[133.976041,34.881009],[133.975653,34.881301],[133.975603,34.881867],[133.975791,34.882675],[133.976128,34.883034],[133.976678,34.883375],[133.977228,34.883667],[133.977741,34.8842],[133.97854,34.885467],[133.979265,34.886208],[133.980778,34.886542],[133.982528,34.8867],[133.984428,34.886742],[133.985715,34.88665],[133.98729,34.886717],[133.988277,34.887034],[133.988527,34.887192],[133.989015,34.887442],[133.990065,34.88755],[133.99034,34.8878],[133.990615,34.8882],[133.990752,34.888292],[133.991302,34.888384],[133.992102,34.888359],[133.992677,34.888467],[133.993089,34.88885],[133.993252,34.889075],[133.993639,34.889417],[133.994139,34.889575],[133.994489,34.889733],[133.995239,34.890183],[133.995927,34.89065],[133.996452,34.890875],[133.996864,34.890875],[133.997277,34.890675],[133.997336,34.89063],[133.997764,34.890483],[133.998202,34.890442],[133.998664,34.8905],[133.998901,34.8906],[133.999414,34.890925],[134.000439,34.891808],[134.000676,34.892133],[134.001014,34.89345],[134.001464,34.893708],[134.002001,34.893833],[134.002489,34.893992],[134.002776,34.894191],[134.003026,34.894641],[134.003226,34.8948],[134.003551,34.894825],[134.003951,34.894758],[134.004351,34.894758],[134.004451,34.8948],[134.004538,34.895158],[134.004538,34.895583],[134.004301,34.896216],[134.003813,34.896733],[134.003101,34.897391],[134.001913,34.898358],[134.001526,34.898824],[134.001363,34.899433],[134.001226,34.900349],[134.001251,34.901441],[134.001113,34.902266],[134.000863,34.902724],[134.000426,34.903166],[134.000438,34.903241],[134.000601,34.903382],[134.001401,34.903782],[134.001813,34.904149],[134.001988,34.90464],[134.002263,34.90574],[134.002163,34.906082],[134.001538,34.906832],[134.001501,34.90709],[134.001576,34.90734],[134.002213,34.908215],[134.002613,34.908565],[134.00325,34.908957],[134.003275,34.909048],[134.003138,34.90919],[134.002625,34.909532],[134.002313,34.910098],[134.001875,34.910448],[134.001775,34.91084],[134.001838,34.911048],[134.002013,34.911307],[134.002663,34.911798],[134.003438,34.911948],[134.004238,34.911848],[134.004488,34.911932],[134.0046,34.912098],[134.005,34.912132],[134.005288,34.912023],[134.005712,34.911915],[134.0065,34.91199],[134.006737,34.912265],[134.006837,34.912565],[134.007437,34.913673],[134.007437,34.914081],[134.007387,34.91439],[134.007387,34.914523],[134.00745,34.914598],[134.007637,34.914656],[134.007887,34.91489],[134.008562,34.914865],[134.008625,34.914973],[134.008612,34.915281],[134.008575,34.915473],[134.008587,34.915748],[134.008662,34.915856],[134.008775,34.916381],[134.008875,34.91654],[134.008987,34.916606],[134.009949,34.916715],[134.010612,34.917006],[134.010962,34.917323],[134.011037,34.91749],[134.011024,34.917664],[134.010324,34.919248],[134.010537,34.919423],[134.011024,34.919881],[134.011112,34.920131],[134.011024,34.920764],[134.011137,34.921031],[134.011524,34.921347],[134.011599,34.921572],[134.011549,34.921797],[134.011324,34.922047],[134.011249,34.922589],[134.011137,34.922764],[134.011087,34.923014],[134.011087,34.923331],[134.011249,34.923581],[134.011687,34.923914],[134.011824,34.924047],[134.011937,34.924431],[134.011874,34.92558],[134.011937,34.925947],[134.012486,34.927022],[134.012949,34.927655],[134.013086,34.927997],[134.013149,34.928672],[134.013586,34.92928],[134.013661,34.929614],[134.013499,34.92993],[134.013061,34.930405],[134.012511,34.931197],[134.012436,34.931397],[134.012486,34.931555],[134.012711,34.931872],[134.012986,34.932388],[134.013124,34.932772],[134.013311,34.933038],[134.013524,34.933763],[134.013836,34.934305],[134.013911,34.934713],[134.013974,34.935655],[134.014161,34.936063],[134.014324,34.936555],[134.014599,34.937121],[134.015373,34.937838],[134.015648,34.938155],[134.017548,34.939238],[134.017961,34.939621],[134.018811,34.940654],[134.019273,34.941104],[134.019411,34.941529],[134.019223,34.941913],[134.019086,34.942054],[134.018861,34.942438],[134.018786,34.942838],[134.018886,34.943629],[134.018836,34.944012],[134.018723,34.944287],[134.018448,34.944687],[134.018336,34.944962],[134.018336,34.945204],[134.018511,34.945637],[134.018748,34.945887],[134.019086,34.945862],[134.019473,34.945771],[134.020048,34.945771],[134.020435,34.945862],[134.02101,34.946062],[134.02211,34.946646],[134.02246,34.947321],[134.02271,34.947704],[134.022935,34.948537],[134.023148,34.948904],[134.023485,34.949304],[134.025097,34.950929],[134.02551,34.950495],[134.025822,34.950254],[134.025735,34.94987],[134.025735,34.949645],[134.02606,34.949487],[134.02651,34.949462],[134.026997,34.949187],[134.02821,34.947587],[134.028735,34.947071],[134.029272,34.946637],[134.029747,34.946412],[134.030272,34.946321],[134.030734,34.946279],[134.031147,34.946096],[134.031309,34.945738],[134.031609,34.945313],[134.031747,34.945171],[134.032247,34.944813],[134.033484,34.944204],[134.034109,34.944179],[134.035322,34.944471],[134.035547,34.944429],[134.036009,34.944221],[134.036784,34.94373],[134.037334,34.943413],[134.038209,34.94323],[134.038371,34.943188],[134.038784,34.943205],[134.039359,34.943521],[134.039659,34.943455],[134.040209,34.943388],[134.040434,34.943321],[134.041121,34.943321],[134.041208,34.943096],[134.041421,34.94273],[134.041746,34.94233],[134.042333,34.941788],[134.042683,34.94138],[134.043646,34.940863],[134.044171,34.940497],[134.044658,34.940338],[134.045346,34.940272],[134.045683,34.94018],[134.046258,34.939889],[134.048095,34.938739],[134.048783,34.938422],[134.049745,34.938106],[134.049358,34.937706],[134.04917,34.937322],[134.049108,34.936731],[134.049245,34.936731],[134.05037,34.936939],[134.05062,34.937006],[134.051195,34.937072],[134.051808,34.937181],[134.053207,34.937697],[134.05392,34.938014],[134.054082,34.938122],[134.054557,34.938281],[134.055207,34.938306],[134.05717,34.938097],[134.057844,34.938214],[134.058294,34.938531],[134.058594,34.938847],[134.058782,34.939231],[134.058944,34.939456],[134.059332,34.939272],[134.059944,34.939114],[134.060519,34.939022],[134.061069,34.938839],[134.061757,34.938456],[134.062219,34.938256],[134.062656,34.938206],[134.063506,34.938031],[134.064256,34.937756],[134.064831,34.937506],[134.065381,34.937423],[134.066006,34.937423],[134.066506,34.937306],[134.067218,34.936806],[134.067243,34.936765],[134.067543,34.937373],[134.067931,34.937706],[134.068456,34.937798],[134.068681,34.937798],[134.069418,34.937931],[134.070056,34.938223],[134.070606,34.938589],[134.07153,34.939331],[134.07228,34.940656],[134.072605,34.941314],[134.075105,34.940906],[134.076892,34.940789],[134.07753,34.940814],[134.078542,34.940898],[134.080517,34.941256],[134.081979,34.941639],[134.084429,34.942222],[134.085991,34.942631],[134.086816,34.942722],[134.087504,34.942722],[134.088516,34.942539],[134.089478,34.941972],[134.089941,34.941614],[134.090328,34.941098],[134.090878,34.939898],[134.091316,34.93859],[134.091428,34.937898],[134.091391,34.936698],[134.091203,34.936182],[134.090266,34.93449],[134.089604,34.933207],[134.089116,34.932582],[134.088779,34.932082],[134.088366,34.931607],[134.087929,34.930891],[134.087766,34.930374],[134.087816,34.929716],[134.088066,34.929449],[134.089466,34.928566],[134.090041,34.928299],[134.090616,34.927941],[134.091416,34.927533],[134.094353,34.926333],[134.095778,34.925841],[134.096765,34.925366],[134.09734,34.92505],[134.097815,34.924708],[134.098165,34.924308],[134.098665,34.9234],[134.099103,34.923358],[134.101977,34.92275],[134.102427,34.922725],[134.10369,34.922408],[134.10514,34.921908],[134.105339,34.9218],[134.105277,34.921059],[134.105415,34.9202],[134.10539,34.919875],[134.104577,34.918817],[134.104727,34.918392],[134.105052,34.917767],[134.105502,34.917259],[134.10574,34.917059],[134.105815,34.916959],[134.105827,34.916576],[134.105752,34.916234],[134.10574,34.915917],[134.105865,34.915409],[134.106052,34.915101],[134.106252,34.915059],[134.106977,34.915109],[134.10719,34.915151],[134.107702,34.915342],[134.107852,34.915342],[134.107952,34.915276],[134.108602,34.914451],[134.108889,34.914184],[134.109214,34.914001],[134.109427,34.913743],[134.109489,34.913601],[134.109527,34.913201],[134.109627,34.912918],[134.109877,34.912518],[134.110014,34.912151],[134.109977,34.911901],[134.109539,34.911201],[134.109539,34.910951],[134.109952,34.91081],[134.110352,34.910785],[134.110877,34.910885],[134.111614,34.911584],[134.112114,34.911843],[134.112327,34.912101],[134.112539,34.912243],[134.113189,34.912393],[134.113477,34.912568],[134.114151,34.912184],[134.114376,34.912409],[134.114551,34.912659],[134.114764,34.912784],[134.115089,34.912868],[134.115289,34.913043],[134.115364,34.913359],[134.115489,34.913584],[134.115676,34.913701],[134.116589,34.913751],[134.117314,34.913718],[134.117826,34.913643],[134.118189,34.913676],[134.118451,34.913993],[134.118951,34.914359],[134.119126,34.914576],[134.119276,34.914867],[134.119526,34.915134],[134.119976,34.915809],[134.120176,34.916059],[134.120463,34.916101],[134.121276,34.916126],[134.121788,34.916192],[134.122038,34.916309],[134.122176,34.916884],[134.122314,34.916817],[134.122451,34.916701],[134.122451,34.916342],[134.122676,34.915484],[134.123176,34.914609],[134.123713,34.914159],[134.124001,34.914159],[134.1245,34.914359],[134.12465,34.914359],[134.124938,34.914292],[134.125325,34.914109],[134.126063,34.913859],[134.1265,34.913768],[134.12715,34.913593],[134.127475,34.913409],[134.127788,34.912734],[134.127963,34.912468],[134.127938,34.912176],[134.12785,34.911876],[134.127725,34.911201],[134.127613,34.910909],[134.1274,34.910684],[134.127138,34.910485],[134.126075,34.909993],[134.125875,34.909743],[134.125876,34.909518],[134.126051,34.909026],[134.126051,34.908735],[134.125876,34.908435],[134.125551,34.90806],[134.125426,34.907835],[134.125463,34.907626],[134.125551,34.907426],[134.125726,34.907202],[134.126101,34.90646],[134.126688,34.904835],[134.126926,34.90396],[134.127001,34.903085],[134.126888,34.902135],[134.126763,34.901777],[134.126888,34.90106],[134.126801,34.90081],[134.126501,34.90056],[134.126151,34.900452],[134.125301,34.900069],[134.125113,34.899911],[134.125001,34.899661],[134.124963,34.898944],[134.125026,34.898494],[134.125226,34.897619],[134.125401,34.897052],[134.125376,34.896694],[134.125288,34.896444],[134.124989,34.896194],[134.125576,34.895503],[134.125751,34.895161],[134.125701,34.894961],[134.125514,34.894761],[134.125051,34.894328],[134.124876,34.894103],[134.124639,34.893703],[134.124601,34.893228],[134.124689,34.892461],[134.124864,34.892303],[134.124989,34.892103],[134.124926,34.891853],[134.124626,34.89127],[134.124339,34.89057],[134.124689,34.890461],[134.125239,34.890345],[134.125651,34.890303],[134.126514,34.890053],[134.127188,34.889736],[134.127363,34.889178],[134.127538,34.888903],[134.127738,34.888862],[134.128088,34.888862],[134.128451,34.888612],[134.128738,34.88832],[134.129038,34.888137],[134.129388,34.888162],[134.129826,34.888412],[134.130301,34.88852],[134.130713,34.88852],[134.130826,34.888545],[134.131213,34.88872],[134.131626,34.889037],[134.132126,34.889303],[134.132801,34.889578],[134.13315,34.88967],[134.133325,34.889645],[134.133413,34.889595],[134.133713,34.889062],[134.134325,34.888495],[134.134675,34.888245],[134.135888,34.887662],[134.136588,34.88712],[134.136963,34.886962],[134.137763,34.886895],[134.138325,34.887003],[134.138788,34.887303],[134.1392,34.887662],[134.139887,34.888512],[134.1403,34.88887],[134.140625,34.889095],[134.141237,34.889345],[134.1415,34.889395],[134.141975,34.889528],[134.142412,34.889503],[134.142887,34.889345],[134.1433,34.889162],[134.143975,34.888487],[134.144325,34.88822],[134.144699,34.887995],[134.145087,34.887878],[134.145524,34.887903],[134.146287,34.888062],[134.147087,34.888195],[134.147437,34.888328],[134.147874,34.88837],[134.148612,34.888212],[134.149149,34.888128],[134.149874,34.887653],[134.150261,34.887537],[134.151311,34.887428],[134.151811,34.887337],[134.152524,34.88727],[134.152674,34.887337],[134.153374,34.88772],[134.153499,34.88772],[134.154024,34.887603],[134.154349,34.88747],[134.154674,34.88727],[134.155086,34.887154],[134.155373,34.88702],[134.155636,34.88677],[134.156461,34.885462],[134.156573,34.885154],[134.156773,34.884771],[134.156986,34.884562],[134.157186,34.884471],[134.157573,34.884229],[134.157836,34.883979],[134.158186,34.883462],[134.158361,34.883346],[134.158686,34.883237],[134.158923,34.883054],[134.159098,34.882787],[134.159161,34.882446],[134.159361,34.882179],[134.159923,34.881679],[134.160511,34.881296],[134.160861,34.881138],[134.161186,34.881054],[134.161561,34.880979],[134.16256,34.881004],[134.163298,34.881113],[134.16406,34.881071],[134.164973,34.880954],[134.165123,34.880913],[134.16556,34.880888],[134.16586,34.880938],[134.165998,34.881163],[134.166147,34.881721],[134.166297,34.881996],[134.166885,34.882579],[134.16706,34.882913],[134.16721,34.883746],[134.167072,34.884196],[134.167072,34.884537],[134.16716,34.884896],[134.167335,34.885321],[134.167372,34.886245],[134.167635,34.886737],[134.167897,34.887012],[134.168285,34.887329],[134.16846,34.887687],[134.16826,34.888562],[134.168285,34.889078],[134.168585,34.889462],[134.169434,34.890295],[134.169972,34.89117],[134.170347,34.892545],[134.170472,34.892678],[134.170734,34.892611],[134.170997,34.892611],[134.171472,34.892678],[134.171884,34.892928],[134.172172,34.893486],[134.172297,34.894411],[134.172147,34.895244],[134.172309,34.896528],[134.172272,34.896861],[134.172047,34.897544],[134.172097,34.897919],[134.171984,34.898777],[134.172009,34.899002],[134.172109,34.899161],[134.172309,34.899202],[134.172809,34.899044],[134.173309,34.898819],[134.173596,34.898644],[134.173921,34.898527],[134.174284,34.898486],[134.175134,34.898619],[134.175596,34.898619],[134.176071,34.898552],[134.177184,34.898461],[134.177684,34.898527],[134.178184,34.898552],[134.178309,34.898261],[134.178446,34.897669],[134.178596,34.897561],[134.178983,34.897428],[134.180308,34.897419],[134.181271,34.897511],[134.181683,34.897694],[134.182071,34.897986],[134.182546,34.898228],[134.182858,34.898278],[134.183246,34.898253],[134.183633,34.898119],[134.184395,34.897461],[134.184795,34.897169],[134.18512,34.897128],[134.185858,34.897169],[134.18657,34.897353],[134.186745,34.897461],[134.186858,34.897736],[134.186983,34.898586],[134.187245,34.898794],[134.18757,34.898703],[134.187833,34.898478],[134.188158,34.897961],[134.188295,34.897486],[134.188383,34.896836],[134.188183,34.896561],[134.188008,34.896086],[134.188008,34.895711],[134.18812,34.894536],[134.188145,34.893861],[134.188283,34.89287],[134.188408,34.892778],[134.189058,34.892578],[134.18932,34.892378],[134.189995,34.89177],[134.19032,34.891628],[134.19122,34.891545],[134.191407,34.89147],[134.19167,34.891178],[134.191845,34.890779],[134.192245,34.890254],[134.192545,34.890254],[134.19287,34.890437],[134.193457,34.891154],[134.193757,34.891378],[134.194132,34.89152],[134.194307,34.891537],[134.195195,34.891429],[134.196932,34.890995],[134.197344,34.890995],[134.197544,34.891045],[134.197782,34.891179],[134.198069,34.891404],[134.198219,34.891645],[134.198369,34.892012],[134.198407,34.892662],[134.198494,34.892912],[134.198969,34.893562],[134.199669,34.894237],[134.200057,34.89532],[134.200082,34.895587],[134.199857,34.896062],[134.199469,34.896511],[134.199032,34.897228],[134.198794,34.897728],[134.198444,34.898245],[134.198032,34.898536],[134.197182,34.898969],[134.196719,34.899144],[134.196332,34.899211],[134.196132,34.899436],[134.196094,34.899528],[134.196219,34.899844],[134.196419,34.900178],[134.196394,34.900586],[134.196219,34.900769],[134.195369,34.900944],[134.195044,34.901086],[134.194957,34.901327],[134.194957,34.901694],[134.195107,34.901936],[134.195394,34.902161],[134.195757,34.902502],[134.195932,34.903219],[134.196044,34.903311],[134.196019,34.903311],[134.196732,34.904302],[134.196994,34.905135],[134.197057,34.90576],[134.196907,34.906035],[134.196582,34.906194],[134.196357,34.906394],[134.196032,34.90691],[134.195882,34.907452],[134.195532,34.909077],[134.195569,34.909277],[134.195507,34.909702],[134.195394,34.91011],[134.195244,34.910401],[134.194957,34.910693],[134.194807,34.910943],[134.195157,34.911276],[134.195194,34.911343],[134.194957,34.912093],[134.194894,34.912493],[134.195019,34.913126],[134.195194,34.913551],[134.195582,34.914118],[134.196107,34.914726],[134.196382,34.914859],[134.196782,34.914609],[134.197369,34.914343],[134.197844,34.914226],[134.198344,34.914251],[134.198731,34.914359],[134.199581,34.914943],[134.199756,34.914993],[134.200144,34.915009],[134.201194,34.914851],[134.201994,34.914834],[134.202431,34.914626],[134.203931,34.913435],[134.204456,34.912851],[134.204806,34.912577],[134.204981,34.912285],[134.205156,34.911277],[134.205331,34.910577],[134.205456,34.910352],[134.205806,34.910169],[134.206356,34.910127],[134.207443,34.910194],[134.207831,34.910327],[134.208243,34.910369],[134.209593,34.910352],[134.210568,34.910619],[134.211005,34.910644],[134.212043,34.910327],[134.212543,34.910302],[134.213505,34.91041],[134.213918,34.910502],[134.214917,34.911019],[134.215305,34.911085],[134.215505,34.910977],[134.215767,34.910569],[134.215855,34.910502],[134.215942,34.910161],[134.21598,34.909694],[134.216155,34.908811],[134.216355,34.908544],[134.216642,34.908411],[134.217855,34.907961],[134.218267,34.907886],[134.218592,34.907753],[134.219092,34.907644],[134.220117,34.907578],[134.220379,34.907486],[134.220642,34.907211],[134.220754,34.906945],[134.220967,34.906286],[134.221117,34.905995],[134.221342,34.905978],[134.222254,34.906511],[134.223117,34.906828],[134.223817,34.90712],[134.224117,34.907328],[134.224404,34.907636],[134.224766,34.908469],[134.225204,34.908761],[134.225554,34.908828],[134.226354,34.908894],[134.226766,34.908828],[134.227054,34.908853],[134.227154,34.909053],[134.227066,34.909236],[134.226354,34.909778],[134.226266,34.910069],[134.226241,34.910336],[134.226091,34.910494],[134.225716,34.910769],[134.225329,34.911311],[134.225179,34.911419],[134.224679,34.911469],[134.224479,34.911627],[134.224192,34.912211],[134.224129,34.912436],[134.224129,34.912836],[134.224341,34.913561],[134.224304,34.913852],[134.224191,34.914119],[134.223842,34.914727],[134.223841,34.915094],[134.223929,34.915544],[134.224079,34.915969],[134.224254,34.91626],[134.224291,34.916377],[134.224579,34.916552],[134.224904,34.916685],[134.225666,34.916752],[134.226316,34.916735],[134.226616,34.916777],[134.226816,34.91691],[134.226879,34.917185],[134.226791,34.917494],[134.226679,34.917743],[134.226529,34.918177],[134.226591,34.918468],[134.226704,34.918735],[134.226704,34.91921],[134.226479,34.91966],[134.226416,34.919877],[134.226391,34.920043],[134.226779,34.92056],[134.227466,34.921193],[134.227491,34.92126],[134.227379,34.921535],[134.226941,34.921985],[134.226829,34.922318],[134.226754,34.922818],[134.226641,34.923201],[134.226366,34.923601],[134.227141,34.923984],[134.227603,34.924101],[134.228628,34.924526],[134.228728,34.924526],[134.229691,34.923985],[134.229916,34.924035],[134.230216,34.92426],[134.230516,34.924551],[134.231128,34.925018],[134.232003,34.925426],[134.232665,34.925784],[134.232878,34.926509],[134.23299,34.926709],[134.233215,34.926893],[134.233653,34.927043],[134.234178,34.927318],[134.234665,34.927518],[134.23494,34.927768],[134.23509,34.928059],[134.235278,34.928626],[134.235415,34.928868],[134.235665,34.929092],[134.235853,34.929459],[134.235965,34.929842],[134.235853,34.930242],[134.235778,34.930809],[134.235828,34.931259],[134.235778,34.931867],[134.23559,34.932609],[134.235365,34.933125],[134.235315,34.933375],[134.235365,34.934142],[134.235202,34.934884],[134.235177,34.935317],[134.235227,34.9357],[134.235452,34.936233],[134.23559,34.9368],[134.23584,34.937475],[134.23589,34.937542],[134.236365,34.937608],[134.23754,34.93765],[134.238152,34.937725],[134.23889,34.937875],[134.239302,34.938017],[134.240214,34.938192],[134.240452,34.938217],[134.240789,34.938192],[134.241139,34.93835],[134.241827,34.938892],[134.242327,34.939158],[134.242789,34.939725],[134.243102,34.940017],[134.243426,34.940192],[134.243701,34.940283],[134.244001,34.940508],[134.245376,34.941116],[134.246064,34.941566],[134.246339,34.941925],[134.246426,34.942375],[134.246289,34.942875],[134.246064,34.943008],[134.245964,34.943191],[134.246101,34.943525],[134.246151,34.944041],[134.245876,34.944741],[134.245689,34.944924],[134.245439,34.945016],[134.244639,34.945083],[134.244401,34.945149],[134.244339,34.945349],[134.244376,34.945783],[134.244314,34.946183],[134.244014,34.946724],[134.244014,34.946907],[134.244151,34.946974],[134.244839,34.947016],[134.245201,34.947107],[134.245414,34.947291],[134.245614,34.947624],[134.245751,34.948257],[134.245888,34.948441],[134.246188,34.948482],[134.247151,34.948482],[134.247288,34.948441],[134.247312,34.948513],[134.247538,34.948791],[134.247876,34.948924],[134.248638,34.949057],[134.249113,34.949191],[134.249738,34.949332],[134.250213,34.949282],[134.250538,34.949099],[134.251201,34.948857],[134.251363,34.948649],[134.251338,34.948407],[134.251226,34.947974],[134.251226,34.947749],[134.252438,34.947591],[134.253225,34.947408],[134.253313,34.947274],[134.2535,34.946283],[134.253588,34.946174],[134.25395,34.946058],[134.254088,34.946058]]],"type":"Polygon"},"properties":{"pref":"岡山県","id":"K51","number":8,"name":"備前","id_url":"K51.html","yomi":"びぜん"},"type":"Feature"}]}