{"type":"FeatureCollection","features":[{"type":"Feature","geometry":{"coordinates":[[[130.925982,33.902775],[130.926581,33.903325],[130.927281,33.903916],[130.928206,33.904583],[130.929344,33.905625],[130.929756,33.905958],[130.930544,33.907008],[130.930818,33.906783],[130.931706,33.907891],[130.931281,33.908258],[130.932018,33.908899],[130.932531,33.908649],[130.932881,33.909008],[130.933093,33.909324],[130.933293,33.909682],[130.933506,33.910274],[130.932993,33.910657],[130.933956,33.912407],[130.934443,33.912316],[130.934906,33.913399],[130.934956,33.913424],[130.934956,33.913624],[130.935018,33.913874],[130.935118,33.914099],[130.935418,33.914415],[130.935968,33.915249],[130.936293,33.915873],[130.936593,33.916615],[130.93668,33.916773],[130.93698,33.917623],[130.937043,33.918423],[130.937255,33.918948],[130.937743,33.91994],[130.938205,33.920565],[130.938818,33.921273],[130.93908,33.921948],[130.939393,33.922589],[130.939655,33.922564],[130.939943,33.922989],[130.940292,33.923389],[130.940955,33.923964],[130.94113,33.924164],[130.941755,33.925939],[130.941755,33.926997],[130.94028,33.926681],[130.94063,33.927689],[130.941855,33.928056],[130.941892,33.928439],[130.94203,33.928839],[130.942892,33.93088],[130.942392,33.931672],[130.94368,33.933997],[130.94358,33.934155],[130.945717,33.937863],[130.945992,33.938238],[130.946217,33.938396],[130.947929,33.939204],[130.952903,33.941388],[130.953228,33.941496],[130.954441,33.942121],[130.953403,33.943246],[130.95729,33.945537],[130.958178,33.944704],[130.961015,33.946529],[130.961202,33.946437],[130.961263,33.946387],[130.961577,33.94672],[130.962202,33.947504],[130.962415,33.947329],[130.962465,33.94732],[130.96269,33.946187],[130.962902,33.946071],[130.963852,33.946237],[130.964402,33.946812],[130.964527,33.947062],[130.964502,33.947262],[130.964289,33.947379],[130.964202,33.947312],[130.963877,33.947495],[130.963827,33.947495],[130.963714,33.947404],[130.963689,33.947337],[130.963202,33.947595],[130.963265,33.94782],[130.962977,33.948045],[130.96209,33.948604],[130.962015,33.948695],[130.962402,33.950328],[130.962015,33.953845],[130.962765,33.953861],[130.963002,33.952012],[130.963289,33.95167],[130.963752,33.951703],[130.963789,33.953211],[130.964712,33.952694],[130.965039,33.952453],[130.965627,33.952337],[130.965639,33.952537],[130.965439,33.953211],[130.965227,33.953645],[130.964889,33.954011],[130.964489,33.954711],[130.964339,33.955145],[130.963877,33.956186],[130.963777,33.956569],[130.963777,33.956861],[130.963514,33.956886],[130.963452,33.956661],[130.962915,33.956761],[130.962852,33.956536],[130.96159,33.956619],[130.96154,33.956919],[130.96124,33.956961],[130.961302,33.957503],[130.961552,33.957611],[130.961552,33.957794],[130.961402,33.958444],[130.96154,33.958652],[130.96174,33.958736],[130.961715,33.959077],[130.961777,33.959661],[130.96149,33.959819],[130.961465,33.959869],[130.961577,33.960136],[130.961877,33.960336],[130.961965,33.960561],[130.96194,33.96096],[130.962002,33.961185],[130.962252,33.96141],[130.962865,33.962077],[130.963165,33.962227],[130.963515,33.962202],[130.963889,33.962127],[130.964164,33.962144],[130.964614,33.961852],[130.965489,33.961161],[130.967789,33.961019],[130.968701,33.961586],[130.970863,33.961469],[130.972963,33.960136],[130.974488,33.959103],[130.973738,33.958211],[130.975313,33.957486],[130.975625,33.957911],[130.977375,33.957686],[130.977525,33.958428],[130.976375,33.958578],[130.976288,33.959528],[130.979587,33.959908],[130.982387,33.960269],[130.986756,33.96097],[130.989388,33.961524],[130.992011,33.962303],[130.992236,33.961753],[130.990286,33.959128],[130.989324,33.958378],[130.985237,33.958095],[130.985199,33.957845],[130.985412,33.95782],[130.985412,33.957728],[130.985249,33.957736],[130.985274,33.957461],[130.985762,33.95757],[130.986524,33.957603],[130.988062,33.957562],[130.988799,33.95762],[130.989724,33.957762],[130.990149,33.957937],[130.990899,33.95862],[130.991674,33.959561],[130.992336,33.960178],[130.992585,33.960475],[130.992638,33.96063],[130.992699,33.960761],[130.992599,33.960895],[130.992924,33.961161],[130.993261,33.961361],[130.994661,33.962444],[130.994611,33.962669],[130.994774,33.962778],[130.994274,33.963119],[130.994099,33.963011],[130.993674,33.963311],[130.997594,33.966681],[130.997923,33.966977],[130.998761,33.967677],[130.999823,33.96871],[130.999873,33.968802],[131.000311,33.96921],[131.000898,33.96966],[131.001344,33.969922],[131.00536,33.968819],[131.006448,33.968436],[131.007748,33.968052],[131.007823,33.967827],[131.007798,33.967627],[131.006498,33.966569],[131.005635,33.965778],[131.00496,33.965353],[131.00501,33.964944],[131.004985,33.964919],[131.004923,33.964944],[131.004685,33.965303],[131.004223,33.965553],[131.002948,33.965919],[131.002685,33.965919],[131.002335,33.965603],[131.001411,33.964928],[131.000786,33.964403],[131.000548,33.964161],[131.000511,33.964094],[131.000598,33.964094],[131.00216,33.963553],[131.003323,33.963211],[131.004298,33.96287],[131.005385,33.962553],[131.006085,33.962395],[131.00636,33.962286],[131.006492,33.962204],[131.006598,33.962103],[131.006923,33.961945],[131.007198,33.962078],[131.006898,33.962436],[131.00676,33.962553],[131.00671,33.96267],[131.010447,33.965844],[131.01521,33.96437],[131.019922,33.962961],[131.019597,33.962062],[131.017372,33.961553],[131.017284,33.96122],[131.017072,33.960362],[131.017722,33.96027],[131.019209,33.959954],[131.019697,33.959904],[131.021184,33.960262],[131.021934,33.96017],[131.022297,33.960037],[131.022909,33.960104],[131.023346,33.960079],[131.023484,33.960012],[131.023721,33.95977],[131.023671,33.959337],[131.023721,33.958912],[131.023934,33.95792],[131.023859,33.957487],[131.023446,33.956404],[131.023122,33.956137],[131.022822,33.955596],[131.021822,33.954221],[131.021197,33.953746],[131.020034,33.953588],[131.019872,33.953546],[131.019472,33.953204],[131.018684,33.951696],[131.018247,33.950688],[131.018034,33.949938],[131.018059,33.949221],[131.018222,33.949038],[131.018622,33.948788],[131.019297,33.948538],[131.019522,33.948588],[131.019922,33.948813],[131.020172,33.948813],[131.020734,33.948405],[131.021622,33.947572],[131.022059,33.946913],[131.022084,33.946439],[131.021947,33.945789],[131.021434,33.944522],[131.021434,33.944372],[131.021784,33.943422],[131.021859,33.942922],[131.021734,33.942564],[131.021609,33.942342],[131.021439,33.942139],[131.021209,33.941997],[131.020845,33.941896],[131.020297,33.941822],[131.018647,33.941639],[131.018322,33.941797],[131.01756,33.942006],[131.017185,33.942139],[131.01721,33.942256],[131.017097,33.942389],[131.016097,33.942481],[131.015447,33.942456],[131.015235,33.942364],[131.014347,33.941531],[131.014218,33.941943],[131.013935,33.942297],[131.013672,33.942597],[131.013672,33.943022],[131.013422,33.943297],[131.01286,33.94293],[131.012447,33.942464],[131.012447,33.942322],[131.012935,33.942072],[131.01296,33.941989],[131.012722,33.941831],[131.011585,33.941622],[131.011148,33.941672],[131.01096,33.941856],[131.01056,33.941922],[131.010498,33.941872],[131.009885,33.940997],[131.00966,33.940231],[131.00971,33.939464],[131.009548,33.938789],[131.00966,33.938473],[131.009823,33.938406],[131.01001,33.938089],[131.01006,33.937881],[131.009735,33.937481],[131.008848,33.936806],[131.008523,33.936873],[131.008223,33.936981],[131.008086,33.936689],[131.008148,33.935523],[131.007986,33.93509],[131.007736,33.934998],[131.007848,33.93464],[131.008198,33.934031],[131.008436,33.934031],[131.008761,33.933806],[131.009198,33.933356],[131.009711,33.932906],[131.009898,33.932565],[131.009898,33.932223],[131.010011,33.931907],[131.010548,33.931348],[131.010761,33.930915],[131.010761,33.930598],[131.010511,33.930132],[131.010111,33.930015],[131.009386,33.929923],[131.008811,33.929657],[131.008086,33.92889],[131.007886,33.928307],[131.007648,33.927832],[131.007561,33.92774],[131.007136,33.927565],[131.006911,33.927249],[131.006486,33.926957],[131.006013,33.926627],[131.005186,33.926324],[131.004787,33.926205],[131.004399,33.92619],[131.003811,33.926215],[131.003161,33.925924],[131.001887,33.925066],[131.001099,33.924749],[131.000962,33.924641],[131.001049,33.924416],[131.001937,33.924341],[131.002099,33.924274],[131.002187,33.924049],[131.002124,33.923941],[131.001637,33.923574],[131.001499,33.923307],[131.001424,33.923057],[131.001499,33.922516],[131.002049,33.921999],[131.002212,33.921949],[131.002612,33.921974],[131.003174,33.922066],[131.003774,33.921999],[131.004886,33.921566],[131.005424,33.921658],[131.005636,33.921949],[131.005536,33.922291],[131.005586,33.922399],[131.006343,33.92241],[131.006561,33.922424],[131.007399,33.922599],[131.007886,33.922849],[131.0079,33.923019],[131.008139,33.923135],[131.008674,33.923074],[131.009236,33.922916],[131.009748,33.922733],[131.009886,33.922708],[131.010486,33.922241],[131.010673,33.921941],[131.010773,33.921608],[131.010998,33.921291],[131.011123,33.920816],[131.011448,33.920341],[131.011673,33.920208],[131.011961,33.920075],[131.012486,33.920116],[131.013161,33.920183],[131.013823,33.919841],[131.014198,33.919566],[131.014336,33.919525],[131.014636,33.919525],[131.014873,33.919683],[131.014961,33.919908],[131.015136,33.920116],[131.015373,33.920091],[131.015511,33.919933],[131.015661,33.9197],[131.015748,33.919475],[131.015586,33.919366],[131.015486,33.919341],[131.015373,33.91925],[131.015261,33.919233],[131.014986,33.919383],[131.014914,33.919258],[131.014848,33.919141],[131.014611,33.918508],[131.014223,33.9179],[131.013711,33.916683],[131.013523,33.916033],[131.013473,33.915833],[131.013336,33.915742],[131.013086,33.915717],[131.012711,33.91585],[131.012411,33.916008],[131.012036,33.91615],[131.011761,33.91615],[131.010849,33.915925],[131.010499,33.915792],[131.010124,33.915858],[131.008961,33.915592],[131.008711,33.915475],[131.008436,33.91525],[131.008086,33.915142],[131.007824,33.915117],[131.007149,33.915258],[131.006899,33.915275],[131.006474,33.915167],[131.006124,33.915125],[131.005737,33.915283],[131.005637,33.915283],[131.005087,33.915142],[131.004824,33.915008],[131.004524,33.914742],[131.004287,33.9144],[131.004037,33.913867],[131.003824,33.91305],[131.003987,33.912809],[131.004312,33.912875],[131.004624,33.91285],[131.004737,33.9128],[131.004824,33.912717],[131.004824,33.912509],[131.004924,33.912417],[131.004924,33.912284],[131.004874,33.912242],[131.004737,33.912217],[131.004524,33.912125],[131.004087,33.911884],[131.003787,33.911859],[131.003462,33.911592],[131.0033,33.9115],[131.003087,33.911209],[131.00255,33.910867],[131.002462,33.91085],[131.002225,33.910692],[131.002062,33.910625],[131.001875,33.909876],[131.001925,33.909651],[131.0023,33.909409],[131.002762,33.909251],[131.003,33.909001],[131.003225,33.908209],[131.003162,33.907801],[131.003037,33.907351],[131.003025,33.906968],[131.003162,33.906659],[131.003412,33.906251],[131.003675,33.905909],[131.00395,33.905684],[131.004087,33.905659],[131.004269,33.905697],[131.00435,33.905734],[131.004625,33.905551],[131.00495,33.905818],[131.00533,33.905965],[131.005512,33.906001],[131.005662,33.905818],[131.005975,33.905618],[131.006137,33.905434],[131.006112,33.905326],[131.006162,33.905168],[131.00605,33.90496],[131.005862,33.904826],[131.005724,33.904732],[131.005662,33.904618],[131.0056,33.904418],[131.005375,33.904151],[131.005075,33.90386],[131.004862,33.903751],[131.004725,33.903751],[131.004512,33.90381],[131.0037,33.903618],[131.003462,33.903526],[131.003237,33.90336],[131.002862,33.903235],[131.0027,33.903235],[131.002512,33.903168],[131.002162,33.90291],[131.00195,33.902851],[131.00165,33.90291],[131.001537,33.903076],[131.0013,33.90321],[131.000975,33.90321],[131.000563,33.903351],[131.000113,33.903285],[130.999813,33.903168],[130.999625,33.903151],[130.9996,33.903326],[130.9997,33.903551],[130.999575,33.90396],[130.99935,33.904251],[130.998925,33.904976],[130.997975,33.906168],[130.997875,33.906234],[130.997624,33.906614],[130.993801,33.905401],[130.994901,33.904018],[130.994388,33.903609],[130.994463,33.903493],[130.994526,33.903468],[130.994551,33.903243],[130.994513,33.903135],[130.994163,33.902593],[130.993376,33.902251],[130.991888,33.90206],[130.991163,33.901835],[130.990638,33.901518],[130.990426,33.901226],[130.989639,33.900868],[130.989501,33.90071],[130.988751,33.900276],[130.987876,33.900243],[130.987526,33.900335],[130.987151,33.899968],[130.987389,33.899543],[130.987951,33.898127],[130.988189,33.897085],[130.988189,33.896927],[130.988401,33.896277],[130.988476,33.895869],[130.988664,33.895102],[130.988664,33.894944],[130.988551,33.894669],[130.988326,33.894402],[130.988226,33.894152],[130.988001,33.893927],[130.987602,33.893769],[130.987627,33.893569],[130.987702,33.893544],[130.987864,33.893344],[130.988239,33.89321],[130.988426,33.893119],[130.988889,33.892752],[130.989126,33.892494],[130.989289,33.892186],[130.990839,33.893111],[130.990839,33.893336],[130.990926,33.893627],[130.991064,33.893919],[130.991351,33.894169],[130.991951,33.894369],[130.992089,33.894369],[130.992301,33.894544],[130.992464,33.894819],[130.992951,33.894885],[130.993301,33.894744],[130.993389,33.894585],[130.993139,33.894385],[130.992901,33.894344],[130.992576,33.89411],[130.992189,33.894077],[130.991864,33.894144],[130.991601,33.894102],[130.991214,33.893877],[130.991114,33.893719],[130.991189,33.893652],[130.991701,33.89396],[130.997513,33.892927],[131.002038,33.891986],[131.00155,33.890119],[131.00205,33.890011],[131.002,33.889853],[131.003838,33.889495],[131.004463,33.891478],[131.003,33.892436],[131.00295,33.892344],[131.002838,33.892428],[131.003,33.892619],[131.004688,33.891569],[130.999651,33.873571],[130.997624,33.873626],[130.995414,33.873688],[130.995414,33.873913],[130.995889,33.873921],[130.995914,33.874254],[130.997624,33.874242],[130.999226,33.874163],[130.999325,33.874416],[130.999401,33.874588],[131.000189,33.877404],[131.000203,33.877594],[131.000214,33.877896],[130.997624,33.87845],[130.995964,33.878454],[130.995901,33.878187],[130.995739,33.878029],[130.995664,33.878029],[130.995451,33.878121],[130.995176,33.878146],[130.994714,33.878121],[130.994252,33.877946],[130.994127,33.877879],[130.993964,33.878012],[130.993827,33.878279],[130.993427,33.878446],[130.993152,33.878671],[130.993102,33.878762],[130.992939,33.878895],[130.992914,33.879029],[130.993077,33.878987],[130.993702,33.879054],[130.994051,33.879137],[130.994239,33.879229],[130.994376,33.87932],[130.994514,33.879479],[130.994564,33.87977],[130.994814,33.880037],[130.994976,33.880354],[130.995032,33.880632],[130.994089,33.880779],[130.994901,33.88457],[130.995003,33.885038],[130.992176,33.885503],[130.991102,33.885753],[130.990837,33.88569],[130.990502,33.885528],[130.990377,33.883862],[130.990027,33.883837],[130.990002,33.883662],[130.989927,33.882728],[130.989877,33.881953],[130.989602,33.881937],[130.988102,33.881912],[130.988102,33.882295],[130.988102,33.882645],[130.988102,33.883162],[130.988102,33.883412],[130.987414,33.883528],[130.987252,33.883637],[130.986477,33.88207],[130.986427,33.881945],[130.986127,33.88202],[130.98584,33.882112],[130.98569,33.881703],[130.98649,33.881462],[130.986677,33.881362],[130.986952,33.876829],[130.98674,33.876712],[130.98674,33.875937],[130.986515,33.875937],[130.986515,33.875671],[130.98679,33.875687],[130.98679,33.872171],[130.98639,33.871721],[130.98614,33.871788],[130.985327,33.870621],[130.985053,33.87078],[130.984728,33.870396],[130.98494,33.870196],[130.98214,33.867163],[130.983753,33.866047],[130.982915,33.865072],[130.98439,33.864105],[130.98864,33.868788],[130.997624,33.868318],[130.998239,33.868322],[130.997624,33.865843],[130.993415,33.851032],[130.989753,33.851324],[130.988553,33.854815],[130.988178,33.854865],[130.98704,33.854915],[130.986928,33.85494],[130.986803,33.854915],[130.986715,33.853673],[130.986628,33.852815],[130.986565,33.852707],[130.98659,33.852573],[130.98694,33.85234],[130.987003,33.852248],[130.98694,33.851482],[130.986965,33.851115],[130.98709,33.850432],[130.987091,33.849799],[130.986928,33.849382],[130.986466,33.848715],[130.986303,33.848549],[130.985953,33.848349],[130.985328,33.848249],[130.985191,33.848265],[130.985053,33.848215],[130.984791,33.848057],[130.984566,33.847632],[130.984453,33.847291],[130.984178,33.846824],[130.984078,33.846749],[130.983828,33.846707],[130.983403,33.846707],[130.983103,33.846532],[130.982691,33.846257],[130.982479,33.845966],[130.982504,33.845607],[130.983503,33.845199],[130.983741,33.844141],[130.982904,33.843941],[130.980929,33.843358],[130.980654,33.843291],[130.980491,33.843258],[130.980466,33.843224],[130.981229,33.841283],[130.981016,33.841208],[130.980216,33.842866],[130.979916,33.842599],[130.978242,33.842549],[130.978016,33.844357],[130.977367,33.844449],[130.977279,33.844449],[130.977254,33.844407],[130.977092,33.843391],[130.977029,33.843282],[130.976304,33.842699],[130.976242,33.842599],[130.976079,33.841799],[130.977079,33.841591],[130.977467,33.839175],[130.978767,33.839433],[130.978754,33.837441],[130.976917,33.837233],[130.977004,33.836608],[130.977054,33.836125],[130.976992,33.835633],[130.976554,33.834667],[130.976354,33.834375],[130.976354,33.834333],[130.972055,33.835392],[130.971563,33.835659],[130.97098,33.835808],[130.970355,33.835791],[130.970117,33.835841],[130.968642,33.836283],[130.967505,33.836608],[130.963193,33.837816],[130.963505,33.838391],[130.960381,33.839049],[130.960318,33.838616],[130.960068,33.838141],[130.959481,33.835925],[130.958818,33.833616],[130.957781,33.830583],[130.957556,33.830183],[130.957369,33.83],[130.957019,33.829917],[130.956631,33.8299],[130.956581,33.829717],[130.956894,33.82935],[130.958481,33.826701],[130.961993,33.82026],[130.963156,33.818335],[130.964381,33.81566],[130.966193,33.811186],[130.966656,33.809461],[130.967956,33.809769],[130.969493,33.809994],[130.978805,33.811703],[130.979967,33.811869],[130.980155,33.811753],[130.980742,33.811253],[130.980828,33.811062],[130.980949,33.810832],[130.981167,33.810645],[130.98143,33.810545],[130.98178,33.810345],[130.982367,33.809703],[130.982792,33.80932],[130.983286,33.808888],[130.983592,33.808787],[130.983867,33.808837],[130.984079,33.808828],[130.984354,33.808962],[130.984704,33.809228],[130.984979,33.809612],[130.985092,33.810036],[130.984992,33.810236],[130.985592,33.810503],[130.987142,33.811003],[130.987929,33.811295],[130.989504,33.811811],[130.992454,33.812886],[130.994141,33.813453],[130.995228,33.81387],[130.996766,33.814378],[130.997626,33.814691],[131.000278,33.815636],[131.004828,33.806454],[131.004265,33.806254],[130.998678,33.807187],[130.997626,33.80935],[130.997116,33.810229],[130.996216,33.80987],[130.997626,33.807075],[130.999228,33.803921],[130.999578,33.803871],[131.000628,33.801796],[131.000128,33.800538],[130.998166,33.800655],[130.998003,33.800996],[130.997626,33.800859],[130.997416,33.800555],[130.994191,33.799463],[130.993479,33.799246],[130.993566,33.79913],[130.992904,33.798346],[130.992292,33.797547],[130.992129,33.797613],[130.991279,33.796563],[130.989954,33.79658],[130.989904,33.796488],[130.989817,33.796155],[130.989229,33.796155],[130.989142,33.796205],[130.989092,33.796563],[130.987854,33.79653],[130.987742,33.796397],[130.987555,33.796063],[130.987904,33.795947],[130.987842,33.795563],[130.987567,33.793947],[130.98728,33.793947],[130.986892,33.79143],[130.987255,33.791355],[130.988405,33.790981],[130.988042,33.790464],[130.987717,33.789806],[130.987492,33.789906],[130.98738,33.789897],[130.987355,33.789797],[130.987305,33.789706],[130.98718,33.789764],[130.987067,33.789722],[130.98643,33.787956],[130.98688,33.787823],[130.98703,33.787781],[130.987067,33.787706],[130.986892,33.787398],[130.987017,33.787339],[130.987142,33.787289],[130.987167,33.787148],[130.986117,33.786139],[130.982543,33.784464],[130.982693,33.784214],[130.985868,33.784973],[130.986055,33.785398],[130.986255,33.785648],[130.98658,33.785914],[130.986805,33.786223],[130.987317,33.786131],[130.987417,33.786306],[130.987592,33.786439],[130.98863,33.786073],[130.990142,33.789389],[130.991004,33.789181],[130.993517,33.794839],[130.993629,33.794914],[130.993729,33.794947],[130.993842,33.794972],[130.993979,33.795014],[130.994104,33.79503],[130.994254,33.795089],[130.994329,33.795114],[130.994441,33.795164],[130.994566,33.795214],[130.994654,33.795247],[130.994729,33.795264],[130.994829,33.795297],[130.995166,33.79543],[130.997104,33.796097],[130.997626,33.796326],[130.998391,33.79653],[131.000016,33.793122],[130.997627,33.792243],[130.997279,33.792064],[130.995954,33.791647],[130.995616,33.791089],[130.996554,33.790514],[130.997176,33.790957],[130.997627,33.791235],[130.998179,33.791639],[130.999816,33.789856],[131.000066,33.790031],[131.000204,33.791298],[131.000991,33.791364],[131.001416,33.790456],[131.001429,33.790202],[131.001441,33.789848],[131.000654,33.788948],[131.001404,33.788073],[131.001591,33.78744],[131.003629,33.783374],[131.002891,33.781099],[130.998929,33.778474],[130.999154,33.778224],[130.997627,33.777145],[130.994417,33.774899],[130.993692,33.775066],[130.993021,33.774639],[130.991867,33.773849],[130.992155,33.773483],[130.99273,33.773566],[130.993317,33.773558],[130.993755,33.773466],[130.994205,33.773216],[130.99453,33.772941],[130.994955,33.773183],[130.995392,33.773199],[130.99558,33.77315],[130.99598,33.77315],[130.996317,33.77335],[130.996479,33.773574],[130.996717,33.773683],[130.996992,33.773766],[130.997179,33.773633],[130.997292,33.773633],[130.997627,33.773746],[130.998942,33.77415],[130.999054,33.774033],[131.001242,33.774683],[131.001754,33.77405],[130.999829,33.772841],[130.999929,33.7727],[130.997629,33.771133],[130.999492,33.769167],[131.004254,33.772175],[131.003904,33.7726],[131.011415,33.777608],[131.011928,33.777175],[131.01244,33.777383],[131.01774,33.768168],[131.000542,33.757285],[131.000655,33.757101],[131.001192,33.756385],[131.001405,33.756152],[131.001992,33.755435],[131.002567,33.754869],[131.003042,33.754052],[131.003317,33.753377],[131.003655,33.752935],[131.004392,33.752202],[131.004467,33.752044],[131.004117,33.751661],[131.003917,33.751336],[131.00398,33.749961],[131.004005,33.749877],[131.003967,33.749019],[131.00403,33.748294],[131.00413,33.748269],[131.004405,33.748136],[131.005055,33.747694],[131.005617,33.747153],[131.005967,33.746503],[131.006155,33.745961],[131.006205,33.745578],[131.00618,33.745419],[131.006567,33.745178],[131.008204,33.74392],[131.008704,33.744378],[131.009267,33.74472],[131.009717,33.744903],[131.009517,33.745261],[131.010017,33.745536],[131.010092,33.745628],[131.009942,33.74597],[131.010829,33.746511],[131.011604,33.746903],[131.011054,33.747553],[131.010691,33.74807],[131.009329,33.74732],[131.008992,33.747695],[131.009117,33.747811],[131.010317,33.748495],[131.010816,33.748795],[131.011016,33.748886],[131.011191,33.748595],[131.011466,33.748636],[131.011341,33.748978],[131.010854,33.749511],[131.010779,33.749495],[131.010729,33.749378],[131.010754,33.749061],[131.010566,33.748878],[131.010516,33.748945],[131.010504,33.749311],[131.010304,33.749645],[131.009954,33.74962],[131.009904,33.749936],[131.010079,33.750053],[131.010479,33.749961],[131.010629,33.749878],[131.011129,33.750378],[131.011416,33.750578],[131.012066,33.750828],[131.012466,33.751103],[131.012841,33.751311],[131.014054,33.751136],[131.015753,33.751011],[131.016078,33.750886],[131.016203,33.750795],[131.016541,33.75032],[131.016666,33.749961],[131.016616,33.74962],[131.016953,33.748361],[131.017266,33.74782],[131.017516,33.747436],[131.017791,33.747236],[131.018191,33.747245],[131.018453,33.747128],[131.018728,33.746836],[131.018896,33.746713],[131.019003,33.746528],[131.018953,33.74607],[131.019016,33.74587],[131.019241,33.745353],[131.019066,33.74492],[131.018966,33.744903],[131.018916,33.744837],[131.018828,33.744337],[131.018578,33.744087],[131.018403,33.744103],[131.017928,33.743837],[131.017828,33.743562],[131.017891,33.742953],[131.018141,33.742095],[131.018391,33.741945],[131.018453,33.741712],[131.018379,33.741628],[131.018054,33.741553],[131.017241,33.741778],[131.016891,33.741837],[131.016716,33.74182],[131.016541,33.742037],[131.016391,33.742445],[131.016354,33.742737],[131.017004,33.742995],[131.016879,33.743378],[131.016679,33.743687],[131.016279,33.743687],[131.015854,33.743503],[131.015879,33.743162],[131.016091,33.742487],[131.016291,33.741995],[131.017641,33.739837],[131.017866,33.739387],[131.017904,33.739095],[131.017329,33.738187],[131.016979,33.737829],[131.014929,33.734746],[131.014654,33.734496],[131.013529,33.734121],[131.013842,33.733271],[131.014279,33.732279],[131.014429,33.731646],[131.015204,33.731946],[131.016604,33.732362],[131.016929,33.732429],[131.016954,33.732412],[131.017066,33.731937],[131.017541,33.731987],[131.017666,33.731829],[131.017816,33.731871],[131.018241,33.731921],[131.018691,33.731946],[131.019016,33.732062],[131.019479,33.731546],[131.020001,33.731407],[131.020254,33.731346],[131.020554,33.731171],[131.020904,33.730854],[131.021066,33.730496],[131.021066,33.730179],[131.021341,33.729846],[131.021716,33.729621],[131.0219,33.729328],[131.022079,33.728929],[131.022366,33.728205],[131.022266,33.727846],[131.021616,33.727388],[131.021716,33.72698],[131.022104,33.725971],[131.022441,33.724688],[131.022591,33.724438],[131.022829,33.724213],[131.022929,33.723763],[131.022879,33.723405],[131.023041,33.723047],[131.023216,33.722305],[131.024016,33.720455],[131.024766,33.718272],[131.026079,33.714472],[131.026279,33.713972],[131.026404,33.713814],[131.026604,33.713481],[131.026841,33.712781],[131.027966,33.710464],[131.028279,33.709523],[131.028629,33.709048],[131.029316,33.707856],[131.029679,33.70734],[131.029804,33.707123],[131.029904,33.706598],[131.030004,33.706398],[131.030466,33.705632],[131.031004,33.705073],[131.031828,33.704448],[131.032616,33.703282],[131.032953,33.702874],[131.033503,33.702724],[131.033703,33.702474],[131.034453,33.70219],[131.034416,33.701899],[131.034041,33.701599],[131.033391,33.700916],[131.033366,33.700674],[131.033523,33.700639],[131.033666,33.700674],[131.034032,33.700699],[131.034166,33.700699],[131.034466,33.700699],[131.034803,33.700157],[131.035153,33.699799],[131.035466,33.699307],[131.035716,33.698524],[131.035378,33.698024],[131.035403,33.697799],[131.036003,33.697533],[131.036203,33.697174],[131.036366,33.696674],[131.036841,33.696524],[131.037066,33.696341],[131.037141,33.696024],[131.037328,33.695733],[131.037503,33.695574],[131.037628,33.695374],[131.037578,33.694991],[131.037716,33.694675],[131.037816,33.694275],[131.037941,33.693958],[131.038116,33.693933],[131.038353,33.693533],[131.038878,33.69315],[131.038853,33.693058],[131.038928,33.693058],[131.039078,33.692766],[131.039128,33.692525],[131.038916,33.692225],[131.039016,33.692117],[131.039291,33.691983],[131.039791,33.691492],[131.040078,33.691108],[131.040253,33.690683],[131.040966,33.68985],[131.041541,33.689559],[131.042291,33.68925],[131.042678,33.689075],[131.042803,33.68905],[131.043278,33.6891],[131.045278,33.688667],[131.045853,33.688575],[131.046553,33.688834],[131.046853,33.689059],[131.047228,33.689442],[131.047703,33.689692],[131.048103,33.689792],[131.048252,33.689767],[131.048502,33.689609],[131.049065,33.689142],[131.049465,33.688717],[131.050015,33.6889],[131.051265,33.689292],[131.05219,33.6895],[131.052315,33.68955],[131.053864,33.690009],[131.055564,33.690517],[131.055814,33.690567],[131.056064,33.690117],[131.056377,33.689559],[131.056402,33.689351],[131.056102,33.689234],[131.055252,33.688959],[131.054152,33.688701],[131.053627,33.688542],[131.053402,33.688426],[131.053152,33.688001],[131.05229,33.686792],[131.051815,33.686609],[131.050715,33.686309],[131.05014,33.686151],[131.05019,33.686034],[131.05029,33.685967],[131.05069,33.685884],[131.050914,33.685956],[131.05114,33.686067],[131.051665,33.686134],[131.052465,33.686367],[131.052515,33.686351],[131.05249,33.686276],[131.05209,33.686009],[131.051777,33.685734],[131.051627,33.685684],[131.051627,33.685551],[131.051827,33.685459],[131.051993,33.685259],[131.052152,33.685009],[131.052256,33.684841],[131.05254,33.684501],[131.05254,33.684359],[131.05264,33.683959],[131.052844,33.683706],[131.053377,33.683468],[131.053702,33.683151],[131.053852,33.68261],[131.05389,33.682226],[131.05399,33.68191],[131.05439,33.681468],[131.054765,33.681351],[131.05544,33.681335],[131.055802,33.681276],[131.056127,33.680935],[131.056277,33.680826],[131.056415,33.680085],[131.056465,33.679402],[131.056552,33.67796],[131.056527,33.677918],[131.056652,33.677735],[131.057727,33.675944],[131.057961,33.675436],[131.05814,33.675044],[131.058315,33.674769],[131.058465,33.674385],[131.058715,33.674094],[131.059302,33.673136],[131.059639,33.672411],[131.059889,33.672502],[131.060189,33.672419],[131.060264,33.672236],[131.060214,33.672102],[131.060164,33.671742],[131.060214,33.671627],[131.060677,33.671494],[131.060977,33.671319],[131.061202,33.671027],[131.061227,33.670844],[131.061317,33.670776],[131.061452,33.670736],[131.061652,33.670669],[131.062264,33.670378],[131.062764,33.670044],[131.063139,33.669744],[131.063539,33.669361],[131.063727,33.668994],[131.064114,33.66807],[131.064264,33.667736],[131.065564,33.665487],[131.065801,33.66512],[131.065851,33.664695],[131.065901,33.664512],[131.065877,33.664353],[131.065989,33.663795],[131.066402,33.658387],[131.066439,33.658054],[131.066327,33.657804],[131.065652,33.656971],[131.068339,33.654721],[131.068551,33.654696],[131.071064,33.656088],[131.071526,33.656446],[131.071901,33.656629],[131.072388,33.656654],[131.072576,33.656579],[131.073088,33.656129],[131.0805,33.647814],[131.084088,33.63644],[131.083988,33.636265],[131.083825,33.636173],[131.0835,33.636057],[131.082938,33.635923],[131.082613,33.635815],[131.082688,33.635498],[131.0832,33.63509],[131.083475,33.635157],[131.083763,33.63464],[131.083925,33.63469],[131.084113,33.634032],[131.084575,33.633765],[131.084838,33.634507],[131.085113,33.634574],[131.08665,33.634257],[131.087075,33.634299],[131.087137,33.634415],[131.087,33.634865],[131.087025,33.635065],[131.087237,33.63534],[131.08765,33.635424],[131.088155,33.635343],[131.088375,33.63529],[131.088587,33.635249],[131.088937,33.634974],[131.089237,33.634549],[131.088962,33.634074],[131.089012,33.633782],[131.089262,33.63349],[131.090525,33.632382],[131.091362,33.631482],[131.091999,33.630333],[131.092237,33.629974],[131.092724,33.629408],[131.093262,33.628774],[131.094287,33.627875],[131.094449,33.627675],[131.094449,33.627175],[131.094524,33.626975],[131.094549,33.626775],[131.094499,33.626683],[131.094199,33.626658],[131.094037,33.626525],[131.094062,33.625466],[131.094149,33.625266],[131.094274,33.625108],[131.093787,33.623642],[131.093387,33.623825],[131.093412,33.623692],[131.094299,33.623233],[131.095162,33.623417],[131.097162,33.623258],[131.097587,33.622358],[131.097499,33.6215],[131.097587,33.621025],[131.098036,33.620417],[131.098386,33.619992],[131.098799,33.61965],[131.099486,33.618776],[131.099999,33.618301],[131.100724,33.617851],[131.101561,33.617601],[131.102536,33.617442],[131.103011,33.617376],[131.103474,33.617376],[131.104011,33.617618],[131.104548,33.617601],[131.104936,33.617484],[131.105361,33.617234],[131.105711,33.617126],[131.106386,33.617009],[131.107648,33.616876],[131.107761,33.616876],[131.107998,33.617859],[131.108973,33.617859],[131.109023,33.618134],[131.107898,33.621376],[131.107986,33.623917],[131.113435,33.623917],[131.113123,33.617793],[131.11326,33.617809],[131.113573,33.617809],[131.113898,33.617701],[131.114085,33.617476],[131.114523,33.617785],[131.11601,33.618776],[131.116198,33.618966],[131.11636,33.619184],[131.11646,33.619318],[131.11646,33.619476],[131.116152,33.619906],[131.116147,33.620351],[131.116247,33.620493],[131.11661,33.621393],[131.11656,33.624742],[131.115235,33.625217],[131.11496,33.630442],[131.120859,33.6303],[131.120859,33.629017],[131.121497,33.628975],[131.121609,33.627709],[131.122621,33.627372],[131.122884,33.627217],[131.122621,33.62663],[131.122334,33.625959],[131.122222,33.624559],[131.122621,33.624597],[131.125734,33.624484],[131.126322,33.626267],[131.128684,33.625776],[131.128896,33.625151],[131.129996,33.624959],[131.129959,33.624309],[131.130409,33.624259],[131.130446,33.624443],[131.131434,33.624226],[131.131534,33.623826],[131.131109,33.623468],[131.131134,33.623426],[131.131159,33.623443],[131.131884,33.623218],[131.131959,33.623151],[131.132071,33.623151],[131.132709,33.623009],[131.132896,33.622984],[131.133034,33.623118],[131.131721,33.623668],[131.131646,33.623843],[131.131671,33.623984],[131.131734,33.624068],[131.130759,33.626526],[131.129296,33.627384],[131.129159,33.627392],[131.127271,33.628976],[131.127246,33.631259],[131.128859,33.631267],[131.128934,33.628784],[131.129309,33.628467],[131.129921,33.628101],[131.130784,33.627667],[131.131521,33.627167],[131.131896,33.626851],[131.139321,33.625976],[131.139958,33.625526],[131.139821,33.625259],[131.139783,33.624943],[131.139946,33.624426],[131.140046,33.624401],[131.140558,33.624401],[131.140458,33.624643],[131.140457,33.624692],[131.140458,33.624734],[131.141408,33.624926],[131.141483,33.624634],[131.141695,33.624701],[131.14167,33.624768],[131.141695,33.624859],[131.141858,33.624993],[131.14237,33.625168],[131.142645,33.624959],[131.143658,33.624793],[131.143983,33.624701],[131.144408,33.624518],[131.14517,33.624293],[131.14562,33.624193],[131.146183,33.624168],[131.14637,33.624101],[131.146533,33.623943],[131.146583,33.623785],[131.146695,33.623651],[131.147095,33.623401],[131.147333,33.623285],[131.147845,33.622993],[131.148508,33.62276],[131.14902,33.622735],[131.149345,33.622751],[131.149745,33.622593],[131.150745,33.622468],[131.15197,33.622235],[131.152857,33.621893],[131.153495,33.62146],[131.15382,33.621185],[131.154382,33.62076],[131.154457,33.620668],[131.15472,33.620485],[131.155882,33.620002],[131.156195,33.619802],[131.156382,33.619618],[131.15657,33.619527],[131.156782,33.619368],[131.157069,33.618894],[131.157157,33.618669],[131.157282,33.618469],[131.157519,33.61826],[131.158319,33.61776],[131.159182,33.617602],[131.159457,33.617527],[131.159669,33.617419],[131.159907,33.617235],[131.160282,33.617027],[131.160869,33.616885],[131.161682,33.616794],[131.162057,33.616785],[131.162309,33.616763],[131.162532,33.616719],[131.162757,33.616669],[131.163069,33.616644],[131.163807,33.616752],[131.164344,33.616805],[131.164769,33.616786],[131.165631,33.616961],[131.165844,33.617027],[131.166094,33.617044],[131.166194,33.616952],[131.169719,33.616861],[131.169856,33.617036],[131.169994,33.617419],[131.170581,33.618535],[131.170793,33.618802],[131.171206,33.619135],[131.171643,33.619352],[131.172043,33.619485],[131.172993,33.619494],[131.174306,33.619352],[131.17578,33.619294],[131.177105,33.619444],[131.17878,33.619827],[131.179463,33.619974],[131.1797,33.620016],[131.180512,33.619991],[131.181192,33.619627],[131.18238,33.619352],[131.183205,33.619161],[131.18343,33.619069],[131.18358,33.618936],[131.18393,33.618419],[131.184292,33.617827],[131.184742,33.616978],[131.184742,33.616769],[131.18473,33.61667],[131.185267,33.616294],[131.18613,33.615794],[131.186555,33.615678],[131.186742,33.615903],[131.189017,33.61467],[131.189292,33.615053],[131.190217,33.616211],[131.190217,33.616228],[131.188917,33.616936],[131.188967,33.616986],[131.189054,33.617186],[131.190392,33.616503],[131.190442,33.616519],[131.191042,33.617344],[131.188342,33.618802],[131.188404,33.619386],[131.196129,33.61522],[131.196491,33.615795],[131.196741,33.616328],[131.196816,33.61662],[131.196929,33.616778],[131.199391,33.617478],[131.199841,33.617403],[131.200166,33.617336],[131.200416,33.617336],[131.203041,33.616995],[131.203416,33.616928],[131.204016,33.616853],[131.204116,33.616895],[131.204441,33.616936],[131.204816,33.61682],[131.205003,33.616686],[131.20924,33.615753],[131.209403,33.615503],[131.209828,33.615162],[131.209878,33.615003],[131.209828,33.61487],[131.20964,33.614803],[131.209478,33.61467],[131.209365,33.614495],[131.20949,33.613687],[131.209353,33.613528],[131.20929,33.613553],[131.209165,33.613962],[131.208928,33.614428],[131.208778,33.614703],[131.208828,33.614903],[131.208828,33.615103],[131.208778,33.615378],[131.208653,33.615553],[131.207978,33.615853],[131.20744,33.61597],[131.20599,33.616095],[131.205928,33.615778],[131.20899,33.612595],[131.20909,33.61257],[131.209278,33.612637],[131.209478,33.612837],[131.20939,33.612903],[131.209228,33.612903],[131.209215,33.61317],[131.209265,33.613287],[131.209403,33.613287],[131.20959,33.613212],[131.209728,33.613237],[131.209828,33.61317],[131.209878,33.613037],[131.209765,33.61232],[131.216527,33.609004],[131.21389,33.605371],[131.213973,33.605179],[131.214165,33.605079],[131.21459,33.605054],[131.215102,33.605113],[131.21534,33.605088],[131.215552,33.605021],[131.215827,33.604863],[131.216065,33.604654],[131.216302,33.604613],[131.216577,33.604521],[131.217352,33.604396],[131.217752,33.604355],[131.21854,33.604321],[131.218802,33.604271],[131.219602,33.603996],[131.21959,33.604471],[131.219852,33.604513],[131.219915,33.604646],[131.221639,33.60468],[131.221724,33.604661],[131.221827,33.604655],[131.221927,33.604721],[131.222364,33.604513],[131.223214,33.604213],[131.225227,33.603413],[131.226401,33.603022],[131.227501,33.602605],[131.228064,33.602422],[131.231038,33.601655],[131.233051,33.601372],[131.233613,33.601297],[131.235313,33.601347],[131.235875,33.601414],[131.236775,33.60158],[131.237558,33.601692],[131.238175,33.601814],[131.238625,33.601839],[131.238825,33.602572],[131.238875,33.60289],[131.238912,33.603222],[131.239012,33.604572],[131.23885,33.606546],[131.239212,33.606655],[131.239237,33.606563],[131.239587,33.60658],[131.239587,33.606671],[131.24155,33.606722],[131.241891,33.607496],[131.242075,33.60798],[131.245299,33.61118],[131.247609,33.609435],[131.251236,33.606613],[131.251274,33.603614],[131.251324,33.602756],[131.256773,33.597881],[131.257436,33.597431],[131.267985,33.59264],[131.26811,33.592349],[131.266535,33.587674],[131.269247,33.586933],[131.269685,33.586991],[131.270622,33.586641],[131.271422,33.586291],[131.271535,33.586641],[131.271809,33.587266],[131.271984,33.588141],[131.272097,33.588391],[131.272209,33.588433],[131.272309,33.588183],[131.272359,33.588166],[131.272584,33.588299],[131.27273,33.588246],[131.27278,33.588105],[131.272755,33.588063],[131.272522,33.587983],[131.272309,33.587824],[131.272222,33.587424],[131.272022,33.586833],[131.272072,33.586641],[131.272609,33.586066],[131.273034,33.585683],[131.274309,33.584991],[131.273397,33.583625],[131.273547,33.583308],[131.273759,33.583125],[131.275072,33.5823],[131.275447,33.582117],[131.276759,33.581834],[131.277159,33.581692],[131.278109,33.581],[131.278947,33.580809],[131.281121,33.580534],[131.281384,33.580309],[131.282009,33.580167],[131.282509,33.580134],[131.284484,33.580292],[131.285271,33.580284],[131.285696,33.580026],[131.285796,33.579667],[131.285946,33.579509],[131.286271,33.579342],[131.286758,33.579201],[131.287296,33.579284],[131.287658,33.578926],[131.287796,33.578943],[131.288021,33.579076],[131.288121,33.579184],[131.288608,33.578951],[131.289058,33.578501],[131.289483,33.578334],[131.290408,33.578526],[131.291333,33.578984],[131.29152,33.579051],[131.292045,33.580218],[131.292458,33.580276],[131.295057,33.580901],[131.295482,33.580934],[131.297369,33.580693],[131.297419,33.580709],[131.297882,33.580659],[131.298157,33.580859],[131.298932,33.580851],[131.299169,33.580801],[131.299407,33.580484],[131.300519,33.580984],[131.302319,33.580626],[131.302431,33.580626],[131.303344,33.580276],[131.304156,33.580626],[131.304644,33.580709],[131.305856,33.581101],[131.306881,33.581243],[131.307856,33.581276],[131.308481,33.581401],[131.30918,33.581285],[131.310505,33.581626],[131.311105,33.582043],[131.311743,33.581876],[131.31263,33.581935],[131.313205,33.582085],[131.313667,33.582076],[131.314192,33.581826],[131.315192,33.58181],[131.316267,33.58146],[131.317306,33.581121],[131.318029,33.580943],[131.319242,33.580793],[131.319729,33.580968],[131.320054,33.581276],[131.320242,33.582718],[131.320517,33.582918],[131.323029,33.58306],[131.324254,33.582143],[131.324729,33.581893],[131.324854,33.58151],[131.324754,33.580702],[131.325166,33.580718],[131.327791,33.581468],[131.329116,33.581993],[131.333228,33.580952],[131.333628,33.581285],[131.333741,33.581235],[131.334428,33.580752],[131.334641,33.580552],[131.335565,33.579344],[131.335553,33.578894],[131.334803,33.577869],[131.334666,33.576427],[131.336178,33.575219],[131.337965,33.574311],[131.339128,33.573328],[131.339165,33.572428],[131.339294,33.571763],[131.339628,33.571411],[131.340753,33.571011],[131.34199,33.570978],[131.342365,33.571711],[131.34249,33.57257],[131.347627,33.572795],[131.34809,33.572836],[131.348552,33.572828],[131.353302,33.57362],[131.353552,33.573845],[131.353689,33.574178],[131.354027,33.574578],[131.355739,33.575553],[131.356689,33.576036],[131.357189,33.57632],[131.357164,33.57637],[131.357189,33.576636],[131.357602,33.57692],[131.358439,33.57732],[131.359289,33.57762],[131.360314,33.577811],[131.361501,33.577911],[131.362739,33.57787],[131.363089,33.577795],[131.363214,33.577686],[131.363301,33.577545],[131.364051,33.577695],[131.364489,33.576478],[131.364976,33.576536],[131.365051,33.576337],[131.371813,33.576653],[131.371738,33.575687],[131.372413,33.575537],[131.372512,33.575607],[131.372599,33.575682],[131.373076,33.576203],[131.373163,33.57672],[131.372526,33.576887],[131.372551,33.577162],[131.371938,33.577328],[131.372001,33.577687],[131.372599,33.577641],[131.373726,33.577553],[131.373938,33.579511],[131.374201,33.579536],[131.374238,33.58012],[131.375425,33.580045],[131.375101,33.576687],[131.377638,33.576495],[131.379063,33.576287],[131.380188,33.576079],[131.382025,33.576095],[131.3828,33.576154],[131.382825,33.576087],[131.383725,33.57622],[131.384913,33.57657],[131.386525,33.576629],[131.3866,33.576162],[131.387738,33.575771],[131.388375,33.575679],[131.390612,33.575754],[131.391537,33.575754],[131.3924,33.575796],[131.393775,33.576121],[131.39375,33.575604],[131.3942,33.575629],[131.394612,33.575604],[131.3952,33.575621],[131.395012,33.575104],[131.395387,33.574963],[131.395875,33.575013],[131.396737,33.575121],[131.3979,33.575404],[131.398925,33.575579],[131.398937,33.575171],[131.398112,33.575021],[131.398125,33.574213],[131.398425,33.574204],[131.398475,33.574004],[131.398725,33.574029],[131.398675,33.574771],[131.398962,33.574813],[131.398987,33.574004],[131.399637,33.573755],[131.400275,33.573638],[131.401012,33.573655],[131.402275,33.573896],[131.4029,33.573963],[131.403462,33.574113],[131.402837,33.57268],[131.403075,33.572588],[131.403212,33.572813],[131.403425,33.572646],[131.403825,33.572538],[131.4045,33.572447],[131.405525,33.572188],[131.406662,33.572272],[131.406687,33.57203],[131.407462,33.572338],[131.4092,33.572913],[131.409325,33.57258],[131.411087,33.573038],[131.412324,33.573305],[131.413374,33.573413],[131.415912,33.573538],[131.416936,33.573622],[131.419036,33.573547],[131.419924,33.573447],[131.421949,33.573414],[131.423023,33.573297],[131.424163,33.573367],[131.425998,33.573422],[131.426636,33.57258],[131.427223,33.57163],[131.427648,33.570797],[131.428386,33.569122],[131.428511,33.568331],[131.428486,33.567656],[131.428348,33.567298],[131.427886,33.566981],[131.426748,33.566656],[131.424186,33.566031],[131.423186,33.565856],[131.421161,33.565889],[131.419162,33.565289],[131.416649,33.564181],[131.415812,33.563731],[131.415462,33.563214],[131.415349,33.562331],[131.415312,33.561481],[131.415137,33.55959],[131.41515,33.558215],[131.415125,33.557423],[131.414875,33.556907],[131.4143,33.55614],[131.413275,33.554865],[131.412862,33.554415],[131.412287,33.553898],[131.4128,33.553215],[131.413337,33.55279],[131.41365,33.552399],[131.41385,33.552307],[131.4147,33.552057],[131.415487,33.551899],[131.415887,33.551782],[131.416187,33.551757],[131.416862,33.551624],[131.417312,33.551349],[131.4182,33.550099],[131.41834,33.549949],[131.418426,33.549562],[131.418419,33.549289],[131.418383,33.548952],[131.41845,33.548524],[131.418612,33.547507],[131.41865,33.546899],[131.418791,33.546793],[131.4192,33.546783],[131.419412,33.546783],[131.4203,33.546866],[131.421349,33.547091],[131.421349,33.547266],[131.420712,33.547924],[131.42045,33.548424],[131.420499,33.548941],[131.421074,33.549591],[131.421237,33.549866],[131.421374,33.549882],[131.422124,33.549857],[131.422383,33.54982],[131.422799,33.549741],[131.423149,33.549741],[131.423312,33.549674],[131.423524,33.549441],[131.423599,33.548899],[131.423687,33.548749],[131.424049,33.548691],[131.424299,33.548607],[131.424374,33.548133],[131.424774,33.547774],[131.424974,33.547924],[131.425712,33.546958],[131.425662,33.546658],[131.425337,33.546191],[131.425231,33.545944],[131.425062,33.545649],[131.424112,33.544574],[131.423399,33.543941],[131.423262,33.543766],[131.424149,33.542208],[131.424437,33.541591],[131.424487,33.541033],[131.42445,33.540308],[131.424562,33.539725],[131.424875,33.539267],[131.425199,33.539133],[131.425412,33.538842],[131.425387,33.53875],[131.425012,33.538275],[131.424975,33.537917],[131.425057,33.537866],[131.425162,33.537825],[131.425674,33.537917],[131.425949,33.538],[131.426162,33.537892],[131.426274,33.537867],[131.426437,33.537908],[131.426724,33.537883],[131.427237,33.537659],[131.428262,33.537475],[131.429408,33.537238],[131.430412,33.536917],[131.430599,33.536875],[131.430824,33.537192],[131.430987,33.537592],[131.431174,33.537642],[131.431824,33.537525],[131.432624,33.537517],[131.433224,33.5374],[131.433786,33.537425],[131.434249,33.5378],[131.435936,33.540117],[131.436036,33.540158],[131.436099,33.540092],[131.436311,33.539508],[131.437136,33.538467],[131.437911,33.5376],[131.438011,33.537334],[131.438686,33.53625],[131.439111,33.535859],[131.439861,33.535542],[131.440961,33.534501],[131.441573,33.533659],[131.441836,33.532892],[131.441936,33.532401],[131.442773,33.531876],[131.443686,33.531442],[131.444036,33.531309],[131.444623,33.531276],[131.445298,33.531317],[131.445536,33.531184],[131.445973,33.530618],[131.446448,33.529668],[131.44701,33.528834],[131.44781,33.528059],[131.448498,33.527293],[131.447723,33.526868],[131.447336,33.52646],[131.446936,33.526193],[131.446473,33.525993],[131.445873,33.525568],[131.445311,33.525035],[131.444873,33.524693],[131.444223,33.524268],[131.443548,33.524135],[131.442848,33.523918],[131.442149,33.523652],[131.441411,33.523293],[131.440874,33.523135],[131.439936,33.523118],[131.439574,33.52296],[131.439386,33.522918],[131.438361,33.52281],[131.437686,33.52286],[131.437474,33.52291],[131.436912,33.523318],[131.436587,33.523452],[131.436512,33.523452],[131.435699,33.522577],[131.435237,33.522193],[131.434987,33.52211],[131.434424,33.522002],[131.433749,33.52166],[131.433174,33.521285],[131.432475,33.520952],[131.431475,33.520552],[131.430725,33.520052],[131.429987,33.519427],[131.429175,33.518802],[131.428687,33.518469],[131.4279,33.518219],[131.427175,33.517935],[131.426738,33.517685],[131.426475,33.517827],[131.426288,33.518185],[131.425938,33.518594],[131.425563,33.51871],[131.424725,33.518802],[131.423788,33.51881],[131.423138,33.518694],[131.423,33.51861],[131.422563,33.518069],[131.421238,33.517352],[131.420888,33.51706],[131.420938,33.516952],[131.422376,33.517077],[131.424288,33.517177],[131.425313,33.517111],[131.427275,33.516486],[131.42795,33.516486],[131.428863,33.516569],[131.429612,33.516294],[131.430475,33.515886],[131.431875,33.515336],[131.432925,33.515061],[131.433112,33.515036],[131.433187,33.514544],[131.43325,33.512603],[131.433225,33.512153],[131.43325,33.511953],[131.432162,33.511819],[131.430925,33.511778],[131.4305,33.511853],[131.429288,33.511561],[131.42855,33.511611],[131.4281,33.511686],[131.428038,33.511661],[131.428525,33.510778],[131.429413,33.510686],[131.4317,33.510628],[131.433687,33.510461],[131.435687,33.510153],[131.438024,33.509628],[131.438537,33.509686],[131.438912,33.509645],[131.438224,33.507345],[131.438112,33.506645],[131.438049,33.505929],[131.438262,33.50482],[131.438174,33.504437],[131.438225,33.504054],[131.438037,33.503854],[131.437737,33.50372],[131.437387,33.503321],[131.437412,33.502654],[131.437487,33.502046],[131.43785,33.501421],[131.438425,33.500587],[131.438512,33.500229],[131.438387,33.499821],[131.438512,33.499096],[131.4383,33.498713],[131.4378,33.498488],[131.437006,33.498395],[131.436712,33.498796],[131.436537,33.499354],[131.43605,33.499987],[131.434487,33.501487],[131.43405,33.501846],[131.432925,33.501996],[131.4317,33.502371],[131.42935,33.503279],[131.428404,33.503806],[131.426863,33.504454],[131.425601,33.505003],[131.425388,33.505203],[131.424526,33.506362],[131.424363,33.506453],[131.423476,33.50587],[131.422414,33.50497],[131.421714,33.503845],[131.421314,33.503312],[131.420939,33.502479],[131.420626,33.501637],[131.420202,33.500804],[131.419614,33.500079],[131.419114,33.499687],[131.417264,33.498662],[131.416065,33.498221],[131.41499,33.497904],[131.41364,33.497571],[131.41269,33.497454],[131.41214,33.497337],[131.41169,33.497112],[131.41164,33.496929],[131.411603,33.496321],[131.411603,33.495621],[131.41179,33.495079],[131.41189,33.494471],[131.411778,33.493729],[131.411378,33.493113],[131.411278,33.493021],[131.411365,33.492188],[131.411265,33.492013],[131.410066,33.491479],[131.409816,33.491071],[131.409303,33.490346],[131.409253,33.490013],[131.409353,33.489738],[131.409253,33.489696],[131.408828,33.48978],[131.407878,33.490205],[131.406891,33.490554],[131.406491,33.490579],[131.406116,33.490329],[131.405668,33.489886],[131.405678,33.489355],[131.406078,33.488655],[131.406266,33.487955],[131.406228,33.487255],[131.406328,33.486738],[131.406485,33.486151],[131.406691,33.485413],[131.406766,33.485097],[131.407178,33.484472],[131.407916,33.483755],[131.408516,33.483305],[131.408722,33.483173],[131.408891,33.48308],[131.409441,33.483038],[131.411028,33.482597],[131.411678,33.482314],[131.411916,33.482089],[131.411991,33.48193],[131.412041,33.481364],[131.411953,33.48053],[131.411953,33.479789],[131.412241,33.479114],[131.412866,33.478481],[131.413278,33.477922],[131.413478,33.477406],[131.413866,33.477006],[131.414466,33.476914],[131.415241,33.476947],[131.415715,33.476656],[131.416203,33.476272],[131.417028,33.475781],[131.417553,33.475606],[131.417903,33.475698],[131.418565,33.475723],[131.418865,33.475573],[131.41894,33.475164],[131.41929,33.475056],[131.420065,33.475014],[131.420515,33.475064],[131.420865,33.475181],[131.420965,33.475181],[131.421253,33.474798],[131.421603,33.474123],[131.422065,33.473356],[131.422715,33.472865],[131.423452,33.472648],[131.424027,33.472381],[131.424077,33.471881],[131.42444,33.470781],[131.424577,33.470106],[131.424952,33.46959],[131.42524,33.468807],[131.424965,33.468348],[131.42474,33.468123],[131.424253,33.467282],[131.423628,33.46694],[131.423478,33.46649],[131.423565,33.466132],[131.42334,33.465898],[131.42324,33.465632],[131.423515,33.465224],[131.424003,33.464865],[131.424178,33.46444],[131.424153,33.464149],[131.423865,33.463357],[131.42379,33.462815],[131.424603,33.461582],[131.425015,33.460882],[131.425603,33.459982],[131.425803,33.459399],[131.425853,33.459041],[131.426115,33.458699],[131.426265,33.458249],[131.42619,33.458049],[131.426178,33.457416],[131.426553,33.456649],[131.426865,33.456183],[131.42729,33.455375],[131.427377,33.454741],[131.427128,33.454291],[131.426653,33.4539],[131.426178,33.453716],[131.426078,33.453608],[131.426265,33.453291],[131.426965,33.452775],[131.427865,33.452533],[131.428627,33.452225],[131.428877,33.451892],[131.428927,33.451658],[131.428965,33.450825],[131.428815,33.449992],[131.428577,33.449067],[131.428103,33.448475],[131.427165,33.448175],[131.42699,33.448017],[131.427065,33.447675],[131.42719,33.447367],[131.428028,33.446984],[131.428353,33.446609],[131.429002,33.446134],[131.429415,33.445917],[131.42959,33.445892],[131.430215,33.445717],[131.430665,33.445242],[131.430927,33.444842],[131.431752,33.444167],[131.431765,33.443743],[131.431115,33.442901],[131.43114,33.442518],[131.431765,33.440901],[131.431877,33.439793],[131.432177,33.439501],[131.432477,33.439301],[131.432627,33.43906],[131.43249,33.438468],[131.43249,33.438268],[131.43264,33.437543],[131.433002,33.436893],[131.433196,33.436181],[131.433115,33.435318],[131.432765,33.434844],[131.432065,33.43441],[131.431253,33.433835],[131.430803,33.433627],[131.430353,33.433469],[131.429903,33.43306],[131.429028,33.432719],[131.428453,33.432235],[131.42814,33.431735],[131.428016,33.431102],[131.428178,33.430252],[131.428641,33.429461],[131.428941,33.428702],[131.429203,33.427869],[131.429128,33.427328],[131.428991,33.426853],[131.428766,33.426419],[131.428741,33.426011],[131.429178,33.425003],[131.429328,33.42442],[131.429253,33.424236],[131.428741,33.423736],[131.428341,33.423103],[131.427928,33.422153],[131.427329,33.421811],[131.425464,33.421667],[131.42516,33.421257],[131.425,33.420569],[131.424816,33.419995],[131.424629,33.419637],[131.424491,33.41912],[131.424454,33.418287],[131.424591,33.417612],[131.424991,33.416954],[131.424991,33.416795],[131.424692,33.415695],[131.424292,33.41552],[131.422804,33.415204],[131.422104,33.414962],[131.422129,33.414937],[131.421817,33.41467],[131.421592,33.414537],[131.420842,33.41422],[131.420254,33.414045],[131.419879,33.414204],[131.419342,33.414562],[131.419067,33.414612],[131.418667,33.414295],[131.417942,33.413962],[131.41748,33.413487],[131.417392,33.412762],[131.417667,33.412062],[131.417792,33.411596],[131.417492,33.410512],[131.417605,33.409996],[131.41763,33.409429],[131.417755,33.409046],[131.41843,33.408754],[131.418992,33.408321],[131.41913,33.407396],[131.418742,33.405621],[131.418792,33.405438],[131.419118,33.404879],[131.419143,33.404271],[131.418955,33.403746],[131.419005,33.403121],[131.419868,33.401946],[131.419569,33.40134],[131.418518,33.401113],[131.417793,33.400888],[131.417243,33.400263],[131.41668,33.399788],[131.41588,33.399346],[131.41383,33.398338],[131.413481,33.397929],[131.413443,33.397613],[131.413206,33.397279],[131.413281,33.396963],[131.413506,33.396621],[131.413306,33.396196],[131.412418,33.395429],[131.412105,33.394713],[131.412043,33.394263],[131.412073,33.393978],[131.412093,33.393446],[131.412063,33.393111],[131.412068,33.392754],[131.412031,33.392529],[131.411793,33.391763],[131.411706,33.391063],[131.411306,33.390363],[131.411081,33.390096],[131.410444,33.389421],[131.410219,33.389155],[131.409731,33.388363],[131.408769,33.38713],[131.408469,33.386071],[131.408056,33.385146],[131.407981,33.384738],[131.407544,33.383663],[131.407381,33.383463],[131.406769,33.382897],[131.406281,33.381972],[131.405981,33.380605],[131.406081,33.380038],[131.406194,33.379838],[131.406344,33.379338],[131.406569,33.379022],[131.406694,33.378688],[131.406757,33.378494],[131.406958,33.378314],[131.407232,33.378213],[131.407582,33.377397],[131.407707,33.37668],[131.407544,33.376338],[131.407519,33.37618],[131.407682,33.375663],[131.407819,33.375572],[131.408357,33.37548],[131.409182,33.375255],[131.410178,33.375128],[131.412095,33.375197],[131.412491,33.37524],[131.413082,33.375263],[131.413757,33.375147],[131.414157,33.37488],[131.414352,33.374621],[131.414719,33.374482],[131.416632,33.374422],[131.417545,33.374197],[131.41782,33.37408],[131.418407,33.373655],[131.418882,33.373155],[131.419171,33.372919],[131.41972,33.372497],[131.419833,33.372372],[131.420095,33.372163],[131.42036,33.372063],[131.420665,33.371974],[131.420845,33.37193],[131.421094,33.371912],[131.421332,33.371888],[131.422032,33.371863],[131.422222,33.371846],[131.422482,33.371838],[131.423245,33.371997],[131.42397,33.372555],[131.424256,33.372701],[131.424832,33.372797],[131.425145,33.372797],[131.425383,33.372611],[131.425454,33.372239],[131.425545,33.371713],[131.425632,33.371039],[131.42582,33.370364],[131.426007,33.370097],[131.42657,33.369439],[131.427045,33.369189],[131.427632,33.368964],[131.428707,33.367589],[131.428945,33.367114],[131.429057,33.366456],[131.429157,33.366214],[131.42967,33.365689],[131.430694,33.364923],[131.430819,33.364739],[131.431144,33.363931],[131.431494,33.362939],[131.431919,33.361898],[131.432482,33.360748],[131.432957,33.357999],[131.432982,33.357349],[131.432725,33.357109],[131.432345,33.356811],[131.431694,33.356385],[131.430982,33.356049],[131.430095,33.355599],[131.42937,33.355282],[131.428932,33.354815],[131.428607,33.354315],[131.428482,33.354249],[131.427432,33.35434],[131.427132,33.354349],[131.426145,33.354124],[131.424908,33.353699],[131.42367,33.353365],[131.421595,33.352465],[131.420783,33.352382],[131.419683,33.352199],[131.418933,33.351974],[131.418608,33.351757],[131.416958,33.350207],[131.4166,33.349709],[131.416333,33.349308],[131.416183,33.349166],[131.415958,33.349033],[131.41497,33.348699],[131.41392,33.348566],[131.41322,33.348633],[131.412412,33.348684],[131.411045,33.348916],[131.41037,33.349158],[131.40997,33.349458],[131.409508,33.349566],[131.40897,33.349524],[131.40857,33.349349],[131.408295,33.349391],[131.408033,33.349758],[131.40782,33.350224],[131.40747,33.350341],[131.40682,33.350366],[131.406658,33.350388],[131.406533,33.350499],[131.406347,33.35078],[131.406208,33.351016],[131.405833,33.351024],[131.404295,33.350799],[131.402957,33.350508],[131.401232,33.350016],[131.400832,33.349683],[131.400482,33.349117],[131.400632,33.348783],[131.401495,33.348192],[131.40192,33.347858],[131.402132,33.347384],[131.40227,33.346934],[131.40222,33.34655],[131.401845,33.346167],[131.40192,33.345784],[131.40237,33.345467],[131.402645,33.345126],[131.402645,33.344492],[131.402695,33.344292],[131.402745,33.343709],[131.402507,33.343284],[131.402307,33.343143],[131.40107,33.342784],[131.400757,33.342543],[131.40067,33.342409],[131.400482,33.341868],[131.400507,33.341235],[131.400182,33.340968],[131.399407,33.340785],[131.399157,33.34056],[131.399182,33.340043],[131.399395,33.339052],[131.399907,33.338377],[131.400607,33.337835],[131.400632,33.337677],[131.399682,33.337385],[131.399495,33.337294],[131.399232,33.336977],[131.39917,33.336669],[131.399157,33.336527],[131.39912,33.336385],[131.39902,33.33621],[131.398782,33.336144],[131.39867,33.33616],[131.398182,33.336094],[131.39802,33.33596],[131.39762,33.335244],[131.39757,33.335036],[131.396957,33.333936],[131.39687,33.333711],[131.396845,33.333444],[131.39747,33.331986],[131.39747,33.331761],[131.397045,33.330795],[131.396882,33.330503],[131.396982,33.33032],[131.397357,33.330228],[131.397707,33.330228],[131.398007,33.330095],[131.398082,33.330003],[131.398145,33.329286],[131.39822,33.328995],[131.398407,33.328728],[131.399082,33.328187],[131.399145,33.327737],[131.399007,33.32747],[131.398957,33.32722],[131.39917,33.326462],[131.39917,33.326053],[131.399068,33.325721],[131.398932,33.325429],[131.397882,33.325195],[131.39742,33.325195],[131.396832,33.325329],[131.39657,33.325354],[131.39627,33.325445],[131.395995,33.32547],[131.395495,33.325329],[131.394582,33.325287],[131.394195,33.325329],[131.393532,33.325662],[131.393095,33.325712],[131.39232,33.325712],[131.391995,33.325821],[131.39167,33.325887],[131.391132,33.325771],[131.39087,33.325621],[131.390657,33.325546],[131.390382,33.325596],[131.39012,33.325704],[131.389745,33.325904],[131.389582,33.325954],[131.38947,33.325929],[131.389345,33.325704],[131.389182,33.325704],[131.388907,33.325837],[131.388607,33.325879],[131.387695,33.325746],[131.38762,33.325746],[131.387245,33.325862],[131.38652,33.326196],[131.385745,33.326596],[131.385545,33.326596],[131.385257,33.326487],[131.384795,33.326421],[131.384507,33.326437],[131.383661,33.326787],[131.38327,33.326821],[131.382945,33.326821],[131.382732,33.326929],[131.382245,33.327088],[131.381632,33.327021],[131.379832,33.326654],[131.379345,33.326638],[131.37862,33.326546],[131.378382,33.32643],[131.378132,33.326271],[131.37747,33.325596],[131.377232,33.325488],[131.376507,33.325438],[131.375995,33.32548],[131.375482,33.325463],[131.374732,33.32548],[131.37457,33.325463],[131.37422,33.325163],[131.373732,33.324855],[131.373282,33.32463],[131.373095,33.324447],[131.373095,33.32433],[131.373332,33.323814],[131.373632,33.323389],[131.373895,33.323097],[131.374495,33.322155],[131.374813,33.321701],[131.374945,33.32153],[131.37492,33.321372],[131.374445,33.320789],[131.373445,33.319864],[131.373307,33.319642],[131.37302,33.319372],[131.372832,33.319164],[131.372582,33.318739],[131.371757,33.318264],[131.37102,33.317973],[131.37072,33.317881],[131.369895,33.317389],[131.369095,33.316823],[131.368432,33.316531],[131.367557,33.316465],[131.364583,33.31649],[131.364058,33.316473],[131.362908,33.316248],[131.361995,33.315932],[131.360983,33.31584],[131.360183,33.315707],[131.359795,33.315707],[131.35938,33.315618],[131.358927,33.315247],[131.358508,33.314674],[131.357983,33.31404],[131.35707,33.313415],[131.35677,33.31314],[131.356083,33.312424],[131.355508,33.311524],[131.355221,33.310482],[131.354808,33.310107],[131.353983,33.309766],[131.352834,33.309449],[131.352559,33.309791],[131.352171,33.310557],[131.351596,33.31139],[131.351433,33.312315],[131.350996,33.31274],[131.350359,33.313574],[131.350009,33.313665],[131.349259,33.313532],[131.348359,33.313307],[131.347234,33.313332],[131.346459,33.313515],[131.345834,33.314665],[131.345659,33.314757],[131.345146,33.314707],[131.344622,33.314915],[131.344122,33.315207],[131.343522,33.315298],[131.342447,33.315273],[131.341072,33.315523],[131.339422,33.315615],[131.338847,33.315482],[131.338185,33.315507],[131.336835,33.315823],[131.335822,33.31614],[131.334723,33.31659],[131.333648,33.317173],[131.332723,33.317515],[131.332223,33.317631],[131.331535,33.318081],[131.33051,33.318633],[131.32961,33.319048],[131.328823,33.319389],[131.326923,33.320514],[131.326373,33.320631],[131.325508,33.320732],[131.324148,33.320989],[131.320711,33.321156],[131.319661,33.321339],[131.318586,33.321722],[131.317624,33.321947],[131.316837,33.32188],[131.316112,33.321905],[131.315237,33.322105],[131.314024,33.322464],[131.312737,33.322897],[131.312462,33.323097],[131.312325,33.324047],[131.312325,33.324538],[131.312,33.324813],[131.311175,33.324838],[131.310675,33.324905],[131.310075,33.325513],[131.309,33.326821],[131.308363,33.327471],[131.30815,33.328088],[131.307988,33.329862],[131.307988,33.330879],[131.308125,33.331662],[131.308075,33.331846],[131.307571,33.332364],[131.306938,33.333379],[131.306701,33.334262],[131.306226,33.334778],[131.305763,33.33552],[131.305538,33.335795],[131.304365,33.336378],[131.304001,33.33667],[131.303913,33.336786],[131.303614,33.336961],[131.303289,33.337103],[131.302951,33.337119],[131.302676,33.337053],[131.302539,33.337053],[131.302326,33.336986],[131.301689,33.336669],[131.300676,33.336161],[131.299851,33.335978],[131.299552,33.335886],[131.298977,33.335553],[131.298752,33.335503],[131.298039,33.335503],[131.297214,33.335436],[131.296602,33.335261],[131.296114,33.335353],[131.295477,33.335803],[131.29529,33.336002],[131.294577,33.336227],[131.293777,33.336236],[131.292977,33.336369],[131.292427,33.336369],[131.291515,33.336211],[131.29044,33.336236],[131.289565,33.336211],[131.288003,33.335786],[131.286865,33.335611],[131.28549,33.335494],[131.284253,33.335544],[131.283053,33.335436],[131.280766,33.335011],[131.280304,33.335052],[131.279166,33.334719],[131.278154,33.334852],[131.277466,33.335052],[131.276804,33.335435],[131.276504,33.335577],[131.275866,33.336094],[131.275454,33.336669],[131.274379,33.337685],[131.274029,33.338243],[131.273567,33.339235],[131.273196,33.339674],[131.272629,33.339935],[131.272054,33.340526],[131.271804,33.34086],[131.271692,33.341201],[131.271829,33.342126],[131.271779,33.342685],[131.271829,33.343476],[131.271779,33.343634],[131.271554,33.343993],[131.271167,33.344376],[131.270994,33.34462],[131.270679,33.345101],[131.270429,33.346317],[131.270154,33.346792],[131.269579,33.347534],[131.26878,33.348301],[131.268455,33.348642],[131.268286,33.348922],[131.26813,33.3492],[131.267878,33.349633],[131.267492,33.349767],[131.266967,33.349792],[131.266317,33.349967],[131.263705,33.351167],[131.263317,33.351392],[131.262718,33.351508],[131.26258,33.351642],[131.262445,33.351786],[131.262258,33.35191],[131.262055,33.351958],[131.261822,33.352123],[131.261643,33.352342],[131.261555,33.352433],[131.261093,33.352633],[131.260705,33.35295],[131.260543,33.353241],[131.260043,33.353583],[131.259906,33.353695],[131.259693,33.353875],[131.25928,33.354616],[131.259218,33.354775],[131.259255,33.355049],[131.25958,33.355541],[131.25963,33.355766],[131.25958,33.356083],[131.259493,33.356216],[131.259193,33.356283],[131.258268,33.356283],[131.257796,33.356193],[131.25758,33.356199],[131.25733,33.356241],[131.25713,33.356174],[131.25683,33.355991],[131.256621,33.356],[131.256505,33.356041],[131.256416,33.356153],[131.256393,33.356224],[131.256343,33.356241],[131.256305,33.356224],[131.255793,33.356266],[131.255406,33.356358],[131.254968,33.356624],[131.254606,33.356899],[131.253918,33.357124],[131.253593,33.357216],[131.253156,33.357416],[131.252818,33.357666],[131.252656,33.358007],[131.252406,33.35929],[131.251856,33.36019],[131.251718,33.360349],[131.251607,33.360459],[131.251393,33.360615],[131.251093,33.361049],[131.250756,33.361407],[131.250481,33.36159],[131.250268,33.361565],[131.250018,33.361432],[131.249631,33.361298],[131.249306,33.361232],[131.249031,33.361098],[131.248731,33.36089],[131.248481,33.360982],[131.248044,33.361657],[131.247819,33.361723],[131.247344,33.361698],[131.247019,33.36154],[131.246594,33.360998],[131.246006,33.36129],[131.245981,33.361465],[131.245819,33.361807],[131.245731,33.361873],[131.245244,33.361915],[131.244819,33.361782],[131.244519,33.361915],[131.244119,33.362298],[131.243481,33.362432],[131.242619,33.36249],[131.241994,33.362465],[131.241757,33.362356],[131.241682,33.361948],[131.241732,33.360982],[131.241707,33.360823],[131.241394,33.360373],[131.240857,33.35904],[131.240732,33.358274],[131.240732,33.357599],[131.240407,33.357124],[131.240032,33.356874],[131.238807,33.356824],[131.238432,33.356915],[131.237969,33.356932],[131.23722,33.356799],[131.236895,33.356774],[131.236282,33.356815],[131.236007,33.357399],[131.235395,33.357465],[131.234695,33.357349],[131.23432,33.357107],[131.234132,33.357032],[131.233595,33.357082],[131.233007,33.357032],[131.23177,33.356599],[131.231395,33.356215],[131.23132,33.35619],[131.230995,33.356549],[131.230508,33.356615],[131.22992,33.35664],[131.22947,33.35684],[131.229358,33.35704],[131.229295,33.357448],[131.22917,33.35774],[131.228708,33.357782],[131.228495,33.357898],[131.228358,33.35814],[131.22857,33.358957],[131.228458,33.359048],[131.227933,33.35904],[131.22777,33.359107],[131.227733,33.359157],[131.228133,33.359856],[131.228008,33.360081],[131.227658,33.360281],[131.226933,33.36044],[131.226745,33.360506],[131.226358,33.360748],[131.226333,33.361115],[131.226258,33.361473],[131.225908,33.361631],[131.225158,33.361423],[131.224783,33.361148],[131.224645,33.361131],[131.224345,33.361331],[131.224158,33.361423],[131.223808,33.361506],[131.223545,33.361306],[131.223658,33.361081],[131.22392,33.360881],[131.22397,33.36074],[131.223758,33.360648],[131.223383,33.360765],[131.223083,33.36099],[131.222446,33.361365],[131.222396,33.361348],[131.222046,33.360556],[131.221833,33.360556],[131.221346,33.36114],[131.221183,33.361231],[131.221021,33.36109],[131.220783,33.360798],[131.220733,33.360781],[131.220508,33.360773],[131.219733,33.360931],[131.219333,33.360906],[131.219071,33.36064],[131.218908,33.360523],[131.218846,33.360523],[131.218796,33.360948],[131.218708,33.361131],[131.218496,33.361106],[131.218183,33.360773],[131.217808,33.360456],[131.217671,33.360523],[131.217433,33.360831],[131.217271,33.360881],[131.216971,33.360723],[131.216621,33.360356],[131.216384,33.360248],[131.216084,33.360673],[131.215946,33.361164],[131.215709,33.361506],[131.215359,33.361681],[131.214871,33.361614],[131.214259,33.361364],[131.213834,33.360981],[131.213271,33.359873],[131.212984,33.359689],[131.212359,33.359673],[131.211871,33.359806],[131.211746,33.359914],[131.211471,33.360481],[131.211359,33.361198],[131.211121,33.361381],[131.210721,33.361398],[131.210321,33.361081],[131.210259,33.360764],[131.210559,33.359981],[131.210696,33.359256],[131.210571,33.358831],[131.210509,33.358781],[131.209896,33.359006],[131.209359,33.359364],[131.209059,33.359498],[131.207909,33.359564],[131.207422,33.359764],[131.207347,33.359764],[131.206672,33.359564],[131.206088,33.359237],[131.205784,33.358906],[131.205609,33.358723],[131.205497,33.358314],[131.205497,33.358139],[131.205634,33.357981],[131.205959,33.357848],[131.205984,33.357781],[131.205372,33.356715],[131.205397,33.35649],[131.205484,33.356381],[131.205509,33.355998],[131.205484,33.355615],[131.205184,33.35514],[131.204872,33.353873],[131.204734,33.35374],[131.204659,33.35374],[131.204285,33.353873],[131.203985,33.353715],[131.203885,33.353582],[131.203835,33.35299],[131.203722,33.35254],[131.203647,33.352473],[131.203085,33.35254],[131.202785,33.352498],[131.202272,33.352248],[131.202247,33.352023],[131.20236,33.351723],[131.202122,33.351298],[131.201772,33.35114],[131.201685,33.35114],[131.201072,33.350932],[131.20006,33.350682],[131.199872,33.350415],[131.199797,33.349849],[131.19936,33.349215],[131.19891,33.34879],[131.198398,33.34849],[131.198048,33.348449],[131.197485,33.348582],[131.196923,33.348532],[131.196573,33.348665],[131.196223,33.349115],[131.195985,33.349565],[131.195523,33.34974],[131.19501,33.350082],[131.194873,33.35044],[131.194635,33.350482],[131.19381,33.350373],[131.19311,33.350365],[131.192923,33.350432],[131.193023,33.350682],[131.192973,33.35104],[131.19256,33.351607],[131.192373,33.352148],[131.192585,33.352915],[131.192698,33.353615],[131.192585,33.354223],[131.192498,33.354265],[131.191985,33.354373],[131.191585,33.354598],[131.191185,33.355023],[131.191048,33.355073],[131.190435,33.355065],[131.190023,33.355131],[131.189923,33.355206],[131.189785,33.356173],[131.189573,33.356348],[131.18946,33.356348],[131.188873,33.356189],[131.188311,33.355914],[131.187661,33.355556],[131.186948,33.355373],[131.186436,33.355414],[131.185523,33.355998],[131.184812,33.356216],[131.184286,33.356239],[131.183286,33.356056],[131.182836,33.355723],[131.182461,33.355514],[131.182011,33.355423],[131.181761,33.355248],[131.181711,33.355131],[131.181686,33.354773],[131.181449,33.354523],[131.180824,33.354448],[131.180186,33.354431],[131.179486,33.354131],[131.178949,33.353948],[131.178824,33.354039],[131.178736,33.354531],[131.178811,33.355231],[131.178511,33.355998],[131.178374,33.356514],[131.177411,33.356872],[131.176974,33.357256],[131.176637,33.357281],[131.176199,33.357189],[131.175937,33.357189],[131.175687,33.357272],[131.175612,33.357547],[131.175637,33.357706],[131.176224,33.358264],[131.176362,33.358447],[131.176386,33.358789],[131.176136,33.35933],[131.175324,33.360297],[131.175274,33.361355],[131.175049,33.36198],[131.174862,33.362705],[131.174749,33.362905],[131.174137,33.36338],[131.173387,33.363822],[131.172874,33.364255],[131.172687,33.364563],[131.172787,33.36488],[131.173299,33.365113],[131.173887,33.365288],[131.173862,33.365605],[131.173349,33.365763],[131.172112,33.365738],[131.171224,33.366163],[131.170099,33.366971],[131.169899,33.367371],[131.169962,33.367846],[131.169899,33.368296],[131.169762,33.368429],[131.168712,33.369062],[131.168237,33.369529],[131.168037,33.369829],[131.1678,33.369962],[131.166591,33.369919],[131.16555,33.369954],[131.165087,33.369887],[131.164525,33.369179],[131.164212,33.368529],[131.16355,33.366771],[131.1635,33.366654],[131.163038,33.366338],[131.162313,33.366021],[131.161813,33.365729],[131.161438,33.365188],[131.160975,33.364621],[131.16085,33.364371],[131.160263,33.36383],[131.159888,33.363763],[131.159325,33.363738],[131.159138,33.363663],[131.158738,33.363438],[131.158363,33.363305],[131.157926,33.363238],[131.157413,33.363346],[131.156963,33.363571],[131.156238,33.363746],[131.155263,33.364238],[131.154788,33.364713],[131.154651,33.364896],[131.153576,33.365471],[131.153226,33.365904],[131.152976,33.366871],[131.152913,33.367454],[131.152238,33.368712],[131.151963,33.369529],[131.151376,33.37072],[131.151313,33.371278],[131.151263,33.371437],[131.151051,33.37162],[131.150264,33.371637],[131.149864,33.371837],[131.149301,33.372287],[131.148676,33.372695],[131.148114,33.372895],[131.147876,33.373161],[131.147651,33.37382],[131.147226,33.374536],[131.146951,33.374894],[131.146714,33.375303],[131.146676,33.375753],[131.146114,33.377302],[131.146001,33.377461],[131.146026,33.377711],[131.146264,33.378119],[131.146239,33.378452],[131.146101,33.378661],[131.142502,33.378802],[131.142164,33.378686],[131.141952,33.378327],[131.141914,33.378169],[131.141677,33.377677],[131.141464,33.377536],[131.141039,33.377586],[131.140314,33.377802],[131.139989,33.377961],[131.139877,33.378594],[131.139414,33.379427],[131.139364,33.380077],[131.139389,33.38051],[131.139277,33.380502],[131.138639,33.380235],[131.137864,33.379802],[131.137189,33.37951],[131.136839,33.379619],[131.136702,33.379735],[131.136052,33.38056],[131.135927,33.380677],[131.13574,33.380269],[131.13574,33.379594],[131.135665,33.378985],[131.135577,33.37876],[131.135177,33.378285],[131.13459,33.377852],[131.134065,33.377361],[131.133452,33.376161],[131.13329,33.375961],[131.133027,33.375502],[131.132965,33.375144],[131.132652,33.374944],[131.13249,33.374894],[131.131765,33.374377],[131.131528,33.374144],[131.13064,33.373561],[131.129928,33.372903],[131.12864,33.372294],[131.128478,33.371994],[131.12859,33.371661],[131.12869,33.371478],[131.129178,33.371011],[131.129928,33.370511],[131.130903,33.369795],[131.131015,33.369661],[131.131715,33.367503],[131.13194,33.367187],[131.132153,33.367028],[131.13234,33.366762],[131.132315,33.366487],[131.131965,33.36617],[131.131915,33.365879],[131.132028,33.365087],[131.131978,33.364845],[131.13179,33.36477],[131.131465,33.364795],[131.131065,33.365112],[131.13074,33.365512],[131.130578,33.365579],[131.130353,33.365787],[131.130003,33.366612],[131.129328,33.367895],[131.128978,33.368103],[131.127316,33.36857],[131.126878,33.368653],[131.126503,33.36877],[131.126103,33.36877],[131.125328,33.368853],[131.124703,33.368961],[131.123578,33.369461],[131.122829,33.369678],[131.121629,33.370086],[131.119929,33.370703],[131.119716,33.370728],[131.118741,33.370503],[131.116917,33.371144],[131.116054,33.371936],[131.115792,33.372094],[131.115361,33.372368],[131.115067,33.37281],[131.115117,33.373402],[131.115454,33.373719],[131.116804,33.374119],[131.117391,33.37441],[131.118504,33.375127],[131.118566,33.375552],[131.118379,33.375827],[131.117916,33.375869],[131.116866,33.375719],[131.116104,33.375785],[131.115892,33.375835],[131.115492,33.376152],[131.114879,33.376735],[131.114154,33.37701],[131.113104,33.377285],[131.112917,33.377377],[131.110392,33.378801],[131.108155,33.379935],[131.107617,33.380251],[131.107242,33.380751],[131.106905,33.381584],[131.106555,33.382176],[131.106067,33.382534],[131.105292,33.382826],[131.105017,33.382876],[131.104267,33.382876],[131.104005,33.383284],[131.103767,33.383959],[131.10328,33.384976],[131.102955,33.385226],[131.102555,33.385409],[131.10143,33.386784],[131.10093,33.387192],[131.100005,33.387625],[131.09883,33.388484],[131.098205,33.388534],[131.097317,33.388442],[131.095618,33.388359],[131.094618,33.38845],[131.09238,33.388434],[131.091443,33.388284],[131.090605,33.388334],[131.089068,33.388017],[131.088393,33.387775],[131.087306,33.387192],[131.086868,33.386717],[131.084981,33.386075],[131.084631,33.385867],[131.083656,33.385492],[131.082631,33.385017],[131.082031,33.384842],[131.081819,33.384934],[131.081369,33.385275],[131.080881,33.385525],[131.080719,33.3855],[131.080394,33.384959],[131.080169,33.384467],[131.080169,33.383792],[131.079194,33.383659],[131.077469,33.383734],[131.077232,33.383684],[131.076232,33.383167],[131.075932,33.383175],[131.07472,33.383742],[131.074346,33.383695],[131.07402,33.383559],[131.07397,33.383425],[131.073695,33.383334],[131.07307,33.383342],[131.072457,33.383225],[131.07192,33.3833],[131.071395,33.382759],[131.070945,33.382892],[131.070545,33.383234],[131.070245,33.38405],[131.068195,33.3836],[131.067333,33.383292],[131.06687,33.382842],[131.066383,33.382192],[131.06597,33.381492],[131.065508,33.380551],[131.064546,33.378117],[131.064083,33.377193],[131.063046,33.375751],[131.062883,33.375601],[131.062296,33.375243],[131.061883,33.374543],[131.061308,33.373826],[131.061171,33.373284],[131.060934,33.372943],[131.060421,33.372676],[131.060309,33.372476],[131.060471,33.37211],[131.060571,33.371976],[131.060514,33.371378],[131.060409,33.370468],[131.060398,33.370395],[131.060371,33.37031],[131.060271,33.370268],[131.060021,33.370243],[131.059671,33.368893],[131.059609,33.368285],[131.059496,33.367652],[131.059359,33.367252],[131.059196,33.367135],[131.058759,33.36671],[131.058321,33.365718],[131.057972,33.365452],[131.057759,33.365043],[131.057397,33.36421],[131.057209,33.363877],[131.057122,33.36331],[131.056822,33.36266],[131.056909,33.36221],[131.056959,33.362094],[131.056872,33.36176],[131.056759,33.361669],[131.056689,33.361453],[131.056721,33.361137],[131.056847,33.360969],[131.056409,33.360794],[131.056197,33.360752],[131.055034,33.360977],[131.05419,33.360961],[131.053422,33.361052],[131.052797,33.361077],[131.052397,33.360877],[131.052335,33.360785],[131.05191,33.36076],[131.051404,33.361021],[131.051347,33.360944],[131.051384,33.360872],[131.050885,33.36061],[131.050397,33.360585],[131.050022,33.360902],[131.04978,33.360789],[131.049647,33.360544],[131.04956,33.36041],[131.049285,33.360144],[131.048885,33.36021],[131.04846,33.360552],[131.04811,33.360552],[131.047735,33.360777],[131.047297,33.360752],[131.046947,33.360377],[131.046597,33.360285],[131.046199,33.360203],[131.045672,33.360244],[131.045197,33.360177],[131.045017,33.360192],[131.04481,33.360269],[131.044523,33.360585],[131.044123,33.360877],[131.04336,33.361085],[131.04226,33.360885],[131.040448,33.359719],[131.03991,33.359627],[131.039235,33.359744],[131.039048,33.359835],[131.03851,33.360018],[131.038098,33.36006],[131.037561,33.36031],[131.037373,33.360468],[131.036761,33.36061],[131.035923,33.36066],[131.034873,33.360593],[131.033548,33.360593],[131.032636,33.360535],[131.030936,33.359977],[131.029749,33.35951],[131.029261,33.359377],[131.027849,33.358835],[131.027711,33.358835],[131.026774,33.358685],[131.025449,33.358618],[131.025049,33.358668],[131.024624,33.359677],[131.024324,33.360202],[131.024062,33.36056],[131.023849,33.361126],[131.023749,33.361843],[131.023424,33.362593],[131.022949,33.363468],[131.022462,33.364168],[131.022199,33.364734],[131.021987,33.365393],[131.021912,33.366176],[131.021974,33.367168],[131.021924,33.367984],[131.021687,33.368659],[131.020987,33.369651],[131.020862,33.371209],[131.021074,33.371725],[131.020949,33.372334],[131.020599,33.372625],[131.020599,33.3731],[131.020146,33.373368],[131.019737,33.373233],[131.0195,33.373308],[131.018962,33.373575],[131.0181,33.373875],[131.017512,33.374258],[131.016887,33.374708],[131.0167,33.374775],[131.016162,33.374783],[131.0156,33.37485],[131.015,33.375075],[131.014437,33.375441],[131.013225,33.375891],[131.012775,33.376191],[131.012375,33.376733],[131.012237,33.377056],[131.012025,33.377426],[131.011725,33.377608],[131.011138,33.378108],[131.010175,33.380116],[131.009863,33.380524],[131.009838,33.381849],[131.0099,33.382999],[131.010038,33.383632],[131.010088,33.38374],[131.0105,33.384015],[131.010727,33.384127],[131.01115,33.384282],[131.0115,33.384215],[131.01185,33.383899],[131.01225,33.383915],[131.012788,33.383865],[131.012825,33.384274],[131.012713,33.384657],[131.011938,33.384732],[131.011875,33.38484],[131.012263,33.38574],[131.012125,33.386257],[131.011588,33.386798],[131.010763,33.38739],[131.01015,33.387998],[131.009175,33.388698],[131.008638,33.389065],[131.00849,33.38942],[131.008516,33.389807],[131.008563,33.38994],[131.00875,33.39039],[131.008788,33.391315],[131.008919,33.391897],[131.008875,33.392356],[131.00836,33.392952],[131.007726,33.393389],[131.007126,33.393506],[131.006401,33.393714],[131.005463,33.394256],[131.004488,33.394889],[131.003763,33.394981],[131.002738,33.395031],[131.001964,33.395214],[131.001264,33.395555],[131.000726,33.395964],[131.000139,33.396322],[130.99996,33.396514],[130.999726,33.39668],[130.999301,33.39693],[130.998714,33.39718],[130.998139,33.397272],[130.997636,33.397585],[130.997289,33.39773],[130.996114,33.39798],[130.995489,33.398163],[130.994377,33.398296],[130.993989,33.39848],[130.993727,33.398713],[130.993464,33.398888],[130.992952,33.399121],[130.992327,33.399305],[130.991689,33.39953],[130.991539,33.399613],[130.990964,33.400379],[130.990377,33.400896],[130.990252,33.401813],[130.990352,33.402379],[130.990377,33.402871],[130.990339,33.403029],[130.989939,33.403604],[130.989814,33.404029],[130.989602,33.404454],[130.988377,33.405987],[130.988052,33.406278],[130.987527,33.406578],[130.986915,33.40682],[130.98624,33.407045],[130.98569,33.407278],[130.985502,33.407428],[130.984615,33.408478],[130.984327,33.408995],[130.98404,33.410269],[130.983927,33.410428],[130.98364,33.410578],[130.981678,33.410694],[130.981215,33.410786],[130.981003,33.410936],[130.98049,33.411586],[130.98029,33.411703],[130.979803,33.411803],[130.978515,33.411711],[130.97749,33.411844],[130.97704,33.412111],[130.976465,33.412894],[130.976016,33.413427],[130.975766,33.414336],[130.975541,33.414877],[130.975341,33.415235],[130.974903,33.415802],[130.97468,33.416255],[130.974316,33.416502],[130.973041,33.416477],[130.972478,33.41656],[130.972141,33.416685],[130.972016,33.416785],[130.971678,33.41756],[130.970891,33.41811],[130.970528,33.41856],[130.970378,33.418977],[130.970391,33.419335],[130.970341,33.419393],[130.969466,33.419735],[130.969454,33.419851],[130.969779,33.420843],[130.969666,33.421001],[130.968991,33.42121],[130.968541,33.421185],[130.968329,33.421126],[130.967897,33.421216],[130.967541,33.421376],[130.966416,33.421901],[130.966129,33.422285],[130.965866,33.422734],[130.965704,33.423143],[130.965791,33.423751],[130.965812,33.424156],[130.965769,33.424544],[130.965616,33.424943],[130.965365,33.425344],[130.965229,33.425851],[130.965254,33.426076],[130.965554,33.426726],[130.965666,33.427359],[130.965604,33.427942],[130.965666,33.429042],[130.965489,33.429405],[130.965079,33.4297],[130.964798,33.429852],[130.964516,33.429909],[130.964091,33.429959],[130.963654,33.430159],[130.963366,33.430925],[130.963204,33.431067],[130.962592,33.431225],[130.961892,33.431142],[130.961267,33.430967],[130.960967,33.430634],[130.960404,33.430342],[130.960101,33.430243],[130.959715,33.430255],[130.959347,33.430332],[130.958931,33.43038],[130.958354,33.4304],[130.957767,33.430492],[130.957255,33.430725],[130.956805,33.431042],[130.95638,33.431175],[130.955642,33.431158],[130.95468,33.431058],[130.954355,33.43115],[130.954117,33.43155],[130.95383,33.4327],[130.95368,33.433],[130.953242,33.433025],[130.95273,33.432866],[130.951893,33.4324],[130.951193,33.432133],[130.950655,33.432183],[130.949955,33.432433],[130.949093,33.43285],[130.94838,33.433458],[130.94808,33.433758],[130.947818,33.433758],[130.947468,33.433808],[130.946905,33.433783],[130.946356,33.433699],[130.946168,33.433749],[130.945931,33.433991],[130.945881,33.434358],[130.945993,33.434758],[130.945918,33.434899],[130.945656,33.435099],[130.945143,33.436007],[130.944806,33.437224],[130.944981,33.437624],[130.945381,33.438074],[130.945693,33.438882],[130.945768,33.438999],[130.945993,33.43949],[130.946056,33.44019],[130.946168,33.440749],[130.946118,33.441174],[130.946068,33.441249],[130.945231,33.44154],[130.943706,33.441915],[130.943381,33.441965],[130.942606,33.442165],[130.942018,33.442582],[130.941968,33.442848],[130.941934,33.44345],[130.941818,33.443956],[130.941768,33.444356],[130.941793,33.444498],[130.942006,33.444765],[130.942306,33.445056],[130.942393,33.44519],[130.942532,33.445678],[130.942506,33.446023],[130.942331,33.446406],[130.940531,33.447023],[130.939968,33.447323],[130.939593,33.447639],[130.939193,33.448431],[130.938693,33.448947],[130.938044,33.449289],[130.937456,33.449656],[130.936644,33.450747],[130.936269,33.451489],[130.936131,33.45158],[130.936031,33.45158],[130.935056,33.451364],[130.934244,33.451297],[130.933544,33.451439],[130.932981,33.451647],[130.931856,33.45183],[130.930994,33.452022],[130.930756,33.452047],[130.929544,33.451989],[130.929356,33.45203],[130.928869,33.452238],[130.928769,33.452555],[130.928831,33.45318],[130.928731,33.453655],[130.928494,33.454105],[130.928356,33.454563],[130.927719,33.455371],[130.927694,33.45553],[130.927456,33.455913],[130.927331,33.456388],[130.927169,33.456771],[130.926269,33.457588],[130.926019,33.45773],[130.925294,33.45778],[130.924706,33.457621],[130.924194,33.457113],[130.923544,33.45698],[130.922919,33.45678],[130.922406,33.45658],[130.921819,33.456563],[130.921119,33.456613],[130.920406,33.456504],[130.919606,33.456329],[130.917869,33.455504],[130.917144,33.455263],[130.916144,33.455071],[130.915731,33.454846],[130.915294,33.453996],[130.914419,33.452921],[130.912569,33.451063],[130.911794,33.450755],[130.911219,33.45033],[130.910657,33.449996],[130.910219,33.449813],[130.909119,33.450205],[130.908907,33.450255],[130.908607,33.450121],[130.908494,33.449988],[130.908194,33.449738],[130.907844,33.449655],[130.907044,33.450063],[130.906557,33.450155],[130.906369,33.45013],[130.905782,33.449872],[130.905232,33.449447],[130.904745,33.44913],[130.903057,33.449255],[130.902245,33.449105],[130.90162,33.449105],[130.900957,33.449288],[130.900282,33.449297],[130.90017,33.449255],[130.90012,33.449572],[130.89952,33.450855],[130.899307,33.451213],[130.898957,33.451463],[130.898557,33.45163],[130.898045,33.451605],[130.897295,33.451505],[130.896508,33.451571],[130.895758,33.45178],[130.894258,33.452238],[130.893508,33.452338],[130.892908,33.452321],[130.892183,33.452413],[130.891833,33.452505],[130.890946,33.452605],[130.890221,33.452588],[130.889708,33.452363],[130.888433,33.451063],[130.888071,33.450797],[130.887696,33.450638],[130.886109,33.45088],[130.884659,33.451022],[130.883909,33.451047],[130.883021,33.451122],[130.882022,33.451155],[130.881509,33.451247],[130.881034,33.451563],[130.880709,33.451838],[130.880547,33.452063],[130.880447,33.452155],[130.880147,33.452022],[130.879659,33.451555],[130.879334,33.451347],[130.878772,33.451172],[130.878197,33.45113],[130.877572,33.450797],[130.876872,33.45038],[130.876547,33.450313],[130.876035,33.450313],[130.875172,33.450047],[130.874423,33.449963],[130.874098,33.449897],[130.873373,33.449855],[130.872645,33.44986],[130.872173,33.449738],[130.871935,33.449738],[130.871635,33.449922],[130.870935,33.45078],[130.87056,33.450847],[130.870185,33.450688],[130.869373,33.450438],[130.868723,33.450347],[130.868348,33.450388],[130.867648,33.450547],[130.866786,33.450788],[130.866273,33.45088],[130.864548,33.451055],[130.864336,33.45103],[130.863311,33.450555],[130.863199,33.45053],[130.862686,33.450238],[130.861961,33.45008],[130.861636,33.449897],[130.861524,33.449038],[130.861749,33.448064],[130.861824,33.44793],[130.861824,33.447614],[130.861124,33.446822],[130.860544,33.44703],[130.859724,33.44738],[130.858536,33.447947],[130.858162,33.448038],[130.857249,33.44778],[130.856974,33.447738],[130.856999,33.447264],[130.856387,33.446989],[130.855524,33.446922],[130.854249,33.447305],[130.853687,33.447372],[130.853224,33.447638],[130.853362,33.448313],[130.853299,33.448788],[130.852924,33.449263],[130.852874,33.449697],[130.852362,33.450305],[130.851662,33.450122],[130.850637,33.450188],[130.85055,33.450863],[130.850312,33.45143],[130.85025,33.452171],[130.84955,33.452938],[130.848687,33.453704],[130.848637,33.453846],[130.848637,33.454613],[130.84855,33.455129],[130.8482,33.455404],[130.847587,33.455988],[130.847125,33.456554],[130.846825,33.456821],[130.846337,33.457087],[130.84615,33.457562],[130.8462,33.458154],[130.84575,33.458829],[130.84555,33.459187],[130.84545,33.459237],[130.845012,33.459554],[130.844912,33.459754],[130.844712,33.460387],[130.844712,33.460587],[130.844587,33.46122],[130.844337,33.461762],[130.844312,33.462062],[130.844062,33.462645],[130.843587,33.462712],[130.842912,33.46287],[130.84245,33.463428],[130.841937,33.46422],[130.841775,33.464695],[130.841125,33.465053],[130.83985,33.465911],[130.838962,33.466295],[130.83845,33.466811],[130.836937,33.467869],[130.836162,33.468344],[130.836075,33.468503],[130.835887,33.469928],[130.835937,33.470719],[130.8361,33.471619],[130.8364,33.472344],[130.8368,33.472819],[130.8378,33.473727],[130.838225,33.473977],[130.8389,33.473977],[130.839437,33.473996],[130.839737,33.474027],[130.840406,33.474024],[130.841037,33.474119],[130.841674,33.47441],[130.842224,33.474502],[130.842624,33.474869],[130.842887,33.475027],[130.843624,33.475594],[130.844724,33.476544],[130.846149,33.477277],[130.847049,33.477818],[130.847661,33.47841],[130.847799,33.47906],[130.847711,33.479402],[130.847336,33.479785],[130.847224,33.48001],[130.847007,33.480384],[130.846911,33.480868],[130.846824,33.481026],[130.846549,33.481368],[130.846174,33.481593],[130.845774,33.48206],[130.845301,33.482382],[130.844724,33.482626],[130.843337,33.482918],[130.843262,33.483051],[130.843149,33.484159],[130.843262,33.484593],[130.842774,33.485534],[130.842312,33.485584],[130.841662,33.485559],[130.841124,33.485509],[130.840287,33.484651],[130.839799,33.484334],[130.839024,33.484284],[130.838399,33.484167],[130.837487,33.484326],[130.837024,33.484684],[130.836562,33.484934],[130.835487,33.485184],[130.834887,33.485542],[130.83465,33.486217],[130.834162,33.4864],[130.834087,33.486484],[130.834162,33.487009],[130.834,33.4873],[130.833837,33.487367],[130.833375,33.487009],[130.8327,33.486984],[130.832225,33.48725],[130.831812,33.487292],[130.831462,33.487592],[130.830138,33.487834],[130.829363,33.4881],[130.828875,33.488084],[130.828388,33.487742],[130.827688,33.487759],[130.827113,33.488192],[130.8265,33.48855],[130.825663,33.48855],[130.824938,33.488225],[130.824238,33.487775],[130.823699,33.487475],[130.823076,33.487409],[130.821676,33.4875],[130.820914,33.488042],[130.820701,33.488084],[130.820239,33.488284],[130.820101,33.488692],[130.819939,33.489367],[130.819564,33.489617],[130.819189,33.489642],[130.818939,33.4895],[130.818214,33.488933],[130.81768,33.488831],[130.817564,33.488842],[130.817325,33.489059],[130.817139,33.4895],[130.817351,33.490267],[130.817314,33.4909],[130.816864,33.491483],[130.816376,33.49205],[130.815289,33.49225],[130.814652,33.492883],[130.814377,33.492975],[130.814027,33.493175],[130.814639,33.494149],[130.814614,33.494691],[130.814827,33.495258],[130.815289,33.495866],[130.815314,33.496391],[130.814589,33.497016],[130.813877,33.497132],[130.813752,33.497241],[130.813477,33.497607],[130.813202,33.497832],[130.813152,33.498374],[130.812777,33.498982],[130.812339,33.499141],[130.812227,33.499207],[130.812227,33.499615],[130.811827,33.500199],[130.810689,33.502182],[130.810552,33.502773],[130.810577,33.503157],[130.810552,33.503307],[130.810577,33.503773],[130.810402,33.504223],[130.810402,33.504431],[130.810564,33.50479],[130.810314,33.506706],[130.810302,33.507623],[130.810327,33.507806],[130.810514,33.507989],[130.810839,33.508206],[130.810902,33.508298],[130.810677,33.508523],[130.810177,33.508864],[130.810152,33.509206],[130.810364,33.509656],[130.809777,33.510156],[130.809377,33.510556],[130.80899,33.511056],[130.808952,33.511189],[130.808502,33.511531],[130.807802,33.511672],[130.806377,33.511772],[130.805215,33.511531],[130.804497,33.511792],[130.80424,33.512914],[130.804215,33.514172],[130.80374,33.514897],[130.803615,33.515255],[130.804103,33.515864],[130.804328,33.516405],[130.804215,33.516855],[130.803978,33.517122],[130.803653,33.517397],[130.803765,33.51773],[130.804178,33.518113],[130.80439,33.518563],[130.80449,33.519505],[130.804353,33.519805],[130.80419,33.519897],[130.803815,33.52028],[130.803828,33.520705],[130.804015,33.521155],[130.804116,33.521729],[130.804028,33.522238],[130.804251,33.523144],[130.804265,33.524105],[130.804403,33.524738],[130.804678,33.525296],[130.804815,33.525771],[130.80469,33.526288],[130.804802,33.527071],[130.805215,33.528379],[130.805465,33.528713],[130.805602,33.528988],[130.805765,33.529521],[130.805765,33.529638],[130.805827,33.529729],[130.80599,33.530854],[130.80629,33.531096],[130.806427,33.531296],[130.806377,33.531371],[130.80579,33.531779],[130.805302,33.531937],[130.805152,33.532521],[130.805077,33.533271],[130.805102,33.533787],[130.80544,33.534121],[130.806002,33.534571],[130.806302,33.534862],[130.806465,33.535287],[130.806527,33.535962],[130.806727,33.536587],[130.806702,33.536837],[130.806615,33.536929],[130.806052,33.537179],[130.805415,33.537387],[130.804365,33.537979],[130.80364,33.538662],[130.803465,33.53927],[130.803502,33.540012],[130.80339,33.540645],[130.80324,33.54107],[130.803127,33.541228],[130.803115,33.541953],[130.803277,33.542553],[130.803665,33.543345],[130.803665,33.543745],[130.803452,33.543995],[130.80324,33.544695],[130.802615,33.546186],[130.802515,33.546611],[130.802627,33.547136],[130.802602,33.547269],[130.80204,33.547628],[130.80134,33.548178],[130.800615,33.548853],[130.800265,33.548903],[130.79984,33.549511],[130.799765,33.549694],[130.799365,33.550011],[130.79914,33.550036],[130.798502,33.550177],[130.79804,33.550494],[130.797777,33.550969],[130.797652,33.551977],[130.797415,33.552277],[130.797227,33.552835],[130.796915,33.553044],[130.79664,33.553094],[130.796027,33.553344],[130.795627,33.553885],[130.795527,33.55436],[130.795115,33.554702],[130.794077,33.555135],[130.79399,33.555202],[130.792865,33.555968],[130.792165,33.556085],[130.791883,33.556148],[130.791628,33.556343],[130.79159,33.558301],[130.791627,33.558568],[130.792315,33.560185],[130.792315,33.560368],[130.791915,33.560976],[130.791627,33.56136],[130.790927,33.561593],[130.790715,33.561934],[130.790152,33.561934],[130.789664,33.562149],[130.789365,33.562476],[130.789127,33.562726],[130.788915,33.562793],[130.788752,33.563184],[130.78904,33.564234],[130.789015,33.564759],[130.788777,33.565226],[130.788052,33.565842],[130.78784,33.566226],[130.78739,33.566367],[130.786828,33.566842],[130.78599,33.567342],[130.785579,33.567706],[130.785378,33.567975],[130.785215,33.5682],[130.785003,33.568292],[130.78444,33.568317],[130.783765,33.568275],[130.78349,33.568234],[130.782815,33.568192],[130.781415,33.5682],[130.78074,33.568158],[130.780091,33.56755],[130.779741,33.56735],[130.779391,33.567267],[130.779016,33.567783],[130.778966,33.568667],[130.778591,33.568733],[130.777428,33.568675],[130.776791,33.568792],[130.776491,33.569175],[130.776353,33.569267],[130.775816,33.569308],[130.775066,33.569566],[130.774453,33.569908],[130.773653,33.570475],[130.772841,33.570883],[130.772416,33.571225],[130.772254,33.571583],[130.772254,33.571675],[130.772416,33.571783],[130.773666,33.572],[130.774178,33.571975],[130.774391,33.572066],[130.775966,33.573249],[130.776378,33.573724],[130.776753,33.574324],[130.776003,33.574533],[130.775516,33.574766],[130.775253,33.575149],[130.774916,33.576432],[130.774653,33.577832],[130.774203,33.577949],[130.773691,33.577949],[130.773578,33.577699],[130.773466,33.577274],[130.773216,33.576799],[130.772791,33.576441],[130.772191,33.576157],[130.771954,33.576212],[130.771753,33.576341],[130.771441,33.576766],[130.771091,33.577107],[130.770641,33.577424],[130.770378,33.578149],[130.769978,33.578982],[130.769766,33.579182],[130.769441,33.579365],[130.768579,33.579574],[130.767179,33.579782],[130.766916,33.57999],[130.766804,33.580149],[130.765279,33.581373],[130.764316,33.582215],[130.764216,33.58239],[130.764029,33.583065],[130.764004,33.583881],[130.763969,33.584118],[130.763904,33.584281],[130.763479,33.584581],[130.762804,33.585531],[130.762066,33.586323],[130.761979,33.586589],[130.762066,33.586631],[130.762091,33.586689],[130.762029,33.586773],[130.761979,33.587048],[130.762004,33.587339],[130.761954,33.587564],[130.762004,33.587764],[130.762704,33.588489],[130.763054,33.589272],[130.763341,33.589614],[130.763891,33.589931],[130.764341,33.590356],[130.764529,33.590581],[130.764741,33.590964],[130.765016,33.591839],[130.765228,33.591981],[130.765578,33.591847],[130.765853,33.591689],[130.766166,33.591939],[130.766628,33.591889],[130.767253,33.592164],[130.767653,33.592189],[130.768303,33.592347],[130.768516,33.591897],[130.768566,33.591922],[130.768916,33.592481],[130.769378,33.592956],[130.769803,33.593472],[130.770016,33.594122],[130.770266,33.594555],[130.770753,33.59458],[130.771416,33.594805],[130.771741,33.594764],[130.772366,33.59483],[130.773015,33.595189],[130.77409,33.595639],[130.77449,33.59578],[130.775053,33.595822],[130.775115,33.595889],[130.774353,33.596114],[130.773465,33.596655],[130.77314,33.596814],[130.77309,33.596897],[130.773053,33.597238],[130.772953,33.597438],[130.772815,33.59753],[130.772515,33.597822],[130.772353,33.598155],[130.772053,33.59903],[130.772303,33.599055],[130.773003,33.598988],[130.77319,33.599013],[130.77359,33.599463],[130.773865,33.599713],[130.77429,33.59978],[130.77459,33.59978],[130.77494,33.600205],[130.775178,33.600438],[130.77534,33.600971],[130.774965,33.601221],[130.774878,33.601538],[130.775203,33.601896],[130.775628,33.602663],[130.775581,33.602876],[130.77539,33.603088],[130.774903,33.603855],[130.77479,33.604121],[130.774978,33.604529],[130.77484,33.604771],[130.774628,33.604929],[130.774515,33.605488],[130.774628,33.605804],[130.775078,33.606371],[130.775752,33.606663],[130.776102,33.606913],[130.776102,33.607113],[130.775865,33.607496],[130.775477,33.607879],[130.775078,33.608079],[130.77529,33.608487],[130.775427,33.609004],[130.77534,33.609387],[130.775102,33.609629],[130.774378,33.609696],[130.77419,33.609804],[130.773965,33.61017],[130.773828,33.610304],[130.77354,33.61037],[130.773103,33.61037],[130.77264,33.61032],[130.77229,33.610504],[130.77184,33.610862],[130.771453,33.611104],[130.771428,33.611195],[130.771728,33.611979],[130.77159,33.61212],[130.771128,33.612453],[130.770665,33.612587],[130.770265,33.612653],[130.76989,33.612428],[130.76924,33.61227],[130.768978,33.612245],[130.768403,33.612045],[130.768028,33.611703],[130.767415,33.611495],[130.766065,33.611162],[130.76549,33.61152],[130.765065,33.611695],[130.764628,33.611828],[130.764415,33.612028],[130.76414,33.612412],[130.763928,33.612612],[130.763628,33.614078],[130.763553,33.614236],[130.763165,33.614345],[130.76279,33.614545],[130.76249,33.614995],[130.762278,33.61542],[130.761815,33.615895],[130.76154,33.616361],[130.761515,33.616494],[130.761703,33.616836],[130.761753,33.617219],[130.761353,33.618003],[130.761003,33.618228],[130.76079,33.618294],[130.75984,33.618361],[130.759403,33.618453],[130.75924,33.618852],[130.759215,33.619886],[130.759265,33.620269],[130.75929,33.621752],[130.759178,33.622069],[130.75889,33.62236],[130.75859,33.622585],[130.75799,33.623169],[130.757728,33.623619],[130.757315,33.624585],[130.75704,33.624852],[130.756853,33.625252],[130.756553,33.625702],[130.756178,33.625977],[130.755341,33.626893],[130.755178,33.627276],[130.755041,33.627835],[130.754766,33.628418],[130.754303,33.62896],[130.753903,33.629293],[130.753066,33.629718],[130.752666,33.630059],[130.752041,33.630484],[130.751553,33.630884],[130.751366,33.630993],[130.750691,33.631243],[130.750553,33.631334],[130.750466,33.631718],[130.750491,33.632184],[130.750628,33.632659],[130.750741,33.633509],[130.750891,33.634409],[130.751191,33.635359],[130.751103,33.635626],[130.750804,33.636167],[130.750729,33.636434],[130.750641,33.63655],[130.749991,33.63715],[130.749754,33.637717],[130.749479,33.638117],[130.749129,33.638459],[130.748641,33.63875],[130.748154,33.638967],[130.747866,33.639217],[130.747829,33.6398],[130.747941,33.64025],[130.748041,33.640367],[130.748479,33.640592],[130.748966,33.640775],[130.749341,33.64095],[130.749441,33.641042],[130.749741,33.641542],[130.749794,33.641737],[130.749879,33.642125],[130.749979,33.642366],[130.750841,33.642866],[130.751329,33.643291],[130.751754,33.644108],[130.751754,33.644283],[130.751591,33.645316],[130.751566,33.646058],[130.751616,33.646241],[130.752041,33.647141],[130.752266,33.647416],[130.752366,33.647483],[130.752641,33.648224],[130.752641,33.648332],[130.752441,33.648607],[130.752629,33.648966],[130.752978,33.649032],[130.753491,33.649057],[130.753653,33.649416],[130.753866,33.650049],[130.754216,33.650116],[130.754766,33.650274],[130.755028,33.650391],[130.755353,33.650024],[130.755628,33.650007],[130.756216,33.650207],[130.756866,33.650191],[130.757266,33.650324],[130.757353,33.650391],[130.757353,33.650441],[130.757591,33.650749],[130.757866,33.651274],[130.758103,33.651407],[130.75829,33.651382],[130.758828,33.651524],[130.759203,33.651749],[130.759553,33.652149],[130.759965,33.652757],[130.760628,33.653615],[130.760737,33.653938],[130.760628,33.654265],[130.760278,33.654423],[130.759953,33.655007],[130.75979,33.65539],[130.759653,33.655865],[130.759253,33.65624],[130.759053,33.656556],[130.758703,33.656806],[130.75849,33.656915],[130.758253,33.657181],[130.758865,33.657615],[130.758915,33.657998],[130.758728,33.658356],[130.758428,33.658714],[130.75819,33.659164],[130.758165,33.659589],[130.75789,33.659948],[130.758103,33.660331],[130.758215,33.660756],[130.757915,33.661414],[130.757715,33.662014],[130.757365,33.662422],[130.757103,33.662756],[130.75704,33.663006],[130.757178,33.663497],[130.757153,33.663747],[130.75664,33.663997],[130.756503,33.664039],[130.756153,33.664239],[130.755803,33.664531],[130.755316,33.664847],[130.754928,33.665022],[130.754203,33.665222],[130.754153,33.665339],[130.754066,33.665672],[130.753928,33.665964],[130.753641,33.666414],[130.753503,33.666772],[130.753503,33.667047],[130.753653,33.667272],[130.753816,33.667606],[130.753816,33.667789],[130.753391,33.668572],[130.753328,33.669289],[130.753053,33.669805],[130.752928,33.669955],[130.753203,33.671747],[130.75284,33.672647],[130.752128,33.673138],[130.751316,33.673605],[130.751116,33.674105],[130.751316,33.674805],[130.752016,33.675422],[130.752165,33.675872],[130.752078,33.67603],[130.752228,33.676963],[130.75234,33.677122],[130.75279,33.677597],[130.752753,33.678055],[130.752178,33.67868],[130.752015,33.679196],[130.752165,33.679988],[130.75194,33.680646],[130.75214,33.681188],[130.752415,33.681396],[130.753103,33.682263],[130.753928,33.683171],[130.754615,33.684038],[130.755303,33.685246],[130.755215,33.685579],[130.75464,33.685846],[130.754065,33.686179],[130.753865,33.686921],[130.754015,33.688012],[130.753953,33.688304],[130.752628,33.688946],[130.751728,33.689454],[130.751766,33.690137],[130.752003,33.690587],[130.751941,33.690812],[130.751478,33.691287],[130.751166,33.692528],[130.751028,33.692662],[130.750453,33.692928],[130.750341,33.693553],[130.750091,33.693962],[130.750103,33.694395],[130.749641,33.694678],[130.749641,33.695203],[130.749391,33.695428],[130.749091,33.69587],[130.748654,33.696053],[130.748104,33.696203],[130.747854,33.696653],[130.747879,33.697261],[130.748029,33.698103],[130.747904,33.698753],[130.747866,33.699544],[130.74765,33.699857],[130.747567,33.699853],[130.747442,33.699894],[130.747379,33.699869],[130.747329,33.699736],[130.747054,33.699603],[130.746629,33.699536],[130.746217,33.699694],[130.745767,33.700569],[130.745604,33.700778],[130.745554,33.700778],[130.745142,33.700686],[130.744554,33.700736],[130.744392,33.700844],[130.744292,33.701227],[130.743879,33.701702],[130.744029,33.702419],[130.744329,33.702794],[130.744592,33.703044],[130.744954,33.703511],[130.745742,33.703602],[130.745817,33.703686],[130.745954,33.703977],[130.746067,33.704044],[130.746879,33.704427],[130.747179,33.704777],[130.747042,33.705119],[130.746992,33.705769],[130.746917,33.70586],[130.746679,33.706285],[130.746629,33.70671],[130.746588,33.706993],[130.746516,33.707294],[130.746466,33.707477],[130.746454,33.708435],[130.746591,33.709135],[130.746841,33.709443],[130.747454,33.709668],[130.747649,33.709848],[130.748191,33.710351],[130.748703,33.710543],[130.749128,33.710793],[130.749241,33.711001],[130.749091,33.711585],[130.749053,33.712418],[130.749503,33.713076],[130.749391,33.713509],[130.749003,33.714251],[130.748591,33.714876],[130.748078,33.716001],[130.748965,33.716484],[130.749803,33.717109],[130.75009,33.717292],[130.750903,33.717484],[130.752627,33.717517],[130.75414,33.71765],[130.755652,33.718025],[130.756564,33.718442],[130.756864,33.718517],[130.757502,33.71875],[130.758277,33.719184],[130.758502,33.719275],[130.758827,33.719167],[130.759502,33.719217],[130.760651,33.719459],[130.761189,33.7198],[130.761676,33.720059],[130.762715,33.719982],[130.763276,33.72005],[130.763976,33.720259],[130.764476,33.720717],[130.764713,33.720875],[130.764988,33.7209],[130.765851,33.721067],[130.766663,33.72115],[130.766901,33.721125],[130.767663,33.7212],[130.7685,33.721325],[130.7688,33.721308],[130.769438,33.721333],[130.770063,33.721592],[130.770975,33.721733],[130.772025,33.7222],[130.772462,33.722317],[130.773312,33.722642],[130.773987,33.723058],[130.774437,33.723625],[130.774437,33.723825],[130.774237,33.724458],[130.773937,33.725],[130.774062,33.725275],[130.774975,33.725525],[130.776274,33.72595],[130.777074,33.726091],[130.777749,33.726258],[130.778312,33.727033],[130.778899,33.72745],[130.779837,33.727708],[130.781461,33.72765],[130.782336,33.727525],[130.782899,33.727916],[130.783986,33.72915],[130.784136,33.729533],[130.784261,33.73035],[130.784311,33.731116],[130.783949,33.731433],[130.783999,33.731524],[130.784699,33.731824],[130.785073,33.732283],[130.785411,33.733033],[130.785536,33.733757],[130.785673,33.734182],[130.785748,33.734274],[130.786186,33.734166],[130.786423,33.734057],[130.787273,33.733799],[130.787836,33.733891],[130.788386,33.734732],[130.788648,33.735391],[130.788723,33.736432],[130.788648,33.737357],[130.788673,33.737632],[130.788548,33.73919],[130.788723,33.739623],[130.789398,33.739923],[130.789798,33.740015],[130.790798,33.740115],[130.791448,33.740332],[130.791969,33.740544],[130.792423,33.740657],[130.793123,33.74064],[130.79336,33.74069],[130.79396,33.740715],[130.79461,33.740365],[130.795273,33.73989],[130.795972,33.739474],[130.796272,33.73934],[130.797447,33.739015],[130.797572,33.739057],[130.798622,33.739857],[130.799585,33.740349],[130.800422,33.740807],[130.802272,33.741599],[130.803034,33.741582],[130.803334,33.741649],[130.803784,33.741949],[130.803909,33.742265],[130.803747,33.742449],[130.803659,33.742674],[130.803497,33.74344],[130.803984,33.74469],[130.803984,33.74539],[130.803859,33.745998],[130.803884,33.746156],[130.804359,33.746881],[130.804684,33.747248],[130.805272,33.747756],[130.805484,33.748273],[130.805084,33.749331],[130.804672,33.749848],[130.803747,33.750248],[130.802284,33.750756],[130.802247,33.751048],[130.802622,33.751573],[130.802797,33.751981],[130.803034,33.753114],[130.803034,33.753281],[130.803009,33.753414],[130.802847,33.753589],[130.802584,33.754106],[130.802234,33.754539],[130.801822,33.75528],[130.801797,33.755347],[130.801934,33.756497],[130.801909,33.756855],[130.801947,33.756972],[130.801834,33.757355],[130.801697,33.757555],[130.801697,33.757697],[130.802134,33.758572],[130.802246,33.758822],[130.802271,33.759113],[130.802146,33.759738],[130.802471,33.760255],[130.802521,33.760555],[130.802471,33.760755],[130.801859,33.761138],[130.801771,33.761296],[130.801648,33.761627],[130.801584,33.761796],[130.801509,33.762063],[130.801484,33.762513],[130.801109,33.762871],[130.800884,33.763054],[130.800597,33.763238],[130.800484,33.763396],[130.800084,33.764679],[130.799297,33.765021],[130.799434,33.765288],[130.799497,33.765354],[130.799872,33.765629],[130.800709,33.766054],[130.800959,33.766296],[130.801096,33.766546],[130.800884,33.767879],[130.800859,33.768279],[130.801109,33.768754],[130.801371,33.769162],[130.801459,33.769404],[130.802084,33.770054],[130.802384,33.770579],[130.802459,33.771004],[130.802471,33.771545],[130.802571,33.77177],[130.802734,33.771995],[130.802846,33.772303],[130.802821,33.772537],[130.802746,33.772712],[130.802771,33.772987],[130.802746,33.773228],[130.802509,33.773862],[130.802284,33.773845],[130.801934,33.773778],[130.801471,33.773728],[130.801146,33.773595],[130.800659,33.773262],[130.800584,33.77317],[130.800309,33.773078],[130.800096,33.773303],[130.800121,33.773978],[130.800209,33.774361],[130.800184,33.774703],[130.799859,33.775603],[130.799834,33.775811],[130.799734,33.77612],[130.799621,33.776728],[130.799571,33.776978],[130.799742,33.777096],[130.800309,33.777403],[130.800409,33.777678],[130.800409,33.778011],[130.800521,33.778169],[130.800821,33.778286],[130.801009,33.778503],[130.801096,33.778686],[130.801046,33.779111],[130.801096,33.779361],[130.801346,33.779769],[130.800721,33.780261],[130.800621,33.780494],[130.800534,33.781236],[130.800434,33.781502],[130.800159,33.781794],[130.800059,33.782069],[130.800034,33.782452],[130.800059,33.782586],[130.800246,33.782969],[130.800271,33.78326],[130.800171,33.783619],[130.799521,33.784885],[130.799259,33.78581],[130.799508,33.786893],[130.799646,33.787118],[130.799808,33.787202],[130.799883,33.78736],[130.799921,33.787835],[130.800083,33.788827],[130.800246,33.789185],[130.800658,33.789743],[130.800733,33.789968],[130.800658,33.790176],[130.800383,33.790443],[130.800046,33.790943],[130.800071,33.79101],[130.800308,33.79126],[130.800608,33.791435],[130.800908,33.791551],[130.801371,33.792018],[130.801671,33.792135],[130.801996,33.792401],[130.802071,33.79256],[130.801946,33.792718],[130.801583,33.792785],[130.801321,33.792901],[130.800858,33.793418],[130.800371,33.793759],[130.800596,33.794209],[130.800921,33.795468],[130.800933,33.795892],[130.800846,33.796642],[130.800933,33.796976],[130.80107,33.797317],[130.801095,33.797742],[130.80102,33.798101],[130.80102,33.798617],[130.801183,33.799184],[130.801683,33.8004],[130.802083,33.801092],[130.802708,33.802042],[130.80277,33.8024],[130.80282,33.802509],[130.803445,33.802958],[130.804145,33.803225],[130.804282,33.803342],[130.80442,33.803633],[130.804507,33.80485],[130.804295,33.806383],[130.80317,33.808525],[130.802932,33.808883],[130.802257,33.809383],[130.801932,33.809699],[130.801695,33.810241],[130.801882,33.811141],[130.80157,33.811591],[130.801532,33.811774],[130.801757,33.812132],[130.801945,33.812357],[130.80187,33.812624],[130.801895,33.812874],[130.802195,33.813166],[130.802682,33.813416],[130.803007,33.813724],[130.803057,33.813866],[130.803607,33.814224],[130.803695,33.815057],[130.803795,33.815165],[130.803957,33.815457],[130.803807,33.815957],[130.804094,33.816249],[130.804507,33.816515],[130.804669,33.816699],[130.804669,33.816874],[130.804594,33.81699],[130.804532,33.81724],[130.804569,33.817323],[130.804832,33.817615],[130.805919,33.818132],[130.806382,33.818223],[130.806894,33.818265],[130.807269,33.818515],[130.807657,33.81889],[130.808357,33.819023],[130.808469,33.819098],[130.808732,33.819365],[130.808906,33.81984],[130.809094,33.820065],[130.809331,33.820265],[130.809494,33.820598],[130.809581,33.821031],[130.809531,33.821431],[130.809394,33.821723],[130.809231,33.821973],[130.808431,33.822631],[130.807969,33.822748],[130.807806,33.822856],[130.808031,33.823964],[130.808219,33.824114],[130.808569,33.824114],[130.809569,33.824048],[130.809944,33.824131],[130.810331,33.824406],[130.810594,33.824723],[130.810844,33.824806],[130.811706,33.824964],[130.811844,33.825056],[130.811981,33.825281],[130.812219,33.825523],[130.812768,33.825789],[130.813206,33.826064],[130.813956,33.826664],[130.814718,33.827406],[130.814881,33.827497],[130.815231,33.827456],[130.815743,33.827472],[130.816268,33.827606],[130.81783,33.828164],[130.818243,33.828364],[130.818668,33.828497],[130.818993,33.828481],[130.81938,33.828339],[130.819943,33.827772],[130.820293,33.827548],[130.820618,33.827506],[130.821105,33.827589],[130.821293,33.827548],[130.821668,33.827323],[130.82283,33.826731],[130.82293,33.826706],[130.823205,33.826681],[130.823992,33.826706],[130.82458,33.826614],[130.824905,33.826589],[130.825255,33.826748],[130.82548,33.827198],[130.82613,33.827914],[130.826317,33.828256],[130.826217,33.828614],[130.826142,33.829089],[130.826355,33.829489],[130.82673,33.829647],[130.827542,33.829847],[130.828005,33.830022],[130.828304,33.830272],[130.828654,33.830747],[130.828817,33.831214],[130.828717,33.831514],[130.828829,33.832414],[130.829154,33.833039],[130.829542,33.833447],[130.830492,33.834139],[130.830917,33.834255],[130.831454,33.834314],[130.832054,33.834472],[130.832304,33.834722],[130.832604,33.835305],[130.833091,33.836088],[130.833504,33.836497],[130.834354,33.836955],[130.835191,33.83743],[130.835866,33.837788],[130.836241,33.83803],[130.836654,33.838238],[130.837278,33.838455],[130.838216,33.838547],[130.838241,33.838563],[130.838466,33.838588],[130.838866,33.83868],[130.839516,33.838897],[130.839942,33.838989],[130.840191,33.839055],[130.84052,33.839221],[130.840754,33.839419],[130.840953,33.839797],[130.841045,33.840266],[130.841141,33.840721],[130.841141,33.840859],[130.841203,33.841038],[130.841691,33.841555],[130.841791,33.841755],[130.842178,33.842946],[130.842153,33.843155],[130.841515,33.843788],[130.841191,33.844346],[130.840978,33.844846],[130.840341,33.845796],[130.840016,33.846312],[130.839966,33.846496],[130.84019,33.847421],[130.84014,33.848162],[130.840065,33.848571],[130.840115,33.849487],[130.83994,33.849962],[130.83964,33.850462],[130.839728,33.850845],[130.840103,33.851045],[130.840428,33.851137],[130.840778,33.851362],[130.84094,33.851695],[130.84119,33.852662],[130.841253,33.853095],[130.841449,33.853466],[130.84174,33.85372],[130.842415,33.85367],[130.842715,33.853695],[130.842893,33.853774],[130.84314,33.85392],[130.84349,33.854145],[130.843765,33.85437],[130.84444,33.85482],[130.84474,33.854887],[130.844765,33.85527],[130.844715,33.855578],[130.844827,33.856078],[130.845015,33.85617],[130.846015,33.856436],[130.846427,33.856678],[130.846715,33.85702],[130.846865,33.85722],[130.847077,33.857328],[130.847628,33.857345],[130.84794,33.85787],[130.848127,33.85812],[130.848264,33.858203],[130.848939,33.858336],[130.849214,33.858453],[130.849377,33.859553],[130.849327,33.859695],[130.849164,33.859853],[130.848489,33.860328],[130.848089,33.860661],[130.847389,33.860978],[130.847152,33.861228],[130.846589,33.862402],[130.846439,33.863169],[130.846165,33.863327],[130.846068,33.863632],[130.846014,33.863919],[130.846089,33.864611],[130.846064,33.864727],[130.845802,33.865044],[130.845727,33.86536],[130.845777,33.865694],[130.845939,33.86601],[130.846561,33.866732],[130.846727,33.867027],[130.846627,33.867294],[130.846577,33.867652],[130.846414,33.86806],[130.846014,33.868693],[130.846064,33.869118],[130.846264,33.869277],[130.846613,33.869486],[130.846964,33.869681],[130.847372,33.869909],[130.847681,33.870117],[130.848052,33.870377],[130.847839,33.870693],[130.847589,33.870943],[130.847427,33.870943],[130.846614,33.870768],[130.846139,33.87056],[130.845127,33.870002],[130.844702,33.869552],[130.844314,33.869085],[130.844077,33.868952],[130.84389,33.868968],[130.843565,33.869085],[130.84314,33.86931],[130.84284,33.869585],[130.842602,33.869743],[130.84219,33.869902],[130.842327,33.870193],[130.842552,33.870443],[130.843115,33.870801],[130.843602,33.870976],[130.844089,33.871043],[130.844327,33.871176],[130.844364,33.871376],[130.844252,33.871693],[130.844289,33.872076],[130.844502,33.872368],[130.844389,33.872551],[130.843939,33.872376],[130.843777,33.872443],[130.843589,33.872801],[130.843352,33.873276],[130.843164,33.873459],[130.842939,33.873568],[130.840627,33.874168],[130.840465,33.874234],[130.840552,33.874326],[130.84069,33.874709],[130.840665,33.874909],[130.84069,33.875068],[130.840877,33.875384],[130.841015,33.875718],[130.841102,33.876326],[130.841027,33.876892],[130.841052,33.877434],[130.841164,33.877742],[130.841327,33.878042],[130.841548,33.878005],[130.841951,33.877952],[130.842139,33.877942],[130.842252,33.878417],[130.842314,33.879367],[130.842827,33.883983],[130.842639,33.884233],[130.842589,33.884458],[130.842789,33.886008],[130.842839,33.886733],[130.843151,33.887925],[130.843314,33.8884],[130.843314,33.888491],[130.843526,33.889024],[130.843826,33.889408],[130.844689,33.889791],[130.844989,33.890199],[130.845164,33.890558],[130.845376,33.891391],[130.845401,33.891524],[130.846364,33.893457],[130.846663,33.893957],[130.846713,33.893974],[130.846876,33.893932],[130.846876,33.894024],[130.847063,33.894199],[130.847563,33.895074],[130.847776,33.895216],[130.848126,33.895391],[130.849151,33.895682],[130.849476,33.895749],[130.849701,33.895841],[130.850026,33.896066],[130.850288,33.896357],[130.850426,33.896599],[130.850451,33.896782],[130.850301,33.89719],[130.849551,33.89829],[130.849176,33.898765],[130.848938,33.899307],[130.849076,33.900123],[130.849163,33.900365],[130.849326,33.900482],[130.849651,33.90064],[130.849888,33.900798],[130.850001,33.900907],[130.850138,33.901673],[130.850251,33.902306],[130.850451,33.903223],[130.850688,33.903948],[130.850863,33.904823],[130.850913,33.905073],[130.851326,33.905006],[130.851513,33.905856],[130.852326,33.905456],[130.8525,33.904348],[130.853275,33.903965],[130.856963,33.906681],[130.854775,33.908731],[130.856263,33.909406],[130.8562,33.909523],[130.856313,33.909606],[130.856388,33.909498],[130.856588,33.909673],[130.857338,33.910081],[130.862475,33.912314],[130.8628,33.912406],[130.863612,33.912789],[130.863837,33.912856],[130.8653,33.910573],[130.867274,33.911356],[130.865962,33.913414],[130.871887,33.915939],[130.872626,33.915405],[130.879311,33.90939],[130.876011,33.907981],[130.877061,33.906232],[130.878273,33.90674],[130.878548,33.906532],[130.880711,33.907523],[130.880786,33.90744],[130.881336,33.907682],[130.884048,33.905332],[130.872634,33.90007],[130.871162,33.899374],[130.867037,33.90074],[130.866137,33.899674],[130.865962,33.899474],[130.865887,33.899407],[130.865749,33.899232],[130.865574,33.899024],[130.865412,33.898799],[130.865212,33.898524],[130.865025,33.898266],[130.864812,33.897974],[130.86455,33.897632],[130.8643,33.897316],[130.864012,33.896932],[130.863687,33.896524],[130.863487,33.896257],[130.863347,33.896114],[130.863237,33.895982],[130.8633,33.895899],[130.863562,33.895782],[130.863631,33.895704],[130.863675,33.895649],[130.863862,33.895624],[130.864,33.895624],[130.864275,33.895633],[130.864412,33.895624],[130.8647,33.895641],[130.864812,33.895708],[130.864975,33.895866],[130.8651,33.896041],[130.865212,33.896216],[130.865262,33.896274],[130.865425,33.896207],[130.865562,33.896157],[130.865762,33.896057],[130.865849,33.896024],[130.865937,33.896124],[130.866074,33.896274],[130.866149,33.896391],[130.866012,33.896532],[130.865824,33.896607],[130.865662,33.896691],[130.865712,33.896782],[130.865787,33.896857],[130.865899,33.897024],[130.865999,33.897132],[130.866049,33.897199],[130.866124,33.897291],[130.866199,33.897407],[130.866299,33.897566],[130.866449,33.897757],[130.866537,33.897899],[130.866637,33.898024],[130.866812,33.898249],[130.866912,33.898341],[130.866987,33.898391],[130.867074,33.898449],[130.867187,33.898516],[130.867324,33.898549],[130.867412,33.898549],[130.867562,33.898466],[130.867699,33.898399],[130.868012,33.898249],[130.868287,33.898066],[130.868499,33.897966],[130.868887,33.897757],[130.869049,33.897641],[130.869299,33.897491],[130.869599,33.897291],[130.869799,33.897174],[130.870149,33.896999],[130.870412,33.896866],[130.870574,33.896758],[130.870862,33.896608],[130.871162,33.896441],[130.871424,33.896283],[130.871724,33.896133],[130.872049,33.895958],[130.872324,33.895833],[130.872399,33.895783],[130.872634,33.895654],[130.874636,33.895599],[130.873611,33.897183],[130.876236,33.898416],[130.878661,33.899407],[130.879048,33.899107],[130.880648,33.900291],[130.887635,33.902124],[130.893172,33.897325],[130.893197,33.8962],[130.88406,33.896091],[130.883923,33.896025],[130.883423,33.8956],[130.883261,33.895508],[130.882811,33.895108],[130.882111,33.894608],[130.881136,33.8938],[130.880486,33.8933],[130.879745,33.892206],[130.879473,33.891917],[130.879211,33.8918],[130.878848,33.8916],[130.878561,33.891375],[130.878286,33.891108],[130.878036,33.89075],[130.877736,33.890158],[130.877499,33.8895],[130.880948,33.890175],[130.881498,33.892],[130.88591,33.892075],[130.88596,33.892258],[130.887673,33.892383],[130.887698,33.892492],[130.888148,33.892517],[130.8883,33.892352],[130.889348,33.893192],[130.89251,33.893242],[130.89126,33.8921],[130.89001,33.892108],[130.88781,33.8886],[130.887835,33.888467],[130.888398,33.887809],[130.888373,33.887676],[130.88921,33.887626],[130.88921,33.887826],[130.89181,33.887801],[130.893635,33.890792],[130.893872,33.890725],[130.89456,33.8918],[130.894397,33.891867],[130.894422,33.891959],[130.894524,33.892098],[130.894635,33.892225],[130.898197,33.892267],[130.898772,33.893234],[130.900647,33.894175],[130.902534,33.894167],[130.901847,33.891734],[130.899984,33.891775],[130.899247,33.890725],[130.901009,33.890767],[130.901684,33.891084],[130.902684,33.891476],[130.903771,33.892092],[130.904659,33.892425],[130.905146,33.892509],[130.905621,33.894292],[130.915045,33.895875],[130.917008,33.896192],[130.919882,33.898242],[130.920545,33.897584],[130.92172,33.898342],[130.920995,33.899158],[130.92202,33.899875],[130.922157,33.9],[130.923432,33.900908],[130.923944,33.901225],[130.924682,33.901808],[130.925082,33.902041],[130.925982,33.902775]]],"type":"Polygon"},"properties":{"id":"K65","pref":"大分県,福岡県","yomi":"ぶぜん","id_url":"K65.html","name":"豊前","number":8}}]}